[2025-10-06T05:52:54.733+0000] {processor.py:186} INFO - Started process (PID=70) to work on /home/airflow/.local/lib/python3.12/site-packages/airflow/example_dags/example_kubernetes_executor.py
[2025-10-06T05:52:54.752+0000] {processor.py:914} INFO - Processing file /home/airflow/.local/lib/python3.12/site-packages/airflow/example_dags/example_kubernetes_executor.py for tasks to queue
[2025-10-06T05:52:54.775+0000] {logging_mixin.py:190} INFO - [2025-10-06T05:52:54.773+0000] {dagbag.py:588} INFO - Filling up the DagBag from /home/airflow/.local/lib/python3.12/site-packages/airflow/example_dags/example_kubernetes_executor.py
[2025-10-06T05:52:55.027+0000] {processor.py:925} INFO - DAG(s) 'example_kubernetes_executor' retrieved from /home/airflow/.local/lib/python3.12/site-packages/airflow/example_dags/example_kubernetes_executor.py
[2025-10-06T05:52:55.500+0000] {logging_mixin.py:190} INFO - [2025-10-06T05:52:55.498+0000] {dag.py:3239} INFO - Sync 1 DAGs
[2025-10-06T05:52:55.819+0000] {logging_mixin.py:190} INFO - [2025-10-06T05:52:55.817+0000] {dag.py:4180} INFO - Setting next_dagrun for example_kubernetes_executor to None, run_after=None
[2025-10-06T05:52:56.017+0000] {processor.py:208} INFO - Processing /home/airflow/.local/lib/python3.12/site-packages/airflow/example_dags/example_kubernetes_executor.py took 1.335 seconds
[2025-10-06T05:54:04.834+0000] {processor.py:186} INFO - Started process (PID=139) to work on /home/airflow/.local/lib/python3.12/site-packages/airflow/example_dags/example_kubernetes_executor.py
[2025-10-06T05:54:04.838+0000] {processor.py:914} INFO - Processing file /home/airflow/.local/lib/python3.12/site-packages/airflow/example_dags/example_kubernetes_executor.py for tasks to queue
[2025-10-06T05:54:04.845+0000] {logging_mixin.py:190} INFO - [2025-10-06T05:54:04.844+0000] {dagbag.py:588} INFO - Filling up the DagBag from /home/airflow/.local/lib/python3.12/site-packages/airflow/example_dags/example_kubernetes_executor.py
[2025-10-06T05:54:04.934+0000] {processor.py:925} INFO - DAG(s) 'example_kubernetes_executor' retrieved from /home/airflow/.local/lib/python3.12/site-packages/airflow/example_dags/example_kubernetes_executor.py
[2025-10-06T05:54:05.034+0000] {logging_mixin.py:190} INFO - [2025-10-06T05:54:05.033+0000] {dag.py:3239} INFO - Sync 1 DAGs
[2025-10-06T05:54:05.079+0000] {logging_mixin.py:190} INFO - [2025-10-06T05:54:05.079+0000] {dag.py:4180} INFO - Setting next_dagrun for example_kubernetes_executor to None, run_after=None
[2025-10-06T05:54:05.128+0000] {processor.py:208} INFO - Processing /home/airflow/.local/lib/python3.12/site-packages/airflow/example_dags/example_kubernetes_executor.py took 0.311 seconds
[2025-10-06T05:54:35.765+0000] {processor.py:186} INFO - Started process (PID=202) to work on /home/airflow/.local/lib/python3.12/site-packages/airflow/example_dags/example_kubernetes_executor.py
[2025-10-06T05:54:35.768+0000] {processor.py:914} INFO - Processing file /home/airflow/.local/lib/python3.12/site-packages/airflow/example_dags/example_kubernetes_executor.py for tasks to queue
[2025-10-06T05:54:35.775+0000] {logging_mixin.py:190} INFO - [2025-10-06T05:54:35.774+0000] {dagbag.py:588} INFO - Filling up the DagBag from /home/airflow/.local/lib/python3.12/site-packages/airflow/example_dags/example_kubernetes_executor.py
[2025-10-06T05:54:35.829+0000] {processor.py:925} INFO - DAG(s) 'example_kubernetes_executor' retrieved from /home/airflow/.local/lib/python3.12/site-packages/airflow/example_dags/example_kubernetes_executor.py
[2025-10-06T05:54:35.917+0000] {logging_mixin.py:190} INFO - [2025-10-06T05:54:35.917+0000] {dag.py:3239} INFO - Sync 1 DAGs
[2025-10-06T05:54:35.966+0000] {logging_mixin.py:190} INFO - [2025-10-06T05:54:35.965+0000] {dag.py:4180} INFO - Setting next_dagrun for example_kubernetes_executor to None, run_after=None
[2025-10-06T05:54:36.017+0000] {processor.py:208} INFO - Processing /home/airflow/.local/lib/python3.12/site-packages/airflow/example_dags/example_kubernetes_executor.py took 0.274 seconds
[2025-10-06T05:55:06.479+0000] {processor.py:186} INFO - Started process (PID=263) to work on /home/airflow/.local/lib/python3.12/site-packages/airflow/example_dags/example_kubernetes_executor.py
[2025-10-06T05:55:06.482+0000] {processor.py:914} INFO - Processing file /home/airflow/.local/lib/python3.12/site-packages/airflow/example_dags/example_kubernetes_executor.py for tasks to queue
[2025-10-06T05:55:06.491+0000] {logging_mixin.py:190} INFO - [2025-10-06T05:55:06.489+0000] {dagbag.py:588} INFO - Filling up the DagBag from /home/airflow/.local/lib/python3.12/site-packages/airflow/example_dags/example_kubernetes_executor.py
[2025-10-06T05:55:06.531+0000] {processor.py:925} INFO - DAG(s) 'example_kubernetes_executor' retrieved from /home/airflow/.local/lib/python3.12/site-packages/airflow/example_dags/example_kubernetes_executor.py
[2025-10-06T05:55:06.606+0000] {logging_mixin.py:190} INFO - [2025-10-06T05:55:06.605+0000] {dag.py:3239} INFO - Sync 1 DAGs
[2025-10-06T05:55:06.646+0000] {logging_mixin.py:190} INFO - [2025-10-06T05:55:06.646+0000] {dag.py:4180} INFO - Setting next_dagrun for example_kubernetes_executor to None, run_after=None
[2025-10-06T05:55:06.697+0000] {processor.py:208} INFO - Processing /home/airflow/.local/lib/python3.12/site-packages/airflow/example_dags/example_kubernetes_executor.py took 0.255 seconds
[2025-10-06T05:55:36.971+0000] {processor.py:186} INFO - Started process (PID=326) to work on /home/airflow/.local/lib/python3.12/site-packages/airflow/example_dags/example_kubernetes_executor.py
[2025-10-06T05:55:36.978+0000] {processor.py:914} INFO - Processing file /home/airflow/.local/lib/python3.12/site-packages/airflow/example_dags/example_kubernetes_executor.py for tasks to queue
[2025-10-06T05:55:36.995+0000] {logging_mixin.py:190} INFO - [2025-10-06T05:55:36.993+0000] {dagbag.py:588} INFO - Filling up the DagBag from /home/airflow/.local/lib/python3.12/site-packages/airflow/example_dags/example_kubernetes_executor.py
[2025-10-06T05:55:37.128+0000] {processor.py:925} INFO - DAG(s) 'example_kubernetes_executor' retrieved from /home/airflow/.local/lib/python3.12/site-packages/airflow/example_dags/example_kubernetes_executor.py
[2025-10-06T05:55:37.385+0000] {logging_mixin.py:190} INFO - [2025-10-06T05:55:37.385+0000] {dag.py:3239} INFO - Sync 1 DAGs
[2025-10-06T05:55:37.431+0000] {logging_mixin.py:190} INFO - [2025-10-06T05:55:37.431+0000] {dag.py:4180} INFO - Setting next_dagrun for example_kubernetes_executor to None, run_after=None
[2025-10-06T05:55:37.487+0000] {processor.py:208} INFO - Processing /home/airflow/.local/lib/python3.12/site-packages/airflow/example_dags/example_kubernetes_executor.py took 0.554 seconds
[2025-10-06T05:56:07.639+0000] {processor.py:186} INFO - Started process (PID=389) to work on /home/airflow/.local/lib/python3.12/site-packages/airflow/example_dags/example_kubernetes_executor.py
[2025-10-06T05:56:07.642+0000] {processor.py:914} INFO - Processing file /home/airflow/.local/lib/python3.12/site-packages/airflow/example_dags/example_kubernetes_executor.py for tasks to queue
[2025-10-06T05:56:07.651+0000] {logging_mixin.py:190} INFO - [2025-10-06T05:56:07.649+0000] {dagbag.py:588} INFO - Filling up the DagBag from /home/airflow/.local/lib/python3.12/site-packages/airflow/example_dags/example_kubernetes_executor.py
[2025-10-06T05:56:07.706+0000] {processor.py:925} INFO - DAG(s) 'example_kubernetes_executor' retrieved from /home/airflow/.local/lib/python3.12/site-packages/airflow/example_dags/example_kubernetes_executor.py
[2025-10-06T05:56:07.803+0000] {logging_mixin.py:190} INFO - [2025-10-06T05:56:07.802+0000] {dag.py:3239} INFO - Sync 1 DAGs
[2025-10-06T05:56:07.835+0000] {logging_mixin.py:190} INFO - [2025-10-06T05:56:07.835+0000] {dag.py:4180} INFO - Setting next_dagrun for example_kubernetes_executor to None, run_after=None
[2025-10-06T05:56:07.879+0000] {processor.py:208} INFO - Processing /home/airflow/.local/lib/python3.12/site-packages/airflow/example_dags/example_kubernetes_executor.py took 0.259 seconds
[2025-10-06T05:56:38.649+0000] {processor.py:186} INFO - Started process (PID=452) to work on /home/airflow/.local/lib/python3.12/site-packages/airflow/example_dags/example_kubernetes_executor.py
[2025-10-06T05:56:38.652+0000] {processor.py:914} INFO - Processing file /home/airflow/.local/lib/python3.12/site-packages/airflow/example_dags/example_kubernetes_executor.py for tasks to queue
[2025-10-06T05:56:38.660+0000] {logging_mixin.py:190} INFO - [2025-10-06T05:56:38.659+0000] {dagbag.py:588} INFO - Filling up the DagBag from /home/airflow/.local/lib/python3.12/site-packages/airflow/example_dags/example_kubernetes_executor.py
[2025-10-06T05:56:38.729+0000] {processor.py:925} INFO - DAG(s) 'example_kubernetes_executor' retrieved from /home/airflow/.local/lib/python3.12/site-packages/airflow/example_dags/example_kubernetes_executor.py
[2025-10-06T05:56:38.828+0000] {logging_mixin.py:190} INFO - [2025-10-06T05:56:38.828+0000] {dag.py:3239} INFO - Sync 1 DAGs
[2025-10-06T05:56:38.868+0000] {logging_mixin.py:190} INFO - [2025-10-06T05:56:38.868+0000] {dag.py:4180} INFO - Setting next_dagrun for example_kubernetes_executor to None, run_after=None
[2025-10-06T05:56:38.914+0000] {processor.py:208} INFO - Processing /home/airflow/.local/lib/python3.12/site-packages/airflow/example_dags/example_kubernetes_executor.py took 0.278 seconds
[2025-10-06T05:57:09.797+0000] {processor.py:186} INFO - Started process (PID=516) to work on /home/airflow/.local/lib/python3.12/site-packages/airflow/example_dags/example_kubernetes_executor.py
[2025-10-06T05:57:09.801+0000] {processor.py:914} INFO - Processing file /home/airflow/.local/lib/python3.12/site-packages/airflow/example_dags/example_kubernetes_executor.py for tasks to queue
[2025-10-06T05:57:09.809+0000] {logging_mixin.py:190} INFO - [2025-10-06T05:57:09.808+0000] {dagbag.py:588} INFO - Filling up the DagBag from /home/airflow/.local/lib/python3.12/site-packages/airflow/example_dags/example_kubernetes_executor.py
[2025-10-06T05:57:09.865+0000] {processor.py:925} INFO - DAG(s) 'example_kubernetes_executor' retrieved from /home/airflow/.local/lib/python3.12/site-packages/airflow/example_dags/example_kubernetes_executor.py
[2025-10-06T05:57:10.005+0000] {logging_mixin.py:190} INFO - [2025-10-06T05:57:10.004+0000] {dag.py:3239} INFO - Sync 1 DAGs
[2025-10-06T05:57:10.070+0000] {logging_mixin.py:190} INFO - [2025-10-06T05:57:10.069+0000] {dag.py:4180} INFO - Setting next_dagrun for example_kubernetes_executor to None, run_after=None
[2025-10-06T05:57:10.138+0000] {processor.py:208} INFO - Processing /home/airflow/.local/lib/python3.12/site-packages/airflow/example_dags/example_kubernetes_executor.py took 0.356 seconds
[2025-10-06T05:57:40.464+0000] {processor.py:186} INFO - Started process (PID=579) to work on /home/airflow/.local/lib/python3.12/site-packages/airflow/example_dags/example_kubernetes_executor.py
[2025-10-06T05:57:40.471+0000] {processor.py:914} INFO - Processing file /home/airflow/.local/lib/python3.12/site-packages/airflow/example_dags/example_kubernetes_executor.py for tasks to queue
[2025-10-06T05:57:40.489+0000] {logging_mixin.py:190} INFO - [2025-10-06T05:57:40.484+0000] {dagbag.py:588} INFO - Filling up the DagBag from /home/airflow/.local/lib/python3.12/site-packages/airflow/example_dags/example_kubernetes_executor.py
[2025-10-06T05:57:40.566+0000] {processor.py:925} INFO - DAG(s) 'example_kubernetes_executor' retrieved from /home/airflow/.local/lib/python3.12/site-packages/airflow/example_dags/example_kubernetes_executor.py
[2025-10-06T05:57:40.709+0000] {logging_mixin.py:190} INFO - [2025-10-06T05:57:40.708+0000] {dag.py:3239} INFO - Sync 1 DAGs
[2025-10-06T05:57:40.787+0000] {logging_mixin.py:190} INFO - [2025-10-06T05:57:40.786+0000] {dag.py:4180} INFO - Setting next_dagrun for example_kubernetes_executor to None, run_after=None
[2025-10-06T05:57:40.850+0000] {processor.py:208} INFO - Processing /home/airflow/.local/lib/python3.12/site-packages/airflow/example_dags/example_kubernetes_executor.py took 0.417 seconds
[2025-10-06T05:58:12.692+0000] {processor.py:186} INFO - Started process (PID=643) to work on /home/airflow/.local/lib/python3.12/site-packages/airflow/example_dags/example_kubernetes_executor.py
[2025-10-06T05:58:12.697+0000] {processor.py:914} INFO - Processing file /home/airflow/.local/lib/python3.12/site-packages/airflow/example_dags/example_kubernetes_executor.py for tasks to queue
[2025-10-06T05:58:12.707+0000] {logging_mixin.py:190} INFO - [2025-10-06T05:58:12.706+0000] {dagbag.py:588} INFO - Filling up the DagBag from /home/airflow/.local/lib/python3.12/site-packages/airflow/example_dags/example_kubernetes_executor.py
[2025-10-06T05:58:12.786+0000] {processor.py:925} INFO - DAG(s) 'example_kubernetes_executor' retrieved from /home/airflow/.local/lib/python3.12/site-packages/airflow/example_dags/example_kubernetes_executor.py
[2025-10-06T05:58:12.950+0000] {logging_mixin.py:190} INFO - [2025-10-06T05:58:12.950+0000] {dag.py:3239} INFO - Sync 1 DAGs
[2025-10-06T05:58:13.222+0000] {logging_mixin.py:190} INFO - [2025-10-06T05:58:13.221+0000] {dag.py:4180} INFO - Setting next_dagrun for example_kubernetes_executor to None, run_after=None
[2025-10-06T05:58:13.369+0000] {processor.py:208} INFO - Processing /home/airflow/.local/lib/python3.12/site-packages/airflow/example_dags/example_kubernetes_executor.py took 0.701 seconds
[2025-10-06T05:58:43.841+0000] {processor.py:186} INFO - Started process (PID=706) to work on /home/airflow/.local/lib/python3.12/site-packages/airflow/example_dags/example_kubernetes_executor.py
[2025-10-06T05:58:43.844+0000] {processor.py:914} INFO - Processing file /home/airflow/.local/lib/python3.12/site-packages/airflow/example_dags/example_kubernetes_executor.py for tasks to queue
[2025-10-06T05:58:43.851+0000] {logging_mixin.py:190} INFO - [2025-10-06T05:58:43.850+0000] {dagbag.py:588} INFO - Filling up the DagBag from /home/airflow/.local/lib/python3.12/site-packages/airflow/example_dags/example_kubernetes_executor.py
[2025-10-06T05:58:43.901+0000] {processor.py:925} INFO - DAG(s) 'example_kubernetes_executor' retrieved from /home/airflow/.local/lib/python3.12/site-packages/airflow/example_dags/example_kubernetes_executor.py
[2025-10-06T05:58:44.012+0000] {logging_mixin.py:190} INFO - [2025-10-06T05:58:44.012+0000] {dag.py:3239} INFO - Sync 1 DAGs
[2025-10-06T05:58:44.071+0000] {logging_mixin.py:190} INFO - [2025-10-06T05:58:44.070+0000] {dag.py:4180} INFO - Setting next_dagrun for example_kubernetes_executor to None, run_after=None
[2025-10-06T05:58:44.142+0000] {processor.py:208} INFO - Processing /home/airflow/.local/lib/python3.12/site-packages/airflow/example_dags/example_kubernetes_executor.py took 0.320 seconds
[2025-10-06T05:59:14.720+0000] {processor.py:186} INFO - Started process (PID=769) to work on /home/airflow/.local/lib/python3.12/site-packages/airflow/example_dags/example_kubernetes_executor.py
[2025-10-06T05:59:14.726+0000] {processor.py:914} INFO - Processing file /home/airflow/.local/lib/python3.12/site-packages/airflow/example_dags/example_kubernetes_executor.py for tasks to queue
[2025-10-06T05:59:14.741+0000] {logging_mixin.py:190} INFO - [2025-10-06T05:59:14.739+0000] {dagbag.py:588} INFO - Filling up the DagBag from /home/airflow/.local/lib/python3.12/site-packages/airflow/example_dags/example_kubernetes_executor.py
[2025-10-06T05:59:14.813+0000] {processor.py:925} INFO - DAG(s) 'example_kubernetes_executor' retrieved from /home/airflow/.local/lib/python3.12/site-packages/airflow/example_dags/example_kubernetes_executor.py
[2025-10-06T05:59:14.899+0000] {logging_mixin.py:190} INFO - [2025-10-06T05:59:14.898+0000] {dag.py:3239} INFO - Sync 1 DAGs
[2025-10-06T05:59:14.942+0000] {logging_mixin.py:190} INFO - [2025-10-06T05:59:14.941+0000] {dag.py:4180} INFO - Setting next_dagrun for example_kubernetes_executor to None, run_after=None
[2025-10-06T05:59:14.987+0000] {processor.py:208} INFO - Processing /home/airflow/.local/lib/python3.12/site-packages/airflow/example_dags/example_kubernetes_executor.py took 0.304 seconds
[2025-10-06T05:59:45.238+0000] {processor.py:186} INFO - Started process (PID=832) to work on /home/airflow/.local/lib/python3.12/site-packages/airflow/example_dags/example_kubernetes_executor.py
[2025-10-06T05:59:45.241+0000] {processor.py:914} INFO - Processing file /home/airflow/.local/lib/python3.12/site-packages/airflow/example_dags/example_kubernetes_executor.py for tasks to queue
[2025-10-06T05:59:45.250+0000] {logging_mixin.py:190} INFO - [2025-10-06T05:59:45.249+0000] {dagbag.py:588} INFO - Filling up the DagBag from /home/airflow/.local/lib/python3.12/site-packages/airflow/example_dags/example_kubernetes_executor.py
[2025-10-06T05:59:45.310+0000] {processor.py:925} INFO - DAG(s) 'example_kubernetes_executor' retrieved from /home/airflow/.local/lib/python3.12/site-packages/airflow/example_dags/example_kubernetes_executor.py
[2025-10-06T05:59:45.407+0000] {logging_mixin.py:190} INFO - [2025-10-06T05:59:45.406+0000] {dag.py:3239} INFO - Sync 1 DAGs
[2025-10-06T05:59:45.447+0000] {logging_mixin.py:190} INFO - [2025-10-06T05:59:45.447+0000] {dag.py:4180} INFO - Setting next_dagrun for example_kubernetes_executor to None, run_after=None
[2025-10-06T05:59:45.498+0000] {processor.py:208} INFO - Processing /home/airflow/.local/lib/python3.12/site-packages/airflow/example_dags/example_kubernetes_executor.py took 0.288 seconds
[2025-10-06T06:00:19.829+0000] {processor.py:186} INFO - Started process (PID=882) to work on /home/airflow/.local/lib/python3.12/site-packages/airflow/example_dags/example_kubernetes_executor.py
[2025-10-06T06:00:19.832+0000] {processor.py:914} INFO - Processing file /home/airflow/.local/lib/python3.12/site-packages/airflow/example_dags/example_kubernetes_executor.py for tasks to queue
[2025-10-06T06:00:19.839+0000] {logging_mixin.py:190} INFO - [2025-10-06T06:00:19.838+0000] {dagbag.py:588} INFO - Filling up the DagBag from /home/airflow/.local/lib/python3.12/site-packages/airflow/example_dags/example_kubernetes_executor.py
[2025-10-06T06:00:19.894+0000] {processor.py:925} INFO - DAG(s) 'example_kubernetes_executor' retrieved from /home/airflow/.local/lib/python3.12/site-packages/airflow/example_dags/example_kubernetes_executor.py
[2025-10-06T06:00:20.003+0000] {logging_mixin.py:190} INFO - [2025-10-06T06:00:20.003+0000] {dag.py:3239} INFO - Sync 1 DAGs
[2025-10-06T06:00:20.038+0000] {logging_mixin.py:190} INFO - [2025-10-06T06:00:20.038+0000] {dag.py:4180} INFO - Setting next_dagrun for example_kubernetes_executor to None, run_after=None
[2025-10-06T06:00:20.085+0000] {processor.py:208} INFO - Processing /home/airflow/.local/lib/python3.12/site-packages/airflow/example_dags/example_kubernetes_executor.py took 0.275 seconds
[2025-10-06T06:00:52.326+0000] {processor.py:186} INFO - Started process (PID=944) to work on /home/airflow/.local/lib/python3.12/site-packages/airflow/example_dags/example_kubernetes_executor.py
[2025-10-06T06:00:52.329+0000] {processor.py:914} INFO - Processing file /home/airflow/.local/lib/python3.12/site-packages/airflow/example_dags/example_kubernetes_executor.py for tasks to queue
[2025-10-06T06:00:52.336+0000] {logging_mixin.py:190} INFO - [2025-10-06T06:00:52.335+0000] {dagbag.py:588} INFO - Filling up the DagBag from /home/airflow/.local/lib/python3.12/site-packages/airflow/example_dags/example_kubernetes_executor.py
[2025-10-06T06:00:52.370+0000] {processor.py:925} INFO - DAG(s) 'example_kubernetes_executor' retrieved from /home/airflow/.local/lib/python3.12/site-packages/airflow/example_dags/example_kubernetes_executor.py
[2025-10-06T06:00:52.480+0000] {logging_mixin.py:190} INFO - [2025-10-06T06:00:52.480+0000] {dag.py:3239} INFO - Sync 1 DAGs
[2025-10-06T06:00:52.527+0000] {logging_mixin.py:190} INFO - [2025-10-06T06:00:52.527+0000] {dag.py:4180} INFO - Setting next_dagrun for example_kubernetes_executor to None, run_after=None
[2025-10-06T06:00:52.588+0000] {processor.py:208} INFO - Processing /home/airflow/.local/lib/python3.12/site-packages/airflow/example_dags/example_kubernetes_executor.py took 0.275 seconds
[2025-10-06T06:01:23.414+0000] {processor.py:186} INFO - Started process (PID=1006) to work on /home/airflow/.local/lib/python3.12/site-packages/airflow/example_dags/example_kubernetes_executor.py
[2025-10-06T06:01:23.419+0000] {processor.py:914} INFO - Processing file /home/airflow/.local/lib/python3.12/site-packages/airflow/example_dags/example_kubernetes_executor.py for tasks to queue
[2025-10-06T06:01:23.430+0000] {logging_mixin.py:190} INFO - [2025-10-06T06:01:23.429+0000] {dagbag.py:588} INFO - Filling up the DagBag from /home/airflow/.local/lib/python3.12/site-packages/airflow/example_dags/example_kubernetes_executor.py
[2025-10-06T06:01:23.494+0000] {processor.py:925} INFO - DAG(s) 'example_kubernetes_executor' retrieved from /home/airflow/.local/lib/python3.12/site-packages/airflow/example_dags/example_kubernetes_executor.py
[2025-10-06T06:01:23.611+0000] {logging_mixin.py:190} INFO - [2025-10-06T06:01:23.610+0000] {dag.py:3239} INFO - Sync 1 DAGs
[2025-10-06T06:01:23.673+0000] {logging_mixin.py:190} INFO - [2025-10-06T06:01:23.672+0000] {dag.py:4180} INFO - Setting next_dagrun for example_kubernetes_executor to None, run_after=None
[2025-10-06T06:01:23.752+0000] {processor.py:208} INFO - Processing /home/airflow/.local/lib/python3.12/site-packages/airflow/example_dags/example_kubernetes_executor.py took 0.359 seconds
[2025-10-06T06:01:54.139+0000] {processor.py:186} INFO - Started process (PID=1069) to work on /home/airflow/.local/lib/python3.12/site-packages/airflow/example_dags/example_kubernetes_executor.py
[2025-10-06T06:01:54.146+0000] {processor.py:914} INFO - Processing file /home/airflow/.local/lib/python3.12/site-packages/airflow/example_dags/example_kubernetes_executor.py for tasks to queue
[2025-10-06T06:01:54.160+0000] {logging_mixin.py:190} INFO - [2025-10-06T06:01:54.158+0000] {dagbag.py:588} INFO - Filling up the DagBag from /home/airflow/.local/lib/python3.12/site-packages/airflow/example_dags/example_kubernetes_executor.py
[2025-10-06T06:01:54.249+0000] {processor.py:925} INFO - DAG(s) 'example_kubernetes_executor' retrieved from /home/airflow/.local/lib/python3.12/site-packages/airflow/example_dags/example_kubernetes_executor.py
[2025-10-06T06:01:54.454+0000] {logging_mixin.py:190} INFO - [2025-10-06T06:01:54.453+0000] {dag.py:3239} INFO - Sync 1 DAGs
[2025-10-06T06:01:54.536+0000] {logging_mixin.py:190} INFO - [2025-10-06T06:01:54.535+0000] {dag.py:4180} INFO - Setting next_dagrun for example_kubernetes_executor to None, run_after=None
[2025-10-06T06:01:54.635+0000] {processor.py:208} INFO - Processing /home/airflow/.local/lib/python3.12/site-packages/airflow/example_dags/example_kubernetes_executor.py took 0.526 seconds
[2025-10-06T06:02:25.151+0000] {processor.py:186} INFO - Started process (PID=1132) to work on /home/airflow/.local/lib/python3.12/site-packages/airflow/example_dags/example_kubernetes_executor.py
[2025-10-06T06:02:25.154+0000] {processor.py:914} INFO - Processing file /home/airflow/.local/lib/python3.12/site-packages/airflow/example_dags/example_kubernetes_executor.py for tasks to queue
[2025-10-06T06:02:25.162+0000] {logging_mixin.py:190} INFO - [2025-10-06T06:02:25.161+0000] {dagbag.py:588} INFO - Filling up the DagBag from /home/airflow/.local/lib/python3.12/site-packages/airflow/example_dags/example_kubernetes_executor.py
[2025-10-06T06:02:25.212+0000] {processor.py:925} INFO - DAG(s) 'example_kubernetes_executor' retrieved from /home/airflow/.local/lib/python3.12/site-packages/airflow/example_dags/example_kubernetes_executor.py
[2025-10-06T06:02:25.302+0000] {logging_mixin.py:190} INFO - [2025-10-06T06:02:25.302+0000] {dag.py:3239} INFO - Sync 1 DAGs
[2025-10-06T06:02:25.352+0000] {logging_mixin.py:190} INFO - [2025-10-06T06:02:25.352+0000] {dag.py:4180} INFO - Setting next_dagrun for example_kubernetes_executor to None, run_after=None
[2025-10-06T06:02:25.485+0000] {processor.py:208} INFO - Processing /home/airflow/.local/lib/python3.12/site-packages/airflow/example_dags/example_kubernetes_executor.py took 0.350 seconds
[2025-10-06T06:02:55.925+0000] {processor.py:186} INFO - Started process (PID=1195) to work on /home/airflow/.local/lib/python3.12/site-packages/airflow/example_dags/example_kubernetes_executor.py
[2025-10-06T06:02:55.929+0000] {processor.py:914} INFO - Processing file /home/airflow/.local/lib/python3.12/site-packages/airflow/example_dags/example_kubernetes_executor.py for tasks to queue
[2025-10-06T06:02:55.938+0000] {logging_mixin.py:190} INFO - [2025-10-06T06:02:55.936+0000] {dagbag.py:588} INFO - Filling up the DagBag from /home/airflow/.local/lib/python3.12/site-packages/airflow/example_dags/example_kubernetes_executor.py
[2025-10-06T06:02:56.030+0000] {processor.py:925} INFO - DAG(s) 'example_kubernetes_executor' retrieved from /home/airflow/.local/lib/python3.12/site-packages/airflow/example_dags/example_kubernetes_executor.py
[2025-10-06T06:02:56.286+0000] {logging_mixin.py:190} INFO - [2025-10-06T06:02:56.285+0000] {dag.py:3239} INFO - Sync 1 DAGs
[2025-10-06T06:02:56.635+0000] {logging_mixin.py:190} INFO - [2025-10-06T06:02:56.634+0000] {dag.py:4180} INFO - Setting next_dagrun for example_kubernetes_executor to None, run_after=None
[2025-10-06T06:02:56.854+0000] {processor.py:208} INFO - Processing /home/airflow/.local/lib/python3.12/site-packages/airflow/example_dags/example_kubernetes_executor.py took 0.954 seconds
[2025-10-06T06:03:27.328+0000] {processor.py:186} INFO - Started process (PID=1258) to work on /home/airflow/.local/lib/python3.12/site-packages/airflow/example_dags/example_kubernetes_executor.py
[2025-10-06T06:03:27.334+0000] {processor.py:914} INFO - Processing file /home/airflow/.local/lib/python3.12/site-packages/airflow/example_dags/example_kubernetes_executor.py for tasks to queue
[2025-10-06T06:03:27.351+0000] {logging_mixin.py:190} INFO - [2025-10-06T06:03:27.348+0000] {dagbag.py:588} INFO - Filling up the DagBag from /home/airflow/.local/lib/python3.12/site-packages/airflow/example_dags/example_kubernetes_executor.py
[2025-10-06T06:03:27.448+0000] {processor.py:925} INFO - DAG(s) 'example_kubernetes_executor' retrieved from /home/airflow/.local/lib/python3.12/site-packages/airflow/example_dags/example_kubernetes_executor.py
[2025-10-06T06:03:27.657+0000] {logging_mixin.py:190} INFO - [2025-10-06T06:03:27.655+0000] {dag.py:3239} INFO - Sync 1 DAGs
[2025-10-06T06:03:27.746+0000] {logging_mixin.py:190} INFO - [2025-10-06T06:03:27.745+0000] {dag.py:4180} INFO - Setting next_dagrun for example_kubernetes_executor to None, run_after=None
[2025-10-06T06:03:27.823+0000] {processor.py:208} INFO - Processing /home/airflow/.local/lib/python3.12/site-packages/airflow/example_dags/example_kubernetes_executor.py took 0.532 seconds
[2025-10-06T06:03:58.070+0000] {processor.py:186} INFO - Started process (PID=1321) to work on /home/airflow/.local/lib/python3.12/site-packages/airflow/example_dags/example_kubernetes_executor.py
[2025-10-06T06:03:58.078+0000] {processor.py:914} INFO - Processing file /home/airflow/.local/lib/python3.12/site-packages/airflow/example_dags/example_kubernetes_executor.py for tasks to queue
[2025-10-06T06:03:58.095+0000] {logging_mixin.py:190} INFO - [2025-10-06T06:03:58.093+0000] {dagbag.py:588} INFO - Filling up the DagBag from /home/airflow/.local/lib/python3.12/site-packages/airflow/example_dags/example_kubernetes_executor.py
[2025-10-06T06:03:58.206+0000] {processor.py:925} INFO - DAG(s) 'example_kubernetes_executor' retrieved from /home/airflow/.local/lib/python3.12/site-packages/airflow/example_dags/example_kubernetes_executor.py
[2025-10-06T06:03:58.394+0000] {logging_mixin.py:190} INFO - [2025-10-06T06:03:58.392+0000] {dag.py:3239} INFO - Sync 1 DAGs
[2025-10-06T06:03:58.521+0000] {logging_mixin.py:190} INFO - [2025-10-06T06:03:58.520+0000] {dag.py:4180} INFO - Setting next_dagrun for example_kubernetes_executor to None, run_after=None
[2025-10-06T06:03:58.624+0000] {processor.py:208} INFO - Processing /home/airflow/.local/lib/python3.12/site-packages/airflow/example_dags/example_kubernetes_executor.py took 0.595 seconds
[2025-10-06T06:04:29.561+0000] {processor.py:186} INFO - Started process (PID=1384) to work on /home/airflow/.local/lib/python3.12/site-packages/airflow/example_dags/example_kubernetes_executor.py
[2025-10-06T06:04:29.564+0000] {processor.py:914} INFO - Processing file /home/airflow/.local/lib/python3.12/site-packages/airflow/example_dags/example_kubernetes_executor.py for tasks to queue
[2025-10-06T06:04:29.572+0000] {logging_mixin.py:190} INFO - [2025-10-06T06:04:29.571+0000] {dagbag.py:588} INFO - Filling up the DagBag from /home/airflow/.local/lib/python3.12/site-packages/airflow/example_dags/example_kubernetes_executor.py
[2025-10-06T06:04:29.611+0000] {processor.py:925} INFO - DAG(s) 'example_kubernetes_executor' retrieved from /home/airflow/.local/lib/python3.12/site-packages/airflow/example_dags/example_kubernetes_executor.py
[2025-10-06T06:04:29.710+0000] {logging_mixin.py:190} INFO - [2025-10-06T06:04:29.710+0000] {dag.py:3239} INFO - Sync 1 DAGs
[2025-10-06T06:04:29.748+0000] {logging_mixin.py:190} INFO - [2025-10-06T06:04:29.748+0000] {dag.py:4180} INFO - Setting next_dagrun for example_kubernetes_executor to None, run_after=None
[2025-10-06T06:04:29.798+0000] {processor.py:208} INFO - Processing /home/airflow/.local/lib/python3.12/site-packages/airflow/example_dags/example_kubernetes_executor.py took 0.254 seconds
[2025-10-06T06:05:00.101+0000] {processor.py:186} INFO - Started process (PID=1447) to work on /home/airflow/.local/lib/python3.12/site-packages/airflow/example_dags/example_kubernetes_executor.py
[2025-10-06T06:05:00.111+0000] {processor.py:914} INFO - Processing file /home/airflow/.local/lib/python3.12/site-packages/airflow/example_dags/example_kubernetes_executor.py for tasks to queue
[2025-10-06T06:05:00.141+0000] {logging_mixin.py:190} INFO - [2025-10-06T06:05:00.140+0000] {dagbag.py:588} INFO - Filling up the DagBag from /home/airflow/.local/lib/python3.12/site-packages/airflow/example_dags/example_kubernetes_executor.py
[2025-10-06T06:05:00.208+0000] {processor.py:925} INFO - DAG(s) 'example_kubernetes_executor' retrieved from /home/airflow/.local/lib/python3.12/site-packages/airflow/example_dags/example_kubernetes_executor.py
[2025-10-06T06:05:01.635+0000] {logging_mixin.py:190} INFO - [2025-10-06T06:05:01.634+0000] {dag.py:3239} INFO - Sync 1 DAGs
[2025-10-06T06:05:01.710+0000] {logging_mixin.py:190} INFO - [2025-10-06T06:05:01.709+0000] {dag.py:4180} INFO - Setting next_dagrun for example_kubernetes_executor to None, run_after=None
[2025-10-06T06:05:01.799+0000] {processor.py:208} INFO - Processing /home/airflow/.local/lib/python3.12/site-packages/airflow/example_dags/example_kubernetes_executor.py took 1.751 seconds
[2025-10-06T06:05:32.538+0000] {processor.py:186} INFO - Started process (PID=1510) to work on /home/airflow/.local/lib/python3.12/site-packages/airflow/example_dags/example_kubernetes_executor.py
[2025-10-06T06:05:32.545+0000] {processor.py:914} INFO - Processing file /home/airflow/.local/lib/python3.12/site-packages/airflow/example_dags/example_kubernetes_executor.py for tasks to queue
[2025-10-06T06:05:32.557+0000] {logging_mixin.py:190} INFO - [2025-10-06T06:05:32.556+0000] {dagbag.py:588} INFO - Filling up the DagBag from /home/airflow/.local/lib/python3.12/site-packages/airflow/example_dags/example_kubernetes_executor.py
[2025-10-06T06:05:32.650+0000] {processor.py:925} INFO - DAG(s) 'example_kubernetes_executor' retrieved from /home/airflow/.local/lib/python3.12/site-packages/airflow/example_dags/example_kubernetes_executor.py
[2025-10-06T06:05:32.785+0000] {logging_mixin.py:190} INFO - [2025-10-06T06:05:32.784+0000] {dag.py:3239} INFO - Sync 1 DAGs
[2025-10-06T06:05:32.844+0000] {logging_mixin.py:190} INFO - [2025-10-06T06:05:32.843+0000] {dag.py:4180} INFO - Setting next_dagrun for example_kubernetes_executor to None, run_after=None
[2025-10-06T06:05:32.941+0000] {processor.py:208} INFO - Processing /home/airflow/.local/lib/python3.12/site-packages/airflow/example_dags/example_kubernetes_executor.py took 0.430 seconds
[2025-10-06T06:06:03.355+0000] {processor.py:186} INFO - Started process (PID=1573) to work on /home/airflow/.local/lib/python3.12/site-packages/airflow/example_dags/example_kubernetes_executor.py
[2025-10-06T06:06:03.358+0000] {processor.py:914} INFO - Processing file /home/airflow/.local/lib/python3.12/site-packages/airflow/example_dags/example_kubernetes_executor.py for tasks to queue
[2025-10-06T06:06:03.366+0000] {logging_mixin.py:190} INFO - [2025-10-06T06:06:03.364+0000] {dagbag.py:588} INFO - Filling up the DagBag from /home/airflow/.local/lib/python3.12/site-packages/airflow/example_dags/example_kubernetes_executor.py
[2025-10-06T06:06:03.406+0000] {processor.py:925} INFO - DAG(s) 'example_kubernetes_executor' retrieved from /home/airflow/.local/lib/python3.12/site-packages/airflow/example_dags/example_kubernetes_executor.py
[2025-10-06T06:06:03.623+0000] {logging_mixin.py:190} INFO - [2025-10-06T06:06:03.622+0000] {dag.py:3239} INFO - Sync 1 DAGs
[2025-10-06T06:06:03.665+0000] {logging_mixin.py:190} INFO - [2025-10-06T06:06:03.664+0000] {dag.py:4180} INFO - Setting next_dagrun for example_kubernetes_executor to None, run_after=None
[2025-10-06T06:06:03.712+0000] {processor.py:208} INFO - Processing /home/airflow/.local/lib/python3.12/site-packages/airflow/example_dags/example_kubernetes_executor.py took 0.269 seconds
[2025-10-06T06:06:34.289+0000] {processor.py:186} INFO - Started process (PID=1637) to work on /home/airflow/.local/lib/python3.12/site-packages/airflow/example_dags/example_kubernetes_executor.py
[2025-10-06T06:06:34.292+0000] {processor.py:914} INFO - Processing file /home/airflow/.local/lib/python3.12/site-packages/airflow/example_dags/example_kubernetes_executor.py for tasks to queue
[2025-10-06T06:06:34.298+0000] {logging_mixin.py:190} INFO - [2025-10-06T06:06:34.297+0000] {dagbag.py:588} INFO - Filling up the DagBag from /home/airflow/.local/lib/python3.12/site-packages/airflow/example_dags/example_kubernetes_executor.py
[2025-10-06T06:06:34.350+0000] {processor.py:925} INFO - DAG(s) 'example_kubernetes_executor' retrieved from /home/airflow/.local/lib/python3.12/site-packages/airflow/example_dags/example_kubernetes_executor.py
[2025-10-06T06:06:34.453+0000] {logging_mixin.py:190} INFO - [2025-10-06T06:06:34.453+0000] {dag.py:3239} INFO - Sync 1 DAGs
[2025-10-06T06:06:34.491+0000] {logging_mixin.py:190} INFO - [2025-10-06T06:06:34.491+0000] {dag.py:4180} INFO - Setting next_dagrun for example_kubernetes_executor to None, run_after=None
[2025-10-06T06:06:34.543+0000] {processor.py:208} INFO - Processing /home/airflow/.local/lib/python3.12/site-packages/airflow/example_dags/example_kubernetes_executor.py took 0.272 seconds
[2025-10-06T06:07:04.824+0000] {processor.py:186} INFO - Started process (PID=1700) to work on /home/airflow/.local/lib/python3.12/site-packages/airflow/example_dags/example_kubernetes_executor.py
[2025-10-06T06:07:04.827+0000] {processor.py:914} INFO - Processing file /home/airflow/.local/lib/python3.12/site-packages/airflow/example_dags/example_kubernetes_executor.py for tasks to queue
[2025-10-06T06:07:04.837+0000] {logging_mixin.py:190} INFO - [2025-10-06T06:07:04.836+0000] {dagbag.py:588} INFO - Filling up the DagBag from /home/airflow/.local/lib/python3.12/site-packages/airflow/example_dags/example_kubernetes_executor.py
[2025-10-06T06:07:04.911+0000] {processor.py:925} INFO - DAG(s) 'example_kubernetes_executor' retrieved from /home/airflow/.local/lib/python3.12/site-packages/airflow/example_dags/example_kubernetes_executor.py
[2025-10-06T06:07:05.175+0000] {logging_mixin.py:190} INFO - [2025-10-06T06:07:05.174+0000] {dag.py:3239} INFO - Sync 1 DAGs
[2025-10-06T06:07:05.222+0000] {logging_mixin.py:190} INFO - [2025-10-06T06:07:05.221+0000] {dag.py:4180} INFO - Setting next_dagrun for example_kubernetes_executor to None, run_after=None
[2025-10-06T06:07:05.303+0000] {processor.py:208} INFO - Processing /home/airflow/.local/lib/python3.12/site-packages/airflow/example_dags/example_kubernetes_executor.py took 0.519 seconds
[2025-10-06T06:07:39.108+0000] {processor.py:186} INFO - Started process (PID=1764) to work on /home/airflow/.local/lib/python3.12/site-packages/airflow/example_dags/example_kubernetes_executor.py
[2025-10-06T06:07:39.112+0000] {processor.py:914} INFO - Processing file /home/airflow/.local/lib/python3.12/site-packages/airflow/example_dags/example_kubernetes_executor.py for tasks to queue
[2025-10-06T06:07:39.125+0000] {logging_mixin.py:190} INFO - [2025-10-06T06:07:39.123+0000] {dagbag.py:588} INFO - Filling up the DagBag from /home/airflow/.local/lib/python3.12/site-packages/airflow/example_dags/example_kubernetes_executor.py
[2025-10-06T06:07:39.187+0000] {processor.py:925} INFO - DAG(s) 'example_kubernetes_executor' retrieved from /home/airflow/.local/lib/python3.12/site-packages/airflow/example_dags/example_kubernetes_executor.py
[2025-10-06T06:07:39.335+0000] {logging_mixin.py:190} INFO - [2025-10-06T06:07:39.334+0000] {dag.py:3239} INFO - Sync 1 DAGs
[2025-10-06T06:07:39.389+0000] {logging_mixin.py:190} INFO - [2025-10-06T06:07:39.388+0000] {dag.py:4180} INFO - Setting next_dagrun for example_kubernetes_executor to None, run_after=None
[2025-10-06T06:07:39.454+0000] {processor.py:208} INFO - Processing /home/airflow/.local/lib/python3.12/site-packages/airflow/example_dags/example_kubernetes_executor.py took 0.371 seconds
[2025-10-06T06:08:10.018+0000] {processor.py:186} INFO - Started process (PID=1827) to work on /home/airflow/.local/lib/python3.12/site-packages/airflow/example_dags/example_kubernetes_executor.py
[2025-10-06T06:08:10.022+0000] {processor.py:914} INFO - Processing file /home/airflow/.local/lib/python3.12/site-packages/airflow/example_dags/example_kubernetes_executor.py for tasks to queue
[2025-10-06T06:08:10.031+0000] {logging_mixin.py:190} INFO - [2025-10-06T06:08:10.030+0000] {dagbag.py:588} INFO - Filling up the DagBag from /home/airflow/.local/lib/python3.12/site-packages/airflow/example_dags/example_kubernetes_executor.py
[2025-10-06T06:08:10.080+0000] {processor.py:925} INFO - DAG(s) 'example_kubernetes_executor' retrieved from /home/airflow/.local/lib/python3.12/site-packages/airflow/example_dags/example_kubernetes_executor.py
[2025-10-06T06:08:10.196+0000] {logging_mixin.py:190} INFO - [2025-10-06T06:08:10.195+0000] {dag.py:3239} INFO - Sync 1 DAGs
[2025-10-06T06:08:10.248+0000] {logging_mixin.py:190} INFO - [2025-10-06T06:08:10.248+0000] {dag.py:4180} INFO - Setting next_dagrun for example_kubernetes_executor to None, run_after=None
[2025-10-06T06:08:10.307+0000] {processor.py:208} INFO - Processing /home/airflow/.local/lib/python3.12/site-packages/airflow/example_dags/example_kubernetes_executor.py took 0.313 seconds
[2025-10-06T17:40:38.025+0000] {processor.py:186} INFO - Started process (PID=63) to work on /home/airflow/.local/lib/python3.12/site-packages/airflow/example_dags/example_kubernetes_executor.py
[2025-10-06T17:40:38.026+0000] {processor.py:914} INFO - Processing file /home/airflow/.local/lib/python3.12/site-packages/airflow/example_dags/example_kubernetes_executor.py for tasks to queue
[2025-10-06T17:40:38.033+0000] {logging_mixin.py:190} INFO - [2025-10-06T17:40:38.032+0000] {dagbag.py:588} INFO - Filling up the DagBag from /home/airflow/.local/lib/python3.12/site-packages/airflow/example_dags/example_kubernetes_executor.py
[2025-10-06T17:40:38.123+0000] {processor.py:925} INFO - DAG(s) 'example_kubernetes_executor' retrieved from /home/airflow/.local/lib/python3.12/site-packages/airflow/example_dags/example_kubernetes_executor.py
[2025-10-06T17:40:38.428+0000] {logging_mixin.py:190} INFO - [2025-10-06T17:40:38.427+0000] {dag.py:3239} INFO - Sync 1 DAGs
[2025-10-06T17:40:38.558+0000] {logging_mixin.py:190} INFO - [2025-10-06T17:40:38.558+0000] {dag.py:4180} INFO - Setting next_dagrun for example_kubernetes_executor to None, run_after=None
[2025-10-06T17:40:38.652+0000] {processor.py:208} INFO - Processing /home/airflow/.local/lib/python3.12/site-packages/airflow/example_dags/example_kubernetes_executor.py took 0.641 seconds
[2025-10-06T17:41:18.332+0000] {processor.py:186} INFO - Started process (PID=132) to work on /home/airflow/.local/lib/python3.12/site-packages/airflow/example_dags/example_kubernetes_executor.py
[2025-10-06T17:41:18.334+0000] {processor.py:914} INFO - Processing file /home/airflow/.local/lib/python3.12/site-packages/airflow/example_dags/example_kubernetes_executor.py for tasks to queue
[2025-10-06T17:41:18.338+0000] {logging_mixin.py:190} INFO - [2025-10-06T17:41:18.338+0000] {dagbag.py:588} INFO - Filling up the DagBag from /home/airflow/.local/lib/python3.12/site-packages/airflow/example_dags/example_kubernetes_executor.py
[2025-10-06T17:41:18.365+0000] {processor.py:925} INFO - DAG(s) 'example_kubernetes_executor' retrieved from /home/airflow/.local/lib/python3.12/site-packages/airflow/example_dags/example_kubernetes_executor.py
[2025-10-06T17:41:18.445+0000] {logging_mixin.py:190} INFO - [2025-10-06T17:41:18.445+0000] {dag.py:3239} INFO - Sync 1 DAGs
[2025-10-06T17:41:18.472+0000] {logging_mixin.py:190} INFO - [2025-10-06T17:41:18.472+0000] {dag.py:4180} INFO - Setting next_dagrun for example_kubernetes_executor to None, run_after=None
[2025-10-06T17:41:18.518+0000] {processor.py:208} INFO - Processing /home/airflow/.local/lib/python3.12/site-packages/airflow/example_dags/example_kubernetes_executor.py took 0.198 seconds
[2025-10-06T17:41:49.640+0000] {processor.py:186} INFO - Started process (PID=184) to work on /home/airflow/.local/lib/python3.12/site-packages/airflow/example_dags/example_kubernetes_executor.py
[2025-10-06T17:41:49.643+0000] {processor.py:914} INFO - Processing file /home/airflow/.local/lib/python3.12/site-packages/airflow/example_dags/example_kubernetes_executor.py for tasks to queue
[2025-10-06T17:41:49.647+0000] {logging_mixin.py:190} INFO - [2025-10-06T17:41:49.647+0000] {dagbag.py:588} INFO - Filling up the DagBag from /home/airflow/.local/lib/python3.12/site-packages/airflow/example_dags/example_kubernetes_executor.py
[2025-10-06T17:41:49.672+0000] {processor.py:925} INFO - DAG(s) 'example_kubernetes_executor' retrieved from /home/airflow/.local/lib/python3.12/site-packages/airflow/example_dags/example_kubernetes_executor.py
[2025-10-06T17:41:49.729+0000] {logging_mixin.py:190} INFO - [2025-10-06T17:41:49.729+0000] {dag.py:3239} INFO - Sync 1 DAGs
[2025-10-06T17:41:49.752+0000] {logging_mixin.py:190} INFO - [2025-10-06T17:41:49.752+0000] {dag.py:4180} INFO - Setting next_dagrun for example_kubernetes_executor to None, run_after=None
[2025-10-06T17:41:49.779+0000] {processor.py:208} INFO - Processing /home/airflow/.local/lib/python3.12/site-packages/airflow/example_dags/example_kubernetes_executor.py took 0.148 seconds
[2025-10-06T17:42:20.014+0000] {processor.py:186} INFO - Started process (PID=247) to work on /home/airflow/.local/lib/python3.12/site-packages/airflow/example_dags/example_kubernetes_executor.py
[2025-10-06T17:42:20.016+0000] {processor.py:914} INFO - Processing file /home/airflow/.local/lib/python3.12/site-packages/airflow/example_dags/example_kubernetes_executor.py for tasks to queue
[2025-10-06T17:42:20.019+0000] {logging_mixin.py:190} INFO - [2025-10-06T17:42:20.018+0000] {dagbag.py:588} INFO - Filling up the DagBag from /home/airflow/.local/lib/python3.12/site-packages/airflow/example_dags/example_kubernetes_executor.py
[2025-10-06T17:42:20.036+0000] {processor.py:925} INFO - DAG(s) 'example_kubernetes_executor' retrieved from /home/airflow/.local/lib/python3.12/site-packages/airflow/example_dags/example_kubernetes_executor.py
[2025-10-06T17:42:20.105+0000] {logging_mixin.py:190} INFO - [2025-10-06T17:42:20.105+0000] {dag.py:3239} INFO - Sync 1 DAGs
[2025-10-06T17:42:20.126+0000] {logging_mixin.py:190} INFO - [2025-10-06T17:42:20.126+0000] {dag.py:4180} INFO - Setting next_dagrun for example_kubernetes_executor to None, run_after=None
[2025-10-06T17:42:20.156+0000] {processor.py:208} INFO - Processing /home/airflow/.local/lib/python3.12/site-packages/airflow/example_dags/example_kubernetes_executor.py took 0.149 seconds
[2025-10-06T17:42:52.066+0000] {processor.py:186} INFO - Started process (PID=316) to work on /home/airflow/.local/lib/python3.12/site-packages/airflow/example_dags/example_kubernetes_executor.py
[2025-10-06T17:42:52.068+0000] {processor.py:914} INFO - Processing file /home/airflow/.local/lib/python3.12/site-packages/airflow/example_dags/example_kubernetes_executor.py for tasks to queue
[2025-10-06T17:42:52.077+0000] {logging_mixin.py:190} INFO - [2025-10-06T17:42:52.076+0000] {dagbag.py:588} INFO - Filling up the DagBag from /home/airflow/.local/lib/python3.12/site-packages/airflow/example_dags/example_kubernetes_executor.py
[2025-10-06T17:42:52.106+0000] {processor.py:925} INFO - DAG(s) 'example_kubernetes_executor' retrieved from /home/airflow/.local/lib/python3.12/site-packages/airflow/example_dags/example_kubernetes_executor.py
[2025-10-06T17:42:52.173+0000] {logging_mixin.py:190} INFO - [2025-10-06T17:42:52.173+0000] {dag.py:3239} INFO - Sync 1 DAGs
[2025-10-06T17:42:52.201+0000] {logging_mixin.py:190} INFO - [2025-10-06T17:42:52.200+0000] {dag.py:4180} INFO - Setting next_dagrun for example_kubernetes_executor to None, run_after=None
[2025-10-06T17:42:52.241+0000] {processor.py:208} INFO - Processing /home/airflow/.local/lib/python3.12/site-packages/airflow/example_dags/example_kubernetes_executor.py took 0.184 seconds
[2025-10-06T17:43:23.425+0000] {processor.py:186} INFO - Started process (PID=374) to work on /home/airflow/.local/lib/python3.12/site-packages/airflow/example_dags/example_kubernetes_executor.py
[2025-10-06T17:43:23.427+0000] {processor.py:914} INFO - Processing file /home/airflow/.local/lib/python3.12/site-packages/airflow/example_dags/example_kubernetes_executor.py for tasks to queue
[2025-10-06T17:43:23.432+0000] {logging_mixin.py:190} INFO - [2025-10-06T17:43:23.431+0000] {dagbag.py:588} INFO - Filling up the DagBag from /home/airflow/.local/lib/python3.12/site-packages/airflow/example_dags/example_kubernetes_executor.py
[2025-10-06T17:43:23.479+0000] {processor.py:925} INFO - DAG(s) 'example_kubernetes_executor' retrieved from /home/airflow/.local/lib/python3.12/site-packages/airflow/example_dags/example_kubernetes_executor.py
[2025-10-06T17:43:23.549+0000] {logging_mixin.py:190} INFO - [2025-10-06T17:43:23.549+0000] {dag.py:3239} INFO - Sync 1 DAGs
[2025-10-06T17:43:23.597+0000] {logging_mixin.py:190} INFO - [2025-10-06T17:43:23.597+0000] {dag.py:4180} INFO - Setting next_dagrun for example_kubernetes_executor to None, run_after=None
[2025-10-06T17:43:23.665+0000] {processor.py:208} INFO - Processing /home/airflow/.local/lib/python3.12/site-packages/airflow/example_dags/example_kubernetes_executor.py took 0.252 seconds
[2025-10-06T17:43:54.157+0000] {processor.py:186} INFO - Started process (PID=438) to work on /home/airflow/.local/lib/python3.12/site-packages/airflow/example_dags/example_kubernetes_executor.py
[2025-10-06T17:43:54.577+0000] {processor.py:914} INFO - Processing file /home/airflow/.local/lib/python3.12/site-packages/airflow/example_dags/example_kubernetes_executor.py for tasks to queue
[2025-10-06T17:43:54.582+0000] {logging_mixin.py:190} INFO - [2025-10-06T17:43:54.582+0000] {dagbag.py:588} INFO - Filling up the DagBag from /home/airflow/.local/lib/python3.12/site-packages/airflow/example_dags/example_kubernetes_executor.py
[2025-10-06T17:43:54.608+0000] {processor.py:925} INFO - DAG(s) 'example_kubernetes_executor' retrieved from /home/airflow/.local/lib/python3.12/site-packages/airflow/example_dags/example_kubernetes_executor.py
[2025-10-06T17:43:54.646+0000] {logging_mixin.py:190} INFO - [2025-10-06T17:43:54.646+0000] {dag.py:3239} INFO - Sync 1 DAGs
[2025-10-06T17:43:54.662+0000] {logging_mixin.py:190} INFO - [2025-10-06T17:43:54.661+0000] {dag.py:4180} INFO - Setting next_dagrun for example_kubernetes_executor to None, run_after=None
[2025-10-06T17:43:55.500+0000] {processor.py:208} INFO - Processing /home/airflow/.local/lib/python3.12/site-packages/airflow/example_dags/example_kubernetes_executor.py took 1.349 seconds
[2025-10-06T17:44:26.390+0000] {processor.py:186} INFO - Started process (PID=501) to work on /home/airflow/.local/lib/python3.12/site-packages/airflow/example_dags/example_kubernetes_executor.py
[2025-10-06T17:44:26.391+0000] {processor.py:914} INFO - Processing file /home/airflow/.local/lib/python3.12/site-packages/airflow/example_dags/example_kubernetes_executor.py for tasks to queue
[2025-10-06T17:44:26.395+0000] {logging_mixin.py:190} INFO - [2025-10-06T17:44:26.394+0000] {dagbag.py:588} INFO - Filling up the DagBag from /home/airflow/.local/lib/python3.12/site-packages/airflow/example_dags/example_kubernetes_executor.py
[2025-10-06T17:44:26.415+0000] {processor.py:925} INFO - DAG(s) 'example_kubernetes_executor' retrieved from /home/airflow/.local/lib/python3.12/site-packages/airflow/example_dags/example_kubernetes_executor.py
[2025-10-06T17:44:26.455+0000] {logging_mixin.py:190} INFO - [2025-10-06T17:44:26.454+0000] {dag.py:3239} INFO - Sync 1 DAGs
[2025-10-06T17:44:26.476+0000] {logging_mixin.py:190} INFO - [2025-10-06T17:44:26.475+0000] {dag.py:4180} INFO - Setting next_dagrun for example_kubernetes_executor to None, run_after=None
[2025-10-06T17:44:26.505+0000] {processor.py:208} INFO - Processing /home/airflow/.local/lib/python3.12/site-packages/airflow/example_dags/example_kubernetes_executor.py took 0.124 seconds
[2025-10-06T17:44:57.237+0000] {processor.py:186} INFO - Started process (PID=564) to work on /home/airflow/.local/lib/python3.12/site-packages/airflow/example_dags/example_kubernetes_executor.py
[2025-10-06T17:44:57.238+0000] {processor.py:914} INFO - Processing file /home/airflow/.local/lib/python3.12/site-packages/airflow/example_dags/example_kubernetes_executor.py for tasks to queue
[2025-10-06T17:44:57.241+0000] {logging_mixin.py:190} INFO - [2025-10-06T17:44:57.240+0000] {dagbag.py:588} INFO - Filling up the DagBag from /home/airflow/.local/lib/python3.12/site-packages/airflow/example_dags/example_kubernetes_executor.py
[2025-10-06T17:44:57.258+0000] {processor.py:925} INFO - DAG(s) 'example_kubernetes_executor' retrieved from /home/airflow/.local/lib/python3.12/site-packages/airflow/example_dags/example_kubernetes_executor.py
[2025-10-06T17:44:57.294+0000] {logging_mixin.py:190} INFO - [2025-10-06T17:44:57.293+0000] {dag.py:3239} INFO - Sync 1 DAGs
[2025-10-06T17:44:57.310+0000] {logging_mixin.py:190} INFO - [2025-10-06T17:44:57.309+0000] {dag.py:4180} INFO - Setting next_dagrun for example_kubernetes_executor to None, run_after=None
[2025-10-06T17:44:57.331+0000] {processor.py:208} INFO - Processing /home/airflow/.local/lib/python3.12/site-packages/airflow/example_dags/example_kubernetes_executor.py took 0.100 seconds
[2025-10-06T17:45:27.865+0000] {processor.py:186} INFO - Started process (PID=628) to work on /home/airflow/.local/lib/python3.12/site-packages/airflow/example_dags/example_kubernetes_executor.py
[2025-10-06T17:45:27.868+0000] {processor.py:914} INFO - Processing file /home/airflow/.local/lib/python3.12/site-packages/airflow/example_dags/example_kubernetes_executor.py for tasks to queue
[2025-10-06T17:45:27.878+0000] {logging_mixin.py:190} INFO - [2025-10-06T17:45:27.877+0000] {dagbag.py:588} INFO - Filling up the DagBag from /home/airflow/.local/lib/python3.12/site-packages/airflow/example_dags/example_kubernetes_executor.py
[2025-10-06T17:45:27.934+0000] {processor.py:925} INFO - DAG(s) 'example_kubernetes_executor' retrieved from /home/airflow/.local/lib/python3.12/site-packages/airflow/example_dags/example_kubernetes_executor.py
[2025-10-06T17:45:28.225+0000] {logging_mixin.py:190} INFO - [2025-10-06T17:45:28.224+0000] {dag.py:3239} INFO - Sync 1 DAGs
[2025-10-06T17:45:28.271+0000] {logging_mixin.py:190} INFO - [2025-10-06T17:45:28.271+0000] {dag.py:4180} INFO - Setting next_dagrun for example_kubernetes_executor to None, run_after=None
[2025-10-06T17:45:28.339+0000] {processor.py:208} INFO - Processing /home/airflow/.local/lib/python3.12/site-packages/airflow/example_dags/example_kubernetes_executor.py took 0.504 seconds
[2025-10-06T17:46:04.474+0000] {processor.py:186} INFO - Started process (PID=680) to work on /home/airflow/.local/lib/python3.12/site-packages/airflow/example_dags/example_kubernetes_executor.py
[2025-10-06T17:46:04.476+0000] {processor.py:914} INFO - Processing file /home/airflow/.local/lib/python3.12/site-packages/airflow/example_dags/example_kubernetes_executor.py for tasks to queue
[2025-10-06T17:46:04.479+0000] {logging_mixin.py:190} INFO - [2025-10-06T17:46:04.478+0000] {dagbag.py:588} INFO - Filling up the DagBag from /home/airflow/.local/lib/python3.12/site-packages/airflow/example_dags/example_kubernetes_executor.py
[2025-10-06T17:46:04.547+0000] {processor.py:925} INFO - DAG(s) 'example_kubernetes_executor' retrieved from /home/airflow/.local/lib/python3.12/site-packages/airflow/example_dags/example_kubernetes_executor.py
[2025-10-06T17:46:04.613+0000] {logging_mixin.py:190} INFO - [2025-10-06T17:46:04.612+0000] {dag.py:3239} INFO - Sync 1 DAGs
[2025-10-06T17:46:04.647+0000] {logging_mixin.py:190} INFO - [2025-10-06T17:46:04.647+0000] {dag.py:4180} INFO - Setting next_dagrun for example_kubernetes_executor to None, run_after=None
[2025-10-06T17:46:04.762+0000] {processor.py:208} INFO - Processing /home/airflow/.local/lib/python3.12/site-packages/airflow/example_dags/example_kubernetes_executor.py took 0.295 seconds
[2025-10-06T17:46:36.059+0000] {processor.py:186} INFO - Started process (PID=740) to work on /home/airflow/.local/lib/python3.12/site-packages/airflow/example_dags/example_kubernetes_executor.py
[2025-10-06T17:46:36.060+0000] {processor.py:914} INFO - Processing file /home/airflow/.local/lib/python3.12/site-packages/airflow/example_dags/example_kubernetes_executor.py for tasks to queue
[2025-10-06T17:46:36.063+0000] {logging_mixin.py:190} INFO - [2025-10-06T17:46:36.063+0000] {dagbag.py:588} INFO - Filling up the DagBag from /home/airflow/.local/lib/python3.12/site-packages/airflow/example_dags/example_kubernetes_executor.py
[2025-10-06T17:46:36.094+0000] {processor.py:925} INFO - DAG(s) 'example_kubernetes_executor' retrieved from /home/airflow/.local/lib/python3.12/site-packages/airflow/example_dags/example_kubernetes_executor.py
[2025-10-06T17:46:36.146+0000] {logging_mixin.py:190} INFO - [2025-10-06T17:46:36.146+0000] {dag.py:3239} INFO - Sync 1 DAGs
[2025-10-06T17:46:36.177+0000] {logging_mixin.py:190} INFO - [2025-10-06T17:46:36.176+0000] {dag.py:4180} INFO - Setting next_dagrun for example_kubernetes_executor to None, run_after=None
[2025-10-06T17:46:36.217+0000] {processor.py:208} INFO - Processing /home/airflow/.local/lib/python3.12/site-packages/airflow/example_dags/example_kubernetes_executor.py took 0.167 seconds
[2025-10-06T17:47:08.257+0000] {processor.py:186} INFO - Started process (PID=804) to work on /home/airflow/.local/lib/python3.12/site-packages/airflow/example_dags/example_kubernetes_executor.py
[2025-10-06T17:47:08.258+0000] {processor.py:914} INFO - Processing file /home/airflow/.local/lib/python3.12/site-packages/airflow/example_dags/example_kubernetes_executor.py for tasks to queue
[2025-10-06T17:47:08.261+0000] {logging_mixin.py:190} INFO - [2025-10-06T17:47:08.261+0000] {dagbag.py:588} INFO - Filling up the DagBag from /home/airflow/.local/lib/python3.12/site-packages/airflow/example_dags/example_kubernetes_executor.py
[2025-10-06T17:47:08.279+0000] {processor.py:925} INFO - DAG(s) 'example_kubernetes_executor' retrieved from /home/airflow/.local/lib/python3.12/site-packages/airflow/example_dags/example_kubernetes_executor.py
[2025-10-06T17:47:08.329+0000] {logging_mixin.py:190} INFO - [2025-10-06T17:47:08.329+0000] {dag.py:3239} INFO - Sync 1 DAGs
[2025-10-06T17:47:08.345+0000] {logging_mixin.py:190} INFO - [2025-10-06T17:47:08.345+0000] {dag.py:4180} INFO - Setting next_dagrun for example_kubernetes_executor to None, run_after=None
[2025-10-06T17:47:08.367+0000] {processor.py:208} INFO - Processing /home/airflow/.local/lib/python3.12/site-packages/airflow/example_dags/example_kubernetes_executor.py took 0.116 seconds
[2025-10-06T17:47:39.398+0000] {processor.py:186} INFO - Started process (PID=861) to work on /home/airflow/.local/lib/python3.12/site-packages/airflow/example_dags/example_kubernetes_executor.py
[2025-10-06T17:47:39.399+0000] {processor.py:914} INFO - Processing file /home/airflow/.local/lib/python3.12/site-packages/airflow/example_dags/example_kubernetes_executor.py for tasks to queue
[2025-10-06T17:47:39.402+0000] {logging_mixin.py:190} INFO - [2025-10-06T17:47:39.401+0000] {dagbag.py:588} INFO - Filling up the DagBag from /home/airflow/.local/lib/python3.12/site-packages/airflow/example_dags/example_kubernetes_executor.py
[2025-10-06T17:47:39.419+0000] {processor.py:925} INFO - DAG(s) 'example_kubernetes_executor' retrieved from /home/airflow/.local/lib/python3.12/site-packages/airflow/example_dags/example_kubernetes_executor.py
[2025-10-06T17:47:39.537+0000] {logging_mixin.py:190} INFO - [2025-10-06T17:47:39.536+0000] {dag.py:3239} INFO - Sync 1 DAGs
[2025-10-06T17:47:39.570+0000] {logging_mixin.py:190} INFO - [2025-10-06T17:47:39.569+0000] {dag.py:4180} INFO - Setting next_dagrun for example_kubernetes_executor to None, run_after=None
[2025-10-06T17:47:39.601+0000] {processor.py:208} INFO - Processing /home/airflow/.local/lib/python3.12/site-packages/airflow/example_dags/example_kubernetes_executor.py took 0.209 seconds
[2025-10-06T17:48:11.070+0000] {processor.py:186} INFO - Started process (PID=924) to work on /home/airflow/.local/lib/python3.12/site-packages/airflow/example_dags/example_kubernetes_executor.py
[2025-10-06T17:48:11.071+0000] {processor.py:914} INFO - Processing file /home/airflow/.local/lib/python3.12/site-packages/airflow/example_dags/example_kubernetes_executor.py for tasks to queue
[2025-10-06T17:48:11.074+0000] {logging_mixin.py:190} INFO - [2025-10-06T17:48:11.074+0000] {dagbag.py:588} INFO - Filling up the DagBag from /home/airflow/.local/lib/python3.12/site-packages/airflow/example_dags/example_kubernetes_executor.py
[2025-10-06T17:48:11.093+0000] {processor.py:925} INFO - DAG(s) 'example_kubernetes_executor' retrieved from /home/airflow/.local/lib/python3.12/site-packages/airflow/example_dags/example_kubernetes_executor.py
[2025-10-06T17:48:11.136+0000] {logging_mixin.py:190} INFO - [2025-10-06T17:48:11.136+0000] {dag.py:3239} INFO - Sync 1 DAGs
[2025-10-06T17:48:11.153+0000] {logging_mixin.py:190} INFO - [2025-10-06T17:48:11.153+0000] {dag.py:4180} INFO - Setting next_dagrun for example_kubernetes_executor to None, run_after=None
[2025-10-06T17:48:11.177+0000] {processor.py:208} INFO - Processing /home/airflow/.local/lib/python3.12/site-packages/airflow/example_dags/example_kubernetes_executor.py took 0.115 seconds
[2025-10-06T17:48:42.924+0000] {processor.py:186} INFO - Started process (PID=987) to work on /home/airflow/.local/lib/python3.12/site-packages/airflow/example_dags/example_kubernetes_executor.py
[2025-10-06T17:48:42.926+0000] {processor.py:914} INFO - Processing file /home/airflow/.local/lib/python3.12/site-packages/airflow/example_dags/example_kubernetes_executor.py for tasks to queue
[2025-10-06T17:48:42.929+0000] {logging_mixin.py:190} INFO - [2025-10-06T17:48:42.928+0000] {dagbag.py:588} INFO - Filling up the DagBag from /home/airflow/.local/lib/python3.12/site-packages/airflow/example_dags/example_kubernetes_executor.py
[2025-10-06T17:48:42.948+0000] {processor.py:925} INFO - DAG(s) 'example_kubernetes_executor' retrieved from /home/airflow/.local/lib/python3.12/site-packages/airflow/example_dags/example_kubernetes_executor.py
[2025-10-06T17:48:42.988+0000] {logging_mixin.py:190} INFO - [2025-10-06T17:48:42.987+0000] {dag.py:3239} INFO - Sync 1 DAGs
[2025-10-06T17:48:43.005+0000] {logging_mixin.py:190} INFO - [2025-10-06T17:48:43.005+0000] {dag.py:4180} INFO - Setting next_dagrun for example_kubernetes_executor to None, run_after=None
[2025-10-06T17:48:43.033+0000] {processor.py:208} INFO - Processing /home/airflow/.local/lib/python3.12/site-packages/airflow/example_dags/example_kubernetes_executor.py took 0.118 seconds
[2025-10-06T17:49:14.714+0000] {processor.py:186} INFO - Started process (PID=1050) to work on /home/airflow/.local/lib/python3.12/site-packages/airflow/example_dags/example_kubernetes_executor.py
[2025-10-06T17:49:14.715+0000] {processor.py:914} INFO - Processing file /home/airflow/.local/lib/python3.12/site-packages/airflow/example_dags/example_kubernetes_executor.py for tasks to queue
[2025-10-06T17:49:14.718+0000] {logging_mixin.py:190} INFO - [2025-10-06T17:49:14.718+0000] {dagbag.py:588} INFO - Filling up the DagBag from /home/airflow/.local/lib/python3.12/site-packages/airflow/example_dags/example_kubernetes_executor.py
[2025-10-06T17:49:14.735+0000] {processor.py:925} INFO - DAG(s) 'example_kubernetes_executor' retrieved from /home/airflow/.local/lib/python3.12/site-packages/airflow/example_dags/example_kubernetes_executor.py
[2025-10-06T17:49:14.774+0000] {logging_mixin.py:190} INFO - [2025-10-06T17:49:14.774+0000] {dag.py:3239} INFO - Sync 1 DAGs
[2025-10-06T17:49:14.790+0000] {logging_mixin.py:190} INFO - [2025-10-06T17:49:14.790+0000] {dag.py:4180} INFO - Setting next_dagrun for example_kubernetes_executor to None, run_after=None
[2025-10-06T17:49:14.825+0000] {processor.py:208} INFO - Processing /home/airflow/.local/lib/python3.12/site-packages/airflow/example_dags/example_kubernetes_executor.py took 0.118 seconds
[2025-10-06T17:49:46.241+0000] {processor.py:186} INFO - Started process (PID=1113) to work on /home/airflow/.local/lib/python3.12/site-packages/airflow/example_dags/example_kubernetes_executor.py
[2025-10-06T17:49:46.243+0000] {processor.py:914} INFO - Processing file /home/airflow/.local/lib/python3.12/site-packages/airflow/example_dags/example_kubernetes_executor.py for tasks to queue
[2025-10-06T17:49:46.246+0000] {logging_mixin.py:190} INFO - [2025-10-06T17:49:46.246+0000] {dagbag.py:588} INFO - Filling up the DagBag from /home/airflow/.local/lib/python3.12/site-packages/airflow/example_dags/example_kubernetes_executor.py
[2025-10-06T17:49:46.278+0000] {processor.py:925} INFO - DAG(s) 'example_kubernetes_executor' retrieved from /home/airflow/.local/lib/python3.12/site-packages/airflow/example_dags/example_kubernetes_executor.py
[2025-10-06T17:49:46.337+0000] {logging_mixin.py:190} INFO - [2025-10-06T17:49:46.337+0000] {dag.py:3239} INFO - Sync 1 DAGs
[2025-10-06T17:49:46.362+0000] {logging_mixin.py:190} INFO - [2025-10-06T17:49:46.362+0000] {dag.py:4180} INFO - Setting next_dagrun for example_kubernetes_executor to None, run_after=None
[2025-10-06T17:49:46.407+0000] {processor.py:208} INFO - Processing /home/airflow/.local/lib/python3.12/site-packages/airflow/example_dags/example_kubernetes_executor.py took 0.179 seconds
[2025-10-06T17:50:17.925+0000] {processor.py:186} INFO - Started process (PID=1176) to work on /home/airflow/.local/lib/python3.12/site-packages/airflow/example_dags/example_kubernetes_executor.py
[2025-10-06T17:50:17.927+0000] {processor.py:914} INFO - Processing file /home/airflow/.local/lib/python3.12/site-packages/airflow/example_dags/example_kubernetes_executor.py for tasks to queue
[2025-10-06T17:50:17.939+0000] {logging_mixin.py:190} INFO - [2025-10-06T17:50:17.938+0000] {dagbag.py:588} INFO - Filling up the DagBag from /home/airflow/.local/lib/python3.12/site-packages/airflow/example_dags/example_kubernetes_executor.py
[2025-10-06T17:50:18.000+0000] {processor.py:925} INFO - DAG(s) 'example_kubernetes_executor' retrieved from /home/airflow/.local/lib/python3.12/site-packages/airflow/example_dags/example_kubernetes_executor.py
[2025-10-06T17:50:18.099+0000] {logging_mixin.py:190} INFO - [2025-10-06T17:50:18.098+0000] {dag.py:3239} INFO - Sync 1 DAGs
[2025-10-06T17:50:18.134+0000] {logging_mixin.py:190} INFO - [2025-10-06T17:50:18.134+0000] {dag.py:4180} INFO - Setting next_dagrun for example_kubernetes_executor to None, run_after=None
[2025-10-06T17:50:18.182+0000] {processor.py:208} INFO - Processing /home/airflow/.local/lib/python3.12/site-packages/airflow/example_dags/example_kubernetes_executor.py took 0.269 seconds
[2025-10-06T17:50:49.386+0000] {processor.py:186} INFO - Started process (PID=1239) to work on /home/airflow/.local/lib/python3.12/site-packages/airflow/example_dags/example_kubernetes_executor.py
[2025-10-06T17:50:49.388+0000] {processor.py:914} INFO - Processing file /home/airflow/.local/lib/python3.12/site-packages/airflow/example_dags/example_kubernetes_executor.py for tasks to queue
[2025-10-06T17:50:49.392+0000] {logging_mixin.py:190} INFO - [2025-10-06T17:50:49.392+0000] {dagbag.py:588} INFO - Filling up the DagBag from /home/airflow/.local/lib/python3.12/site-packages/airflow/example_dags/example_kubernetes_executor.py
[2025-10-06T17:50:49.416+0000] {processor.py:925} INFO - DAG(s) 'example_kubernetes_executor' retrieved from /home/airflow/.local/lib/python3.12/site-packages/airflow/example_dags/example_kubernetes_executor.py
[2025-10-06T17:50:49.560+0000] {logging_mixin.py:190} INFO - [2025-10-06T17:50:49.560+0000] {dag.py:3239} INFO - Sync 1 DAGs
[2025-10-06T17:50:49.590+0000] {logging_mixin.py:190} INFO - [2025-10-06T17:50:49.590+0000] {dag.py:4180} INFO - Setting next_dagrun for example_kubernetes_executor to None, run_after=None
[2025-10-06T17:50:49.646+0000] {processor.py:208} INFO - Processing /home/airflow/.local/lib/python3.12/site-packages/airflow/example_dags/example_kubernetes_executor.py took 0.267 seconds
[2025-10-06T17:51:21.024+0000] {processor.py:186} INFO - Started process (PID=1302) to work on /home/airflow/.local/lib/python3.12/site-packages/airflow/example_dags/example_kubernetes_executor.py
[2025-10-06T17:51:21.025+0000] {processor.py:914} INFO - Processing file /home/airflow/.local/lib/python3.12/site-packages/airflow/example_dags/example_kubernetes_executor.py for tasks to queue
[2025-10-06T17:51:21.029+0000] {logging_mixin.py:190} INFO - [2025-10-06T17:51:21.028+0000] {dagbag.py:588} INFO - Filling up the DagBag from /home/airflow/.local/lib/python3.12/site-packages/airflow/example_dags/example_kubernetes_executor.py
[2025-10-06T17:51:21.047+0000] {processor.py:925} INFO - DAG(s) 'example_kubernetes_executor' retrieved from /home/airflow/.local/lib/python3.12/site-packages/airflow/example_dags/example_kubernetes_executor.py
[2025-10-06T17:51:21.086+0000] {logging_mixin.py:190} INFO - [2025-10-06T17:51:21.086+0000] {dag.py:3239} INFO - Sync 1 DAGs
[2025-10-06T17:51:21.103+0000] {logging_mixin.py:190} INFO - [2025-10-06T17:51:21.102+0000] {dag.py:4180} INFO - Setting next_dagrun for example_kubernetes_executor to None, run_after=None
[2025-10-06T17:51:21.133+0000] {processor.py:208} INFO - Processing /home/airflow/.local/lib/python3.12/site-packages/airflow/example_dags/example_kubernetes_executor.py took 0.116 seconds
[2025-10-06T17:51:52.450+0000] {processor.py:186} INFO - Started process (PID=1365) to work on /home/airflow/.local/lib/python3.12/site-packages/airflow/example_dags/example_kubernetes_executor.py
[2025-10-06T17:51:52.454+0000] {processor.py:914} INFO - Processing file /home/airflow/.local/lib/python3.12/site-packages/airflow/example_dags/example_kubernetes_executor.py for tasks to queue
[2025-10-06T17:51:52.591+0000] {logging_mixin.py:190} INFO - [2025-10-06T17:51:52.518+0000] {dagbag.py:588} INFO - Filling up the DagBag from /home/airflow/.local/lib/python3.12/site-packages/airflow/example_dags/example_kubernetes_executor.py
[2025-10-06T17:51:52.777+0000] {processor.py:925} INFO - DAG(s) 'example_kubernetes_executor' retrieved from /home/airflow/.local/lib/python3.12/site-packages/airflow/example_dags/example_kubernetes_executor.py
[2025-10-06T17:51:52.945+0000] {logging_mixin.py:190} INFO - [2025-10-06T17:51:52.944+0000] {dag.py:3239} INFO - Sync 1 DAGs
[2025-10-06T17:51:53.020+0000] {logging_mixin.py:190} INFO - [2025-10-06T17:51:53.019+0000] {dag.py:4180} INFO - Setting next_dagrun for example_kubernetes_executor to None, run_after=None
[2025-10-06T17:51:53.076+0000] {processor.py:208} INFO - Processing /home/airflow/.local/lib/python3.12/site-packages/airflow/example_dags/example_kubernetes_executor.py took 0.655 seconds
[2025-10-06T17:52:23.560+0000] {processor.py:186} INFO - Started process (PID=1428) to work on /home/airflow/.local/lib/python3.12/site-packages/airflow/example_dags/example_kubernetes_executor.py
[2025-10-06T17:52:23.561+0000] {processor.py:914} INFO - Processing file /home/airflow/.local/lib/python3.12/site-packages/airflow/example_dags/example_kubernetes_executor.py for tasks to queue
[2025-10-06T17:52:23.565+0000] {logging_mixin.py:190} INFO - [2025-10-06T17:52:23.565+0000] {dagbag.py:588} INFO - Filling up the DagBag from /home/airflow/.local/lib/python3.12/site-packages/airflow/example_dags/example_kubernetes_executor.py
[2025-10-06T17:52:23.586+0000] {processor.py:925} INFO - DAG(s) 'example_kubernetes_executor' retrieved from /home/airflow/.local/lib/python3.12/site-packages/airflow/example_dags/example_kubernetes_executor.py
[2025-10-06T17:52:23.625+0000] {logging_mixin.py:190} INFO - [2025-10-06T17:52:23.625+0000] {dag.py:3239} INFO - Sync 1 DAGs
[2025-10-06T17:52:23.641+0000] {logging_mixin.py:190} INFO - [2025-10-06T17:52:23.641+0000] {dag.py:4180} INFO - Setting next_dagrun for example_kubernetes_executor to None, run_after=None
[2025-10-06T17:52:23.666+0000] {processor.py:208} INFO - Processing /home/airflow/.local/lib/python3.12/site-packages/airflow/example_dags/example_kubernetes_executor.py took 0.114 seconds
[2025-10-06T17:52:55.274+0000] {processor.py:186} INFO - Started process (PID=1491) to work on /home/airflow/.local/lib/python3.12/site-packages/airflow/example_dags/example_kubernetes_executor.py
[2025-10-06T17:52:55.275+0000] {processor.py:914} INFO - Processing file /home/airflow/.local/lib/python3.12/site-packages/airflow/example_dags/example_kubernetes_executor.py for tasks to queue
[2025-10-06T17:52:55.278+0000] {logging_mixin.py:190} INFO - [2025-10-06T17:52:55.278+0000] {dagbag.py:588} INFO - Filling up the DagBag from /home/airflow/.local/lib/python3.12/site-packages/airflow/example_dags/example_kubernetes_executor.py
[2025-10-06T17:52:55.294+0000] {processor.py:925} INFO - DAG(s) 'example_kubernetes_executor' retrieved from /home/airflow/.local/lib/python3.12/site-packages/airflow/example_dags/example_kubernetes_executor.py
[2025-10-06T17:52:55.334+0000] {logging_mixin.py:190} INFO - [2025-10-06T17:52:55.334+0000] {dag.py:3239} INFO - Sync 1 DAGs
[2025-10-06T17:52:55.351+0000] {logging_mixin.py:190} INFO - [2025-10-06T17:52:55.351+0000] {dag.py:4180} INFO - Setting next_dagrun for example_kubernetes_executor to None, run_after=None
[2025-10-06T17:52:55.395+0000] {processor.py:208} INFO - Processing /home/airflow/.local/lib/python3.12/site-packages/airflow/example_dags/example_kubernetes_executor.py took 0.128 seconds
[2025-10-06T17:53:26.703+0000] {processor.py:186} INFO - Started process (PID=1554) to work on /home/airflow/.local/lib/python3.12/site-packages/airflow/example_dags/example_kubernetes_executor.py
[2025-10-06T17:53:26.714+0000] {processor.py:914} INFO - Processing file /home/airflow/.local/lib/python3.12/site-packages/airflow/example_dags/example_kubernetes_executor.py for tasks to queue
[2025-10-06T17:53:26.720+0000] {logging_mixin.py:190} INFO - [2025-10-06T17:53:26.719+0000] {dagbag.py:588} INFO - Filling up the DagBag from /home/airflow/.local/lib/python3.12/site-packages/airflow/example_dags/example_kubernetes_executor.py
[2025-10-06T17:53:26.825+0000] {processor.py:925} INFO - DAG(s) 'example_kubernetes_executor' retrieved from /home/airflow/.local/lib/python3.12/site-packages/airflow/example_dags/example_kubernetes_executor.py
[2025-10-06T17:53:27.070+0000] {logging_mixin.py:190} INFO - [2025-10-06T17:53:27.069+0000] {dag.py:3239} INFO - Sync 1 DAGs
[2025-10-06T17:53:27.154+0000] {logging_mixin.py:190} INFO - [2025-10-06T17:53:27.153+0000] {dag.py:4180} INFO - Setting next_dagrun for example_kubernetes_executor to None, run_after=None
[2025-10-06T17:53:27.257+0000] {processor.py:208} INFO - Processing /home/airflow/.local/lib/python3.12/site-packages/airflow/example_dags/example_kubernetes_executor.py took 0.572 seconds
[2025-10-06T17:53:57.765+0000] {processor.py:186} INFO - Started process (PID=1617) to work on /home/airflow/.local/lib/python3.12/site-packages/airflow/example_dags/example_kubernetes_executor.py
[2025-10-06T17:53:57.767+0000] {processor.py:914} INFO - Processing file /home/airflow/.local/lib/python3.12/site-packages/airflow/example_dags/example_kubernetes_executor.py for tasks to queue
[2025-10-06T17:53:57.772+0000] {logging_mixin.py:190} INFO - [2025-10-06T17:53:57.771+0000] {dagbag.py:588} INFO - Filling up the DagBag from /home/airflow/.local/lib/python3.12/site-packages/airflow/example_dags/example_kubernetes_executor.py
[2025-10-06T17:53:57.797+0000] {processor.py:925} INFO - DAG(s) 'example_kubernetes_executor' retrieved from /home/airflow/.local/lib/python3.12/site-packages/airflow/example_dags/example_kubernetes_executor.py
[2025-10-06T17:53:57.843+0000] {logging_mixin.py:190} INFO - [2025-10-06T17:53:57.843+0000] {dag.py:3239} INFO - Sync 1 DAGs
[2025-10-06T17:53:57.865+0000] {logging_mixin.py:190} INFO - [2025-10-06T17:53:57.864+0000] {dag.py:4180} INFO - Setting next_dagrun for example_kubernetes_executor to None, run_after=None
[2025-10-06T17:53:57.889+0000] {processor.py:208} INFO - Processing /home/airflow/.local/lib/python3.12/site-packages/airflow/example_dags/example_kubernetes_executor.py took 0.134 seconds
[2025-10-06T17:54:29.181+0000] {processor.py:186} INFO - Started process (PID=1680) to work on /home/airflow/.local/lib/python3.12/site-packages/airflow/example_dags/example_kubernetes_executor.py
[2025-10-06T17:54:29.182+0000] {processor.py:914} INFO - Processing file /home/airflow/.local/lib/python3.12/site-packages/airflow/example_dags/example_kubernetes_executor.py for tasks to queue
[2025-10-06T17:54:29.186+0000] {logging_mixin.py:190} INFO - [2025-10-06T17:54:29.185+0000] {dagbag.py:588} INFO - Filling up the DagBag from /home/airflow/.local/lib/python3.12/site-packages/airflow/example_dags/example_kubernetes_executor.py
[2025-10-06T17:54:29.205+0000] {processor.py:925} INFO - DAG(s) 'example_kubernetes_executor' retrieved from /home/airflow/.local/lib/python3.12/site-packages/airflow/example_dags/example_kubernetes_executor.py
[2025-10-06T17:54:29.257+0000] {logging_mixin.py:190} INFO - [2025-10-06T17:54:29.257+0000] {dag.py:3239} INFO - Sync 1 DAGs
[2025-10-06T17:54:29.277+0000] {logging_mixin.py:190} INFO - [2025-10-06T17:54:29.277+0000] {dag.py:4180} INFO - Setting next_dagrun for example_kubernetes_executor to None, run_after=None
[2025-10-06T17:54:29.325+0000] {processor.py:208} INFO - Processing /home/airflow/.local/lib/python3.12/site-packages/airflow/example_dags/example_kubernetes_executor.py took 0.153 seconds
[2025-10-06T17:55:01.190+0000] {processor.py:186} INFO - Started process (PID=1743) to work on /home/airflow/.local/lib/python3.12/site-packages/airflow/example_dags/example_kubernetes_executor.py
[2025-10-06T17:55:01.191+0000] {processor.py:914} INFO - Processing file /home/airflow/.local/lib/python3.12/site-packages/airflow/example_dags/example_kubernetes_executor.py for tasks to queue
[2025-10-06T17:55:01.193+0000] {logging_mixin.py:190} INFO - [2025-10-06T17:55:01.193+0000] {dagbag.py:588} INFO - Filling up the DagBag from /home/airflow/.local/lib/python3.12/site-packages/airflow/example_dags/example_kubernetes_executor.py
[2025-10-06T17:55:01.210+0000] {processor.py:925} INFO - DAG(s) 'example_kubernetes_executor' retrieved from /home/airflow/.local/lib/python3.12/site-packages/airflow/example_dags/example_kubernetes_executor.py
[2025-10-06T17:55:01.257+0000] {logging_mixin.py:190} INFO - [2025-10-06T17:55:01.257+0000] {dag.py:3239} INFO - Sync 1 DAGs
[2025-10-06T17:55:01.273+0000] {logging_mixin.py:190} INFO - [2025-10-06T17:55:01.273+0000] {dag.py:4180} INFO - Setting next_dagrun for example_kubernetes_executor to None, run_after=None
[2025-10-06T17:55:01.296+0000] {processor.py:208} INFO - Processing /home/airflow/.local/lib/python3.12/site-packages/airflow/example_dags/example_kubernetes_executor.py took 0.113 seconds
[2025-10-06T17:55:33.331+0000] {processor.py:186} INFO - Started process (PID=1806) to work on /home/airflow/.local/lib/python3.12/site-packages/airflow/example_dags/example_kubernetes_executor.py
[2025-10-06T17:55:33.333+0000] {processor.py:914} INFO - Processing file /home/airflow/.local/lib/python3.12/site-packages/airflow/example_dags/example_kubernetes_executor.py for tasks to queue
[2025-10-06T17:55:33.338+0000] {logging_mixin.py:190} INFO - [2025-10-06T17:55:33.337+0000] {dagbag.py:588} INFO - Filling up the DagBag from /home/airflow/.local/lib/python3.12/site-packages/airflow/example_dags/example_kubernetes_executor.py
[2025-10-06T17:55:33.397+0000] {processor.py:925} INFO - DAG(s) 'example_kubernetes_executor' retrieved from /home/airflow/.local/lib/python3.12/site-packages/airflow/example_dags/example_kubernetes_executor.py
[2025-10-06T17:55:33.481+0000] {logging_mixin.py:190} INFO - [2025-10-06T17:55:33.481+0000] {dag.py:3239} INFO - Sync 1 DAGs
[2025-10-06T17:55:33.520+0000] {logging_mixin.py:190} INFO - [2025-10-06T17:55:33.520+0000] {dag.py:4180} INFO - Setting next_dagrun for example_kubernetes_executor to None, run_after=None
[2025-10-06T17:55:33.631+0000] {processor.py:208} INFO - Processing /home/airflow/.local/lib/python3.12/site-packages/airflow/example_dags/example_kubernetes_executor.py took 0.311 seconds
[2025-10-06T17:56:05.103+0000] {processor.py:186} INFO - Started process (PID=1869) to work on /home/airflow/.local/lib/python3.12/site-packages/airflow/example_dags/example_kubernetes_executor.py
[2025-10-06T17:56:05.104+0000] {processor.py:914} INFO - Processing file /home/airflow/.local/lib/python3.12/site-packages/airflow/example_dags/example_kubernetes_executor.py for tasks to queue
[2025-10-06T17:56:05.108+0000] {logging_mixin.py:190} INFO - [2025-10-06T17:56:05.107+0000] {dagbag.py:588} INFO - Filling up the DagBag from /home/airflow/.local/lib/python3.12/site-packages/airflow/example_dags/example_kubernetes_executor.py
[2025-10-06T17:56:05.150+0000] {processor.py:925} INFO - DAG(s) 'example_kubernetes_executor' retrieved from /home/airflow/.local/lib/python3.12/site-packages/airflow/example_dags/example_kubernetes_executor.py
[2025-10-06T17:56:05.197+0000] {logging_mixin.py:190} INFO - [2025-10-06T17:56:05.196+0000] {dag.py:3239} INFO - Sync 1 DAGs
[2025-10-06T17:56:05.216+0000] {logging_mixin.py:190} INFO - [2025-10-06T17:56:05.216+0000] {dag.py:4180} INFO - Setting next_dagrun for example_kubernetes_executor to None, run_after=None
[2025-10-06T17:56:05.240+0000] {processor.py:208} INFO - Processing /home/airflow/.local/lib/python3.12/site-packages/airflow/example_dags/example_kubernetes_executor.py took 0.143 seconds
[2025-10-06T17:56:36.350+0000] {processor.py:186} INFO - Started process (PID=1932) to work on /home/airflow/.local/lib/python3.12/site-packages/airflow/example_dags/example_kubernetes_executor.py
[2025-10-06T17:56:36.352+0000] {processor.py:914} INFO - Processing file /home/airflow/.local/lib/python3.12/site-packages/airflow/example_dags/example_kubernetes_executor.py for tasks to queue
[2025-10-06T17:56:36.361+0000] {logging_mixin.py:190} INFO - [2025-10-06T17:56:36.360+0000] {dagbag.py:588} INFO - Filling up the DagBag from /home/airflow/.local/lib/python3.12/site-packages/airflow/example_dags/example_kubernetes_executor.py
[2025-10-06T17:56:36.421+0000] {processor.py:925} INFO - DAG(s) 'example_kubernetes_executor' retrieved from /home/airflow/.local/lib/python3.12/site-packages/airflow/example_dags/example_kubernetes_executor.py
[2025-10-06T17:56:36.549+0000] {logging_mixin.py:190} INFO - [2025-10-06T17:56:36.549+0000] {dag.py:3239} INFO - Sync 1 DAGs
[2025-10-06T17:56:36.580+0000] {logging_mixin.py:190} INFO - [2025-10-06T17:56:36.579+0000] {dag.py:4180} INFO - Setting next_dagrun for example_kubernetes_executor to None, run_after=None
[2025-10-06T17:56:36.606+0000] {processor.py:208} INFO - Processing /home/airflow/.local/lib/python3.12/site-packages/airflow/example_dags/example_kubernetes_executor.py took 0.270 seconds
[2025-10-06T17:57:07.474+0000] {processor.py:186} INFO - Started process (PID=1995) to work on /home/airflow/.local/lib/python3.12/site-packages/airflow/example_dags/example_kubernetes_executor.py
[2025-10-06T17:57:07.476+0000] {processor.py:914} INFO - Processing file /home/airflow/.local/lib/python3.12/site-packages/airflow/example_dags/example_kubernetes_executor.py for tasks to queue
[2025-10-06T17:57:07.483+0000] {logging_mixin.py:190} INFO - [2025-10-06T17:57:07.483+0000] {dagbag.py:588} INFO - Filling up the DagBag from /home/airflow/.local/lib/python3.12/site-packages/airflow/example_dags/example_kubernetes_executor.py
[2025-10-06T17:57:07.519+0000] {processor.py:925} INFO - DAG(s) 'example_kubernetes_executor' retrieved from /home/airflow/.local/lib/python3.12/site-packages/airflow/example_dags/example_kubernetes_executor.py
[2025-10-06T17:57:07.616+0000] {logging_mixin.py:190} INFO - [2025-10-06T17:57:07.616+0000] {dag.py:3239} INFO - Sync 1 DAGs
[2025-10-06T17:57:08.178+0000] {logging_mixin.py:190} INFO - [2025-10-06T17:57:07.653+0000] {dag.py:4180} INFO - Setting next_dagrun for example_kubernetes_executor to None, run_after=None
[2025-10-06T17:57:09.257+0000] {processor.py:208} INFO - Processing /home/airflow/.local/lib/python3.12/site-packages/airflow/example_dags/example_kubernetes_executor.py took 0.280 seconds
[2025-10-06T17:57:41.627+0000] {processor.py:186} INFO - Started process (PID=2058) to work on /home/airflow/.local/lib/python3.12/site-packages/airflow/example_dags/example_kubernetes_executor.py
[2025-10-06T17:57:41.629+0000] {processor.py:914} INFO - Processing file /home/airflow/.local/lib/python3.12/site-packages/airflow/example_dags/example_kubernetes_executor.py for tasks to queue
[2025-10-06T17:57:41.632+0000] {logging_mixin.py:190} INFO - [2025-10-06T17:57:41.632+0000] {dagbag.py:588} INFO - Filling up the DagBag from /home/airflow/.local/lib/python3.12/site-packages/airflow/example_dags/example_kubernetes_executor.py
[2025-10-06T17:57:41.659+0000] {processor.py:925} INFO - DAG(s) 'example_kubernetes_executor' retrieved from /home/airflow/.local/lib/python3.12/site-packages/airflow/example_dags/example_kubernetes_executor.py
[2025-10-06T17:57:41.737+0000] {logging_mixin.py:190} INFO - [2025-10-06T17:57:41.737+0000] {dag.py:3239} INFO - Sync 1 DAGs
[2025-10-06T17:57:41.759+0000] {logging_mixin.py:190} INFO - [2025-10-06T17:57:41.759+0000] {dag.py:4180} INFO - Setting next_dagrun for example_kubernetes_executor to None, run_after=None
[2025-10-06T17:57:41.792+0000] {processor.py:208} INFO - Processing /home/airflow/.local/lib/python3.12/site-packages/airflow/example_dags/example_kubernetes_executor.py took 0.178 seconds
[2025-10-06T17:58:13.133+0000] {processor.py:186} INFO - Started process (PID=2122) to work on /home/airflow/.local/lib/python3.12/site-packages/airflow/example_dags/example_kubernetes_executor.py
[2025-10-06T17:58:13.137+0000] {processor.py:914} INFO - Processing file /home/airflow/.local/lib/python3.12/site-packages/airflow/example_dags/example_kubernetes_executor.py for tasks to queue
[2025-10-06T17:58:13.166+0000] {logging_mixin.py:190} INFO - [2025-10-06T17:58:13.165+0000] {dagbag.py:588} INFO - Filling up the DagBag from /home/airflow/.local/lib/python3.12/site-packages/airflow/example_dags/example_kubernetes_executor.py
[2025-10-06T17:58:13.271+0000] {processor.py:925} INFO - DAG(s) 'example_kubernetes_executor' retrieved from /home/airflow/.local/lib/python3.12/site-packages/airflow/example_dags/example_kubernetes_executor.py
[2025-10-06T17:58:13.462+0000] {logging_mixin.py:190} INFO - [2025-10-06T17:58:13.461+0000] {dag.py:3239} INFO - Sync 1 DAGs
[2025-10-06T17:58:13.513+0000] {logging_mixin.py:190} INFO - [2025-10-06T17:58:13.512+0000] {dag.py:4180} INFO - Setting next_dagrun for example_kubernetes_executor to None, run_after=None
[2025-10-06T17:58:13.572+0000] {processor.py:208} INFO - Processing /home/airflow/.local/lib/python3.12/site-packages/airflow/example_dags/example_kubernetes_executor.py took 0.476 seconds
[2025-10-06T17:58:44.521+0000] {processor.py:186} INFO - Started process (PID=2185) to work on /home/airflow/.local/lib/python3.12/site-packages/airflow/example_dags/example_kubernetes_executor.py
[2025-10-06T17:58:44.522+0000] {processor.py:914} INFO - Processing file /home/airflow/.local/lib/python3.12/site-packages/airflow/example_dags/example_kubernetes_executor.py for tasks to queue
[2025-10-06T17:58:44.526+0000] {logging_mixin.py:190} INFO - [2025-10-06T17:58:44.525+0000] {dagbag.py:588} INFO - Filling up the DagBag from /home/airflow/.local/lib/python3.12/site-packages/airflow/example_dags/example_kubernetes_executor.py
[2025-10-06T17:58:44.544+0000] {processor.py:925} INFO - DAG(s) 'example_kubernetes_executor' retrieved from /home/airflow/.local/lib/python3.12/site-packages/airflow/example_dags/example_kubernetes_executor.py
[2025-10-06T17:58:44.592+0000] {logging_mixin.py:190} INFO - [2025-10-06T17:58:44.592+0000] {dag.py:3239} INFO - Sync 1 DAGs
[2025-10-06T17:58:44.614+0000] {logging_mixin.py:190} INFO - [2025-10-06T17:58:44.614+0000] {dag.py:4180} INFO - Setting next_dagrun for example_kubernetes_executor to None, run_after=None
[2025-10-06T17:58:44.657+0000] {processor.py:208} INFO - Processing /home/airflow/.local/lib/python3.12/site-packages/airflow/example_dags/example_kubernetes_executor.py took 0.145 seconds
[2025-10-06T17:59:16.032+0000] {processor.py:186} INFO - Started process (PID=2248) to work on /home/airflow/.local/lib/python3.12/site-packages/airflow/example_dags/example_kubernetes_executor.py
[2025-10-06T17:59:16.034+0000] {processor.py:914} INFO - Processing file /home/airflow/.local/lib/python3.12/site-packages/airflow/example_dags/example_kubernetes_executor.py for tasks to queue
[2025-10-06T17:59:16.040+0000] {logging_mixin.py:190} INFO - [2025-10-06T17:59:16.039+0000] {dagbag.py:588} INFO - Filling up the DagBag from /home/airflow/.local/lib/python3.12/site-packages/airflow/example_dags/example_kubernetes_executor.py
[2025-10-06T17:59:16.068+0000] {processor.py:925} INFO - DAG(s) 'example_kubernetes_executor' retrieved from /home/airflow/.local/lib/python3.12/site-packages/airflow/example_dags/example_kubernetes_executor.py
[2025-10-06T17:59:16.129+0000] {logging_mixin.py:190} INFO - [2025-10-06T17:59:16.129+0000] {dag.py:3239} INFO - Sync 1 DAGs
[2025-10-06T17:59:16.155+0000] {logging_mixin.py:190} INFO - [2025-10-06T17:59:16.154+0000] {dag.py:4180} INFO - Setting next_dagrun for example_kubernetes_executor to None, run_after=None
[2025-10-06T17:59:16.207+0000] {processor.py:208} INFO - Processing /home/airflow/.local/lib/python3.12/site-packages/airflow/example_dags/example_kubernetes_executor.py took 0.185 seconds
[2025-10-06T17:59:46.974+0000] {processor.py:186} INFO - Started process (PID=2311) to work on /home/airflow/.local/lib/python3.12/site-packages/airflow/example_dags/example_kubernetes_executor.py
[2025-10-06T17:59:46.975+0000] {processor.py:914} INFO - Processing file /home/airflow/.local/lib/python3.12/site-packages/airflow/example_dags/example_kubernetes_executor.py for tasks to queue
[2025-10-06T17:59:46.978+0000] {logging_mixin.py:190} INFO - [2025-10-06T17:59:46.977+0000] {dagbag.py:588} INFO - Filling up the DagBag from /home/airflow/.local/lib/python3.12/site-packages/airflow/example_dags/example_kubernetes_executor.py
[2025-10-06T17:59:46.993+0000] {processor.py:925} INFO - DAG(s) 'example_kubernetes_executor' retrieved from /home/airflow/.local/lib/python3.12/site-packages/airflow/example_dags/example_kubernetes_executor.py
[2025-10-06T17:59:47.032+0000] {logging_mixin.py:190} INFO - [2025-10-06T17:59:47.032+0000] {dag.py:3239} INFO - Sync 1 DAGs
[2025-10-06T17:59:47.048+0000] {logging_mixin.py:190} INFO - [2025-10-06T17:59:47.048+0000] {dag.py:4180} INFO - Setting next_dagrun for example_kubernetes_executor to None, run_after=None
[2025-10-06T17:59:47.077+0000] {processor.py:208} INFO - Processing /home/airflow/.local/lib/python3.12/site-packages/airflow/example_dags/example_kubernetes_executor.py took 0.109 seconds
[2025-10-06T18:00:18.461+0000] {processor.py:186} INFO - Started process (PID=2375) to work on /home/airflow/.local/lib/python3.12/site-packages/airflow/example_dags/example_kubernetes_executor.py
[2025-10-06T18:00:18.462+0000] {processor.py:914} INFO - Processing file /home/airflow/.local/lib/python3.12/site-packages/airflow/example_dags/example_kubernetes_executor.py for tasks to queue
[2025-10-06T18:00:18.465+0000] {logging_mixin.py:190} INFO - [2025-10-06T18:00:18.464+0000] {dagbag.py:588} INFO - Filling up the DagBag from /home/airflow/.local/lib/python3.12/site-packages/airflow/example_dags/example_kubernetes_executor.py
[2025-10-06T18:00:18.488+0000] {processor.py:925} INFO - DAG(s) 'example_kubernetes_executor' retrieved from /home/airflow/.local/lib/python3.12/site-packages/airflow/example_dags/example_kubernetes_executor.py
[2025-10-06T18:00:18.544+0000] {logging_mixin.py:190} INFO - [2025-10-06T18:00:18.544+0000] {dag.py:3239} INFO - Sync 1 DAGs
[2025-10-06T18:00:18.565+0000] {logging_mixin.py:190} INFO - [2025-10-06T18:00:18.564+0000] {dag.py:4180} INFO - Setting next_dagrun for example_kubernetes_executor to None, run_after=None
[2025-10-06T18:00:18.593+0000] {processor.py:208} INFO - Processing /home/airflow/.local/lib/python3.12/site-packages/airflow/example_dags/example_kubernetes_executor.py took 0.139 seconds
[2025-10-06T18:00:50.224+0000] {processor.py:186} INFO - Started process (PID=2438) to work on /home/airflow/.local/lib/python3.12/site-packages/airflow/example_dags/example_kubernetes_executor.py
[2025-10-06T18:00:50.226+0000] {processor.py:914} INFO - Processing file /home/airflow/.local/lib/python3.12/site-packages/airflow/example_dags/example_kubernetes_executor.py for tasks to queue
[2025-10-06T18:00:50.231+0000] {logging_mixin.py:190} INFO - [2025-10-06T18:00:50.230+0000] {dagbag.py:588} INFO - Filling up the DagBag from /home/airflow/.local/lib/python3.12/site-packages/airflow/example_dags/example_kubernetes_executor.py
[2025-10-06T18:00:50.252+0000] {processor.py:925} INFO - DAG(s) 'example_kubernetes_executor' retrieved from /home/airflow/.local/lib/python3.12/site-packages/airflow/example_dags/example_kubernetes_executor.py
[2025-10-06T18:00:50.334+0000] {logging_mixin.py:190} INFO - [2025-10-06T18:00:50.333+0000] {dag.py:3239} INFO - Sync 1 DAGs
[2025-10-06T18:00:50.364+0000] {logging_mixin.py:190} INFO - [2025-10-06T18:00:50.364+0000] {dag.py:4180} INFO - Setting next_dagrun for example_kubernetes_executor to None, run_after=None
[2025-10-06T18:00:50.394+0000] {processor.py:208} INFO - Processing /home/airflow/.local/lib/python3.12/site-packages/airflow/example_dags/example_kubernetes_executor.py took 0.179 seconds
[2025-10-06T18:01:21.522+0000] {processor.py:186} INFO - Started process (PID=2502) to work on /home/airflow/.local/lib/python3.12/site-packages/airflow/example_dags/example_kubernetes_executor.py
[2025-10-06T18:01:21.523+0000] {processor.py:914} INFO - Processing file /home/airflow/.local/lib/python3.12/site-packages/airflow/example_dags/example_kubernetes_executor.py for tasks to queue
[2025-10-06T18:01:21.526+0000] {logging_mixin.py:190} INFO - [2025-10-06T18:01:21.526+0000] {dagbag.py:588} INFO - Filling up the DagBag from /home/airflow/.local/lib/python3.12/site-packages/airflow/example_dags/example_kubernetes_executor.py
[2025-10-06T18:01:21.542+0000] {processor.py:925} INFO - DAG(s) 'example_kubernetes_executor' retrieved from /home/airflow/.local/lib/python3.12/site-packages/airflow/example_dags/example_kubernetes_executor.py
[2025-10-06T18:01:21.581+0000] {logging_mixin.py:190} INFO - [2025-10-06T18:01:21.580+0000] {dag.py:3239} INFO - Sync 1 DAGs
[2025-10-06T18:01:21.597+0000] {logging_mixin.py:190} INFO - [2025-10-06T18:01:21.597+0000] {dag.py:4180} INFO - Setting next_dagrun for example_kubernetes_executor to None, run_after=None
[2025-10-06T18:01:21.619+0000] {processor.py:208} INFO - Processing /home/airflow/.local/lib/python3.12/site-packages/airflow/example_dags/example_kubernetes_executor.py took 0.103 seconds
[2025-10-06T18:01:53.566+0000] {processor.py:186} INFO - Started process (PID=2565) to work on /home/airflow/.local/lib/python3.12/site-packages/airflow/example_dags/example_kubernetes_executor.py
[2025-10-06T18:01:53.567+0000] {processor.py:914} INFO - Processing file /home/airflow/.local/lib/python3.12/site-packages/airflow/example_dags/example_kubernetes_executor.py for tasks to queue
[2025-10-06T18:01:53.571+0000] {logging_mixin.py:190} INFO - [2025-10-06T18:01:53.570+0000] {dagbag.py:588} INFO - Filling up the DagBag from /home/airflow/.local/lib/python3.12/site-packages/airflow/example_dags/example_kubernetes_executor.py
[2025-10-06T18:01:53.589+0000] {processor.py:925} INFO - DAG(s) 'example_kubernetes_executor' retrieved from /home/airflow/.local/lib/python3.12/site-packages/airflow/example_dags/example_kubernetes_executor.py
[2025-10-06T18:01:53.634+0000] {logging_mixin.py:190} INFO - [2025-10-06T18:01:53.634+0000] {dag.py:3239} INFO - Sync 1 DAGs
[2025-10-06T18:01:53.649+0000] {logging_mixin.py:190} INFO - [2025-10-06T18:01:53.649+0000] {dag.py:4180} INFO - Setting next_dagrun for example_kubernetes_executor to None, run_after=None
[2025-10-06T18:01:53.678+0000] {processor.py:208} INFO - Processing /home/airflow/.local/lib/python3.12/site-packages/airflow/example_dags/example_kubernetes_executor.py took 0.121 seconds
[2025-10-06T18:02:24.845+0000] {processor.py:186} INFO - Started process (PID=2628) to work on /home/airflow/.local/lib/python3.12/site-packages/airflow/example_dags/example_kubernetes_executor.py
[2025-10-06T18:02:24.847+0000] {processor.py:914} INFO - Processing file /home/airflow/.local/lib/python3.12/site-packages/airflow/example_dags/example_kubernetes_executor.py for tasks to queue
[2025-10-06T18:02:24.850+0000] {logging_mixin.py:190} INFO - [2025-10-06T18:02:24.849+0000] {dagbag.py:588} INFO - Filling up the DagBag from /home/airflow/.local/lib/python3.12/site-packages/airflow/example_dags/example_kubernetes_executor.py
[2025-10-06T18:02:24.868+0000] {processor.py:925} INFO - DAG(s) 'example_kubernetes_executor' retrieved from /home/airflow/.local/lib/python3.12/site-packages/airflow/example_dags/example_kubernetes_executor.py
[2025-10-06T18:02:24.914+0000] {logging_mixin.py:190} INFO - [2025-10-06T18:02:24.914+0000] {dag.py:3239} INFO - Sync 1 DAGs
[2025-10-06T18:02:24.933+0000] {logging_mixin.py:190} INFO - [2025-10-06T18:02:24.933+0000] {dag.py:4180} INFO - Setting next_dagrun for example_kubernetes_executor to None, run_after=None
[2025-10-06T18:02:24.956+0000] {processor.py:208} INFO - Processing /home/airflow/.local/lib/python3.12/site-packages/airflow/example_dags/example_kubernetes_executor.py took 0.118 seconds
[2025-10-06T18:02:56.510+0000] {processor.py:186} INFO - Started process (PID=2691) to work on /home/airflow/.local/lib/python3.12/site-packages/airflow/example_dags/example_kubernetes_executor.py
[2025-10-06T18:02:56.511+0000] {processor.py:914} INFO - Processing file /home/airflow/.local/lib/python3.12/site-packages/airflow/example_dags/example_kubernetes_executor.py for tasks to queue
[2025-10-06T18:02:56.515+0000] {logging_mixin.py:190} INFO - [2025-10-06T18:02:56.515+0000] {dagbag.py:588} INFO - Filling up the DagBag from /home/airflow/.local/lib/python3.12/site-packages/airflow/example_dags/example_kubernetes_executor.py
[2025-10-06T18:02:56.538+0000] {processor.py:925} INFO - DAG(s) 'example_kubernetes_executor' retrieved from /home/airflow/.local/lib/python3.12/site-packages/airflow/example_dags/example_kubernetes_executor.py
[2025-10-06T18:02:56.585+0000] {logging_mixin.py:190} INFO - [2025-10-06T18:02:56.585+0000] {dag.py:3239} INFO - Sync 1 DAGs
[2025-10-06T18:02:56.606+0000] {logging_mixin.py:190} INFO - [2025-10-06T18:02:56.605+0000] {dag.py:4180} INFO - Setting next_dagrun for example_kubernetes_executor to None, run_after=None
[2025-10-06T18:02:56.630+0000] {processor.py:208} INFO - Processing /home/airflow/.local/lib/python3.12/site-packages/airflow/example_dags/example_kubernetes_executor.py took 0.129 seconds
[2025-10-06T18:03:28.027+0000] {processor.py:186} INFO - Started process (PID=2754) to work on /home/airflow/.local/lib/python3.12/site-packages/airflow/example_dags/example_kubernetes_executor.py
[2025-10-06T18:03:28.029+0000] {processor.py:914} INFO - Processing file /home/airflow/.local/lib/python3.12/site-packages/airflow/example_dags/example_kubernetes_executor.py for tasks to queue
[2025-10-06T18:03:28.033+0000] {logging_mixin.py:190} INFO - [2025-10-06T18:03:28.032+0000] {dagbag.py:588} INFO - Filling up the DagBag from /home/airflow/.local/lib/python3.12/site-packages/airflow/example_dags/example_kubernetes_executor.py
[2025-10-06T18:03:28.063+0000] {processor.py:925} INFO - DAG(s) 'example_kubernetes_executor' retrieved from /home/airflow/.local/lib/python3.12/site-packages/airflow/example_dags/example_kubernetes_executor.py
[2025-10-06T18:03:28.135+0000] {logging_mixin.py:190} INFO - [2025-10-06T18:03:28.134+0000] {dag.py:3239} INFO - Sync 1 DAGs
[2025-10-06T18:03:28.157+0000] {logging_mixin.py:190} INFO - [2025-10-06T18:03:28.157+0000] {dag.py:4180} INFO - Setting next_dagrun for example_kubernetes_executor to None, run_after=None
[2025-10-06T18:03:28.194+0000] {processor.py:208} INFO - Processing /home/airflow/.local/lib/python3.12/site-packages/airflow/example_dags/example_kubernetes_executor.py took 0.179 seconds
[2025-10-06T18:03:59.378+0000] {processor.py:186} INFO - Started process (PID=2818) to work on /home/airflow/.local/lib/python3.12/site-packages/airflow/example_dags/example_kubernetes_executor.py
[2025-10-06T18:03:59.382+0000] {processor.py:914} INFO - Processing file /home/airflow/.local/lib/python3.12/site-packages/airflow/example_dags/example_kubernetes_executor.py for tasks to queue
[2025-10-06T18:03:59.386+0000] {logging_mixin.py:190} INFO - [2025-10-06T18:03:59.385+0000] {dagbag.py:588} INFO - Filling up the DagBag from /home/airflow/.local/lib/python3.12/site-packages/airflow/example_dags/example_kubernetes_executor.py
[2025-10-06T18:03:59.409+0000] {processor.py:925} INFO - DAG(s) 'example_kubernetes_executor' retrieved from /home/airflow/.local/lib/python3.12/site-packages/airflow/example_dags/example_kubernetes_executor.py
[2025-10-06T18:03:59.469+0000] {logging_mixin.py:190} INFO - [2025-10-06T18:03:59.468+0000] {dag.py:3239} INFO - Sync 1 DAGs
[2025-10-06T18:03:59.489+0000] {logging_mixin.py:190} INFO - [2025-10-06T18:03:59.489+0000] {dag.py:4180} INFO - Setting next_dagrun for example_kubernetes_executor to None, run_after=None
[2025-10-06T18:03:59.518+0000] {processor.py:208} INFO - Processing /home/airflow/.local/lib/python3.12/site-packages/airflow/example_dags/example_kubernetes_executor.py took 0.148 seconds
[2025-10-06T18:04:31.182+0000] {processor.py:186} INFO - Started process (PID=2881) to work on /home/airflow/.local/lib/python3.12/site-packages/airflow/example_dags/example_kubernetes_executor.py
[2025-10-06T18:04:31.184+0000] {processor.py:914} INFO - Processing file /home/airflow/.local/lib/python3.12/site-packages/airflow/example_dags/example_kubernetes_executor.py for tasks to queue
[2025-10-06T18:04:31.188+0000] {logging_mixin.py:190} INFO - [2025-10-06T18:04:31.188+0000] {dagbag.py:588} INFO - Filling up the DagBag from /home/airflow/.local/lib/python3.12/site-packages/airflow/example_dags/example_kubernetes_executor.py
[2025-10-06T18:04:31.213+0000] {processor.py:925} INFO - DAG(s) 'example_kubernetes_executor' retrieved from /home/airflow/.local/lib/python3.12/site-packages/airflow/example_dags/example_kubernetes_executor.py
[2025-10-06T18:04:31.272+0000] {logging_mixin.py:190} INFO - [2025-10-06T18:04:31.272+0000] {dag.py:3239} INFO - Sync 1 DAGs
[2025-10-06T18:04:31.296+0000] {logging_mixin.py:190} INFO - [2025-10-06T18:04:31.295+0000] {dag.py:4180} INFO - Setting next_dagrun for example_kubernetes_executor to None, run_after=None
[2025-10-06T18:04:31.322+0000] {processor.py:208} INFO - Processing /home/airflow/.local/lib/python3.12/site-packages/airflow/example_dags/example_kubernetes_executor.py took 0.148 seconds
[2025-10-06T18:14:22.674+0000] {processor.py:186} INFO - Started process (PID=68) to work on /home/airflow/.local/lib/python3.12/site-packages/airflow/example_dags/example_kubernetes_executor.py
[2025-10-06T18:14:22.686+0000] {processor.py:914} INFO - Processing file /home/airflow/.local/lib/python3.12/site-packages/airflow/example_dags/example_kubernetes_executor.py for tasks to queue
[2025-10-06T18:14:22.715+0000] {logging_mixin.py:190} INFO - [2025-10-06T18:14:22.706+0000] {dagbag.py:588} INFO - Filling up the DagBag from /home/airflow/.local/lib/python3.12/site-packages/airflow/example_dags/example_kubernetes_executor.py
[2025-10-06T18:14:22.799+0000] {processor.py:925} INFO - DAG(s) 'example_kubernetes_executor' retrieved from /home/airflow/.local/lib/python3.12/site-packages/airflow/example_dags/example_kubernetes_executor.py
[2025-10-06T18:14:22.936+0000] {logging_mixin.py:190} INFO - [2025-10-06T18:14:22.935+0000] {dag.py:3239} INFO - Sync 1 DAGs
[2025-10-06T18:14:22.974+0000] {logging_mixin.py:190} INFO - [2025-10-06T18:14:22.973+0000] {dag.py:4180} INFO - Setting next_dagrun for example_kubernetes_executor to None, run_after=None
[2025-10-06T18:14:23.038+0000] {processor.py:208} INFO - Processing /home/airflow/.local/lib/python3.12/site-packages/airflow/example_dags/example_kubernetes_executor.py took 0.420 seconds
[2025-10-06T18:14:53.942+0000] {processor.py:186} INFO - Started process (PID=131) to work on /home/airflow/.local/lib/python3.12/site-packages/airflow/example_dags/example_kubernetes_executor.py
[2025-10-06T18:14:53.956+0000] {processor.py:914} INFO - Processing file /home/airflow/.local/lib/python3.12/site-packages/airflow/example_dags/example_kubernetes_executor.py for tasks to queue
[2025-10-06T18:14:54.003+0000] {logging_mixin.py:190} INFO - [2025-10-06T18:14:53.998+0000] {dagbag.py:588} INFO - Filling up the DagBag from /home/airflow/.local/lib/python3.12/site-packages/airflow/example_dags/example_kubernetes_executor.py
[2025-10-06T18:14:54.252+0000] {processor.py:925} INFO - DAG(s) 'example_kubernetes_executor' retrieved from /home/airflow/.local/lib/python3.12/site-packages/airflow/example_dags/example_kubernetes_executor.py
[2025-10-06T18:14:54.551+0000] {logging_mixin.py:190} INFO - [2025-10-06T18:14:54.551+0000] {dag.py:3239} INFO - Sync 1 DAGs
[2025-10-06T18:14:54.606+0000] {logging_mixin.py:190} INFO - [2025-10-06T18:14:54.606+0000] {dag.py:4180} INFO - Setting next_dagrun for example_kubernetes_executor to None, run_after=None
[2025-10-06T18:14:54.680+0000] {processor.py:208} INFO - Processing /home/airflow/.local/lib/python3.12/site-packages/airflow/example_dags/example_kubernetes_executor.py took 0.814 seconds
[2025-10-06T18:15:25.798+0000] {processor.py:186} INFO - Started process (PID=163) to work on /home/airflow/.local/lib/python3.12/site-packages/airflow/example_dags/example_kubernetes_executor.py
[2025-10-06T18:15:25.801+0000] {processor.py:914} INFO - Processing file /home/airflow/.local/lib/python3.12/site-packages/airflow/example_dags/example_kubernetes_executor.py for tasks to queue
[2025-10-06T18:15:25.805+0000] {logging_mixin.py:190} INFO - [2025-10-06T18:15:25.804+0000] {dagbag.py:588} INFO - Filling up the DagBag from /home/airflow/.local/lib/python3.12/site-packages/airflow/example_dags/example_kubernetes_executor.py
[2025-10-06T18:15:25.834+0000] {processor.py:925} INFO - DAG(s) 'example_kubernetes_executor' retrieved from /home/airflow/.local/lib/python3.12/site-packages/airflow/example_dags/example_kubernetes_executor.py
[2025-10-06T18:15:26.040+0000] {logging_mixin.py:190} INFO - [2025-10-06T18:15:26.039+0000] {dag.py:3239} INFO - Sync 1 DAGs
[2025-10-06T18:15:26.131+0000] {logging_mixin.py:190} INFO - [2025-10-06T18:15:26.131+0000] {dag.py:4180} INFO - Setting next_dagrun for example_kubernetes_executor to None, run_after=None
[2025-10-06T18:15:26.195+0000] {processor.py:208} INFO - Processing /home/airflow/.local/lib/python3.12/site-packages/airflow/example_dags/example_kubernetes_executor.py took 0.406 seconds
[2025-10-06T18:15:56.298+0000] {processor.py:186} INFO - Started process (PID=226) to work on /home/airflow/.local/lib/python3.12/site-packages/airflow/example_dags/example_kubernetes_executor.py
[2025-10-06T18:15:56.299+0000] {processor.py:914} INFO - Processing file /home/airflow/.local/lib/python3.12/site-packages/airflow/example_dags/example_kubernetes_executor.py for tasks to queue
[2025-10-06T18:15:56.302+0000] {logging_mixin.py:190} INFO - [2025-10-06T18:15:56.302+0000] {dagbag.py:588} INFO - Filling up the DagBag from /home/airflow/.local/lib/python3.12/site-packages/airflow/example_dags/example_kubernetes_executor.py
[2025-10-06T18:15:56.321+0000] {processor.py:925} INFO - DAG(s) 'example_kubernetes_executor' retrieved from /home/airflow/.local/lib/python3.12/site-packages/airflow/example_dags/example_kubernetes_executor.py
[2025-10-06T18:15:56.373+0000] {logging_mixin.py:190} INFO - [2025-10-06T18:15:56.372+0000] {dag.py:3239} INFO - Sync 1 DAGs
[2025-10-06T18:15:56.393+0000] {logging_mixin.py:190} INFO - [2025-10-06T18:15:56.392+0000] {dag.py:4180} INFO - Setting next_dagrun for example_kubernetes_executor to None, run_after=None
[2025-10-06T18:15:56.415+0000] {processor.py:208} INFO - Processing /home/airflow/.local/lib/python3.12/site-packages/airflow/example_dags/example_kubernetes_executor.py took 0.125 seconds
[2025-10-06T18:16:27.739+0000] {processor.py:186} INFO - Started process (PID=279) to work on /home/airflow/.local/lib/python3.12/site-packages/airflow/example_dags/example_kubernetes_executor.py
[2025-10-06T18:16:27.742+0000] {processor.py:914} INFO - Processing file /home/airflow/.local/lib/python3.12/site-packages/airflow/example_dags/example_kubernetes_executor.py for tasks to queue
[2025-10-06T18:16:27.747+0000] {logging_mixin.py:190} INFO - [2025-10-06T18:16:27.746+0000] {dagbag.py:588} INFO - Filling up the DagBag from /home/airflow/.local/lib/python3.12/site-packages/airflow/example_dags/example_kubernetes_executor.py
[2025-10-06T18:16:27.777+0000] {processor.py:925} INFO - DAG(s) 'example_kubernetes_executor' retrieved from /home/airflow/.local/lib/python3.12/site-packages/airflow/example_dags/example_kubernetes_executor.py
[2025-10-06T18:16:27.852+0000] {logging_mixin.py:190} INFO - [2025-10-06T18:16:27.851+0000] {dag.py:3239} INFO - Sync 1 DAGs
[2025-10-06T18:16:27.893+0000] {logging_mixin.py:190} INFO - [2025-10-06T18:16:27.893+0000] {dag.py:4180} INFO - Setting next_dagrun for example_kubernetes_executor to None, run_after=None
[2025-10-06T18:16:27.935+0000] {processor.py:208} INFO - Processing /home/airflow/.local/lib/python3.12/site-packages/airflow/example_dags/example_kubernetes_executor.py took 0.207 seconds
[2025-10-06T18:16:58.509+0000] {processor.py:186} INFO - Started process (PID=340) to work on /home/airflow/.local/lib/python3.12/site-packages/airflow/example_dags/example_kubernetes_executor.py
[2025-10-06T18:16:58.523+0000] {processor.py:914} INFO - Processing file /home/airflow/.local/lib/python3.12/site-packages/airflow/example_dags/example_kubernetes_executor.py for tasks to queue
[2025-10-06T18:16:58.567+0000] {logging_mixin.py:190} INFO - [2025-10-06T18:16:58.563+0000] {dagbag.py:588} INFO - Filling up the DagBag from /home/airflow/.local/lib/python3.12/site-packages/airflow/example_dags/example_kubernetes_executor.py
[2025-10-06T18:16:58.887+0000] {processor.py:925} INFO - DAG(s) 'example_kubernetes_executor' retrieved from /home/airflow/.local/lib/python3.12/site-packages/airflow/example_dags/example_kubernetes_executor.py
[2025-10-06T18:16:59.293+0000] {logging_mixin.py:190} INFO - [2025-10-06T18:16:59.292+0000] {dag.py:3239} INFO - Sync 1 DAGs
[2025-10-06T18:16:59.431+0000] {logging_mixin.py:190} INFO - [2025-10-06T18:16:59.430+0000] {dag.py:4180} INFO - Setting next_dagrun for example_kubernetes_executor to None, run_after=None
[2025-10-06T18:16:59.517+0000] {processor.py:208} INFO - Processing /home/airflow/.local/lib/python3.12/site-packages/airflow/example_dags/example_kubernetes_executor.py took 1.122 seconds
[2025-10-06T18:17:30.390+0000] {processor.py:186} INFO - Started process (PID=403) to work on /home/airflow/.local/lib/python3.12/site-packages/airflow/example_dags/example_kubernetes_executor.py
[2025-10-06T18:17:30.393+0000] {processor.py:914} INFO - Processing file /home/airflow/.local/lib/python3.12/site-packages/airflow/example_dags/example_kubernetes_executor.py for tasks to queue
[2025-10-06T18:17:30.401+0000] {logging_mixin.py:190} INFO - [2025-10-06T18:17:30.400+0000] {dagbag.py:588} INFO - Filling up the DagBag from /home/airflow/.local/lib/python3.12/site-packages/airflow/example_dags/example_kubernetes_executor.py
[2025-10-06T18:17:30.449+0000] {processor.py:925} INFO - DAG(s) 'example_kubernetes_executor' retrieved from /home/airflow/.local/lib/python3.12/site-packages/airflow/example_dags/example_kubernetes_executor.py
[2025-10-06T18:17:30.528+0000] {logging_mixin.py:190} INFO - [2025-10-06T18:17:30.527+0000] {dag.py:3239} INFO - Sync 1 DAGs
[2025-10-06T18:17:30.566+0000] {logging_mixin.py:190} INFO - [2025-10-06T18:17:30.566+0000] {dag.py:4180} INFO - Setting next_dagrun for example_kubernetes_executor to None, run_after=None
[2025-10-06T18:17:30.610+0000] {processor.py:208} INFO - Processing /home/airflow/.local/lib/python3.12/site-packages/airflow/example_dags/example_kubernetes_executor.py took 0.233 seconds
[2025-10-06T18:18:01.012+0000] {processor.py:186} INFO - Started process (PID=466) to work on /home/airflow/.local/lib/python3.12/site-packages/airflow/example_dags/example_kubernetes_executor.py
[2025-10-06T18:18:01.024+0000] {processor.py:914} INFO - Processing file /home/airflow/.local/lib/python3.12/site-packages/airflow/example_dags/example_kubernetes_executor.py for tasks to queue
[2025-10-06T18:18:01.028+0000] {logging_mixin.py:190} INFO - [2025-10-06T18:18:01.028+0000] {dagbag.py:588} INFO - Filling up the DagBag from /home/airflow/.local/lib/python3.12/site-packages/airflow/example_dags/example_kubernetes_executor.py
[2025-10-06T18:18:01.060+0000] {processor.py:925} INFO - DAG(s) 'example_kubernetes_executor' retrieved from /home/airflow/.local/lib/python3.12/site-packages/airflow/example_dags/example_kubernetes_executor.py
[2025-10-06T18:18:01.112+0000] {logging_mixin.py:190} INFO - [2025-10-06T18:18:01.112+0000] {dag.py:3239} INFO - Sync 1 DAGs
[2025-10-06T18:18:01.131+0000] {logging_mixin.py:190} INFO - [2025-10-06T18:18:01.131+0000] {dag.py:4180} INFO - Setting next_dagrun for example_kubernetes_executor to None, run_after=None
[2025-10-06T18:18:01.472+0000] {processor.py:208} INFO - Processing /home/airflow/.local/lib/python3.12/site-packages/airflow/example_dags/example_kubernetes_executor.py took 0.468 seconds
[2025-10-06T18:18:32.769+0000] {processor.py:186} INFO - Started process (PID=530) to work on /home/airflow/.local/lib/python3.12/site-packages/airflow/example_dags/example_kubernetes_executor.py
[2025-10-06T18:18:32.770+0000] {processor.py:914} INFO - Processing file /home/airflow/.local/lib/python3.12/site-packages/airflow/example_dags/example_kubernetes_executor.py for tasks to queue
[2025-10-06T18:18:32.775+0000] {logging_mixin.py:190} INFO - [2025-10-06T18:18:32.774+0000] {dagbag.py:588} INFO - Filling up the DagBag from /home/airflow/.local/lib/python3.12/site-packages/airflow/example_dags/example_kubernetes_executor.py
[2025-10-06T18:18:32.918+0000] {processor.py:925} INFO - DAG(s) 'example_kubernetes_executor' retrieved from /home/airflow/.local/lib/python3.12/site-packages/airflow/example_dags/example_kubernetes_executor.py
[2025-10-06T18:18:34.008+0000] {logging_mixin.py:190} INFO - [2025-10-06T18:18:34.007+0000] {dag.py:3239} INFO - Sync 1 DAGs
[2025-10-06T18:18:34.047+0000] {logging_mixin.py:190} INFO - [2025-10-06T18:18:34.047+0000] {dag.py:4180} INFO - Setting next_dagrun for example_kubernetes_executor to None, run_after=None
[2025-10-06T18:18:34.114+0000] {processor.py:208} INFO - Processing /home/airflow/.local/lib/python3.12/site-packages/airflow/example_dags/example_kubernetes_executor.py took 1.354 seconds
[2025-10-06T18:19:04.292+0000] {processor.py:186} INFO - Started process (PID=593) to work on /home/airflow/.local/lib/python3.12/site-packages/airflow/example_dags/example_kubernetes_executor.py
[2025-10-06T18:19:04.293+0000] {processor.py:914} INFO - Processing file /home/airflow/.local/lib/python3.12/site-packages/airflow/example_dags/example_kubernetes_executor.py for tasks to queue
[2025-10-06T18:19:04.296+0000] {logging_mixin.py:190} INFO - [2025-10-06T18:19:04.295+0000] {dagbag.py:588} INFO - Filling up the DagBag from /home/airflow/.local/lib/python3.12/site-packages/airflow/example_dags/example_kubernetes_executor.py
[2025-10-06T18:19:04.314+0000] {processor.py:925} INFO - DAG(s) 'example_kubernetes_executor' retrieved from /home/airflow/.local/lib/python3.12/site-packages/airflow/example_dags/example_kubernetes_executor.py
[2025-10-06T18:19:04.356+0000] {logging_mixin.py:190} INFO - [2025-10-06T18:19:04.356+0000] {dag.py:3239} INFO - Sync 1 DAGs
[2025-10-06T18:19:04.375+0000] {logging_mixin.py:190} INFO - [2025-10-06T18:19:04.375+0000] {dag.py:4180} INFO - Setting next_dagrun for example_kubernetes_executor to None, run_after=None
[2025-10-06T18:19:04.402+0000] {processor.py:208} INFO - Processing /home/airflow/.local/lib/python3.12/site-packages/airflow/example_dags/example_kubernetes_executor.py took 0.118 seconds
[2025-10-06T18:19:35.653+0000] {processor.py:186} INFO - Started process (PID=656) to work on /home/airflow/.local/lib/python3.12/site-packages/airflow/example_dags/example_kubernetes_executor.py
[2025-10-06T18:19:35.658+0000] {processor.py:914} INFO - Processing file /home/airflow/.local/lib/python3.12/site-packages/airflow/example_dags/example_kubernetes_executor.py for tasks to queue
[2025-10-06T18:19:35.673+0000] {logging_mixin.py:190} INFO - [2025-10-06T18:19:35.673+0000] {dagbag.py:588} INFO - Filling up the DagBag from /home/airflow/.local/lib/python3.12/site-packages/airflow/example_dags/example_kubernetes_executor.py
[2025-10-06T18:19:35.792+0000] {processor.py:925} INFO - DAG(s) 'example_kubernetes_executor' retrieved from /home/airflow/.local/lib/python3.12/site-packages/airflow/example_dags/example_kubernetes_executor.py
[2025-10-06T18:19:36.023+0000] {logging_mixin.py:190} INFO - [2025-10-06T18:19:36.022+0000] {dag.py:3239} INFO - Sync 1 DAGs
[2025-10-06T18:19:36.138+0000] {logging_mixin.py:190} INFO - [2025-10-06T18:19:36.138+0000] {dag.py:4180} INFO - Setting next_dagrun for example_kubernetes_executor to None, run_after=None
[2025-10-06T18:19:36.314+0000] {processor.py:208} INFO - Processing /home/airflow/.local/lib/python3.12/site-packages/airflow/example_dags/example_kubernetes_executor.py took 0.682 seconds
[2025-10-06T18:20:06.566+0000] {processor.py:186} INFO - Started process (PID=718) to work on /home/airflow/.local/lib/python3.12/site-packages/airflow/example_dags/example_kubernetes_executor.py
[2025-10-06T18:20:06.568+0000] {processor.py:914} INFO - Processing file /home/airflow/.local/lib/python3.12/site-packages/airflow/example_dags/example_kubernetes_executor.py for tasks to queue
[2025-10-06T18:20:06.572+0000] {logging_mixin.py:190} INFO - [2025-10-06T18:20:06.571+0000] {dagbag.py:588} INFO - Filling up the DagBag from /home/airflow/.local/lib/python3.12/site-packages/airflow/example_dags/example_kubernetes_executor.py
[2025-10-06T18:20:06.604+0000] {processor.py:925} INFO - DAG(s) 'example_kubernetes_executor' retrieved from /home/airflow/.local/lib/python3.12/site-packages/airflow/example_dags/example_kubernetes_executor.py
[2025-10-06T18:20:06.692+0000] {logging_mixin.py:190} INFO - [2025-10-06T18:20:06.692+0000] {dag.py:3239} INFO - Sync 1 DAGs
[2025-10-06T18:20:06.715+0000] {logging_mixin.py:190} INFO - [2025-10-06T18:20:06.714+0000] {dag.py:4180} INFO - Setting next_dagrun for example_kubernetes_executor to None, run_after=None
[2025-10-06T18:20:06.740+0000] {processor.py:208} INFO - Processing /home/airflow/.local/lib/python3.12/site-packages/airflow/example_dags/example_kubernetes_executor.py took 0.182 seconds
[2025-10-06T18:20:36.970+0000] {processor.py:186} INFO - Started process (PID=781) to work on /home/airflow/.local/lib/python3.12/site-packages/airflow/example_dags/example_kubernetes_executor.py
[2025-10-06T18:20:37.076+0000] {processor.py:914} INFO - Processing file /home/airflow/.local/lib/python3.12/site-packages/airflow/example_dags/example_kubernetes_executor.py for tasks to queue
[2025-10-06T18:20:37.081+0000] {logging_mixin.py:190} INFO - [2025-10-06T18:20:37.080+0000] {dagbag.py:588} INFO - Filling up the DagBag from /home/airflow/.local/lib/python3.12/site-packages/airflow/example_dags/example_kubernetes_executor.py
[2025-10-06T18:20:37.105+0000] {processor.py:925} INFO - DAG(s) 'example_kubernetes_executor' retrieved from /home/airflow/.local/lib/python3.12/site-packages/airflow/example_dags/example_kubernetes_executor.py
[2025-10-06T18:20:37.148+0000] {logging_mixin.py:190} INFO - [2025-10-06T18:20:37.148+0000] {dag.py:3239} INFO - Sync 1 DAGs
[2025-10-06T18:20:37.165+0000] {logging_mixin.py:190} INFO - [2025-10-06T18:20:37.165+0000] {dag.py:4180} INFO - Setting next_dagrun for example_kubernetes_executor to None, run_after=None
[2025-10-06T18:20:37.192+0000] {processor.py:208} INFO - Processing /home/airflow/.local/lib/python3.12/site-packages/airflow/example_dags/example_kubernetes_executor.py took 0.230 seconds
[2025-10-06T18:21:23.746+0000] {processor.py:186} INFO - Started process (PID=50) to work on /home/airflow/.local/lib/python3.12/site-packages/airflow/example_dags/example_kubernetes_executor.py
[2025-10-06T18:21:23.749+0000] {processor.py:914} INFO - Processing file /home/airflow/.local/lib/python3.12/site-packages/airflow/example_dags/example_kubernetes_executor.py for tasks to queue
[2025-10-06T18:21:23.755+0000] {logging_mixin.py:190} INFO - [2025-10-06T18:21:23.754+0000] {dagbag.py:588} INFO - Filling up the DagBag from /home/airflow/.local/lib/python3.12/site-packages/airflow/example_dags/example_kubernetes_executor.py
[2025-10-06T18:21:23.809+0000] {processor.py:925} INFO - DAG(s) 'example_kubernetes_executor' retrieved from /home/airflow/.local/lib/python3.12/site-packages/airflow/example_dags/example_kubernetes_executor.py
[2025-10-06T18:21:23.929+0000] {logging_mixin.py:190} INFO - [2025-10-06T18:21:23.928+0000] {dag.py:3239} INFO - Sync 1 DAGs
[2025-10-06T18:21:23.973+0000] {logging_mixin.py:190} INFO - [2025-10-06T18:21:23.973+0000] {dag.py:4180} INFO - Setting next_dagrun for example_kubernetes_executor to None, run_after=None
[2025-10-06T18:21:24.012+0000] {processor.py:208} INFO - Processing /home/airflow/.local/lib/python3.12/site-packages/airflow/example_dags/example_kubernetes_executor.py took 0.285 seconds
[2025-10-06T18:21:55.854+0000] {processor.py:186} INFO - Started process (PID=112) to work on /home/airflow/.local/lib/python3.12/site-packages/airflow/example_dags/example_kubernetes_executor.py
[2025-10-06T18:21:55.896+0000] {processor.py:914} INFO - Processing file /home/airflow/.local/lib/python3.12/site-packages/airflow/example_dags/example_kubernetes_executor.py for tasks to queue
[2025-10-06T18:21:55.909+0000] {logging_mixin.py:190} INFO - [2025-10-06T18:21:55.905+0000] {dagbag.py:588} INFO - Filling up the DagBag from /home/airflow/.local/lib/python3.12/site-packages/airflow/example_dags/example_kubernetes_executor.py
[2025-10-06T18:21:57.517+0000] {processor.py:925} INFO - DAG(s) 'example_kubernetes_executor' retrieved from /home/airflow/.local/lib/python3.12/site-packages/airflow/example_dags/example_kubernetes_executor.py
[2025-10-06T18:21:58.146+0000] {logging_mixin.py:190} INFO - [2025-10-06T18:21:58.145+0000] {dag.py:3239} INFO - Sync 1 DAGs
[2025-10-06T18:21:58.164+0000] {logging_mixin.py:190} INFO - [2025-10-06T18:21:58.163+0000] {dag.py:4180} INFO - Setting next_dagrun for example_kubernetes_executor to None, run_after=None
[2025-10-06T18:21:58.313+0000] {processor.py:208} INFO - Processing /home/airflow/.local/lib/python3.12/site-packages/airflow/example_dags/example_kubernetes_executor.py took 2.463 seconds
[2025-10-06T18:22:28.483+0000] {processor.py:186} INFO - Started process (PID=176) to work on /home/airflow/.local/lib/python3.12/site-packages/airflow/example_dags/example_kubernetes_executor.py
[2025-10-06T18:22:28.485+0000] {processor.py:914} INFO - Processing file /home/airflow/.local/lib/python3.12/site-packages/airflow/example_dags/example_kubernetes_executor.py for tasks to queue
[2025-10-06T18:22:28.488+0000] {logging_mixin.py:190} INFO - [2025-10-06T18:22:28.487+0000] {dagbag.py:588} INFO - Filling up the DagBag from /home/airflow/.local/lib/python3.12/site-packages/airflow/example_dags/example_kubernetes_executor.py
[2025-10-06T18:22:28.505+0000] {processor.py:925} INFO - DAG(s) 'example_kubernetes_executor' retrieved from /home/airflow/.local/lib/python3.12/site-packages/airflow/example_dags/example_kubernetes_executor.py
[2025-10-06T18:22:28.560+0000] {logging_mixin.py:190} INFO - [2025-10-06T18:22:28.559+0000] {dag.py:3239} INFO - Sync 1 DAGs
[2025-10-06T18:22:28.580+0000] {logging_mixin.py:190} INFO - [2025-10-06T18:22:28.580+0000] {dag.py:4180} INFO - Setting next_dagrun for example_kubernetes_executor to None, run_after=None
[2025-10-06T18:22:28.610+0000] {processor.py:208} INFO - Processing /home/airflow/.local/lib/python3.12/site-packages/airflow/example_dags/example_kubernetes_executor.py took 0.133 seconds
[2025-10-06T18:22:58.782+0000] {processor.py:186} INFO - Started process (PID=238) to work on /home/airflow/.local/lib/python3.12/site-packages/airflow/example_dags/example_kubernetes_executor.py
[2025-10-06T18:22:58.783+0000] {processor.py:914} INFO - Processing file /home/airflow/.local/lib/python3.12/site-packages/airflow/example_dags/example_kubernetes_executor.py for tasks to queue
[2025-10-06T18:22:58.786+0000] {logging_mixin.py:190} INFO - [2025-10-06T18:22:58.786+0000] {dagbag.py:588} INFO - Filling up the DagBag from /home/airflow/.local/lib/python3.12/site-packages/airflow/example_dags/example_kubernetes_executor.py
[2025-10-06T18:22:58.802+0000] {processor.py:925} INFO - DAG(s) 'example_kubernetes_executor' retrieved from /home/airflow/.local/lib/python3.12/site-packages/airflow/example_dags/example_kubernetes_executor.py
[2025-10-06T18:22:58.843+0000] {logging_mixin.py:190} INFO - [2025-10-06T18:22:58.843+0000] {dag.py:3239} INFO - Sync 1 DAGs
[2025-10-06T18:22:58.861+0000] {logging_mixin.py:190} INFO - [2025-10-06T18:22:58.861+0000] {dag.py:4180} INFO - Setting next_dagrun for example_kubernetes_executor to None, run_after=None
[2025-10-06T18:22:58.891+0000] {processor.py:208} INFO - Processing /home/airflow/.local/lib/python3.12/site-packages/airflow/example_dags/example_kubernetes_executor.py took 0.116 seconds
[2025-10-06T18:23:29.070+0000] {processor.py:186} INFO - Started process (PID=302) to work on /home/airflow/.local/lib/python3.12/site-packages/airflow/example_dags/example_kubernetes_executor.py
[2025-10-06T18:23:29.074+0000] {processor.py:914} INFO - Processing file /home/airflow/.local/lib/python3.12/site-packages/airflow/example_dags/example_kubernetes_executor.py for tasks to queue
[2025-10-06T18:23:29.081+0000] {logging_mixin.py:190} INFO - [2025-10-06T18:23:29.080+0000] {dagbag.py:588} INFO - Filling up the DagBag from /home/airflow/.local/lib/python3.12/site-packages/airflow/example_dags/example_kubernetes_executor.py
[2025-10-06T18:23:29.113+0000] {processor.py:925} INFO - DAG(s) 'example_kubernetes_executor' retrieved from /home/airflow/.local/lib/python3.12/site-packages/airflow/example_dags/example_kubernetes_executor.py
[2025-10-06T18:23:29.195+0000] {logging_mixin.py:190} INFO - [2025-10-06T18:23:29.194+0000] {dag.py:3239} INFO - Sync 1 DAGs
[2025-10-06T18:23:29.222+0000] {logging_mixin.py:190} INFO - [2025-10-06T18:23:29.222+0000] {dag.py:4180} INFO - Setting next_dagrun for example_kubernetes_executor to None, run_after=None
[2025-10-06T18:23:29.247+0000] {processor.py:208} INFO - Processing /home/airflow/.local/lib/python3.12/site-packages/airflow/example_dags/example_kubernetes_executor.py took 0.187 seconds
[2025-10-06T18:23:59.414+0000] {processor.py:186} INFO - Started process (PID=364) to work on /home/airflow/.local/lib/python3.12/site-packages/airflow/example_dags/example_kubernetes_executor.py
[2025-10-06T18:23:59.415+0000] {processor.py:914} INFO - Processing file /home/airflow/.local/lib/python3.12/site-packages/airflow/example_dags/example_kubernetes_executor.py for tasks to queue
[2025-10-06T18:23:59.418+0000] {logging_mixin.py:190} INFO - [2025-10-06T18:23:59.418+0000] {dagbag.py:588} INFO - Filling up the DagBag from /home/airflow/.local/lib/python3.12/site-packages/airflow/example_dags/example_kubernetes_executor.py
[2025-10-06T18:23:59.435+0000] {processor.py:925} INFO - DAG(s) 'example_kubernetes_executor' retrieved from /home/airflow/.local/lib/python3.12/site-packages/airflow/example_dags/example_kubernetes_executor.py
[2025-10-06T18:23:59.480+0000] {logging_mixin.py:190} INFO - [2025-10-06T18:23:59.480+0000] {dag.py:3239} INFO - Sync 1 DAGs
[2025-10-06T18:23:59.502+0000] {logging_mixin.py:190} INFO - [2025-10-06T18:23:59.501+0000] {dag.py:4180} INFO - Setting next_dagrun for example_kubernetes_executor to None, run_after=None
[2025-10-06T18:23:59.530+0000] {processor.py:208} INFO - Processing /home/airflow/.local/lib/python3.12/site-packages/airflow/example_dags/example_kubernetes_executor.py took 0.123 seconds
[2025-10-06T18:24:30.048+0000] {processor.py:186} INFO - Started process (PID=427) to work on /home/airflow/.local/lib/python3.12/site-packages/airflow/example_dags/example_kubernetes_executor.py
[2025-10-06T18:24:30.050+0000] {processor.py:914} INFO - Processing file /home/airflow/.local/lib/python3.12/site-packages/airflow/example_dags/example_kubernetes_executor.py for tasks to queue
[2025-10-06T18:24:30.054+0000] {logging_mixin.py:190} INFO - [2025-10-06T18:24:30.053+0000] {dagbag.py:588} INFO - Filling up the DagBag from /home/airflow/.local/lib/python3.12/site-packages/airflow/example_dags/example_kubernetes_executor.py
[2025-10-06T18:24:30.121+0000] {processor.py:925} INFO - DAG(s) 'example_kubernetes_executor' retrieved from /home/airflow/.local/lib/python3.12/site-packages/airflow/example_dags/example_kubernetes_executor.py
[2025-10-06T18:24:30.205+0000] {logging_mixin.py:190} INFO - [2025-10-06T18:24:30.205+0000] {dag.py:3239} INFO - Sync 1 DAGs
[2025-10-06T18:24:30.232+0000] {logging_mixin.py:190} INFO - [2025-10-06T18:24:30.231+0000] {dag.py:4180} INFO - Setting next_dagrun for example_kubernetes_executor to None, run_after=None
[2025-10-06T18:24:30.344+0000] {processor.py:208} INFO - Processing /home/airflow/.local/lib/python3.12/site-packages/airflow/example_dags/example_kubernetes_executor.py took 0.313 seconds
[2025-10-06T18:25:01.308+0000] {processor.py:186} INFO - Started process (PID=490) to work on /home/airflow/.local/lib/python3.12/site-packages/airflow/example_dags/example_kubernetes_executor.py
[2025-10-06T18:25:01.309+0000] {processor.py:914} INFO - Processing file /home/airflow/.local/lib/python3.12/site-packages/airflow/example_dags/example_kubernetes_executor.py for tasks to queue
[2025-10-06T18:25:01.312+0000] {logging_mixin.py:190} INFO - [2025-10-06T18:25:01.312+0000] {dagbag.py:588} INFO - Filling up the DagBag from /home/airflow/.local/lib/python3.12/site-packages/airflow/example_dags/example_kubernetes_executor.py
[2025-10-06T18:25:01.455+0000] {processor.py:925} INFO - DAG(s) 'example_kubernetes_executor' retrieved from /home/airflow/.local/lib/python3.12/site-packages/airflow/example_dags/example_kubernetes_executor.py
[2025-10-06T18:25:01.999+0000] {logging_mixin.py:190} INFO - [2025-10-06T18:25:01.999+0000] {dag.py:3239} INFO - Sync 1 DAGs
[2025-10-06T18:25:02.020+0000] {logging_mixin.py:190} INFO - [2025-10-06T18:25:02.020+0000] {dag.py:4180} INFO - Setting next_dagrun for example_kubernetes_executor to None, run_after=None
[2025-10-06T18:25:02.059+0000] {processor.py:208} INFO - Processing /home/airflow/.local/lib/python3.12/site-packages/airflow/example_dags/example_kubernetes_executor.py took 0.760 seconds
[2025-10-06T18:25:32.343+0000] {processor.py:186} INFO - Started process (PID=554) to work on /home/airflow/.local/lib/python3.12/site-packages/airflow/example_dags/example_kubernetes_executor.py
[2025-10-06T18:25:32.344+0000] {processor.py:914} INFO - Processing file /home/airflow/.local/lib/python3.12/site-packages/airflow/example_dags/example_kubernetes_executor.py for tasks to queue
[2025-10-06T18:25:32.348+0000] {logging_mixin.py:190} INFO - [2025-10-06T18:25:32.347+0000] {dagbag.py:588} INFO - Filling up the DagBag from /home/airflow/.local/lib/python3.12/site-packages/airflow/example_dags/example_kubernetes_executor.py
[2025-10-06T18:25:32.368+0000] {processor.py:925} INFO - DAG(s) 'example_kubernetes_executor' retrieved from /home/airflow/.local/lib/python3.12/site-packages/airflow/example_dags/example_kubernetes_executor.py
[2025-10-06T18:25:32.413+0000] {logging_mixin.py:190} INFO - [2025-10-06T18:25:32.413+0000] {dag.py:3239} INFO - Sync 1 DAGs
[2025-10-06T18:25:32.430+0000] {logging_mixin.py:190} INFO - [2025-10-06T18:25:32.430+0000] {dag.py:4180} INFO - Setting next_dagrun for example_kubernetes_executor to None, run_after=None
[2025-10-06T18:25:32.454+0000] {processor.py:208} INFO - Processing /home/airflow/.local/lib/python3.12/site-packages/airflow/example_dags/example_kubernetes_executor.py took 0.120 seconds
[2025-10-06T18:26:02.872+0000] {processor.py:186} INFO - Started process (PID=618) to work on /home/airflow/.local/lib/python3.12/site-packages/airflow/example_dags/example_kubernetes_executor.py
[2025-10-06T18:26:03.006+0000] {processor.py:914} INFO - Processing file /home/airflow/.local/lib/python3.12/site-packages/airflow/example_dags/example_kubernetes_executor.py for tasks to queue
[2025-10-06T18:26:03.010+0000] {logging_mixin.py:190} INFO - [2025-10-06T18:26:03.009+0000] {dagbag.py:588} INFO - Filling up the DagBag from /home/airflow/.local/lib/python3.12/site-packages/airflow/example_dags/example_kubernetes_executor.py
[2025-10-06T18:26:03.039+0000] {processor.py:925} INFO - DAG(s) 'example_kubernetes_executor' retrieved from /home/airflow/.local/lib/python3.12/site-packages/airflow/example_dags/example_kubernetes_executor.py
[2025-10-06T18:26:03.196+0000] {logging_mixin.py:190} INFO - [2025-10-06T18:26:03.196+0000] {dag.py:3239} INFO - Sync 1 DAGs
[2025-10-06T18:26:03.215+0000] {logging_mixin.py:190} INFO - [2025-10-06T18:26:03.214+0000] {dag.py:4180} INFO - Setting next_dagrun for example_kubernetes_executor to None, run_after=None
[2025-10-06T18:26:03.264+0000] {processor.py:208} INFO - Processing /home/airflow/.local/lib/python3.12/site-packages/airflow/example_dags/example_kubernetes_executor.py took 0.401 seconds
[2025-10-06T18:26:33.428+0000] {processor.py:186} INFO - Started process (PID=681) to work on /home/airflow/.local/lib/python3.12/site-packages/airflow/example_dags/example_kubernetes_executor.py
[2025-10-06T18:26:33.430+0000] {processor.py:914} INFO - Processing file /home/airflow/.local/lib/python3.12/site-packages/airflow/example_dags/example_kubernetes_executor.py for tasks to queue
[2025-10-06T18:26:33.433+0000] {logging_mixin.py:190} INFO - [2025-10-06T18:26:33.433+0000] {dagbag.py:588} INFO - Filling up the DagBag from /home/airflow/.local/lib/python3.12/site-packages/airflow/example_dags/example_kubernetes_executor.py
[2025-10-06T18:26:33.461+0000] {processor.py:925} INFO - DAG(s) 'example_kubernetes_executor' retrieved from /home/airflow/.local/lib/python3.12/site-packages/airflow/example_dags/example_kubernetes_executor.py
[2025-10-06T18:26:33.508+0000] {logging_mixin.py:190} INFO - [2025-10-06T18:26:33.508+0000] {dag.py:3239} INFO - Sync 1 DAGs
[2025-10-06T18:26:33.525+0000] {logging_mixin.py:190} INFO - [2025-10-06T18:26:33.525+0000] {dag.py:4180} INFO - Setting next_dagrun for example_kubernetes_executor to None, run_after=None
[2025-10-06T18:26:33.592+0000] {processor.py:208} INFO - Processing /home/airflow/.local/lib/python3.12/site-packages/airflow/example_dags/example_kubernetes_executor.py took 0.172 seconds
[2025-10-06T18:27:04.382+0000] {processor.py:186} INFO - Started process (PID=744) to work on /home/airflow/.local/lib/python3.12/site-packages/airflow/example_dags/example_kubernetes_executor.py
[2025-10-06T18:27:04.384+0000] {processor.py:914} INFO - Processing file /home/airflow/.local/lib/python3.12/site-packages/airflow/example_dags/example_kubernetes_executor.py for tasks to queue
[2025-10-06T18:27:04.388+0000] {logging_mixin.py:190} INFO - [2025-10-06T18:27:04.387+0000] {dagbag.py:588} INFO - Filling up the DagBag from /home/airflow/.local/lib/python3.12/site-packages/airflow/example_dags/example_kubernetes_executor.py
[2025-10-06T18:27:04.410+0000] {processor.py:925} INFO - DAG(s) 'example_kubernetes_executor' retrieved from /home/airflow/.local/lib/python3.12/site-packages/airflow/example_dags/example_kubernetes_executor.py
[2025-10-06T18:27:04.454+0000] {logging_mixin.py:190} INFO - [2025-10-06T18:27:04.454+0000] {dag.py:3239} INFO - Sync 1 DAGs
[2025-10-06T18:27:04.471+0000] {logging_mixin.py:190} INFO - [2025-10-06T18:27:04.471+0000] {dag.py:4180} INFO - Setting next_dagrun for example_kubernetes_executor to None, run_after=None
[2025-10-06T18:27:04.503+0000] {processor.py:208} INFO - Processing /home/airflow/.local/lib/python3.12/site-packages/airflow/example_dags/example_kubernetes_executor.py took 0.130 seconds
[2025-10-06T18:27:34.807+0000] {processor.py:186} INFO - Started process (PID=807) to work on /home/airflow/.local/lib/python3.12/site-packages/airflow/example_dags/example_kubernetes_executor.py
[2025-10-06T18:27:34.809+0000] {processor.py:914} INFO - Processing file /home/airflow/.local/lib/python3.12/site-packages/airflow/example_dags/example_kubernetes_executor.py for tasks to queue
[2025-10-06T18:27:34.813+0000] {logging_mixin.py:190} INFO - [2025-10-06T18:27:34.812+0000] {dagbag.py:588} INFO - Filling up the DagBag from /home/airflow/.local/lib/python3.12/site-packages/airflow/example_dags/example_kubernetes_executor.py
[2025-10-06T18:27:34.831+0000] {processor.py:925} INFO - DAG(s) 'example_kubernetes_executor' retrieved from /home/airflow/.local/lib/python3.12/site-packages/airflow/example_dags/example_kubernetes_executor.py
[2025-10-06T18:27:34.875+0000] {logging_mixin.py:190} INFO - [2025-10-06T18:27:34.874+0000] {dag.py:3239} INFO - Sync 1 DAGs
[2025-10-06T18:27:34.891+0000] {logging_mixin.py:190} INFO - [2025-10-06T18:27:34.890+0000] {dag.py:4180} INFO - Setting next_dagrun for example_kubernetes_executor to None, run_after=None
[2025-10-06T18:27:34.914+0000] {processor.py:208} INFO - Processing /home/airflow/.local/lib/python3.12/site-packages/airflow/example_dags/example_kubernetes_executor.py took 0.116 seconds
[2025-10-06T18:28:05.103+0000] {processor.py:186} INFO - Started process (PID=870) to work on /home/airflow/.local/lib/python3.12/site-packages/airflow/example_dags/example_kubernetes_executor.py
[2025-10-06T18:28:05.104+0000] {processor.py:914} INFO - Processing file /home/airflow/.local/lib/python3.12/site-packages/airflow/example_dags/example_kubernetes_executor.py for tasks to queue
[2025-10-06T18:28:05.108+0000] {logging_mixin.py:190} INFO - [2025-10-06T18:28:05.107+0000] {dagbag.py:588} INFO - Filling up the DagBag from /home/airflow/.local/lib/python3.12/site-packages/airflow/example_dags/example_kubernetes_executor.py
[2025-10-06T18:28:05.130+0000] {processor.py:925} INFO - DAG(s) 'example_kubernetes_executor' retrieved from /home/airflow/.local/lib/python3.12/site-packages/airflow/example_dags/example_kubernetes_executor.py
[2025-10-06T18:28:05.174+0000] {logging_mixin.py:190} INFO - [2025-10-06T18:28:05.174+0000] {dag.py:3239} INFO - Sync 1 DAGs
[2025-10-06T18:28:05.195+0000] {logging_mixin.py:190} INFO - [2025-10-06T18:28:05.195+0000] {dag.py:4180} INFO - Setting next_dagrun for example_kubernetes_executor to None, run_after=None
[2025-10-06T18:28:05.227+0000] {processor.py:208} INFO - Processing /home/airflow/.local/lib/python3.12/site-packages/airflow/example_dags/example_kubernetes_executor.py took 0.133 seconds
[2025-10-06T18:28:35.433+0000] {processor.py:186} INFO - Started process (PID=933) to work on /home/airflow/.local/lib/python3.12/site-packages/airflow/example_dags/example_kubernetes_executor.py
[2025-10-06T18:28:35.434+0000] {processor.py:914} INFO - Processing file /home/airflow/.local/lib/python3.12/site-packages/airflow/example_dags/example_kubernetes_executor.py for tasks to queue
[2025-10-06T18:28:35.437+0000] {logging_mixin.py:190} INFO - [2025-10-06T18:28:35.436+0000] {dagbag.py:588} INFO - Filling up the DagBag from /home/airflow/.local/lib/python3.12/site-packages/airflow/example_dags/example_kubernetes_executor.py
[2025-10-06T18:28:35.453+0000] {processor.py:925} INFO - DAG(s) 'example_kubernetes_executor' retrieved from /home/airflow/.local/lib/python3.12/site-packages/airflow/example_dags/example_kubernetes_executor.py
[2025-10-06T18:28:35.491+0000] {logging_mixin.py:190} INFO - [2025-10-06T18:28:35.491+0000] {dag.py:3239} INFO - Sync 1 DAGs
[2025-10-06T18:28:35.507+0000] {logging_mixin.py:190} INFO - [2025-10-06T18:28:35.507+0000] {dag.py:4180} INFO - Setting next_dagrun for example_kubernetes_executor to None, run_after=None
[2025-10-06T18:28:35.537+0000] {processor.py:208} INFO - Processing /home/airflow/.local/lib/python3.12/site-packages/airflow/example_dags/example_kubernetes_executor.py took 0.112 seconds
[2025-10-06T18:29:05.767+0000] {processor.py:186} INFO - Started process (PID=997) to work on /home/airflow/.local/lib/python3.12/site-packages/airflow/example_dags/example_kubernetes_executor.py
[2025-10-06T18:29:05.769+0000] {processor.py:914} INFO - Processing file /home/airflow/.local/lib/python3.12/site-packages/airflow/example_dags/example_kubernetes_executor.py for tasks to queue
[2025-10-06T18:29:05.774+0000] {logging_mixin.py:190} INFO - [2025-10-06T18:29:05.773+0000] {dagbag.py:588} INFO - Filling up the DagBag from /home/airflow/.local/lib/python3.12/site-packages/airflow/example_dags/example_kubernetes_executor.py
[2025-10-06T18:29:05.795+0000] {processor.py:925} INFO - DAG(s) 'example_kubernetes_executor' retrieved from /home/airflow/.local/lib/python3.12/site-packages/airflow/example_dags/example_kubernetes_executor.py
[2025-10-06T18:29:05.848+0000] {logging_mixin.py:190} INFO - [2025-10-06T18:29:05.848+0000] {dag.py:3239} INFO - Sync 1 DAGs
[2025-10-06T18:29:05.870+0000] {logging_mixin.py:190} INFO - [2025-10-06T18:29:05.869+0000] {dag.py:4180} INFO - Setting next_dagrun for example_kubernetes_executor to None, run_after=None
[2025-10-06T18:29:05.904+0000] {processor.py:208} INFO - Processing /home/airflow/.local/lib/python3.12/site-packages/airflow/example_dags/example_kubernetes_executor.py took 0.145 seconds
[2025-10-06T18:29:36.915+0000] {processor.py:186} INFO - Started process (PID=1060) to work on /home/airflow/.local/lib/python3.12/site-packages/airflow/example_dags/example_kubernetes_executor.py
[2025-10-06T18:29:36.917+0000] {processor.py:914} INFO - Processing file /home/airflow/.local/lib/python3.12/site-packages/airflow/example_dags/example_kubernetes_executor.py for tasks to queue
[2025-10-06T18:29:36.920+0000] {logging_mixin.py:190} INFO - [2025-10-06T18:29:36.919+0000] {dagbag.py:588} INFO - Filling up the DagBag from /home/airflow/.local/lib/python3.12/site-packages/airflow/example_dags/example_kubernetes_executor.py
[2025-10-06T18:29:36.939+0000] {processor.py:925} INFO - DAG(s) 'example_kubernetes_executor' retrieved from /home/airflow/.local/lib/python3.12/site-packages/airflow/example_dags/example_kubernetes_executor.py
[2025-10-06T18:29:36.990+0000] {logging_mixin.py:190} INFO - [2025-10-06T18:29:36.990+0000] {dag.py:3239} INFO - Sync 1 DAGs
[2025-10-06T18:29:37.014+0000] {logging_mixin.py:190} INFO - [2025-10-06T18:29:37.014+0000] {dag.py:4180} INFO - Setting next_dagrun for example_kubernetes_executor to None, run_after=None
[2025-10-06T18:29:37.042+0000] {processor.py:208} INFO - Processing /home/airflow/.local/lib/python3.12/site-packages/airflow/example_dags/example_kubernetes_executor.py took 0.134 seconds
[2025-10-06T18:30:07.552+0000] {processor.py:186} INFO - Started process (PID=1123) to work on /home/airflow/.local/lib/python3.12/site-packages/airflow/example_dags/example_kubernetes_executor.py
[2025-10-06T18:30:07.554+0000] {processor.py:914} INFO - Processing file /home/airflow/.local/lib/python3.12/site-packages/airflow/example_dags/example_kubernetes_executor.py for tasks to queue
[2025-10-06T18:30:07.559+0000] {logging_mixin.py:190} INFO - [2025-10-06T18:30:07.558+0000] {dagbag.py:588} INFO - Filling up the DagBag from /home/airflow/.local/lib/python3.12/site-packages/airflow/example_dags/example_kubernetes_executor.py
[2025-10-06T18:30:07.585+0000] {processor.py:925} INFO - DAG(s) 'example_kubernetes_executor' retrieved from /home/airflow/.local/lib/python3.12/site-packages/airflow/example_dags/example_kubernetes_executor.py
[2025-10-06T18:30:07.644+0000] {logging_mixin.py:190} INFO - [2025-10-06T18:30:07.644+0000] {dag.py:3239} INFO - Sync 1 DAGs
[2025-10-06T18:30:07.693+0000] {logging_mixin.py:190} INFO - [2025-10-06T18:30:07.692+0000] {dag.py:4180} INFO - Setting next_dagrun for example_kubernetes_executor to None, run_after=None
[2025-10-06T18:30:07.733+0000] {processor.py:208} INFO - Processing /home/airflow/.local/lib/python3.12/site-packages/airflow/example_dags/example_kubernetes_executor.py took 0.191 seconds
[2025-10-06T18:30:38.753+0000] {processor.py:186} INFO - Started process (PID=1187) to work on /home/airflow/.local/lib/python3.12/site-packages/airflow/example_dags/example_kubernetes_executor.py
[2025-10-06T18:30:38.754+0000] {processor.py:914} INFO - Processing file /home/airflow/.local/lib/python3.12/site-packages/airflow/example_dags/example_kubernetes_executor.py for tasks to queue
[2025-10-06T18:30:38.757+0000] {logging_mixin.py:190} INFO - [2025-10-06T18:30:38.757+0000] {dagbag.py:588} INFO - Filling up the DagBag from /home/airflow/.local/lib/python3.12/site-packages/airflow/example_dags/example_kubernetes_executor.py
[2025-10-06T18:30:38.772+0000] {processor.py:925} INFO - DAG(s) 'example_kubernetes_executor' retrieved from /home/airflow/.local/lib/python3.12/site-packages/airflow/example_dags/example_kubernetes_executor.py
[2025-10-06T18:30:38.815+0000] {logging_mixin.py:190} INFO - [2025-10-06T18:30:38.815+0000] {dag.py:3239} INFO - Sync 1 DAGs
[2025-10-06T18:30:38.832+0000] {logging_mixin.py:190} INFO - [2025-10-06T18:30:38.832+0000] {dag.py:4180} INFO - Setting next_dagrun for example_kubernetes_executor to None, run_after=None
[2025-10-06T18:30:38.856+0000] {processor.py:208} INFO - Processing /home/airflow/.local/lib/python3.12/site-packages/airflow/example_dags/example_kubernetes_executor.py took 0.109 seconds
[2025-10-06T18:31:08.936+0000] {processor.py:186} INFO - Started process (PID=1250) to work on /home/airflow/.local/lib/python3.12/site-packages/airflow/example_dags/example_kubernetes_executor.py
[2025-10-06T18:31:08.938+0000] {processor.py:914} INFO - Processing file /home/airflow/.local/lib/python3.12/site-packages/airflow/example_dags/example_kubernetes_executor.py for tasks to queue
[2025-10-06T18:31:08.941+0000] {logging_mixin.py:190} INFO - [2025-10-06T18:31:08.941+0000] {dagbag.py:588} INFO - Filling up the DagBag from /home/airflow/.local/lib/python3.12/site-packages/airflow/example_dags/example_kubernetes_executor.py
[2025-10-06T18:31:08.958+0000] {processor.py:925} INFO - DAG(s) 'example_kubernetes_executor' retrieved from /home/airflow/.local/lib/python3.12/site-packages/airflow/example_dags/example_kubernetes_executor.py
[2025-10-06T18:31:08.999+0000] {logging_mixin.py:190} INFO - [2025-10-06T18:31:08.999+0000] {dag.py:3239} INFO - Sync 1 DAGs
[2025-10-06T18:31:09.025+0000] {logging_mixin.py:190} INFO - [2025-10-06T18:31:09.024+0000] {dag.py:4180} INFO - Setting next_dagrun for example_kubernetes_executor to None, run_after=None
[2025-10-06T18:31:09.055+0000] {processor.py:208} INFO - Processing /home/airflow/.local/lib/python3.12/site-packages/airflow/example_dags/example_kubernetes_executor.py took 0.128 seconds
[2025-10-06T18:31:39.141+0000] {processor.py:186} INFO - Started process (PID=1312) to work on /home/airflow/.local/lib/python3.12/site-packages/airflow/example_dags/example_kubernetes_executor.py
[2025-10-06T18:31:39.142+0000] {processor.py:914} INFO - Processing file /home/airflow/.local/lib/python3.12/site-packages/airflow/example_dags/example_kubernetes_executor.py for tasks to queue
[2025-10-06T18:31:39.145+0000] {logging_mixin.py:190} INFO - [2025-10-06T18:31:39.145+0000] {dagbag.py:588} INFO - Filling up the DagBag from /home/airflow/.local/lib/python3.12/site-packages/airflow/example_dags/example_kubernetes_executor.py
[2025-10-06T18:31:39.161+0000] {processor.py:925} INFO - DAG(s) 'example_kubernetes_executor' retrieved from /home/airflow/.local/lib/python3.12/site-packages/airflow/example_dags/example_kubernetes_executor.py
[2025-10-06T18:31:39.199+0000] {logging_mixin.py:190} INFO - [2025-10-06T18:31:39.199+0000] {dag.py:3239} INFO - Sync 1 DAGs
[2025-10-06T18:31:39.218+0000] {logging_mixin.py:190} INFO - [2025-10-06T18:31:39.217+0000] {dag.py:4180} INFO - Setting next_dagrun for example_kubernetes_executor to None, run_after=None
[2025-10-06T18:31:39.244+0000] {processor.py:208} INFO - Processing /home/airflow/.local/lib/python3.12/site-packages/airflow/example_dags/example_kubernetes_executor.py took 0.110 seconds
[2025-10-06T18:32:10.267+0000] {processor.py:186} INFO - Started process (PID=1375) to work on /home/airflow/.local/lib/python3.12/site-packages/airflow/example_dags/example_kubernetes_executor.py
[2025-10-06T18:32:10.269+0000] {processor.py:914} INFO - Processing file /home/airflow/.local/lib/python3.12/site-packages/airflow/example_dags/example_kubernetes_executor.py for tasks to queue
[2025-10-06T18:32:10.273+0000] {logging_mixin.py:190} INFO - [2025-10-06T18:32:10.273+0000] {dagbag.py:588} INFO - Filling up the DagBag from /home/airflow/.local/lib/python3.12/site-packages/airflow/example_dags/example_kubernetes_executor.py
[2025-10-06T18:32:10.292+0000] {processor.py:925} INFO - DAG(s) 'example_kubernetes_executor' retrieved from /home/airflow/.local/lib/python3.12/site-packages/airflow/example_dags/example_kubernetes_executor.py
[2025-10-06T18:32:10.332+0000] {logging_mixin.py:190} INFO - [2025-10-06T18:32:10.332+0000] {dag.py:3239} INFO - Sync 1 DAGs
[2025-10-06T18:32:10.348+0000] {logging_mixin.py:190} INFO - [2025-10-06T18:32:10.348+0000] {dag.py:4180} INFO - Setting next_dagrun for example_kubernetes_executor to None, run_after=None
[2025-10-06T18:32:10.376+0000] {processor.py:208} INFO - Processing /home/airflow/.local/lib/python3.12/site-packages/airflow/example_dags/example_kubernetes_executor.py took 0.117 seconds
[2025-10-06T18:32:41.263+0000] {processor.py:186} INFO - Started process (PID=1438) to work on /home/airflow/.local/lib/python3.12/site-packages/airflow/example_dags/example_kubernetes_executor.py
[2025-10-06T18:32:41.265+0000] {processor.py:914} INFO - Processing file /home/airflow/.local/lib/python3.12/site-packages/airflow/example_dags/example_kubernetes_executor.py for tasks to queue
[2025-10-06T18:32:41.274+0000] {logging_mixin.py:190} INFO - [2025-10-06T18:32:41.274+0000] {dagbag.py:588} INFO - Filling up the DagBag from /home/airflow/.local/lib/python3.12/site-packages/airflow/example_dags/example_kubernetes_executor.py
[2025-10-06T18:32:41.334+0000] {processor.py:925} INFO - DAG(s) 'example_kubernetes_executor' retrieved from /home/airflow/.local/lib/python3.12/site-packages/airflow/example_dags/example_kubernetes_executor.py
[2025-10-06T18:32:41.502+0000] {logging_mixin.py:190} INFO - [2025-10-06T18:32:41.501+0000] {dag.py:3239} INFO - Sync 1 DAGs
[2025-10-06T18:32:41.565+0000] {logging_mixin.py:190} INFO - [2025-10-06T18:32:41.565+0000] {dag.py:4180} INFO - Setting next_dagrun for example_kubernetes_executor to None, run_after=None
[2025-10-06T18:32:41.648+0000] {processor.py:208} INFO - Processing /home/airflow/.local/lib/python3.12/site-packages/airflow/example_dags/example_kubernetes_executor.py took 0.393 seconds
[2025-10-06T18:33:15.166+0000] {processor.py:186} INFO - Started process (PID=1498) to work on /home/airflow/.local/lib/python3.12/site-packages/airflow/example_dags/example_kubernetes_executor.py
[2025-10-06T18:33:15.170+0000] {processor.py:914} INFO - Processing file /home/airflow/.local/lib/python3.12/site-packages/airflow/example_dags/example_kubernetes_executor.py for tasks to queue
[2025-10-06T18:33:15.177+0000] {logging_mixin.py:190} INFO - [2025-10-06T18:33:15.177+0000] {dagbag.py:588} INFO - Filling up the DagBag from /home/airflow/.local/lib/python3.12/site-packages/airflow/example_dags/example_kubernetes_executor.py
[2025-10-06T18:33:15.203+0000] {processor.py:925} INFO - DAG(s) 'example_kubernetes_executor' retrieved from /home/airflow/.local/lib/python3.12/site-packages/airflow/example_dags/example_kubernetes_executor.py
[2025-10-06T18:33:15.266+0000] {logging_mixin.py:190} INFO - [2025-10-06T18:33:15.266+0000] {dag.py:3239} INFO - Sync 1 DAGs
[2025-10-06T18:33:15.290+0000] {logging_mixin.py:190} INFO - [2025-10-06T18:33:15.290+0000] {dag.py:4180} INFO - Setting next_dagrun for example_kubernetes_executor to None, run_after=None
[2025-10-06T18:33:15.318+0000] {processor.py:208} INFO - Processing /home/airflow/.local/lib/python3.12/site-packages/airflow/example_dags/example_kubernetes_executor.py took 0.163 seconds
[2025-10-06T18:33:45.646+0000] {processor.py:186} INFO - Started process (PID=1561) to work on /home/airflow/.local/lib/python3.12/site-packages/airflow/example_dags/example_kubernetes_executor.py
[2025-10-06T18:33:45.648+0000] {processor.py:914} INFO - Processing file /home/airflow/.local/lib/python3.12/site-packages/airflow/example_dags/example_kubernetes_executor.py for tasks to queue
[2025-10-06T18:33:45.652+0000] {logging_mixin.py:190} INFO - [2025-10-06T18:33:45.651+0000] {dagbag.py:588} INFO - Filling up the DagBag from /home/airflow/.local/lib/python3.12/site-packages/airflow/example_dags/example_kubernetes_executor.py
[2025-10-06T18:33:45.689+0000] {processor.py:925} INFO - DAG(s) 'example_kubernetes_executor' retrieved from /home/airflow/.local/lib/python3.12/site-packages/airflow/example_dags/example_kubernetes_executor.py
[2025-10-06T18:33:45.780+0000] {logging_mixin.py:190} INFO - [2025-10-06T18:33:45.779+0000] {dag.py:3239} INFO - Sync 1 DAGs
[2025-10-06T18:33:45.811+0000] {logging_mixin.py:190} INFO - [2025-10-06T18:33:45.811+0000] {dag.py:4180} INFO - Setting next_dagrun for example_kubernetes_executor to None, run_after=None
[2025-10-06T18:33:45.844+0000] {processor.py:208} INFO - Processing /home/airflow/.local/lib/python3.12/site-packages/airflow/example_dags/example_kubernetes_executor.py took 0.206 seconds
[2025-10-06T18:34:16.827+0000] {processor.py:186} INFO - Started process (PID=1624) to work on /home/airflow/.local/lib/python3.12/site-packages/airflow/example_dags/example_kubernetes_executor.py
[2025-10-06T18:34:16.829+0000] {processor.py:914} INFO - Processing file /home/airflow/.local/lib/python3.12/site-packages/airflow/example_dags/example_kubernetes_executor.py for tasks to queue
[2025-10-06T18:34:16.832+0000] {logging_mixin.py:190} INFO - [2025-10-06T18:34:16.832+0000] {dagbag.py:588} INFO - Filling up the DagBag from /home/airflow/.local/lib/python3.12/site-packages/airflow/example_dags/example_kubernetes_executor.py
[2025-10-06T18:34:16.850+0000] {processor.py:925} INFO - DAG(s) 'example_kubernetes_executor' retrieved from /home/airflow/.local/lib/python3.12/site-packages/airflow/example_dags/example_kubernetes_executor.py
[2025-10-06T18:34:16.892+0000] {logging_mixin.py:190} INFO - [2025-10-06T18:34:16.892+0000] {dag.py:3239} INFO - Sync 1 DAGs
[2025-10-06T18:34:16.908+0000] {logging_mixin.py:190} INFO - [2025-10-06T18:34:16.907+0000] {dag.py:4180} INFO - Setting next_dagrun for example_kubernetes_executor to None, run_after=None
[2025-10-06T18:34:16.935+0000] {processor.py:208} INFO - Processing /home/airflow/.local/lib/python3.12/site-packages/airflow/example_dags/example_kubernetes_executor.py took 0.114 seconds
[2025-10-06T18:34:48.221+0000] {processor.py:186} INFO - Started process (PID=1687) to work on /home/airflow/.local/lib/python3.12/site-packages/airflow/example_dags/example_kubernetes_executor.py
[2025-10-06T18:34:48.223+0000] {processor.py:914} INFO - Processing file /home/airflow/.local/lib/python3.12/site-packages/airflow/example_dags/example_kubernetes_executor.py for tasks to queue
[2025-10-06T18:34:48.228+0000] {logging_mixin.py:190} INFO - [2025-10-06T18:34:48.228+0000] {dagbag.py:588} INFO - Filling up the DagBag from /home/airflow/.local/lib/python3.12/site-packages/airflow/example_dags/example_kubernetes_executor.py
[2025-10-06T18:34:48.263+0000] {processor.py:925} INFO - DAG(s) 'example_kubernetes_executor' retrieved from /home/airflow/.local/lib/python3.12/site-packages/airflow/example_dags/example_kubernetes_executor.py
[2025-10-06T18:34:48.321+0000] {logging_mixin.py:190} INFO - [2025-10-06T18:34:48.321+0000] {dag.py:3239} INFO - Sync 1 DAGs
[2025-10-06T18:34:48.343+0000] {logging_mixin.py:190} INFO - [2025-10-06T18:34:48.343+0000] {dag.py:4180} INFO - Setting next_dagrun for example_kubernetes_executor to None, run_after=None
[2025-10-06T18:34:48.379+0000] {processor.py:208} INFO - Processing /home/airflow/.local/lib/python3.12/site-packages/airflow/example_dags/example_kubernetes_executor.py took 0.167 seconds
[2025-10-06T18:35:22.578+0000] {processor.py:186} INFO - Started process (PID=1747) to work on /home/airflow/.local/lib/python3.12/site-packages/airflow/example_dags/example_kubernetes_executor.py
[2025-10-06T18:35:22.581+0000] {processor.py:914} INFO - Processing file /home/airflow/.local/lib/python3.12/site-packages/airflow/example_dags/example_kubernetes_executor.py for tasks to queue
[2025-10-06T18:35:22.586+0000] {logging_mixin.py:190} INFO - [2025-10-06T18:35:22.585+0000] {dagbag.py:588} INFO - Filling up the DagBag from /home/airflow/.local/lib/python3.12/site-packages/airflow/example_dags/example_kubernetes_executor.py
[2025-10-06T18:35:22.624+0000] {processor.py:925} INFO - DAG(s) 'example_kubernetes_executor' retrieved from /home/airflow/.local/lib/python3.12/site-packages/airflow/example_dags/example_kubernetes_executor.py
[2025-10-06T18:35:22.694+0000] {logging_mixin.py:190} INFO - [2025-10-06T18:35:22.693+0000] {dag.py:3239} INFO - Sync 1 DAGs
[2025-10-06T18:35:22.725+0000] {logging_mixin.py:190} INFO - [2025-10-06T18:35:22.724+0000] {dag.py:4180} INFO - Setting next_dagrun for example_kubernetes_executor to None, run_after=None
[2025-10-06T18:35:22.758+0000] {processor.py:208} INFO - Processing /home/airflow/.local/lib/python3.12/site-packages/airflow/example_dags/example_kubernetes_executor.py took 0.194 seconds
[2025-10-06T18:35:52.810+0000] {processor.py:186} INFO - Started process (PID=1805) to work on /home/airflow/.local/lib/python3.12/site-packages/airflow/example_dags/example_kubernetes_executor.py
[2025-10-06T18:35:52.811+0000] {processor.py:914} INFO - Processing file /home/airflow/.local/lib/python3.12/site-packages/airflow/example_dags/example_kubernetes_executor.py for tasks to queue
[2025-10-06T18:35:52.814+0000] {logging_mixin.py:190} INFO - [2025-10-06T18:35:52.814+0000] {dagbag.py:588} INFO - Filling up the DagBag from /home/airflow/.local/lib/python3.12/site-packages/airflow/example_dags/example_kubernetes_executor.py
[2025-10-06T18:35:52.830+0000] {processor.py:925} INFO - DAG(s) 'example_kubernetes_executor' retrieved from /home/airflow/.local/lib/python3.12/site-packages/airflow/example_dags/example_kubernetes_executor.py
[2025-10-06T18:35:52.870+0000] {logging_mixin.py:190} INFO - [2025-10-06T18:35:52.870+0000] {dag.py:3239} INFO - Sync 1 DAGs
[2025-10-06T18:35:52.885+0000] {logging_mixin.py:190} INFO - [2025-10-06T18:35:52.884+0000] {dag.py:4180} INFO - Setting next_dagrun for example_kubernetes_executor to None, run_after=None
[2025-10-06T18:35:52.908+0000] {processor.py:208} INFO - Processing /home/airflow/.local/lib/python3.12/site-packages/airflow/example_dags/example_kubernetes_executor.py took 0.105 seconds
[2025-10-06T18:36:23.601+0000] {processor.py:186} INFO - Started process (PID=1856) to work on /home/airflow/.local/lib/python3.12/site-packages/airflow/example_dags/example_kubernetes_executor.py
[2025-10-06T18:36:23.603+0000] {processor.py:914} INFO - Processing file /home/airflow/.local/lib/python3.12/site-packages/airflow/example_dags/example_kubernetes_executor.py for tasks to queue
[2025-10-06T18:36:23.608+0000] {logging_mixin.py:190} INFO - [2025-10-06T18:36:23.607+0000] {dagbag.py:588} INFO - Filling up the DagBag from /home/airflow/.local/lib/python3.12/site-packages/airflow/example_dags/example_kubernetes_executor.py
[2025-10-06T18:36:23.643+0000] {processor.py:925} INFO - DAG(s) 'example_kubernetes_executor' retrieved from /home/airflow/.local/lib/python3.12/site-packages/airflow/example_dags/example_kubernetes_executor.py
[2025-10-06T18:36:23.724+0000] {logging_mixin.py:190} INFO - [2025-10-06T18:36:23.724+0000] {dag.py:3239} INFO - Sync 1 DAGs
[2025-10-06T18:36:23.758+0000] {logging_mixin.py:190} INFO - [2025-10-06T18:36:23.758+0000] {dag.py:4180} INFO - Setting next_dagrun for example_kubernetes_executor to None, run_after=None
[2025-10-06T18:36:23.800+0000] {processor.py:208} INFO - Processing /home/airflow/.local/lib/python3.12/site-packages/airflow/example_dags/example_kubernetes_executor.py took 0.209 seconds
[2025-10-06T18:36:53.904+0000] {processor.py:186} INFO - Started process (PID=1916) to work on /home/airflow/.local/lib/python3.12/site-packages/airflow/example_dags/example_kubernetes_executor.py
[2025-10-06T18:36:53.906+0000] {processor.py:914} INFO - Processing file /home/airflow/.local/lib/python3.12/site-packages/airflow/example_dags/example_kubernetes_executor.py for tasks to queue
[2025-10-06T18:36:53.909+0000] {logging_mixin.py:190} INFO - [2025-10-06T18:36:53.909+0000] {dagbag.py:588} INFO - Filling up the DagBag from /home/airflow/.local/lib/python3.12/site-packages/airflow/example_dags/example_kubernetes_executor.py
[2025-10-06T18:36:53.926+0000] {processor.py:925} INFO - DAG(s) 'example_kubernetes_executor' retrieved from /home/airflow/.local/lib/python3.12/site-packages/airflow/example_dags/example_kubernetes_executor.py
[2025-10-06T18:36:53.968+0000] {logging_mixin.py:190} INFO - [2025-10-06T18:36:53.968+0000] {dag.py:3239} INFO - Sync 1 DAGs
[2025-10-06T18:36:53.985+0000] {logging_mixin.py:190} INFO - [2025-10-06T18:36:53.985+0000] {dag.py:4180} INFO - Setting next_dagrun for example_kubernetes_executor to None, run_after=None
[2025-10-06T18:36:54.015+0000] {processor.py:208} INFO - Processing /home/airflow/.local/lib/python3.12/site-packages/airflow/example_dags/example_kubernetes_executor.py took 0.119 seconds
[2025-10-06T18:37:24.161+0000] {processor.py:186} INFO - Started process (PID=1979) to work on /home/airflow/.local/lib/python3.12/site-packages/airflow/example_dags/example_kubernetes_executor.py
[2025-10-06T18:37:24.162+0000] {processor.py:914} INFO - Processing file /home/airflow/.local/lib/python3.12/site-packages/airflow/example_dags/example_kubernetes_executor.py for tasks to queue
[2025-10-06T18:37:24.165+0000] {logging_mixin.py:190} INFO - [2025-10-06T18:37:24.164+0000] {dagbag.py:588} INFO - Filling up the DagBag from /home/airflow/.local/lib/python3.12/site-packages/airflow/example_dags/example_kubernetes_executor.py
[2025-10-06T18:37:24.182+0000] {processor.py:925} INFO - DAG(s) 'example_kubernetes_executor' retrieved from /home/airflow/.local/lib/python3.12/site-packages/airflow/example_dags/example_kubernetes_executor.py
[2025-10-06T18:37:24.222+0000] {logging_mixin.py:190} INFO - [2025-10-06T18:37:24.222+0000] {dag.py:3239} INFO - Sync 1 DAGs
[2025-10-06T18:37:24.238+0000] {logging_mixin.py:190} INFO - [2025-10-06T18:37:24.238+0000] {dag.py:4180} INFO - Setting next_dagrun for example_kubernetes_executor to None, run_after=None
[2025-10-06T18:37:24.264+0000] {processor.py:208} INFO - Processing /home/airflow/.local/lib/python3.12/site-packages/airflow/example_dags/example_kubernetes_executor.py took 0.111 seconds
[2025-10-06T18:37:54.537+0000] {processor.py:186} INFO - Started process (PID=2036) to work on /home/airflow/.local/lib/python3.12/site-packages/airflow/example_dags/example_kubernetes_executor.py
[2025-10-06T18:37:54.538+0000] {processor.py:914} INFO - Processing file /home/airflow/.local/lib/python3.12/site-packages/airflow/example_dags/example_kubernetes_executor.py for tasks to queue
[2025-10-06T18:37:54.541+0000] {logging_mixin.py:190} INFO - [2025-10-06T18:37:54.541+0000] {dagbag.py:588} INFO - Filling up the DagBag from /home/airflow/.local/lib/python3.12/site-packages/airflow/example_dags/example_kubernetes_executor.py
[2025-10-06T18:37:54.556+0000] {processor.py:925} INFO - DAG(s) 'example_kubernetes_executor' retrieved from /home/airflow/.local/lib/python3.12/site-packages/airflow/example_dags/example_kubernetes_executor.py
[2025-10-06T18:37:54.593+0000] {logging_mixin.py:190} INFO - [2025-10-06T18:37:54.593+0000] {dag.py:3239} INFO - Sync 1 DAGs
[2025-10-06T18:37:54.611+0000] {logging_mixin.py:190} INFO - [2025-10-06T18:37:54.610+0000] {dag.py:4180} INFO - Setting next_dagrun for example_kubernetes_executor to None, run_after=None
[2025-10-06T18:37:54.638+0000] {processor.py:208} INFO - Processing /home/airflow/.local/lib/python3.12/site-packages/airflow/example_dags/example_kubernetes_executor.py took 0.108 seconds
[2025-10-06T18:38:25.408+0000] {processor.py:186} INFO - Started process (PID=2096) to work on /home/airflow/.local/lib/python3.12/site-packages/airflow/example_dags/example_kubernetes_executor.py
[2025-10-06T18:38:25.412+0000] {processor.py:914} INFO - Processing file /home/airflow/.local/lib/python3.12/site-packages/airflow/example_dags/example_kubernetes_executor.py for tasks to queue
[2025-10-06T18:38:25.417+0000] {logging_mixin.py:190} INFO - [2025-10-06T18:38:25.416+0000] {dagbag.py:588} INFO - Filling up the DagBag from /home/airflow/.local/lib/python3.12/site-packages/airflow/example_dags/example_kubernetes_executor.py
[2025-10-06T18:38:25.457+0000] {processor.py:925} INFO - DAG(s) 'example_kubernetes_executor' retrieved from /home/airflow/.local/lib/python3.12/site-packages/airflow/example_dags/example_kubernetes_executor.py
[2025-10-06T18:38:25.544+0000] {logging_mixin.py:190} INFO - [2025-10-06T18:38:25.544+0000] {dag.py:3239} INFO - Sync 1 DAGs
[2025-10-06T18:38:25.579+0000] {logging_mixin.py:190} INFO - [2025-10-06T18:38:25.579+0000] {dag.py:4180} INFO - Setting next_dagrun for example_kubernetes_executor to None, run_after=None
[2025-10-06T18:38:25.641+0000] {processor.py:208} INFO - Processing /home/airflow/.local/lib/python3.12/site-packages/airflow/example_dags/example_kubernetes_executor.py took 0.253 seconds
[2025-10-06T18:38:56.659+0000] {processor.py:186} INFO - Started process (PID=2160) to work on /home/airflow/.local/lib/python3.12/site-packages/airflow/example_dags/example_kubernetes_executor.py
[2025-10-06T18:38:56.661+0000] {processor.py:914} INFO - Processing file /home/airflow/.local/lib/python3.12/site-packages/airflow/example_dags/example_kubernetes_executor.py for tasks to queue
[2025-10-06T18:38:56.664+0000] {logging_mixin.py:190} INFO - [2025-10-06T18:38:56.663+0000] {dagbag.py:588} INFO - Filling up the DagBag from /home/airflow/.local/lib/python3.12/site-packages/airflow/example_dags/example_kubernetes_executor.py
[2025-10-06T18:38:56.681+0000] {processor.py:925} INFO - DAG(s) 'example_kubernetes_executor' retrieved from /home/airflow/.local/lib/python3.12/site-packages/airflow/example_dags/example_kubernetes_executor.py
[2025-10-06T18:38:56.725+0000] {logging_mixin.py:190} INFO - [2025-10-06T18:38:56.724+0000] {dag.py:3239} INFO - Sync 1 DAGs
[2025-10-06T18:38:56.741+0000] {logging_mixin.py:190} INFO - [2025-10-06T18:38:56.741+0000] {dag.py:4180} INFO - Setting next_dagrun for example_kubernetes_executor to None, run_after=None
[2025-10-06T18:38:56.766+0000] {processor.py:208} INFO - Processing /home/airflow/.local/lib/python3.12/site-packages/airflow/example_dags/example_kubernetes_executor.py took 0.117 seconds
[2025-10-06T18:39:29.773+0000] {processor.py:186} INFO - Started process (PID=2223) to work on /home/airflow/.local/lib/python3.12/site-packages/airflow/example_dags/example_kubernetes_executor.py
[2025-10-06T18:39:29.775+0000] {processor.py:914} INFO - Processing file /home/airflow/.local/lib/python3.12/site-packages/airflow/example_dags/example_kubernetes_executor.py for tasks to queue
[2025-10-06T18:39:29.779+0000] {logging_mixin.py:190} INFO - [2025-10-06T18:39:29.779+0000] {dagbag.py:588} INFO - Filling up the DagBag from /home/airflow/.local/lib/python3.12/site-packages/airflow/example_dags/example_kubernetes_executor.py
[2025-10-06T18:39:29.803+0000] {processor.py:925} INFO - DAG(s) 'example_kubernetes_executor' retrieved from /home/airflow/.local/lib/python3.12/site-packages/airflow/example_dags/example_kubernetes_executor.py
[2025-10-06T18:39:29.856+0000] {logging_mixin.py:190} INFO - [2025-10-06T18:39:29.855+0000] {dag.py:3239} INFO - Sync 1 DAGs
[2025-10-06T18:39:29.875+0000] {logging_mixin.py:190} INFO - [2025-10-06T18:39:29.875+0000] {dag.py:4180} INFO - Setting next_dagrun for example_kubernetes_executor to None, run_after=None
[2025-10-06T18:39:29.906+0000] {processor.py:208} INFO - Processing /home/airflow/.local/lib/python3.12/site-packages/airflow/example_dags/example_kubernetes_executor.py took 0.145 seconds
[2025-10-06T18:40:01.216+0000] {processor.py:186} INFO - Started process (PID=2280) to work on /home/airflow/.local/lib/python3.12/site-packages/airflow/example_dags/example_kubernetes_executor.py
[2025-10-06T18:40:01.219+0000] {processor.py:914} INFO - Processing file /home/airflow/.local/lib/python3.12/site-packages/airflow/example_dags/example_kubernetes_executor.py for tasks to queue
[2025-10-06T18:40:01.226+0000] {logging_mixin.py:190} INFO - [2025-10-06T18:40:01.225+0000] {dagbag.py:588} INFO - Filling up the DagBag from /home/airflow/.local/lib/python3.12/site-packages/airflow/example_dags/example_kubernetes_executor.py
[2025-10-06T18:40:01.259+0000] {processor.py:925} INFO - DAG(s) 'example_kubernetes_executor' retrieved from /home/airflow/.local/lib/python3.12/site-packages/airflow/example_dags/example_kubernetes_executor.py
[2025-10-06T18:40:01.360+0000] {logging_mixin.py:190} INFO - [2025-10-06T18:40:01.360+0000] {dag.py:3239} INFO - Sync 1 DAGs
[2025-10-06T18:40:01.385+0000] {logging_mixin.py:190} INFO - [2025-10-06T18:40:01.385+0000] {dag.py:4180} INFO - Setting next_dagrun for example_kubernetes_executor to None, run_after=None
[2025-10-06T18:40:01.413+0000] {processor.py:208} INFO - Processing /home/airflow/.local/lib/python3.12/site-packages/airflow/example_dags/example_kubernetes_executor.py took 0.209 seconds
[2025-10-06T18:40:31.795+0000] {processor.py:186} INFO - Started process (PID=2343) to work on /home/airflow/.local/lib/python3.12/site-packages/airflow/example_dags/example_kubernetes_executor.py
[2025-10-06T18:40:31.796+0000] {processor.py:914} INFO - Processing file /home/airflow/.local/lib/python3.12/site-packages/airflow/example_dags/example_kubernetes_executor.py for tasks to queue
[2025-10-06T18:40:31.799+0000] {logging_mixin.py:190} INFO - [2025-10-06T18:40:31.799+0000] {dagbag.py:588} INFO - Filling up the DagBag from /home/airflow/.local/lib/python3.12/site-packages/airflow/example_dags/example_kubernetes_executor.py
[2025-10-06T18:40:31.824+0000] {processor.py:925} INFO - DAG(s) 'example_kubernetes_executor' retrieved from /home/airflow/.local/lib/python3.12/site-packages/airflow/example_dags/example_kubernetes_executor.py
[2025-10-06T18:40:31.887+0000] {logging_mixin.py:190} INFO - [2025-10-06T18:40:31.886+0000] {dag.py:3239} INFO - Sync 1 DAGs
[2025-10-06T18:40:31.919+0000] {logging_mixin.py:190} INFO - [2025-10-06T18:40:31.919+0000] {dag.py:4180} INFO - Setting next_dagrun for example_kubernetes_executor to None, run_after=None
[2025-10-06T18:40:31.970+0000] {processor.py:208} INFO - Processing /home/airflow/.local/lib/python3.12/site-packages/airflow/example_dags/example_kubernetes_executor.py took 0.184 seconds
[2025-10-06T18:41:04.189+0000] {processor.py:186} INFO - Started process (PID=2405) to work on /home/airflow/.local/lib/python3.12/site-packages/airflow/example_dags/example_kubernetes_executor.py
[2025-10-06T18:41:04.191+0000] {processor.py:914} INFO - Processing file /home/airflow/.local/lib/python3.12/site-packages/airflow/example_dags/example_kubernetes_executor.py for tasks to queue
[2025-10-06T18:41:04.195+0000] {logging_mixin.py:190} INFO - [2025-10-06T18:41:04.194+0000] {dagbag.py:588} INFO - Filling up the DagBag from /home/airflow/.local/lib/python3.12/site-packages/airflow/example_dags/example_kubernetes_executor.py
[2025-10-06T18:41:04.216+0000] {processor.py:925} INFO - DAG(s) 'example_kubernetes_executor' retrieved from /home/airflow/.local/lib/python3.12/site-packages/airflow/example_dags/example_kubernetes_executor.py
[2025-10-06T18:41:04.271+0000] {logging_mixin.py:190} INFO - [2025-10-06T18:41:04.270+0000] {dag.py:3239} INFO - Sync 1 DAGs
[2025-10-06T18:41:04.296+0000] {logging_mixin.py:190} INFO - [2025-10-06T18:41:04.295+0000] {dag.py:4180} INFO - Setting next_dagrun for example_kubernetes_executor to None, run_after=None
[2025-10-06T18:41:04.333+0000] {processor.py:208} INFO - Processing /home/airflow/.local/lib/python3.12/site-packages/airflow/example_dags/example_kubernetes_executor.py took 0.153 seconds
[2025-10-06T18:41:35.568+0000] {processor.py:186} INFO - Started process (PID=2463) to work on /home/airflow/.local/lib/python3.12/site-packages/airflow/example_dags/example_kubernetes_executor.py
[2025-10-06T18:41:35.570+0000] {processor.py:914} INFO - Processing file /home/airflow/.local/lib/python3.12/site-packages/airflow/example_dags/example_kubernetes_executor.py for tasks to queue
[2025-10-06T18:41:35.577+0000] {logging_mixin.py:190} INFO - [2025-10-06T18:41:35.577+0000] {dagbag.py:588} INFO - Filling up the DagBag from /home/airflow/.local/lib/python3.12/site-packages/airflow/example_dags/example_kubernetes_executor.py
[2025-10-06T18:41:35.627+0000] {processor.py:925} INFO - DAG(s) 'example_kubernetes_executor' retrieved from /home/airflow/.local/lib/python3.12/site-packages/airflow/example_dags/example_kubernetes_executor.py
[2025-10-06T18:41:35.693+0000] {logging_mixin.py:190} INFO - [2025-10-06T18:41:35.693+0000] {dag.py:3239} INFO - Sync 1 DAGs
[2025-10-06T18:41:35.719+0000] {logging_mixin.py:190} INFO - [2025-10-06T18:41:35.719+0000] {dag.py:4180} INFO - Setting next_dagrun for example_kubernetes_executor to None, run_after=None
[2025-10-06T18:41:35.754+0000] {processor.py:208} INFO - Processing /home/airflow/.local/lib/python3.12/site-packages/airflow/example_dags/example_kubernetes_executor.py took 0.208 seconds
[2025-10-06T18:42:07.133+0000] {processor.py:186} INFO - Started process (PID=2526) to work on /home/airflow/.local/lib/python3.12/site-packages/airflow/example_dags/example_kubernetes_executor.py
[2025-10-06T18:42:07.135+0000] {processor.py:914} INFO - Processing file /home/airflow/.local/lib/python3.12/site-packages/airflow/example_dags/example_kubernetes_executor.py for tasks to queue
[2025-10-06T18:42:07.141+0000] {logging_mixin.py:190} INFO - [2025-10-06T18:42:07.140+0000] {dagbag.py:588} INFO - Filling up the DagBag from /home/airflow/.local/lib/python3.12/site-packages/airflow/example_dags/example_kubernetes_executor.py
[2025-10-06T18:42:07.167+0000] {processor.py:925} INFO - DAG(s) 'example_kubernetes_executor' retrieved from /home/airflow/.local/lib/python3.12/site-packages/airflow/example_dags/example_kubernetes_executor.py
[2025-10-06T18:42:07.213+0000] {logging_mixin.py:190} INFO - [2025-10-06T18:42:07.213+0000] {dag.py:3239} INFO - Sync 1 DAGs
[2025-10-06T18:42:07.233+0000] {logging_mixin.py:190} INFO - [2025-10-06T18:42:07.233+0000] {dag.py:4180} INFO - Setting next_dagrun for example_kubernetes_executor to None, run_after=None
[2025-10-06T18:42:07.254+0000] {processor.py:208} INFO - Processing /home/airflow/.local/lib/python3.12/site-packages/airflow/example_dags/example_kubernetes_executor.py took 0.133 seconds
[2025-10-06T18:42:39.586+0000] {processor.py:186} INFO - Started process (PID=2589) to work on /home/airflow/.local/lib/python3.12/site-packages/airflow/example_dags/example_kubernetes_executor.py
[2025-10-06T18:42:39.588+0000] {processor.py:914} INFO - Processing file /home/airflow/.local/lib/python3.12/site-packages/airflow/example_dags/example_kubernetes_executor.py for tasks to queue
[2025-10-06T18:42:39.593+0000] {logging_mixin.py:190} INFO - [2025-10-06T18:42:39.592+0000] {dagbag.py:588} INFO - Filling up the DagBag from /home/airflow/.local/lib/python3.12/site-packages/airflow/example_dags/example_kubernetes_executor.py
[2025-10-06T18:42:39.621+0000] {processor.py:925} INFO - DAG(s) 'example_kubernetes_executor' retrieved from /home/airflow/.local/lib/python3.12/site-packages/airflow/example_dags/example_kubernetes_executor.py
[2025-10-06T18:42:39.691+0000] {logging_mixin.py:190} INFO - [2025-10-06T18:42:39.691+0000] {dag.py:3239} INFO - Sync 1 DAGs
[2025-10-06T18:42:39.717+0000] {logging_mixin.py:190} INFO - [2025-10-06T18:42:39.717+0000] {dag.py:4180} INFO - Setting next_dagrun for example_kubernetes_executor to None, run_after=None
[2025-10-06T18:42:39.750+0000] {processor.py:208} INFO - Processing /home/airflow/.local/lib/python3.12/site-packages/airflow/example_dags/example_kubernetes_executor.py took 0.173 seconds
[2025-10-06T18:43:09.832+0000] {processor.py:186} INFO - Started process (PID=2648) to work on /home/airflow/.local/lib/python3.12/site-packages/airflow/example_dags/example_kubernetes_executor.py
[2025-10-06T18:43:09.833+0000] {processor.py:914} INFO - Processing file /home/airflow/.local/lib/python3.12/site-packages/airflow/example_dags/example_kubernetes_executor.py for tasks to queue
[2025-10-06T18:43:09.838+0000] {logging_mixin.py:190} INFO - [2025-10-06T18:43:09.837+0000] {dagbag.py:588} INFO - Filling up the DagBag from /home/airflow/.local/lib/python3.12/site-packages/airflow/example_dags/example_kubernetes_executor.py
[2025-10-06T18:43:09.864+0000] {processor.py:925} INFO - DAG(s) 'example_kubernetes_executor' retrieved from /home/airflow/.local/lib/python3.12/site-packages/airflow/example_dags/example_kubernetes_executor.py
[2025-10-06T18:43:09.918+0000] {logging_mixin.py:190} INFO - [2025-10-06T18:43:09.917+0000] {dag.py:3239} INFO - Sync 1 DAGs
[2025-10-06T18:43:09.938+0000] {logging_mixin.py:190} INFO - [2025-10-06T18:43:09.938+0000] {dag.py:4180} INFO - Setting next_dagrun for example_kubernetes_executor to None, run_after=None
[2025-10-06T18:43:09.966+0000] {processor.py:208} INFO - Processing /home/airflow/.local/lib/python3.12/site-packages/airflow/example_dags/example_kubernetes_executor.py took 0.146 seconds
[2025-10-06T18:43:41.030+0000] {processor.py:186} INFO - Started process (PID=2702) to work on /home/airflow/.local/lib/python3.12/site-packages/airflow/example_dags/example_kubernetes_executor.py
[2025-10-06T18:43:41.032+0000] {processor.py:914} INFO - Processing file /home/airflow/.local/lib/python3.12/site-packages/airflow/example_dags/example_kubernetes_executor.py for tasks to queue
[2025-10-06T18:43:41.035+0000] {logging_mixin.py:190} INFO - [2025-10-06T18:43:41.035+0000] {dagbag.py:588} INFO - Filling up the DagBag from /home/airflow/.local/lib/python3.12/site-packages/airflow/example_dags/example_kubernetes_executor.py
[2025-10-06T18:43:41.056+0000] {processor.py:925} INFO - DAG(s) 'example_kubernetes_executor' retrieved from /home/airflow/.local/lib/python3.12/site-packages/airflow/example_dags/example_kubernetes_executor.py
[2025-10-06T18:43:41.100+0000] {logging_mixin.py:190} INFO - [2025-10-06T18:43:41.100+0000] {dag.py:3239} INFO - Sync 1 DAGs
[2025-10-06T18:43:41.117+0000] {logging_mixin.py:190} INFO - [2025-10-06T18:43:41.116+0000] {dag.py:4180} INFO - Setting next_dagrun for example_kubernetes_executor to None, run_after=None
[2025-10-06T18:43:41.149+0000] {processor.py:208} INFO - Processing /home/airflow/.local/lib/python3.12/site-packages/airflow/example_dags/example_kubernetes_executor.py took 0.126 seconds
[2025-10-06T18:44:12.775+0000] {processor.py:186} INFO - Started process (PID=2765) to work on /home/airflow/.local/lib/python3.12/site-packages/airflow/example_dags/example_kubernetes_executor.py
[2025-10-06T18:44:12.776+0000] {processor.py:914} INFO - Processing file /home/airflow/.local/lib/python3.12/site-packages/airflow/example_dags/example_kubernetes_executor.py for tasks to queue
[2025-10-06T18:44:12.780+0000] {logging_mixin.py:190} INFO - [2025-10-06T18:44:12.780+0000] {dagbag.py:588} INFO - Filling up the DagBag from /home/airflow/.local/lib/python3.12/site-packages/airflow/example_dags/example_kubernetes_executor.py
[2025-10-06T18:44:12.800+0000] {processor.py:925} INFO - DAG(s) 'example_kubernetes_executor' retrieved from /home/airflow/.local/lib/python3.12/site-packages/airflow/example_dags/example_kubernetes_executor.py
[2025-10-06T18:44:12.844+0000] {logging_mixin.py:190} INFO - [2025-10-06T18:44:12.844+0000] {dag.py:3239} INFO - Sync 1 DAGs
[2025-10-06T18:44:12.862+0000] {logging_mixin.py:190} INFO - [2025-10-06T18:44:12.862+0000] {dag.py:4180} INFO - Setting next_dagrun for example_kubernetes_executor to None, run_after=None
[2025-10-06T18:44:12.885+0000] {processor.py:208} INFO - Processing /home/airflow/.local/lib/python3.12/site-packages/airflow/example_dags/example_kubernetes_executor.py took 0.118 seconds
[2025-10-06T18:44:44.136+0000] {processor.py:186} INFO - Started process (PID=2828) to work on /home/airflow/.local/lib/python3.12/site-packages/airflow/example_dags/example_kubernetes_executor.py
[2025-10-06T18:44:44.138+0000] {processor.py:914} INFO - Processing file /home/airflow/.local/lib/python3.12/site-packages/airflow/example_dags/example_kubernetes_executor.py for tasks to queue
[2025-10-06T18:44:44.141+0000] {logging_mixin.py:190} INFO - [2025-10-06T18:44:44.140+0000] {dagbag.py:588} INFO - Filling up the DagBag from /home/airflow/.local/lib/python3.12/site-packages/airflow/example_dags/example_kubernetes_executor.py
[2025-10-06T18:44:44.165+0000] {processor.py:925} INFO - DAG(s) 'example_kubernetes_executor' retrieved from /home/airflow/.local/lib/python3.12/site-packages/airflow/example_dags/example_kubernetes_executor.py
[2025-10-06T18:44:44.205+0000] {logging_mixin.py:190} INFO - [2025-10-06T18:44:44.205+0000] {dag.py:3239} INFO - Sync 1 DAGs
[2025-10-06T18:44:44.221+0000] {logging_mixin.py:190} INFO - [2025-10-06T18:44:44.220+0000] {dag.py:4180} INFO - Setting next_dagrun for example_kubernetes_executor to None, run_after=None
[2025-10-06T18:44:44.244+0000] {processor.py:208} INFO - Processing /home/airflow/.local/lib/python3.12/site-packages/airflow/example_dags/example_kubernetes_executor.py took 0.115 seconds
[2025-10-06T18:45:16.422+0000] {processor.py:186} INFO - Started process (PID=2891) to work on /home/airflow/.local/lib/python3.12/site-packages/airflow/example_dags/example_kubernetes_executor.py
[2025-10-06T18:45:16.423+0000] {processor.py:914} INFO - Processing file /home/airflow/.local/lib/python3.12/site-packages/airflow/example_dags/example_kubernetes_executor.py for tasks to queue
[2025-10-06T18:45:16.426+0000] {logging_mixin.py:190} INFO - [2025-10-06T18:45:16.426+0000] {dagbag.py:588} INFO - Filling up the DagBag from /home/airflow/.local/lib/python3.12/site-packages/airflow/example_dags/example_kubernetes_executor.py
[2025-10-06T18:45:16.447+0000] {processor.py:925} INFO - DAG(s) 'example_kubernetes_executor' retrieved from /home/airflow/.local/lib/python3.12/site-packages/airflow/example_dags/example_kubernetes_executor.py
[2025-10-06T18:45:16.491+0000] {logging_mixin.py:190} INFO - [2025-10-06T18:45:16.491+0000] {dag.py:3239} INFO - Sync 1 DAGs
[2025-10-06T18:45:16.507+0000] {logging_mixin.py:190} INFO - [2025-10-06T18:45:16.507+0000] {dag.py:4180} INFO - Setting next_dagrun for example_kubernetes_executor to None, run_after=None
[2025-10-06T18:45:16.547+0000] {processor.py:208} INFO - Processing /home/airflow/.local/lib/python3.12/site-packages/airflow/example_dags/example_kubernetes_executor.py took 0.131 seconds
[2025-10-06T18:45:47.771+0000] {processor.py:186} INFO - Started process (PID=2954) to work on /home/airflow/.local/lib/python3.12/site-packages/airflow/example_dags/example_kubernetes_executor.py
[2025-10-06T18:45:47.780+0000] {processor.py:914} INFO - Processing file /home/airflow/.local/lib/python3.12/site-packages/airflow/example_dags/example_kubernetes_executor.py for tasks to queue
[2025-10-06T18:45:47.788+0000] {logging_mixin.py:190} INFO - [2025-10-06T18:45:47.787+0000] {dagbag.py:588} INFO - Filling up the DagBag from /home/airflow/.local/lib/python3.12/site-packages/airflow/example_dags/example_kubernetes_executor.py
[2025-10-06T18:45:47.826+0000] {processor.py:925} INFO - DAG(s) 'example_kubernetes_executor' retrieved from /home/airflow/.local/lib/python3.12/site-packages/airflow/example_dags/example_kubernetes_executor.py
[2025-10-06T18:45:47.907+0000] {logging_mixin.py:190} INFO - [2025-10-06T18:45:47.907+0000] {dag.py:3239} INFO - Sync 1 DAGs
[2025-10-06T18:45:48.333+0000] {logging_mixin.py:190} INFO - [2025-10-06T18:45:48.332+0000] {dag.py:4180} INFO - Setting next_dagrun for example_kubernetes_executor to None, run_after=None
[2025-10-06T18:45:48.369+0000] {processor.py:208} INFO - Processing /home/airflow/.local/lib/python3.12/site-packages/airflow/example_dags/example_kubernetes_executor.py took 0.608 seconds
[2025-10-06T18:46:19.953+0000] {processor.py:186} INFO - Started process (PID=3017) to work on /home/airflow/.local/lib/python3.12/site-packages/airflow/example_dags/example_kubernetes_executor.py
[2025-10-06T18:46:19.955+0000] {processor.py:914} INFO - Processing file /home/airflow/.local/lib/python3.12/site-packages/airflow/example_dags/example_kubernetes_executor.py for tasks to queue
[2025-10-06T18:46:19.958+0000] {logging_mixin.py:190} INFO - [2025-10-06T18:46:19.957+0000] {dagbag.py:588} INFO - Filling up the DagBag from /home/airflow/.local/lib/python3.12/site-packages/airflow/example_dags/example_kubernetes_executor.py
[2025-10-06T18:46:19.974+0000] {processor.py:925} INFO - DAG(s) 'example_kubernetes_executor' retrieved from /home/airflow/.local/lib/python3.12/site-packages/airflow/example_dags/example_kubernetes_executor.py
[2025-10-06T18:46:20.018+0000] {logging_mixin.py:190} INFO - [2025-10-06T18:46:20.018+0000] {dag.py:3239} INFO - Sync 1 DAGs
[2025-10-06T18:46:20.309+0000] {logging_mixin.py:190} INFO - [2025-10-06T18:46:20.309+0000] {dag.py:4180} INFO - Setting next_dagrun for example_kubernetes_executor to None, run_after=None
[2025-10-06T18:46:20.337+0000] {processor.py:208} INFO - Processing /home/airflow/.local/lib/python3.12/site-packages/airflow/example_dags/example_kubernetes_executor.py took 0.391 seconds
[2025-10-06T18:46:51.310+0000] {processor.py:186} INFO - Started process (PID=3080) to work on /home/airflow/.local/lib/python3.12/site-packages/airflow/example_dags/example_kubernetes_executor.py
[2025-10-06T18:46:51.312+0000] {processor.py:914} INFO - Processing file /home/airflow/.local/lib/python3.12/site-packages/airflow/example_dags/example_kubernetes_executor.py for tasks to queue
[2025-10-06T18:46:51.315+0000] {logging_mixin.py:190} INFO - [2025-10-06T18:46:51.314+0000] {dagbag.py:588} INFO - Filling up the DagBag from /home/airflow/.local/lib/python3.12/site-packages/airflow/example_dags/example_kubernetes_executor.py
[2025-10-06T18:46:51.347+0000] {processor.py:925} INFO - DAG(s) 'example_kubernetes_executor' retrieved from /home/airflow/.local/lib/python3.12/site-packages/airflow/example_dags/example_kubernetes_executor.py
[2025-10-06T18:46:51.391+0000] {logging_mixin.py:190} INFO - [2025-10-06T18:46:51.390+0000] {dag.py:3239} INFO - Sync 1 DAGs
[2025-10-06T18:46:51.410+0000] {logging_mixin.py:190} INFO - [2025-10-06T18:46:51.410+0000] {dag.py:4180} INFO - Setting next_dagrun for example_kubernetes_executor to None, run_after=None
[2025-10-06T18:46:51.635+0000] {processor.py:208} INFO - Processing /home/airflow/.local/lib/python3.12/site-packages/airflow/example_dags/example_kubernetes_executor.py took 0.333 seconds
[2025-10-06T18:47:23.006+0000] {processor.py:186} INFO - Started process (PID=3143) to work on /home/airflow/.local/lib/python3.12/site-packages/airflow/example_dags/example_kubernetes_executor.py
[2025-10-06T18:47:23.008+0000] {processor.py:914} INFO - Processing file /home/airflow/.local/lib/python3.12/site-packages/airflow/example_dags/example_kubernetes_executor.py for tasks to queue
[2025-10-06T18:47:23.011+0000] {logging_mixin.py:190} INFO - [2025-10-06T18:47:23.010+0000] {dagbag.py:588} INFO - Filling up the DagBag from /home/airflow/.local/lib/python3.12/site-packages/airflow/example_dags/example_kubernetes_executor.py
[2025-10-06T18:47:23.029+0000] {processor.py:925} INFO - DAG(s) 'example_kubernetes_executor' retrieved from /home/airflow/.local/lib/python3.12/site-packages/airflow/example_dags/example_kubernetes_executor.py
[2025-10-06T18:47:23.070+0000] {logging_mixin.py:190} INFO - [2025-10-06T18:47:23.070+0000] {dag.py:3239} INFO - Sync 1 DAGs
[2025-10-06T18:47:23.087+0000] {logging_mixin.py:190} INFO - [2025-10-06T18:47:23.087+0000] {dag.py:4180} INFO - Setting next_dagrun for example_kubernetes_executor to None, run_after=None
[2025-10-06T18:47:23.114+0000] {processor.py:208} INFO - Processing /home/airflow/.local/lib/python3.12/site-packages/airflow/example_dags/example_kubernetes_executor.py took 0.114 seconds
[2025-10-06T18:47:54.328+0000] {processor.py:186} INFO - Started process (PID=3206) to work on /home/airflow/.local/lib/python3.12/site-packages/airflow/example_dags/example_kubernetes_executor.py
[2025-10-06T18:47:54.329+0000] {processor.py:914} INFO - Processing file /home/airflow/.local/lib/python3.12/site-packages/airflow/example_dags/example_kubernetes_executor.py for tasks to queue
[2025-10-06T18:47:54.332+0000] {logging_mixin.py:190} INFO - [2025-10-06T18:47:54.332+0000] {dagbag.py:588} INFO - Filling up the DagBag from /home/airflow/.local/lib/python3.12/site-packages/airflow/example_dags/example_kubernetes_executor.py
[2025-10-06T18:47:54.565+0000] {processor.py:925} INFO - DAG(s) 'example_kubernetes_executor' retrieved from /home/airflow/.local/lib/python3.12/site-packages/airflow/example_dags/example_kubernetes_executor.py
[2025-10-06T18:47:54.612+0000] {logging_mixin.py:190} INFO - [2025-10-06T18:47:54.611+0000] {dag.py:3239} INFO - Sync 1 DAGs
[2025-10-06T18:47:54.625+0000] {logging_mixin.py:190} INFO - [2025-10-06T18:47:54.625+0000] {dag.py:4180} INFO - Setting next_dagrun for example_kubernetes_executor to None, run_after=None
[2025-10-06T18:47:54.645+0000] {processor.py:208} INFO - Processing /home/airflow/.local/lib/python3.12/site-packages/airflow/example_dags/example_kubernetes_executor.py took 0.325 seconds
[2025-10-06T18:48:26.788+0000] {processor.py:186} INFO - Started process (PID=3269) to work on /home/airflow/.local/lib/python3.12/site-packages/airflow/example_dags/example_kubernetes_executor.py
[2025-10-06T18:48:27.270+0000] {processor.py:914} INFO - Processing file /home/airflow/.local/lib/python3.12/site-packages/airflow/example_dags/example_kubernetes_executor.py for tasks to queue
[2025-10-06T18:48:58.604+0000] {logging_mixin.py:190} INFO - [2025-10-06T18:48:39.764+0000] {dagbag.py:588} INFO - Filling up the DagBag from /home/airflow/.local/lib/python3.12/site-packages/airflow/example_dags/example_kubernetes_executor.py
[2025-10-06T18:52:09.341+0000] {logging_mixin.py:190} INFO - [2025-10-06T18:51:13.384+0000] {timeout.py:68} ERROR - Process timed out, PID: 3269
[2025-10-06T18:56:22.434+0000] {logging_mixin.py:190} INFO - [2025-10-06T18:53:42.167+0000] {dagbag.py:387} ERROR - Failed to import: /home/airflow/.local/lib/python3.12/site-packages/airflow/example_dags/example_kubernetes_executor.py
Traceback (most recent call last):
  File "/home/airflow/.local/lib/python3.12/site-packages/airflow/models/dagbag.py", line 383, in parse
    loader.exec_module(new_module)
  File "<frozen importlib._bootstrap_external>", line 995, in exec_module
  File "<frozen importlib._bootstrap>", line 488, in _call_with_frames_removed
  File "/home/airflow/.local/lib/python3.12/site-packages/airflow/example_dags/example_kubernetes_executor.py", line 47, in <module>
    with DAG(
         ^^^^
  File "/home/airflow/.local/lib/python3.12/site-packages/airflow/models/dag.py", line 710, in __init__
    self.max_consecutive_failed_dag_runs = airflow_conf.getint(
                                           ^^^^^^^^^^^^^^^^^^^^
  File "/home/airflow/.local/lib/python3.12/site-packages/airflow/configuration.py", line 1162, in getint
    val = self.get(section, key, _extra_stacklevel=1, **kwargs)
          ^^^^^^^^^^^^^^^^^^^^^^^^^^^^^^^^^^^^^^^^^^^^^^^^^^^^^
  File "/home/airflow/.local/lib/python3.12/site-packages/airflow/configuration.py", line 1001, in get
    option = self._get_environment_variables(
             ^^^^^^^^^^^^^^^^^^^^^^^^^^^^^^^^
  File "/home/airflow/.local/lib/python3.12/site-packages/airflow/configuration.py", line 1135, in _get_environment_variables
    option = self._get_env_var_option(section, key)
             ^^^^^^^^^^^^^^^^^^^^^^^^^^^^^^^^^^^^^^
  File "/home/airflow/.local/lib/python3.12/site-packages/airflow/configuration.py", line 870, in _get_env_var_option
    if env_var_secret_path in os.environ:
       ^^^^^^^^^^^^^^^^^^^^^^^^^^^^^^^^^
  File "<frozen _collections_abc>", line 811, in __contains__
  File "/home/airflow/.local/lib/python3.12/site-packages/airflow/utils/timeout.py", line 69, in handle_timeout
    raise AirflowTaskTimeout(self.error_message)
airflow.exceptions.AirflowTaskTimeout: DagBag import timeout for /home/airflow/.local/lib/python3.12/site-packages/airflow/example_dags/example_kubernetes_executor.py after 30.0s.
Please take a look at these docs to improve your DAG import time:
* https://airflow.apache.org/docs/apache-airflow/2.10.2/best-practices.html#top-level-python-code
* https://airflow.apache.org/docs/apache-airflow/2.10.2/best-practices.html#reducing-dag-complexity, PID: 3269
[2025-10-06T18:56:22.509+0000] {processor.py:927} WARNING - No viable dags retrieved from /home/airflow/.local/lib/python3.12/site-packages/airflow/example_dags/example_kubernetes_executor.py
[2025-10-06T18:57:15.145+0000] {processor.py:186} INFO - Started process (PID=3340) to work on /home/airflow/.local/lib/python3.12/site-packages/airflow/example_dags/example_kubernetes_executor.py
[2025-10-06T18:57:15.147+0000] {processor.py:914} INFO - Processing file /home/airflow/.local/lib/python3.12/site-packages/airflow/example_dags/example_kubernetes_executor.py for tasks to queue
[2025-10-06T18:57:15.149+0000] {logging_mixin.py:190} INFO - [2025-10-06T18:57:15.149+0000] {dagbag.py:588} INFO - Filling up the DagBag from /home/airflow/.local/lib/python3.12/site-packages/airflow/example_dags/example_kubernetes_executor.py
[2025-10-06T18:57:15.588+0000] {processor.py:925} INFO - DAG(s) 'example_kubernetes_executor' retrieved from /home/airflow/.local/lib/python3.12/site-packages/airflow/example_dags/example_kubernetes_executor.py
[2025-10-06T18:57:16.073+0000] {logging_mixin.py:190} INFO - [2025-10-06T18:57:16.072+0000] {dag.py:3239} INFO - Sync 1 DAGs
[2025-10-06T18:57:16.098+0000] {logging_mixin.py:190} INFO - [2025-10-06T18:57:16.098+0000] {dag.py:4180} INFO - Setting next_dagrun for example_kubernetes_executor to None, run_after=None
[2025-10-06T18:57:16.142+0000] {processor.py:208} INFO - Processing /home/airflow/.local/lib/python3.12/site-packages/airflow/example_dags/example_kubernetes_executor.py took 1.007 seconds
[2025-10-06T18:57:46.330+0000] {processor.py:186} INFO - Started process (PID=3403) to work on /home/airflow/.local/lib/python3.12/site-packages/airflow/example_dags/example_kubernetes_executor.py
[2025-10-06T18:57:46.331+0000] {processor.py:914} INFO - Processing file /home/airflow/.local/lib/python3.12/site-packages/airflow/example_dags/example_kubernetes_executor.py for tasks to queue
[2025-10-06T18:57:46.333+0000] {logging_mixin.py:190} INFO - [2025-10-06T18:57:46.332+0000] {dagbag.py:588} INFO - Filling up the DagBag from /home/airflow/.local/lib/python3.12/site-packages/airflow/example_dags/example_kubernetes_executor.py
[2025-10-06T18:57:46.353+0000] {processor.py:925} INFO - DAG(s) 'example_kubernetes_executor' retrieved from /home/airflow/.local/lib/python3.12/site-packages/airflow/example_dags/example_kubernetes_executor.py
[2025-10-06T18:57:46.395+0000] {logging_mixin.py:190} INFO - [2025-10-06T18:57:46.395+0000] {dag.py:3239} INFO - Sync 1 DAGs
[2025-10-06T18:57:46.413+0000] {logging_mixin.py:190} INFO - [2025-10-06T18:57:46.413+0000] {dag.py:4180} INFO - Setting next_dagrun for example_kubernetes_executor to None, run_after=None
[2025-10-06T18:57:46.442+0000] {processor.py:208} INFO - Processing /home/airflow/.local/lib/python3.12/site-packages/airflow/example_dags/example_kubernetes_executor.py took 0.120 seconds
[2025-10-06T18:58:16.574+0000] {processor.py:186} INFO - Started process (PID=3466) to work on /home/airflow/.local/lib/python3.12/site-packages/airflow/example_dags/example_kubernetes_executor.py
[2025-10-06T18:58:16.575+0000] {processor.py:914} INFO - Processing file /home/airflow/.local/lib/python3.12/site-packages/airflow/example_dags/example_kubernetes_executor.py for tasks to queue
[2025-10-06T18:58:16.577+0000] {logging_mixin.py:190} INFO - [2025-10-06T18:58:16.577+0000] {dagbag.py:588} INFO - Filling up the DagBag from /home/airflow/.local/lib/python3.12/site-packages/airflow/example_dags/example_kubernetes_executor.py
[2025-10-06T18:58:16.599+0000] {processor.py:925} INFO - DAG(s) 'example_kubernetes_executor' retrieved from /home/airflow/.local/lib/python3.12/site-packages/airflow/example_dags/example_kubernetes_executor.py
[2025-10-06T18:58:16.646+0000] {logging_mixin.py:190} INFO - [2025-10-06T18:58:16.646+0000] {dag.py:3239} INFO - Sync 1 DAGs
[2025-10-06T18:58:16.669+0000] {logging_mixin.py:190} INFO - [2025-10-06T18:58:16.668+0000] {dag.py:4180} INFO - Setting next_dagrun for example_kubernetes_executor to None, run_after=None
[2025-10-06T18:58:16.697+0000] {processor.py:208} INFO - Processing /home/airflow/.local/lib/python3.12/site-packages/airflow/example_dags/example_kubernetes_executor.py took 0.131 seconds
[2025-10-06T18:58:47.083+0000] {processor.py:186} INFO - Started process (PID=3528) to work on /home/airflow/.local/lib/python3.12/site-packages/airflow/example_dags/example_kubernetes_executor.py
[2025-10-06T18:58:47.084+0000] {processor.py:914} INFO - Processing file /home/airflow/.local/lib/python3.12/site-packages/airflow/example_dags/example_kubernetes_executor.py for tasks to queue
[2025-10-06T18:58:47.086+0000] {logging_mixin.py:190} INFO - [2025-10-06T18:58:47.085+0000] {dagbag.py:588} INFO - Filling up the DagBag from /home/airflow/.local/lib/python3.12/site-packages/airflow/example_dags/example_kubernetes_executor.py
[2025-10-06T18:58:47.101+0000] {processor.py:925} INFO - DAG(s) 'example_kubernetes_executor' retrieved from /home/airflow/.local/lib/python3.12/site-packages/airflow/example_dags/example_kubernetes_executor.py
[2025-10-06T18:58:47.139+0000] {logging_mixin.py:190} INFO - [2025-10-06T18:58:47.139+0000] {dag.py:3239} INFO - Sync 1 DAGs
[2025-10-06T18:58:47.156+0000] {logging_mixin.py:190} INFO - [2025-10-06T18:58:47.155+0000] {dag.py:4180} INFO - Setting next_dagrun for example_kubernetes_executor to None, run_after=None
[2025-10-06T18:58:47.178+0000] {processor.py:208} INFO - Processing /home/airflow/.local/lib/python3.12/site-packages/airflow/example_dags/example_kubernetes_executor.py took 0.101 seconds
[2025-10-06T18:59:17.866+0000] {processor.py:186} INFO - Started process (PID=3591) to work on /home/airflow/.local/lib/python3.12/site-packages/airflow/example_dags/example_kubernetes_executor.py
[2025-10-06T18:59:17.868+0000] {processor.py:914} INFO - Processing file /home/airflow/.local/lib/python3.12/site-packages/airflow/example_dags/example_kubernetes_executor.py for tasks to queue
[2025-10-06T18:59:17.869+0000] {logging_mixin.py:190} INFO - [2025-10-06T18:59:17.868+0000] {dagbag.py:588} INFO - Filling up the DagBag from /home/airflow/.local/lib/python3.12/site-packages/airflow/example_dags/example_kubernetes_executor.py
[2025-10-06T18:59:17.884+0000] {processor.py:925} INFO - DAG(s) 'example_kubernetes_executor' retrieved from /home/airflow/.local/lib/python3.12/site-packages/airflow/example_dags/example_kubernetes_executor.py
[2025-10-06T18:59:17.920+0000] {logging_mixin.py:190} INFO - [2025-10-06T18:59:17.920+0000] {dag.py:3239} INFO - Sync 1 DAGs
[2025-10-06T18:59:17.937+0000] {logging_mixin.py:190} INFO - [2025-10-06T18:59:17.937+0000] {dag.py:4180} INFO - Setting next_dagrun for example_kubernetes_executor to None, run_after=None
[2025-10-06T18:59:17.968+0000] {processor.py:208} INFO - Processing /home/airflow/.local/lib/python3.12/site-packages/airflow/example_dags/example_kubernetes_executor.py took 0.108 seconds
[2025-10-06T18:59:48.163+0000] {processor.py:186} INFO - Started process (PID=3648) to work on /home/airflow/.local/lib/python3.12/site-packages/airflow/example_dags/example_kubernetes_executor.py
[2025-10-06T18:59:48.164+0000] {processor.py:914} INFO - Processing file /home/airflow/.local/lib/python3.12/site-packages/airflow/example_dags/example_kubernetes_executor.py for tasks to queue
[2025-10-06T18:59:48.166+0000] {logging_mixin.py:190} INFO - [2025-10-06T18:59:48.165+0000] {dagbag.py:588} INFO - Filling up the DagBag from /home/airflow/.local/lib/python3.12/site-packages/airflow/example_dags/example_kubernetes_executor.py
[2025-10-06T18:59:48.183+0000] {processor.py:925} INFO - DAG(s) 'example_kubernetes_executor' retrieved from /home/airflow/.local/lib/python3.12/site-packages/airflow/example_dags/example_kubernetes_executor.py
[2025-10-06T18:59:48.235+0000] {logging_mixin.py:190} INFO - [2025-10-06T18:59:48.235+0000] {dag.py:3239} INFO - Sync 1 DAGs
[2025-10-06T18:59:48.278+0000] {logging_mixin.py:190} INFO - [2025-10-06T18:59:48.277+0000] {dag.py:4180} INFO - Setting next_dagrun for example_kubernetes_executor to None, run_after=None
[2025-10-06T18:59:48.326+0000] {processor.py:208} INFO - Processing /home/airflow/.local/lib/python3.12/site-packages/airflow/example_dags/example_kubernetes_executor.py took 0.170 seconds
[2025-10-06T19:00:19.985+0000] {processor.py:186} INFO - Started process (PID=3715) to work on /home/airflow/.local/lib/python3.12/site-packages/airflow/example_dags/example_kubernetes_executor.py
[2025-10-06T19:00:19.988+0000] {processor.py:914} INFO - Processing file /home/airflow/.local/lib/python3.12/site-packages/airflow/example_dags/example_kubernetes_executor.py for tasks to queue
[2025-10-06T19:00:19.993+0000] {logging_mixin.py:190} INFO - [2025-10-06T19:00:19.992+0000] {dagbag.py:588} INFO - Filling up the DagBag from /home/airflow/.local/lib/python3.12/site-packages/airflow/example_dags/example_kubernetes_executor.py
[2025-10-06T19:00:20.077+0000] {processor.py:925} INFO - DAG(s) 'example_kubernetes_executor' retrieved from /home/airflow/.local/lib/python3.12/site-packages/airflow/example_dags/example_kubernetes_executor.py
[2025-10-06T19:00:20.147+0000] {logging_mixin.py:190} INFO - [2025-10-06T19:00:20.146+0000] {dag.py:3239} INFO - Sync 1 DAGs
[2025-10-06T19:00:20.191+0000] {logging_mixin.py:190} INFO - [2025-10-06T19:00:20.190+0000] {dag.py:4180} INFO - Setting next_dagrun for example_kubernetes_executor to None, run_after=None
[2025-10-06T19:00:20.255+0000] {processor.py:208} INFO - Processing /home/airflow/.local/lib/python3.12/site-packages/airflow/example_dags/example_kubernetes_executor.py took 0.290 seconds
[2025-10-06T19:00:50.909+0000] {processor.py:186} INFO - Started process (PID=3778) to work on /home/airflow/.local/lib/python3.12/site-packages/airflow/example_dags/example_kubernetes_executor.py
[2025-10-06T19:00:50.910+0000] {processor.py:914} INFO - Processing file /home/airflow/.local/lib/python3.12/site-packages/airflow/example_dags/example_kubernetes_executor.py for tasks to queue
[2025-10-06T19:00:50.912+0000] {logging_mixin.py:190} INFO - [2025-10-06T19:00:50.912+0000] {dagbag.py:588} INFO - Filling up the DagBag from /home/airflow/.local/lib/python3.12/site-packages/airflow/example_dags/example_kubernetes_executor.py
[2025-10-06T19:00:50.929+0000] {processor.py:925} INFO - DAG(s) 'example_kubernetes_executor' retrieved from /home/airflow/.local/lib/python3.12/site-packages/airflow/example_dags/example_kubernetes_executor.py
[2025-10-06T19:00:50.971+0000] {logging_mixin.py:190} INFO - [2025-10-06T19:00:50.970+0000] {dag.py:3239} INFO - Sync 1 DAGs
[2025-10-06T19:00:50.987+0000] {logging_mixin.py:190} INFO - [2025-10-06T19:00:50.987+0000] {dag.py:4180} INFO - Setting next_dagrun for example_kubernetes_executor to None, run_after=None
[2025-10-06T19:00:51.012+0000] {processor.py:208} INFO - Processing /home/airflow/.local/lib/python3.12/site-packages/airflow/example_dags/example_kubernetes_executor.py took 0.110 seconds
[2025-10-06T19:01:21.458+0000] {processor.py:186} INFO - Started process (PID=3841) to work on /home/airflow/.local/lib/python3.12/site-packages/airflow/example_dags/example_kubernetes_executor.py
[2025-10-06T19:01:21.463+0000] {processor.py:914} INFO - Processing file /home/airflow/.local/lib/python3.12/site-packages/airflow/example_dags/example_kubernetes_executor.py for tasks to queue
[2025-10-06T19:01:21.465+0000] {logging_mixin.py:190} INFO - [2025-10-06T19:01:21.465+0000] {dagbag.py:588} INFO - Filling up the DagBag from /home/airflow/.local/lib/python3.12/site-packages/airflow/example_dags/example_kubernetes_executor.py
[2025-10-06T19:01:21.489+0000] {processor.py:925} INFO - DAG(s) 'example_kubernetes_executor' retrieved from /home/airflow/.local/lib/python3.12/site-packages/airflow/example_dags/example_kubernetes_executor.py
[2025-10-06T19:01:21.533+0000] {logging_mixin.py:190} INFO - [2025-10-06T19:01:21.532+0000] {dag.py:3239} INFO - Sync 1 DAGs
[2025-10-06T19:01:21.557+0000] {logging_mixin.py:190} INFO - [2025-10-06T19:01:21.556+0000] {dag.py:4180} INFO - Setting next_dagrun for example_kubernetes_executor to None, run_after=None
[2025-10-06T19:01:21.587+0000] {processor.py:208} INFO - Processing /home/airflow/.local/lib/python3.12/site-packages/airflow/example_dags/example_kubernetes_executor.py took 0.139 seconds
[2025-10-06T19:01:51.946+0000] {processor.py:186} INFO - Started process (PID=3905) to work on /home/airflow/.local/lib/python3.12/site-packages/airflow/example_dags/example_kubernetes_executor.py
[2025-10-06T19:01:51.950+0000] {processor.py:914} INFO - Processing file /home/airflow/.local/lib/python3.12/site-packages/airflow/example_dags/example_kubernetes_executor.py for tasks to queue
[2025-10-06T19:01:51.952+0000] {logging_mixin.py:190} INFO - [2025-10-06T19:01:51.951+0000] {dagbag.py:588} INFO - Filling up the DagBag from /home/airflow/.local/lib/python3.12/site-packages/airflow/example_dags/example_kubernetes_executor.py
[2025-10-06T19:01:51.969+0000] {processor.py:925} INFO - DAG(s) 'example_kubernetes_executor' retrieved from /home/airflow/.local/lib/python3.12/site-packages/airflow/example_dags/example_kubernetes_executor.py
[2025-10-06T19:01:52.022+0000] {logging_mixin.py:190} INFO - [2025-10-06T19:01:52.022+0000] {dag.py:3239} INFO - Sync 1 DAGs
[2025-10-06T19:01:52.041+0000] {logging_mixin.py:190} INFO - [2025-10-06T19:01:52.041+0000] {dag.py:4180} INFO - Setting next_dagrun for example_kubernetes_executor to None, run_after=None
[2025-10-06T19:01:52.072+0000] {processor.py:208} INFO - Processing /home/airflow/.local/lib/python3.12/site-packages/airflow/example_dags/example_kubernetes_executor.py took 0.135 seconds
[2025-10-06T19:02:22.594+0000] {processor.py:186} INFO - Started process (PID=3962) to work on /home/airflow/.local/lib/python3.12/site-packages/airflow/example_dags/example_kubernetes_executor.py
[2025-10-06T19:02:22.596+0000] {processor.py:914} INFO - Processing file /home/airflow/.local/lib/python3.12/site-packages/airflow/example_dags/example_kubernetes_executor.py for tasks to queue
[2025-10-06T19:02:22.598+0000] {logging_mixin.py:190} INFO - [2025-10-06T19:02:22.597+0000] {dagbag.py:588} INFO - Filling up the DagBag from /home/airflow/.local/lib/python3.12/site-packages/airflow/example_dags/example_kubernetes_executor.py
[2025-10-06T19:02:22.626+0000] {processor.py:925} INFO - DAG(s) 'example_kubernetes_executor' retrieved from /home/airflow/.local/lib/python3.12/site-packages/airflow/example_dags/example_kubernetes_executor.py
[2025-10-06T19:02:22.673+0000] {logging_mixin.py:190} INFO - [2025-10-06T19:02:22.672+0000] {dag.py:3239} INFO - Sync 1 DAGs
[2025-10-06T19:02:22.692+0000] {logging_mixin.py:190} INFO - [2025-10-06T19:02:22.692+0000] {dag.py:4180} INFO - Setting next_dagrun for example_kubernetes_executor to None, run_after=None
[2025-10-06T19:02:22.718+0000] {processor.py:208} INFO - Processing /home/airflow/.local/lib/python3.12/site-packages/airflow/example_dags/example_kubernetes_executor.py took 0.134 seconds
[2025-10-06T19:02:53.273+0000] {processor.py:186} INFO - Started process (PID=4025) to work on /home/airflow/.local/lib/python3.12/site-packages/airflow/example_dags/example_kubernetes_executor.py
[2025-10-06T19:02:53.274+0000] {processor.py:914} INFO - Processing file /home/airflow/.local/lib/python3.12/site-packages/airflow/example_dags/example_kubernetes_executor.py for tasks to queue
[2025-10-06T19:02:53.276+0000] {logging_mixin.py:190} INFO - [2025-10-06T19:02:53.275+0000] {dagbag.py:588} INFO - Filling up the DagBag from /home/airflow/.local/lib/python3.12/site-packages/airflow/example_dags/example_kubernetes_executor.py
[2025-10-06T19:02:53.293+0000] {processor.py:925} INFO - DAG(s) 'example_kubernetes_executor' retrieved from /home/airflow/.local/lib/python3.12/site-packages/airflow/example_dags/example_kubernetes_executor.py
[2025-10-06T19:02:53.336+0000] {logging_mixin.py:190} INFO - [2025-10-06T19:02:53.335+0000] {dag.py:3239} INFO - Sync 1 DAGs
[2025-10-06T19:02:53.354+0000] {logging_mixin.py:190} INFO - [2025-10-06T19:02:53.354+0000] {dag.py:4180} INFO - Setting next_dagrun for example_kubernetes_executor to None, run_after=None
[2025-10-06T19:02:53.383+0000] {processor.py:208} INFO - Processing /home/airflow/.local/lib/python3.12/site-packages/airflow/example_dags/example_kubernetes_executor.py took 0.117 seconds
[2025-10-06T19:03:24.315+0000] {processor.py:186} INFO - Started process (PID=4083) to work on /home/airflow/.local/lib/python3.12/site-packages/airflow/example_dags/example_kubernetes_executor.py
[2025-10-06T19:03:24.317+0000] {processor.py:914} INFO - Processing file /home/airflow/.local/lib/python3.12/site-packages/airflow/example_dags/example_kubernetes_executor.py for tasks to queue
[2025-10-06T19:03:24.319+0000] {logging_mixin.py:190} INFO - [2025-10-06T19:03:24.318+0000] {dagbag.py:588} INFO - Filling up the DagBag from /home/airflow/.local/lib/python3.12/site-packages/airflow/example_dags/example_kubernetes_executor.py
[2025-10-06T19:03:24.336+0000] {processor.py:925} INFO - DAG(s) 'example_kubernetes_executor' retrieved from /home/airflow/.local/lib/python3.12/site-packages/airflow/example_dags/example_kubernetes_executor.py
[2025-10-06T19:03:24.384+0000] {logging_mixin.py:190} INFO - [2025-10-06T19:03:24.383+0000] {dag.py:3239} INFO - Sync 1 DAGs
[2025-10-06T19:03:24.404+0000] {logging_mixin.py:190} INFO - [2025-10-06T19:03:24.403+0000] {dag.py:4180} INFO - Setting next_dagrun for example_kubernetes_executor to None, run_after=None
[2025-10-06T19:03:24.433+0000] {processor.py:208} INFO - Processing /home/airflow/.local/lib/python3.12/site-packages/airflow/example_dags/example_kubernetes_executor.py took 0.125 seconds
[2025-10-06T19:03:56.088+0000] {processor.py:186} INFO - Started process (PID=4146) to work on /home/airflow/.local/lib/python3.12/site-packages/airflow/example_dags/example_kubernetes_executor.py
[2025-10-06T19:03:56.090+0000] {processor.py:914} INFO - Processing file /home/airflow/.local/lib/python3.12/site-packages/airflow/example_dags/example_kubernetes_executor.py for tasks to queue
[2025-10-06T19:03:56.091+0000] {logging_mixin.py:190} INFO - [2025-10-06T19:03:56.091+0000] {dagbag.py:588} INFO - Filling up the DagBag from /home/airflow/.local/lib/python3.12/site-packages/airflow/example_dags/example_kubernetes_executor.py
[2025-10-06T19:03:56.108+0000] {processor.py:925} INFO - DAG(s) 'example_kubernetes_executor' retrieved from /home/airflow/.local/lib/python3.12/site-packages/airflow/example_dags/example_kubernetes_executor.py
[2025-10-06T19:03:56.147+0000] {logging_mixin.py:190} INFO - [2025-10-06T19:03:56.147+0000] {dag.py:3239} INFO - Sync 1 DAGs
[2025-10-06T19:03:56.164+0000] {logging_mixin.py:190} INFO - [2025-10-06T19:03:56.164+0000] {dag.py:4180} INFO - Setting next_dagrun for example_kubernetes_executor to None, run_after=None
[2025-10-06T19:03:56.192+0000] {processor.py:208} INFO - Processing /home/airflow/.local/lib/python3.12/site-packages/airflow/example_dags/example_kubernetes_executor.py took 0.112 seconds
[2025-10-06T19:04:27.976+0000] {processor.py:186} INFO - Started process (PID=4199) to work on /home/airflow/.local/lib/python3.12/site-packages/airflow/example_dags/example_kubernetes_executor.py
[2025-10-06T19:04:27.978+0000] {processor.py:914} INFO - Processing file /home/airflow/.local/lib/python3.12/site-packages/airflow/example_dags/example_kubernetes_executor.py for tasks to queue
[2025-10-06T19:04:27.980+0000] {logging_mixin.py:190} INFO - [2025-10-06T19:04:27.979+0000] {dagbag.py:588} INFO - Filling up the DagBag from /home/airflow/.local/lib/python3.12/site-packages/airflow/example_dags/example_kubernetes_executor.py
[2025-10-06T19:04:27.996+0000] {processor.py:925} INFO - DAG(s) 'example_kubernetes_executor' retrieved from /home/airflow/.local/lib/python3.12/site-packages/airflow/example_dags/example_kubernetes_executor.py
[2025-10-06T19:04:28.041+0000] {logging_mixin.py:190} INFO - [2025-10-06T19:04:28.041+0000] {dag.py:3239} INFO - Sync 1 DAGs
[2025-10-06T19:04:28.062+0000] {logging_mixin.py:190} INFO - [2025-10-06T19:04:28.062+0000] {dag.py:4180} INFO - Setting next_dagrun for example_kubernetes_executor to None, run_after=None
[2025-10-06T19:04:28.092+0000] {processor.py:208} INFO - Processing /home/airflow/.local/lib/python3.12/site-packages/airflow/example_dags/example_kubernetes_executor.py took 0.122 seconds
[2025-10-06T19:04:59.180+0000] {processor.py:186} INFO - Started process (PID=4262) to work on /home/airflow/.local/lib/python3.12/site-packages/airflow/example_dags/example_kubernetes_executor.py
[2025-10-06T19:04:59.182+0000] {processor.py:914} INFO - Processing file /home/airflow/.local/lib/python3.12/site-packages/airflow/example_dags/example_kubernetes_executor.py for tasks to queue
[2025-10-06T19:04:59.184+0000] {logging_mixin.py:190} INFO - [2025-10-06T19:04:59.183+0000] {dagbag.py:588} INFO - Filling up the DagBag from /home/airflow/.local/lib/python3.12/site-packages/airflow/example_dags/example_kubernetes_executor.py
[2025-10-06T19:04:59.207+0000] {processor.py:925} INFO - DAG(s) 'example_kubernetes_executor' retrieved from /home/airflow/.local/lib/python3.12/site-packages/airflow/example_dags/example_kubernetes_executor.py
[2025-10-06T19:04:59.254+0000] {logging_mixin.py:190} INFO - [2025-10-06T19:04:59.254+0000] {dag.py:3239} INFO - Sync 1 DAGs
[2025-10-06T19:04:59.278+0000] {logging_mixin.py:190} INFO - [2025-10-06T19:04:59.277+0000] {dag.py:4180} INFO - Setting next_dagrun for example_kubernetes_executor to None, run_after=None
[2025-10-06T19:04:59.319+0000] {processor.py:208} INFO - Processing /home/airflow/.local/lib/python3.12/site-packages/airflow/example_dags/example_kubernetes_executor.py took 0.148 seconds
[2025-10-06T19:05:30.103+0000] {processor.py:186} INFO - Started process (PID=4317) to work on /home/airflow/.local/lib/python3.12/site-packages/airflow/example_dags/example_kubernetes_executor.py
[2025-10-06T19:05:30.105+0000] {processor.py:914} INFO - Processing file /home/airflow/.local/lib/python3.12/site-packages/airflow/example_dags/example_kubernetes_executor.py for tasks to queue
[2025-10-06T19:05:30.106+0000] {logging_mixin.py:190} INFO - [2025-10-06T19:05:30.106+0000] {dagbag.py:588} INFO - Filling up the DagBag from /home/airflow/.local/lib/python3.12/site-packages/airflow/example_dags/example_kubernetes_executor.py
[2025-10-06T19:05:30.127+0000] {processor.py:925} INFO - DAG(s) 'example_kubernetes_executor' retrieved from /home/airflow/.local/lib/python3.12/site-packages/airflow/example_dags/example_kubernetes_executor.py
[2025-10-06T19:05:30.175+0000] {logging_mixin.py:190} INFO - [2025-10-06T19:05:30.174+0000] {dag.py:3239} INFO - Sync 1 DAGs
[2025-10-06T19:05:30.203+0000] {logging_mixin.py:190} INFO - [2025-10-06T19:05:30.202+0000] {dag.py:4180} INFO - Setting next_dagrun for example_kubernetes_executor to None, run_after=None
[2025-10-06T19:05:30.243+0000] {processor.py:208} INFO - Processing /home/airflow/.local/lib/python3.12/site-packages/airflow/example_dags/example_kubernetes_executor.py took 0.148 seconds
[2025-10-06T19:06:00.444+0000] {processor.py:186} INFO - Started process (PID=4364) to work on /home/airflow/.local/lib/python3.12/site-packages/airflow/example_dags/example_kubernetes_executor.py
[2025-10-06T19:06:00.445+0000] {processor.py:914} INFO - Processing file /home/airflow/.local/lib/python3.12/site-packages/airflow/example_dags/example_kubernetes_executor.py for tasks to queue
[2025-10-06T19:06:00.447+0000] {logging_mixin.py:190} INFO - [2025-10-06T19:06:00.446+0000] {dagbag.py:588} INFO - Filling up the DagBag from /home/airflow/.local/lib/python3.12/site-packages/airflow/example_dags/example_kubernetes_executor.py
[2025-10-06T19:06:00.466+0000] {processor.py:925} INFO - DAG(s) 'example_kubernetes_executor' retrieved from /home/airflow/.local/lib/python3.12/site-packages/airflow/example_dags/example_kubernetes_executor.py
[2025-10-06T19:06:00.511+0000] {logging_mixin.py:190} INFO - [2025-10-06T19:06:00.511+0000] {dag.py:3239} INFO - Sync 1 DAGs
[2025-10-06T19:06:00.530+0000] {logging_mixin.py:190} INFO - [2025-10-06T19:06:00.530+0000] {dag.py:4180} INFO - Setting next_dagrun for example_kubernetes_executor to None, run_after=None
[2025-10-06T19:06:00.558+0000] {processor.py:208} INFO - Processing /home/airflow/.local/lib/python3.12/site-packages/airflow/example_dags/example_kubernetes_executor.py took 0.122 seconds
[2025-10-06T19:06:31.820+0000] {processor.py:186} INFO - Started process (PID=4427) to work on /home/airflow/.local/lib/python3.12/site-packages/airflow/example_dags/example_kubernetes_executor.py
[2025-10-06T19:06:31.822+0000] {processor.py:914} INFO - Processing file /home/airflow/.local/lib/python3.12/site-packages/airflow/example_dags/example_kubernetes_executor.py for tasks to queue
[2025-10-06T19:06:31.823+0000] {logging_mixin.py:190} INFO - [2025-10-06T19:06:31.823+0000] {dagbag.py:588} INFO - Filling up the DagBag from /home/airflow/.local/lib/python3.12/site-packages/airflow/example_dags/example_kubernetes_executor.py
[2025-10-06T19:06:31.841+0000] {processor.py:925} INFO - DAG(s) 'example_kubernetes_executor' retrieved from /home/airflow/.local/lib/python3.12/site-packages/airflow/example_dags/example_kubernetes_executor.py
[2025-10-06T19:06:31.888+0000] {logging_mixin.py:190} INFO - [2025-10-06T19:06:31.888+0000] {dag.py:3239} INFO - Sync 1 DAGs
[2025-10-06T19:06:31.906+0000] {logging_mixin.py:190} INFO - [2025-10-06T19:06:31.906+0000] {dag.py:4180} INFO - Setting next_dagrun for example_kubernetes_executor to None, run_after=None
[2025-10-06T19:06:31.932+0000] {processor.py:208} INFO - Processing /home/airflow/.local/lib/python3.12/site-packages/airflow/example_dags/example_kubernetes_executor.py took 0.119 seconds
[2025-10-06T19:07:03.266+0000] {processor.py:186} INFO - Started process (PID=4490) to work on /home/airflow/.local/lib/python3.12/site-packages/airflow/example_dags/example_kubernetes_executor.py
[2025-10-06T19:07:03.267+0000] {processor.py:914} INFO - Processing file /home/airflow/.local/lib/python3.12/site-packages/airflow/example_dags/example_kubernetes_executor.py for tasks to queue
[2025-10-06T19:07:03.268+0000] {logging_mixin.py:190} INFO - [2025-10-06T19:07:03.268+0000] {dagbag.py:588} INFO - Filling up the DagBag from /home/airflow/.local/lib/python3.12/site-packages/airflow/example_dags/example_kubernetes_executor.py
[2025-10-06T19:07:03.284+0000] {processor.py:925} INFO - DAG(s) 'example_kubernetes_executor' retrieved from /home/airflow/.local/lib/python3.12/site-packages/airflow/example_dags/example_kubernetes_executor.py
[2025-10-06T19:07:03.319+0000] {logging_mixin.py:190} INFO - [2025-10-06T19:07:03.319+0000] {dag.py:3239} INFO - Sync 1 DAGs
[2025-10-06T19:07:03.336+0000] {logging_mixin.py:190} INFO - [2025-10-06T19:07:03.335+0000] {dag.py:4180} INFO - Setting next_dagrun for example_kubernetes_executor to None, run_after=None
[2025-10-06T19:07:03.360+0000] {processor.py:208} INFO - Processing /home/airflow/.local/lib/python3.12/site-packages/airflow/example_dags/example_kubernetes_executor.py took 0.101 seconds
[2025-10-06T19:07:35.153+0000] {processor.py:186} INFO - Started process (PID=4553) to work on /home/airflow/.local/lib/python3.12/site-packages/airflow/example_dags/example_kubernetes_executor.py
[2025-10-06T19:07:35.154+0000] {processor.py:914} INFO - Processing file /home/airflow/.local/lib/python3.12/site-packages/airflow/example_dags/example_kubernetes_executor.py for tasks to queue
[2025-10-06T19:07:35.156+0000] {logging_mixin.py:190} INFO - [2025-10-06T19:07:35.155+0000] {dagbag.py:588} INFO - Filling up the DagBag from /home/airflow/.local/lib/python3.12/site-packages/airflow/example_dags/example_kubernetes_executor.py
[2025-10-06T19:07:35.171+0000] {processor.py:925} INFO - DAG(s) 'example_kubernetes_executor' retrieved from /home/airflow/.local/lib/python3.12/site-packages/airflow/example_dags/example_kubernetes_executor.py
[2025-10-06T19:07:35.208+0000] {logging_mixin.py:190} INFO - [2025-10-06T19:07:35.208+0000] {dag.py:3239} INFO - Sync 1 DAGs
[2025-10-06T19:07:35.224+0000] {logging_mixin.py:190} INFO - [2025-10-06T19:07:35.224+0000] {dag.py:4180} INFO - Setting next_dagrun for example_kubernetes_executor to None, run_after=None
[2025-10-06T19:07:35.246+0000] {processor.py:208} INFO - Processing /home/airflow/.local/lib/python3.12/site-packages/airflow/example_dags/example_kubernetes_executor.py took 0.099 seconds
[2025-10-06T19:08:06.776+0000] {processor.py:186} INFO - Started process (PID=4616) to work on /home/airflow/.local/lib/python3.12/site-packages/airflow/example_dags/example_kubernetes_executor.py
[2025-10-06T19:08:06.777+0000] {processor.py:914} INFO - Processing file /home/airflow/.local/lib/python3.12/site-packages/airflow/example_dags/example_kubernetes_executor.py for tasks to queue
[2025-10-06T19:08:06.779+0000] {logging_mixin.py:190} INFO - [2025-10-06T19:08:06.778+0000] {dagbag.py:588} INFO - Filling up the DagBag from /home/airflow/.local/lib/python3.12/site-packages/airflow/example_dags/example_kubernetes_executor.py
[2025-10-06T19:08:06.794+0000] {processor.py:925} INFO - DAG(s) 'example_kubernetes_executor' retrieved from /home/airflow/.local/lib/python3.12/site-packages/airflow/example_dags/example_kubernetes_executor.py
[2025-10-06T19:08:06.833+0000] {logging_mixin.py:190} INFO - [2025-10-06T19:08:06.833+0000] {dag.py:3239} INFO - Sync 1 DAGs
[2025-10-06T19:08:06.850+0000] {logging_mixin.py:190} INFO - [2025-10-06T19:08:06.850+0000] {dag.py:4180} INFO - Setting next_dagrun for example_kubernetes_executor to None, run_after=None
[2025-10-06T19:08:06.873+0000] {processor.py:208} INFO - Processing /home/airflow/.local/lib/python3.12/site-packages/airflow/example_dags/example_kubernetes_executor.py took 0.103 seconds
[2025-10-06T19:08:39.160+0000] {processor.py:186} INFO - Started process (PID=4679) to work on /home/airflow/.local/lib/python3.12/site-packages/airflow/example_dags/example_kubernetes_executor.py
[2025-10-06T19:08:39.161+0000] {processor.py:914} INFO - Processing file /home/airflow/.local/lib/python3.12/site-packages/airflow/example_dags/example_kubernetes_executor.py for tasks to queue
[2025-10-06T19:08:39.163+0000] {logging_mixin.py:190} INFO - [2025-10-06T19:08:39.162+0000] {dagbag.py:588} INFO - Filling up the DagBag from /home/airflow/.local/lib/python3.12/site-packages/airflow/example_dags/example_kubernetes_executor.py
[2025-10-06T19:08:39.178+0000] {processor.py:925} INFO - DAG(s) 'example_kubernetes_executor' retrieved from /home/airflow/.local/lib/python3.12/site-packages/airflow/example_dags/example_kubernetes_executor.py
[2025-10-06T19:08:39.214+0000] {logging_mixin.py:190} INFO - [2025-10-06T19:08:39.214+0000] {dag.py:3239} INFO - Sync 1 DAGs
[2025-10-06T19:08:39.230+0000] {logging_mixin.py:190} INFO - [2025-10-06T19:08:39.229+0000] {dag.py:4180} INFO - Setting next_dagrun for example_kubernetes_executor to None, run_after=None
[2025-10-06T19:08:39.258+0000] {processor.py:208} INFO - Processing /home/airflow/.local/lib/python3.12/site-packages/airflow/example_dags/example_kubernetes_executor.py took 0.104 seconds
[2025-10-06T19:09:10.833+0000] {processor.py:186} INFO - Started process (PID=4742) to work on /home/airflow/.local/lib/python3.12/site-packages/airflow/example_dags/example_kubernetes_executor.py
[2025-10-06T19:09:10.834+0000] {processor.py:914} INFO - Processing file /home/airflow/.local/lib/python3.12/site-packages/airflow/example_dags/example_kubernetes_executor.py for tasks to queue
[2025-10-06T19:09:10.836+0000] {logging_mixin.py:190} INFO - [2025-10-06T19:09:10.835+0000] {dagbag.py:588} INFO - Filling up the DagBag from /home/airflow/.local/lib/python3.12/site-packages/airflow/example_dags/example_kubernetes_executor.py
[2025-10-06T19:09:10.853+0000] {processor.py:925} INFO - DAG(s) 'example_kubernetes_executor' retrieved from /home/airflow/.local/lib/python3.12/site-packages/airflow/example_dags/example_kubernetes_executor.py
[2025-10-06T19:09:10.892+0000] {logging_mixin.py:190} INFO - [2025-10-06T19:09:10.891+0000] {dag.py:3239} INFO - Sync 1 DAGs
[2025-10-06T19:09:10.907+0000] {logging_mixin.py:190} INFO - [2025-10-06T19:09:10.907+0000] {dag.py:4180} INFO - Setting next_dagrun for example_kubernetes_executor to None, run_after=None
[2025-10-06T19:09:10.930+0000] {processor.py:208} INFO - Processing /home/airflow/.local/lib/python3.12/site-packages/airflow/example_dags/example_kubernetes_executor.py took 0.103 seconds
[2025-10-06T19:09:42.587+0000] {processor.py:186} INFO - Started process (PID=4805) to work on /home/airflow/.local/lib/python3.12/site-packages/airflow/example_dags/example_kubernetes_executor.py
[2025-10-06T19:09:42.589+0000] {processor.py:914} INFO - Processing file /home/airflow/.local/lib/python3.12/site-packages/airflow/example_dags/example_kubernetes_executor.py for tasks to queue
[2025-10-06T19:09:42.591+0000] {logging_mixin.py:190} INFO - [2025-10-06T19:09:42.590+0000] {dagbag.py:588} INFO - Filling up the DagBag from /home/airflow/.local/lib/python3.12/site-packages/airflow/example_dags/example_kubernetes_executor.py
[2025-10-06T19:09:42.610+0000] {processor.py:925} INFO - DAG(s) 'example_kubernetes_executor' retrieved from /home/airflow/.local/lib/python3.12/site-packages/airflow/example_dags/example_kubernetes_executor.py
[2025-10-06T19:09:42.649+0000] {logging_mixin.py:190} INFO - [2025-10-06T19:09:42.649+0000] {dag.py:3239} INFO - Sync 1 DAGs
[2025-10-06T19:09:42.665+0000] {logging_mixin.py:190} INFO - [2025-10-06T19:09:42.665+0000] {dag.py:4180} INFO - Setting next_dagrun for example_kubernetes_executor to None, run_after=None
[2025-10-06T19:09:42.689+0000] {processor.py:208} INFO - Processing /home/airflow/.local/lib/python3.12/site-packages/airflow/example_dags/example_kubernetes_executor.py took 0.110 seconds
[2025-10-06T19:10:14.523+0000] {processor.py:186} INFO - Started process (PID=4868) to work on /home/airflow/.local/lib/python3.12/site-packages/airflow/example_dags/example_kubernetes_executor.py
[2025-10-06T19:10:14.525+0000] {processor.py:914} INFO - Processing file /home/airflow/.local/lib/python3.12/site-packages/airflow/example_dags/example_kubernetes_executor.py for tasks to queue
[2025-10-06T19:10:14.528+0000] {logging_mixin.py:190} INFO - [2025-10-06T19:10:14.527+0000] {dagbag.py:588} INFO - Filling up the DagBag from /home/airflow/.local/lib/python3.12/site-packages/airflow/example_dags/example_kubernetes_executor.py
[2025-10-06T19:10:14.568+0000] {processor.py:925} INFO - DAG(s) 'example_kubernetes_executor' retrieved from /home/airflow/.local/lib/python3.12/site-packages/airflow/example_dags/example_kubernetes_executor.py
[2025-10-06T19:10:14.660+0000] {logging_mixin.py:190} INFO - [2025-10-06T19:10:14.659+0000] {dag.py:3239} INFO - Sync 1 DAGs
[2025-10-06T19:10:14.698+0000] {logging_mixin.py:190} INFO - [2025-10-06T19:10:14.698+0000] {dag.py:4180} INFO - Setting next_dagrun for example_kubernetes_executor to None, run_after=None
[2025-10-06T19:10:14.736+0000] {processor.py:208} INFO - Processing /home/airflow/.local/lib/python3.12/site-packages/airflow/example_dags/example_kubernetes_executor.py took 0.232 seconds
[2025-10-06T19:10:46.248+0000] {processor.py:186} INFO - Started process (PID=4932) to work on /home/airflow/.local/lib/python3.12/site-packages/airflow/example_dags/example_kubernetes_executor.py
[2025-10-06T19:10:46.251+0000] {processor.py:914} INFO - Processing file /home/airflow/.local/lib/python3.12/site-packages/airflow/example_dags/example_kubernetes_executor.py for tasks to queue
[2025-10-06T19:10:46.257+0000] {logging_mixin.py:190} INFO - [2025-10-06T19:10:46.255+0000] {dagbag.py:588} INFO - Filling up the DagBag from /home/airflow/.local/lib/python3.12/site-packages/airflow/example_dags/example_kubernetes_executor.py
[2025-10-06T19:10:46.298+0000] {processor.py:925} INFO - DAG(s) 'example_kubernetes_executor' retrieved from /home/airflow/.local/lib/python3.12/site-packages/airflow/example_dags/example_kubernetes_executor.py
[2025-10-06T19:10:46.371+0000] {logging_mixin.py:190} INFO - [2025-10-06T19:10:46.370+0000] {dag.py:3239} INFO - Sync 1 DAGs
[2025-10-06T19:10:46.416+0000] {logging_mixin.py:190} INFO - [2025-10-06T19:10:46.415+0000] {dag.py:4180} INFO - Setting next_dagrun for example_kubernetes_executor to None, run_after=None
[2025-10-06T19:10:46.470+0000] {processor.py:208} INFO - Processing /home/airflow/.local/lib/python3.12/site-packages/airflow/example_dags/example_kubernetes_executor.py took 0.242 seconds
[2025-10-06T19:11:17.737+0000] {processor.py:186} INFO - Started process (PID=4995) to work on /home/airflow/.local/lib/python3.12/site-packages/airflow/example_dags/example_kubernetes_executor.py
[2025-10-06T19:11:17.738+0000] {processor.py:914} INFO - Processing file /home/airflow/.local/lib/python3.12/site-packages/airflow/example_dags/example_kubernetes_executor.py for tasks to queue
[2025-10-06T19:11:17.740+0000] {logging_mixin.py:190} INFO - [2025-10-06T19:11:17.739+0000] {dagbag.py:588} INFO - Filling up the DagBag from /home/airflow/.local/lib/python3.12/site-packages/airflow/example_dags/example_kubernetes_executor.py
[2025-10-06T19:11:17.758+0000] {processor.py:925} INFO - DAG(s) 'example_kubernetes_executor' retrieved from /home/airflow/.local/lib/python3.12/site-packages/airflow/example_dags/example_kubernetes_executor.py
[2025-10-06T19:11:17.797+0000] {logging_mixin.py:190} INFO - [2025-10-06T19:11:17.796+0000] {dag.py:3239} INFO - Sync 1 DAGs
[2025-10-06T19:11:17.812+0000] {logging_mixin.py:190} INFO - [2025-10-06T19:11:17.812+0000] {dag.py:4180} INFO - Setting next_dagrun for example_kubernetes_executor to None, run_after=None
[2025-10-06T19:11:17.835+0000] {processor.py:208} INFO - Processing /home/airflow/.local/lib/python3.12/site-packages/airflow/example_dags/example_kubernetes_executor.py took 0.106 seconds
[2025-10-06T19:11:48.018+0000] {processor.py:186} INFO - Started process (PID=5058) to work on /home/airflow/.local/lib/python3.12/site-packages/airflow/example_dags/example_kubernetes_executor.py
[2025-10-06T19:11:48.019+0000] {processor.py:914} INFO - Processing file /home/airflow/.local/lib/python3.12/site-packages/airflow/example_dags/example_kubernetes_executor.py for tasks to queue
[2025-10-06T19:11:49.095+0000] {logging_mixin.py:190} INFO - [2025-10-06T19:11:48.020+0000] {dagbag.py:588} INFO - Filling up the DagBag from /home/airflow/.local/lib/python3.12/site-packages/airflow/example_dags/example_kubernetes_executor.py
[2025-10-06T19:11:49.113+0000] {processor.py:925} INFO - DAG(s) 'example_kubernetes_executor' retrieved from /home/airflow/.local/lib/python3.12/site-packages/airflow/example_dags/example_kubernetes_executor.py
[2025-10-06T19:11:49.150+0000] {logging_mixin.py:190} INFO - [2025-10-06T19:11:49.150+0000] {dag.py:3239} INFO - Sync 1 DAGs
[2025-10-06T19:11:49.166+0000] {logging_mixin.py:190} INFO - [2025-10-06T19:11:49.166+0000] {dag.py:4180} INFO - Setting next_dagrun for example_kubernetes_executor to None, run_after=None
[2025-10-06T19:11:49.199+0000] {processor.py:208} INFO - Processing /home/airflow/.local/lib/python3.12/site-packages/airflow/example_dags/example_kubernetes_executor.py took 0.115 seconds
[2025-10-06T19:12:21.025+0000] {processor.py:186} INFO - Started process (PID=5121) to work on /home/airflow/.local/lib/python3.12/site-packages/airflow/example_dags/example_kubernetes_executor.py
[2025-10-06T19:12:21.026+0000] {processor.py:914} INFO - Processing file /home/airflow/.local/lib/python3.12/site-packages/airflow/example_dags/example_kubernetes_executor.py for tasks to queue
[2025-10-06T19:12:21.028+0000] {logging_mixin.py:190} INFO - [2025-10-06T19:12:21.028+0000] {dagbag.py:588} INFO - Filling up the DagBag from /home/airflow/.local/lib/python3.12/site-packages/airflow/example_dags/example_kubernetes_executor.py
[2025-10-06T19:12:21.043+0000] {processor.py:925} INFO - DAG(s) 'example_kubernetes_executor' retrieved from /home/airflow/.local/lib/python3.12/site-packages/airflow/example_dags/example_kubernetes_executor.py
[2025-10-06T19:12:21.083+0000] {logging_mixin.py:190} INFO - [2025-10-06T19:12:21.083+0000] {dag.py:3239} INFO - Sync 1 DAGs
[2025-10-06T19:12:21.100+0000] {logging_mixin.py:190} INFO - [2025-10-06T19:12:21.100+0000] {dag.py:4180} INFO - Setting next_dagrun for example_kubernetes_executor to None, run_after=None
[2025-10-06T19:12:21.128+0000] {processor.py:208} INFO - Processing /home/airflow/.local/lib/python3.12/site-packages/airflow/example_dags/example_kubernetes_executor.py took 0.110 seconds
[2025-10-06T19:12:51.504+0000] {processor.py:186} INFO - Started process (PID=5184) to work on /home/airflow/.local/lib/python3.12/site-packages/airflow/example_dags/example_kubernetes_executor.py
[2025-10-06T19:12:51.506+0000] {processor.py:914} INFO - Processing file /home/airflow/.local/lib/python3.12/site-packages/airflow/example_dags/example_kubernetes_executor.py for tasks to queue
[2025-10-06T19:12:51.507+0000] {logging_mixin.py:190} INFO - [2025-10-06T19:12:51.507+0000] {dagbag.py:588} INFO - Filling up the DagBag from /home/airflow/.local/lib/python3.12/site-packages/airflow/example_dags/example_kubernetes_executor.py
[2025-10-06T19:12:52.604+0000] {processor.py:925} INFO - DAG(s) 'example_kubernetes_executor' retrieved from /home/airflow/.local/lib/python3.12/site-packages/airflow/example_dags/example_kubernetes_executor.py
[2025-10-06T19:12:52.656+0000] {logging_mixin.py:190} INFO - [2025-10-06T19:12:52.655+0000] {dag.py:3239} INFO - Sync 1 DAGs
[2025-10-06T19:12:52.676+0000] {logging_mixin.py:190} INFO - [2025-10-06T19:12:52.675+0000] {dag.py:4180} INFO - Setting next_dagrun for example_kubernetes_executor to None, run_after=None
[2025-10-06T19:12:52.702+0000] {processor.py:208} INFO - Processing /home/airflow/.local/lib/python3.12/site-packages/airflow/example_dags/example_kubernetes_executor.py took 0.133 seconds
[2025-10-06T19:13:25.259+0000] {processor.py:186} INFO - Started process (PID=5247) to work on /home/airflow/.local/lib/python3.12/site-packages/airflow/example_dags/example_kubernetes_executor.py
[2025-10-06T19:13:25.260+0000] {processor.py:914} INFO - Processing file /home/airflow/.local/lib/python3.12/site-packages/airflow/example_dags/example_kubernetes_executor.py for tasks to queue
[2025-10-06T19:13:25.261+0000] {logging_mixin.py:190} INFO - [2025-10-06T19:13:25.261+0000] {dagbag.py:588} INFO - Filling up the DagBag from /home/airflow/.local/lib/python3.12/site-packages/airflow/example_dags/example_kubernetes_executor.py
[2025-10-06T19:13:25.276+0000] {processor.py:925} INFO - DAG(s) 'example_kubernetes_executor' retrieved from /home/airflow/.local/lib/python3.12/site-packages/airflow/example_dags/example_kubernetes_executor.py
[2025-10-06T19:13:25.312+0000] {logging_mixin.py:190} INFO - [2025-10-06T19:13:25.312+0000] {dag.py:3239} INFO - Sync 1 DAGs
[2025-10-06T19:13:25.328+0000] {logging_mixin.py:190} INFO - [2025-10-06T19:13:25.328+0000] {dag.py:4180} INFO - Setting next_dagrun for example_kubernetes_executor to None, run_after=None
[2025-10-06T19:13:25.354+0000] {processor.py:208} INFO - Processing /home/airflow/.local/lib/python3.12/site-packages/airflow/example_dags/example_kubernetes_executor.py took 0.103 seconds
[2025-10-06T19:13:56.847+0000] {processor.py:186} INFO - Started process (PID=5310) to work on /home/airflow/.local/lib/python3.12/site-packages/airflow/example_dags/example_kubernetes_executor.py
[2025-10-06T19:13:56.848+0000] {processor.py:914} INFO - Processing file /home/airflow/.local/lib/python3.12/site-packages/airflow/example_dags/example_kubernetes_executor.py for tasks to queue
[2025-10-06T19:13:56.849+0000] {logging_mixin.py:190} INFO - [2025-10-06T19:13:56.849+0000] {dagbag.py:588} INFO - Filling up the DagBag from /home/airflow/.local/lib/python3.12/site-packages/airflow/example_dags/example_kubernetes_executor.py
[2025-10-06T19:13:56.864+0000] {processor.py:925} INFO - DAG(s) 'example_kubernetes_executor' retrieved from /home/airflow/.local/lib/python3.12/site-packages/airflow/example_dags/example_kubernetes_executor.py
[2025-10-06T19:13:56.898+0000] {logging_mixin.py:190} INFO - [2025-10-06T19:13:56.898+0000] {dag.py:3239} INFO - Sync 1 DAGs
[2025-10-06T19:13:56.915+0000] {logging_mixin.py:190} INFO - [2025-10-06T19:13:56.914+0000] {dag.py:4180} INFO - Setting next_dagrun for example_kubernetes_executor to None, run_after=None
[2025-10-06T19:13:56.936+0000] {processor.py:208} INFO - Processing /home/airflow/.local/lib/python3.12/site-packages/airflow/example_dags/example_kubernetes_executor.py took 0.095 seconds
[2025-10-06T19:14:28.128+0000] {processor.py:186} INFO - Started process (PID=5373) to work on /home/airflow/.local/lib/python3.12/site-packages/airflow/example_dags/example_kubernetes_executor.py
[2025-10-06T19:14:28.129+0000] {processor.py:914} INFO - Processing file /home/airflow/.local/lib/python3.12/site-packages/airflow/example_dags/example_kubernetes_executor.py for tasks to queue
[2025-10-06T19:14:28.130+0000] {logging_mixin.py:190} INFO - [2025-10-06T19:14:28.130+0000] {dagbag.py:588} INFO - Filling up the DagBag from /home/airflow/.local/lib/python3.12/site-packages/airflow/example_dags/example_kubernetes_executor.py
[2025-10-06T19:14:28.145+0000] {processor.py:925} INFO - DAG(s) 'example_kubernetes_executor' retrieved from /home/airflow/.local/lib/python3.12/site-packages/airflow/example_dags/example_kubernetes_executor.py
[2025-10-06T19:14:28.180+0000] {logging_mixin.py:190} INFO - [2025-10-06T19:14:28.180+0000] {dag.py:3239} INFO - Sync 1 DAGs
[2025-10-06T19:14:28.196+0000] {logging_mixin.py:190} INFO - [2025-10-06T19:14:28.196+0000] {dag.py:4180} INFO - Setting next_dagrun for example_kubernetes_executor to None, run_after=None
[2025-10-06T19:14:28.224+0000] {processor.py:208} INFO - Processing /home/airflow/.local/lib/python3.12/site-packages/airflow/example_dags/example_kubernetes_executor.py took 0.104 seconds
[2025-10-06T19:15:00.457+0000] {processor.py:186} INFO - Started process (PID=5436) to work on /home/airflow/.local/lib/python3.12/site-packages/airflow/example_dags/example_kubernetes_executor.py
[2025-10-06T19:15:00.458+0000] {processor.py:914} INFO - Processing file /home/airflow/.local/lib/python3.12/site-packages/airflow/example_dags/example_kubernetes_executor.py for tasks to queue
[2025-10-06T19:15:00.459+0000] {logging_mixin.py:190} INFO - [2025-10-06T19:15:00.459+0000] {dagbag.py:588} INFO - Filling up the DagBag from /home/airflow/.local/lib/python3.12/site-packages/airflow/example_dags/example_kubernetes_executor.py
[2025-10-06T19:15:00.475+0000] {processor.py:925} INFO - DAG(s) 'example_kubernetes_executor' retrieved from /home/airflow/.local/lib/python3.12/site-packages/airflow/example_dags/example_kubernetes_executor.py
[2025-10-06T19:15:00.522+0000] {logging_mixin.py:190} INFO - [2025-10-06T19:15:00.522+0000] {dag.py:3239} INFO - Sync 1 DAGs
[2025-10-06T19:15:00.539+0000] {logging_mixin.py:190} INFO - [2025-10-06T19:15:00.539+0000] {dag.py:4180} INFO - Setting next_dagrun for example_kubernetes_executor to None, run_after=None
[2025-10-06T19:15:00.563+0000] {processor.py:208} INFO - Processing /home/airflow/.local/lib/python3.12/site-packages/airflow/example_dags/example_kubernetes_executor.py took 0.113 seconds
[2025-10-06T19:15:32.277+0000] {processor.py:186} INFO - Started process (PID=5499) to work on /home/airflow/.local/lib/python3.12/site-packages/airflow/example_dags/example_kubernetes_executor.py
[2025-10-06T19:15:32.278+0000] {processor.py:914} INFO - Processing file /home/airflow/.local/lib/python3.12/site-packages/airflow/example_dags/example_kubernetes_executor.py for tasks to queue
[2025-10-06T19:15:32.280+0000] {logging_mixin.py:190} INFO - [2025-10-06T19:15:32.279+0000] {dagbag.py:588} INFO - Filling up the DagBag from /home/airflow/.local/lib/python3.12/site-packages/airflow/example_dags/example_kubernetes_executor.py
[2025-10-06T19:15:32.297+0000] {processor.py:925} INFO - DAG(s) 'example_kubernetes_executor' retrieved from /home/airflow/.local/lib/python3.12/site-packages/airflow/example_dags/example_kubernetes_executor.py
[2025-10-06T19:15:32.332+0000] {logging_mixin.py:190} INFO - [2025-10-06T19:15:32.332+0000] {dag.py:3239} INFO - Sync 1 DAGs
[2025-10-06T19:15:32.348+0000] {logging_mixin.py:190} INFO - [2025-10-06T19:15:32.348+0000] {dag.py:4180} INFO - Setting next_dagrun for example_kubernetes_executor to None, run_after=None
[2025-10-06T19:15:32.370+0000] {processor.py:208} INFO - Processing /home/airflow/.local/lib/python3.12/site-packages/airflow/example_dags/example_kubernetes_executor.py took 0.099 seconds
[2025-10-06T19:16:03.598+0000] {processor.py:186} INFO - Started process (PID=5562) to work on /home/airflow/.local/lib/python3.12/site-packages/airflow/example_dags/example_kubernetes_executor.py
[2025-10-06T19:16:03.601+0000] {processor.py:914} INFO - Processing file /home/airflow/.local/lib/python3.12/site-packages/airflow/example_dags/example_kubernetes_executor.py for tasks to queue
[2025-10-06T19:16:03.603+0000] {logging_mixin.py:190} INFO - [2025-10-06T19:16:03.602+0000] {dagbag.py:588} INFO - Filling up the DagBag from /home/airflow/.local/lib/python3.12/site-packages/airflow/example_dags/example_kubernetes_executor.py
[2025-10-06T19:16:03.632+0000] {processor.py:925} INFO - DAG(s) 'example_kubernetes_executor' retrieved from /home/airflow/.local/lib/python3.12/site-packages/airflow/example_dags/example_kubernetes_executor.py
[2025-10-06T19:16:03.699+0000] {logging_mixin.py:190} INFO - [2025-10-06T19:16:03.699+0000] {dag.py:3239} INFO - Sync 1 DAGs
[2025-10-06T19:16:03.728+0000] {logging_mixin.py:190} INFO - [2025-10-06T19:16:03.727+0000] {dag.py:4180} INFO - Setting next_dagrun for example_kubernetes_executor to None, run_after=None
[2025-10-06T19:16:03.757+0000] {processor.py:208} INFO - Processing /home/airflow/.local/lib/python3.12/site-packages/airflow/example_dags/example_kubernetes_executor.py took 0.179 seconds
[2025-10-06T19:16:34.163+0000] {processor.py:186} INFO - Started process (PID=5625) to work on /home/airflow/.local/lib/python3.12/site-packages/airflow/example_dags/example_kubernetes_executor.py
[2025-10-06T19:16:34.164+0000] {processor.py:914} INFO - Processing file /home/airflow/.local/lib/python3.12/site-packages/airflow/example_dags/example_kubernetes_executor.py for tasks to queue
[2025-10-06T19:16:34.166+0000] {logging_mixin.py:190} INFO - [2025-10-06T19:16:34.165+0000] {dagbag.py:588} INFO - Filling up the DagBag from /home/airflow/.local/lib/python3.12/site-packages/airflow/example_dags/example_kubernetes_executor.py
[2025-10-06T19:16:35.265+0000] {processor.py:925} INFO - DAG(s) 'example_kubernetes_executor' retrieved from /home/airflow/.local/lib/python3.12/site-packages/airflow/example_dags/example_kubernetes_executor.py
[2025-10-06T19:16:35.306+0000] {logging_mixin.py:190} INFO - [2025-10-06T19:16:35.306+0000] {dag.py:3239} INFO - Sync 1 DAGs
[2025-10-06T19:16:35.322+0000] {logging_mixin.py:190} INFO - [2025-10-06T19:16:35.322+0000] {dag.py:4180} INFO - Setting next_dagrun for example_kubernetes_executor to None, run_after=None
[2025-10-06T19:16:35.347+0000] {processor.py:208} INFO - Processing /home/airflow/.local/lib/python3.12/site-packages/airflow/example_dags/example_kubernetes_executor.py took 0.107 seconds
[2025-10-06T19:17:07.430+0000] {processor.py:186} INFO - Started process (PID=5688) to work on /home/airflow/.local/lib/python3.12/site-packages/airflow/example_dags/example_kubernetes_executor.py
[2025-10-06T19:17:07.431+0000] {processor.py:914} INFO - Processing file /home/airflow/.local/lib/python3.12/site-packages/airflow/example_dags/example_kubernetes_executor.py for tasks to queue
[2025-10-06T19:17:07.432+0000] {logging_mixin.py:190} INFO - [2025-10-06T19:17:07.432+0000] {dagbag.py:588} INFO - Filling up the DagBag from /home/airflow/.local/lib/python3.12/site-packages/airflow/example_dags/example_kubernetes_executor.py
[2025-10-06T19:17:07.447+0000] {processor.py:925} INFO - DAG(s) 'example_kubernetes_executor' retrieved from /home/airflow/.local/lib/python3.12/site-packages/airflow/example_dags/example_kubernetes_executor.py
[2025-10-06T19:17:07.484+0000] {logging_mixin.py:190} INFO - [2025-10-06T19:17:07.483+0000] {dag.py:3239} INFO - Sync 1 DAGs
[2025-10-06T19:17:07.500+0000] {logging_mixin.py:190} INFO - [2025-10-06T19:17:07.500+0000] {dag.py:4180} INFO - Setting next_dagrun for example_kubernetes_executor to None, run_after=None
[2025-10-06T19:17:07.528+0000] {processor.py:208} INFO - Processing /home/airflow/.local/lib/python3.12/site-packages/airflow/example_dags/example_kubernetes_executor.py took 0.104 seconds
[2025-10-06T19:17:39.238+0000] {processor.py:186} INFO - Started process (PID=5751) to work on /home/airflow/.local/lib/python3.12/site-packages/airflow/example_dags/example_kubernetes_executor.py
[2025-10-06T19:17:39.239+0000] {processor.py:914} INFO - Processing file /home/airflow/.local/lib/python3.12/site-packages/airflow/example_dags/example_kubernetes_executor.py for tasks to queue
[2025-10-06T19:17:39.241+0000] {logging_mixin.py:190} INFO - [2025-10-06T19:17:39.241+0000] {dagbag.py:588} INFO - Filling up the DagBag from /home/airflow/.local/lib/python3.12/site-packages/airflow/example_dags/example_kubernetes_executor.py
[2025-10-06T19:17:39.257+0000] {processor.py:925} INFO - DAG(s) 'example_kubernetes_executor' retrieved from /home/airflow/.local/lib/python3.12/site-packages/airflow/example_dags/example_kubernetes_executor.py
[2025-10-06T19:17:39.291+0000] {logging_mixin.py:190} INFO - [2025-10-06T19:17:39.291+0000] {dag.py:3239} INFO - Sync 1 DAGs
[2025-10-06T19:17:39.307+0000] {logging_mixin.py:190} INFO - [2025-10-06T19:17:39.307+0000] {dag.py:4180} INFO - Setting next_dagrun for example_kubernetes_executor to None, run_after=None
[2025-10-06T19:17:39.337+0000] {processor.py:208} INFO - Processing /home/airflow/.local/lib/python3.12/site-packages/airflow/example_dags/example_kubernetes_executor.py took 0.106 seconds
[2025-10-06T19:18:10.869+0000] {processor.py:186} INFO - Started process (PID=5814) to work on /home/airflow/.local/lib/python3.12/site-packages/airflow/example_dags/example_kubernetes_executor.py
[2025-10-06T19:18:10.870+0000] {processor.py:914} INFO - Processing file /home/airflow/.local/lib/python3.12/site-packages/airflow/example_dags/example_kubernetes_executor.py for tasks to queue
[2025-10-06T19:18:10.872+0000] {logging_mixin.py:190} INFO - [2025-10-06T19:18:10.872+0000] {dagbag.py:588} INFO - Filling up the DagBag from /home/airflow/.local/lib/python3.12/site-packages/airflow/example_dags/example_kubernetes_executor.py
[2025-10-06T19:18:10.888+0000] {processor.py:925} INFO - DAG(s) 'example_kubernetes_executor' retrieved from /home/airflow/.local/lib/python3.12/site-packages/airflow/example_dags/example_kubernetes_executor.py
[2025-10-06T19:18:10.927+0000] {logging_mixin.py:190} INFO - [2025-10-06T19:18:10.927+0000] {dag.py:3239} INFO - Sync 1 DAGs
[2025-10-06T19:18:10.944+0000] {logging_mixin.py:190} INFO - [2025-10-06T19:18:10.944+0000] {dag.py:4180} INFO - Setting next_dagrun for example_kubernetes_executor to None, run_after=None
[2025-10-06T19:18:10.971+0000] {processor.py:208} INFO - Processing /home/airflow/.local/lib/python3.12/site-packages/airflow/example_dags/example_kubernetes_executor.py took 0.108 seconds
[2025-10-06T19:18:43.231+0000] {processor.py:186} INFO - Started process (PID=5877) to work on /home/airflow/.local/lib/python3.12/site-packages/airflow/example_dags/example_kubernetes_executor.py
[2025-10-06T19:18:43.232+0000] {processor.py:914} INFO - Processing file /home/airflow/.local/lib/python3.12/site-packages/airflow/example_dags/example_kubernetes_executor.py for tasks to queue
[2025-10-06T19:18:43.234+0000] {logging_mixin.py:190} INFO - [2025-10-06T19:18:43.234+0000] {dagbag.py:588} INFO - Filling up the DagBag from /home/airflow/.local/lib/python3.12/site-packages/airflow/example_dags/example_kubernetes_executor.py
[2025-10-06T19:18:43.251+0000] {processor.py:925} INFO - DAG(s) 'example_kubernetes_executor' retrieved from /home/airflow/.local/lib/python3.12/site-packages/airflow/example_dags/example_kubernetes_executor.py
[2025-10-06T19:18:43.287+0000] {logging_mixin.py:190} INFO - [2025-10-06T19:18:43.286+0000] {dag.py:3239} INFO - Sync 1 DAGs
[2025-10-06T19:18:43.302+0000] {logging_mixin.py:190} INFO - [2025-10-06T19:18:43.302+0000] {dag.py:4180} INFO - Setting next_dagrun for example_kubernetes_executor to None, run_after=None
[2025-10-06T19:18:43.323+0000] {processor.py:208} INFO - Processing /home/airflow/.local/lib/python3.12/site-packages/airflow/example_dags/example_kubernetes_executor.py took 0.098 seconds
[2025-10-06T20:44:58.792+0000] {processor.py:186} INFO - Started process (PID=5940) to work on /home/airflow/.local/lib/python3.12/site-packages/airflow/example_dags/example_kubernetes_executor.py
[2025-10-06T20:44:58.805+0000] {processor.py:914} INFO - Processing file /home/airflow/.local/lib/python3.12/site-packages/airflow/example_dags/example_kubernetes_executor.py for tasks to queue
[2025-10-06T20:44:58.826+0000] {logging_mixin.py:190} INFO - [2025-10-06T20:44:58.825+0000] {dagbag.py:588} INFO - Filling up the DagBag from /home/airflow/.local/lib/python3.12/site-packages/airflow/example_dags/example_kubernetes_executor.py
[2025-10-06T20:44:58.936+0000] {processor.py:925} INFO - DAG(s) 'example_kubernetes_executor' retrieved from /home/airflow/.local/lib/python3.12/site-packages/airflow/example_dags/example_kubernetes_executor.py
[2025-10-06T20:44:59.151+0000] {logging_mixin.py:190} INFO - [2025-10-06T20:44:59.151+0000] {dag.py:3239} INFO - Sync 1 DAGs
[2025-10-06T20:44:59.293+0000] {logging_mixin.py:190} INFO - [2025-10-06T20:44:59.292+0000] {dag.py:4180} INFO - Setting next_dagrun for example_kubernetes_executor to None, run_after=None
[2025-10-06T20:44:59.410+0000] {processor.py:208} INFO - Processing /home/airflow/.local/lib/python3.12/site-packages/airflow/example_dags/example_kubernetes_executor.py took 0.642 seconds
[2025-10-06T20:45:29.816+0000] {processor.py:186} INFO - Started process (PID=6003) to work on /home/airflow/.local/lib/python3.12/site-packages/airflow/example_dags/example_kubernetes_executor.py
[2025-10-06T20:45:29.818+0000] {processor.py:914} INFO - Processing file /home/airflow/.local/lib/python3.12/site-packages/airflow/example_dags/example_kubernetes_executor.py for tasks to queue
[2025-10-06T20:45:29.822+0000] {logging_mixin.py:190} INFO - [2025-10-06T20:45:29.821+0000] {dagbag.py:588} INFO - Filling up the DagBag from /home/airflow/.local/lib/python3.12/site-packages/airflow/example_dags/example_kubernetes_executor.py
[2025-10-06T20:45:29.841+0000] {processor.py:925} INFO - DAG(s) 'example_kubernetes_executor' retrieved from /home/airflow/.local/lib/python3.12/site-packages/airflow/example_dags/example_kubernetes_executor.py
[2025-10-06T20:45:29.889+0000] {logging_mixin.py:190} INFO - [2025-10-06T20:45:29.889+0000] {dag.py:3239} INFO - Sync 1 DAGs
[2025-10-06T20:45:29.907+0000] {logging_mixin.py:190} INFO - [2025-10-06T20:45:29.907+0000] {dag.py:4180} INFO - Setting next_dagrun for example_kubernetes_executor to None, run_after=None
[2025-10-06T20:45:29.933+0000] {processor.py:208} INFO - Processing /home/airflow/.local/lib/python3.12/site-packages/airflow/example_dags/example_kubernetes_executor.py took 0.128 seconds
[2025-10-06T20:46:00.366+0000] {processor.py:186} INFO - Started process (PID=6066) to work on /home/airflow/.local/lib/python3.12/site-packages/airflow/example_dags/example_kubernetes_executor.py
[2025-10-06T20:46:00.368+0000] {processor.py:914} INFO - Processing file /home/airflow/.local/lib/python3.12/site-packages/airflow/example_dags/example_kubernetes_executor.py for tasks to queue
[2025-10-06T20:46:00.370+0000] {logging_mixin.py:190} INFO - [2025-10-06T20:46:00.370+0000] {dagbag.py:588} INFO - Filling up the DagBag from /home/airflow/.local/lib/python3.12/site-packages/airflow/example_dags/example_kubernetes_executor.py
[2025-10-06T20:46:00.393+0000] {processor.py:925} INFO - DAG(s) 'example_kubernetes_executor' retrieved from /home/airflow/.local/lib/python3.12/site-packages/airflow/example_dags/example_kubernetes_executor.py
[2025-10-06T20:46:00.453+0000] {logging_mixin.py:190} INFO - [2025-10-06T20:46:00.453+0000] {dag.py:3239} INFO - Sync 1 DAGs
[2025-10-06T20:46:00.478+0000] {logging_mixin.py:190} INFO - [2025-10-06T20:46:00.478+0000] {dag.py:4180} INFO - Setting next_dagrun for example_kubernetes_executor to None, run_after=None
[2025-10-06T20:46:00.514+0000] {processor.py:208} INFO - Processing /home/airflow/.local/lib/python3.12/site-packages/airflow/example_dags/example_kubernetes_executor.py took 0.157 seconds
[2025-10-06T20:46:30.774+0000] {processor.py:186} INFO - Started process (PID=6129) to work on /home/airflow/.local/lib/python3.12/site-packages/airflow/example_dags/example_kubernetes_executor.py
[2025-10-06T20:46:30.776+0000] {processor.py:914} INFO - Processing file /home/airflow/.local/lib/python3.12/site-packages/airflow/example_dags/example_kubernetes_executor.py for tasks to queue
[2025-10-06T20:46:30.777+0000] {logging_mixin.py:190} INFO - [2025-10-06T20:46:30.777+0000] {dagbag.py:588} INFO - Filling up the DagBag from /home/airflow/.local/lib/python3.12/site-packages/airflow/example_dags/example_kubernetes_executor.py
[2025-10-06T20:46:30.793+0000] {processor.py:925} INFO - DAG(s) 'example_kubernetes_executor' retrieved from /home/airflow/.local/lib/python3.12/site-packages/airflow/example_dags/example_kubernetes_executor.py
[2025-10-06T20:46:30.836+0000] {logging_mixin.py:190} INFO - [2025-10-06T20:46:30.835+0000] {dag.py:3239} INFO - Sync 1 DAGs
[2025-10-06T20:46:30.859+0000] {logging_mixin.py:190} INFO - [2025-10-06T20:46:30.858+0000] {dag.py:4180} INFO - Setting next_dagrun for example_kubernetes_executor to None, run_after=None
[2025-10-06T20:46:30.884+0000] {processor.py:208} INFO - Processing /home/airflow/.local/lib/python3.12/site-packages/airflow/example_dags/example_kubernetes_executor.py took 0.117 seconds
[2025-10-06T20:47:01.725+0000] {processor.py:186} INFO - Started process (PID=6192) to work on /home/airflow/.local/lib/python3.12/site-packages/airflow/example_dags/example_kubernetes_executor.py
[2025-10-06T20:47:01.728+0000] {processor.py:914} INFO - Processing file /home/airflow/.local/lib/python3.12/site-packages/airflow/example_dags/example_kubernetes_executor.py for tasks to queue
[2025-10-06T20:47:01.730+0000] {logging_mixin.py:190} INFO - [2025-10-06T20:47:01.729+0000] {dagbag.py:588} INFO - Filling up the DagBag from /home/airflow/.local/lib/python3.12/site-packages/airflow/example_dags/example_kubernetes_executor.py
[2025-10-06T20:47:01.754+0000] {processor.py:925} INFO - DAG(s) 'example_kubernetes_executor' retrieved from /home/airflow/.local/lib/python3.12/site-packages/airflow/example_dags/example_kubernetes_executor.py
[2025-10-06T20:47:01.814+0000] {logging_mixin.py:190} INFO - [2025-10-06T20:47:01.813+0000] {dag.py:3239} INFO - Sync 1 DAGs
[2025-10-06T20:47:01.837+0000] {logging_mixin.py:190} INFO - [2025-10-06T20:47:01.837+0000] {dag.py:4180} INFO - Setting next_dagrun for example_kubernetes_executor to None, run_after=None
[2025-10-06T20:47:01.863+0000] {processor.py:208} INFO - Processing /home/airflow/.local/lib/python3.12/site-packages/airflow/example_dags/example_kubernetes_executor.py took 0.146 seconds
[2025-10-06T20:47:32.235+0000] {processor.py:186} INFO - Started process (PID=6255) to work on /home/airflow/.local/lib/python3.12/site-packages/airflow/example_dags/example_kubernetes_executor.py
[2025-10-06T20:47:32.237+0000] {processor.py:914} INFO - Processing file /home/airflow/.local/lib/python3.12/site-packages/airflow/example_dags/example_kubernetes_executor.py for tasks to queue
[2025-10-06T20:47:32.242+0000] {logging_mixin.py:190} INFO - [2025-10-06T20:47:32.240+0000] {dagbag.py:588} INFO - Filling up the DagBag from /home/airflow/.local/lib/python3.12/site-packages/airflow/example_dags/example_kubernetes_executor.py
[2025-10-06T20:47:32.287+0000] {processor.py:925} INFO - DAG(s) 'example_kubernetes_executor' retrieved from /home/airflow/.local/lib/python3.12/site-packages/airflow/example_dags/example_kubernetes_executor.py
[2025-10-06T20:47:32.380+0000] {logging_mixin.py:190} INFO - [2025-10-06T20:47:32.380+0000] {dag.py:3239} INFO - Sync 1 DAGs
[2025-10-06T20:47:32.418+0000] {logging_mixin.py:190} INFO - [2025-10-06T20:47:32.417+0000] {dag.py:4180} INFO - Setting next_dagrun for example_kubernetes_executor to None, run_after=None
[2025-10-06T20:47:32.458+0000] {processor.py:208} INFO - Processing /home/airflow/.local/lib/python3.12/site-packages/airflow/example_dags/example_kubernetes_executor.py took 0.238 seconds
[2025-10-06T20:48:03.256+0000] {processor.py:186} INFO - Started process (PID=6318) to work on /home/airflow/.local/lib/python3.12/site-packages/airflow/example_dags/example_kubernetes_executor.py
[2025-10-06T20:48:03.260+0000] {processor.py:914} INFO - Processing file /home/airflow/.local/lib/python3.12/site-packages/airflow/example_dags/example_kubernetes_executor.py for tasks to queue
[2025-10-06T20:48:03.262+0000] {logging_mixin.py:190} INFO - [2025-10-06T20:48:03.261+0000] {dagbag.py:588} INFO - Filling up the DagBag from /home/airflow/.local/lib/python3.12/site-packages/airflow/example_dags/example_kubernetes_executor.py
[2025-10-06T20:48:03.278+0000] {processor.py:925} INFO - DAG(s) 'example_kubernetes_executor' retrieved from /home/airflow/.local/lib/python3.12/site-packages/airflow/example_dags/example_kubernetes_executor.py
[2025-10-06T20:48:03.313+0000] {logging_mixin.py:190} INFO - [2025-10-06T20:48:03.313+0000] {dag.py:3239} INFO - Sync 1 DAGs
[2025-10-06T20:48:03.329+0000] {logging_mixin.py:190} INFO - [2025-10-06T20:48:03.329+0000] {dag.py:4180} INFO - Setting next_dagrun for example_kubernetes_executor to None, run_after=None
[2025-10-06T20:48:03.356+0000] {processor.py:208} INFO - Processing /home/airflow/.local/lib/python3.12/site-packages/airflow/example_dags/example_kubernetes_executor.py took 0.107 seconds
[2025-10-06T20:48:33.643+0000] {processor.py:186} INFO - Started process (PID=6381) to work on /home/airflow/.local/lib/python3.12/site-packages/airflow/example_dags/example_kubernetes_executor.py
[2025-10-06T20:48:33.644+0000] {processor.py:914} INFO - Processing file /home/airflow/.local/lib/python3.12/site-packages/airflow/example_dags/example_kubernetes_executor.py for tasks to queue
[2025-10-06T20:48:33.646+0000] {logging_mixin.py:190} INFO - [2025-10-06T20:48:33.645+0000] {dagbag.py:588} INFO - Filling up the DagBag from /home/airflow/.local/lib/python3.12/site-packages/airflow/example_dags/example_kubernetes_executor.py
[2025-10-06T20:48:33.661+0000] {processor.py:925} INFO - DAG(s) 'example_kubernetes_executor' retrieved from /home/airflow/.local/lib/python3.12/site-packages/airflow/example_dags/example_kubernetes_executor.py
[2025-10-06T20:48:33.698+0000] {logging_mixin.py:190} INFO - [2025-10-06T20:48:33.698+0000] {dag.py:3239} INFO - Sync 1 DAGs
[2025-10-06T20:48:33.714+0000] {logging_mixin.py:190} INFO - [2025-10-06T20:48:33.713+0000] {dag.py:4180} INFO - Setting next_dagrun for example_kubernetes_executor to None, run_after=None
[2025-10-06T20:48:33.736+0000] {processor.py:208} INFO - Processing /home/airflow/.local/lib/python3.12/site-packages/airflow/example_dags/example_kubernetes_executor.py took 0.100 seconds
[2025-10-06T20:49:03.904+0000] {processor.py:186} INFO - Started process (PID=6444) to work on /home/airflow/.local/lib/python3.12/site-packages/airflow/example_dags/example_kubernetes_executor.py
[2025-10-06T20:49:03.905+0000] {processor.py:914} INFO - Processing file /home/airflow/.local/lib/python3.12/site-packages/airflow/example_dags/example_kubernetes_executor.py for tasks to queue
[2025-10-06T20:49:03.907+0000] {logging_mixin.py:190} INFO - [2025-10-06T20:49:03.906+0000] {dagbag.py:588} INFO - Filling up the DagBag from /home/airflow/.local/lib/python3.12/site-packages/airflow/example_dags/example_kubernetes_executor.py
[2025-10-06T20:49:03.923+0000] {processor.py:925} INFO - DAG(s) 'example_kubernetes_executor' retrieved from /home/airflow/.local/lib/python3.12/site-packages/airflow/example_dags/example_kubernetes_executor.py
[2025-10-06T20:49:03.960+0000] {logging_mixin.py:190} INFO - [2025-10-06T20:49:03.960+0000] {dag.py:3239} INFO - Sync 1 DAGs
[2025-10-06T20:49:03.976+0000] {logging_mixin.py:190} INFO - [2025-10-06T20:49:03.976+0000] {dag.py:4180} INFO - Setting next_dagrun for example_kubernetes_executor to None, run_after=None
[2025-10-06T20:49:03.998+0000] {processor.py:208} INFO - Processing /home/airflow/.local/lib/python3.12/site-packages/airflow/example_dags/example_kubernetes_executor.py took 0.100 seconds
[2025-10-06T20:49:34.405+0000] {processor.py:186} INFO - Started process (PID=6508) to work on /home/airflow/.local/lib/python3.12/site-packages/airflow/example_dags/example_kubernetes_executor.py
[2025-10-06T20:49:34.406+0000] {processor.py:914} INFO - Processing file /home/airflow/.local/lib/python3.12/site-packages/airflow/example_dags/example_kubernetes_executor.py for tasks to queue
[2025-10-06T20:49:34.408+0000] {logging_mixin.py:190} INFO - [2025-10-06T20:49:34.407+0000] {dagbag.py:588} INFO - Filling up the DagBag from /home/airflow/.local/lib/python3.12/site-packages/airflow/example_dags/example_kubernetes_executor.py
[2025-10-06T20:49:34.425+0000] {processor.py:925} INFO - DAG(s) 'example_kubernetes_executor' retrieved from /home/airflow/.local/lib/python3.12/site-packages/airflow/example_dags/example_kubernetes_executor.py
[2025-10-06T20:49:34.463+0000] {logging_mixin.py:190} INFO - [2025-10-06T20:49:34.462+0000] {dag.py:3239} INFO - Sync 1 DAGs
[2025-10-06T20:49:34.478+0000] {logging_mixin.py:190} INFO - [2025-10-06T20:49:34.478+0000] {dag.py:4180} INFO - Setting next_dagrun for example_kubernetes_executor to None, run_after=None
[2025-10-06T20:49:34.500+0000] {processor.py:208} INFO - Processing /home/airflow/.local/lib/python3.12/site-packages/airflow/example_dags/example_kubernetes_executor.py took 0.102 seconds
[2025-10-06T20:50:05.114+0000] {processor.py:186} INFO - Started process (PID=6572) to work on /home/airflow/.local/lib/python3.12/site-packages/airflow/example_dags/example_kubernetes_executor.py
[2025-10-06T20:50:05.115+0000] {processor.py:914} INFO - Processing file /home/airflow/.local/lib/python3.12/site-packages/airflow/example_dags/example_kubernetes_executor.py for tasks to queue
[2025-10-06T20:50:05.117+0000] {logging_mixin.py:190} INFO - [2025-10-06T20:50:05.117+0000] {dagbag.py:588} INFO - Filling up the DagBag from /home/airflow/.local/lib/python3.12/site-packages/airflow/example_dags/example_kubernetes_executor.py
[2025-10-06T20:50:05.132+0000] {processor.py:925} INFO - DAG(s) 'example_kubernetes_executor' retrieved from /home/airflow/.local/lib/python3.12/site-packages/airflow/example_dags/example_kubernetes_executor.py
[2025-10-06T20:50:05.168+0000] {logging_mixin.py:190} INFO - [2025-10-06T20:50:05.167+0000] {dag.py:3239} INFO - Sync 1 DAGs
[2025-10-06T20:50:05.186+0000] {logging_mixin.py:190} INFO - [2025-10-06T20:50:05.185+0000] {dag.py:4180} INFO - Setting next_dagrun for example_kubernetes_executor to None, run_after=None
[2025-10-06T20:50:05.213+0000] {processor.py:208} INFO - Processing /home/airflow/.local/lib/python3.12/site-packages/airflow/example_dags/example_kubernetes_executor.py took 0.107 seconds
[2025-10-06T20:50:36.034+0000] {processor.py:186} INFO - Started process (PID=6635) to work on /home/airflow/.local/lib/python3.12/site-packages/airflow/example_dags/example_kubernetes_executor.py
[2025-10-06T20:50:36.035+0000] {processor.py:914} INFO - Processing file /home/airflow/.local/lib/python3.12/site-packages/airflow/example_dags/example_kubernetes_executor.py for tasks to queue
[2025-10-06T20:50:36.036+0000] {logging_mixin.py:190} INFO - [2025-10-06T20:50:36.036+0000] {dagbag.py:588} INFO - Filling up the DagBag from /home/airflow/.local/lib/python3.12/site-packages/airflow/example_dags/example_kubernetes_executor.py
[2025-10-06T20:50:36.055+0000] {processor.py:925} INFO - DAG(s) 'example_kubernetes_executor' retrieved from /home/airflow/.local/lib/python3.12/site-packages/airflow/example_dags/example_kubernetes_executor.py
[2025-10-06T20:50:36.113+0000] {logging_mixin.py:190} INFO - [2025-10-06T20:50:36.113+0000] {dag.py:3239} INFO - Sync 1 DAGs
[2025-10-06T20:50:36.140+0000] {logging_mixin.py:190} INFO - [2025-10-06T20:50:36.140+0000] {dag.py:4180} INFO - Setting next_dagrun for example_kubernetes_executor to None, run_after=None
[2025-10-06T20:50:36.163+0000] {processor.py:208} INFO - Processing /home/airflow/.local/lib/python3.12/site-packages/airflow/example_dags/example_kubernetes_executor.py took 0.137 seconds
[2025-10-06T20:53:21.082+0000] {processor.py:186} INFO - Started process (PID=67) to work on /home/airflow/.local/lib/python3.12/site-packages/airflow/example_dags/example_kubernetes_executor.py
[2025-10-06T20:53:21.083+0000] {processor.py:914} INFO - Processing file /home/airflow/.local/lib/python3.12/site-packages/airflow/example_dags/example_kubernetes_executor.py for tasks to queue
[2025-10-06T20:53:21.087+0000] {logging_mixin.py:190} INFO - [2025-10-06T20:53:21.086+0000] {dagbag.py:588} INFO - Filling up the DagBag from /home/airflow/.local/lib/python3.12/site-packages/airflow/example_dags/example_kubernetes_executor.py
[2025-10-06T20:53:21.127+0000] {processor.py:925} INFO - DAG(s) 'example_kubernetes_executor' retrieved from /home/airflow/.local/lib/python3.12/site-packages/airflow/example_dags/example_kubernetes_executor.py
[2025-10-06T20:53:21.243+0000] {logging_mixin.py:190} INFO - [2025-10-06T20:53:21.243+0000] {dag.py:3239} INFO - Sync 1 DAGs
[2025-10-06T20:53:21.278+0000] {logging_mixin.py:190} INFO - [2025-10-06T20:53:21.277+0000] {dag.py:4180} INFO - Setting next_dagrun for example_kubernetes_executor to None, run_after=None
[2025-10-06T20:53:21.326+0000] {processor.py:208} INFO - Processing /home/airflow/.local/lib/python3.12/site-packages/airflow/example_dags/example_kubernetes_executor.py took 0.256 seconds
[2025-10-06T20:53:52.430+0000] {processor.py:186} INFO - Started process (PID=130) to work on /home/airflow/.local/lib/python3.12/site-packages/airflow/example_dags/example_kubernetes_executor.py
[2025-10-06T20:53:52.610+0000] {processor.py:914} INFO - Processing file /home/airflow/.local/lib/python3.12/site-packages/airflow/example_dags/example_kubernetes_executor.py for tasks to queue
[2025-10-06T20:53:52.620+0000] {logging_mixin.py:190} INFO - [2025-10-06T20:53:52.616+0000] {dagbag.py:588} INFO - Filling up the DagBag from /home/airflow/.local/lib/python3.12/site-packages/airflow/example_dags/example_kubernetes_executor.py
[2025-10-06T20:53:52.675+0000] {processor.py:925} INFO - DAG(s) 'example_kubernetes_executor' retrieved from /home/airflow/.local/lib/python3.12/site-packages/airflow/example_dags/example_kubernetes_executor.py
[2025-10-06T20:53:52.768+0000] {logging_mixin.py:190} INFO - [2025-10-06T20:53:52.768+0000] {dag.py:3239} INFO - Sync 1 DAGs
[2025-10-06T20:53:52.804+0000] {logging_mixin.py:190} INFO - [2025-10-06T20:53:52.803+0000] {dag.py:4180} INFO - Setting next_dagrun for example_kubernetes_executor to None, run_after=None
[2025-10-06T20:53:52.879+0000] {processor.py:208} INFO - Processing /home/airflow/.local/lib/python3.12/site-packages/airflow/example_dags/example_kubernetes_executor.py took 0.531 seconds
[2025-10-06T20:54:23.873+0000] {processor.py:186} INFO - Started process (PID=193) to work on /home/airflow/.local/lib/python3.12/site-packages/airflow/example_dags/example_kubernetes_executor.py
[2025-10-06T20:54:23.875+0000] {processor.py:914} INFO - Processing file /home/airflow/.local/lib/python3.12/site-packages/airflow/example_dags/example_kubernetes_executor.py for tasks to queue
[2025-10-06T20:54:23.879+0000] {logging_mixin.py:190} INFO - [2025-10-06T20:54:23.878+0000] {dagbag.py:588} INFO - Filling up the DagBag from /home/airflow/.local/lib/python3.12/site-packages/airflow/example_dags/example_kubernetes_executor.py
[2025-10-06T20:54:23.915+0000] {processor.py:925} INFO - DAG(s) 'example_kubernetes_executor' retrieved from /home/airflow/.local/lib/python3.12/site-packages/airflow/example_dags/example_kubernetes_executor.py
[2025-10-06T20:54:23.987+0000] {logging_mixin.py:190} INFO - [2025-10-06T20:54:23.986+0000] {dag.py:3239} INFO - Sync 1 DAGs
[2025-10-06T20:54:24.044+0000] {logging_mixin.py:190} INFO - [2025-10-06T20:54:24.043+0000] {dag.py:4180} INFO - Setting next_dagrun for example_kubernetes_executor to None, run_after=None
[2025-10-06T20:54:24.097+0000] {processor.py:208} INFO - Processing /home/airflow/.local/lib/python3.12/site-packages/airflow/example_dags/example_kubernetes_executor.py took 0.237 seconds
[2025-10-06T20:54:55.172+0000] {processor.py:186} INFO - Started process (PID=257) to work on /home/airflow/.local/lib/python3.12/site-packages/airflow/example_dags/example_kubernetes_executor.py
[2025-10-06T20:54:55.176+0000] {processor.py:914} INFO - Processing file /home/airflow/.local/lib/python3.12/site-packages/airflow/example_dags/example_kubernetes_executor.py for tasks to queue
[2025-10-06T20:54:55.196+0000] {logging_mixin.py:190} INFO - [2025-10-06T20:54:55.193+0000] {dagbag.py:588} INFO - Filling up the DagBag from /home/airflow/.local/lib/python3.12/site-packages/airflow/example_dags/example_kubernetes_executor.py
[2025-10-06T20:54:55.279+0000] {processor.py:925} INFO - DAG(s) 'example_kubernetes_executor' retrieved from /home/airflow/.local/lib/python3.12/site-packages/airflow/example_dags/example_kubernetes_executor.py
[2025-10-06T20:54:55.435+0000] {logging_mixin.py:190} INFO - [2025-10-06T20:54:55.434+0000] {dag.py:3239} INFO - Sync 1 DAGs
[2025-10-06T20:54:55.494+0000] {logging_mixin.py:190} INFO - [2025-10-06T20:54:55.494+0000] {dag.py:4180} INFO - Setting next_dagrun for example_kubernetes_executor to None, run_after=None
[2025-10-06T20:54:55.591+0000] {processor.py:208} INFO - Processing /home/airflow/.local/lib/python3.12/site-packages/airflow/example_dags/example_kubernetes_executor.py took 0.433 seconds
[2025-10-06T20:55:26.354+0000] {processor.py:186} INFO - Started process (PID=320) to work on /home/airflow/.local/lib/python3.12/site-packages/airflow/example_dags/example_kubernetes_executor.py
[2025-10-06T20:55:26.356+0000] {processor.py:914} INFO - Processing file /home/airflow/.local/lib/python3.12/site-packages/airflow/example_dags/example_kubernetes_executor.py for tasks to queue
[2025-10-06T20:55:26.367+0000] {logging_mixin.py:190} INFO - [2025-10-06T20:55:26.366+0000] {dagbag.py:588} INFO - Filling up the DagBag from /home/airflow/.local/lib/python3.12/site-packages/airflow/example_dags/example_kubernetes_executor.py
[2025-10-06T20:55:26.456+0000] {processor.py:925} INFO - DAG(s) 'example_kubernetes_executor' retrieved from /home/airflow/.local/lib/python3.12/site-packages/airflow/example_dags/example_kubernetes_executor.py
[2025-10-06T20:55:26.589+0000] {logging_mixin.py:190} INFO - [2025-10-06T20:55:26.588+0000] {dag.py:3239} INFO - Sync 1 DAGs
[2025-10-06T20:55:26.702+0000] {logging_mixin.py:190} INFO - [2025-10-06T20:55:26.701+0000] {dag.py:4180} INFO - Setting next_dagrun for example_kubernetes_executor to None, run_after=None
[2025-10-06T20:55:26.774+0000] {processor.py:208} INFO - Processing /home/airflow/.local/lib/python3.12/site-packages/airflow/example_dags/example_kubernetes_executor.py took 0.438 seconds
[2025-10-06T20:55:57.392+0000] {processor.py:186} INFO - Started process (PID=384) to work on /home/airflow/.local/lib/python3.12/site-packages/airflow/example_dags/example_kubernetes_executor.py
[2025-10-06T20:55:57.397+0000] {processor.py:914} INFO - Processing file /home/airflow/.local/lib/python3.12/site-packages/airflow/example_dags/example_kubernetes_executor.py for tasks to queue
[2025-10-06T20:55:57.404+0000] {logging_mixin.py:190} INFO - [2025-10-06T20:55:57.403+0000] {dagbag.py:588} INFO - Filling up the DagBag from /home/airflow/.local/lib/python3.12/site-packages/airflow/example_dags/example_kubernetes_executor.py
[2025-10-06T20:55:57.464+0000] {processor.py:925} INFO - DAG(s) 'example_kubernetes_executor' retrieved from /home/airflow/.local/lib/python3.12/site-packages/airflow/example_dags/example_kubernetes_executor.py
[2025-10-06T20:55:57.565+0000] {logging_mixin.py:190} INFO - [2025-10-06T20:55:57.564+0000] {dag.py:3239} INFO - Sync 1 DAGs
[2025-10-06T20:55:57.594+0000] {logging_mixin.py:190} INFO - [2025-10-06T20:55:57.594+0000] {dag.py:4180} INFO - Setting next_dagrun for example_kubernetes_executor to None, run_after=None
[2025-10-06T20:55:57.630+0000] {processor.py:208} INFO - Processing /home/airflow/.local/lib/python3.12/site-packages/airflow/example_dags/example_kubernetes_executor.py took 0.254 seconds
[2025-10-06T20:56:28.133+0000] {processor.py:186} INFO - Started process (PID=447) to work on /home/airflow/.local/lib/python3.12/site-packages/airflow/example_dags/example_kubernetes_executor.py
[2025-10-06T20:56:28.139+0000] {processor.py:914} INFO - Processing file /home/airflow/.local/lib/python3.12/site-packages/airflow/example_dags/example_kubernetes_executor.py for tasks to queue
[2025-10-06T20:56:28.147+0000] {logging_mixin.py:190} INFO - [2025-10-06T20:56:28.146+0000] {dagbag.py:588} INFO - Filling up the DagBag from /home/airflow/.local/lib/python3.12/site-packages/airflow/example_dags/example_kubernetes_executor.py
[2025-10-06T20:56:28.219+0000] {processor.py:925} INFO - DAG(s) 'example_kubernetes_executor' retrieved from /home/airflow/.local/lib/python3.12/site-packages/airflow/example_dags/example_kubernetes_executor.py
[2025-10-06T20:56:28.414+0000] {logging_mixin.py:190} INFO - [2025-10-06T20:56:28.412+0000] {dag.py:3239} INFO - Sync 1 DAGs
[2025-10-06T20:56:28.489+0000] {logging_mixin.py:190} INFO - [2025-10-06T20:56:28.488+0000] {dag.py:4180} INFO - Setting next_dagrun for example_kubernetes_executor to None, run_after=None
[2025-10-06T20:56:28.582+0000] {processor.py:208} INFO - Processing /home/airflow/.local/lib/python3.12/site-packages/airflow/example_dags/example_kubernetes_executor.py took 0.477 seconds
[2025-10-06T20:57:02.305+0000] {processor.py:186} INFO - Started process (PID=510) to work on /home/airflow/.local/lib/python3.12/site-packages/airflow/example_dags/example_kubernetes_executor.py
[2025-10-06T20:57:02.312+0000] {processor.py:914} INFO - Processing file /home/airflow/.local/lib/python3.12/site-packages/airflow/example_dags/example_kubernetes_executor.py for tasks to queue
[2025-10-06T20:57:02.318+0000] {logging_mixin.py:190} INFO - [2025-10-06T20:57:02.318+0000] {dagbag.py:588} INFO - Filling up the DagBag from /home/airflow/.local/lib/python3.12/site-packages/airflow/example_dags/example_kubernetes_executor.py
[2025-10-06T20:57:02.504+0000] {processor.py:925} INFO - DAG(s) 'example_kubernetes_executor' retrieved from /home/airflow/.local/lib/python3.12/site-packages/airflow/example_dags/example_kubernetes_executor.py
[2025-10-06T20:57:02.715+0000] {logging_mixin.py:190} INFO - [2025-10-06T20:57:02.715+0000] {dag.py:3239} INFO - Sync 1 DAGs
[2025-10-06T20:57:02.760+0000] {logging_mixin.py:190} INFO - [2025-10-06T20:57:02.760+0000] {dag.py:4180} INFO - Setting next_dagrun for example_kubernetes_executor to None, run_after=None
[2025-10-06T20:57:02.822+0000] {processor.py:208} INFO - Processing /home/airflow/.local/lib/python3.12/site-packages/airflow/example_dags/example_kubernetes_executor.py took 0.536 seconds
[2025-10-06T20:57:34.067+0000] {processor.py:186} INFO - Started process (PID=569) to work on /home/airflow/.local/lib/python3.12/site-packages/airflow/example_dags/example_kubernetes_executor.py
[2025-10-06T20:57:34.071+0000] {processor.py:914} INFO - Processing file /home/airflow/.local/lib/python3.12/site-packages/airflow/example_dags/example_kubernetes_executor.py for tasks to queue
[2025-10-06T20:57:34.077+0000] {logging_mixin.py:190} INFO - [2025-10-06T20:57:34.076+0000] {dagbag.py:588} INFO - Filling up the DagBag from /home/airflow/.local/lib/python3.12/site-packages/airflow/example_dags/example_kubernetes_executor.py
[2025-10-06T20:57:34.135+0000] {processor.py:925} INFO - DAG(s) 'example_kubernetes_executor' retrieved from /home/airflow/.local/lib/python3.12/site-packages/airflow/example_dags/example_kubernetes_executor.py
[2025-10-06T20:57:34.243+0000] {logging_mixin.py:190} INFO - [2025-10-06T20:57:34.242+0000] {dag.py:3239} INFO - Sync 1 DAGs
[2025-10-06T20:57:34.291+0000] {logging_mixin.py:190} INFO - [2025-10-06T20:57:34.290+0000] {dag.py:4180} INFO - Setting next_dagrun for example_kubernetes_executor to None, run_after=None
[2025-10-06T20:57:34.353+0000] {processor.py:208} INFO - Processing /home/airflow/.local/lib/python3.12/site-packages/airflow/example_dags/example_kubernetes_executor.py took 0.308 seconds
[2025-10-06T20:58:04.782+0000] {processor.py:186} INFO - Started process (PID=625) to work on /home/airflow/.local/lib/python3.12/site-packages/airflow/example_dags/example_kubernetes_executor.py
[2025-10-06T20:58:04.785+0000] {processor.py:914} INFO - Processing file /home/airflow/.local/lib/python3.12/site-packages/airflow/example_dags/example_kubernetes_executor.py for tasks to queue
[2025-10-06T20:58:04.792+0000] {logging_mixin.py:190} INFO - [2025-10-06T20:58:04.789+0000] {dagbag.py:588} INFO - Filling up the DagBag from /home/airflow/.local/lib/python3.12/site-packages/airflow/example_dags/example_kubernetes_executor.py
[2025-10-06T20:58:04.840+0000] {processor.py:925} INFO - DAG(s) 'example_kubernetes_executor' retrieved from /home/airflow/.local/lib/python3.12/site-packages/airflow/example_dags/example_kubernetes_executor.py
[2025-10-06T20:58:04.947+0000] {logging_mixin.py:190} INFO - [2025-10-06T20:58:04.946+0000] {dag.py:3239} INFO - Sync 1 DAGs
[2025-10-06T20:58:04.974+0000] {logging_mixin.py:190} INFO - [2025-10-06T20:58:04.973+0000] {dag.py:4180} INFO - Setting next_dagrun for example_kubernetes_executor to None, run_after=None
[2025-10-06T20:58:05.007+0000] {processor.py:208} INFO - Processing /home/airflow/.local/lib/python3.12/site-packages/airflow/example_dags/example_kubernetes_executor.py took 0.239 seconds
[2025-10-06T20:58:36.281+0000] {processor.py:186} INFO - Started process (PID=688) to work on /home/airflow/.local/lib/python3.12/site-packages/airflow/example_dags/example_kubernetes_executor.py
[2025-10-06T20:58:36.283+0000] {processor.py:914} INFO - Processing file /home/airflow/.local/lib/python3.12/site-packages/airflow/example_dags/example_kubernetes_executor.py for tasks to queue
[2025-10-06T20:58:36.287+0000] {logging_mixin.py:190} INFO - [2025-10-06T20:58:36.286+0000] {dagbag.py:588} INFO - Filling up the DagBag from /home/airflow/.local/lib/python3.12/site-packages/airflow/example_dags/example_kubernetes_executor.py
[2025-10-06T20:58:36.309+0000] {processor.py:925} INFO - DAG(s) 'example_kubernetes_executor' retrieved from /home/airflow/.local/lib/python3.12/site-packages/airflow/example_dags/example_kubernetes_executor.py
[2025-10-06T20:58:36.367+0000] {logging_mixin.py:190} INFO - [2025-10-06T20:58:36.366+0000] {dag.py:3239} INFO - Sync 1 DAGs
[2025-10-06T20:58:36.402+0000] {logging_mixin.py:190} INFO - [2025-10-06T20:58:36.402+0000] {dag.py:4180} INFO - Setting next_dagrun for example_kubernetes_executor to None, run_after=None
[2025-10-06T20:58:36.430+0000] {processor.py:208} INFO - Processing /home/airflow/.local/lib/python3.12/site-packages/airflow/example_dags/example_kubernetes_executor.py took 0.157 seconds
[2025-10-06T20:59:06.885+0000] {processor.py:186} INFO - Started process (PID=751) to work on /home/airflow/.local/lib/python3.12/site-packages/airflow/example_dags/example_kubernetes_executor.py
[2025-10-06T20:59:06.887+0000] {processor.py:914} INFO - Processing file /home/airflow/.local/lib/python3.12/site-packages/airflow/example_dags/example_kubernetes_executor.py for tasks to queue
[2025-10-06T20:59:06.891+0000] {logging_mixin.py:190} INFO - [2025-10-06T20:59:06.890+0000] {dagbag.py:588} INFO - Filling up the DagBag from /home/airflow/.local/lib/python3.12/site-packages/airflow/example_dags/example_kubernetes_executor.py
[2025-10-06T20:59:06.911+0000] {processor.py:925} INFO - DAG(s) 'example_kubernetes_executor' retrieved from /home/airflow/.local/lib/python3.12/site-packages/airflow/example_dags/example_kubernetes_executor.py
[2025-10-06T20:59:06.991+0000] {logging_mixin.py:190} INFO - [2025-10-06T20:59:06.991+0000] {dag.py:3239} INFO - Sync 1 DAGs
[2025-10-06T20:59:07.011+0000] {logging_mixin.py:190} INFO - [2025-10-06T20:59:07.011+0000] {dag.py:4180} INFO - Setting next_dagrun for example_kubernetes_executor to None, run_after=None
[2025-10-06T20:59:07.036+0000] {processor.py:208} INFO - Processing /home/airflow/.local/lib/python3.12/site-packages/airflow/example_dags/example_kubernetes_executor.py took 0.158 seconds
[2025-10-06T20:59:38.711+0000] {processor.py:186} INFO - Started process (PID=814) to work on /home/airflow/.local/lib/python3.12/site-packages/airflow/example_dags/example_kubernetes_executor.py
[2025-10-06T20:59:38.712+0000] {processor.py:914} INFO - Processing file /home/airflow/.local/lib/python3.12/site-packages/airflow/example_dags/example_kubernetes_executor.py for tasks to queue
[2025-10-06T20:59:38.715+0000] {logging_mixin.py:190} INFO - [2025-10-06T20:59:38.715+0000] {dagbag.py:588} INFO - Filling up the DagBag from /home/airflow/.local/lib/python3.12/site-packages/airflow/example_dags/example_kubernetes_executor.py
[2025-10-06T20:59:38.734+0000] {processor.py:925} INFO - DAG(s) 'example_kubernetes_executor' retrieved from /home/airflow/.local/lib/python3.12/site-packages/airflow/example_dags/example_kubernetes_executor.py
[2025-10-06T20:59:38.789+0000] {logging_mixin.py:190} INFO - [2025-10-06T20:59:38.789+0000] {dag.py:3239} INFO - Sync 1 DAGs
[2025-10-06T20:59:38.808+0000] {logging_mixin.py:190} INFO - [2025-10-06T20:59:38.807+0000] {dag.py:4180} INFO - Setting next_dagrun for example_kubernetes_executor to None, run_after=None
[2025-10-06T20:59:38.838+0000] {processor.py:208} INFO - Processing /home/airflow/.local/lib/python3.12/site-packages/airflow/example_dags/example_kubernetes_executor.py took 0.135 seconds
[2025-10-06T21:00:10.303+0000] {processor.py:186} INFO - Started process (PID=877) to work on /home/airflow/.local/lib/python3.12/site-packages/airflow/example_dags/example_kubernetes_executor.py
[2025-10-06T21:00:10.310+0000] {processor.py:914} INFO - Processing file /home/airflow/.local/lib/python3.12/site-packages/airflow/example_dags/example_kubernetes_executor.py for tasks to queue
[2025-10-06T21:00:10.332+0000] {logging_mixin.py:190} INFO - [2025-10-06T21:00:10.331+0000] {dagbag.py:588} INFO - Filling up the DagBag from /home/airflow/.local/lib/python3.12/site-packages/airflow/example_dags/example_kubernetes_executor.py
[2025-10-06T21:00:10.405+0000] {processor.py:925} INFO - DAG(s) 'example_kubernetes_executor' retrieved from /home/airflow/.local/lib/python3.12/site-packages/airflow/example_dags/example_kubernetes_executor.py
[2025-10-06T21:00:11.890+0000] {logging_mixin.py:190} INFO - [2025-10-06T21:00:11.890+0000] {dag.py:3239} INFO - Sync 1 DAGs
[2025-10-06T21:00:11.945+0000] {logging_mixin.py:190} INFO - [2025-10-06T21:00:11.945+0000] {dag.py:4180} INFO - Setting next_dagrun for example_kubernetes_executor to None, run_after=None
[2025-10-06T21:00:11.992+0000] {processor.py:208} INFO - Processing /home/airflow/.local/lib/python3.12/site-packages/airflow/example_dags/example_kubernetes_executor.py took 1.707 seconds
[2025-10-06T21:00:42.179+0000] {processor.py:186} INFO - Started process (PID=941) to work on /home/airflow/.local/lib/python3.12/site-packages/airflow/example_dags/example_kubernetes_executor.py
[2025-10-06T21:00:42.180+0000] {processor.py:914} INFO - Processing file /home/airflow/.local/lib/python3.12/site-packages/airflow/example_dags/example_kubernetes_executor.py for tasks to queue
[2025-10-06T21:00:42.182+0000] {logging_mixin.py:190} INFO - [2025-10-06T21:00:42.182+0000] {dagbag.py:588} INFO - Filling up the DagBag from /home/airflow/.local/lib/python3.12/site-packages/airflow/example_dags/example_kubernetes_executor.py
[2025-10-06T21:00:42.198+0000] {processor.py:925} INFO - DAG(s) 'example_kubernetes_executor' retrieved from /home/airflow/.local/lib/python3.12/site-packages/airflow/example_dags/example_kubernetes_executor.py
[2025-10-06T21:00:42.232+0000] {logging_mixin.py:190} INFO - [2025-10-06T21:00:42.232+0000] {dag.py:3239} INFO - Sync 1 DAGs
[2025-10-06T21:00:42.246+0000] {logging_mixin.py:190} INFO - [2025-10-06T21:00:42.246+0000] {dag.py:4180} INFO - Setting next_dagrun for example_kubernetes_executor to None, run_after=None
[2025-10-06T21:00:42.265+0000] {processor.py:208} INFO - Processing /home/airflow/.local/lib/python3.12/site-packages/airflow/example_dags/example_kubernetes_executor.py took 0.092 seconds
[2025-10-06T21:01:12.359+0000] {processor.py:186} INFO - Started process (PID=1003) to work on /home/airflow/.local/lib/python3.12/site-packages/airflow/example_dags/example_kubernetes_executor.py
[2025-10-06T21:01:12.360+0000] {processor.py:914} INFO - Processing file /home/airflow/.local/lib/python3.12/site-packages/airflow/example_dags/example_kubernetes_executor.py for tasks to queue
[2025-10-06T21:01:12.363+0000] {logging_mixin.py:190} INFO - [2025-10-06T21:01:12.363+0000] {dagbag.py:588} INFO - Filling up the DagBag from /home/airflow/.local/lib/python3.12/site-packages/airflow/example_dags/example_kubernetes_executor.py
[2025-10-06T21:01:12.379+0000] {processor.py:925} INFO - DAG(s) 'example_kubernetes_executor' retrieved from /home/airflow/.local/lib/python3.12/site-packages/airflow/example_dags/example_kubernetes_executor.py
[2025-10-06T21:01:12.416+0000] {logging_mixin.py:190} INFO - [2025-10-06T21:01:12.416+0000] {dag.py:3239} INFO - Sync 1 DAGs
[2025-10-06T21:01:12.433+0000] {logging_mixin.py:190} INFO - [2025-10-06T21:01:12.432+0000] {dag.py:4180} INFO - Setting next_dagrun for example_kubernetes_executor to None, run_after=None
[2025-10-06T21:01:12.455+0000] {processor.py:208} INFO - Processing /home/airflow/.local/lib/python3.12/site-packages/airflow/example_dags/example_kubernetes_executor.py took 0.102 seconds
[2025-10-06T21:01:43.828+0000] {processor.py:186} INFO - Started process (PID=1066) to work on /home/airflow/.local/lib/python3.12/site-packages/airflow/example_dags/example_kubernetes_executor.py
[2025-10-06T21:01:43.830+0000] {processor.py:914} INFO - Processing file /home/airflow/.local/lib/python3.12/site-packages/airflow/example_dags/example_kubernetes_executor.py for tasks to queue
[2025-10-06T21:01:43.833+0000] {logging_mixin.py:190} INFO - [2025-10-06T21:01:43.832+0000] {dagbag.py:588} INFO - Filling up the DagBag from /home/airflow/.local/lib/python3.12/site-packages/airflow/example_dags/example_kubernetes_executor.py
[2025-10-06T21:01:43.847+0000] {processor.py:925} INFO - DAG(s) 'example_kubernetes_executor' retrieved from /home/airflow/.local/lib/python3.12/site-packages/airflow/example_dags/example_kubernetes_executor.py
[2025-10-06T21:01:43.888+0000] {logging_mixin.py:190} INFO - [2025-10-06T21:01:43.888+0000] {dag.py:3239} INFO - Sync 1 DAGs
[2025-10-06T21:01:43.905+0000] {logging_mixin.py:190} INFO - [2025-10-06T21:01:43.905+0000] {dag.py:4180} INFO - Setting next_dagrun for example_kubernetes_executor to None, run_after=None
[2025-10-06T21:01:43.929+0000] {processor.py:208} INFO - Processing /home/airflow/.local/lib/python3.12/site-packages/airflow/example_dags/example_kubernetes_executor.py took 0.107 seconds
[2025-10-06T21:02:15.155+0000] {processor.py:186} INFO - Started process (PID=1129) to work on /home/airflow/.local/lib/python3.12/site-packages/airflow/example_dags/example_kubernetes_executor.py
[2025-10-06T21:02:15.156+0000] {processor.py:914} INFO - Processing file /home/airflow/.local/lib/python3.12/site-packages/airflow/example_dags/example_kubernetes_executor.py for tasks to queue
[2025-10-06T21:02:15.159+0000] {logging_mixin.py:190} INFO - [2025-10-06T21:02:15.159+0000] {dagbag.py:588} INFO - Filling up the DagBag from /home/airflow/.local/lib/python3.12/site-packages/airflow/example_dags/example_kubernetes_executor.py
[2025-10-06T21:02:15.193+0000] {processor.py:925} INFO - DAG(s) 'example_kubernetes_executor' retrieved from /home/airflow/.local/lib/python3.12/site-packages/airflow/example_dags/example_kubernetes_executor.py
[2025-10-06T21:02:15.246+0000] {logging_mixin.py:190} INFO - [2025-10-06T21:02:15.246+0000] {dag.py:3239} INFO - Sync 1 DAGs
[2025-10-06T21:02:15.274+0000] {logging_mixin.py:190} INFO - [2025-10-06T21:02:15.273+0000] {dag.py:4180} INFO - Setting next_dagrun for example_kubernetes_executor to None, run_after=None
[2025-10-06T21:02:15.309+0000] {processor.py:208} INFO - Processing /home/airflow/.local/lib/python3.12/site-packages/airflow/example_dags/example_kubernetes_executor.py took 0.160 seconds
[2025-10-06T21:02:46.540+0000] {processor.py:186} INFO - Started process (PID=1194) to work on /home/airflow/.local/lib/python3.12/site-packages/airflow/example_dags/example_kubernetes_executor.py
[2025-10-06T21:02:46.544+0000] {processor.py:914} INFO - Processing file /home/airflow/.local/lib/python3.12/site-packages/airflow/example_dags/example_kubernetes_executor.py for tasks to queue
[2025-10-06T21:02:46.559+0000] {logging_mixin.py:190} INFO - [2025-10-06T21:02:46.558+0000] {dagbag.py:588} INFO - Filling up the DagBag from /home/airflow/.local/lib/python3.12/site-packages/airflow/example_dags/example_kubernetes_executor.py
[2025-10-06T21:02:46.614+0000] {processor.py:925} INFO - DAG(s) 'example_kubernetes_executor' retrieved from /home/airflow/.local/lib/python3.12/site-packages/airflow/example_dags/example_kubernetes_executor.py
[2025-10-06T21:02:46.815+0000] {logging_mixin.py:190} INFO - [2025-10-06T21:02:46.814+0000] {dag.py:3239} INFO - Sync 1 DAGs
[2025-10-06T21:02:46.894+0000] {logging_mixin.py:190} INFO - [2025-10-06T21:02:46.893+0000] {dag.py:4180} INFO - Setting next_dagrun for example_kubernetes_executor to None, run_after=None
[2025-10-06T21:02:46.984+0000] {processor.py:208} INFO - Processing /home/airflow/.local/lib/python3.12/site-packages/airflow/example_dags/example_kubernetes_executor.py took 0.463 seconds
[2025-10-06T21:03:18.448+0000] {processor.py:186} INFO - Started process (PID=1257) to work on /home/airflow/.local/lib/python3.12/site-packages/airflow/example_dags/example_kubernetes_executor.py
[2025-10-06T21:03:18.458+0000] {processor.py:914} INFO - Processing file /home/airflow/.local/lib/python3.12/site-packages/airflow/example_dags/example_kubernetes_executor.py for tasks to queue
[2025-10-06T21:03:18.474+0000] {logging_mixin.py:190} INFO - [2025-10-06T21:03:18.473+0000] {dagbag.py:588} INFO - Filling up the DagBag from /home/airflow/.local/lib/python3.12/site-packages/airflow/example_dags/example_kubernetes_executor.py
[2025-10-06T21:03:18.530+0000] {processor.py:925} INFO - DAG(s) 'example_kubernetes_executor' retrieved from /home/airflow/.local/lib/python3.12/site-packages/airflow/example_dags/example_kubernetes_executor.py
[2025-10-06T21:03:18.657+0000] {logging_mixin.py:190} INFO - [2025-10-06T21:03:18.657+0000] {dag.py:3239} INFO - Sync 1 DAGs
[2025-10-06T21:03:18.692+0000] {logging_mixin.py:190} INFO - [2025-10-06T21:03:18.691+0000] {dag.py:4180} INFO - Setting next_dagrun for example_kubernetes_executor to None, run_after=None
[2025-10-06T21:03:18.730+0000] {processor.py:208} INFO - Processing /home/airflow/.local/lib/python3.12/site-packages/airflow/example_dags/example_kubernetes_executor.py took 0.306 seconds
[2025-10-06T21:03:49.365+0000] {processor.py:186} INFO - Started process (PID=1320) to work on /home/airflow/.local/lib/python3.12/site-packages/airflow/example_dags/example_kubernetes_executor.py
[2025-10-06T21:03:49.366+0000] {processor.py:914} INFO - Processing file /home/airflow/.local/lib/python3.12/site-packages/airflow/example_dags/example_kubernetes_executor.py for tasks to queue
[2025-10-06T21:03:49.369+0000] {logging_mixin.py:190} INFO - [2025-10-06T21:03:49.369+0000] {dagbag.py:588} INFO - Filling up the DagBag from /home/airflow/.local/lib/python3.12/site-packages/airflow/example_dags/example_kubernetes_executor.py
[2025-10-06T21:03:49.386+0000] {processor.py:925} INFO - DAG(s) 'example_kubernetes_executor' retrieved from /home/airflow/.local/lib/python3.12/site-packages/airflow/example_dags/example_kubernetes_executor.py
[2025-10-06T21:03:49.434+0000] {logging_mixin.py:190} INFO - [2025-10-06T21:03:49.434+0000] {dag.py:3239} INFO - Sync 1 DAGs
[2025-10-06T21:03:49.454+0000] {logging_mixin.py:190} INFO - [2025-10-06T21:03:49.454+0000] {dag.py:4180} INFO - Setting next_dagrun for example_kubernetes_executor to None, run_after=None
[2025-10-06T21:03:49.481+0000] {processor.py:208} INFO - Processing /home/airflow/.local/lib/python3.12/site-packages/airflow/example_dags/example_kubernetes_executor.py took 0.122 seconds
[2025-10-06T21:04:20.079+0000] {processor.py:186} INFO - Started process (PID=1383) to work on /home/airflow/.local/lib/python3.12/site-packages/airflow/example_dags/example_kubernetes_executor.py
[2025-10-06T21:04:20.081+0000] {processor.py:914} INFO - Processing file /home/airflow/.local/lib/python3.12/site-packages/airflow/example_dags/example_kubernetes_executor.py for tasks to queue
[2025-10-06T21:04:20.085+0000] {logging_mixin.py:190} INFO - [2025-10-06T21:04:20.085+0000] {dagbag.py:588} INFO - Filling up the DagBag from /home/airflow/.local/lib/python3.12/site-packages/airflow/example_dags/example_kubernetes_executor.py
[2025-10-06T21:04:20.104+0000] {processor.py:925} INFO - DAG(s) 'example_kubernetes_executor' retrieved from /home/airflow/.local/lib/python3.12/site-packages/airflow/example_dags/example_kubernetes_executor.py
[2025-10-06T21:04:20.144+0000] {logging_mixin.py:190} INFO - [2025-10-06T21:04:20.144+0000] {dag.py:3239} INFO - Sync 1 DAGs
[2025-10-06T21:04:20.162+0000] {logging_mixin.py:190} INFO - [2025-10-06T21:04:20.161+0000] {dag.py:4180} INFO - Setting next_dagrun for example_kubernetes_executor to None, run_after=None
[2025-10-06T21:04:20.189+0000] {processor.py:208} INFO - Processing /home/airflow/.local/lib/python3.12/site-packages/airflow/example_dags/example_kubernetes_executor.py took 0.117 seconds
[2025-10-06T21:04:51.965+0000] {processor.py:186} INFO - Started process (PID=1446) to work on /home/airflow/.local/lib/python3.12/site-packages/airflow/example_dags/example_kubernetes_executor.py
[2025-10-06T21:04:51.967+0000] {processor.py:914} INFO - Processing file /home/airflow/.local/lib/python3.12/site-packages/airflow/example_dags/example_kubernetes_executor.py for tasks to queue
[2025-10-06T21:04:51.970+0000] {logging_mixin.py:190} INFO - [2025-10-06T21:04:51.970+0000] {dagbag.py:588} INFO - Filling up the DagBag from /home/airflow/.local/lib/python3.12/site-packages/airflow/example_dags/example_kubernetes_executor.py
[2025-10-06T21:04:51.997+0000] {processor.py:925} INFO - DAG(s) 'example_kubernetes_executor' retrieved from /home/airflow/.local/lib/python3.12/site-packages/airflow/example_dags/example_kubernetes_executor.py
[2025-10-06T21:04:52.055+0000] {logging_mixin.py:190} INFO - [2025-10-06T21:04:52.055+0000] {dag.py:3239} INFO - Sync 1 DAGs
[2025-10-06T21:04:52.080+0000] {logging_mixin.py:190} INFO - [2025-10-06T21:04:52.080+0000] {dag.py:4180} INFO - Setting next_dagrun for example_kubernetes_executor to None, run_after=None
[2025-10-06T21:04:52.112+0000] {processor.py:208} INFO - Processing /home/airflow/.local/lib/python3.12/site-packages/airflow/example_dags/example_kubernetes_executor.py took 0.160 seconds
[2025-10-06T21:05:23.265+0000] {processor.py:186} INFO - Started process (PID=1509) to work on /home/airflow/.local/lib/python3.12/site-packages/airflow/example_dags/example_kubernetes_executor.py
[2025-10-06T21:05:23.266+0000] {processor.py:914} INFO - Processing file /home/airflow/.local/lib/python3.12/site-packages/airflow/example_dags/example_kubernetes_executor.py for tasks to queue
[2025-10-06T21:05:23.270+0000] {logging_mixin.py:190} INFO - [2025-10-06T21:05:23.269+0000] {dagbag.py:588} INFO - Filling up the DagBag from /home/airflow/.local/lib/python3.12/site-packages/airflow/example_dags/example_kubernetes_executor.py
[2025-10-06T21:05:23.289+0000] {processor.py:925} INFO - DAG(s) 'example_kubernetes_executor' retrieved from /home/airflow/.local/lib/python3.12/site-packages/airflow/example_dags/example_kubernetes_executor.py
[2025-10-06T21:05:23.329+0000] {logging_mixin.py:190} INFO - [2025-10-06T21:05:23.328+0000] {dag.py:3239} INFO - Sync 1 DAGs
[2025-10-06T21:05:23.346+0000] {logging_mixin.py:190} INFO - [2025-10-06T21:05:23.346+0000] {dag.py:4180} INFO - Setting next_dagrun for example_kubernetes_executor to None, run_after=None
[2025-10-06T21:05:23.374+0000] {processor.py:208} INFO - Processing /home/airflow/.local/lib/python3.12/site-packages/airflow/example_dags/example_kubernetes_executor.py took 0.119 seconds
[2025-10-06T21:05:53.437+0000] {processor.py:186} INFO - Started process (PID=1574) to work on /home/airflow/.local/lib/python3.12/site-packages/airflow/example_dags/example_kubernetes_executor.py
[2025-10-06T21:05:53.438+0000] {processor.py:914} INFO - Processing file /home/airflow/.local/lib/python3.12/site-packages/airflow/example_dags/example_kubernetes_executor.py for tasks to queue
[2025-10-06T21:05:53.440+0000] {logging_mixin.py:190} INFO - [2025-10-06T21:05:53.440+0000] {dagbag.py:588} INFO - Filling up the DagBag from /home/airflow/.local/lib/python3.12/site-packages/airflow/example_dags/example_kubernetes_executor.py
[2025-10-06T21:05:53.456+0000] {processor.py:925} INFO - DAG(s) 'example_kubernetes_executor' retrieved from /home/airflow/.local/lib/python3.12/site-packages/airflow/example_dags/example_kubernetes_executor.py
[2025-10-06T21:05:54.499+0000] {logging_mixin.py:190} INFO - [2025-10-06T21:05:54.499+0000] {dag.py:3239} INFO - Sync 1 DAGs
[2025-10-06T21:05:54.514+0000] {logging_mixin.py:190} INFO - [2025-10-06T21:05:54.514+0000] {dag.py:4180} INFO - Setting next_dagrun for example_kubernetes_executor to None, run_after=None
[2025-10-06T21:05:54.544+0000] {processor.py:208} INFO - Processing /home/airflow/.local/lib/python3.12/site-packages/airflow/example_dags/example_kubernetes_executor.py took 0.108 seconds
[2025-10-06T21:06:26.306+0000] {processor.py:186} INFO - Started process (PID=1639) to work on /home/airflow/.local/lib/python3.12/site-packages/airflow/example_dags/example_kubernetes_executor.py
[2025-10-06T21:06:26.309+0000] {processor.py:914} INFO - Processing file /home/airflow/.local/lib/python3.12/site-packages/airflow/example_dags/example_kubernetes_executor.py for tasks to queue
[2025-10-06T21:06:26.316+0000] {logging_mixin.py:190} INFO - [2025-10-06T21:06:26.315+0000] {dagbag.py:588} INFO - Filling up the DagBag from /home/airflow/.local/lib/python3.12/site-packages/airflow/example_dags/example_kubernetes_executor.py
[2025-10-06T21:06:26.350+0000] {processor.py:925} INFO - DAG(s) 'example_kubernetes_executor' retrieved from /home/airflow/.local/lib/python3.12/site-packages/airflow/example_dags/example_kubernetes_executor.py
[2025-10-06T21:06:26.442+0000] {logging_mixin.py:190} INFO - [2025-10-06T21:06:26.441+0000] {dag.py:3239} INFO - Sync 1 DAGs
[2025-10-06T21:06:26.467+0000] {logging_mixin.py:190} INFO - [2025-10-06T21:06:26.466+0000] {dag.py:4180} INFO - Setting next_dagrun for example_kubernetes_executor to None, run_after=None
[2025-10-06T21:06:26.505+0000] {processor.py:208} INFO - Processing /home/airflow/.local/lib/python3.12/site-packages/airflow/example_dags/example_kubernetes_executor.py took 0.211 seconds
[2025-10-06T21:06:57.930+0000] {processor.py:186} INFO - Started process (PID=1702) to work on /home/airflow/.local/lib/python3.12/site-packages/airflow/example_dags/example_kubernetes_executor.py
[2025-10-06T21:06:57.932+0000] {processor.py:914} INFO - Processing file /home/airflow/.local/lib/python3.12/site-packages/airflow/example_dags/example_kubernetes_executor.py for tasks to queue
[2025-10-06T21:06:57.940+0000] {logging_mixin.py:190} INFO - [2025-10-06T21:06:57.939+0000] {dagbag.py:588} INFO - Filling up the DagBag from /home/airflow/.local/lib/python3.12/site-packages/airflow/example_dags/example_kubernetes_executor.py
[2025-10-06T21:06:58.045+0000] {processor.py:925} INFO - DAG(s) 'example_kubernetes_executor' retrieved from /home/airflow/.local/lib/python3.12/site-packages/airflow/example_dags/example_kubernetes_executor.py
[2025-10-06T21:06:58.224+0000] {logging_mixin.py:190} INFO - [2025-10-06T21:06:58.223+0000] {dag.py:3239} INFO - Sync 1 DAGs
[2025-10-06T21:06:58.320+0000] {logging_mixin.py:190} INFO - [2025-10-06T21:06:58.320+0000] {dag.py:4180} INFO - Setting next_dagrun for example_kubernetes_executor to None, run_after=None
[2025-10-06T21:06:58.454+0000] {processor.py:208} INFO - Processing /home/airflow/.local/lib/python3.12/site-packages/airflow/example_dags/example_kubernetes_executor.py took 0.535 seconds
[2025-10-06T21:07:29.665+0000] {processor.py:186} INFO - Started process (PID=1765) to work on /home/airflow/.local/lib/python3.12/site-packages/airflow/example_dags/example_kubernetes_executor.py
[2025-10-06T21:07:29.667+0000] {processor.py:914} INFO - Processing file /home/airflow/.local/lib/python3.12/site-packages/airflow/example_dags/example_kubernetes_executor.py for tasks to queue
[2025-10-06T21:07:29.670+0000] {logging_mixin.py:190} INFO - [2025-10-06T21:07:29.669+0000] {dagbag.py:588} INFO - Filling up the DagBag from /home/airflow/.local/lib/python3.12/site-packages/airflow/example_dags/example_kubernetes_executor.py
[2025-10-06T21:07:29.685+0000] {processor.py:925} INFO - DAG(s) 'example_kubernetes_executor' retrieved from /home/airflow/.local/lib/python3.12/site-packages/airflow/example_dags/example_kubernetes_executor.py
[2025-10-06T21:07:29.724+0000] {logging_mixin.py:190} INFO - [2025-10-06T21:07:29.724+0000] {dag.py:3239} INFO - Sync 1 DAGs
[2025-10-06T21:07:29.740+0000] {logging_mixin.py:190} INFO - [2025-10-06T21:07:29.740+0000] {dag.py:4180} INFO - Setting next_dagrun for example_kubernetes_executor to None, run_after=None
[2025-10-06T21:07:29.769+0000] {processor.py:208} INFO - Processing /home/airflow/.local/lib/python3.12/site-packages/airflow/example_dags/example_kubernetes_executor.py took 0.110 seconds
[2025-10-06T21:08:00.909+0000] {processor.py:186} INFO - Started process (PID=1828) to work on /home/airflow/.local/lib/python3.12/site-packages/airflow/example_dags/example_kubernetes_executor.py
[2025-10-06T21:08:00.910+0000] {processor.py:914} INFO - Processing file /home/airflow/.local/lib/python3.12/site-packages/airflow/example_dags/example_kubernetes_executor.py for tasks to queue
[2025-10-06T21:08:00.913+0000] {logging_mixin.py:190} INFO - [2025-10-06T21:08:00.913+0000] {dagbag.py:588} INFO - Filling up the DagBag from /home/airflow/.local/lib/python3.12/site-packages/airflow/example_dags/example_kubernetes_executor.py
[2025-10-06T21:08:00.931+0000] {processor.py:925} INFO - DAG(s) 'example_kubernetes_executor' retrieved from /home/airflow/.local/lib/python3.12/site-packages/airflow/example_dags/example_kubernetes_executor.py
[2025-10-06T21:08:00.974+0000] {logging_mixin.py:190} INFO - [2025-10-06T21:08:00.973+0000] {dag.py:3239} INFO - Sync 1 DAGs
[2025-10-06T21:08:00.997+0000] {logging_mixin.py:190} INFO - [2025-10-06T21:08:00.996+0000] {dag.py:4180} INFO - Setting next_dagrun for example_kubernetes_executor to None, run_after=None
[2025-10-06T21:08:01.020+0000] {processor.py:208} INFO - Processing /home/airflow/.local/lib/python3.12/site-packages/airflow/example_dags/example_kubernetes_executor.py took 0.118 seconds
[2025-10-06T21:08:32.445+0000] {processor.py:186} INFO - Started process (PID=1891) to work on /home/airflow/.local/lib/python3.12/site-packages/airflow/example_dags/example_kubernetes_executor.py
[2025-10-06T21:08:32.447+0000] {processor.py:914} INFO - Processing file /home/airflow/.local/lib/python3.12/site-packages/airflow/example_dags/example_kubernetes_executor.py for tasks to queue
[2025-10-06T21:08:32.451+0000] {logging_mixin.py:190} INFO - [2025-10-06T21:08:32.451+0000] {dagbag.py:588} INFO - Filling up the DagBag from /home/airflow/.local/lib/python3.12/site-packages/airflow/example_dags/example_kubernetes_executor.py
[2025-10-06T21:08:32.478+0000] {processor.py:925} INFO - DAG(s) 'example_kubernetes_executor' retrieved from /home/airflow/.local/lib/python3.12/site-packages/airflow/example_dags/example_kubernetes_executor.py
[2025-10-06T21:08:32.529+0000] {logging_mixin.py:190} INFO - [2025-10-06T21:08:32.529+0000] {dag.py:3239} INFO - Sync 1 DAGs
[2025-10-06T21:08:32.547+0000] {logging_mixin.py:190} INFO - [2025-10-06T21:08:32.547+0000] {dag.py:4180} INFO - Setting next_dagrun for example_kubernetes_executor to None, run_after=None
[2025-10-06T21:08:32.568+0000] {processor.py:208} INFO - Processing /home/airflow/.local/lib/python3.12/site-packages/airflow/example_dags/example_kubernetes_executor.py took 0.131 seconds
[2025-10-06T21:09:03.776+0000] {processor.py:186} INFO - Started process (PID=1954) to work on /home/airflow/.local/lib/python3.12/site-packages/airflow/example_dags/example_kubernetes_executor.py
[2025-10-06T21:09:03.777+0000] {processor.py:914} INFO - Processing file /home/airflow/.local/lib/python3.12/site-packages/airflow/example_dags/example_kubernetes_executor.py for tasks to queue
[2025-10-06T21:09:03.780+0000] {logging_mixin.py:190} INFO - [2025-10-06T21:09:03.779+0000] {dagbag.py:588} INFO - Filling up the DagBag from /home/airflow/.local/lib/python3.12/site-packages/airflow/example_dags/example_kubernetes_executor.py
[2025-10-06T21:09:03.797+0000] {processor.py:925} INFO - DAG(s) 'example_kubernetes_executor' retrieved from /home/airflow/.local/lib/python3.12/site-packages/airflow/example_dags/example_kubernetes_executor.py
[2025-10-06T21:09:03.840+0000] {logging_mixin.py:190} INFO - [2025-10-06T21:09:03.840+0000] {dag.py:3239} INFO - Sync 1 DAGs
[2025-10-06T21:09:03.857+0000] {logging_mixin.py:190} INFO - [2025-10-06T21:09:03.856+0000] {dag.py:4180} INFO - Setting next_dagrun for example_kubernetes_executor to None, run_after=None
[2025-10-06T21:09:03.882+0000] {processor.py:208} INFO - Processing /home/airflow/.local/lib/python3.12/site-packages/airflow/example_dags/example_kubernetes_executor.py took 0.114 seconds
[2025-10-06T21:09:35.210+0000] {processor.py:186} INFO - Started process (PID=2017) to work on /home/airflow/.local/lib/python3.12/site-packages/airflow/example_dags/example_kubernetes_executor.py
[2025-10-06T21:09:35.211+0000] {processor.py:914} INFO - Processing file /home/airflow/.local/lib/python3.12/site-packages/airflow/example_dags/example_kubernetes_executor.py for tasks to queue
[2025-10-06T21:09:35.215+0000] {logging_mixin.py:190} INFO - [2025-10-06T21:09:35.215+0000] {dagbag.py:588} INFO - Filling up the DagBag from /home/airflow/.local/lib/python3.12/site-packages/airflow/example_dags/example_kubernetes_executor.py
[2025-10-06T21:09:35.233+0000] {processor.py:925} INFO - DAG(s) 'example_kubernetes_executor' retrieved from /home/airflow/.local/lib/python3.12/site-packages/airflow/example_dags/example_kubernetes_executor.py
[2025-10-06T21:09:35.282+0000] {logging_mixin.py:190} INFO - [2025-10-06T21:09:35.282+0000] {dag.py:3239} INFO - Sync 1 DAGs
[2025-10-06T21:09:35.303+0000] {logging_mixin.py:190} INFO - [2025-10-06T21:09:35.303+0000] {dag.py:4180} INFO - Setting next_dagrun for example_kubernetes_executor to None, run_after=None
[2025-10-06T21:09:35.335+0000] {processor.py:208} INFO - Processing /home/airflow/.local/lib/python3.12/site-packages/airflow/example_dags/example_kubernetes_executor.py took 0.134 seconds
[2025-10-06T21:10:06.770+0000] {processor.py:186} INFO - Started process (PID=2080) to work on /home/airflow/.local/lib/python3.12/site-packages/airflow/example_dags/example_kubernetes_executor.py
[2025-10-06T21:10:06.772+0000] {processor.py:914} INFO - Processing file /home/airflow/.local/lib/python3.12/site-packages/airflow/example_dags/example_kubernetes_executor.py for tasks to queue
[2025-10-06T21:10:06.775+0000] {logging_mixin.py:190} INFO - [2025-10-06T21:10:06.774+0000] {dagbag.py:588} INFO - Filling up the DagBag from /home/airflow/.local/lib/python3.12/site-packages/airflow/example_dags/example_kubernetes_executor.py
[2025-10-06T21:10:06.792+0000] {processor.py:925} INFO - DAG(s) 'example_kubernetes_executor' retrieved from /home/airflow/.local/lib/python3.12/site-packages/airflow/example_dags/example_kubernetes_executor.py
[2025-10-06T21:10:06.829+0000] {logging_mixin.py:190} INFO - [2025-10-06T21:10:06.829+0000] {dag.py:3239} INFO - Sync 1 DAGs
[2025-10-06T21:10:06.845+0000] {logging_mixin.py:190} INFO - [2025-10-06T21:10:06.844+0000] {dag.py:4180} INFO - Setting next_dagrun for example_kubernetes_executor to None, run_after=None
[2025-10-06T21:10:06.867+0000] {processor.py:208} INFO - Processing /home/airflow/.local/lib/python3.12/site-packages/airflow/example_dags/example_kubernetes_executor.py took 0.104 seconds
[2025-10-06T21:10:38.773+0000] {processor.py:186} INFO - Started process (PID=2143) to work on /home/airflow/.local/lib/python3.12/site-packages/airflow/example_dags/example_kubernetes_executor.py
[2025-10-06T21:10:38.774+0000] {processor.py:914} INFO - Processing file /home/airflow/.local/lib/python3.12/site-packages/airflow/example_dags/example_kubernetes_executor.py for tasks to queue
[2025-10-06T21:10:38.777+0000] {logging_mixin.py:190} INFO - [2025-10-06T21:10:38.777+0000] {dagbag.py:588} INFO - Filling up the DagBag from /home/airflow/.local/lib/python3.12/site-packages/airflow/example_dags/example_kubernetes_executor.py
[2025-10-06T21:10:38.802+0000] {processor.py:925} INFO - DAG(s) 'example_kubernetes_executor' retrieved from /home/airflow/.local/lib/python3.12/site-packages/airflow/example_dags/example_kubernetes_executor.py
[2025-10-06T21:10:38.853+0000] {logging_mixin.py:190} INFO - [2025-10-06T21:10:38.853+0000] {dag.py:3239} INFO - Sync 1 DAGs
[2025-10-06T21:10:38.880+0000] {logging_mixin.py:190} INFO - [2025-10-06T21:10:38.879+0000] {dag.py:4180} INFO - Setting next_dagrun for example_kubernetes_executor to None, run_after=None
[2025-10-06T21:10:38.915+0000] {processor.py:208} INFO - Processing /home/airflow/.local/lib/python3.12/site-packages/airflow/example_dags/example_kubernetes_executor.py took 0.150 seconds
[2025-10-06T21:11:10.024+0000] {processor.py:186} INFO - Started process (PID=2207) to work on /home/airflow/.local/lib/python3.12/site-packages/airflow/example_dags/example_kubernetes_executor.py
[2025-10-06T21:11:10.025+0000] {processor.py:914} INFO - Processing file /home/airflow/.local/lib/python3.12/site-packages/airflow/example_dags/example_kubernetes_executor.py for tasks to queue
[2025-10-06T21:11:10.028+0000] {logging_mixin.py:190} INFO - [2025-10-06T21:11:10.028+0000] {dagbag.py:588} INFO - Filling up the DagBag from /home/airflow/.local/lib/python3.12/site-packages/airflow/example_dags/example_kubernetes_executor.py
[2025-10-06T21:11:10.045+0000] {processor.py:925} INFO - DAG(s) 'example_kubernetes_executor' retrieved from /home/airflow/.local/lib/python3.12/site-packages/airflow/example_dags/example_kubernetes_executor.py
[2025-10-06T21:11:10.087+0000] {logging_mixin.py:190} INFO - [2025-10-06T21:11:10.087+0000] {dag.py:3239} INFO - Sync 1 DAGs
[2025-10-06T21:11:10.108+0000] {logging_mixin.py:190} INFO - [2025-10-06T21:11:10.107+0000] {dag.py:4180} INFO - Setting next_dagrun for example_kubernetes_executor to None, run_after=None
[2025-10-06T21:11:10.131+0000] {processor.py:208} INFO - Processing /home/airflow/.local/lib/python3.12/site-packages/airflow/example_dags/example_kubernetes_executor.py took 0.113 seconds
[2025-10-06T21:11:41.599+0000] {processor.py:186} INFO - Started process (PID=2270) to work on /home/airflow/.local/lib/python3.12/site-packages/airflow/example_dags/example_kubernetes_executor.py
[2025-10-06T21:11:41.601+0000] {processor.py:914} INFO - Processing file /home/airflow/.local/lib/python3.12/site-packages/airflow/example_dags/example_kubernetes_executor.py for tasks to queue
[2025-10-06T21:11:41.604+0000] {logging_mixin.py:190} INFO - [2025-10-06T21:11:41.604+0000] {dagbag.py:588} INFO - Filling up the DagBag from /home/airflow/.local/lib/python3.12/site-packages/airflow/example_dags/example_kubernetes_executor.py
[2025-10-06T21:11:41.625+0000] {processor.py:925} INFO - DAG(s) 'example_kubernetes_executor' retrieved from /home/airflow/.local/lib/python3.12/site-packages/airflow/example_dags/example_kubernetes_executor.py
[2025-10-06T21:11:41.673+0000] {logging_mixin.py:190} INFO - [2025-10-06T21:11:41.672+0000] {dag.py:3239} INFO - Sync 1 DAGs
[2025-10-06T21:11:41.690+0000] {logging_mixin.py:190} INFO - [2025-10-06T21:11:41.690+0000] {dag.py:4180} INFO - Setting next_dagrun for example_kubernetes_executor to None, run_after=None
[2025-10-06T21:11:41.715+0000] {processor.py:208} INFO - Processing /home/airflow/.local/lib/python3.12/site-packages/airflow/example_dags/example_kubernetes_executor.py took 0.123 seconds
[2025-10-06T21:12:13.172+0000] {processor.py:186} INFO - Started process (PID=2333) to work on /home/airflow/.local/lib/python3.12/site-packages/airflow/example_dags/example_kubernetes_executor.py
[2025-10-06T21:12:13.175+0000] {processor.py:914} INFO - Processing file /home/airflow/.local/lib/python3.12/site-packages/airflow/example_dags/example_kubernetes_executor.py for tasks to queue
[2025-10-06T21:12:13.178+0000] {logging_mixin.py:190} INFO - [2025-10-06T21:12:13.177+0000] {dagbag.py:588} INFO - Filling up the DagBag from /home/airflow/.local/lib/python3.12/site-packages/airflow/example_dags/example_kubernetes_executor.py
[2025-10-06T21:12:13.205+0000] {processor.py:925} INFO - DAG(s) 'example_kubernetes_executor' retrieved from /home/airflow/.local/lib/python3.12/site-packages/airflow/example_dags/example_kubernetes_executor.py
[2025-10-06T21:12:13.253+0000] {logging_mixin.py:190} INFO - [2025-10-06T21:12:13.253+0000] {dag.py:3239} INFO - Sync 1 DAGs
[2025-10-06T21:12:13.270+0000] {logging_mixin.py:190} INFO - [2025-10-06T21:12:13.270+0000] {dag.py:4180} INFO - Setting next_dagrun for example_kubernetes_executor to None, run_after=None
[2025-10-06T21:12:13.292+0000] {processor.py:208} INFO - Processing /home/airflow/.local/lib/python3.12/site-packages/airflow/example_dags/example_kubernetes_executor.py took 0.129 seconds
[2025-10-06T21:12:44.703+0000] {processor.py:186} INFO - Started process (PID=2396) to work on /home/airflow/.local/lib/python3.12/site-packages/airflow/example_dags/example_kubernetes_executor.py
[2025-10-06T21:12:44.706+0000] {processor.py:914} INFO - Processing file /home/airflow/.local/lib/python3.12/site-packages/airflow/example_dags/example_kubernetes_executor.py for tasks to queue
[2025-10-06T21:12:44.712+0000] {logging_mixin.py:190} INFO - [2025-10-06T21:12:44.711+0000] {dagbag.py:588} INFO - Filling up the DagBag from /home/airflow/.local/lib/python3.12/site-packages/airflow/example_dags/example_kubernetes_executor.py
[2025-10-06T21:12:44.761+0000] {processor.py:925} INFO - DAG(s) 'example_kubernetes_executor' retrieved from /home/airflow/.local/lib/python3.12/site-packages/airflow/example_dags/example_kubernetes_executor.py
[2025-10-06T21:12:44.841+0000] {logging_mixin.py:190} INFO - [2025-10-06T21:12:44.841+0000] {dag.py:3239} INFO - Sync 1 DAGs
[2025-10-06T21:12:44.876+0000] {logging_mixin.py:190} INFO - [2025-10-06T21:12:44.876+0000] {dag.py:4180} INFO - Setting next_dagrun for example_kubernetes_executor to None, run_after=None
[2025-10-06T21:12:44.924+0000] {processor.py:208} INFO - Processing /home/airflow/.local/lib/python3.12/site-packages/airflow/example_dags/example_kubernetes_executor.py took 0.234 seconds
[2025-10-06T21:13:15.842+0000] {processor.py:186} INFO - Started process (PID=2459) to work on /home/airflow/.local/lib/python3.12/site-packages/airflow/example_dags/example_kubernetes_executor.py
[2025-10-06T21:13:15.843+0000] {processor.py:914} INFO - Processing file /home/airflow/.local/lib/python3.12/site-packages/airflow/example_dags/example_kubernetes_executor.py for tasks to queue
[2025-10-06T21:13:15.845+0000] {logging_mixin.py:190} INFO - [2025-10-06T21:13:15.845+0000] {dagbag.py:588} INFO - Filling up the DagBag from /home/airflow/.local/lib/python3.12/site-packages/airflow/example_dags/example_kubernetes_executor.py
[2025-10-06T21:13:15.868+0000] {processor.py:925} INFO - DAG(s) 'example_kubernetes_executor' retrieved from /home/airflow/.local/lib/python3.12/site-packages/airflow/example_dags/example_kubernetes_executor.py
[2025-10-06T21:13:15.918+0000] {logging_mixin.py:190} INFO - [2025-10-06T21:13:15.917+0000] {dag.py:3239} INFO - Sync 1 DAGs
[2025-10-06T21:13:15.939+0000] {logging_mixin.py:190} INFO - [2025-10-06T21:13:15.939+0000] {dag.py:4180} INFO - Setting next_dagrun for example_kubernetes_executor to None, run_after=None
[2025-10-06T21:13:15.971+0000] {processor.py:208} INFO - Processing /home/airflow/.local/lib/python3.12/site-packages/airflow/example_dags/example_kubernetes_executor.py took 0.136 seconds
[2025-10-06T21:13:47.457+0000] {processor.py:186} INFO - Started process (PID=2522) to work on /home/airflow/.local/lib/python3.12/site-packages/airflow/example_dags/example_kubernetes_executor.py
[2025-10-06T21:13:47.458+0000] {processor.py:914} INFO - Processing file /home/airflow/.local/lib/python3.12/site-packages/airflow/example_dags/example_kubernetes_executor.py for tasks to queue
[2025-10-06T21:13:47.462+0000] {logging_mixin.py:190} INFO - [2025-10-06T21:13:47.461+0000] {dagbag.py:588} INFO - Filling up the DagBag from /home/airflow/.local/lib/python3.12/site-packages/airflow/example_dags/example_kubernetes_executor.py
[2025-10-06T21:13:47.479+0000] {processor.py:925} INFO - DAG(s) 'example_kubernetes_executor' retrieved from /home/airflow/.local/lib/python3.12/site-packages/airflow/example_dags/example_kubernetes_executor.py
[2025-10-06T21:13:47.525+0000] {logging_mixin.py:190} INFO - [2025-10-06T21:13:47.525+0000] {dag.py:3239} INFO - Sync 1 DAGs
[2025-10-06T21:13:47.541+0000] {logging_mixin.py:190} INFO - [2025-10-06T21:13:47.540+0000] {dag.py:4180} INFO - Setting next_dagrun for example_kubernetes_executor to None, run_after=None
[2025-10-06T21:13:47.561+0000] {processor.py:208} INFO - Processing /home/airflow/.local/lib/python3.12/site-packages/airflow/example_dags/example_kubernetes_executor.py took 0.110 seconds
[2025-10-06T21:14:18.890+0000] {processor.py:186} INFO - Started process (PID=2585) to work on /home/airflow/.local/lib/python3.12/site-packages/airflow/example_dags/example_kubernetes_executor.py
[2025-10-06T21:14:18.891+0000] {processor.py:914} INFO - Processing file /home/airflow/.local/lib/python3.12/site-packages/airflow/example_dags/example_kubernetes_executor.py for tasks to queue
[2025-10-06T21:14:18.896+0000] {logging_mixin.py:190} INFO - [2025-10-06T21:14:18.895+0000] {dagbag.py:588} INFO - Filling up the DagBag from /home/airflow/.local/lib/python3.12/site-packages/airflow/example_dags/example_kubernetes_executor.py
[2025-10-06T21:14:18.913+0000] {processor.py:925} INFO - DAG(s) 'example_kubernetes_executor' retrieved from /home/airflow/.local/lib/python3.12/site-packages/airflow/example_dags/example_kubernetes_executor.py
[2025-10-06T21:14:18.952+0000] {logging_mixin.py:190} INFO - [2025-10-06T21:14:18.952+0000] {dag.py:3239} INFO - Sync 1 DAGs
[2025-10-06T21:14:18.970+0000] {logging_mixin.py:190} INFO - [2025-10-06T21:14:18.969+0000] {dag.py:4180} INFO - Setting next_dagrun for example_kubernetes_executor to None, run_after=None
[2025-10-06T21:14:18.991+0000] {processor.py:208} INFO - Processing /home/airflow/.local/lib/python3.12/site-packages/airflow/example_dags/example_kubernetes_executor.py took 0.108 seconds
[2025-10-06T21:14:49.431+0000] {processor.py:186} INFO - Started process (PID=2648) to work on /home/airflow/.local/lib/python3.12/site-packages/airflow/example_dags/example_kubernetes_executor.py
[2025-10-06T21:14:49.433+0000] {processor.py:914} INFO - Processing file /home/airflow/.local/lib/python3.12/site-packages/airflow/example_dags/example_kubernetes_executor.py for tasks to queue
[2025-10-06T21:14:50.480+0000] {logging_mixin.py:190} INFO - [2025-10-06T21:14:49.437+0000] {dagbag.py:588} INFO - Filling up the DagBag from /home/airflow/.local/lib/python3.12/site-packages/airflow/example_dags/example_kubernetes_executor.py
[2025-10-06T21:14:50.510+0000] {processor.py:925} INFO - DAG(s) 'example_kubernetes_executor' retrieved from /home/airflow/.local/lib/python3.12/site-packages/airflow/example_dags/example_kubernetes_executor.py
[2025-10-06T21:14:50.584+0000] {logging_mixin.py:190} INFO - [2025-10-06T21:14:50.584+0000] {dag.py:3239} INFO - Sync 1 DAGs
[2025-10-06T21:14:50.626+0000] {logging_mixin.py:190} INFO - [2025-10-06T21:14:50.625+0000] {dag.py:4180} INFO - Setting next_dagrun for example_kubernetes_executor to None, run_after=None
[2025-10-06T21:14:50.667+0000] {processor.py:208} INFO - Processing /home/airflow/.local/lib/python3.12/site-packages/airflow/example_dags/example_kubernetes_executor.py took 0.206 seconds
[2025-10-06T21:15:21.384+0000] {processor.py:186} INFO - Started process (PID=2711) to work on /home/airflow/.local/lib/python3.12/site-packages/airflow/example_dags/example_kubernetes_executor.py
[2025-10-06T21:15:21.385+0000] {processor.py:914} INFO - Processing file /home/airflow/.local/lib/python3.12/site-packages/airflow/example_dags/example_kubernetes_executor.py for tasks to queue
[2025-10-06T21:15:21.389+0000] {logging_mixin.py:190} INFO - [2025-10-06T21:15:21.388+0000] {dagbag.py:588} INFO - Filling up the DagBag from /home/airflow/.local/lib/python3.12/site-packages/airflow/example_dags/example_kubernetes_executor.py
[2025-10-06T21:15:21.412+0000] {processor.py:925} INFO - DAG(s) 'example_kubernetes_executor' retrieved from /home/airflow/.local/lib/python3.12/site-packages/airflow/example_dags/example_kubernetes_executor.py
[2025-10-06T21:15:21.460+0000] {logging_mixin.py:190} INFO - [2025-10-06T21:15:21.459+0000] {dag.py:3239} INFO - Sync 1 DAGs
[2025-10-06T21:15:21.476+0000] {logging_mixin.py:190} INFO - [2025-10-06T21:15:21.476+0000] {dag.py:4180} INFO - Setting next_dagrun for example_kubernetes_executor to None, run_after=None
[2025-10-06T21:15:21.501+0000] {processor.py:208} INFO - Processing /home/airflow/.local/lib/python3.12/site-packages/airflow/example_dags/example_kubernetes_executor.py took 0.125 seconds
[2025-10-06T21:15:51.629+0000] {processor.py:186} INFO - Started process (PID=2774) to work on /home/airflow/.local/lib/python3.12/site-packages/airflow/example_dags/example_kubernetes_executor.py
[2025-10-06T21:15:51.631+0000] {processor.py:914} INFO - Processing file /home/airflow/.local/lib/python3.12/site-packages/airflow/example_dags/example_kubernetes_executor.py for tasks to queue
[2025-10-06T21:15:51.636+0000] {logging_mixin.py:190} INFO - [2025-10-06T21:15:51.635+0000] {dagbag.py:588} INFO - Filling up the DagBag from /home/airflow/.local/lib/python3.12/site-packages/airflow/example_dags/example_kubernetes_executor.py
[2025-10-06T21:15:51.667+0000] {processor.py:925} INFO - DAG(s) 'example_kubernetes_executor' retrieved from /home/airflow/.local/lib/python3.12/site-packages/airflow/example_dags/example_kubernetes_executor.py
[2025-10-06T21:15:51.714+0000] {logging_mixin.py:190} INFO - [2025-10-06T21:15:51.714+0000] {dag.py:3239} INFO - Sync 1 DAGs
[2025-10-06T21:15:51.731+0000] {logging_mixin.py:190} INFO - [2025-10-06T21:15:51.730+0000] {dag.py:4180} INFO - Setting next_dagrun for example_kubernetes_executor to None, run_after=None
[2025-10-06T21:15:51.753+0000] {processor.py:208} INFO - Processing /home/airflow/.local/lib/python3.12/site-packages/airflow/example_dags/example_kubernetes_executor.py took 0.132 seconds
[2025-10-06T21:16:22.145+0000] {processor.py:186} INFO - Started process (PID=2837) to work on /home/airflow/.local/lib/python3.12/site-packages/airflow/example_dags/example_kubernetes_executor.py
[2025-10-06T21:16:22.146+0000] {processor.py:914} INFO - Processing file /home/airflow/.local/lib/python3.12/site-packages/airflow/example_dags/example_kubernetes_executor.py for tasks to queue
[2025-10-06T21:16:22.149+0000] {logging_mixin.py:190} INFO - [2025-10-06T21:16:22.148+0000] {dagbag.py:588} INFO - Filling up the DagBag from /home/airflow/.local/lib/python3.12/site-packages/airflow/example_dags/example_kubernetes_executor.py
[2025-10-06T21:16:22.163+0000] {processor.py:925} INFO - DAG(s) 'example_kubernetes_executor' retrieved from /home/airflow/.local/lib/python3.12/site-packages/airflow/example_dags/example_kubernetes_executor.py
[2025-10-06T21:16:22.200+0000] {logging_mixin.py:190} INFO - [2025-10-06T21:16:22.199+0000] {dag.py:3239} INFO - Sync 1 DAGs
[2025-10-06T21:16:22.215+0000] {logging_mixin.py:190} INFO - [2025-10-06T21:16:22.214+0000] {dag.py:4180} INFO - Setting next_dagrun for example_kubernetes_executor to None, run_after=None
[2025-10-06T21:16:22.237+0000] {processor.py:208} INFO - Processing /home/airflow/.local/lib/python3.12/site-packages/airflow/example_dags/example_kubernetes_executor.py took 0.098 seconds
[2025-10-06T21:16:52.910+0000] {processor.py:186} INFO - Started process (PID=2900) to work on /home/airflow/.local/lib/python3.12/site-packages/airflow/example_dags/example_kubernetes_executor.py
[2025-10-06T21:16:52.911+0000] {processor.py:914} INFO - Processing file /home/airflow/.local/lib/python3.12/site-packages/airflow/example_dags/example_kubernetes_executor.py for tasks to queue
[2025-10-06T21:16:52.915+0000] {logging_mixin.py:190} INFO - [2025-10-06T21:16:52.915+0000] {dagbag.py:588} INFO - Filling up the DagBag from /home/airflow/.local/lib/python3.12/site-packages/airflow/example_dags/example_kubernetes_executor.py
[2025-10-06T21:16:52.937+0000] {processor.py:925} INFO - DAG(s) 'example_kubernetes_executor' retrieved from /home/airflow/.local/lib/python3.12/site-packages/airflow/example_dags/example_kubernetes_executor.py
[2025-10-06T21:16:53.013+0000] {logging_mixin.py:190} INFO - [2025-10-06T21:16:53.013+0000] {dag.py:3239} INFO - Sync 1 DAGs
[2025-10-06T21:16:53.374+0000] {logging_mixin.py:190} INFO - [2025-10-06T21:16:53.371+0000] {dag.py:4180} INFO - Setting next_dagrun for example_kubernetes_executor to None, run_after=None
[2025-10-06T21:16:53.412+0000] {processor.py:208} INFO - Processing /home/airflow/.local/lib/python3.12/site-packages/airflow/example_dags/example_kubernetes_executor.py took 0.516 seconds
[2025-10-06T21:17:23.645+0000] {processor.py:186} INFO - Started process (PID=2963) to work on /home/airflow/.local/lib/python3.12/site-packages/airflow/example_dags/example_kubernetes_executor.py
[2025-10-06T21:17:23.647+0000] {processor.py:914} INFO - Processing file /home/airflow/.local/lib/python3.12/site-packages/airflow/example_dags/example_kubernetes_executor.py for tasks to queue
[2025-10-06T21:17:23.650+0000] {logging_mixin.py:190} INFO - [2025-10-06T21:17:23.649+0000] {dagbag.py:588} INFO - Filling up the DagBag from /home/airflow/.local/lib/python3.12/site-packages/airflow/example_dags/example_kubernetes_executor.py
[2025-10-06T21:17:23.668+0000] {processor.py:925} INFO - DAG(s) 'example_kubernetes_executor' retrieved from /home/airflow/.local/lib/python3.12/site-packages/airflow/example_dags/example_kubernetes_executor.py
[2025-10-06T21:17:23.717+0000] {logging_mixin.py:190} INFO - [2025-10-06T21:17:23.717+0000] {dag.py:3239} INFO - Sync 1 DAGs
[2025-10-06T21:17:23.739+0000] {logging_mixin.py:190} INFO - [2025-10-06T21:17:23.739+0000] {dag.py:4180} INFO - Setting next_dagrun for example_kubernetes_executor to None, run_after=None
[2025-10-06T21:17:23.763+0000] {processor.py:208} INFO - Processing /home/airflow/.local/lib/python3.12/site-packages/airflow/example_dags/example_kubernetes_executor.py took 0.124 seconds
[2025-10-06T21:17:54.035+0000] {processor.py:186} INFO - Started process (PID=3027) to work on /home/airflow/.local/lib/python3.12/site-packages/airflow/example_dags/example_kubernetes_executor.py
[2025-10-06T21:17:54.037+0000] {processor.py:914} INFO - Processing file /home/airflow/.local/lib/python3.12/site-packages/airflow/example_dags/example_kubernetes_executor.py for tasks to queue
[2025-10-06T21:17:54.043+0000] {logging_mixin.py:190} INFO - [2025-10-06T21:17:54.042+0000] {dagbag.py:588} INFO - Filling up the DagBag from /home/airflow/.local/lib/python3.12/site-packages/airflow/example_dags/example_kubernetes_executor.py
[2025-10-06T21:17:54.085+0000] {processor.py:925} INFO - DAG(s) 'example_kubernetes_executor' retrieved from /home/airflow/.local/lib/python3.12/site-packages/airflow/example_dags/example_kubernetes_executor.py
[2025-10-06T21:17:54.200+0000] {logging_mixin.py:190} INFO - [2025-10-06T21:17:54.200+0000] {dag.py:3239} INFO - Sync 1 DAGs
[2025-10-06T21:17:54.253+0000] {logging_mixin.py:190} INFO - [2025-10-06T21:17:54.252+0000] {dag.py:4180} INFO - Setting next_dagrun for example_kubernetes_executor to None, run_after=None
[2025-10-06T21:17:54.312+0000] {processor.py:208} INFO - Processing /home/airflow/.local/lib/python3.12/site-packages/airflow/example_dags/example_kubernetes_executor.py took 0.291 seconds
[2025-10-06T21:18:24.468+0000] {processor.py:186} INFO - Started process (PID=3090) to work on /home/airflow/.local/lib/python3.12/site-packages/airflow/example_dags/example_kubernetes_executor.py
[2025-10-06T21:18:24.469+0000] {processor.py:914} INFO - Processing file /home/airflow/.local/lib/python3.12/site-packages/airflow/example_dags/example_kubernetes_executor.py for tasks to queue
[2025-10-06T21:18:24.472+0000] {logging_mixin.py:190} INFO - [2025-10-06T21:18:24.472+0000] {dagbag.py:588} INFO - Filling up the DagBag from /home/airflow/.local/lib/python3.12/site-packages/airflow/example_dags/example_kubernetes_executor.py
[2025-10-06T21:18:24.488+0000] {processor.py:925} INFO - DAG(s) 'example_kubernetes_executor' retrieved from /home/airflow/.local/lib/python3.12/site-packages/airflow/example_dags/example_kubernetes_executor.py
[2025-10-06T21:18:24.767+0000] {logging_mixin.py:190} INFO - [2025-10-06T21:18:24.766+0000] {dag.py:3239} INFO - Sync 1 DAGs
[2025-10-06T21:18:24.781+0000] {logging_mixin.py:190} INFO - [2025-10-06T21:18:24.781+0000] {dag.py:4180} INFO - Setting next_dagrun for example_kubernetes_executor to None, run_after=None
[2025-10-06T21:18:24.809+0000] {processor.py:208} INFO - Processing /home/airflow/.local/lib/python3.12/site-packages/airflow/example_dags/example_kubernetes_executor.py took 0.349 seconds
[2025-10-06T21:20:16.792+0000] {processor.py:186} INFO - Started process (PID=3143) to work on /home/airflow/.local/lib/python3.12/site-packages/airflow/example_dags/example_kubernetes_executor.py
[2025-10-06T21:20:16.794+0000] {processor.py:914} INFO - Processing file /home/airflow/.local/lib/python3.12/site-packages/airflow/example_dags/example_kubernetes_executor.py for tasks to queue
[2025-10-06T21:20:16.796+0000] {logging_mixin.py:190} INFO - [2025-10-06T21:20:16.796+0000] {dagbag.py:588} INFO - Filling up the DagBag from /home/airflow/.local/lib/python3.12/site-packages/airflow/example_dags/example_kubernetes_executor.py
[2025-10-06T21:20:16.821+0000] {processor.py:925} INFO - DAG(s) 'example_kubernetes_executor' retrieved from /home/airflow/.local/lib/python3.12/site-packages/airflow/example_dags/example_kubernetes_executor.py
[2025-10-06T21:20:16.871+0000] {logging_mixin.py:190} INFO - [2025-10-06T21:20:16.871+0000] {dag.py:3239} INFO - Sync 1 DAGs
[2025-10-06T21:20:16.895+0000] {logging_mixin.py:190} INFO - [2025-10-06T21:20:16.894+0000] {dag.py:4180} INFO - Setting next_dagrun for example_kubernetes_executor to None, run_after=None
[2025-10-06T21:20:16.924+0000] {processor.py:208} INFO - Processing /home/airflow/.local/lib/python3.12/site-packages/airflow/example_dags/example_kubernetes_executor.py took 0.143 seconds
[2025-10-06T21:20:48.079+0000] {processor.py:186} INFO - Started process (PID=3204) to work on /home/airflow/.local/lib/python3.12/site-packages/airflow/example_dags/example_kubernetes_executor.py
[2025-10-06T21:20:48.081+0000] {processor.py:914} INFO - Processing file /home/airflow/.local/lib/python3.12/site-packages/airflow/example_dags/example_kubernetes_executor.py for tasks to queue
[2025-10-06T21:20:48.083+0000] {logging_mixin.py:190} INFO - [2025-10-06T21:20:48.083+0000] {dagbag.py:588} INFO - Filling up the DagBag from /home/airflow/.local/lib/python3.12/site-packages/airflow/example_dags/example_kubernetes_executor.py
[2025-10-06T21:20:48.107+0000] {processor.py:925} INFO - DAG(s) 'example_kubernetes_executor' retrieved from /home/airflow/.local/lib/python3.12/site-packages/airflow/example_dags/example_kubernetes_executor.py
[2025-10-06T21:20:48.168+0000] {logging_mixin.py:190} INFO - [2025-10-06T21:20:48.167+0000] {dag.py:3239} INFO - Sync 1 DAGs
[2025-10-06T21:20:48.194+0000] {logging_mixin.py:190} INFO - [2025-10-06T21:20:48.194+0000] {dag.py:4180} INFO - Setting next_dagrun for example_kubernetes_executor to None, run_after=None
[2025-10-06T21:20:48.233+0000] {processor.py:208} INFO - Processing /home/airflow/.local/lib/python3.12/site-packages/airflow/example_dags/example_kubernetes_executor.py took 0.163 seconds
[2025-10-06T21:21:18.665+0000] {processor.py:186} INFO - Started process (PID=3265) to work on /home/airflow/.local/lib/python3.12/site-packages/airflow/example_dags/example_kubernetes_executor.py
[2025-10-06T21:21:18.667+0000] {processor.py:914} INFO - Processing file /home/airflow/.local/lib/python3.12/site-packages/airflow/example_dags/example_kubernetes_executor.py for tasks to queue
[2025-10-06T21:21:18.669+0000] {logging_mixin.py:190} INFO - [2025-10-06T21:21:18.669+0000] {dagbag.py:588} INFO - Filling up the DagBag from /home/airflow/.local/lib/python3.12/site-packages/airflow/example_dags/example_kubernetes_executor.py
[2025-10-06T21:21:18.694+0000] {processor.py:925} INFO - DAG(s) 'example_kubernetes_executor' retrieved from /home/airflow/.local/lib/python3.12/site-packages/airflow/example_dags/example_kubernetes_executor.py
[2025-10-06T21:21:18.740+0000] {logging_mixin.py:190} INFO - [2025-10-06T21:21:18.740+0000] {dag.py:3239} INFO - Sync 1 DAGs
[2025-10-06T21:21:18.758+0000] {logging_mixin.py:190} INFO - [2025-10-06T21:21:18.757+0000] {dag.py:4180} INFO - Setting next_dagrun for example_kubernetes_executor to None, run_after=None
[2025-10-06T21:21:18.825+0000] {processor.py:208} INFO - Processing /home/airflow/.local/lib/python3.12/site-packages/airflow/example_dags/example_kubernetes_executor.py took 0.174 seconds
[2025-10-06T21:21:49.218+0000] {processor.py:186} INFO - Started process (PID=3322) to work on /home/airflow/.local/lib/python3.12/site-packages/airflow/example_dags/example_kubernetes_executor.py
[2025-10-06T21:21:49.219+0000] {processor.py:914} INFO - Processing file /home/airflow/.local/lib/python3.12/site-packages/airflow/example_dags/example_kubernetes_executor.py for tasks to queue
[2025-10-06T21:21:49.220+0000] {logging_mixin.py:190} INFO - [2025-10-06T21:21:49.220+0000] {dagbag.py:588} INFO - Filling up the DagBag from /home/airflow/.local/lib/python3.12/site-packages/airflow/example_dags/example_kubernetes_executor.py
[2025-10-06T21:21:49.236+0000] {processor.py:925} INFO - DAG(s) 'example_kubernetes_executor' retrieved from /home/airflow/.local/lib/python3.12/site-packages/airflow/example_dags/example_kubernetes_executor.py
[2025-10-06T21:21:49.275+0000] {logging_mixin.py:190} INFO - [2025-10-06T21:21:49.275+0000] {dag.py:3239} INFO - Sync 1 DAGs
[2025-10-06T21:21:49.293+0000] {logging_mixin.py:190} INFO - [2025-10-06T21:21:49.292+0000] {dag.py:4180} INFO - Setting next_dagrun for example_kubernetes_executor to None, run_after=None
[2025-10-06T21:21:49.317+0000] {processor.py:208} INFO - Processing /home/airflow/.local/lib/python3.12/site-packages/airflow/example_dags/example_kubernetes_executor.py took 0.107 seconds
[2025-10-06T21:22:20.618+0000] {processor.py:186} INFO - Started process (PID=3381) to work on /home/airflow/.local/lib/python3.12/site-packages/airflow/example_dags/example_kubernetes_executor.py
[2025-10-06T21:22:20.619+0000] {processor.py:914} INFO - Processing file /home/airflow/.local/lib/python3.12/site-packages/airflow/example_dags/example_kubernetes_executor.py for tasks to queue
[2025-10-06T21:22:20.621+0000] {logging_mixin.py:190} INFO - [2025-10-06T21:22:20.620+0000] {dagbag.py:588} INFO - Filling up the DagBag from /home/airflow/.local/lib/python3.12/site-packages/airflow/example_dags/example_kubernetes_executor.py
[2025-10-06T21:22:20.638+0000] {processor.py:925} INFO - DAG(s) 'example_kubernetes_executor' retrieved from /home/airflow/.local/lib/python3.12/site-packages/airflow/example_dags/example_kubernetes_executor.py
[2025-10-06T21:22:20.715+0000] {logging_mixin.py:190} INFO - [2025-10-06T21:22:20.715+0000] {dag.py:3239} INFO - Sync 1 DAGs
[2025-10-06T21:22:20.737+0000] {logging_mixin.py:190} INFO - [2025-10-06T21:22:20.737+0000] {dag.py:4180} INFO - Setting next_dagrun for example_kubernetes_executor to None, run_after=None
[2025-10-06T21:22:20.764+0000] {processor.py:208} INFO - Processing /home/airflow/.local/lib/python3.12/site-packages/airflow/example_dags/example_kubernetes_executor.py took 0.152 seconds
[2025-10-06T21:22:52.222+0000] {processor.py:186} INFO - Started process (PID=3445) to work on /home/airflow/.local/lib/python3.12/site-packages/airflow/example_dags/example_kubernetes_executor.py
[2025-10-06T21:22:52.223+0000] {processor.py:914} INFO - Processing file /home/airflow/.local/lib/python3.12/site-packages/airflow/example_dags/example_kubernetes_executor.py for tasks to queue
[2025-10-06T21:22:52.225+0000] {logging_mixin.py:190} INFO - [2025-10-06T21:22:52.225+0000] {dagbag.py:588} INFO - Filling up the DagBag from /home/airflow/.local/lib/python3.12/site-packages/airflow/example_dags/example_kubernetes_executor.py
[2025-10-06T21:22:52.242+0000] {processor.py:925} INFO - DAG(s) 'example_kubernetes_executor' retrieved from /home/airflow/.local/lib/python3.12/site-packages/airflow/example_dags/example_kubernetes_executor.py
[2025-10-06T21:22:52.282+0000] {logging_mixin.py:190} INFO - [2025-10-06T21:22:52.282+0000] {dag.py:3239} INFO - Sync 1 DAGs
[2025-10-06T21:22:52.299+0000] {logging_mixin.py:190} INFO - [2025-10-06T21:22:52.298+0000] {dag.py:4180} INFO - Setting next_dagrun for example_kubernetes_executor to None, run_after=None
[2025-10-06T21:22:52.327+0000] {processor.py:208} INFO - Processing /home/airflow/.local/lib/python3.12/site-packages/airflow/example_dags/example_kubernetes_executor.py took 0.113 seconds
[2025-10-06T21:23:23.867+0000] {processor.py:186} INFO - Started process (PID=3509) to work on /home/airflow/.local/lib/python3.12/site-packages/airflow/example_dags/example_kubernetes_executor.py
[2025-10-06T21:23:23.868+0000] {processor.py:914} INFO - Processing file /home/airflow/.local/lib/python3.12/site-packages/airflow/example_dags/example_kubernetes_executor.py for tasks to queue
[2025-10-06T21:23:23.869+0000] {logging_mixin.py:190} INFO - [2025-10-06T21:23:23.869+0000] {dagbag.py:588} INFO - Filling up the DagBag from /home/airflow/.local/lib/python3.12/site-packages/airflow/example_dags/example_kubernetes_executor.py
[2025-10-06T21:23:23.885+0000] {processor.py:925} INFO - DAG(s) 'example_kubernetes_executor' retrieved from /home/airflow/.local/lib/python3.12/site-packages/airflow/example_dags/example_kubernetes_executor.py
[2025-10-06T21:23:23.958+0000] {logging_mixin.py:190} INFO - [2025-10-06T21:23:23.958+0000] {dag.py:3239} INFO - Sync 1 DAGs
[2025-10-06T21:23:23.982+0000] {logging_mixin.py:190} INFO - [2025-10-06T21:23:23.981+0000] {dag.py:4180} INFO - Setting next_dagrun for example_kubernetes_executor to None, run_after=None
[2025-10-06T21:23:24.011+0000] {processor.py:208} INFO - Processing /home/airflow/.local/lib/python3.12/site-packages/airflow/example_dags/example_kubernetes_executor.py took 0.152 seconds
[2025-10-06T21:23:55.157+0000] {processor.py:186} INFO - Started process (PID=3572) to work on /home/airflow/.local/lib/python3.12/site-packages/airflow/example_dags/example_kubernetes_executor.py
[2025-10-06T21:23:55.158+0000] {processor.py:914} INFO - Processing file /home/airflow/.local/lib/python3.12/site-packages/airflow/example_dags/example_kubernetes_executor.py for tasks to queue
[2025-10-06T21:23:55.160+0000] {logging_mixin.py:190} INFO - [2025-10-06T21:23:55.160+0000] {dagbag.py:588} INFO - Filling up the DagBag from /home/airflow/.local/lib/python3.12/site-packages/airflow/example_dags/example_kubernetes_executor.py
[2025-10-06T21:23:55.175+0000] {processor.py:925} INFO - DAG(s) 'example_kubernetes_executor' retrieved from /home/airflow/.local/lib/python3.12/site-packages/airflow/example_dags/example_kubernetes_executor.py
[2025-10-06T21:23:55.212+0000] {logging_mixin.py:190} INFO - [2025-10-06T21:23:55.212+0000] {dag.py:3239} INFO - Sync 1 DAGs
[2025-10-06T21:23:55.230+0000] {logging_mixin.py:190} INFO - [2025-10-06T21:23:55.230+0000] {dag.py:4180} INFO - Setting next_dagrun for example_kubernetes_executor to None, run_after=None
[2025-10-06T21:23:55.259+0000] {processor.py:208} INFO - Processing /home/airflow/.local/lib/python3.12/site-packages/airflow/example_dags/example_kubernetes_executor.py took 0.108 seconds
[2025-10-06T21:24:26.419+0000] {processor.py:186} INFO - Started process (PID=3635) to work on /home/airflow/.local/lib/python3.12/site-packages/airflow/example_dags/example_kubernetes_executor.py
[2025-10-06T21:24:26.421+0000] {processor.py:914} INFO - Processing file /home/airflow/.local/lib/python3.12/site-packages/airflow/example_dags/example_kubernetes_executor.py for tasks to queue
[2025-10-06T21:24:26.423+0000] {logging_mixin.py:190} INFO - [2025-10-06T21:24:26.423+0000] {dagbag.py:588} INFO - Filling up the DagBag from /home/airflow/.local/lib/python3.12/site-packages/airflow/example_dags/example_kubernetes_executor.py
[2025-10-06T21:24:26.458+0000] {processor.py:925} INFO - DAG(s) 'example_kubernetes_executor' retrieved from /home/airflow/.local/lib/python3.12/site-packages/airflow/example_dags/example_kubernetes_executor.py
[2025-10-06T21:24:26.542+0000] {logging_mixin.py:190} INFO - [2025-10-06T21:24:26.542+0000] {dag.py:3239} INFO - Sync 1 DAGs
[2025-10-06T21:24:26.567+0000] {logging_mixin.py:190} INFO - [2025-10-06T21:24:26.567+0000] {dag.py:4180} INFO - Setting next_dagrun for example_kubernetes_executor to None, run_after=None
[2025-10-06T21:24:26.597+0000] {processor.py:208} INFO - Processing /home/airflow/.local/lib/python3.12/site-packages/airflow/example_dags/example_kubernetes_executor.py took 0.188 seconds
[2025-10-06T21:24:58.464+0000] {processor.py:186} INFO - Started process (PID=3698) to work on /home/airflow/.local/lib/python3.12/site-packages/airflow/example_dags/example_kubernetes_executor.py
[2025-10-06T21:24:58.465+0000] {processor.py:914} INFO - Processing file /home/airflow/.local/lib/python3.12/site-packages/airflow/example_dags/example_kubernetes_executor.py for tasks to queue
[2025-10-06T21:24:58.467+0000] {logging_mixin.py:190} INFO - [2025-10-06T21:24:58.467+0000] {dagbag.py:588} INFO - Filling up the DagBag from /home/airflow/.local/lib/python3.12/site-packages/airflow/example_dags/example_kubernetes_executor.py
[2025-10-06T21:24:58.487+0000] {processor.py:925} INFO - DAG(s) 'example_kubernetes_executor' retrieved from /home/airflow/.local/lib/python3.12/site-packages/airflow/example_dags/example_kubernetes_executor.py
[2025-10-06T21:24:58.532+0000] {logging_mixin.py:190} INFO - [2025-10-06T21:24:58.531+0000] {dag.py:3239} INFO - Sync 1 DAGs
[2025-10-06T21:24:58.555+0000] {logging_mixin.py:190} INFO - [2025-10-06T21:24:58.555+0000] {dag.py:4180} INFO - Setting next_dagrun for example_kubernetes_executor to None, run_after=None
[2025-10-06T21:24:58.584+0000] {processor.py:208} INFO - Processing /home/airflow/.local/lib/python3.12/site-packages/airflow/example_dags/example_kubernetes_executor.py took 0.127 seconds
[2025-10-06T21:25:30.284+0000] {processor.py:186} INFO - Started process (PID=3761) to work on /home/airflow/.local/lib/python3.12/site-packages/airflow/example_dags/example_kubernetes_executor.py
[2025-10-06T21:25:30.284+0000] {processor.py:914} INFO - Processing file /home/airflow/.local/lib/python3.12/site-packages/airflow/example_dags/example_kubernetes_executor.py for tasks to queue
[2025-10-06T21:25:30.286+0000] {logging_mixin.py:190} INFO - [2025-10-06T21:25:30.285+0000] {dagbag.py:588} INFO - Filling up the DagBag from /home/airflow/.local/lib/python3.12/site-packages/airflow/example_dags/example_kubernetes_executor.py
[2025-10-06T21:25:30.301+0000] {processor.py:925} INFO - DAG(s) 'example_kubernetes_executor' retrieved from /home/airflow/.local/lib/python3.12/site-packages/airflow/example_dags/example_kubernetes_executor.py
[2025-10-06T21:25:30.336+0000] {logging_mixin.py:190} INFO - [2025-10-06T21:25:30.336+0000] {dag.py:3239} INFO - Sync 1 DAGs
[2025-10-06T21:25:30.353+0000] {logging_mixin.py:190} INFO - [2025-10-06T21:25:30.353+0000] {dag.py:4180} INFO - Setting next_dagrun for example_kubernetes_executor to None, run_after=None
[2025-10-06T21:25:30.386+0000] {processor.py:208} INFO - Processing /home/airflow/.local/lib/python3.12/site-packages/airflow/example_dags/example_kubernetes_executor.py took 0.109 seconds
[2025-10-06T21:26:01.617+0000] {processor.py:186} INFO - Started process (PID=3824) to work on /home/airflow/.local/lib/python3.12/site-packages/airflow/example_dags/example_kubernetes_executor.py
[2025-10-06T21:26:01.618+0000] {processor.py:914} INFO - Processing file /home/airflow/.local/lib/python3.12/site-packages/airflow/example_dags/example_kubernetes_executor.py for tasks to queue
[2025-10-06T21:26:01.619+0000] {logging_mixin.py:190} INFO - [2025-10-06T21:26:01.619+0000] {dagbag.py:588} INFO - Filling up the DagBag from /home/airflow/.local/lib/python3.12/site-packages/airflow/example_dags/example_kubernetes_executor.py
[2025-10-06T21:26:01.634+0000] {processor.py:925} INFO - DAG(s) 'example_kubernetes_executor' retrieved from /home/airflow/.local/lib/python3.12/site-packages/airflow/example_dags/example_kubernetes_executor.py
[2025-10-06T21:26:01.669+0000] {logging_mixin.py:190} INFO - [2025-10-06T21:26:01.669+0000] {dag.py:3239} INFO - Sync 1 DAGs
[2025-10-06T21:26:01.688+0000] {logging_mixin.py:190} INFO - [2025-10-06T21:26:01.687+0000] {dag.py:4180} INFO - Setting next_dagrun for example_kubernetes_executor to None, run_after=None
[2025-10-06T21:26:01.710+0000] {processor.py:208} INFO - Processing /home/airflow/.local/lib/python3.12/site-packages/airflow/example_dags/example_kubernetes_executor.py took 0.099 seconds
[2025-10-06T21:26:33.430+0000] {processor.py:186} INFO - Started process (PID=3887) to work on /home/airflow/.local/lib/python3.12/site-packages/airflow/example_dags/example_kubernetes_executor.py
[2025-10-06T21:26:33.431+0000] {processor.py:914} INFO - Processing file /home/airflow/.local/lib/python3.12/site-packages/airflow/example_dags/example_kubernetes_executor.py for tasks to queue
[2025-10-06T21:26:33.433+0000] {logging_mixin.py:190} INFO - [2025-10-06T21:26:33.433+0000] {dagbag.py:588} INFO - Filling up the DagBag from /home/airflow/.local/lib/python3.12/site-packages/airflow/example_dags/example_kubernetes_executor.py
[2025-10-06T21:26:33.462+0000] {processor.py:925} INFO - DAG(s) 'example_kubernetes_executor' retrieved from /home/airflow/.local/lib/python3.12/site-packages/airflow/example_dags/example_kubernetes_executor.py
[2025-10-06T21:26:33.516+0000] {logging_mixin.py:190} INFO - [2025-10-06T21:26:33.516+0000] {dag.py:3239} INFO - Sync 1 DAGs
[2025-10-06T21:26:33.534+0000] {logging_mixin.py:190} INFO - [2025-10-06T21:26:33.534+0000] {dag.py:4180} INFO - Setting next_dagrun for example_kubernetes_executor to None, run_after=None
[2025-10-06T21:26:33.561+0000] {processor.py:208} INFO - Processing /home/airflow/.local/lib/python3.12/site-packages/airflow/example_dags/example_kubernetes_executor.py took 0.142 seconds
[2025-10-06T21:27:04.754+0000] {processor.py:186} INFO - Started process (PID=3950) to work on /home/airflow/.local/lib/python3.12/site-packages/airflow/example_dags/example_kubernetes_executor.py
[2025-10-06T21:27:04.755+0000] {processor.py:914} INFO - Processing file /home/airflow/.local/lib/python3.12/site-packages/airflow/example_dags/example_kubernetes_executor.py for tasks to queue
[2025-10-06T21:27:04.757+0000] {logging_mixin.py:190} INFO - [2025-10-06T21:27:04.756+0000] {dagbag.py:588} INFO - Filling up the DagBag from /home/airflow/.local/lib/python3.12/site-packages/airflow/example_dags/example_kubernetes_executor.py
[2025-10-06T21:27:04.778+0000] {processor.py:925} INFO - DAG(s) 'example_kubernetes_executor' retrieved from /home/airflow/.local/lib/python3.12/site-packages/airflow/example_dags/example_kubernetes_executor.py
[2025-10-06T21:27:04.827+0000] {logging_mixin.py:190} INFO - [2025-10-06T21:27:04.827+0000] {dag.py:3239} INFO - Sync 1 DAGs
[2025-10-06T21:27:04.845+0000] {logging_mixin.py:190} INFO - [2025-10-06T21:27:04.845+0000] {dag.py:4180} INFO - Setting next_dagrun for example_kubernetes_executor to None, run_after=None
[2025-10-06T21:27:04.866+0000] {processor.py:208} INFO - Processing /home/airflow/.local/lib/python3.12/site-packages/airflow/example_dags/example_kubernetes_executor.py took 0.121 seconds
[2025-10-06T21:27:36.987+0000] {processor.py:186} INFO - Started process (PID=4014) to work on /home/airflow/.local/lib/python3.12/site-packages/airflow/example_dags/example_kubernetes_executor.py
[2025-10-06T21:27:36.989+0000] {processor.py:914} INFO - Processing file /home/airflow/.local/lib/python3.12/site-packages/airflow/example_dags/example_kubernetes_executor.py for tasks to queue
[2025-10-06T21:27:36.994+0000] {logging_mixin.py:190} INFO - [2025-10-06T21:27:36.993+0000] {dagbag.py:588} INFO - Filling up the DagBag from /home/airflow/.local/lib/python3.12/site-packages/airflow/example_dags/example_kubernetes_executor.py
[2025-10-06T21:27:37.054+0000] {processor.py:925} INFO - DAG(s) 'example_kubernetes_executor' retrieved from /home/airflow/.local/lib/python3.12/site-packages/airflow/example_dags/example_kubernetes_executor.py
[2025-10-06T21:27:37.154+0000] {logging_mixin.py:190} INFO - [2025-10-06T21:27:37.154+0000] {dag.py:3239} INFO - Sync 1 DAGs
[2025-10-06T21:27:37.196+0000] {logging_mixin.py:190} INFO - [2025-10-06T21:27:37.195+0000] {dag.py:4180} INFO - Setting next_dagrun for example_kubernetes_executor to None, run_after=None
[2025-10-06T21:27:37.242+0000] {processor.py:208} INFO - Processing /home/airflow/.local/lib/python3.12/site-packages/airflow/example_dags/example_kubernetes_executor.py took 0.272 seconds
[2025-10-06T21:28:08.113+0000] {processor.py:186} INFO - Started process (PID=4077) to work on /home/airflow/.local/lib/python3.12/site-packages/airflow/example_dags/example_kubernetes_executor.py
[2025-10-06T21:28:08.114+0000] {processor.py:914} INFO - Processing file /home/airflow/.local/lib/python3.12/site-packages/airflow/example_dags/example_kubernetes_executor.py for tasks to queue
[2025-10-06T21:28:08.115+0000] {logging_mixin.py:190} INFO - [2025-10-06T21:28:08.115+0000] {dagbag.py:588} INFO - Filling up the DagBag from /home/airflow/.local/lib/python3.12/site-packages/airflow/example_dags/example_kubernetes_executor.py
[2025-10-06T21:28:08.131+0000] {processor.py:925} INFO - DAG(s) 'example_kubernetes_executor' retrieved from /home/airflow/.local/lib/python3.12/site-packages/airflow/example_dags/example_kubernetes_executor.py
[2025-10-06T21:28:08.168+0000] {logging_mixin.py:190} INFO - [2025-10-06T21:28:08.168+0000] {dag.py:3239} INFO - Sync 1 DAGs
[2025-10-06T21:28:08.184+0000] {logging_mixin.py:190} INFO - [2025-10-06T21:28:08.184+0000] {dag.py:4180} INFO - Setting next_dagrun for example_kubernetes_executor to None, run_after=None
[2025-10-06T21:28:08.212+0000] {processor.py:208} INFO - Processing /home/airflow/.local/lib/python3.12/site-packages/airflow/example_dags/example_kubernetes_executor.py took 0.107 seconds
[2025-10-06T21:28:39.956+0000] {processor.py:186} INFO - Started process (PID=4140) to work on /home/airflow/.local/lib/python3.12/site-packages/airflow/example_dags/example_kubernetes_executor.py
[2025-10-06T21:28:39.957+0000] {processor.py:914} INFO - Processing file /home/airflow/.local/lib/python3.12/site-packages/airflow/example_dags/example_kubernetes_executor.py for tasks to queue
[2025-10-06T21:28:39.959+0000] {logging_mixin.py:190} INFO - [2025-10-06T21:28:39.959+0000] {dagbag.py:588} INFO - Filling up the DagBag from /home/airflow/.local/lib/python3.12/site-packages/airflow/example_dags/example_kubernetes_executor.py
[2025-10-06T21:28:39.984+0000] {processor.py:925} INFO - DAG(s) 'example_kubernetes_executor' retrieved from /home/airflow/.local/lib/python3.12/site-packages/airflow/example_dags/example_kubernetes_executor.py
[2025-10-06T21:28:40.036+0000] {logging_mixin.py:190} INFO - [2025-10-06T21:28:40.036+0000] {dag.py:3239} INFO - Sync 1 DAGs
[2025-10-06T21:28:40.054+0000] {logging_mixin.py:190} INFO - [2025-10-06T21:28:40.054+0000] {dag.py:4180} INFO - Setting next_dagrun for example_kubernetes_executor to None, run_after=None
[2025-10-06T21:28:40.082+0000] {processor.py:208} INFO - Processing /home/airflow/.local/lib/python3.12/site-packages/airflow/example_dags/example_kubernetes_executor.py took 0.134 seconds
[2025-10-06T21:29:10.863+0000] {processor.py:186} INFO - Started process (PID=4203) to work on /home/airflow/.local/lib/python3.12/site-packages/airflow/example_dags/example_kubernetes_executor.py
[2025-10-06T21:29:10.865+0000] {processor.py:914} INFO - Processing file /home/airflow/.local/lib/python3.12/site-packages/airflow/example_dags/example_kubernetes_executor.py for tasks to queue
[2025-10-06T21:29:10.870+0000] {logging_mixin.py:190} INFO - [2025-10-06T21:29:10.870+0000] {dagbag.py:588} INFO - Filling up the DagBag from /home/airflow/.local/lib/python3.12/site-packages/airflow/example_dags/example_kubernetes_executor.py
[2025-10-06T21:29:10.888+0000] {processor.py:925} INFO - DAG(s) 'example_kubernetes_executor' retrieved from /home/airflow/.local/lib/python3.12/site-packages/airflow/example_dags/example_kubernetes_executor.py
[2025-10-06T21:29:10.939+0000] {logging_mixin.py:190} INFO - [2025-10-06T21:29:10.938+0000] {dag.py:3239} INFO - Sync 1 DAGs
[2025-10-06T21:29:10.960+0000] {logging_mixin.py:190} INFO - [2025-10-06T21:29:10.960+0000] {dag.py:4180} INFO - Setting next_dagrun for example_kubernetes_executor to None, run_after=None
[2025-10-06T21:29:10.984+0000] {processor.py:208} INFO - Processing /home/airflow/.local/lib/python3.12/site-packages/airflow/example_dags/example_kubernetes_executor.py took 0.128 seconds
[2025-10-06T21:29:42.642+0000] {processor.py:186} INFO - Started process (PID=4266) to work on /home/airflow/.local/lib/python3.12/site-packages/airflow/example_dags/example_kubernetes_executor.py
[2025-10-06T21:29:42.643+0000] {processor.py:914} INFO - Processing file /home/airflow/.local/lib/python3.12/site-packages/airflow/example_dags/example_kubernetes_executor.py for tasks to queue
[2025-10-06T21:29:42.645+0000] {logging_mixin.py:190} INFO - [2025-10-06T21:29:42.644+0000] {dagbag.py:588} INFO - Filling up the DagBag from /home/airflow/.local/lib/python3.12/site-packages/airflow/example_dags/example_kubernetes_executor.py
[2025-10-06T21:29:42.661+0000] {processor.py:925} INFO - DAG(s) 'example_kubernetes_executor' retrieved from /home/airflow/.local/lib/python3.12/site-packages/airflow/example_dags/example_kubernetes_executor.py
[2025-10-06T21:29:42.700+0000] {logging_mixin.py:190} INFO - [2025-10-06T21:29:42.700+0000] {dag.py:3239} INFO - Sync 1 DAGs
[2025-10-06T21:29:42.720+0000] {logging_mixin.py:190} INFO - [2025-10-06T21:29:42.719+0000] {dag.py:4180} INFO - Setting next_dagrun for example_kubernetes_executor to None, run_after=None
[2025-10-06T21:29:42.743+0000] {processor.py:208} INFO - Processing /home/airflow/.local/lib/python3.12/site-packages/airflow/example_dags/example_kubernetes_executor.py took 0.108 seconds
[2025-10-06T21:30:14.413+0000] {processor.py:186} INFO - Started process (PID=4329) to work on /home/airflow/.local/lib/python3.12/site-packages/airflow/example_dags/example_kubernetes_executor.py
[2025-10-06T21:30:14.415+0000] {processor.py:914} INFO - Processing file /home/airflow/.local/lib/python3.12/site-packages/airflow/example_dags/example_kubernetes_executor.py for tasks to queue
[2025-10-06T21:30:14.417+0000] {logging_mixin.py:190} INFO - [2025-10-06T21:30:14.416+0000] {dagbag.py:588} INFO - Filling up the DagBag from /home/airflow/.local/lib/python3.12/site-packages/airflow/example_dags/example_kubernetes_executor.py
[2025-10-06T21:30:14.455+0000] {processor.py:925} INFO - DAG(s) 'example_kubernetes_executor' retrieved from /home/airflow/.local/lib/python3.12/site-packages/airflow/example_dags/example_kubernetes_executor.py
[2025-10-06T21:30:14.513+0000] {logging_mixin.py:190} INFO - [2025-10-06T21:30:14.512+0000] {dag.py:3239} INFO - Sync 1 DAGs
[2025-10-06T21:30:14.549+0000] {logging_mixin.py:190} INFO - [2025-10-06T21:30:14.548+0000] {dag.py:4180} INFO - Setting next_dagrun for example_kubernetes_executor to None, run_after=None
[2025-10-06T21:30:14.608+0000] {processor.py:208} INFO - Processing /home/airflow/.local/lib/python3.12/site-packages/airflow/example_dags/example_kubernetes_executor.py took 0.211 seconds
[2025-10-06T21:30:46.188+0000] {processor.py:186} INFO - Started process (PID=4392) to work on /home/airflow/.local/lib/python3.12/site-packages/airflow/example_dags/example_kubernetes_executor.py
[2025-10-06T21:30:46.189+0000] {processor.py:914} INFO - Processing file /home/airflow/.local/lib/python3.12/site-packages/airflow/example_dags/example_kubernetes_executor.py for tasks to queue
[2025-10-06T21:30:46.191+0000] {logging_mixin.py:190} INFO - [2025-10-06T21:30:46.190+0000] {dagbag.py:588} INFO - Filling up the DagBag from /home/airflow/.local/lib/python3.12/site-packages/airflow/example_dags/example_kubernetes_executor.py
[2025-10-06T21:30:46.211+0000] {processor.py:925} INFO - DAG(s) 'example_kubernetes_executor' retrieved from /home/airflow/.local/lib/python3.12/site-packages/airflow/example_dags/example_kubernetes_executor.py
[2025-10-06T21:30:46.270+0000] {logging_mixin.py:190} INFO - [2025-10-06T21:30:46.270+0000] {dag.py:3239} INFO - Sync 1 DAGs
[2025-10-06T21:30:46.309+0000] {logging_mixin.py:190} INFO - [2025-10-06T21:30:46.309+0000] {dag.py:4180} INFO - Setting next_dagrun for example_kubernetes_executor to None, run_after=None
[2025-10-06T21:30:46.339+0000] {processor.py:208} INFO - Processing /home/airflow/.local/lib/python3.12/site-packages/airflow/example_dags/example_kubernetes_executor.py took 0.158 seconds
[2025-10-06T21:31:17.609+0000] {processor.py:186} INFO - Started process (PID=4456) to work on /home/airflow/.local/lib/python3.12/site-packages/airflow/example_dags/example_kubernetes_executor.py
[2025-10-06T21:31:17.612+0000] {processor.py:914} INFO - Processing file /home/airflow/.local/lib/python3.12/site-packages/airflow/example_dags/example_kubernetes_executor.py for tasks to queue
[2025-10-06T21:31:17.614+0000] {logging_mixin.py:190} INFO - [2025-10-06T21:31:17.614+0000] {dagbag.py:588} INFO - Filling up the DagBag from /home/airflow/.local/lib/python3.12/site-packages/airflow/example_dags/example_kubernetes_executor.py
[2025-10-06T21:31:17.651+0000] {processor.py:925} INFO - DAG(s) 'example_kubernetes_executor' retrieved from /home/airflow/.local/lib/python3.12/site-packages/airflow/example_dags/example_kubernetes_executor.py
[2025-10-06T21:31:17.713+0000] {logging_mixin.py:190} INFO - [2025-10-06T21:31:17.713+0000] {dag.py:3239} INFO - Sync 1 DAGs
[2025-10-06T21:31:17.733+0000] {logging_mixin.py:190} INFO - [2025-10-06T21:31:17.732+0000] {dag.py:4180} INFO - Setting next_dagrun for example_kubernetes_executor to None, run_after=None
[2025-10-06T21:31:17.757+0000] {processor.py:208} INFO - Processing /home/airflow/.local/lib/python3.12/site-packages/airflow/example_dags/example_kubernetes_executor.py took 0.161 seconds
[2025-10-06T21:31:50.012+0000] {processor.py:186} INFO - Started process (PID=4519) to work on /home/airflow/.local/lib/python3.12/site-packages/airflow/example_dags/example_kubernetes_executor.py
[2025-10-06T21:31:50.013+0000] {processor.py:914} INFO - Processing file /home/airflow/.local/lib/python3.12/site-packages/airflow/example_dags/example_kubernetes_executor.py for tasks to queue
[2025-10-06T21:31:50.015+0000] {logging_mixin.py:190} INFO - [2025-10-06T21:31:50.015+0000] {dagbag.py:588} INFO - Filling up the DagBag from /home/airflow/.local/lib/python3.12/site-packages/airflow/example_dags/example_kubernetes_executor.py
[2025-10-06T21:31:50.051+0000] {processor.py:925} INFO - DAG(s) 'example_kubernetes_executor' retrieved from /home/airflow/.local/lib/python3.12/site-packages/airflow/example_dags/example_kubernetes_executor.py
[2025-10-06T21:31:50.119+0000] {logging_mixin.py:190} INFO - [2025-10-06T21:31:50.119+0000] {dag.py:3239} INFO - Sync 1 DAGs
[2025-10-06T21:31:50.155+0000] {logging_mixin.py:190} INFO - [2025-10-06T21:31:50.154+0000] {dag.py:4180} INFO - Setting next_dagrun for example_kubernetes_executor to None, run_after=None
[2025-10-06T21:31:50.190+0000] {processor.py:208} INFO - Processing /home/airflow/.local/lib/python3.12/site-packages/airflow/example_dags/example_kubernetes_executor.py took 0.192 seconds
[2025-10-06T21:32:21.495+0000] {processor.py:186} INFO - Started process (PID=4582) to work on /home/airflow/.local/lib/python3.12/site-packages/airflow/example_dags/example_kubernetes_executor.py
[2025-10-06T21:32:21.497+0000] {processor.py:914} INFO - Processing file /home/airflow/.local/lib/python3.12/site-packages/airflow/example_dags/example_kubernetes_executor.py for tasks to queue
[2025-10-06T21:32:21.500+0000] {logging_mixin.py:190} INFO - [2025-10-06T21:32:21.499+0000] {dagbag.py:588} INFO - Filling up the DagBag from /home/airflow/.local/lib/python3.12/site-packages/airflow/example_dags/example_kubernetes_executor.py
[2025-10-06T21:32:21.532+0000] {processor.py:925} INFO - DAG(s) 'example_kubernetes_executor' retrieved from /home/airflow/.local/lib/python3.12/site-packages/airflow/example_dags/example_kubernetes_executor.py
[2025-10-06T21:32:21.613+0000] {logging_mixin.py:190} INFO - [2025-10-06T21:32:21.612+0000] {dag.py:3239} INFO - Sync 1 DAGs
[2025-10-06T21:32:21.633+0000] {logging_mixin.py:190} INFO - [2025-10-06T21:32:21.633+0000] {dag.py:4180} INFO - Setting next_dagrun for example_kubernetes_executor to None, run_after=None
[2025-10-06T21:32:21.659+0000] {processor.py:208} INFO - Processing /home/airflow/.local/lib/python3.12/site-packages/airflow/example_dags/example_kubernetes_executor.py took 0.176 seconds
[2025-10-06T21:32:52.689+0000] {processor.py:186} INFO - Started process (PID=4646) to work on /home/airflow/.local/lib/python3.12/site-packages/airflow/example_dags/example_kubernetes_executor.py
[2025-10-06T21:32:52.690+0000] {processor.py:914} INFO - Processing file /home/airflow/.local/lib/python3.12/site-packages/airflow/example_dags/example_kubernetes_executor.py for tasks to queue
[2025-10-06T21:32:52.692+0000] {logging_mixin.py:190} INFO - [2025-10-06T21:32:52.692+0000] {dagbag.py:588} INFO - Filling up the DagBag from /home/airflow/.local/lib/python3.12/site-packages/airflow/example_dags/example_kubernetes_executor.py
[2025-10-06T21:32:52.710+0000] {processor.py:925} INFO - DAG(s) 'example_kubernetes_executor' retrieved from /home/airflow/.local/lib/python3.12/site-packages/airflow/example_dags/example_kubernetes_executor.py
[2025-10-06T21:32:52.783+0000] {logging_mixin.py:190} INFO - [2025-10-06T21:32:52.783+0000] {dag.py:3239} INFO - Sync 1 DAGs
[2025-10-06T21:32:52.824+0000] {logging_mixin.py:190} INFO - [2025-10-06T21:32:52.824+0000] {dag.py:4180} INFO - Setting next_dagrun for example_kubernetes_executor to None, run_after=None
[2025-10-06T21:32:52.876+0000] {processor.py:208} INFO - Processing /home/airflow/.local/lib/python3.12/site-packages/airflow/example_dags/example_kubernetes_executor.py took 0.195 seconds
[2025-10-06T21:33:24.905+0000] {processor.py:186} INFO - Started process (PID=4709) to work on /home/airflow/.local/lib/python3.12/site-packages/airflow/example_dags/example_kubernetes_executor.py
[2025-10-06T21:33:24.907+0000] {processor.py:914} INFO - Processing file /home/airflow/.local/lib/python3.12/site-packages/airflow/example_dags/example_kubernetes_executor.py for tasks to queue
[2025-10-06T21:33:24.908+0000] {logging_mixin.py:190} INFO - [2025-10-06T21:33:24.908+0000] {dagbag.py:588} INFO - Filling up the DagBag from /home/airflow/.local/lib/python3.12/site-packages/airflow/example_dags/example_kubernetes_executor.py
[2025-10-06T21:33:24.926+0000] {processor.py:925} INFO - DAG(s) 'example_kubernetes_executor' retrieved from /home/airflow/.local/lib/python3.12/site-packages/airflow/example_dags/example_kubernetes_executor.py
[2025-10-06T21:33:24.974+0000] {logging_mixin.py:190} INFO - [2025-10-06T21:33:24.974+0000] {dag.py:3239} INFO - Sync 1 DAGs
[2025-10-06T21:33:24.990+0000] {logging_mixin.py:190} INFO - [2025-10-06T21:33:24.990+0000] {dag.py:4180} INFO - Setting next_dagrun for example_kubernetes_executor to None, run_after=None
[2025-10-06T21:33:25.022+0000] {processor.py:208} INFO - Processing /home/airflow/.local/lib/python3.12/site-packages/airflow/example_dags/example_kubernetes_executor.py took 0.124 seconds
[2025-10-06T21:33:56.141+0000] {processor.py:186} INFO - Started process (PID=4773) to work on /home/airflow/.local/lib/python3.12/site-packages/airflow/example_dags/example_kubernetes_executor.py
[2025-10-06T21:33:56.142+0000] {processor.py:914} INFO - Processing file /home/airflow/.local/lib/python3.12/site-packages/airflow/example_dags/example_kubernetes_executor.py for tasks to queue
[2025-10-06T21:33:56.144+0000] {logging_mixin.py:190} INFO - [2025-10-06T21:33:56.144+0000] {dagbag.py:588} INFO - Filling up the DagBag from /home/airflow/.local/lib/python3.12/site-packages/airflow/example_dags/example_kubernetes_executor.py
[2025-10-06T21:33:56.173+0000] {processor.py:925} INFO - DAG(s) 'example_kubernetes_executor' retrieved from /home/airflow/.local/lib/python3.12/site-packages/airflow/example_dags/example_kubernetes_executor.py
[2025-10-06T21:33:56.262+0000] {logging_mixin.py:190} INFO - [2025-10-06T21:33:56.261+0000] {dag.py:3239} INFO - Sync 1 DAGs
[2025-10-06T21:33:56.289+0000] {logging_mixin.py:190} INFO - [2025-10-06T21:33:56.289+0000] {dag.py:4180} INFO - Setting next_dagrun for example_kubernetes_executor to None, run_after=None
[2025-10-06T21:33:56.312+0000] {processor.py:208} INFO - Processing /home/airflow/.local/lib/python3.12/site-packages/airflow/example_dags/example_kubernetes_executor.py took 0.192 seconds
[2025-10-06T21:34:28.306+0000] {processor.py:186} INFO - Started process (PID=4836) to work on /home/airflow/.local/lib/python3.12/site-packages/airflow/example_dags/example_kubernetes_executor.py
[2025-10-06T21:34:28.308+0000] {processor.py:914} INFO - Processing file /home/airflow/.local/lib/python3.12/site-packages/airflow/example_dags/example_kubernetes_executor.py for tasks to queue
[2025-10-06T21:34:28.310+0000] {logging_mixin.py:190} INFO - [2025-10-06T21:34:28.310+0000] {dagbag.py:588} INFO - Filling up the DagBag from /home/airflow/.local/lib/python3.12/site-packages/airflow/example_dags/example_kubernetes_executor.py
[2025-10-06T21:34:28.336+0000] {processor.py:925} INFO - DAG(s) 'example_kubernetes_executor' retrieved from /home/airflow/.local/lib/python3.12/site-packages/airflow/example_dags/example_kubernetes_executor.py
[2025-10-06T21:34:28.385+0000] {logging_mixin.py:190} INFO - [2025-10-06T21:34:28.385+0000] {dag.py:3239} INFO - Sync 1 DAGs
[2025-10-06T21:34:28.403+0000] {logging_mixin.py:190} INFO - [2025-10-06T21:34:28.403+0000] {dag.py:4180} INFO - Setting next_dagrun for example_kubernetes_executor to None, run_after=None
[2025-10-06T21:34:28.433+0000] {processor.py:208} INFO - Processing /home/airflow/.local/lib/python3.12/site-packages/airflow/example_dags/example_kubernetes_executor.py took 0.137 seconds
[2025-10-06T21:34:59.649+0000] {processor.py:186} INFO - Started process (PID=4899) to work on /home/airflow/.local/lib/python3.12/site-packages/airflow/example_dags/example_kubernetes_executor.py
[2025-10-06T21:34:59.650+0000] {processor.py:914} INFO - Processing file /home/airflow/.local/lib/python3.12/site-packages/airflow/example_dags/example_kubernetes_executor.py for tasks to queue
[2025-10-06T21:34:59.652+0000] {logging_mixin.py:190} INFO - [2025-10-06T21:34:59.651+0000] {dagbag.py:588} INFO - Filling up the DagBag from /home/airflow/.local/lib/python3.12/site-packages/airflow/example_dags/example_kubernetes_executor.py
[2025-10-06T21:34:59.673+0000] {processor.py:925} INFO - DAG(s) 'example_kubernetes_executor' retrieved from /home/airflow/.local/lib/python3.12/site-packages/airflow/example_dags/example_kubernetes_executor.py
[2025-10-06T21:34:59.723+0000] {logging_mixin.py:190} INFO - [2025-10-06T21:34:59.723+0000] {dag.py:3239} INFO - Sync 1 DAGs
[2025-10-06T21:34:59.741+0000] {logging_mixin.py:190} INFO - [2025-10-06T21:34:59.741+0000] {dag.py:4180} INFO - Setting next_dagrun for example_kubernetes_executor to None, run_after=None
[2025-10-06T21:34:59.768+0000] {processor.py:208} INFO - Processing /home/airflow/.local/lib/python3.12/site-packages/airflow/example_dags/example_kubernetes_executor.py took 0.128 seconds
[2025-10-06T21:35:31.485+0000] {processor.py:186} INFO - Started process (PID=4962) to work on /home/airflow/.local/lib/python3.12/site-packages/airflow/example_dags/example_kubernetes_executor.py
[2025-10-06T21:35:31.486+0000] {processor.py:914} INFO - Processing file /home/airflow/.local/lib/python3.12/site-packages/airflow/example_dags/example_kubernetes_executor.py for tasks to queue
[2025-10-06T21:35:31.488+0000] {logging_mixin.py:190} INFO - [2025-10-06T21:35:31.488+0000] {dagbag.py:588} INFO - Filling up the DagBag from /home/airflow/.local/lib/python3.12/site-packages/airflow/example_dags/example_kubernetes_executor.py
[2025-10-06T21:35:31.509+0000] {processor.py:925} INFO - DAG(s) 'example_kubernetes_executor' retrieved from /home/airflow/.local/lib/python3.12/site-packages/airflow/example_dags/example_kubernetes_executor.py
[2025-10-06T21:35:31.557+0000] {logging_mixin.py:190} INFO - [2025-10-06T21:35:31.556+0000] {dag.py:3239} INFO - Sync 1 DAGs
[2025-10-06T21:35:31.576+0000] {logging_mixin.py:190} INFO - [2025-10-06T21:35:31.576+0000] {dag.py:4180} INFO - Setting next_dagrun for example_kubernetes_executor to None, run_after=None
[2025-10-06T21:35:31.604+0000] {processor.py:208} INFO - Processing /home/airflow/.local/lib/python3.12/site-packages/airflow/example_dags/example_kubernetes_executor.py took 0.126 seconds
[2025-10-06T21:36:03.324+0000] {processor.py:186} INFO - Started process (PID=5025) to work on /home/airflow/.local/lib/python3.12/site-packages/airflow/example_dags/example_kubernetes_executor.py
[2025-10-06T21:36:03.326+0000] {processor.py:914} INFO - Processing file /home/airflow/.local/lib/python3.12/site-packages/airflow/example_dags/example_kubernetes_executor.py for tasks to queue
[2025-10-06T21:36:03.328+0000] {logging_mixin.py:190} INFO - [2025-10-06T21:36:03.327+0000] {dagbag.py:588} INFO - Filling up the DagBag from /home/airflow/.local/lib/python3.12/site-packages/airflow/example_dags/example_kubernetes_executor.py
[2025-10-06T21:36:03.356+0000] {processor.py:925} INFO - DAG(s) 'example_kubernetes_executor' retrieved from /home/airflow/.local/lib/python3.12/site-packages/airflow/example_dags/example_kubernetes_executor.py
[2025-10-06T21:36:03.425+0000] {logging_mixin.py:190} INFO - [2025-10-06T21:36:03.424+0000] {dag.py:3239} INFO - Sync 1 DAGs
[2025-10-06T21:36:03.452+0000] {logging_mixin.py:190} INFO - [2025-10-06T21:36:03.452+0000] {dag.py:4180} INFO - Setting next_dagrun for example_kubernetes_executor to None, run_after=None
[2025-10-06T21:36:03.504+0000] {processor.py:208} INFO - Processing /home/airflow/.local/lib/python3.12/site-packages/airflow/example_dags/example_kubernetes_executor.py took 0.189 seconds
[2025-10-06T21:36:37.708+0000] {processor.py:186} INFO - Started process (PID=5042) to work on /home/airflow/.local/lib/python3.12/site-packages/airflow/example_dags/example_kubernetes_executor.py
[2025-10-06T21:36:37.709+0000] {processor.py:914} INFO - Processing file /home/airflow/.local/lib/python3.12/site-packages/airflow/example_dags/example_kubernetes_executor.py for tasks to queue
[2025-10-06T21:36:37.711+0000] {logging_mixin.py:190} INFO - [2025-10-06T21:36:37.710+0000] {dagbag.py:588} INFO - Filling up the DagBag from /home/airflow/.local/lib/python3.12/site-packages/airflow/example_dags/example_kubernetes_executor.py
[2025-10-06T21:36:37.743+0000] {processor.py:925} INFO - DAG(s) 'example_kubernetes_executor' retrieved from /home/airflow/.local/lib/python3.12/site-packages/airflow/example_dags/example_kubernetes_executor.py
[2025-10-06T21:36:37.905+0000] {logging_mixin.py:190} INFO - [2025-10-06T21:36:37.905+0000] {dag.py:3239} INFO - Sync 1 DAGs
[2025-10-06T21:36:37.936+0000] {logging_mixin.py:190} INFO - [2025-10-06T21:36:37.936+0000] {dag.py:4180} INFO - Setting next_dagrun for example_kubernetes_executor to None, run_after=None
[2025-10-06T21:36:37.966+0000] {processor.py:208} INFO - Processing /home/airflow/.local/lib/python3.12/site-packages/airflow/example_dags/example_kubernetes_executor.py took 0.266 seconds
[2025-10-06T21:37:19.641+0000] {processor.py:186} INFO - Started process (PID=5107) to work on /home/airflow/.local/lib/python3.12/site-packages/airflow/example_dags/example_kubernetes_executor.py
[2025-10-06T21:37:19.643+0000] {processor.py:914} INFO - Processing file /home/airflow/.local/lib/python3.12/site-packages/airflow/example_dags/example_kubernetes_executor.py for tasks to queue
[2025-10-06T21:37:19.646+0000] {logging_mixin.py:190} INFO - [2025-10-06T21:37:19.645+0000] {dagbag.py:588} INFO - Filling up the DagBag from /home/airflow/.local/lib/python3.12/site-packages/airflow/example_dags/example_kubernetes_executor.py
[2025-10-06T21:37:19.668+0000] {processor.py:925} INFO - DAG(s) 'example_kubernetes_executor' retrieved from /home/airflow/.local/lib/python3.12/site-packages/airflow/example_dags/example_kubernetes_executor.py
[2025-10-06T21:37:19.737+0000] {logging_mixin.py:190} INFO - [2025-10-06T21:37:19.736+0000] {dag.py:3239} INFO - Sync 1 DAGs
[2025-10-06T21:37:19.774+0000] {logging_mixin.py:190} INFO - [2025-10-06T21:37:19.774+0000] {dag.py:4180} INFO - Setting next_dagrun for example_kubernetes_executor to None, run_after=None
[2025-10-06T21:37:19.812+0000] {processor.py:208} INFO - Processing /home/airflow/.local/lib/python3.12/site-packages/airflow/example_dags/example_kubernetes_executor.py took 0.185 seconds
[2025-10-06T21:37:50.465+0000] {processor.py:186} INFO - Started process (PID=5156) to work on /home/airflow/.local/lib/python3.12/site-packages/airflow/example_dags/example_kubernetes_executor.py
[2025-10-06T21:37:50.476+0000] {processor.py:914} INFO - Processing file /home/airflow/.local/lib/python3.12/site-packages/airflow/example_dags/example_kubernetes_executor.py for tasks to queue
[2025-10-06T21:37:50.480+0000] {logging_mixin.py:190} INFO - [2025-10-06T21:37:50.479+0000] {dagbag.py:588} INFO - Filling up the DagBag from /home/airflow/.local/lib/python3.12/site-packages/airflow/example_dags/example_kubernetes_executor.py
[2025-10-06T21:37:50.521+0000] {processor.py:925} INFO - DAG(s) 'example_kubernetes_executor' retrieved from /home/airflow/.local/lib/python3.12/site-packages/airflow/example_dags/example_kubernetes_executor.py
[2025-10-06T21:37:50.616+0000] {logging_mixin.py:190} INFO - [2025-10-06T21:37:50.615+0000] {dag.py:3239} INFO - Sync 1 DAGs
[2025-10-06T21:37:50.652+0000] {logging_mixin.py:190} INFO - [2025-10-06T21:37:50.652+0000] {dag.py:4180} INFO - Setting next_dagrun for example_kubernetes_executor to None, run_after=None
[2025-10-06T21:37:50.704+0000] {processor.py:208} INFO - Processing /home/airflow/.local/lib/python3.12/site-packages/airflow/example_dags/example_kubernetes_executor.py took 0.255 seconds
[2025-10-06T21:38:22.102+0000] {processor.py:186} INFO - Started process (PID=5214) to work on /home/airflow/.local/lib/python3.12/site-packages/airflow/example_dags/example_kubernetes_executor.py
[2025-10-06T21:38:22.103+0000] {processor.py:914} INFO - Processing file /home/airflow/.local/lib/python3.12/site-packages/airflow/example_dags/example_kubernetes_executor.py for tasks to queue
[2025-10-06T21:38:22.106+0000] {logging_mixin.py:190} INFO - [2025-10-06T21:38:22.106+0000] {dagbag.py:588} INFO - Filling up the DagBag from /home/airflow/.local/lib/python3.12/site-packages/airflow/example_dags/example_kubernetes_executor.py
[2025-10-06T21:38:22.129+0000] {processor.py:925} INFO - DAG(s) 'example_kubernetes_executor' retrieved from /home/airflow/.local/lib/python3.12/site-packages/airflow/example_dags/example_kubernetes_executor.py
[2025-10-06T21:38:22.187+0000] {logging_mixin.py:190} INFO - [2025-10-06T21:38:22.186+0000] {dag.py:3239} INFO - Sync 1 DAGs
[2025-10-06T21:38:22.218+0000] {logging_mixin.py:190} INFO - [2025-10-06T21:38:22.218+0000] {dag.py:4180} INFO - Setting next_dagrun for example_kubernetes_executor to None, run_after=None
[2025-10-06T21:38:22.250+0000] {processor.py:208} INFO - Processing /home/airflow/.local/lib/python3.12/site-packages/airflow/example_dags/example_kubernetes_executor.py took 0.154 seconds
[2025-10-06T21:38:53.778+0000] {processor.py:186} INFO - Started process (PID=5277) to work on /home/airflow/.local/lib/python3.12/site-packages/airflow/example_dags/example_kubernetes_executor.py
[2025-10-06T21:38:53.780+0000] {processor.py:914} INFO - Processing file /home/airflow/.local/lib/python3.12/site-packages/airflow/example_dags/example_kubernetes_executor.py for tasks to queue
[2025-10-06T21:38:53.782+0000] {logging_mixin.py:190} INFO - [2025-10-06T21:38:53.781+0000] {dagbag.py:588} INFO - Filling up the DagBag from /home/airflow/.local/lib/python3.12/site-packages/airflow/example_dags/example_kubernetes_executor.py
[2025-10-06T21:38:53.804+0000] {processor.py:925} INFO - DAG(s) 'example_kubernetes_executor' retrieved from /home/airflow/.local/lib/python3.12/site-packages/airflow/example_dags/example_kubernetes_executor.py
[2025-10-06T21:38:53.864+0000] {logging_mixin.py:190} INFO - [2025-10-06T21:38:53.864+0000] {dag.py:3239} INFO - Sync 1 DAGs
[2025-10-06T21:38:53.882+0000] {logging_mixin.py:190} INFO - [2025-10-06T21:38:53.882+0000] {dag.py:4180} INFO - Setting next_dagrun for example_kubernetes_executor to None, run_after=None
[2025-10-06T21:38:53.909+0000] {processor.py:208} INFO - Processing /home/airflow/.local/lib/python3.12/site-packages/airflow/example_dags/example_kubernetes_executor.py took 0.142 seconds
[2025-10-06T21:39:25.802+0000] {processor.py:186} INFO - Started process (PID=5341) to work on /home/airflow/.local/lib/python3.12/site-packages/airflow/example_dags/example_kubernetes_executor.py
[2025-10-06T21:39:25.803+0000] {processor.py:914} INFO - Processing file /home/airflow/.local/lib/python3.12/site-packages/airflow/example_dags/example_kubernetes_executor.py for tasks to queue
[2025-10-06T21:39:25.805+0000] {logging_mixin.py:190} INFO - [2025-10-06T21:39:25.804+0000] {dagbag.py:588} INFO - Filling up the DagBag from /home/airflow/.local/lib/python3.12/site-packages/airflow/example_dags/example_kubernetes_executor.py
[2025-10-06T21:39:25.829+0000] {processor.py:925} INFO - DAG(s) 'example_kubernetes_executor' retrieved from /home/airflow/.local/lib/python3.12/site-packages/airflow/example_dags/example_kubernetes_executor.py
[2025-10-06T21:39:25.889+0000] {logging_mixin.py:190} INFO - [2025-10-06T21:39:25.888+0000] {dag.py:3239} INFO - Sync 1 DAGs
[2025-10-06T21:39:25.909+0000] {logging_mixin.py:190} INFO - [2025-10-06T21:39:25.909+0000] {dag.py:4180} INFO - Setting next_dagrun for example_kubernetes_executor to None, run_after=None
[2025-10-06T21:39:25.935+0000] {processor.py:208} INFO - Processing /home/airflow/.local/lib/python3.12/site-packages/airflow/example_dags/example_kubernetes_executor.py took 0.141 seconds
[2025-10-06T21:39:57.106+0000] {processor.py:186} INFO - Started process (PID=5404) to work on /home/airflow/.local/lib/python3.12/site-packages/airflow/example_dags/example_kubernetes_executor.py
[2025-10-06T21:39:57.107+0000] {processor.py:914} INFO - Processing file /home/airflow/.local/lib/python3.12/site-packages/airflow/example_dags/example_kubernetes_executor.py for tasks to queue
[2025-10-06T21:39:57.109+0000] {logging_mixin.py:190} INFO - [2025-10-06T21:39:57.108+0000] {dagbag.py:588} INFO - Filling up the DagBag from /home/airflow/.local/lib/python3.12/site-packages/airflow/example_dags/example_kubernetes_executor.py
[2025-10-06T21:39:57.129+0000] {processor.py:925} INFO - DAG(s) 'example_kubernetes_executor' retrieved from /home/airflow/.local/lib/python3.12/site-packages/airflow/example_dags/example_kubernetes_executor.py
[2025-10-06T21:39:57.176+0000] {logging_mixin.py:190} INFO - [2025-10-06T21:39:57.176+0000] {dag.py:3239} INFO - Sync 1 DAGs
[2025-10-06T21:39:57.194+0000] {logging_mixin.py:190} INFO - [2025-10-06T21:39:57.194+0000] {dag.py:4180} INFO - Setting next_dagrun for example_kubernetes_executor to None, run_after=None
[2025-10-06T21:39:57.217+0000] {processor.py:208} INFO - Processing /home/airflow/.local/lib/python3.12/site-packages/airflow/example_dags/example_kubernetes_executor.py took 0.119 seconds
[2025-10-06T21:40:29.253+0000] {processor.py:186} INFO - Started process (PID=5467) to work on /home/airflow/.local/lib/python3.12/site-packages/airflow/example_dags/example_kubernetes_executor.py
[2025-10-06T21:40:29.255+0000] {processor.py:914} INFO - Processing file /home/airflow/.local/lib/python3.12/site-packages/airflow/example_dags/example_kubernetes_executor.py for tasks to queue
[2025-10-06T21:40:29.257+0000] {logging_mixin.py:190} INFO - [2025-10-06T21:40:29.257+0000] {dagbag.py:588} INFO - Filling up the DagBag from /home/airflow/.local/lib/python3.12/site-packages/airflow/example_dags/example_kubernetes_executor.py
[2025-10-06T21:40:29.274+0000] {processor.py:925} INFO - DAG(s) 'example_kubernetes_executor' retrieved from /home/airflow/.local/lib/python3.12/site-packages/airflow/example_dags/example_kubernetes_executor.py
[2025-10-06T21:40:29.312+0000] {logging_mixin.py:190} INFO - [2025-10-06T21:40:29.312+0000] {dag.py:3239} INFO - Sync 1 DAGs
[2025-10-06T21:40:29.329+0000] {logging_mixin.py:190} INFO - [2025-10-06T21:40:29.329+0000] {dag.py:4180} INFO - Setting next_dagrun for example_kubernetes_executor to None, run_after=None
[2025-10-06T21:40:29.350+0000] {processor.py:208} INFO - Processing /home/airflow/.local/lib/python3.12/site-packages/airflow/example_dags/example_kubernetes_executor.py took 0.102 seconds
[2025-10-06T21:41:00.462+0000] {processor.py:186} INFO - Started process (PID=5530) to work on /home/airflow/.local/lib/python3.12/site-packages/airflow/example_dags/example_kubernetes_executor.py
[2025-10-06T21:41:00.463+0000] {processor.py:914} INFO - Processing file /home/airflow/.local/lib/python3.12/site-packages/airflow/example_dags/example_kubernetes_executor.py for tasks to queue
[2025-10-06T21:41:00.464+0000] {logging_mixin.py:190} INFO - [2025-10-06T21:41:00.464+0000] {dagbag.py:588} INFO - Filling up the DagBag from /home/airflow/.local/lib/python3.12/site-packages/airflow/example_dags/example_kubernetes_executor.py
[2025-10-06T21:41:00.533+0000] {processor.py:925} INFO - DAG(s) 'example_kubernetes_executor' retrieved from /home/airflow/.local/lib/python3.12/site-packages/airflow/example_dags/example_kubernetes_executor.py
[2025-10-06T21:41:00.581+0000] {logging_mixin.py:190} INFO - [2025-10-06T21:41:00.581+0000] {dag.py:3239} INFO - Sync 1 DAGs
[2025-10-06T21:41:00.601+0000] {logging_mixin.py:190} INFO - [2025-10-06T21:41:00.600+0000] {dag.py:4180} INFO - Setting next_dagrun for example_kubernetes_executor to None, run_after=None
[2025-10-06T21:41:00.630+0000] {processor.py:208} INFO - Processing /home/airflow/.local/lib/python3.12/site-packages/airflow/example_dags/example_kubernetes_executor.py took 0.175 seconds
[2025-10-06T21:41:31.024+0000] {processor.py:186} INFO - Started process (PID=5593) to work on /home/airflow/.local/lib/python3.12/site-packages/airflow/example_dags/example_kubernetes_executor.py
[2025-10-06T21:41:31.025+0000] {processor.py:914} INFO - Processing file /home/airflow/.local/lib/python3.12/site-packages/airflow/example_dags/example_kubernetes_executor.py for tasks to queue
[2025-10-06T21:41:31.027+0000] {logging_mixin.py:190} INFO - [2025-10-06T21:41:31.027+0000] {dagbag.py:588} INFO - Filling up the DagBag from /home/airflow/.local/lib/python3.12/site-packages/airflow/example_dags/example_kubernetes_executor.py
[2025-10-06T21:41:32.083+0000] {processor.py:925} INFO - DAG(s) 'example_kubernetes_executor' retrieved from /home/airflow/.local/lib/python3.12/site-packages/airflow/example_dags/example_kubernetes_executor.py
[2025-10-06T21:41:32.156+0000] {logging_mixin.py:190} INFO - [2025-10-06T21:41:32.156+0000] {dag.py:3239} INFO - Sync 1 DAGs
[2025-10-06T21:41:32.189+0000] {logging_mixin.py:190} INFO - [2025-10-06T21:41:32.188+0000] {dag.py:4180} INFO - Setting next_dagrun for example_kubernetes_executor to None, run_after=None
[2025-10-06T21:41:32.224+0000] {processor.py:208} INFO - Processing /home/airflow/.local/lib/python3.12/site-packages/airflow/example_dags/example_kubernetes_executor.py took 0.182 seconds
[2025-10-06T21:42:04.466+0000] {processor.py:186} INFO - Started process (PID=5657) to work on /home/airflow/.local/lib/python3.12/site-packages/airflow/example_dags/example_kubernetes_executor.py
[2025-10-06T21:42:04.467+0000] {processor.py:914} INFO - Processing file /home/airflow/.local/lib/python3.12/site-packages/airflow/example_dags/example_kubernetes_executor.py for tasks to queue
[2025-10-06T21:42:04.470+0000] {logging_mixin.py:190} INFO - [2025-10-06T21:42:04.469+0000] {dagbag.py:588} INFO - Filling up the DagBag from /home/airflow/.local/lib/python3.12/site-packages/airflow/example_dags/example_kubernetes_executor.py
[2025-10-06T21:42:04.494+0000] {processor.py:925} INFO - DAG(s) 'example_kubernetes_executor' retrieved from /home/airflow/.local/lib/python3.12/site-packages/airflow/example_dags/example_kubernetes_executor.py
[2025-10-06T21:42:04.558+0000] {logging_mixin.py:190} INFO - [2025-10-06T21:42:04.558+0000] {dag.py:3239} INFO - Sync 1 DAGs
[2025-10-06T21:42:04.588+0000] {logging_mixin.py:190} INFO - [2025-10-06T21:42:04.588+0000] {dag.py:4180} INFO - Setting next_dagrun for example_kubernetes_executor to None, run_after=None
[2025-10-06T21:42:04.628+0000] {processor.py:208} INFO - Processing /home/airflow/.local/lib/python3.12/site-packages/airflow/example_dags/example_kubernetes_executor.py took 0.171 seconds
[2025-10-06T21:42:36.528+0000] {processor.py:186} INFO - Started process (PID=5720) to work on /home/airflow/.local/lib/python3.12/site-packages/airflow/example_dags/example_kubernetes_executor.py
[2025-10-06T21:42:36.529+0000] {processor.py:914} INFO - Processing file /home/airflow/.local/lib/python3.12/site-packages/airflow/example_dags/example_kubernetes_executor.py for tasks to queue
[2025-10-06T21:42:36.531+0000] {logging_mixin.py:190} INFO - [2025-10-06T21:42:36.530+0000] {dagbag.py:588} INFO - Filling up the DagBag from /home/airflow/.local/lib/python3.12/site-packages/airflow/example_dags/example_kubernetes_executor.py
[2025-10-06T21:42:36.547+0000] {processor.py:925} INFO - DAG(s) 'example_kubernetes_executor' retrieved from /home/airflow/.local/lib/python3.12/site-packages/airflow/example_dags/example_kubernetes_executor.py
[2025-10-06T21:42:36.592+0000] {logging_mixin.py:190} INFO - [2025-10-06T21:42:36.592+0000] {dag.py:3239} INFO - Sync 1 DAGs
[2025-10-06T21:42:36.607+0000] {logging_mixin.py:190} INFO - [2025-10-06T21:42:36.607+0000] {dag.py:4180} INFO - Setting next_dagrun for example_kubernetes_executor to None, run_after=None
[2025-10-06T21:42:36.629+0000] {processor.py:208} INFO - Processing /home/airflow/.local/lib/python3.12/site-packages/airflow/example_dags/example_kubernetes_executor.py took 0.108 seconds
[2025-10-06T21:43:08.159+0000] {processor.py:186} INFO - Started process (PID=5783) to work on /home/airflow/.local/lib/python3.12/site-packages/airflow/example_dags/example_kubernetes_executor.py
[2025-10-06T21:43:08.160+0000] {processor.py:914} INFO - Processing file /home/airflow/.local/lib/python3.12/site-packages/airflow/example_dags/example_kubernetes_executor.py for tasks to queue
[2025-10-06T21:43:08.162+0000] {logging_mixin.py:190} INFO - [2025-10-06T21:43:08.162+0000] {dagbag.py:588} INFO - Filling up the DagBag from /home/airflow/.local/lib/python3.12/site-packages/airflow/example_dags/example_kubernetes_executor.py
[2025-10-06T21:43:08.183+0000] {processor.py:925} INFO - DAG(s) 'example_kubernetes_executor' retrieved from /home/airflow/.local/lib/python3.12/site-packages/airflow/example_dags/example_kubernetes_executor.py
[2025-10-06T21:43:08.238+0000] {logging_mixin.py:190} INFO - [2025-10-06T21:43:08.237+0000] {dag.py:3239} INFO - Sync 1 DAGs
[2025-10-06T21:43:08.256+0000] {logging_mixin.py:190} INFO - [2025-10-06T21:43:08.256+0000] {dag.py:4180} INFO - Setting next_dagrun for example_kubernetes_executor to None, run_after=None
[2025-10-06T21:43:08.283+0000] {processor.py:208} INFO - Processing /home/airflow/.local/lib/python3.12/site-packages/airflow/example_dags/example_kubernetes_executor.py took 0.131 seconds
[2025-10-06T21:43:40.006+0000] {processor.py:186} INFO - Started process (PID=5846) to work on /home/airflow/.local/lib/python3.12/site-packages/airflow/example_dags/example_kubernetes_executor.py
[2025-10-06T21:43:40.007+0000] {processor.py:914} INFO - Processing file /home/airflow/.local/lib/python3.12/site-packages/airflow/example_dags/example_kubernetes_executor.py for tasks to queue
[2025-10-06T21:43:40.009+0000] {logging_mixin.py:190} INFO - [2025-10-06T21:43:40.008+0000] {dagbag.py:588} INFO - Filling up the DagBag from /home/airflow/.local/lib/python3.12/site-packages/airflow/example_dags/example_kubernetes_executor.py
[2025-10-06T21:43:40.028+0000] {processor.py:925} INFO - DAG(s) 'example_kubernetes_executor' retrieved from /home/airflow/.local/lib/python3.12/site-packages/airflow/example_dags/example_kubernetes_executor.py
[2025-10-06T21:43:40.074+0000] {logging_mixin.py:190} INFO - [2025-10-06T21:43:40.074+0000] {dag.py:3239} INFO - Sync 1 DAGs
[2025-10-06T21:43:40.093+0000] {logging_mixin.py:190} INFO - [2025-10-06T21:43:40.093+0000] {dag.py:4180} INFO - Setting next_dagrun for example_kubernetes_executor to None, run_after=None
[2025-10-06T21:43:40.120+0000] {processor.py:208} INFO - Processing /home/airflow/.local/lib/python3.12/site-packages/airflow/example_dags/example_kubernetes_executor.py took 0.121 seconds
[2025-10-06T21:44:11.607+0000] {processor.py:186} INFO - Started process (PID=5908) to work on /home/airflow/.local/lib/python3.12/site-packages/airflow/example_dags/example_kubernetes_executor.py
[2025-10-06T21:44:11.608+0000] {processor.py:914} INFO - Processing file /home/airflow/.local/lib/python3.12/site-packages/airflow/example_dags/example_kubernetes_executor.py for tasks to queue
[2025-10-06T21:44:11.609+0000] {logging_mixin.py:190} INFO - [2025-10-06T21:44:11.609+0000] {dagbag.py:588} INFO - Filling up the DagBag from /home/airflow/.local/lib/python3.12/site-packages/airflow/example_dags/example_kubernetes_executor.py
[2025-10-06T21:44:11.626+0000] {processor.py:925} INFO - DAG(s) 'example_kubernetes_executor' retrieved from /home/airflow/.local/lib/python3.12/site-packages/airflow/example_dags/example_kubernetes_executor.py
[2025-10-06T21:44:11.669+0000] {logging_mixin.py:190} INFO - [2025-10-06T21:44:11.669+0000] {dag.py:3239} INFO - Sync 1 DAGs
[2025-10-06T21:44:11.691+0000] {logging_mixin.py:190} INFO - [2025-10-06T21:44:11.691+0000] {dag.py:4180} INFO - Setting next_dagrun for example_kubernetes_executor to None, run_after=None
[2025-10-06T21:44:11.717+0000] {processor.py:208} INFO - Processing /home/airflow/.local/lib/python3.12/site-packages/airflow/example_dags/example_kubernetes_executor.py took 0.118 seconds
[2025-10-06T21:44:43.165+0000] {processor.py:186} INFO - Started process (PID=5971) to work on /home/airflow/.local/lib/python3.12/site-packages/airflow/example_dags/example_kubernetes_executor.py
[2025-10-06T21:44:43.167+0000] {processor.py:914} INFO - Processing file /home/airflow/.local/lib/python3.12/site-packages/airflow/example_dags/example_kubernetes_executor.py for tasks to queue
[2025-10-06T21:44:43.168+0000] {logging_mixin.py:190} INFO - [2025-10-06T21:44:43.168+0000] {dagbag.py:588} INFO - Filling up the DagBag from /home/airflow/.local/lib/python3.12/site-packages/airflow/example_dags/example_kubernetes_executor.py
[2025-10-06T21:44:43.186+0000] {processor.py:925} INFO - DAG(s) 'example_kubernetes_executor' retrieved from /home/airflow/.local/lib/python3.12/site-packages/airflow/example_dags/example_kubernetes_executor.py
[2025-10-06T21:44:43.224+0000] {logging_mixin.py:190} INFO - [2025-10-06T21:44:43.223+0000] {dag.py:3239} INFO - Sync 1 DAGs
[2025-10-06T21:44:43.242+0000] {logging_mixin.py:190} INFO - [2025-10-06T21:44:43.242+0000] {dag.py:4180} INFO - Setting next_dagrun for example_kubernetes_executor to None, run_after=None
[2025-10-06T21:44:43.265+0000] {processor.py:208} INFO - Processing /home/airflow/.local/lib/python3.12/site-packages/airflow/example_dags/example_kubernetes_executor.py took 0.106 seconds
[2025-10-06T21:45:15.094+0000] {processor.py:186} INFO - Started process (PID=6034) to work on /home/airflow/.local/lib/python3.12/site-packages/airflow/example_dags/example_kubernetes_executor.py
[2025-10-06T21:45:15.095+0000] {processor.py:914} INFO - Processing file /home/airflow/.local/lib/python3.12/site-packages/airflow/example_dags/example_kubernetes_executor.py for tasks to queue
[2025-10-06T21:45:15.096+0000] {logging_mixin.py:190} INFO - [2025-10-06T21:45:15.096+0000] {dagbag.py:588} INFO - Filling up the DagBag from /home/airflow/.local/lib/python3.12/site-packages/airflow/example_dags/example_kubernetes_executor.py
[2025-10-06T21:45:15.123+0000] {processor.py:925} INFO - DAG(s) 'example_kubernetes_executor' retrieved from /home/airflow/.local/lib/python3.12/site-packages/airflow/example_dags/example_kubernetes_executor.py
[2025-10-06T21:45:15.176+0000] {logging_mixin.py:190} INFO - [2025-10-06T21:45:15.176+0000] {dag.py:3239} INFO - Sync 1 DAGs
[2025-10-06T21:45:15.194+0000] {logging_mixin.py:190} INFO - [2025-10-06T21:45:15.194+0000] {dag.py:4180} INFO - Setting next_dagrun for example_kubernetes_executor to None, run_after=None
[2025-10-06T21:45:15.230+0000] {processor.py:208} INFO - Processing /home/airflow/.local/lib/python3.12/site-packages/airflow/example_dags/example_kubernetes_executor.py took 0.145 seconds
[2025-10-06T21:45:47.197+0000] {processor.py:186} INFO - Started process (PID=6097) to work on /home/airflow/.local/lib/python3.12/site-packages/airflow/example_dags/example_kubernetes_executor.py
[2025-10-06T21:45:47.198+0000] {processor.py:914} INFO - Processing file /home/airflow/.local/lib/python3.12/site-packages/airflow/example_dags/example_kubernetes_executor.py for tasks to queue
[2025-10-06T21:45:47.200+0000] {logging_mixin.py:190} INFO - [2025-10-06T21:45:47.199+0000] {dagbag.py:588} INFO - Filling up the DagBag from /home/airflow/.local/lib/python3.12/site-packages/airflow/example_dags/example_kubernetes_executor.py
[2025-10-06T21:45:47.222+0000] {processor.py:925} INFO - DAG(s) 'example_kubernetes_executor' retrieved from /home/airflow/.local/lib/python3.12/site-packages/airflow/example_dags/example_kubernetes_executor.py
[2025-10-06T21:45:47.270+0000] {logging_mixin.py:190} INFO - [2025-10-06T21:45:47.269+0000] {dag.py:3239} INFO - Sync 1 DAGs
[2025-10-06T21:45:47.286+0000] {logging_mixin.py:190} INFO - [2025-10-06T21:45:47.286+0000] {dag.py:4180} INFO - Setting next_dagrun for example_kubernetes_executor to None, run_after=None
[2025-10-06T21:45:47.310+0000] {processor.py:208} INFO - Processing /home/airflow/.local/lib/python3.12/site-packages/airflow/example_dags/example_kubernetes_executor.py took 0.119 seconds
[2025-10-06T21:46:18.560+0000] {processor.py:186} INFO - Started process (PID=6160) to work on /home/airflow/.local/lib/python3.12/site-packages/airflow/example_dags/example_kubernetes_executor.py
[2025-10-06T21:46:18.562+0000] {processor.py:914} INFO - Processing file /home/airflow/.local/lib/python3.12/site-packages/airflow/example_dags/example_kubernetes_executor.py for tasks to queue
[2025-10-06T21:46:18.564+0000] {logging_mixin.py:190} INFO - [2025-10-06T21:46:18.563+0000] {dagbag.py:588} INFO - Filling up the DagBag from /home/airflow/.local/lib/python3.12/site-packages/airflow/example_dags/example_kubernetes_executor.py
[2025-10-06T21:46:18.580+0000] {processor.py:925} INFO - DAG(s) 'example_kubernetes_executor' retrieved from /home/airflow/.local/lib/python3.12/site-packages/airflow/example_dags/example_kubernetes_executor.py
[2025-10-06T21:46:18.622+0000] {logging_mixin.py:190} INFO - [2025-10-06T21:46:18.621+0000] {dag.py:3239} INFO - Sync 1 DAGs
[2025-10-06T21:46:18.637+0000] {logging_mixin.py:190} INFO - [2025-10-06T21:46:18.637+0000] {dag.py:4180} INFO - Setting next_dagrun for example_kubernetes_executor to None, run_after=None
[2025-10-06T21:46:18.661+0000] {processor.py:208} INFO - Processing /home/airflow/.local/lib/python3.12/site-packages/airflow/example_dags/example_kubernetes_executor.py took 0.107 seconds
[2025-10-06T21:46:50.249+0000] {processor.py:186} INFO - Started process (PID=6223) to work on /home/airflow/.local/lib/python3.12/site-packages/airflow/example_dags/example_kubernetes_executor.py
[2025-10-06T21:46:50.250+0000] {processor.py:914} INFO - Processing file /home/airflow/.local/lib/python3.12/site-packages/airflow/example_dags/example_kubernetes_executor.py for tasks to queue
[2025-10-06T21:46:50.252+0000] {logging_mixin.py:190} INFO - [2025-10-06T21:46:50.251+0000] {dagbag.py:588} INFO - Filling up the DagBag from /home/airflow/.local/lib/python3.12/site-packages/airflow/example_dags/example_kubernetes_executor.py
[2025-10-06T21:46:50.272+0000] {processor.py:925} INFO - DAG(s) 'example_kubernetes_executor' retrieved from /home/airflow/.local/lib/python3.12/site-packages/airflow/example_dags/example_kubernetes_executor.py
[2025-10-06T21:46:50.338+0000] {logging_mixin.py:190} INFO - [2025-10-06T21:46:50.337+0000] {dag.py:3239} INFO - Sync 1 DAGs
[2025-10-06T21:46:50.359+0000] {logging_mixin.py:190} INFO - [2025-10-06T21:46:50.359+0000] {dag.py:4180} INFO - Setting next_dagrun for example_kubernetes_executor to None, run_after=None
[2025-10-06T21:46:50.387+0000] {processor.py:208} INFO - Processing /home/airflow/.local/lib/python3.12/site-packages/airflow/example_dags/example_kubernetes_executor.py took 0.147 seconds
[2025-10-06T21:47:21.862+0000] {processor.py:186} INFO - Started process (PID=6286) to work on /home/airflow/.local/lib/python3.12/site-packages/airflow/example_dags/example_kubernetes_executor.py
[2025-10-06T21:47:21.863+0000] {processor.py:914} INFO - Processing file /home/airflow/.local/lib/python3.12/site-packages/airflow/example_dags/example_kubernetes_executor.py for tasks to queue
[2025-10-06T21:47:21.865+0000] {logging_mixin.py:190} INFO - [2025-10-06T21:47:21.864+0000] {dagbag.py:588} INFO - Filling up the DagBag from /home/airflow/.local/lib/python3.12/site-packages/airflow/example_dags/example_kubernetes_executor.py
[2025-10-06T21:47:21.892+0000] {processor.py:925} INFO - DAG(s) 'example_kubernetes_executor' retrieved from /home/airflow/.local/lib/python3.12/site-packages/airflow/example_dags/example_kubernetes_executor.py
[2025-10-06T21:47:21.961+0000] {logging_mixin.py:190} INFO - [2025-10-06T21:47:21.961+0000] {dag.py:3239} INFO - Sync 1 DAGs
[2025-10-06T21:47:21.984+0000] {logging_mixin.py:190} INFO - [2025-10-06T21:47:21.984+0000] {dag.py:4180} INFO - Setting next_dagrun for example_kubernetes_executor to None, run_after=None
[2025-10-06T21:47:22.017+0000] {processor.py:208} INFO - Processing /home/airflow/.local/lib/python3.12/site-packages/airflow/example_dags/example_kubernetes_executor.py took 0.167 seconds
[2025-10-06T21:47:53.757+0000] {processor.py:186} INFO - Started process (PID=6350) to work on /home/airflow/.local/lib/python3.12/site-packages/airflow/example_dags/example_kubernetes_executor.py
[2025-10-06T21:47:53.758+0000] {processor.py:914} INFO - Processing file /home/airflow/.local/lib/python3.12/site-packages/airflow/example_dags/example_kubernetes_executor.py for tasks to queue
[2025-10-06T21:47:53.761+0000] {logging_mixin.py:190} INFO - [2025-10-06T21:47:53.760+0000] {dagbag.py:588} INFO - Filling up the DagBag from /home/airflow/.local/lib/python3.12/site-packages/airflow/example_dags/example_kubernetes_executor.py
[2025-10-06T21:47:53.778+0000] {processor.py:925} INFO - DAG(s) 'example_kubernetes_executor' retrieved from /home/airflow/.local/lib/python3.12/site-packages/airflow/example_dags/example_kubernetes_executor.py
[2025-10-06T21:47:53.822+0000] {logging_mixin.py:190} INFO - [2025-10-06T21:47:53.822+0000] {dag.py:3239} INFO - Sync 1 DAGs
[2025-10-06T21:47:53.840+0000] {logging_mixin.py:190} INFO - [2025-10-06T21:47:53.839+0000] {dag.py:4180} INFO - Setting next_dagrun for example_kubernetes_executor to None, run_after=None
[2025-10-06T21:47:53.865+0000] {processor.py:208} INFO - Processing /home/airflow/.local/lib/python3.12/site-packages/airflow/example_dags/example_kubernetes_executor.py took 0.115 seconds
[2025-10-06T21:48:25.787+0000] {processor.py:186} INFO - Started process (PID=6413) to work on /home/airflow/.local/lib/python3.12/site-packages/airflow/example_dags/example_kubernetes_executor.py
[2025-10-06T21:48:25.788+0000] {processor.py:914} INFO - Processing file /home/airflow/.local/lib/python3.12/site-packages/airflow/example_dags/example_kubernetes_executor.py for tasks to queue
[2025-10-06T21:48:25.789+0000] {logging_mixin.py:190} INFO - [2025-10-06T21:48:25.789+0000] {dagbag.py:588} INFO - Filling up the DagBag from /home/airflow/.local/lib/python3.12/site-packages/airflow/example_dags/example_kubernetes_executor.py
[2025-10-06T21:48:25.810+0000] {processor.py:925} INFO - DAG(s) 'example_kubernetes_executor' retrieved from /home/airflow/.local/lib/python3.12/site-packages/airflow/example_dags/example_kubernetes_executor.py
[2025-10-06T21:48:25.862+0000] {logging_mixin.py:190} INFO - [2025-10-06T21:48:25.861+0000] {dag.py:3239} INFO - Sync 1 DAGs
[2025-10-06T21:48:25.879+0000] {logging_mixin.py:190} INFO - [2025-10-06T21:48:25.878+0000] {dag.py:4180} INFO - Setting next_dagrun for example_kubernetes_executor to None, run_after=None
[2025-10-06T21:48:25.902+0000] {processor.py:208} INFO - Processing /home/airflow/.local/lib/python3.12/site-packages/airflow/example_dags/example_kubernetes_executor.py took 0.122 seconds
[2025-10-06T21:48:58.146+0000] {processor.py:186} INFO - Started process (PID=6476) to work on /home/airflow/.local/lib/python3.12/site-packages/airflow/example_dags/example_kubernetes_executor.py
[2025-10-06T21:48:58.148+0000] {processor.py:914} INFO - Processing file /home/airflow/.local/lib/python3.12/site-packages/airflow/example_dags/example_kubernetes_executor.py for tasks to queue
[2025-10-06T21:48:58.150+0000] {logging_mixin.py:190} INFO - [2025-10-06T21:48:58.149+0000] {dagbag.py:588} INFO - Filling up the DagBag from /home/airflow/.local/lib/python3.12/site-packages/airflow/example_dags/example_kubernetes_executor.py
[2025-10-06T21:48:58.188+0000] {processor.py:925} INFO - DAG(s) 'example_kubernetes_executor' retrieved from /home/airflow/.local/lib/python3.12/site-packages/airflow/example_dags/example_kubernetes_executor.py
[2025-10-06T21:48:58.256+0000] {logging_mixin.py:190} INFO - [2025-10-06T21:48:58.256+0000] {dag.py:3239} INFO - Sync 1 DAGs
[2025-10-06T21:48:58.282+0000] {logging_mixin.py:190} INFO - [2025-10-06T21:48:58.281+0000] {dag.py:4180} INFO - Setting next_dagrun for example_kubernetes_executor to None, run_after=None
[2025-10-06T21:48:58.312+0000] {processor.py:208} INFO - Processing /home/airflow/.local/lib/python3.12/site-packages/airflow/example_dags/example_kubernetes_executor.py took 0.177 seconds
[2025-10-06T21:49:30.009+0000] {processor.py:186} INFO - Started process (PID=6539) to work on /home/airflow/.local/lib/python3.12/site-packages/airflow/example_dags/example_kubernetes_executor.py
[2025-10-06T21:49:30.010+0000] {processor.py:914} INFO - Processing file /home/airflow/.local/lib/python3.12/site-packages/airflow/example_dags/example_kubernetes_executor.py for tasks to queue
[2025-10-06T21:49:30.012+0000] {logging_mixin.py:190} INFO - [2025-10-06T21:49:30.012+0000] {dagbag.py:588} INFO - Filling up the DagBag from /home/airflow/.local/lib/python3.12/site-packages/airflow/example_dags/example_kubernetes_executor.py
[2025-10-06T21:49:30.034+0000] {processor.py:925} INFO - DAG(s) 'example_kubernetes_executor' retrieved from /home/airflow/.local/lib/python3.12/site-packages/airflow/example_dags/example_kubernetes_executor.py
[2025-10-06T21:49:30.088+0000] {logging_mixin.py:190} INFO - [2025-10-06T21:49:30.088+0000] {dag.py:3239} INFO - Sync 1 DAGs
[2025-10-06T21:49:30.106+0000] {logging_mixin.py:190} INFO - [2025-10-06T21:49:30.106+0000] {dag.py:4180} INFO - Setting next_dagrun for example_kubernetes_executor to None, run_after=None
[2025-10-06T21:49:30.131+0000] {processor.py:208} INFO - Processing /home/airflow/.local/lib/python3.12/site-packages/airflow/example_dags/example_kubernetes_executor.py took 0.130 seconds
[2025-10-06T21:50:01.481+0000] {processor.py:186} INFO - Started process (PID=6602) to work on /home/airflow/.local/lib/python3.12/site-packages/airflow/example_dags/example_kubernetes_executor.py
[2025-10-06T21:50:01.483+0000] {processor.py:914} INFO - Processing file /home/airflow/.local/lib/python3.12/site-packages/airflow/example_dags/example_kubernetes_executor.py for tasks to queue
[2025-10-06T21:50:01.489+0000] {logging_mixin.py:190} INFO - [2025-10-06T21:50:01.488+0000] {dagbag.py:588} INFO - Filling up the DagBag from /home/airflow/.local/lib/python3.12/site-packages/airflow/example_dags/example_kubernetes_executor.py
[2025-10-06T21:50:01.521+0000] {processor.py:925} INFO - DAG(s) 'example_kubernetes_executor' retrieved from /home/airflow/.local/lib/python3.12/site-packages/airflow/example_dags/example_kubernetes_executor.py
[2025-10-06T21:50:01.572+0000] {logging_mixin.py:190} INFO - [2025-10-06T21:50:01.572+0000] {dag.py:3239} INFO - Sync 1 DAGs
[2025-10-06T21:50:01.592+0000] {logging_mixin.py:190} INFO - [2025-10-06T21:50:01.592+0000] {dag.py:4180} INFO - Setting next_dagrun for example_kubernetes_executor to None, run_after=None
[2025-10-06T21:50:01.615+0000] {processor.py:208} INFO - Processing /home/airflow/.local/lib/python3.12/site-packages/airflow/example_dags/example_kubernetes_executor.py took 0.142 seconds
[2025-10-06T21:51:25.865+0000] {processor.py:186} INFO - Started process (PID=56) to work on /home/airflow/.local/lib/python3.12/site-packages/airflow/example_dags/example_kubernetes_executor.py
[2025-10-06T21:51:25.868+0000] {processor.py:914} INFO - Processing file /home/airflow/.local/lib/python3.12/site-packages/airflow/example_dags/example_kubernetes_executor.py for tasks to queue
[2025-10-06T21:51:25.873+0000] {logging_mixin.py:190} INFO - [2025-10-06T21:51:25.872+0000] {dagbag.py:588} INFO - Filling up the DagBag from /home/airflow/.local/lib/python3.12/site-packages/airflow/example_dags/example_kubernetes_executor.py
[2025-10-06T21:51:25.938+0000] {processor.py:925} INFO - DAG(s) 'example_kubernetes_executor' retrieved from /home/airflow/.local/lib/python3.12/site-packages/airflow/example_dags/example_kubernetes_executor.py
[2025-10-06T21:51:26.928+0000] {logging_mixin.py:190} INFO - [2025-10-06T21:51:26.927+0000] {dag.py:3239} INFO - Sync 1 DAGs
[2025-10-06T21:51:26.947+0000] {logging_mixin.py:190} INFO - [2025-10-06T21:51:26.947+0000] {dag.py:4180} INFO - Setting next_dagrun for example_kubernetes_executor to None, run_after=None
[2025-10-06T21:51:27.092+0000] {processor.py:208} INFO - Processing /home/airflow/.local/lib/python3.12/site-packages/airflow/example_dags/example_kubernetes_executor.py took 1.248 seconds
[2025-10-06T21:51:57.566+0000] {processor.py:186} INFO - Started process (PID=120) to work on /home/airflow/.local/lib/python3.12/site-packages/airflow/example_dags/example_kubernetes_executor.py
[2025-10-06T21:51:57.568+0000] {processor.py:914} INFO - Processing file /home/airflow/.local/lib/python3.12/site-packages/airflow/example_dags/example_kubernetes_executor.py for tasks to queue
[2025-10-06T21:51:57.571+0000] {logging_mixin.py:190} INFO - [2025-10-06T21:51:57.571+0000] {dagbag.py:588} INFO - Filling up the DagBag from /home/airflow/.local/lib/python3.12/site-packages/airflow/example_dags/example_kubernetes_executor.py
[2025-10-06T21:51:57.588+0000] {processor.py:925} INFO - DAG(s) 'example_kubernetes_executor' retrieved from /home/airflow/.local/lib/python3.12/site-packages/airflow/example_dags/example_kubernetes_executor.py
[2025-10-06T21:51:57.627+0000] {logging_mixin.py:190} INFO - [2025-10-06T21:51:57.627+0000] {dag.py:3239} INFO - Sync 1 DAGs
[2025-10-06T21:51:57.644+0000] {logging_mixin.py:190} INFO - [2025-10-06T21:51:57.643+0000] {dag.py:4180} INFO - Setting next_dagrun for example_kubernetes_executor to None, run_after=None
[2025-10-06T21:51:57.673+0000] {processor.py:208} INFO - Processing /home/airflow/.local/lib/python3.12/site-packages/airflow/example_dags/example_kubernetes_executor.py took 0.115 seconds
[2025-10-06T21:52:27.857+0000] {processor.py:186} INFO - Started process (PID=183) to work on /home/airflow/.local/lib/python3.12/site-packages/airflow/example_dags/example_kubernetes_executor.py
[2025-10-06T21:52:27.859+0000] {processor.py:914} INFO - Processing file /home/airflow/.local/lib/python3.12/site-packages/airflow/example_dags/example_kubernetes_executor.py for tasks to queue
[2025-10-06T21:52:27.862+0000] {logging_mixin.py:190} INFO - [2025-10-06T21:52:27.861+0000] {dagbag.py:588} INFO - Filling up the DagBag from /home/airflow/.local/lib/python3.12/site-packages/airflow/example_dags/example_kubernetes_executor.py
[2025-10-06T21:52:27.883+0000] {processor.py:925} INFO - DAG(s) 'example_kubernetes_executor' retrieved from /home/airflow/.local/lib/python3.12/site-packages/airflow/example_dags/example_kubernetes_executor.py
[2025-10-06T21:52:27.931+0000] {logging_mixin.py:190} INFO - [2025-10-06T21:52:27.930+0000] {dag.py:3239} INFO - Sync 1 DAGs
[2025-10-06T21:52:27.947+0000] {logging_mixin.py:190} INFO - [2025-10-06T21:52:27.947+0000] {dag.py:4180} INFO - Setting next_dagrun for example_kubernetes_executor to None, run_after=None
[2025-10-06T21:52:27.968+0000] {processor.py:208} INFO - Processing /home/airflow/.local/lib/python3.12/site-packages/airflow/example_dags/example_kubernetes_executor.py took 0.119 seconds
[2025-10-06T21:52:59.851+0000] {processor.py:186} INFO - Started process (PID=246) to work on /home/airflow/.local/lib/python3.12/site-packages/airflow/example_dags/example_kubernetes_executor.py
[2025-10-06T21:52:59.852+0000] {processor.py:914} INFO - Processing file /home/airflow/.local/lib/python3.12/site-packages/airflow/example_dags/example_kubernetes_executor.py for tasks to queue
[2025-10-06T21:52:59.855+0000] {logging_mixin.py:190} INFO - [2025-10-06T21:52:59.855+0000] {dagbag.py:588} INFO - Filling up the DagBag from /home/airflow/.local/lib/python3.12/site-packages/airflow/example_dags/example_kubernetes_executor.py
[2025-10-06T21:52:59.871+0000] {processor.py:925} INFO - DAG(s) 'example_kubernetes_executor' retrieved from /home/airflow/.local/lib/python3.12/site-packages/airflow/example_dags/example_kubernetes_executor.py
[2025-10-06T21:52:59.917+0000] {logging_mixin.py:190} INFO - [2025-10-06T21:52:59.917+0000] {dag.py:3239} INFO - Sync 1 DAGs
[2025-10-06T21:52:59.933+0000] {logging_mixin.py:190} INFO - [2025-10-06T21:52:59.932+0000] {dag.py:4180} INFO - Setting next_dagrun for example_kubernetes_executor to None, run_after=None
[2025-10-06T21:52:59.954+0000] {processor.py:208} INFO - Processing /home/airflow/.local/lib/python3.12/site-packages/airflow/example_dags/example_kubernetes_executor.py took 0.110 seconds
[2025-10-06T21:53:31.311+0000] {processor.py:186} INFO - Started process (PID=310) to work on /home/airflow/.local/lib/python3.12/site-packages/airflow/example_dags/example_kubernetes_executor.py
[2025-10-06T21:53:31.312+0000] {processor.py:914} INFO - Processing file /home/airflow/.local/lib/python3.12/site-packages/airflow/example_dags/example_kubernetes_executor.py for tasks to queue
[2025-10-06T21:53:31.316+0000] {logging_mixin.py:190} INFO - [2025-10-06T21:53:31.315+0000] {dagbag.py:588} INFO - Filling up the DagBag from /home/airflow/.local/lib/python3.12/site-packages/airflow/example_dags/example_kubernetes_executor.py
[2025-10-06T21:53:31.334+0000] {processor.py:925} INFO - DAG(s) 'example_kubernetes_executor' retrieved from /home/airflow/.local/lib/python3.12/site-packages/airflow/example_dags/example_kubernetes_executor.py
[2025-10-06T21:53:31.376+0000] {logging_mixin.py:190} INFO - [2025-10-06T21:53:31.375+0000] {dag.py:3239} INFO - Sync 1 DAGs
[2025-10-06T21:53:31.393+0000] {logging_mixin.py:190} INFO - [2025-10-06T21:53:31.393+0000] {dag.py:4180} INFO - Setting next_dagrun for example_kubernetes_executor to None, run_after=None
[2025-10-06T21:53:31.416+0000] {processor.py:208} INFO - Processing /home/airflow/.local/lib/python3.12/site-packages/airflow/example_dags/example_kubernetes_executor.py took 0.111 seconds
[2025-10-06T21:54:02.890+0000] {processor.py:186} INFO - Started process (PID=373) to work on /home/airflow/.local/lib/python3.12/site-packages/airflow/example_dags/example_kubernetes_executor.py
[2025-10-06T21:54:02.892+0000] {processor.py:914} INFO - Processing file /home/airflow/.local/lib/python3.12/site-packages/airflow/example_dags/example_kubernetes_executor.py for tasks to queue
[2025-10-06T21:54:02.896+0000] {logging_mixin.py:190} INFO - [2025-10-06T21:54:02.896+0000] {dagbag.py:588} INFO - Filling up the DagBag from /home/airflow/.local/lib/python3.12/site-packages/airflow/example_dags/example_kubernetes_executor.py
[2025-10-06T21:54:02.928+0000] {processor.py:925} INFO - DAG(s) 'example_kubernetes_executor' retrieved from /home/airflow/.local/lib/python3.12/site-packages/airflow/example_dags/example_kubernetes_executor.py
[2025-10-06T21:54:03.000+0000] {logging_mixin.py:190} INFO - [2025-10-06T21:54:02.999+0000] {dag.py:3239} INFO - Sync 1 DAGs
[2025-10-06T21:54:03.024+0000] {logging_mixin.py:190} INFO - [2025-10-06T21:54:03.023+0000] {dag.py:4180} INFO - Setting next_dagrun for example_kubernetes_executor to None, run_after=None
[2025-10-06T21:54:03.056+0000] {processor.py:208} INFO - Processing /home/airflow/.local/lib/python3.12/site-packages/airflow/example_dags/example_kubernetes_executor.py took 0.179 seconds
[2025-10-06T21:54:35.038+0000] {processor.py:186} INFO - Started process (PID=436) to work on /home/airflow/.local/lib/python3.12/site-packages/airflow/example_dags/example_kubernetes_executor.py
[2025-10-06T21:54:35.041+0000] {processor.py:914} INFO - Processing file /home/airflow/.local/lib/python3.12/site-packages/airflow/example_dags/example_kubernetes_executor.py for tasks to queue
[2025-10-06T21:54:35.047+0000] {logging_mixin.py:190} INFO - [2025-10-06T21:54:35.046+0000] {dagbag.py:588} INFO - Filling up the DagBag from /home/airflow/.local/lib/python3.12/site-packages/airflow/example_dags/example_kubernetes_executor.py
[2025-10-06T21:54:35.076+0000] {processor.py:925} INFO - DAG(s) 'example_kubernetes_executor' retrieved from /home/airflow/.local/lib/python3.12/site-packages/airflow/example_dags/example_kubernetes_executor.py
[2025-10-06T21:54:35.138+0000] {logging_mixin.py:190} INFO - [2025-10-06T21:54:35.137+0000] {dag.py:3239} INFO - Sync 1 DAGs
[2025-10-06T21:54:35.178+0000] {logging_mixin.py:190} INFO - [2025-10-06T21:54:35.178+0000] {dag.py:4180} INFO - Setting next_dagrun for example_kubernetes_executor to None, run_after=None
[2025-10-06T21:54:35.206+0000] {processor.py:208} INFO - Processing /home/airflow/.local/lib/python3.12/site-packages/airflow/example_dags/example_kubernetes_executor.py took 0.179 seconds
[2025-10-06T21:55:06.915+0000] {processor.py:186} INFO - Started process (PID=499) to work on /home/airflow/.local/lib/python3.12/site-packages/airflow/example_dags/example_kubernetes_executor.py
[2025-10-06T21:55:06.917+0000] {processor.py:914} INFO - Processing file /home/airflow/.local/lib/python3.12/site-packages/airflow/example_dags/example_kubernetes_executor.py for tasks to queue
[2025-10-06T21:55:06.923+0000] {logging_mixin.py:190} INFO - [2025-10-06T21:55:06.922+0000] {dagbag.py:588} INFO - Filling up the DagBag from /home/airflow/.local/lib/python3.12/site-packages/airflow/example_dags/example_kubernetes_executor.py
[2025-10-06T21:55:06.952+0000] {processor.py:925} INFO - DAG(s) 'example_kubernetes_executor' retrieved from /home/airflow/.local/lib/python3.12/site-packages/airflow/example_dags/example_kubernetes_executor.py
[2025-10-06T21:55:07.010+0000] {logging_mixin.py:190} INFO - [2025-10-06T21:55:07.009+0000] {dag.py:3239} INFO - Sync 1 DAGs
[2025-10-06T21:55:07.031+0000] {logging_mixin.py:190} INFO - [2025-10-06T21:55:07.031+0000] {dag.py:4180} INFO - Setting next_dagrun for example_kubernetes_executor to None, run_after=None
[2025-10-06T21:55:07.056+0000] {processor.py:208} INFO - Processing /home/airflow/.local/lib/python3.12/site-packages/airflow/example_dags/example_kubernetes_executor.py took 0.153 seconds
[2025-10-06T21:55:38.608+0000] {processor.py:186} INFO - Started process (PID=563) to work on /home/airflow/.local/lib/python3.12/site-packages/airflow/example_dags/example_kubernetes_executor.py
[2025-10-06T21:55:38.610+0000] {processor.py:914} INFO - Processing file /home/airflow/.local/lib/python3.12/site-packages/airflow/example_dags/example_kubernetes_executor.py for tasks to queue
[2025-10-06T21:55:38.613+0000] {logging_mixin.py:190} INFO - [2025-10-06T21:55:38.612+0000] {dagbag.py:588} INFO - Filling up the DagBag from /home/airflow/.local/lib/python3.12/site-packages/airflow/example_dags/example_kubernetes_executor.py
[2025-10-06T21:55:38.631+0000] {processor.py:925} INFO - DAG(s) 'example_kubernetes_executor' retrieved from /home/airflow/.local/lib/python3.12/site-packages/airflow/example_dags/example_kubernetes_executor.py
[2025-10-06T21:55:38.679+0000] {logging_mixin.py:190} INFO - [2025-10-06T21:55:38.678+0000] {dag.py:3239} INFO - Sync 1 DAGs
[2025-10-06T21:55:38.699+0000] {logging_mixin.py:190} INFO - [2025-10-06T21:55:38.699+0000] {dag.py:4180} INFO - Setting next_dagrun for example_kubernetes_executor to None, run_after=None
[2025-10-06T21:55:38.724+0000] {processor.py:208} INFO - Processing /home/airflow/.local/lib/python3.12/site-packages/airflow/example_dags/example_kubernetes_executor.py took 0.124 seconds
[2025-10-06T21:56:09.970+0000] {processor.py:186} INFO - Started process (PID=626) to work on /home/airflow/.local/lib/python3.12/site-packages/airflow/example_dags/example_kubernetes_executor.py
[2025-10-06T21:56:09.971+0000] {processor.py:914} INFO - Processing file /home/airflow/.local/lib/python3.12/site-packages/airflow/example_dags/example_kubernetes_executor.py for tasks to queue
[2025-10-06T21:56:09.975+0000] {logging_mixin.py:190} INFO - [2025-10-06T21:56:09.974+0000] {dagbag.py:588} INFO - Filling up the DagBag from /home/airflow/.local/lib/python3.12/site-packages/airflow/example_dags/example_kubernetes_executor.py
[2025-10-06T21:56:09.991+0000] {processor.py:925} INFO - DAG(s) 'example_kubernetes_executor' retrieved from /home/airflow/.local/lib/python3.12/site-packages/airflow/example_dags/example_kubernetes_executor.py
[2025-10-06T21:56:10.037+0000] {logging_mixin.py:190} INFO - [2025-10-06T21:56:10.037+0000] {dag.py:3239} INFO - Sync 1 DAGs
[2025-10-06T21:56:10.054+0000] {logging_mixin.py:190} INFO - [2025-10-06T21:56:10.054+0000] {dag.py:4180} INFO - Setting next_dagrun for example_kubernetes_executor to None, run_after=None
[2025-10-06T21:56:10.084+0000] {processor.py:208} INFO - Processing /home/airflow/.local/lib/python3.12/site-packages/airflow/example_dags/example_kubernetes_executor.py took 0.121 seconds
[2025-10-06T21:56:41.808+0000] {processor.py:186} INFO - Started process (PID=689) to work on /home/airflow/.local/lib/python3.12/site-packages/airflow/example_dags/example_kubernetes_executor.py
[2025-10-06T21:56:41.809+0000] {processor.py:914} INFO - Processing file /home/airflow/.local/lib/python3.12/site-packages/airflow/example_dags/example_kubernetes_executor.py for tasks to queue
[2025-10-06T21:56:41.813+0000] {logging_mixin.py:190} INFO - [2025-10-06T21:56:41.813+0000] {dagbag.py:588} INFO - Filling up the DagBag from /home/airflow/.local/lib/python3.12/site-packages/airflow/example_dags/example_kubernetes_executor.py
[2025-10-06T21:56:41.833+0000] {processor.py:925} INFO - DAG(s) 'example_kubernetes_executor' retrieved from /home/airflow/.local/lib/python3.12/site-packages/airflow/example_dags/example_kubernetes_executor.py
[2025-10-06T21:56:41.878+0000] {logging_mixin.py:190} INFO - [2025-10-06T21:56:41.878+0000] {dag.py:3239} INFO - Sync 1 DAGs
[2025-10-06T21:56:41.897+0000] {logging_mixin.py:190} INFO - [2025-10-06T21:56:41.897+0000] {dag.py:4180} INFO - Setting next_dagrun for example_kubernetes_executor to None, run_after=None
[2025-10-06T21:56:41.921+0000] {processor.py:208} INFO - Processing /home/airflow/.local/lib/python3.12/site-packages/airflow/example_dags/example_kubernetes_executor.py took 0.121 seconds
[2025-10-06T21:57:13.937+0000] {processor.py:186} INFO - Started process (PID=753) to work on /home/airflow/.local/lib/python3.12/site-packages/airflow/example_dags/example_kubernetes_executor.py
[2025-10-06T21:57:13.938+0000] {processor.py:914} INFO - Processing file /home/airflow/.local/lib/python3.12/site-packages/airflow/example_dags/example_kubernetes_executor.py for tasks to queue
[2025-10-06T21:57:13.941+0000] {logging_mixin.py:190} INFO - [2025-10-06T21:57:13.941+0000] {dagbag.py:588} INFO - Filling up the DagBag from /home/airflow/.local/lib/python3.12/site-packages/airflow/example_dags/example_kubernetes_executor.py
[2025-10-06T21:57:13.959+0000] {processor.py:925} INFO - DAG(s) 'example_kubernetes_executor' retrieved from /home/airflow/.local/lib/python3.12/site-packages/airflow/example_dags/example_kubernetes_executor.py
[2025-10-06T21:57:14.011+0000] {logging_mixin.py:190} INFO - [2025-10-06T21:57:14.011+0000] {dag.py:3239} INFO - Sync 1 DAGs
[2025-10-06T21:57:14.028+0000] {logging_mixin.py:190} INFO - [2025-10-06T21:57:14.028+0000] {dag.py:4180} INFO - Setting next_dagrun for example_kubernetes_executor to None, run_after=None
[2025-10-06T21:57:14.052+0000] {processor.py:208} INFO - Processing /home/airflow/.local/lib/python3.12/site-packages/airflow/example_dags/example_kubernetes_executor.py took 0.122 seconds
[2025-10-06T21:57:45.225+0000] {processor.py:186} INFO - Started process (PID=816) to work on /home/airflow/.local/lib/python3.12/site-packages/airflow/example_dags/example_kubernetes_executor.py
[2025-10-06T21:57:45.226+0000] {processor.py:914} INFO - Processing file /home/airflow/.local/lib/python3.12/site-packages/airflow/example_dags/example_kubernetes_executor.py for tasks to queue
[2025-10-06T21:57:45.230+0000] {logging_mixin.py:190} INFO - [2025-10-06T21:57:45.229+0000] {dagbag.py:588} INFO - Filling up the DagBag from /home/airflow/.local/lib/python3.12/site-packages/airflow/example_dags/example_kubernetes_executor.py
[2025-10-06T21:57:45.256+0000] {processor.py:925} INFO - DAG(s) 'example_kubernetes_executor' retrieved from /home/airflow/.local/lib/python3.12/site-packages/airflow/example_dags/example_kubernetes_executor.py
[2025-10-06T21:57:45.305+0000] {logging_mixin.py:190} INFO - [2025-10-06T21:57:45.304+0000] {dag.py:3239} INFO - Sync 1 DAGs
[2025-10-06T21:57:45.323+0000] {logging_mixin.py:190} INFO - [2025-10-06T21:57:45.323+0000] {dag.py:4180} INFO - Setting next_dagrun for example_kubernetes_executor to None, run_after=None
[2025-10-06T21:57:45.348+0000] {processor.py:208} INFO - Processing /home/airflow/.local/lib/python3.12/site-packages/airflow/example_dags/example_kubernetes_executor.py took 0.132 seconds
[2025-10-06T21:58:17.027+0000] {processor.py:186} INFO - Started process (PID=880) to work on /home/airflow/.local/lib/python3.12/site-packages/airflow/example_dags/example_kubernetes_executor.py
[2025-10-06T21:58:17.029+0000] {processor.py:914} INFO - Processing file /home/airflow/.local/lib/python3.12/site-packages/airflow/example_dags/example_kubernetes_executor.py for tasks to queue
[2025-10-06T21:58:17.034+0000] {logging_mixin.py:190} INFO - [2025-10-06T21:58:17.033+0000] {dagbag.py:588} INFO - Filling up the DagBag from /home/airflow/.local/lib/python3.12/site-packages/airflow/example_dags/example_kubernetes_executor.py
[2025-10-06T21:58:17.059+0000] {processor.py:925} INFO - DAG(s) 'example_kubernetes_executor' retrieved from /home/airflow/.local/lib/python3.12/site-packages/airflow/example_dags/example_kubernetes_executor.py
[2025-10-06T21:58:17.135+0000] {logging_mixin.py:190} INFO - [2025-10-06T21:58:17.134+0000] {dag.py:3239} INFO - Sync 1 DAGs
[2025-10-06T21:58:17.167+0000] {logging_mixin.py:190} INFO - [2025-10-06T21:58:17.167+0000] {dag.py:4180} INFO - Setting next_dagrun for example_kubernetes_executor to None, run_after=None
[2025-10-06T21:58:17.208+0000] {processor.py:208} INFO - Processing /home/airflow/.local/lib/python3.12/site-packages/airflow/example_dags/example_kubernetes_executor.py took 0.189 seconds
[2025-10-06T21:58:49.138+0000] {processor.py:186} INFO - Started process (PID=943) to work on /home/airflow/.local/lib/python3.12/site-packages/airflow/example_dags/example_kubernetes_executor.py
[2025-10-06T21:58:49.139+0000] {processor.py:914} INFO - Processing file /home/airflow/.local/lib/python3.12/site-packages/airflow/example_dags/example_kubernetes_executor.py for tasks to queue
[2025-10-06T21:58:49.141+0000] {logging_mixin.py:190} INFO - [2025-10-06T21:58:49.141+0000] {dagbag.py:588} INFO - Filling up the DagBag from /home/airflow/.local/lib/python3.12/site-packages/airflow/example_dags/example_kubernetes_executor.py
[2025-10-06T21:58:49.158+0000] {processor.py:925} INFO - DAG(s) 'example_kubernetes_executor' retrieved from /home/airflow/.local/lib/python3.12/site-packages/airflow/example_dags/example_kubernetes_executor.py
[2025-10-06T21:58:49.194+0000] {logging_mixin.py:190} INFO - [2025-10-06T21:58:49.194+0000] {dag.py:3239} INFO - Sync 1 DAGs
[2025-10-06T21:58:49.209+0000] {logging_mixin.py:190} INFO - [2025-10-06T21:58:49.209+0000] {dag.py:4180} INFO - Setting next_dagrun for example_kubernetes_executor to None, run_after=None
[2025-10-06T21:58:49.235+0000] {processor.py:208} INFO - Processing /home/airflow/.local/lib/python3.12/site-packages/airflow/example_dags/example_kubernetes_executor.py took 0.104 seconds
[2025-10-06T21:59:20.755+0000] {processor.py:186} INFO - Started process (PID=1006) to work on /home/airflow/.local/lib/python3.12/site-packages/airflow/example_dags/example_kubernetes_executor.py
[2025-10-06T21:59:20.756+0000] {processor.py:914} INFO - Processing file /home/airflow/.local/lib/python3.12/site-packages/airflow/example_dags/example_kubernetes_executor.py for tasks to queue
[2025-10-06T21:59:20.761+0000] {logging_mixin.py:190} INFO - [2025-10-06T21:59:20.760+0000] {dagbag.py:588} INFO - Filling up the DagBag from /home/airflow/.local/lib/python3.12/site-packages/airflow/example_dags/example_kubernetes_executor.py
[2025-10-06T21:59:20.781+0000] {processor.py:925} INFO - DAG(s) 'example_kubernetes_executor' retrieved from /home/airflow/.local/lib/python3.12/site-packages/airflow/example_dags/example_kubernetes_executor.py
[2025-10-06T21:59:20.824+0000] {logging_mixin.py:190} INFO - [2025-10-06T21:59:20.824+0000] {dag.py:3239} INFO - Sync 1 DAGs
[2025-10-06T21:59:20.841+0000] {logging_mixin.py:190} INFO - [2025-10-06T21:59:20.841+0000] {dag.py:4180} INFO - Setting next_dagrun for example_kubernetes_executor to None, run_after=None
[2025-10-06T21:59:20.867+0000] {processor.py:208} INFO - Processing /home/airflow/.local/lib/python3.12/site-packages/airflow/example_dags/example_kubernetes_executor.py took 0.120 seconds
[2025-10-06T21:59:52.477+0000] {processor.py:186} INFO - Started process (PID=1069) to work on /home/airflow/.local/lib/python3.12/site-packages/airflow/example_dags/example_kubernetes_executor.py
[2025-10-06T21:59:52.479+0000] {processor.py:914} INFO - Processing file /home/airflow/.local/lib/python3.12/site-packages/airflow/example_dags/example_kubernetes_executor.py for tasks to queue
[2025-10-06T21:59:52.483+0000] {logging_mixin.py:190} INFO - [2025-10-06T21:59:52.482+0000] {dagbag.py:588} INFO - Filling up the DagBag from /home/airflow/.local/lib/python3.12/site-packages/airflow/example_dags/example_kubernetes_executor.py
[2025-10-06T21:59:52.507+0000] {processor.py:925} INFO - DAG(s) 'example_kubernetes_executor' retrieved from /home/airflow/.local/lib/python3.12/site-packages/airflow/example_dags/example_kubernetes_executor.py
[2025-10-06T21:59:52.570+0000] {logging_mixin.py:190} INFO - [2025-10-06T21:59:52.570+0000] {dag.py:3239} INFO - Sync 1 DAGs
[2025-10-06T21:59:52.587+0000] {logging_mixin.py:190} INFO - [2025-10-06T21:59:52.587+0000] {dag.py:4180} INFO - Setting next_dagrun for example_kubernetes_executor to None, run_after=None
[2025-10-06T21:59:52.872+0000] {processor.py:208} INFO - Processing /home/airflow/.local/lib/python3.12/site-packages/airflow/example_dags/example_kubernetes_executor.py took 0.405 seconds
[2025-10-06T22:00:23.116+0000] {processor.py:186} INFO - Started process (PID=1133) to work on /home/airflow/.local/lib/python3.12/site-packages/airflow/example_dags/example_kubernetes_executor.py
[2025-10-06T22:00:23.117+0000] {processor.py:914} INFO - Processing file /home/airflow/.local/lib/python3.12/site-packages/airflow/example_dags/example_kubernetes_executor.py for tasks to queue
[2025-10-06T22:00:23.120+0000] {logging_mixin.py:190} INFO - [2025-10-06T22:00:23.119+0000] {dagbag.py:588} INFO - Filling up the DagBag from /home/airflow/.local/lib/python3.12/site-packages/airflow/example_dags/example_kubernetes_executor.py
[2025-10-06T22:00:23.139+0000] {processor.py:925} INFO - DAG(s) 'example_kubernetes_executor' retrieved from /home/airflow/.local/lib/python3.12/site-packages/airflow/example_dags/example_kubernetes_executor.py
[2025-10-06T22:00:23.192+0000] {logging_mixin.py:190} INFO - [2025-10-06T22:00:23.191+0000] {dag.py:3239} INFO - Sync 1 DAGs
[2025-10-06T22:00:23.208+0000] {logging_mixin.py:190} INFO - [2025-10-06T22:00:23.208+0000] {dag.py:4180} INFO - Setting next_dagrun for example_kubernetes_executor to None, run_after=None
[2025-10-06T22:00:23.233+0000] {processor.py:208} INFO - Processing /home/airflow/.local/lib/python3.12/site-packages/airflow/example_dags/example_kubernetes_executor.py took 0.126 seconds
[2025-10-06T22:00:54.168+0000] {processor.py:186} INFO - Started process (PID=1196) to work on /home/airflow/.local/lib/python3.12/site-packages/airflow/example_dags/example_kubernetes_executor.py
[2025-10-06T22:00:54.170+0000] {processor.py:914} INFO - Processing file /home/airflow/.local/lib/python3.12/site-packages/airflow/example_dags/example_kubernetes_executor.py for tasks to queue
[2025-10-06T22:00:54.174+0000] {logging_mixin.py:190} INFO - [2025-10-06T22:00:54.173+0000] {dagbag.py:588} INFO - Filling up the DagBag from /home/airflow/.local/lib/python3.12/site-packages/airflow/example_dags/example_kubernetes_executor.py
[2025-10-06T22:00:54.197+0000] {processor.py:925} INFO - DAG(s) 'example_kubernetes_executor' retrieved from /home/airflow/.local/lib/python3.12/site-packages/airflow/example_dags/example_kubernetes_executor.py
[2025-10-06T22:00:54.264+0000] {logging_mixin.py:190} INFO - [2025-10-06T22:00:54.264+0000] {dag.py:3239} INFO - Sync 1 DAGs
[2025-10-06T22:00:54.293+0000] {logging_mixin.py:190} INFO - [2025-10-06T22:00:54.292+0000] {dag.py:4180} INFO - Setting next_dagrun for example_kubernetes_executor to None, run_after=None
[2025-10-06T22:00:54.326+0000] {processor.py:208} INFO - Processing /home/airflow/.local/lib/python3.12/site-packages/airflow/example_dags/example_kubernetes_executor.py took 0.168 seconds
[2025-10-06T22:01:24.717+0000] {processor.py:186} INFO - Started process (PID=1259) to work on /home/airflow/.local/lib/python3.12/site-packages/airflow/example_dags/example_kubernetes_executor.py
[2025-10-06T22:01:24.719+0000] {processor.py:914} INFO - Processing file /home/airflow/.local/lib/python3.12/site-packages/airflow/example_dags/example_kubernetes_executor.py for tasks to queue
[2025-10-06T22:01:24.724+0000] {logging_mixin.py:190} INFO - [2025-10-06T22:01:24.723+0000] {dagbag.py:588} INFO - Filling up the DagBag from /home/airflow/.local/lib/python3.12/site-packages/airflow/example_dags/example_kubernetes_executor.py
[2025-10-06T22:01:24.754+0000] {processor.py:925} INFO - DAG(s) 'example_kubernetes_executor' retrieved from /home/airflow/.local/lib/python3.12/site-packages/airflow/example_dags/example_kubernetes_executor.py
[2025-10-06T22:01:24.800+0000] {logging_mixin.py:190} INFO - [2025-10-06T22:01:24.800+0000] {dag.py:3239} INFO - Sync 1 DAGs
[2025-10-06T22:01:24.818+0000] {logging_mixin.py:190} INFO - [2025-10-06T22:01:24.818+0000] {dag.py:4180} INFO - Setting next_dagrun for example_kubernetes_executor to None, run_after=None
[2025-10-06T22:01:24.839+0000] {processor.py:208} INFO - Processing /home/airflow/.local/lib/python3.12/site-packages/airflow/example_dags/example_kubernetes_executor.py took 0.133 seconds
[2025-10-06T22:01:55.476+0000] {processor.py:186} INFO - Started process (PID=1322) to work on /home/airflow/.local/lib/python3.12/site-packages/airflow/example_dags/example_kubernetes_executor.py
[2025-10-06T22:01:55.477+0000] {processor.py:914} INFO - Processing file /home/airflow/.local/lib/python3.12/site-packages/airflow/example_dags/example_kubernetes_executor.py for tasks to queue
[2025-10-06T22:01:55.481+0000] {logging_mixin.py:190} INFO - [2025-10-06T22:01:55.480+0000] {dagbag.py:588} INFO - Filling up the DagBag from /home/airflow/.local/lib/python3.12/site-packages/airflow/example_dags/example_kubernetes_executor.py
[2025-10-06T22:01:55.502+0000] {processor.py:925} INFO - DAG(s) 'example_kubernetes_executor' retrieved from /home/airflow/.local/lib/python3.12/site-packages/airflow/example_dags/example_kubernetes_executor.py
[2025-10-06T22:01:55.544+0000] {logging_mixin.py:190} INFO - [2025-10-06T22:01:55.543+0000] {dag.py:3239} INFO - Sync 1 DAGs
[2025-10-06T22:01:55.566+0000] {logging_mixin.py:190} INFO - [2025-10-06T22:01:55.566+0000] {dag.py:4180} INFO - Setting next_dagrun for example_kubernetes_executor to None, run_after=None
[2025-10-06T22:01:55.592+0000] {processor.py:208} INFO - Processing /home/airflow/.local/lib/python3.12/site-packages/airflow/example_dags/example_kubernetes_executor.py took 0.125 seconds
[2025-10-06T22:02:26.007+0000] {processor.py:186} INFO - Started process (PID=1385) to work on /home/airflow/.local/lib/python3.12/site-packages/airflow/example_dags/example_kubernetes_executor.py
[2025-10-06T22:02:26.009+0000] {processor.py:914} INFO - Processing file /home/airflow/.local/lib/python3.12/site-packages/airflow/example_dags/example_kubernetes_executor.py for tasks to queue
[2025-10-06T22:02:26.012+0000] {logging_mixin.py:190} INFO - [2025-10-06T22:02:26.012+0000] {dagbag.py:588} INFO - Filling up the DagBag from /home/airflow/.local/lib/python3.12/site-packages/airflow/example_dags/example_kubernetes_executor.py
[2025-10-06T22:02:26.033+0000] {processor.py:925} INFO - DAG(s) 'example_kubernetes_executor' retrieved from /home/airflow/.local/lib/python3.12/site-packages/airflow/example_dags/example_kubernetes_executor.py
[2025-10-06T22:02:26.082+0000] {logging_mixin.py:190} INFO - [2025-10-06T22:02:26.081+0000] {dag.py:3239} INFO - Sync 1 DAGs
[2025-10-06T22:02:26.111+0000] {logging_mixin.py:190} INFO - [2025-10-06T22:02:26.111+0000] {dag.py:4180} INFO - Setting next_dagrun for example_kubernetes_executor to None, run_after=None
[2025-10-06T22:02:26.149+0000] {processor.py:208} INFO - Processing /home/airflow/.local/lib/python3.12/site-packages/airflow/example_dags/example_kubernetes_executor.py took 0.151 seconds
[2025-10-06T22:02:57.183+0000] {processor.py:186} INFO - Started process (PID=1448) to work on /home/airflow/.local/lib/python3.12/site-packages/airflow/example_dags/example_kubernetes_executor.py
[2025-10-06T22:02:57.185+0000] {processor.py:914} INFO - Processing file /home/airflow/.local/lib/python3.12/site-packages/airflow/example_dags/example_kubernetes_executor.py for tasks to queue
[2025-10-06T22:02:57.192+0000] {logging_mixin.py:190} INFO - [2025-10-06T22:02:57.191+0000] {dagbag.py:588} INFO - Filling up the DagBag from /home/airflow/.local/lib/python3.12/site-packages/airflow/example_dags/example_kubernetes_executor.py
[2025-10-06T22:02:57.227+0000] {processor.py:925} INFO - DAG(s) 'example_kubernetes_executor' retrieved from /home/airflow/.local/lib/python3.12/site-packages/airflow/example_dags/example_kubernetes_executor.py
[2025-10-06T22:02:57.294+0000] {logging_mixin.py:190} INFO - [2025-10-06T22:02:57.294+0000] {dag.py:3239} INFO - Sync 1 DAGs
[2025-10-06T22:02:57.315+0000] {logging_mixin.py:190} INFO - [2025-10-06T22:02:57.315+0000] {dag.py:4180} INFO - Setting next_dagrun for example_kubernetes_executor to None, run_after=None
[2025-10-06T22:02:57.344+0000] {processor.py:208} INFO - Processing /home/airflow/.local/lib/python3.12/site-packages/airflow/example_dags/example_kubernetes_executor.py took 0.175 seconds
[2025-10-06T22:03:28.454+0000] {processor.py:186} INFO - Started process (PID=1511) to work on /home/airflow/.local/lib/python3.12/site-packages/airflow/example_dags/example_kubernetes_executor.py
[2025-10-06T22:03:28.457+0000] {processor.py:914} INFO - Processing file /home/airflow/.local/lib/python3.12/site-packages/airflow/example_dags/example_kubernetes_executor.py for tasks to queue
[2025-10-06T22:03:28.467+0000] {logging_mixin.py:190} INFO - [2025-10-06T22:03:28.466+0000] {dagbag.py:588} INFO - Filling up the DagBag from /home/airflow/.local/lib/python3.12/site-packages/airflow/example_dags/example_kubernetes_executor.py
[2025-10-06T22:03:28.518+0000] {processor.py:925} INFO - DAG(s) 'example_kubernetes_executor' retrieved from /home/airflow/.local/lib/python3.12/site-packages/airflow/example_dags/example_kubernetes_executor.py
[2025-10-06T22:03:28.624+0000] {logging_mixin.py:190} INFO - [2025-10-06T22:03:28.624+0000] {dag.py:3239} INFO - Sync 1 DAGs
[2025-10-06T22:03:28.680+0000] {logging_mixin.py:190} INFO - [2025-10-06T22:03:28.679+0000] {dag.py:4180} INFO - Setting next_dagrun for example_kubernetes_executor to None, run_after=None
[2025-10-06T22:03:28.865+0000] {processor.py:208} INFO - Processing /home/airflow/.local/lib/python3.12/site-packages/airflow/example_dags/example_kubernetes_executor.py took 0.434 seconds
[2025-10-06T22:03:59.439+0000] {processor.py:186} INFO - Started process (PID=1574) to work on /home/airflow/.local/lib/python3.12/site-packages/airflow/example_dags/example_kubernetes_executor.py
[2025-10-06T22:03:59.443+0000] {processor.py:914} INFO - Processing file /home/airflow/.local/lib/python3.12/site-packages/airflow/example_dags/example_kubernetes_executor.py for tasks to queue
[2025-10-06T22:03:59.456+0000] {logging_mixin.py:190} INFO - [2025-10-06T22:03:59.455+0000] {dagbag.py:588} INFO - Filling up the DagBag from /home/airflow/.local/lib/python3.12/site-packages/airflow/example_dags/example_kubernetes_executor.py
[2025-10-06T22:03:59.536+0000] {processor.py:925} INFO - DAG(s) 'example_kubernetes_executor' retrieved from /home/airflow/.local/lib/python3.12/site-packages/airflow/example_dags/example_kubernetes_executor.py
[2025-10-06T22:03:59.713+0000] {logging_mixin.py:190} INFO - [2025-10-06T22:03:59.712+0000] {dag.py:3239} INFO - Sync 1 DAGs
[2025-10-06T22:03:59.757+0000] {logging_mixin.py:190} INFO - [2025-10-06T22:03:59.757+0000] {dag.py:4180} INFO - Setting next_dagrun for example_kubernetes_executor to None, run_after=None
[2025-10-06T22:03:59.817+0000] {processor.py:208} INFO - Processing /home/airflow/.local/lib/python3.12/site-packages/airflow/example_dags/example_kubernetes_executor.py took 0.408 seconds
[2025-10-06T22:04:30.124+0000] {processor.py:186} INFO - Started process (PID=1638) to work on /home/airflow/.local/lib/python3.12/site-packages/airflow/example_dags/example_kubernetes_executor.py
[2025-10-06T22:04:30.128+0000] {processor.py:914} INFO - Processing file /home/airflow/.local/lib/python3.12/site-packages/airflow/example_dags/example_kubernetes_executor.py for tasks to queue
[2025-10-06T22:04:30.134+0000] {logging_mixin.py:190} INFO - [2025-10-06T22:04:30.134+0000] {dagbag.py:588} INFO - Filling up the DagBag from /home/airflow/.local/lib/python3.12/site-packages/airflow/example_dags/example_kubernetes_executor.py
[2025-10-06T22:04:30.174+0000] {processor.py:925} INFO - DAG(s) 'example_kubernetes_executor' retrieved from /home/airflow/.local/lib/python3.12/site-packages/airflow/example_dags/example_kubernetes_executor.py
[2025-10-06T22:04:30.274+0000] {logging_mixin.py:190} INFO - [2025-10-06T22:04:30.273+0000] {dag.py:3239} INFO - Sync 1 DAGs
[2025-10-06T22:04:30.314+0000] {logging_mixin.py:190} INFO - [2025-10-06T22:04:30.313+0000] {dag.py:4180} INFO - Setting next_dagrun for example_kubernetes_executor to None, run_after=None
[2025-10-06T22:04:30.377+0000] {processor.py:208} INFO - Processing /home/airflow/.local/lib/python3.12/site-packages/airflow/example_dags/example_kubernetes_executor.py took 0.273 seconds
[2025-10-06T22:05:01.178+0000] {processor.py:186} INFO - Started process (PID=1701) to work on /home/airflow/.local/lib/python3.12/site-packages/airflow/example_dags/example_kubernetes_executor.py
[2025-10-06T22:05:01.181+0000] {processor.py:914} INFO - Processing file /home/airflow/.local/lib/python3.12/site-packages/airflow/example_dags/example_kubernetes_executor.py for tasks to queue
[2025-10-06T22:05:01.188+0000] {logging_mixin.py:190} INFO - [2025-10-06T22:05:01.187+0000] {dagbag.py:588} INFO - Filling up the DagBag from /home/airflow/.local/lib/python3.12/site-packages/airflow/example_dags/example_kubernetes_executor.py
[2025-10-06T22:05:01.237+0000] {processor.py:925} INFO - DAG(s) 'example_kubernetes_executor' retrieved from /home/airflow/.local/lib/python3.12/site-packages/airflow/example_dags/example_kubernetes_executor.py
[2025-10-06T22:05:01.361+0000] {logging_mixin.py:190} INFO - [2025-10-06T22:05:01.360+0000] {dag.py:3239} INFO - Sync 1 DAGs
[2025-10-06T22:05:01.418+0000] {logging_mixin.py:190} INFO - [2025-10-06T22:05:01.418+0000] {dag.py:4180} INFO - Setting next_dagrun for example_kubernetes_executor to None, run_after=None
[2025-10-06T22:05:01.497+0000] {processor.py:208} INFO - Processing /home/airflow/.local/lib/python3.12/site-packages/airflow/example_dags/example_kubernetes_executor.py took 0.341 seconds
[2025-10-06T22:05:32.492+0000] {processor.py:186} INFO - Started process (PID=1764) to work on /home/airflow/.local/lib/python3.12/site-packages/airflow/example_dags/example_kubernetes_executor.py
[2025-10-06T22:05:32.497+0000] {processor.py:914} INFO - Processing file /home/airflow/.local/lib/python3.12/site-packages/airflow/example_dags/example_kubernetes_executor.py for tasks to queue
[2025-10-06T22:05:32.508+0000] {logging_mixin.py:190} INFO - [2025-10-06T22:05:32.507+0000] {dagbag.py:588} INFO - Filling up the DagBag from /home/airflow/.local/lib/python3.12/site-packages/airflow/example_dags/example_kubernetes_executor.py
[2025-10-06T22:05:32.556+0000] {processor.py:925} INFO - DAG(s) 'example_kubernetes_executor' retrieved from /home/airflow/.local/lib/python3.12/site-packages/airflow/example_dags/example_kubernetes_executor.py
[2025-10-06T22:05:32.652+0000] {logging_mixin.py:190} INFO - [2025-10-06T22:05:32.652+0000] {dag.py:3239} INFO - Sync 1 DAGs
[2025-10-06T22:05:32.694+0000] {logging_mixin.py:190} INFO - [2025-10-06T22:05:32.694+0000] {dag.py:4180} INFO - Setting next_dagrun for example_kubernetes_executor to None, run_after=None
[2025-10-06T22:05:32.741+0000] {processor.py:208} INFO - Processing /home/airflow/.local/lib/python3.12/site-packages/airflow/example_dags/example_kubernetes_executor.py took 0.273 seconds
[2025-10-06T22:06:02.912+0000] {processor.py:186} INFO - Started process (PID=1827) to work on /home/airflow/.local/lib/python3.12/site-packages/airflow/example_dags/example_kubernetes_executor.py
[2025-10-06T22:06:02.915+0000] {processor.py:914} INFO - Processing file /home/airflow/.local/lib/python3.12/site-packages/airflow/example_dags/example_kubernetes_executor.py for tasks to queue
[2025-10-06T22:06:02.922+0000] {logging_mixin.py:190} INFO - [2025-10-06T22:06:02.921+0000] {dagbag.py:588} INFO - Filling up the DagBag from /home/airflow/.local/lib/python3.12/site-packages/airflow/example_dags/example_kubernetes_executor.py
[2025-10-06T22:06:02.972+0000] {processor.py:925} INFO - DAG(s) 'example_kubernetes_executor' retrieved from /home/airflow/.local/lib/python3.12/site-packages/airflow/example_dags/example_kubernetes_executor.py
[2025-10-06T22:06:03.061+0000] {logging_mixin.py:190} INFO - [2025-10-06T22:06:03.061+0000] {dag.py:3239} INFO - Sync 1 DAGs
[2025-10-06T22:06:03.105+0000] {logging_mixin.py:190} INFO - [2025-10-06T22:06:03.105+0000] {dag.py:4180} INFO - Setting next_dagrun for example_kubernetes_executor to None, run_after=None
[2025-10-06T22:06:03.149+0000] {processor.py:208} INFO - Processing /home/airflow/.local/lib/python3.12/site-packages/airflow/example_dags/example_kubernetes_executor.py took 0.256 seconds
[2025-10-06T22:06:34.126+0000] {processor.py:186} INFO - Started process (PID=1890) to work on /home/airflow/.local/lib/python3.12/site-packages/airflow/example_dags/example_kubernetes_executor.py
[2025-10-06T22:06:34.130+0000] {processor.py:914} INFO - Processing file /home/airflow/.local/lib/python3.12/site-packages/airflow/example_dags/example_kubernetes_executor.py for tasks to queue
[2025-10-06T22:06:34.141+0000] {logging_mixin.py:190} INFO - [2025-10-06T22:06:34.139+0000] {dagbag.py:588} INFO - Filling up the DagBag from /home/airflow/.local/lib/python3.12/site-packages/airflow/example_dags/example_kubernetes_executor.py
[2025-10-06T22:06:34.195+0000] {processor.py:925} INFO - DAG(s) 'example_kubernetes_executor' retrieved from /home/airflow/.local/lib/python3.12/site-packages/airflow/example_dags/example_kubernetes_executor.py
[2025-10-06T22:06:34.354+0000] {logging_mixin.py:190} INFO - [2025-10-06T22:06:34.353+0000] {dag.py:3239} INFO - Sync 1 DAGs
[2025-10-06T22:06:34.416+0000] {logging_mixin.py:190} INFO - [2025-10-06T22:06:34.415+0000] {dag.py:4180} INFO - Setting next_dagrun for example_kubernetes_executor to None, run_after=None
[2025-10-06T22:06:34.494+0000] {processor.py:208} INFO - Processing /home/airflow/.local/lib/python3.12/site-packages/airflow/example_dags/example_kubernetes_executor.py took 0.390 seconds
[2025-10-06T22:07:04.908+0000] {processor.py:186} INFO - Started process (PID=1953) to work on /home/airflow/.local/lib/python3.12/site-packages/airflow/example_dags/example_kubernetes_executor.py
[2025-10-06T22:07:04.910+0000] {processor.py:914} INFO - Processing file /home/airflow/.local/lib/python3.12/site-packages/airflow/example_dags/example_kubernetes_executor.py for tasks to queue
[2025-10-06T22:07:04.915+0000] {logging_mixin.py:190} INFO - [2025-10-06T22:07:04.915+0000] {dagbag.py:588} INFO - Filling up the DagBag from /home/airflow/.local/lib/python3.12/site-packages/airflow/example_dags/example_kubernetes_executor.py
[2025-10-06T22:07:04.952+0000] {processor.py:925} INFO - DAG(s) 'example_kubernetes_executor' retrieved from /home/airflow/.local/lib/python3.12/site-packages/airflow/example_dags/example_kubernetes_executor.py
[2025-10-06T22:07:05.030+0000] {logging_mixin.py:190} INFO - [2025-10-06T22:07:05.029+0000] {dag.py:3239} INFO - Sync 1 DAGs
[2025-10-06T22:07:05.061+0000] {logging_mixin.py:190} INFO - [2025-10-06T22:07:05.060+0000] {dag.py:4180} INFO - Setting next_dagrun for example_kubernetes_executor to None, run_after=None
[2025-10-06T22:07:05.103+0000] {processor.py:208} INFO - Processing /home/airflow/.local/lib/python3.12/site-packages/airflow/example_dags/example_kubernetes_executor.py took 0.208 seconds
[2025-10-06T22:07:35.470+0000] {processor.py:186} INFO - Started process (PID=2016) to work on /home/airflow/.local/lib/python3.12/site-packages/airflow/example_dags/example_kubernetes_executor.py
[2025-10-06T22:07:35.475+0000] {processor.py:914} INFO - Processing file /home/airflow/.local/lib/python3.12/site-packages/airflow/example_dags/example_kubernetes_executor.py for tasks to queue
[2025-10-06T22:07:35.487+0000] {logging_mixin.py:190} INFO - [2025-10-06T22:07:35.485+0000] {dagbag.py:588} INFO - Filling up the DagBag from /home/airflow/.local/lib/python3.12/site-packages/airflow/example_dags/example_kubernetes_executor.py
[2025-10-06T22:07:35.565+0000] {processor.py:925} INFO - DAG(s) 'example_kubernetes_executor' retrieved from /home/airflow/.local/lib/python3.12/site-packages/airflow/example_dags/example_kubernetes_executor.py
[2025-10-06T22:07:35.733+0000] {logging_mixin.py:190} INFO - [2025-10-06T22:07:35.732+0000] {dag.py:3239} INFO - Sync 1 DAGs
[2025-10-06T22:07:35.778+0000] {logging_mixin.py:190} INFO - [2025-10-06T22:07:35.777+0000] {dag.py:4180} INFO - Setting next_dagrun for example_kubernetes_executor to None, run_after=None
[2025-10-06T22:07:35.853+0000] {processor.py:208} INFO - Processing /home/airflow/.local/lib/python3.12/site-packages/airflow/example_dags/example_kubernetes_executor.py took 0.413 seconds
[2025-10-06T22:08:06.663+0000] {processor.py:186} INFO - Started process (PID=2080) to work on /home/airflow/.local/lib/python3.12/site-packages/airflow/example_dags/example_kubernetes_executor.py
[2025-10-06T22:08:06.673+0000] {processor.py:914} INFO - Processing file /home/airflow/.local/lib/python3.12/site-packages/airflow/example_dags/example_kubernetes_executor.py for tasks to queue
[2025-10-06T22:08:06.693+0000] {logging_mixin.py:190} INFO - [2025-10-06T22:08:06.692+0000] {dagbag.py:588} INFO - Filling up the DagBag from /home/airflow/.local/lib/python3.12/site-packages/airflow/example_dags/example_kubernetes_executor.py
[2025-10-06T22:08:06.781+0000] {processor.py:925} INFO - DAG(s) 'example_kubernetes_executor' retrieved from /home/airflow/.local/lib/python3.12/site-packages/airflow/example_dags/example_kubernetes_executor.py
[2025-10-06T22:08:06.914+0000] {logging_mixin.py:190} INFO - [2025-10-06T22:08:06.913+0000] {dag.py:3239} INFO - Sync 1 DAGs
[2025-10-06T22:08:06.953+0000] {logging_mixin.py:190} INFO - [2025-10-06T22:08:06.952+0000] {dag.py:4180} INFO - Setting next_dagrun for example_kubernetes_executor to None, run_after=None
[2025-10-06T22:08:06.999+0000] {processor.py:208} INFO - Processing /home/airflow/.local/lib/python3.12/site-packages/airflow/example_dags/example_kubernetes_executor.py took 0.362 seconds
[2025-10-06T22:08:37.719+0000] {processor.py:186} INFO - Started process (PID=2143) to work on /home/airflow/.local/lib/python3.12/site-packages/airflow/example_dags/example_kubernetes_executor.py
[2025-10-06T22:08:37.722+0000] {processor.py:914} INFO - Processing file /home/airflow/.local/lib/python3.12/site-packages/airflow/example_dags/example_kubernetes_executor.py for tasks to queue
[2025-10-06T22:08:37.730+0000] {logging_mixin.py:190} INFO - [2025-10-06T22:08:37.729+0000] {dagbag.py:588} INFO - Filling up the DagBag from /home/airflow/.local/lib/python3.12/site-packages/airflow/example_dags/example_kubernetes_executor.py
[2025-10-06T22:08:37.776+0000] {processor.py:925} INFO - DAG(s) 'example_kubernetes_executor' retrieved from /home/airflow/.local/lib/python3.12/site-packages/airflow/example_dags/example_kubernetes_executor.py
[2025-10-06T22:08:37.865+0000] {logging_mixin.py:190} INFO - [2025-10-06T22:08:37.864+0000] {dag.py:3239} INFO - Sync 1 DAGs
[2025-10-06T22:08:37.896+0000] {logging_mixin.py:190} INFO - [2025-10-06T22:08:37.896+0000] {dag.py:4180} INFO - Setting next_dagrun for example_kubernetes_executor to None, run_after=None
[2025-10-06T22:08:37.938+0000] {processor.py:208} INFO - Processing /home/airflow/.local/lib/python3.12/site-packages/airflow/example_dags/example_kubernetes_executor.py took 0.242 seconds
[2025-10-06T22:09:08.302+0000] {processor.py:186} INFO - Started process (PID=2206) to work on /home/airflow/.local/lib/python3.12/site-packages/airflow/example_dags/example_kubernetes_executor.py
[2025-10-06T22:09:08.305+0000] {processor.py:914} INFO - Processing file /home/airflow/.local/lib/python3.12/site-packages/airflow/example_dags/example_kubernetes_executor.py for tasks to queue
[2025-10-06T22:09:08.312+0000] {logging_mixin.py:190} INFO - [2025-10-06T22:09:08.311+0000] {dagbag.py:588} INFO - Filling up the DagBag from /home/airflow/.local/lib/python3.12/site-packages/airflow/example_dags/example_kubernetes_executor.py
[2025-10-06T22:09:08.359+0000] {processor.py:925} INFO - DAG(s) 'example_kubernetes_executor' retrieved from /home/airflow/.local/lib/python3.12/site-packages/airflow/example_dags/example_kubernetes_executor.py
[2025-10-06T22:09:08.476+0000] {logging_mixin.py:190} INFO - [2025-10-06T22:09:08.475+0000] {dag.py:3239} INFO - Sync 1 DAGs
[2025-10-06T22:09:08.524+0000] {logging_mixin.py:190} INFO - [2025-10-06T22:09:08.523+0000] {dag.py:4180} INFO - Setting next_dagrun for example_kubernetes_executor to None, run_after=None
[2025-10-06T22:09:08.582+0000] {processor.py:208} INFO - Processing /home/airflow/.local/lib/python3.12/site-packages/airflow/example_dags/example_kubernetes_executor.py took 0.298 seconds
[2025-10-06T22:09:39.045+0000] {processor.py:186} INFO - Started process (PID=2268) to work on /home/airflow/.local/lib/python3.12/site-packages/airflow/example_dags/example_kubernetes_executor.py
[2025-10-06T22:09:39.068+0000] {processor.py:914} INFO - Processing file /home/airflow/.local/lib/python3.12/site-packages/airflow/example_dags/example_kubernetes_executor.py for tasks to queue
[2025-10-06T22:09:39.104+0000] {logging_mixin.py:190} INFO - [2025-10-06T22:09:39.102+0000] {dagbag.py:588} INFO - Filling up the DagBag from /home/airflow/.local/lib/python3.12/site-packages/airflow/example_dags/example_kubernetes_executor.py
[2025-10-06T22:09:39.185+0000] {processor.py:925} INFO - DAG(s) 'example_kubernetes_executor' retrieved from /home/airflow/.local/lib/python3.12/site-packages/airflow/example_dags/example_kubernetes_executor.py
[2025-10-06T22:09:39.261+0000] {logging_mixin.py:190} INFO - [2025-10-06T22:09:39.260+0000] {dag.py:3239} INFO - Sync 1 DAGs
[2025-10-06T22:09:39.308+0000] {logging_mixin.py:190} INFO - [2025-10-06T22:09:39.307+0000] {dag.py:4180} INFO - Setting next_dagrun for example_kubernetes_executor to None, run_after=None
[2025-10-06T22:09:39.373+0000] {processor.py:208} INFO - Processing /home/airflow/.local/lib/python3.12/site-packages/airflow/example_dags/example_kubernetes_executor.py took 0.355 seconds
[2025-10-06T22:10:12.951+0000] {processor.py:186} INFO - Started process (PID=2331) to work on /home/airflow/.local/lib/python3.12/site-packages/airflow/example_dags/example_kubernetes_executor.py
[2025-10-06T22:10:12.954+0000] {processor.py:914} INFO - Processing file /home/airflow/.local/lib/python3.12/site-packages/airflow/example_dags/example_kubernetes_executor.py for tasks to queue
[2025-10-06T22:10:12.972+0000] {logging_mixin.py:190} INFO - [2025-10-06T22:10:12.970+0000] {dagbag.py:588} INFO - Filling up the DagBag from /home/airflow/.local/lib/python3.12/site-packages/airflow/example_dags/example_kubernetes_executor.py
[2025-10-06T22:10:13.074+0000] {processor.py:925} INFO - DAG(s) 'example_kubernetes_executor' retrieved from /home/airflow/.local/lib/python3.12/site-packages/airflow/example_dags/example_kubernetes_executor.py
[2025-10-06T22:10:13.192+0000] {logging_mixin.py:190} INFO - [2025-10-06T22:10:13.192+0000] {dag.py:3239} INFO - Sync 1 DAGs
[2025-10-06T22:10:13.243+0000] {logging_mixin.py:190} INFO - [2025-10-06T22:10:13.243+0000] {dag.py:4180} INFO - Setting next_dagrun for example_kubernetes_executor to None, run_after=None
[2025-10-06T22:10:13.298+0000] {processor.py:208} INFO - Processing /home/airflow/.local/lib/python3.12/site-packages/airflow/example_dags/example_kubernetes_executor.py took 0.385 seconds
[2025-10-06T22:10:44.019+0000] {processor.py:186} INFO - Started process (PID=2394) to work on /home/airflow/.local/lib/python3.12/site-packages/airflow/example_dags/example_kubernetes_executor.py
[2025-10-06T22:10:44.024+0000] {processor.py:914} INFO - Processing file /home/airflow/.local/lib/python3.12/site-packages/airflow/example_dags/example_kubernetes_executor.py for tasks to queue
[2025-10-06T22:10:44.036+0000] {logging_mixin.py:190} INFO - [2025-10-06T22:10:44.034+0000] {dagbag.py:588} INFO - Filling up the DagBag from /home/airflow/.local/lib/python3.12/site-packages/airflow/example_dags/example_kubernetes_executor.py
[2025-10-06T22:10:44.117+0000] {processor.py:925} INFO - DAG(s) 'example_kubernetes_executor' retrieved from /home/airflow/.local/lib/python3.12/site-packages/airflow/example_dags/example_kubernetes_executor.py
[2025-10-06T22:10:44.293+0000] {logging_mixin.py:190} INFO - [2025-10-06T22:10:44.293+0000] {dag.py:3239} INFO - Sync 1 DAGs
[2025-10-06T22:10:44.334+0000] {logging_mixin.py:190} INFO - [2025-10-06T22:10:44.333+0000] {dag.py:4180} INFO - Setting next_dagrun for example_kubernetes_executor to None, run_after=None
[2025-10-06T22:10:44.385+0000] {processor.py:208} INFO - Processing /home/airflow/.local/lib/python3.12/site-packages/airflow/example_dags/example_kubernetes_executor.py took 0.395 seconds
[2025-10-06T22:11:14.947+0000] {processor.py:186} INFO - Started process (PID=2457) to work on /home/airflow/.local/lib/python3.12/site-packages/airflow/example_dags/example_kubernetes_executor.py
[2025-10-06T22:11:14.950+0000] {processor.py:914} INFO - Processing file /home/airflow/.local/lib/python3.12/site-packages/airflow/example_dags/example_kubernetes_executor.py for tasks to queue
[2025-10-06T22:11:14.956+0000] {logging_mixin.py:190} INFO - [2025-10-06T22:11:14.955+0000] {dagbag.py:588} INFO - Filling up the DagBag from /home/airflow/.local/lib/python3.12/site-packages/airflow/example_dags/example_kubernetes_executor.py
[2025-10-06T22:11:14.994+0000] {processor.py:925} INFO - DAG(s) 'example_kubernetes_executor' retrieved from /home/airflow/.local/lib/python3.12/site-packages/airflow/example_dags/example_kubernetes_executor.py
[2025-10-06T22:11:15.069+0000] {logging_mixin.py:190} INFO - [2025-10-06T22:11:15.068+0000] {dag.py:3239} INFO - Sync 1 DAGs
[2025-10-06T22:11:15.102+0000] {logging_mixin.py:190} INFO - [2025-10-06T22:11:15.102+0000] {dag.py:4180} INFO - Setting next_dagrun for example_kubernetes_executor to None, run_after=None
[2025-10-06T22:11:15.143+0000] {processor.py:208} INFO - Processing /home/airflow/.local/lib/python3.12/site-packages/airflow/example_dags/example_kubernetes_executor.py took 0.211 seconds
[2025-10-06T22:11:45.318+0000] {processor.py:186} INFO - Started process (PID=2514) to work on /home/airflow/.local/lib/python3.12/site-packages/airflow/example_dags/example_kubernetes_executor.py
[2025-10-06T22:11:45.322+0000] {processor.py:914} INFO - Processing file /home/airflow/.local/lib/python3.12/site-packages/airflow/example_dags/example_kubernetes_executor.py for tasks to queue
[2025-10-06T22:11:45.334+0000] {logging_mixin.py:190} INFO - [2025-10-06T22:11:45.332+0000] {dagbag.py:588} INFO - Filling up the DagBag from /home/airflow/.local/lib/python3.12/site-packages/airflow/example_dags/example_kubernetes_executor.py
[2025-10-06T22:11:45.404+0000] {processor.py:925} INFO - DAG(s) 'example_kubernetes_executor' retrieved from /home/airflow/.local/lib/python3.12/site-packages/airflow/example_dags/example_kubernetes_executor.py
[2025-10-06T22:11:45.560+0000] {logging_mixin.py:190} INFO - [2025-10-06T22:11:45.559+0000] {dag.py:3239} INFO - Sync 1 DAGs
[2025-10-06T22:11:45.636+0000] {logging_mixin.py:190} INFO - [2025-10-06T22:11:45.635+0000] {dag.py:4180} INFO - Setting next_dagrun for example_kubernetes_executor to None, run_after=None
[2025-10-06T22:11:45.743+0000] {processor.py:208} INFO - Processing /home/airflow/.local/lib/python3.12/site-packages/airflow/example_dags/example_kubernetes_executor.py took 0.451 seconds
[2025-10-06T22:19:01.494+0000] {processor.py:186} INFO - Started process (PID=2547) to work on /home/airflow/.local/lib/python3.12/site-packages/airflow/example_dags/example_kubernetes_executor.py
[2025-10-06T22:19:01.510+0000] {processor.py:914} INFO - Processing file /home/airflow/.local/lib/python3.12/site-packages/airflow/example_dags/example_kubernetes_executor.py for tasks to queue
[2025-10-06T22:19:01.616+0000] {logging_mixin.py:190} INFO - [2025-10-06T22:19:01.613+0000] {dagbag.py:588} INFO - Filling up the DagBag from /home/airflow/.local/lib/python3.12/site-packages/airflow/example_dags/example_kubernetes_executor.py
[2025-10-06T22:19:01.880+0000] {processor.py:925} INFO - DAG(s) 'example_kubernetes_executor' retrieved from /home/airflow/.local/lib/python3.12/site-packages/airflow/example_dags/example_kubernetes_executor.py
[2025-10-06T22:19:04.788+0000] {logging_mixin.py:190} INFO - [2025-10-06T22:19:04.787+0000] {dag.py:3239} INFO - Sync 1 DAGs
[2025-10-06T22:19:04.967+0000] {logging_mixin.py:190} INFO - [2025-10-06T22:19:04.966+0000] {dag.py:4180} INFO - Setting next_dagrun for example_kubernetes_executor to None, run_after=None
[2025-10-06T22:19:05.279+0000] {processor.py:208} INFO - Processing /home/airflow/.local/lib/python3.12/site-packages/airflow/example_dags/example_kubernetes_executor.py took 1.668 seconds
[2025-10-06T22:19:36.776+0000] {processor.py:186} INFO - Started process (PID=2610) to work on /home/airflow/.local/lib/python3.12/site-packages/airflow/example_dags/example_kubernetes_executor.py
[2025-10-06T22:19:36.781+0000] {processor.py:914} INFO - Processing file /home/airflow/.local/lib/python3.12/site-packages/airflow/example_dags/example_kubernetes_executor.py for tasks to queue
[2025-10-06T22:19:36.786+0000] {logging_mixin.py:190} INFO - [2025-10-06T22:19:36.785+0000] {dagbag.py:588} INFO - Filling up the DagBag from /home/airflow/.local/lib/python3.12/site-packages/airflow/example_dags/example_kubernetes_executor.py
[2025-10-06T22:19:36.825+0000] {processor.py:925} INFO - DAG(s) 'example_kubernetes_executor' retrieved from /home/airflow/.local/lib/python3.12/site-packages/airflow/example_dags/example_kubernetes_executor.py
[2025-10-06T22:19:36.908+0000] {logging_mixin.py:190} INFO - [2025-10-06T22:19:36.907+0000] {dag.py:3239} INFO - Sync 1 DAGs
[2025-10-06T22:19:36.948+0000] {logging_mixin.py:190} INFO - [2025-10-06T22:19:36.947+0000] {dag.py:4180} INFO - Setting next_dagrun for example_kubernetes_executor to None, run_after=None
[2025-10-06T22:19:37.014+0000] {processor.py:208} INFO - Processing /home/airflow/.local/lib/python3.12/site-packages/airflow/example_dags/example_kubernetes_executor.py took 0.255 seconds
[2025-10-06T22:20:07.441+0000] {processor.py:186} INFO - Started process (PID=2673) to work on /home/airflow/.local/lib/python3.12/site-packages/airflow/example_dags/example_kubernetes_executor.py
[2025-10-06T22:20:07.443+0000] {processor.py:914} INFO - Processing file /home/airflow/.local/lib/python3.12/site-packages/airflow/example_dags/example_kubernetes_executor.py for tasks to queue
[2025-10-06T22:20:07.445+0000] {logging_mixin.py:190} INFO - [2025-10-06T22:20:07.445+0000] {dagbag.py:588} INFO - Filling up the DagBag from /home/airflow/.local/lib/python3.12/site-packages/airflow/example_dags/example_kubernetes_executor.py
[2025-10-06T22:20:07.469+0000] {processor.py:925} INFO - DAG(s) 'example_kubernetes_executor' retrieved from /home/airflow/.local/lib/python3.12/site-packages/airflow/example_dags/example_kubernetes_executor.py
[2025-10-06T22:20:07.547+0000] {logging_mixin.py:190} INFO - [2025-10-06T22:20:07.546+0000] {dag.py:3239} INFO - Sync 1 DAGs
[2025-10-06T22:20:07.584+0000] {logging_mixin.py:190} INFO - [2025-10-06T22:20:07.583+0000] {dag.py:4180} INFO - Setting next_dagrun for example_kubernetes_executor to None, run_after=None
[2025-10-06T22:20:07.638+0000] {processor.py:208} INFO - Processing /home/airflow/.local/lib/python3.12/site-packages/airflow/example_dags/example_kubernetes_executor.py took 0.210 seconds
[2025-10-06T22:20:37.930+0000] {processor.py:186} INFO - Started process (PID=2736) to work on /home/airflow/.local/lib/python3.12/site-packages/airflow/example_dags/example_kubernetes_executor.py
[2025-10-06T22:20:37.934+0000] {processor.py:914} INFO - Processing file /home/airflow/.local/lib/python3.12/site-packages/airflow/example_dags/example_kubernetes_executor.py for tasks to queue
[2025-10-06T22:20:37.943+0000] {logging_mixin.py:190} INFO - [2025-10-06T22:20:37.940+0000] {dagbag.py:588} INFO - Filling up the DagBag from /home/airflow/.local/lib/python3.12/site-packages/airflow/example_dags/example_kubernetes_executor.py
[2025-10-06T22:20:38.021+0000] {processor.py:925} INFO - DAG(s) 'example_kubernetes_executor' retrieved from /home/airflow/.local/lib/python3.12/site-packages/airflow/example_dags/example_kubernetes_executor.py
[2025-10-06T22:20:38.188+0000] {logging_mixin.py:190} INFO - [2025-10-06T22:20:38.187+0000] {dag.py:3239} INFO - Sync 1 DAGs
[2025-10-06T22:20:38.257+0000] {logging_mixin.py:190} INFO - [2025-10-06T22:20:38.256+0000] {dag.py:4180} INFO - Setting next_dagrun for example_kubernetes_executor to None, run_after=None
[2025-10-06T22:20:38.339+0000] {processor.py:208} INFO - Processing /home/airflow/.local/lib/python3.12/site-packages/airflow/example_dags/example_kubernetes_executor.py took 0.435 seconds
[2025-10-06T22:21:08.832+0000] {processor.py:186} INFO - Started process (PID=2799) to work on /home/airflow/.local/lib/python3.12/site-packages/airflow/example_dags/example_kubernetes_executor.py
[2025-10-06T22:21:08.835+0000] {processor.py:914} INFO - Processing file /home/airflow/.local/lib/python3.12/site-packages/airflow/example_dags/example_kubernetes_executor.py for tasks to queue
[2025-10-06T22:21:08.841+0000] {logging_mixin.py:190} INFO - [2025-10-06T22:21:08.840+0000] {dagbag.py:588} INFO - Filling up the DagBag from /home/airflow/.local/lib/python3.12/site-packages/airflow/example_dags/example_kubernetes_executor.py
[2025-10-06T22:21:08.903+0000] {processor.py:925} INFO - DAG(s) 'example_kubernetes_executor' retrieved from /home/airflow/.local/lib/python3.12/site-packages/airflow/example_dags/example_kubernetes_executor.py
[2025-10-06T22:21:10.496+0000] {logging_mixin.py:190} INFO - [2025-10-06T22:21:10.496+0000] {dag.py:3239} INFO - Sync 1 DAGs
[2025-10-06T22:21:10.550+0000] {logging_mixin.py:190} INFO - [2025-10-06T22:21:10.549+0000] {dag.py:4180} INFO - Setting next_dagrun for example_kubernetes_executor to None, run_after=None
[2025-10-06T22:21:10.603+0000] {processor.py:208} INFO - Processing /home/airflow/.local/lib/python3.12/site-packages/airflow/example_dags/example_kubernetes_executor.py took 0.324 seconds
[2025-10-06T22:21:42.283+0000] {processor.py:186} INFO - Started process (PID=2862) to work on /home/airflow/.local/lib/python3.12/site-packages/airflow/example_dags/example_kubernetes_executor.py
[2025-10-06T22:21:42.285+0000] {processor.py:914} INFO - Processing file /home/airflow/.local/lib/python3.12/site-packages/airflow/example_dags/example_kubernetes_executor.py for tasks to queue
[2025-10-06T22:21:42.288+0000] {logging_mixin.py:190} INFO - [2025-10-06T22:21:42.287+0000] {dagbag.py:588} INFO - Filling up the DagBag from /home/airflow/.local/lib/python3.12/site-packages/airflow/example_dags/example_kubernetes_executor.py
[2025-10-06T22:21:42.321+0000] {processor.py:925} INFO - DAG(s) 'example_kubernetes_executor' retrieved from /home/airflow/.local/lib/python3.12/site-packages/airflow/example_dags/example_kubernetes_executor.py
[2025-10-06T22:21:43.784+0000] {logging_mixin.py:190} INFO - [2025-10-06T22:21:43.784+0000] {dag.py:3239} INFO - Sync 1 DAGs
[2025-10-06T22:21:43.825+0000] {logging_mixin.py:190} INFO - [2025-10-06T22:21:43.825+0000] {dag.py:4180} INFO - Setting next_dagrun for example_kubernetes_executor to None, run_after=None
[2025-10-06T22:21:43.871+0000] {processor.py:208} INFO - Processing /home/airflow/.local/lib/python3.12/site-packages/airflow/example_dags/example_kubernetes_executor.py took 0.559 seconds
[2025-10-06T22:22:14.087+0000] {processor.py:186} INFO - Started process (PID=2925) to work on /home/airflow/.local/lib/python3.12/site-packages/airflow/example_dags/example_kubernetes_executor.py
[2025-10-06T22:22:14.090+0000] {processor.py:914} INFO - Processing file /home/airflow/.local/lib/python3.12/site-packages/airflow/example_dags/example_kubernetes_executor.py for tasks to queue
[2025-10-06T22:22:14.095+0000] {logging_mixin.py:190} INFO - [2025-10-06T22:22:14.093+0000] {dagbag.py:588} INFO - Filling up the DagBag from /home/airflow/.local/lib/python3.12/site-packages/airflow/example_dags/example_kubernetes_executor.py
[2025-10-06T22:22:14.137+0000] {processor.py:925} INFO - DAG(s) 'example_kubernetes_executor' retrieved from /home/airflow/.local/lib/python3.12/site-packages/airflow/example_dags/example_kubernetes_executor.py
[2025-10-06T22:22:14.237+0000] {logging_mixin.py:190} INFO - [2025-10-06T22:22:14.236+0000] {dag.py:3239} INFO - Sync 1 DAGs
[2025-10-06T22:22:14.298+0000] {logging_mixin.py:190} INFO - [2025-10-06T22:22:14.297+0000] {dag.py:4180} INFO - Setting next_dagrun for example_kubernetes_executor to None, run_after=None
[2025-10-06T22:22:14.362+0000] {processor.py:208} INFO - Processing /home/airflow/.local/lib/python3.12/site-packages/airflow/example_dags/example_kubernetes_executor.py took 0.293 seconds
[2025-10-06T22:22:44.826+0000] {processor.py:186} INFO - Started process (PID=2987) to work on /home/airflow/.local/lib/python3.12/site-packages/airflow/example_dags/example_kubernetes_executor.py
[2025-10-06T22:22:44.830+0000] {processor.py:914} INFO - Processing file /home/airflow/.local/lib/python3.12/site-packages/airflow/example_dags/example_kubernetes_executor.py for tasks to queue
[2025-10-06T22:22:44.837+0000] {logging_mixin.py:190} INFO - [2025-10-06T22:22:44.835+0000] {dagbag.py:588} INFO - Filling up the DagBag from /home/airflow/.local/lib/python3.12/site-packages/airflow/example_dags/example_kubernetes_executor.py
[2025-10-06T22:22:44.910+0000] {processor.py:925} INFO - DAG(s) 'example_kubernetes_executor' retrieved from /home/airflow/.local/lib/python3.12/site-packages/airflow/example_dags/example_kubernetes_executor.py
[2025-10-06T22:22:45.069+0000] {logging_mixin.py:190} INFO - [2025-10-06T22:22:45.068+0000] {dag.py:3239} INFO - Sync 1 DAGs
[2025-10-06T22:22:45.141+0000] {logging_mixin.py:190} INFO - [2025-10-06T22:22:45.140+0000] {dag.py:4180} INFO - Setting next_dagrun for example_kubernetes_executor to None, run_after=None
[2025-10-06T22:22:45.218+0000] {processor.py:208} INFO - Processing /home/airflow/.local/lib/python3.12/site-packages/airflow/example_dags/example_kubernetes_executor.py took 0.422 seconds
[2025-10-06T22:23:15.696+0000] {processor.py:186} INFO - Started process (PID=3050) to work on /home/airflow/.local/lib/python3.12/site-packages/airflow/example_dags/example_kubernetes_executor.py
[2025-10-06T22:23:15.699+0000] {processor.py:914} INFO - Processing file /home/airflow/.local/lib/python3.12/site-packages/airflow/example_dags/example_kubernetes_executor.py for tasks to queue
[2025-10-06T22:23:15.703+0000] {logging_mixin.py:190} INFO - [2025-10-06T22:23:15.702+0000] {dagbag.py:588} INFO - Filling up the DagBag from /home/airflow/.local/lib/python3.12/site-packages/airflow/example_dags/example_kubernetes_executor.py
[2025-10-06T22:23:15.752+0000] {processor.py:925} INFO - DAG(s) 'example_kubernetes_executor' retrieved from /home/airflow/.local/lib/python3.12/site-packages/airflow/example_dags/example_kubernetes_executor.py
[2025-10-06T22:23:15.863+0000] {logging_mixin.py:190} INFO - [2025-10-06T22:23:15.862+0000] {dag.py:3239} INFO - Sync 1 DAGs
[2025-10-06T22:23:15.914+0000] {logging_mixin.py:190} INFO - [2025-10-06T22:23:15.914+0000] {dag.py:4180} INFO - Setting next_dagrun for example_kubernetes_executor to None, run_after=None
[2025-10-06T22:23:15.967+0000] {processor.py:208} INFO - Processing /home/airflow/.local/lib/python3.12/site-packages/airflow/example_dags/example_kubernetes_executor.py took 0.289 seconds
[2025-10-06T22:23:46.665+0000] {processor.py:186} INFO - Started process (PID=3113) to work on /home/airflow/.local/lib/python3.12/site-packages/airflow/example_dags/example_kubernetes_executor.py
[2025-10-06T22:23:46.670+0000] {processor.py:914} INFO - Processing file /home/airflow/.local/lib/python3.12/site-packages/airflow/example_dags/example_kubernetes_executor.py for tasks to queue
[2025-10-06T22:23:46.677+0000] {logging_mixin.py:190} INFO - [2025-10-06T22:23:46.675+0000] {dagbag.py:588} INFO - Filling up the DagBag from /home/airflow/.local/lib/python3.12/site-packages/airflow/example_dags/example_kubernetes_executor.py
[2025-10-06T22:23:46.746+0000] {processor.py:925} INFO - DAG(s) 'example_kubernetes_executor' retrieved from /home/airflow/.local/lib/python3.12/site-packages/airflow/example_dags/example_kubernetes_executor.py
[2025-10-06T22:23:46.912+0000] {logging_mixin.py:190} INFO - [2025-10-06T22:23:46.911+0000] {dag.py:3239} INFO - Sync 1 DAGs
[2025-10-06T22:23:46.991+0000] {logging_mixin.py:190} INFO - [2025-10-06T22:23:46.990+0000] {dag.py:4180} INFO - Setting next_dagrun for example_kubernetes_executor to None, run_after=None
[2025-10-06T22:23:47.086+0000] {processor.py:208} INFO - Processing /home/airflow/.local/lib/python3.12/site-packages/airflow/example_dags/example_kubernetes_executor.py took 0.449 seconds
[2025-10-06T22:24:17.947+0000] {processor.py:186} INFO - Started process (PID=3177) to work on /home/airflow/.local/lib/python3.12/site-packages/airflow/example_dags/example_kubernetes_executor.py
[2025-10-06T22:24:17.951+0000] {processor.py:914} INFO - Processing file /home/airflow/.local/lib/python3.12/site-packages/airflow/example_dags/example_kubernetes_executor.py for tasks to queue
[2025-10-06T22:24:17.959+0000] {logging_mixin.py:190} INFO - [2025-10-06T22:24:17.956+0000] {dagbag.py:588} INFO - Filling up the DagBag from /home/airflow/.local/lib/python3.12/site-packages/airflow/example_dags/example_kubernetes_executor.py
[2025-10-06T22:24:18.046+0000] {processor.py:925} INFO - DAG(s) 'example_kubernetes_executor' retrieved from /home/airflow/.local/lib/python3.12/site-packages/airflow/example_dags/example_kubernetes_executor.py
[2025-10-06T22:24:18.225+0000] {logging_mixin.py:190} INFO - [2025-10-06T22:24:18.224+0000] {dag.py:3239} INFO - Sync 1 DAGs
[2025-10-06T22:24:18.333+0000] {logging_mixin.py:190} INFO - [2025-10-06T22:24:18.332+0000] {dag.py:4180} INFO - Setting next_dagrun for example_kubernetes_executor to None, run_after=None
[2025-10-06T22:24:18.419+0000] {processor.py:208} INFO - Processing /home/airflow/.local/lib/python3.12/site-packages/airflow/example_dags/example_kubernetes_executor.py took 0.504 seconds
[2025-10-06T22:24:48.974+0000] {processor.py:186} INFO - Started process (PID=3240) to work on /home/airflow/.local/lib/python3.12/site-packages/airflow/example_dags/example_kubernetes_executor.py
[2025-10-06T22:24:48.976+0000] {processor.py:914} INFO - Processing file /home/airflow/.local/lib/python3.12/site-packages/airflow/example_dags/example_kubernetes_executor.py for tasks to queue
[2025-10-06T22:24:48.981+0000] {logging_mixin.py:190} INFO - [2025-10-06T22:24:48.980+0000] {dagbag.py:588} INFO - Filling up the DagBag from /home/airflow/.local/lib/python3.12/site-packages/airflow/example_dags/example_kubernetes_executor.py
[2025-10-06T22:24:49.036+0000] {processor.py:925} INFO - DAG(s) 'example_kubernetes_executor' retrieved from /home/airflow/.local/lib/python3.12/site-packages/airflow/example_dags/example_kubernetes_executor.py
[2025-10-06T22:24:49.110+0000] {logging_mixin.py:190} INFO - [2025-10-06T22:24:49.110+0000] {dag.py:3239} INFO - Sync 1 DAGs
[2025-10-06T22:24:49.141+0000] {logging_mixin.py:190} INFO - [2025-10-06T22:24:49.140+0000] {dag.py:4180} INFO - Setting next_dagrun for example_kubernetes_executor to None, run_after=None
[2025-10-06T22:24:49.207+0000] {processor.py:208} INFO - Processing /home/airflow/.local/lib/python3.12/site-packages/airflow/example_dags/example_kubernetes_executor.py took 0.253 seconds
[2025-10-06T22:25:19.905+0000] {processor.py:186} INFO - Started process (PID=3303) to work on /home/airflow/.local/lib/python3.12/site-packages/airflow/example_dags/example_kubernetes_executor.py
[2025-10-06T22:25:19.908+0000] {processor.py:914} INFO - Processing file /home/airflow/.local/lib/python3.12/site-packages/airflow/example_dags/example_kubernetes_executor.py for tasks to queue
[2025-10-06T22:25:19.911+0000] {logging_mixin.py:190} INFO - [2025-10-06T22:25:19.910+0000] {dagbag.py:588} INFO - Filling up the DagBag from /home/airflow/.local/lib/python3.12/site-packages/airflow/example_dags/example_kubernetes_executor.py
[2025-10-06T22:25:19.951+0000] {processor.py:925} INFO - DAG(s) 'example_kubernetes_executor' retrieved from /home/airflow/.local/lib/python3.12/site-packages/airflow/example_dags/example_kubernetes_executor.py
[2025-10-06T22:25:20.034+0000] {logging_mixin.py:190} INFO - [2025-10-06T22:25:20.034+0000] {dag.py:3239} INFO - Sync 1 DAGs
[2025-10-06T22:25:20.076+0000] {logging_mixin.py:190} INFO - [2025-10-06T22:25:20.076+0000] {dag.py:4180} INFO - Setting next_dagrun for example_kubernetes_executor to None, run_after=None
[2025-10-06T22:25:20.118+0000] {processor.py:208} INFO - Processing /home/airflow/.local/lib/python3.12/site-packages/airflow/example_dags/example_kubernetes_executor.py took 0.227 seconds
[2025-10-06T22:25:50.822+0000] {processor.py:186} INFO - Started process (PID=3366) to work on /home/airflow/.local/lib/python3.12/site-packages/airflow/example_dags/example_kubernetes_executor.py
[2025-10-06T22:25:50.827+0000] {processor.py:914} INFO - Processing file /home/airflow/.local/lib/python3.12/site-packages/airflow/example_dags/example_kubernetes_executor.py for tasks to queue
[2025-10-06T22:25:50.835+0000] {logging_mixin.py:190} INFO - [2025-10-06T22:25:50.833+0000] {dagbag.py:588} INFO - Filling up the DagBag from /home/airflow/.local/lib/python3.12/site-packages/airflow/example_dags/example_kubernetes_executor.py
[2025-10-06T22:25:50.925+0000] {processor.py:925} INFO - DAG(s) 'example_kubernetes_executor' retrieved from /home/airflow/.local/lib/python3.12/site-packages/airflow/example_dags/example_kubernetes_executor.py
[2025-10-06T22:25:51.130+0000] {logging_mixin.py:190} INFO - [2025-10-06T22:25:51.129+0000] {dag.py:3239} INFO - Sync 1 DAGs
[2025-10-06T22:25:51.199+0000] {logging_mixin.py:190} INFO - [2025-10-06T22:25:51.198+0000] {dag.py:4180} INFO - Setting next_dagrun for example_kubernetes_executor to None, run_after=None
[2025-10-06T22:25:51.299+0000] {processor.py:208} INFO - Processing /home/airflow/.local/lib/python3.12/site-packages/airflow/example_dags/example_kubernetes_executor.py took 0.513 seconds
[2025-10-06T22:26:21.774+0000] {processor.py:186} INFO - Started process (PID=3429) to work on /home/airflow/.local/lib/python3.12/site-packages/airflow/example_dags/example_kubernetes_executor.py
[2025-10-06T22:26:21.777+0000] {processor.py:914} INFO - Processing file /home/airflow/.local/lib/python3.12/site-packages/airflow/example_dags/example_kubernetes_executor.py for tasks to queue
[2025-10-06T22:26:21.780+0000] {logging_mixin.py:190} INFO - [2025-10-06T22:26:21.779+0000] {dagbag.py:588} INFO - Filling up the DagBag from /home/airflow/.local/lib/python3.12/site-packages/airflow/example_dags/example_kubernetes_executor.py
[2025-10-06T22:26:21.820+0000] {processor.py:925} INFO - DAG(s) 'example_kubernetes_executor' retrieved from /home/airflow/.local/lib/python3.12/site-packages/airflow/example_dags/example_kubernetes_executor.py
[2025-10-06T22:26:21.892+0000] {logging_mixin.py:190} INFO - [2025-10-06T22:26:21.892+0000] {dag.py:3239} INFO - Sync 1 DAGs
[2025-10-06T22:26:21.925+0000] {logging_mixin.py:190} INFO - [2025-10-06T22:26:21.924+0000] {dag.py:4180} INFO - Setting next_dagrun for example_kubernetes_executor to None, run_after=None
[2025-10-06T22:26:21.993+0000] {processor.py:208} INFO - Processing /home/airflow/.local/lib/python3.12/site-packages/airflow/example_dags/example_kubernetes_executor.py took 0.254 seconds
[2025-10-06T22:26:52.373+0000] {processor.py:186} INFO - Started process (PID=3492) to work on /home/airflow/.local/lib/python3.12/site-packages/airflow/example_dags/example_kubernetes_executor.py
[2025-10-06T22:26:52.378+0000] {processor.py:914} INFO - Processing file /home/airflow/.local/lib/python3.12/site-packages/airflow/example_dags/example_kubernetes_executor.py for tasks to queue
[2025-10-06T22:26:52.385+0000] {logging_mixin.py:190} INFO - [2025-10-06T22:26:52.383+0000] {dagbag.py:588} INFO - Filling up the DagBag from /home/airflow/.local/lib/python3.12/site-packages/airflow/example_dags/example_kubernetes_executor.py
[2025-10-06T22:26:52.457+0000] {processor.py:925} INFO - DAG(s) 'example_kubernetes_executor' retrieved from /home/airflow/.local/lib/python3.12/site-packages/airflow/example_dags/example_kubernetes_executor.py
[2025-10-06T22:26:52.637+0000] {logging_mixin.py:190} INFO - [2025-10-06T22:26:52.636+0000] {dag.py:3239} INFO - Sync 1 DAGs
[2025-10-06T22:26:52.708+0000] {logging_mixin.py:190} INFO - [2025-10-06T22:26:52.707+0000] {dag.py:4180} INFO - Setting next_dagrun for example_kubernetes_executor to None, run_after=None
[2025-10-06T22:26:52.801+0000] {processor.py:208} INFO - Processing /home/airflow/.local/lib/python3.12/site-packages/airflow/example_dags/example_kubernetes_executor.py took 0.458 seconds
[2025-10-06T22:27:23.813+0000] {processor.py:186} INFO - Started process (PID=3555) to work on /home/airflow/.local/lib/python3.12/site-packages/airflow/example_dags/example_kubernetes_executor.py
[2025-10-06T22:27:23.816+0000] {processor.py:914} INFO - Processing file /home/airflow/.local/lib/python3.12/site-packages/airflow/example_dags/example_kubernetes_executor.py for tasks to queue
[2025-10-06T22:27:23.819+0000] {logging_mixin.py:190} INFO - [2025-10-06T22:27:23.818+0000] {dagbag.py:588} INFO - Filling up the DagBag from /home/airflow/.local/lib/python3.12/site-packages/airflow/example_dags/example_kubernetes_executor.py
[2025-10-06T22:27:23.860+0000] {processor.py:925} INFO - DAG(s) 'example_kubernetes_executor' retrieved from /home/airflow/.local/lib/python3.12/site-packages/airflow/example_dags/example_kubernetes_executor.py
[2025-10-06T22:27:23.950+0000] {logging_mixin.py:190} INFO - [2025-10-06T22:27:23.950+0000] {dag.py:3239} INFO - Sync 1 DAGs
[2025-10-06T22:27:23.982+0000] {logging_mixin.py:190} INFO - [2025-10-06T22:27:23.982+0000] {dag.py:4180} INFO - Setting next_dagrun for example_kubernetes_executor to None, run_after=None
[2025-10-06T22:27:24.025+0000] {processor.py:208} INFO - Processing /home/airflow/.local/lib/python3.12/site-packages/airflow/example_dags/example_kubernetes_executor.py took 0.226 seconds
[2025-10-06T22:27:54.304+0000] {processor.py:186} INFO - Started process (PID=3619) to work on /home/airflow/.local/lib/python3.12/site-packages/airflow/example_dags/example_kubernetes_executor.py
[2025-10-06T22:27:54.315+0000] {processor.py:914} INFO - Processing file /home/airflow/.local/lib/python3.12/site-packages/airflow/example_dags/example_kubernetes_executor.py for tasks to queue
[2025-10-06T22:27:54.327+0000] {logging_mixin.py:190} INFO - [2025-10-06T22:27:54.325+0000] {dagbag.py:588} INFO - Filling up the DagBag from /home/airflow/.local/lib/python3.12/site-packages/airflow/example_dags/example_kubernetes_executor.py
[2025-10-06T22:27:54.427+0000] {processor.py:925} INFO - DAG(s) 'example_kubernetes_executor' retrieved from /home/airflow/.local/lib/python3.12/site-packages/airflow/example_dags/example_kubernetes_executor.py
[2025-10-06T22:27:54.530+0000] {logging_mixin.py:190} INFO - [2025-10-06T22:27:54.529+0000] {dag.py:3239} INFO - Sync 1 DAGs
[2025-10-06T22:27:54.566+0000] {logging_mixin.py:190} INFO - [2025-10-06T22:27:54.565+0000] {dag.py:4180} INFO - Setting next_dagrun for example_kubernetes_executor to None, run_after=None
[2025-10-06T22:27:54.611+0000] {processor.py:208} INFO - Processing /home/airflow/.local/lib/python3.12/site-packages/airflow/example_dags/example_kubernetes_executor.py took 0.338 seconds
[2025-10-06T22:28:25.072+0000] {processor.py:186} INFO - Started process (PID=3682) to work on /home/airflow/.local/lib/python3.12/site-packages/airflow/example_dags/example_kubernetes_executor.py
[2025-10-06T22:28:25.077+0000] {processor.py:914} INFO - Processing file /home/airflow/.local/lib/python3.12/site-packages/airflow/example_dags/example_kubernetes_executor.py for tasks to queue
[2025-10-06T22:28:25.086+0000] {logging_mixin.py:190} INFO - [2025-10-06T22:28:25.083+0000] {dagbag.py:588} INFO - Filling up the DagBag from /home/airflow/.local/lib/python3.12/site-packages/airflow/example_dags/example_kubernetes_executor.py
[2025-10-06T22:28:25.156+0000] {processor.py:925} INFO - DAG(s) 'example_kubernetes_executor' retrieved from /home/airflow/.local/lib/python3.12/site-packages/airflow/example_dags/example_kubernetes_executor.py
[2025-10-06T22:28:25.317+0000] {logging_mixin.py:190} INFO - [2025-10-06T22:28:25.316+0000] {dag.py:3239} INFO - Sync 1 DAGs
[2025-10-06T22:28:25.394+0000] {logging_mixin.py:190} INFO - [2025-10-06T22:28:25.393+0000] {dag.py:4180} INFO - Setting next_dagrun for example_kubernetes_executor to None, run_after=None
[2025-10-06T22:28:25.490+0000] {processor.py:208} INFO - Processing /home/airflow/.local/lib/python3.12/site-packages/airflow/example_dags/example_kubernetes_executor.py took 0.449 seconds
[2025-10-06T22:28:56.416+0000] {processor.py:186} INFO - Started process (PID=3745) to work on /home/airflow/.local/lib/python3.12/site-packages/airflow/example_dags/example_kubernetes_executor.py
[2025-10-06T22:28:56.419+0000] {processor.py:914} INFO - Processing file /home/airflow/.local/lib/python3.12/site-packages/airflow/example_dags/example_kubernetes_executor.py for tasks to queue
[2025-10-06T22:28:56.425+0000] {logging_mixin.py:190} INFO - [2025-10-06T22:28:56.423+0000] {dagbag.py:588} INFO - Filling up the DagBag from /home/airflow/.local/lib/python3.12/site-packages/airflow/example_dags/example_kubernetes_executor.py
[2025-10-06T22:28:56.475+0000] {processor.py:925} INFO - DAG(s) 'example_kubernetes_executor' retrieved from /home/airflow/.local/lib/python3.12/site-packages/airflow/example_dags/example_kubernetes_executor.py
[2025-10-06T22:28:56.601+0000] {logging_mixin.py:190} INFO - [2025-10-06T22:28:56.600+0000] {dag.py:3239} INFO - Sync 1 DAGs
[2025-10-06T22:28:56.638+0000] {logging_mixin.py:190} INFO - [2025-10-06T22:28:56.637+0000] {dag.py:4180} INFO - Setting next_dagrun for example_kubernetes_executor to None, run_after=None
[2025-10-06T22:28:56.685+0000] {processor.py:208} INFO - Processing /home/airflow/.local/lib/python3.12/site-packages/airflow/example_dags/example_kubernetes_executor.py took 0.296 seconds
[2025-10-06T22:29:27.043+0000] {processor.py:186} INFO - Started process (PID=3808) to work on /home/airflow/.local/lib/python3.12/site-packages/airflow/example_dags/example_kubernetes_executor.py
[2025-10-06T22:29:27.048+0000] {processor.py:914} INFO - Processing file /home/airflow/.local/lib/python3.12/site-packages/airflow/example_dags/example_kubernetes_executor.py for tasks to queue
[2025-10-06T22:29:27.055+0000] {logging_mixin.py:190} INFO - [2025-10-06T22:29:27.053+0000] {dagbag.py:588} INFO - Filling up the DagBag from /home/airflow/.local/lib/python3.12/site-packages/airflow/example_dags/example_kubernetes_executor.py
[2025-10-06T22:29:27.170+0000] {processor.py:925} INFO - DAG(s) 'example_kubernetes_executor' retrieved from /home/airflow/.local/lib/python3.12/site-packages/airflow/example_dags/example_kubernetes_executor.py
[2025-10-06T22:29:27.528+0000] {logging_mixin.py:190} INFO - [2025-10-06T22:29:27.527+0000] {dag.py:3239} INFO - Sync 1 DAGs
[2025-10-06T22:29:27.735+0000] {logging_mixin.py:190} INFO - [2025-10-06T22:29:27.731+0000] {dag.py:4180} INFO - Setting next_dagrun for example_kubernetes_executor to None, run_after=None
[2025-10-06T22:29:27.939+0000] {processor.py:208} INFO - Processing /home/airflow/.local/lib/python3.12/site-packages/airflow/example_dags/example_kubernetes_executor.py took 0.933 seconds
[2025-10-06T22:30:08.494+0000] {processor.py:186} INFO - Started process (PID=3870) to work on /home/airflow/.local/lib/python3.12/site-packages/airflow/example_dags/example_kubernetes_executor.py
[2025-10-06T22:30:08.498+0000] {processor.py:914} INFO - Processing file /home/airflow/.local/lib/python3.12/site-packages/airflow/example_dags/example_kubernetes_executor.py for tasks to queue
[2025-10-06T22:30:08.502+0000] {logging_mixin.py:190} INFO - [2025-10-06T22:30:08.501+0000] {dagbag.py:588} INFO - Filling up the DagBag from /home/airflow/.local/lib/python3.12/site-packages/airflow/example_dags/example_kubernetes_executor.py
[2025-10-06T22:30:08.540+0000] {processor.py:925} INFO - DAG(s) 'example_kubernetes_executor' retrieved from /home/airflow/.local/lib/python3.12/site-packages/airflow/example_dags/example_kubernetes_executor.py
[2025-10-06T22:30:08.627+0000] {logging_mixin.py:190} INFO - [2025-10-06T22:30:08.626+0000] {dag.py:3239} INFO - Sync 1 DAGs
[2025-10-06T22:30:08.667+0000] {logging_mixin.py:190} INFO - [2025-10-06T22:30:08.666+0000] {dag.py:4180} INFO - Setting next_dagrun for example_kubernetes_executor to None, run_after=None
[2025-10-06T22:30:08.719+0000] {processor.py:208} INFO - Processing /home/airflow/.local/lib/python3.12/site-packages/airflow/example_dags/example_kubernetes_executor.py took 0.245 seconds
[2025-10-06T22:30:39.093+0000] {processor.py:186} INFO - Started process (PID=3935) to work on /home/airflow/.local/lib/python3.12/site-packages/airflow/example_dags/example_kubernetes_executor.py
[2025-10-06T22:30:39.096+0000] {processor.py:914} INFO - Processing file /home/airflow/.local/lib/python3.12/site-packages/airflow/example_dags/example_kubernetes_executor.py for tasks to queue
[2025-10-06T22:30:39.104+0000] {logging_mixin.py:190} INFO - [2025-10-06T22:30:39.103+0000] {dagbag.py:588} INFO - Filling up the DagBag from /home/airflow/.local/lib/python3.12/site-packages/airflow/example_dags/example_kubernetes_executor.py
[2025-10-06T22:30:39.141+0000] {processor.py:925} INFO - DAG(s) 'example_kubernetes_executor' retrieved from /home/airflow/.local/lib/python3.12/site-packages/airflow/example_dags/example_kubernetes_executor.py
[2025-10-06T22:30:39.238+0000] {logging_mixin.py:190} INFO - [2025-10-06T22:30:39.237+0000] {dag.py:3239} INFO - Sync 1 DAGs
[2025-10-06T22:30:39.291+0000] {logging_mixin.py:190} INFO - [2025-10-06T22:30:39.290+0000] {dag.py:4180} INFO - Setting next_dagrun for example_kubernetes_executor to None, run_after=None
[2025-10-06T22:30:39.358+0000] {processor.py:208} INFO - Processing /home/airflow/.local/lib/python3.12/site-packages/airflow/example_dags/example_kubernetes_executor.py took 0.280 seconds
[2025-10-06T22:31:10.030+0000] {processor.py:186} INFO - Started process (PID=3996) to work on /home/airflow/.local/lib/python3.12/site-packages/airflow/example_dags/example_kubernetes_executor.py
[2025-10-06T22:31:10.033+0000] {processor.py:914} INFO - Processing file /home/airflow/.local/lib/python3.12/site-packages/airflow/example_dags/example_kubernetes_executor.py for tasks to queue
[2025-10-06T22:31:10.037+0000] {logging_mixin.py:190} INFO - [2025-10-06T22:31:10.035+0000] {dagbag.py:588} INFO - Filling up the DagBag from /home/airflow/.local/lib/python3.12/site-packages/airflow/example_dags/example_kubernetes_executor.py
[2025-10-06T22:31:10.089+0000] {processor.py:925} INFO - DAG(s) 'example_kubernetes_executor' retrieved from /home/airflow/.local/lib/python3.12/site-packages/airflow/example_dags/example_kubernetes_executor.py
[2025-10-06T22:31:10.185+0000] {logging_mixin.py:190} INFO - [2025-10-06T22:31:10.185+0000] {dag.py:3239} INFO - Sync 1 DAGs
[2025-10-06T22:31:10.229+0000] {logging_mixin.py:190} INFO - [2025-10-06T22:31:10.228+0000] {dag.py:4180} INFO - Setting next_dagrun for example_kubernetes_executor to None, run_after=None
[2025-10-06T22:31:10.281+0000] {processor.py:208} INFO - Processing /home/airflow/.local/lib/python3.12/site-packages/airflow/example_dags/example_kubernetes_executor.py took 0.273 seconds
[2025-10-06T22:31:42.990+0000] {processor.py:186} INFO - Started process (PID=4059) to work on /home/airflow/.local/lib/python3.12/site-packages/airflow/example_dags/example_kubernetes_executor.py
[2025-10-06T22:31:42.996+0000] {processor.py:914} INFO - Processing file /home/airflow/.local/lib/python3.12/site-packages/airflow/example_dags/example_kubernetes_executor.py for tasks to queue
[2025-10-06T22:31:43.001+0000] {logging_mixin.py:190} INFO - [2025-10-06T22:31:42.999+0000] {dagbag.py:588} INFO - Filling up the DagBag from /home/airflow/.local/lib/python3.12/site-packages/airflow/example_dags/example_kubernetes_executor.py
[2025-10-06T22:31:43.034+0000] {processor.py:925} INFO - DAG(s) 'example_kubernetes_executor' retrieved from /home/airflow/.local/lib/python3.12/site-packages/airflow/example_dags/example_kubernetes_executor.py
[2025-10-06T22:31:43.116+0000] {logging_mixin.py:190} INFO - [2025-10-06T22:31:43.116+0000] {dag.py:3239} INFO - Sync 1 DAGs
[2025-10-06T22:31:43.209+0000] {logging_mixin.py:190} INFO - [2025-10-06T22:31:43.207+0000] {dag.py:4180} INFO - Setting next_dagrun for example_kubernetes_executor to None, run_after=None
[2025-10-06T22:31:43.340+0000] {processor.py:208} INFO - Processing /home/airflow/.local/lib/python3.12/site-packages/airflow/example_dags/example_kubernetes_executor.py took 0.364 seconds
[2025-10-06T22:32:14.263+0000] {processor.py:186} INFO - Started process (PID=4111) to work on /home/airflow/.local/lib/python3.12/site-packages/airflow/example_dags/example_kubernetes_executor.py
[2025-10-06T22:32:14.265+0000] {processor.py:914} INFO - Processing file /home/airflow/.local/lib/python3.12/site-packages/airflow/example_dags/example_kubernetes_executor.py for tasks to queue
[2025-10-06T22:32:14.269+0000] {logging_mixin.py:190} INFO - [2025-10-06T22:32:14.268+0000] {dagbag.py:588} INFO - Filling up the DagBag from /home/airflow/.local/lib/python3.12/site-packages/airflow/example_dags/example_kubernetes_executor.py
[2025-10-06T22:32:14.309+0000] {processor.py:925} INFO - DAG(s) 'example_kubernetes_executor' retrieved from /home/airflow/.local/lib/python3.12/site-packages/airflow/example_dags/example_kubernetes_executor.py
[2025-10-06T22:32:14.405+0000] {logging_mixin.py:190} INFO - [2025-10-06T22:32:14.404+0000] {dag.py:3239} INFO - Sync 1 DAGs
[2025-10-06T22:32:14.444+0000] {logging_mixin.py:190} INFO - [2025-10-06T22:32:14.443+0000] {dag.py:4180} INFO - Setting next_dagrun for example_kubernetes_executor to None, run_after=None
[2025-10-06T22:32:14.489+0000] {processor.py:208} INFO - Processing /home/airflow/.local/lib/python3.12/site-packages/airflow/example_dags/example_kubernetes_executor.py took 0.242 seconds
[2025-10-06T22:32:44.867+0000] {processor.py:186} INFO - Started process (PID=4171) to work on /home/airflow/.local/lib/python3.12/site-packages/airflow/example_dags/example_kubernetes_executor.py
[2025-10-06T22:32:44.871+0000] {processor.py:914} INFO - Processing file /home/airflow/.local/lib/python3.12/site-packages/airflow/example_dags/example_kubernetes_executor.py for tasks to queue
[2025-10-06T22:32:44.874+0000] {logging_mixin.py:190} INFO - [2025-10-06T22:32:44.873+0000] {dagbag.py:588} INFO - Filling up the DagBag from /home/airflow/.local/lib/python3.12/site-packages/airflow/example_dags/example_kubernetes_executor.py
[2025-10-06T22:32:44.913+0000] {processor.py:925} INFO - DAG(s) 'example_kubernetes_executor' retrieved from /home/airflow/.local/lib/python3.12/site-packages/airflow/example_dags/example_kubernetes_executor.py
[2025-10-06T22:32:45.081+0000] {logging_mixin.py:190} INFO - [2025-10-06T22:32:45.081+0000] {dag.py:3239} INFO - Sync 1 DAGs
[2025-10-06T22:32:45.129+0000] {logging_mixin.py:190} INFO - [2025-10-06T22:32:45.128+0000] {dag.py:4180} INFO - Setting next_dagrun for example_kubernetes_executor to None, run_after=None
[2025-10-06T22:32:45.179+0000] {processor.py:208} INFO - Processing /home/airflow/.local/lib/python3.12/site-packages/airflow/example_dags/example_kubernetes_executor.py took 0.329 seconds
[2025-10-06T22:33:15.489+0000] {processor.py:186} INFO - Started process (PID=4228) to work on /home/airflow/.local/lib/python3.12/site-packages/airflow/example_dags/example_kubernetes_executor.py
[2025-10-06T22:33:15.493+0000] {processor.py:914} INFO - Processing file /home/airflow/.local/lib/python3.12/site-packages/airflow/example_dags/example_kubernetes_executor.py for tasks to queue
[2025-10-06T22:33:15.496+0000] {logging_mixin.py:190} INFO - [2025-10-06T22:33:15.496+0000] {dagbag.py:588} INFO - Filling up the DagBag from /home/airflow/.local/lib/python3.12/site-packages/airflow/example_dags/example_kubernetes_executor.py
[2025-10-06T22:33:15.557+0000] {processor.py:925} INFO - DAG(s) 'example_kubernetes_executor' retrieved from /home/airflow/.local/lib/python3.12/site-packages/airflow/example_dags/example_kubernetes_executor.py
[2025-10-06T22:33:15.661+0000] {logging_mixin.py:190} INFO - [2025-10-06T22:33:15.661+0000] {dag.py:3239} INFO - Sync 1 DAGs
[2025-10-06T22:33:15.701+0000] {logging_mixin.py:190} INFO - [2025-10-06T22:33:15.700+0000] {dag.py:4180} INFO - Setting next_dagrun for example_kubernetes_executor to None, run_after=None
[2025-10-06T22:33:15.750+0000] {processor.py:208} INFO - Processing /home/airflow/.local/lib/python3.12/site-packages/airflow/example_dags/example_kubernetes_executor.py took 0.280 seconds
[2025-10-06T22:33:47.032+0000] {processor.py:186} INFO - Started process (PID=4282) to work on /home/airflow/.local/lib/python3.12/site-packages/airflow/example_dags/example_kubernetes_executor.py
[2025-10-06T22:33:47.034+0000] {processor.py:914} INFO - Processing file /home/airflow/.local/lib/python3.12/site-packages/airflow/example_dags/example_kubernetes_executor.py for tasks to queue
[2025-10-06T22:33:47.038+0000] {logging_mixin.py:190} INFO - [2025-10-06T22:33:47.037+0000] {dagbag.py:588} INFO - Filling up the DagBag from /home/airflow/.local/lib/python3.12/site-packages/airflow/example_dags/example_kubernetes_executor.py
[2025-10-06T22:33:47.103+0000] {processor.py:925} INFO - DAG(s) 'example_kubernetes_executor' retrieved from /home/airflow/.local/lib/python3.12/site-packages/airflow/example_dags/example_kubernetes_executor.py
[2025-10-06T22:33:47.204+0000] {logging_mixin.py:190} INFO - [2025-10-06T22:33:47.204+0000] {dag.py:3239} INFO - Sync 1 DAGs
[2025-10-06T22:33:47.251+0000] {logging_mixin.py:190} INFO - [2025-10-06T22:33:47.250+0000] {dag.py:4180} INFO - Setting next_dagrun for example_kubernetes_executor to None, run_after=None
[2025-10-06T22:33:47.308+0000] {processor.py:208} INFO - Processing /home/airflow/.local/lib/python3.12/site-packages/airflow/example_dags/example_kubernetes_executor.py took 0.293 seconds
[2025-10-06T22:34:17.847+0000] {processor.py:186} INFO - Started process (PID=4338) to work on /home/airflow/.local/lib/python3.12/site-packages/airflow/example_dags/example_kubernetes_executor.py
[2025-10-06T22:34:17.850+0000] {processor.py:914} INFO - Processing file /home/airflow/.local/lib/python3.12/site-packages/airflow/example_dags/example_kubernetes_executor.py for tasks to queue
[2025-10-06T22:34:17.857+0000] {logging_mixin.py:190} INFO - [2025-10-06T22:34:17.855+0000] {dagbag.py:588} INFO - Filling up the DagBag from /home/airflow/.local/lib/python3.12/site-packages/airflow/example_dags/example_kubernetes_executor.py
[2025-10-06T22:34:17.939+0000] {processor.py:925} INFO - DAG(s) 'example_kubernetes_executor' retrieved from /home/airflow/.local/lib/python3.12/site-packages/airflow/example_dags/example_kubernetes_executor.py
[2025-10-06T22:34:18.223+0000] {logging_mixin.py:190} INFO - [2025-10-06T22:34:18.223+0000] {dag.py:3239} INFO - Sync 1 DAGs
[2025-10-06T22:34:18.270+0000] {logging_mixin.py:190} INFO - [2025-10-06T22:34:18.269+0000] {dag.py:4180} INFO - Setting next_dagrun for example_kubernetes_executor to None, run_after=None
[2025-10-06T22:34:18.333+0000] {processor.py:208} INFO - Processing /home/airflow/.local/lib/python3.12/site-packages/airflow/example_dags/example_kubernetes_executor.py took 0.511 seconds
[2025-10-06T22:34:49.591+0000] {processor.py:186} INFO - Started process (PID=4401) to work on /home/airflow/.local/lib/python3.12/site-packages/airflow/example_dags/example_kubernetes_executor.py
[2025-10-06T22:34:49.604+0000] {processor.py:914} INFO - Processing file /home/airflow/.local/lib/python3.12/site-packages/airflow/example_dags/example_kubernetes_executor.py for tasks to queue
[2025-10-06T22:34:49.610+0000] {logging_mixin.py:190} INFO - [2025-10-06T22:34:49.609+0000] {dagbag.py:588} INFO - Filling up the DagBag from /home/airflow/.local/lib/python3.12/site-packages/airflow/example_dags/example_kubernetes_executor.py
[2025-10-06T22:34:49.728+0000] {processor.py:925} INFO - DAG(s) 'example_kubernetes_executor' retrieved from /home/airflow/.local/lib/python3.12/site-packages/airflow/example_dags/example_kubernetes_executor.py
[2025-10-06T22:34:49.988+0000] {logging_mixin.py:190} INFO - [2025-10-06T22:34:49.987+0000] {dag.py:3239} INFO - Sync 1 DAGs
[2025-10-06T22:34:50.081+0000] {logging_mixin.py:190} INFO - [2025-10-06T22:34:50.080+0000] {dag.py:4180} INFO - Setting next_dagrun for example_kubernetes_executor to None, run_after=None
[2025-10-06T22:34:50.214+0000] {processor.py:208} INFO - Processing /home/airflow/.local/lib/python3.12/site-packages/airflow/example_dags/example_kubernetes_executor.py took 0.662 seconds
[2025-10-06T22:35:21.256+0000] {processor.py:186} INFO - Started process (PID=4464) to work on /home/airflow/.local/lib/python3.12/site-packages/airflow/example_dags/example_kubernetes_executor.py
[2025-10-06T22:35:21.260+0000] {processor.py:914} INFO - Processing file /home/airflow/.local/lib/python3.12/site-packages/airflow/example_dags/example_kubernetes_executor.py for tasks to queue
[2025-10-06T22:35:21.265+0000] {logging_mixin.py:190} INFO - [2025-10-06T22:35:21.264+0000] {dagbag.py:588} INFO - Filling up the DagBag from /home/airflow/.local/lib/python3.12/site-packages/airflow/example_dags/example_kubernetes_executor.py
[2025-10-06T22:35:21.319+0000] {processor.py:925} INFO - DAG(s) 'example_kubernetes_executor' retrieved from /home/airflow/.local/lib/python3.12/site-packages/airflow/example_dags/example_kubernetes_executor.py
[2025-10-06T22:35:21.433+0000] {logging_mixin.py:190} INFO - [2025-10-06T22:35:21.432+0000] {dag.py:3239} INFO - Sync 1 DAGs
[2025-10-06T22:35:21.494+0000] {logging_mixin.py:190} INFO - [2025-10-06T22:35:21.493+0000] {dag.py:4180} INFO - Setting next_dagrun for example_kubernetes_executor to None, run_after=None
[2025-10-06T22:35:21.572+0000] {processor.py:208} INFO - Processing /home/airflow/.local/lib/python3.12/site-packages/airflow/example_dags/example_kubernetes_executor.py took 0.334 seconds
[2025-10-06T22:38:54.977+0000] {processor.py:186} INFO - Started process (PID=4508) to work on /home/airflow/.local/lib/python3.12/site-packages/airflow/example_dags/example_kubernetes_executor.py
[2025-10-06T22:38:54.982+0000] {processor.py:914} INFO - Processing file /home/airflow/.local/lib/python3.12/site-packages/airflow/example_dags/example_kubernetes_executor.py for tasks to queue
[2025-10-06T22:38:55.004+0000] {logging_mixin.py:190} INFO - [2025-10-06T22:38:54.994+0000] {dagbag.py:588} INFO - Filling up the DagBag from /home/airflow/.local/lib/python3.12/site-packages/airflow/example_dags/example_kubernetes_executor.py
[2025-10-06T22:38:55.214+0000] {processor.py:925} INFO - DAG(s) 'example_kubernetes_executor' retrieved from /home/airflow/.local/lib/python3.12/site-packages/airflow/example_dags/example_kubernetes_executor.py
[2025-10-06T22:38:55.970+0000] {logging_mixin.py:190} INFO - [2025-10-06T22:38:55.969+0000] {dag.py:3239} INFO - Sync 1 DAGs
[2025-10-06T22:38:56.020+0000] {logging_mixin.py:190} INFO - [2025-10-06T22:38:56.019+0000] {dag.py:4180} INFO - Setting next_dagrun for example_kubernetes_executor to None, run_after=None
[2025-10-06T22:38:56.080+0000] {processor.py:208} INFO - Processing /home/airflow/.local/lib/python3.12/site-packages/airflow/example_dags/example_kubernetes_executor.py took 1.194 seconds
[2025-10-06T22:40:40.266+0000] {processor.py:186} INFO - Started process (PID=75) to work on /home/airflow/.local/lib/python3.12/site-packages/airflow/example_dags/example_kubernetes_executor.py
[2025-10-06T22:40:40.272+0000] {processor.py:914} INFO - Processing file /home/airflow/.local/lib/python3.12/site-packages/airflow/example_dags/example_kubernetes_executor.py for tasks to queue
[2025-10-06T22:40:40.289+0000] {logging_mixin.py:190} INFO - [2025-10-06T22:40:40.286+0000] {dagbag.py:588} INFO - Filling up the DagBag from /home/airflow/.local/lib/python3.12/site-packages/airflow/example_dags/example_kubernetes_executor.py
[2025-10-06T22:40:40.408+0000] {processor.py:925} INFO - DAG(s) 'example_kubernetes_executor' retrieved from /home/airflow/.local/lib/python3.12/site-packages/airflow/example_dags/example_kubernetes_executor.py
[2025-10-06T22:40:41.598+0000] {logging_mixin.py:190} INFO - [2025-10-06T22:40:41.598+0000] {dag.py:3239} INFO - Sync 1 DAGs
[2025-10-06T22:40:41.633+0000] {logging_mixin.py:190} INFO - [2025-10-06T22:40:41.632+0000] {dag.py:4180} INFO - Setting next_dagrun for example_kubernetes_executor to None, run_after=None
[2025-10-06T22:40:41.677+0000] {processor.py:208} INFO - Processing /home/airflow/.local/lib/python3.12/site-packages/airflow/example_dags/example_kubernetes_executor.py took 0.424 seconds
[2025-10-06T22:41:14.052+0000] {processor.py:186} INFO - Started process (PID=138) to work on /home/airflow/.local/lib/python3.12/site-packages/airflow/example_dags/example_kubernetes_executor.py
[2025-10-06T22:41:14.056+0000] {processor.py:914} INFO - Processing file /home/airflow/.local/lib/python3.12/site-packages/airflow/example_dags/example_kubernetes_executor.py for tasks to queue
[2025-10-06T22:41:14.065+0000] {logging_mixin.py:190} INFO - [2025-10-06T22:41:14.064+0000] {dagbag.py:588} INFO - Filling up the DagBag from /home/airflow/.local/lib/python3.12/site-packages/airflow/example_dags/example_kubernetes_executor.py
[2025-10-06T22:41:14.134+0000] {processor.py:925} INFO - DAG(s) 'example_kubernetes_executor' retrieved from /home/airflow/.local/lib/python3.12/site-packages/airflow/example_dags/example_kubernetes_executor.py
[2025-10-06T22:41:14.344+0000] {logging_mixin.py:190} INFO - [2025-10-06T22:41:14.343+0000] {dag.py:3239} INFO - Sync 1 DAGs
[2025-10-06T22:41:14.402+0000] {logging_mixin.py:190} INFO - [2025-10-06T22:41:14.401+0000] {dag.py:4180} INFO - Setting next_dagrun for example_kubernetes_executor to None, run_after=None
[2025-10-06T22:41:14.474+0000] {processor.py:208} INFO - Processing /home/airflow/.local/lib/python3.12/site-packages/airflow/example_dags/example_kubernetes_executor.py took 0.443 seconds
[2025-10-06T22:41:45.410+0000] {processor.py:186} INFO - Started process (PID=201) to work on /home/airflow/.local/lib/python3.12/site-packages/airflow/example_dags/example_kubernetes_executor.py
[2025-10-06T22:41:45.414+0000] {processor.py:914} INFO - Processing file /home/airflow/.local/lib/python3.12/site-packages/airflow/example_dags/example_kubernetes_executor.py for tasks to queue
[2025-10-06T22:41:45.426+0000] {logging_mixin.py:190} INFO - [2025-10-06T22:41:45.424+0000] {dagbag.py:588} INFO - Filling up the DagBag from /home/airflow/.local/lib/python3.12/site-packages/airflow/example_dags/example_kubernetes_executor.py
[2025-10-06T22:41:45.491+0000] {processor.py:925} INFO - DAG(s) 'example_kubernetes_executor' retrieved from /home/airflow/.local/lib/python3.12/site-packages/airflow/example_dags/example_kubernetes_executor.py
[2025-10-06T22:41:45.613+0000] {logging_mixin.py:190} INFO - [2025-10-06T22:41:45.613+0000] {dag.py:3239} INFO - Sync 1 DAGs
[2025-10-06T22:41:45.662+0000] {logging_mixin.py:190} INFO - [2025-10-06T22:41:45.662+0000] {dag.py:4180} INFO - Setting next_dagrun for example_kubernetes_executor to None, run_after=None
[2025-10-06T22:41:45.730+0000] {processor.py:208} INFO - Processing /home/airflow/.local/lib/python3.12/site-packages/airflow/example_dags/example_kubernetes_executor.py took 0.345 seconds
[2025-10-06T22:42:17.689+0000] {processor.py:186} INFO - Started process (PID=264) to work on /home/airflow/.local/lib/python3.12/site-packages/airflow/example_dags/example_kubernetes_executor.py
[2025-10-06T22:42:17.693+0000] {processor.py:914} INFO - Processing file /home/airflow/.local/lib/python3.12/site-packages/airflow/example_dags/example_kubernetes_executor.py for tasks to queue
[2025-10-06T22:42:17.705+0000] {logging_mixin.py:190} INFO - [2025-10-06T22:42:17.703+0000] {dagbag.py:588} INFO - Filling up the DagBag from /home/airflow/.local/lib/python3.12/site-packages/airflow/example_dags/example_kubernetes_executor.py
[2025-10-06T22:42:17.804+0000] {processor.py:925} INFO - DAG(s) 'example_kubernetes_executor' retrieved from /home/airflow/.local/lib/python3.12/site-packages/airflow/example_dags/example_kubernetes_executor.py
[2025-10-06T22:42:17.974+0000] {logging_mixin.py:190} INFO - [2025-10-06T22:42:17.973+0000] {dag.py:3239} INFO - Sync 1 DAGs
[2025-10-06T22:42:18.043+0000] {logging_mixin.py:190} INFO - [2025-10-06T22:42:18.042+0000] {dag.py:4180} INFO - Setting next_dagrun for example_kubernetes_executor to None, run_after=None
[2025-10-06T22:42:18.110+0000] {processor.py:208} INFO - Processing /home/airflow/.local/lib/python3.12/site-packages/airflow/example_dags/example_kubernetes_executor.py took 0.453 seconds
[2025-10-06T22:42:49.025+0000] {processor.py:186} INFO - Started process (PID=328) to work on /home/airflow/.local/lib/python3.12/site-packages/airflow/example_dags/example_kubernetes_executor.py
[2025-10-06T22:42:49.030+0000] {processor.py:914} INFO - Processing file /home/airflow/.local/lib/python3.12/site-packages/airflow/example_dags/example_kubernetes_executor.py for tasks to queue
[2025-10-06T22:42:49.043+0000] {logging_mixin.py:190} INFO - [2025-10-06T22:42:49.042+0000] {dagbag.py:588} INFO - Filling up the DagBag from /home/airflow/.local/lib/python3.12/site-packages/airflow/example_dags/example_kubernetes_executor.py
[2025-10-06T22:42:49.118+0000] {processor.py:925} INFO - DAG(s) 'example_kubernetes_executor' retrieved from /home/airflow/.local/lib/python3.12/site-packages/airflow/example_dags/example_kubernetes_executor.py
[2025-10-06T22:42:49.306+0000] {logging_mixin.py:190} INFO - [2025-10-06T22:42:49.306+0000] {dag.py:3239} INFO - Sync 1 DAGs
[2025-10-06T22:42:49.373+0000] {logging_mixin.py:190} INFO - [2025-10-06T22:42:49.371+0000] {dag.py:4180} INFO - Setting next_dagrun for example_kubernetes_executor to None, run_after=None
[2025-10-06T22:42:49.462+0000] {processor.py:208} INFO - Processing /home/airflow/.local/lib/python3.12/site-packages/airflow/example_dags/example_kubernetes_executor.py took 0.469 seconds
[2025-10-06T22:43:21.146+0000] {processor.py:186} INFO - Started process (PID=392) to work on /home/airflow/.local/lib/python3.12/site-packages/airflow/example_dags/example_kubernetes_executor.py
[2025-10-06T22:43:21.150+0000] {processor.py:914} INFO - Processing file /home/airflow/.local/lib/python3.12/site-packages/airflow/example_dags/example_kubernetes_executor.py for tasks to queue
[2025-10-06T22:43:21.158+0000] {logging_mixin.py:190} INFO - [2025-10-06T22:43:21.157+0000] {dagbag.py:588} INFO - Filling up the DagBag from /home/airflow/.local/lib/python3.12/site-packages/airflow/example_dags/example_kubernetes_executor.py
[2025-10-06T22:43:21.228+0000] {processor.py:925} INFO - DAG(s) 'example_kubernetes_executor' retrieved from /home/airflow/.local/lib/python3.12/site-packages/airflow/example_dags/example_kubernetes_executor.py
[2025-10-06T22:43:21.407+0000] {logging_mixin.py:190} INFO - [2025-10-06T22:43:21.406+0000] {dag.py:3239} INFO - Sync 1 DAGs
[2025-10-06T22:43:21.459+0000] {logging_mixin.py:190} INFO - [2025-10-06T22:43:21.459+0000] {dag.py:4180} INFO - Setting next_dagrun for example_kubernetes_executor to None, run_after=None
[2025-10-06T22:43:21.518+0000] {processor.py:208} INFO - Processing /home/airflow/.local/lib/python3.12/site-packages/airflow/example_dags/example_kubernetes_executor.py took 0.391 seconds
[2025-10-06T22:43:52.837+0000] {processor.py:186} INFO - Started process (PID=455) to work on /home/airflow/.local/lib/python3.12/site-packages/airflow/example_dags/example_kubernetes_executor.py
[2025-10-06T22:43:52.840+0000] {processor.py:914} INFO - Processing file /home/airflow/.local/lib/python3.12/site-packages/airflow/example_dags/example_kubernetes_executor.py for tasks to queue
[2025-10-06T22:43:52.847+0000] {logging_mixin.py:190} INFO - [2025-10-06T22:43:52.846+0000] {dagbag.py:588} INFO - Filling up the DagBag from /home/airflow/.local/lib/python3.12/site-packages/airflow/example_dags/example_kubernetes_executor.py
[2025-10-06T22:43:52.884+0000] {processor.py:925} INFO - DAG(s) 'example_kubernetes_executor' retrieved from /home/airflow/.local/lib/python3.12/site-packages/airflow/example_dags/example_kubernetes_executor.py
[2025-10-06T22:43:52.980+0000] {logging_mixin.py:190} INFO - [2025-10-06T22:43:52.979+0000] {dag.py:3239} INFO - Sync 1 DAGs
[2025-10-06T22:43:53.022+0000] {logging_mixin.py:190} INFO - [2025-10-06T22:43:53.022+0000] {dag.py:4180} INFO - Setting next_dagrun for example_kubernetes_executor to None, run_after=None
[2025-10-06T22:43:53.129+0000] {processor.py:208} INFO - Processing /home/airflow/.local/lib/python3.12/site-packages/airflow/example_dags/example_kubernetes_executor.py took 0.308 seconds
[2025-10-06T22:44:24.706+0000] {processor.py:186} INFO - Started process (PID=518) to work on /home/airflow/.local/lib/python3.12/site-packages/airflow/example_dags/example_kubernetes_executor.py
[2025-10-06T22:44:24.712+0000] {processor.py:914} INFO - Processing file /home/airflow/.local/lib/python3.12/site-packages/airflow/example_dags/example_kubernetes_executor.py for tasks to queue
[2025-10-06T22:44:24.728+0000] {logging_mixin.py:190} INFO - [2025-10-06T22:44:24.727+0000] {dagbag.py:588} INFO - Filling up the DagBag from /home/airflow/.local/lib/python3.12/site-packages/airflow/example_dags/example_kubernetes_executor.py
[2025-10-06T22:44:24.828+0000] {processor.py:925} INFO - DAG(s) 'example_kubernetes_executor' retrieved from /home/airflow/.local/lib/python3.12/site-packages/airflow/example_dags/example_kubernetes_executor.py
[2025-10-06T22:44:24.942+0000] {logging_mixin.py:190} INFO - [2025-10-06T22:44:24.942+0000] {dag.py:3239} INFO - Sync 1 DAGs
[2025-10-06T22:44:24.984+0000] {logging_mixin.py:190} INFO - [2025-10-06T22:44:24.984+0000] {dag.py:4180} INFO - Setting next_dagrun for example_kubernetes_executor to None, run_after=None
[2025-10-06T22:44:25.030+0000] {processor.py:208} INFO - Processing /home/airflow/.local/lib/python3.12/site-packages/airflow/example_dags/example_kubernetes_executor.py took 0.356 seconds
[2025-10-06T22:44:56.926+0000] {processor.py:186} INFO - Started process (PID=581) to work on /home/airflow/.local/lib/python3.12/site-packages/airflow/example_dags/example_kubernetes_executor.py
[2025-10-06T22:44:56.932+0000] {processor.py:914} INFO - Processing file /home/airflow/.local/lib/python3.12/site-packages/airflow/example_dags/example_kubernetes_executor.py for tasks to queue
[2025-10-06T22:44:56.941+0000] {logging_mixin.py:190} INFO - [2025-10-06T22:44:56.940+0000] {dagbag.py:588} INFO - Filling up the DagBag from /home/airflow/.local/lib/python3.12/site-packages/airflow/example_dags/example_kubernetes_executor.py
[2025-10-06T22:44:56.995+0000] {processor.py:925} INFO - DAG(s) 'example_kubernetes_executor' retrieved from /home/airflow/.local/lib/python3.12/site-packages/airflow/example_dags/example_kubernetes_executor.py
[2025-10-06T22:44:57.133+0000] {logging_mixin.py:190} INFO - [2025-10-06T22:44:57.132+0000] {dag.py:3239} INFO - Sync 1 DAGs
[2025-10-06T22:44:57.186+0000] {logging_mixin.py:190} INFO - [2025-10-06T22:44:57.186+0000] {dag.py:4180} INFO - Setting next_dagrun for example_kubernetes_executor to None, run_after=None
[2025-10-06T22:44:57.237+0000] {processor.py:208} INFO - Processing /home/airflow/.local/lib/python3.12/site-packages/airflow/example_dags/example_kubernetes_executor.py took 0.352 seconds
[2025-10-06T22:45:28.259+0000] {processor.py:186} INFO - Started process (PID=644) to work on /home/airflow/.local/lib/python3.12/site-packages/airflow/example_dags/example_kubernetes_executor.py
[2025-10-06T22:45:28.263+0000] {processor.py:914} INFO - Processing file /home/airflow/.local/lib/python3.12/site-packages/airflow/example_dags/example_kubernetes_executor.py for tasks to queue
[2025-10-06T22:45:28.268+0000] {logging_mixin.py:190} INFO - [2025-10-06T22:45:28.268+0000] {dagbag.py:588} INFO - Filling up the DagBag from /home/airflow/.local/lib/python3.12/site-packages/airflow/example_dags/example_kubernetes_executor.py
[2025-10-06T22:45:28.306+0000] {processor.py:925} INFO - DAG(s) 'example_kubernetes_executor' retrieved from /home/airflow/.local/lib/python3.12/site-packages/airflow/example_dags/example_kubernetes_executor.py
[2025-10-06T22:45:28.392+0000] {logging_mixin.py:190} INFO - [2025-10-06T22:45:28.392+0000] {dag.py:3239} INFO - Sync 1 DAGs
[2025-10-06T22:45:28.435+0000] {logging_mixin.py:190} INFO - [2025-10-06T22:45:28.434+0000] {dag.py:4180} INFO - Setting next_dagrun for example_kubernetes_executor to None, run_after=None
[2025-10-06T22:45:28.486+0000] {processor.py:208} INFO - Processing /home/airflow/.local/lib/python3.12/site-packages/airflow/example_dags/example_kubernetes_executor.py took 0.243 seconds
[2025-10-06T22:45:59.961+0000] {processor.py:186} INFO - Started process (PID=708) to work on /home/airflow/.local/lib/python3.12/site-packages/airflow/example_dags/example_kubernetes_executor.py
[2025-10-06T22:45:59.968+0000] {processor.py:914} INFO - Processing file /home/airflow/.local/lib/python3.12/site-packages/airflow/example_dags/example_kubernetes_executor.py for tasks to queue
[2025-10-06T22:45:59.976+0000] {logging_mixin.py:190} INFO - [2025-10-06T22:45:59.975+0000] {dagbag.py:588} INFO - Filling up the DagBag from /home/airflow/.local/lib/python3.12/site-packages/airflow/example_dags/example_kubernetes_executor.py
[2025-10-06T22:46:00.024+0000] {processor.py:925} INFO - DAG(s) 'example_kubernetes_executor' retrieved from /home/airflow/.local/lib/python3.12/site-packages/airflow/example_dags/example_kubernetes_executor.py
[2025-10-06T22:46:00.135+0000] {logging_mixin.py:190} INFO - [2025-10-06T22:46:00.134+0000] {dag.py:3239} INFO - Sync 1 DAGs
[2025-10-06T22:46:00.180+0000] {logging_mixin.py:190} INFO - [2025-10-06T22:46:00.179+0000] {dag.py:4180} INFO - Setting next_dagrun for example_kubernetes_executor to None, run_after=None
[2025-10-06T22:46:00.225+0000] {processor.py:208} INFO - Processing /home/airflow/.local/lib/python3.12/site-packages/airflow/example_dags/example_kubernetes_executor.py took 0.283 seconds
[2025-10-06T22:46:31.730+0000] {processor.py:186} INFO - Started process (PID=772) to work on /home/airflow/.local/lib/python3.12/site-packages/airflow/example_dags/example_kubernetes_executor.py
[2025-10-06T22:46:31.736+0000] {processor.py:914} INFO - Processing file /home/airflow/.local/lib/python3.12/site-packages/airflow/example_dags/example_kubernetes_executor.py for tasks to queue
[2025-10-06T22:46:31.749+0000] {logging_mixin.py:190} INFO - [2025-10-06T22:46:31.747+0000] {dagbag.py:588} INFO - Filling up the DagBag from /home/airflow/.local/lib/python3.12/site-packages/airflow/example_dags/example_kubernetes_executor.py
[2025-10-06T22:46:31.821+0000] {processor.py:925} INFO - DAG(s) 'example_kubernetes_executor' retrieved from /home/airflow/.local/lib/python3.12/site-packages/airflow/example_dags/example_kubernetes_executor.py
[2025-10-06T22:46:32.011+0000] {logging_mixin.py:190} INFO - [2025-10-06T22:46:32.010+0000] {dag.py:3239} INFO - Sync 1 DAGs
[2025-10-06T22:46:32.085+0000] {logging_mixin.py:190} INFO - [2025-10-06T22:46:32.084+0000] {dag.py:4180} INFO - Setting next_dagrun for example_kubernetes_executor to None, run_after=None
[2025-10-06T22:46:32.184+0000] {processor.py:208} INFO - Processing /home/airflow/.local/lib/python3.12/site-packages/airflow/example_dags/example_kubernetes_executor.py took 0.491 seconds
[2025-10-06T22:47:03.584+0000] {processor.py:186} INFO - Started process (PID=835) to work on /home/airflow/.local/lib/python3.12/site-packages/airflow/example_dags/example_kubernetes_executor.py
[2025-10-06T22:47:03.589+0000] {processor.py:914} INFO - Processing file /home/airflow/.local/lib/python3.12/site-packages/airflow/example_dags/example_kubernetes_executor.py for tasks to queue
[2025-10-06T22:47:03.602+0000] {logging_mixin.py:190} INFO - [2025-10-06T22:47:03.600+0000] {dagbag.py:588} INFO - Filling up the DagBag from /home/airflow/.local/lib/python3.12/site-packages/airflow/example_dags/example_kubernetes_executor.py
[2025-10-06T22:47:03.674+0000] {processor.py:925} INFO - DAG(s) 'example_kubernetes_executor' retrieved from /home/airflow/.local/lib/python3.12/site-packages/airflow/example_dags/example_kubernetes_executor.py
[2025-10-06T22:47:03.783+0000] {logging_mixin.py:190} INFO - [2025-10-06T22:47:03.782+0000] {dag.py:3239} INFO - Sync 1 DAGs
[2025-10-06T22:47:03.828+0000] {logging_mixin.py:190} INFO - [2025-10-06T22:47:03.828+0000] {dag.py:4180} INFO - Setting next_dagrun for example_kubernetes_executor to None, run_after=None
[2025-10-06T22:47:03.888+0000] {processor.py:208} INFO - Processing /home/airflow/.local/lib/python3.12/site-packages/airflow/example_dags/example_kubernetes_executor.py took 0.334 seconds
[2025-10-06T22:47:35.570+0000] {processor.py:186} INFO - Started process (PID=898) to work on /home/airflow/.local/lib/python3.12/site-packages/airflow/example_dags/example_kubernetes_executor.py
[2025-10-06T22:47:35.575+0000] {processor.py:914} INFO - Processing file /home/airflow/.local/lib/python3.12/site-packages/airflow/example_dags/example_kubernetes_executor.py for tasks to queue
[2025-10-06T22:47:35.589+0000] {logging_mixin.py:190} INFO - [2025-10-06T22:47:35.588+0000] {dagbag.py:588} INFO - Filling up the DagBag from /home/airflow/.local/lib/python3.12/site-packages/airflow/example_dags/example_kubernetes_executor.py
[2025-10-06T22:47:35.634+0000] {processor.py:925} INFO - DAG(s) 'example_kubernetes_executor' retrieved from /home/airflow/.local/lib/python3.12/site-packages/airflow/example_dags/example_kubernetes_executor.py
[2025-10-06T22:47:35.707+0000] {logging_mixin.py:190} INFO - [2025-10-06T22:47:35.707+0000] {dag.py:3239} INFO - Sync 1 DAGs
[2025-10-06T22:47:35.745+0000] {logging_mixin.py:190} INFO - [2025-10-06T22:47:35.744+0000] {dag.py:4180} INFO - Setting next_dagrun for example_kubernetes_executor to None, run_after=None
[2025-10-06T22:47:35.804+0000] {processor.py:208} INFO - Processing /home/airflow/.local/lib/python3.12/site-packages/airflow/example_dags/example_kubernetes_executor.py took 0.264 seconds
[2025-10-06T22:48:06.494+0000] {processor.py:186} INFO - Started process (PID=961) to work on /home/airflow/.local/lib/python3.12/site-packages/airflow/example_dags/example_kubernetes_executor.py
[2025-10-06T22:48:06.497+0000] {processor.py:914} INFO - Processing file /home/airflow/.local/lib/python3.12/site-packages/airflow/example_dags/example_kubernetes_executor.py for tasks to queue
[2025-10-06T22:48:06.507+0000] {logging_mixin.py:190} INFO - [2025-10-06T22:48:06.506+0000] {dagbag.py:588} INFO - Filling up the DagBag from /home/airflow/.local/lib/python3.12/site-packages/airflow/example_dags/example_kubernetes_executor.py
[2025-10-06T22:48:06.561+0000] {processor.py:925} INFO - DAG(s) 'example_kubernetes_executor' retrieved from /home/airflow/.local/lib/python3.12/site-packages/airflow/example_dags/example_kubernetes_executor.py
[2025-10-06T22:48:07.752+0000] {logging_mixin.py:190} INFO - [2025-10-06T22:48:07.751+0000] {dag.py:3239} INFO - Sync 1 DAGs
[2025-10-06T22:48:07.795+0000] {logging_mixin.py:190} INFO - [2025-10-06T22:48:07.794+0000] {dag.py:4180} INFO - Setting next_dagrun for example_kubernetes_executor to None, run_after=None
[2025-10-06T22:48:07.861+0000] {processor.py:208} INFO - Processing /home/airflow/.local/lib/python3.12/site-packages/airflow/example_dags/example_kubernetes_executor.py took 0.319 seconds
[2025-10-06T22:48:39.626+0000] {processor.py:186} INFO - Started process (PID=1024) to work on /home/airflow/.local/lib/python3.12/site-packages/airflow/example_dags/example_kubernetes_executor.py
[2025-10-06T22:48:39.631+0000] {processor.py:914} INFO - Processing file /home/airflow/.local/lib/python3.12/site-packages/airflow/example_dags/example_kubernetes_executor.py for tasks to queue
[2025-10-06T22:48:39.645+0000] {logging_mixin.py:190} INFO - [2025-10-06T22:48:39.643+0000] {dagbag.py:588} INFO - Filling up the DagBag from /home/airflow/.local/lib/python3.12/site-packages/airflow/example_dags/example_kubernetes_executor.py
[2025-10-06T22:48:39.724+0000] {processor.py:925} INFO - DAG(s) 'example_kubernetes_executor' retrieved from /home/airflow/.local/lib/python3.12/site-packages/airflow/example_dags/example_kubernetes_executor.py
[2025-10-06T22:48:39.893+0000] {logging_mixin.py:190} INFO - [2025-10-06T22:48:39.892+0000] {dag.py:3239} INFO - Sync 1 DAGs
[2025-10-06T22:48:39.960+0000] {logging_mixin.py:190} INFO - [2025-10-06T22:48:39.959+0000] {dag.py:4180} INFO - Setting next_dagrun for example_kubernetes_executor to None, run_after=None
[2025-10-06T22:48:40.042+0000] {processor.py:208} INFO - Processing /home/airflow/.local/lib/python3.12/site-packages/airflow/example_dags/example_kubernetes_executor.py took 0.444 seconds
[2025-10-06T22:49:11.466+0000] {processor.py:186} INFO - Started process (PID=1087) to work on /home/airflow/.local/lib/python3.12/site-packages/airflow/example_dags/example_kubernetes_executor.py
[2025-10-06T22:49:11.470+0000] {processor.py:914} INFO - Processing file /home/airflow/.local/lib/python3.12/site-packages/airflow/example_dags/example_kubernetes_executor.py for tasks to queue
[2025-10-06T22:49:11.483+0000] {logging_mixin.py:190} INFO - [2025-10-06T22:49:11.481+0000] {dagbag.py:588} INFO - Filling up the DagBag from /home/airflow/.local/lib/python3.12/site-packages/airflow/example_dags/example_kubernetes_executor.py
[2025-10-06T22:49:11.552+0000] {processor.py:925} INFO - DAG(s) 'example_kubernetes_executor' retrieved from /home/airflow/.local/lib/python3.12/site-packages/airflow/example_dags/example_kubernetes_executor.py
[2025-10-06T22:49:11.656+0000] {logging_mixin.py:190} INFO - [2025-10-06T22:49:11.655+0000] {dag.py:3239} INFO - Sync 1 DAGs
[2025-10-06T22:49:11.698+0000] {logging_mixin.py:190} INFO - [2025-10-06T22:49:11.697+0000] {dag.py:4180} INFO - Setting next_dagrun for example_kubernetes_executor to None, run_after=None
[2025-10-06T22:49:11.776+0000] {processor.py:208} INFO - Processing /home/airflow/.local/lib/python3.12/site-packages/airflow/example_dags/example_kubernetes_executor.py took 0.340 seconds
[2025-10-06T22:49:43.865+0000] {processor.py:186} INFO - Started process (PID=1150) to work on /home/airflow/.local/lib/python3.12/site-packages/airflow/example_dags/example_kubernetes_executor.py
[2025-10-06T22:49:43.868+0000] {processor.py:914} INFO - Processing file /home/airflow/.local/lib/python3.12/site-packages/airflow/example_dags/example_kubernetes_executor.py for tasks to queue
[2025-10-06T22:49:43.874+0000] {logging_mixin.py:190} INFO - [2025-10-06T22:49:43.873+0000] {dagbag.py:588} INFO - Filling up the DagBag from /home/airflow/.local/lib/python3.12/site-packages/airflow/example_dags/example_kubernetes_executor.py
[2025-10-06T22:49:43.918+0000] {processor.py:925} INFO - DAG(s) 'example_kubernetes_executor' retrieved from /home/airflow/.local/lib/python3.12/site-packages/airflow/example_dags/example_kubernetes_executor.py
[2025-10-06T22:49:44.021+0000] {logging_mixin.py:190} INFO - [2025-10-06T22:49:44.020+0000] {dag.py:3239} INFO - Sync 1 DAGs
[2025-10-06T22:49:44.063+0000] {logging_mixin.py:190} INFO - [2025-10-06T22:49:44.062+0000] {dag.py:4180} INFO - Setting next_dagrun for example_kubernetes_executor to None, run_after=None
[2025-10-06T22:49:44.112+0000] {processor.py:208} INFO - Processing /home/airflow/.local/lib/python3.12/site-packages/airflow/example_dags/example_kubernetes_executor.py took 0.263 seconds
[2025-10-06T22:50:15.436+0000] {processor.py:186} INFO - Started process (PID=1213) to work on /home/airflow/.local/lib/python3.12/site-packages/airflow/example_dags/example_kubernetes_executor.py
[2025-10-06T22:50:15.438+0000] {processor.py:914} INFO - Processing file /home/airflow/.local/lib/python3.12/site-packages/airflow/example_dags/example_kubernetes_executor.py for tasks to queue
[2025-10-06T22:50:15.443+0000] {logging_mixin.py:190} INFO - [2025-10-06T22:50:15.443+0000] {dagbag.py:588} INFO - Filling up the DagBag from /home/airflow/.local/lib/python3.12/site-packages/airflow/example_dags/example_kubernetes_executor.py
[2025-10-06T22:50:15.478+0000] {processor.py:925} INFO - DAG(s) 'example_kubernetes_executor' retrieved from /home/airflow/.local/lib/python3.12/site-packages/airflow/example_dags/example_kubernetes_executor.py
[2025-10-06T22:50:15.562+0000] {logging_mixin.py:190} INFO - [2025-10-06T22:50:15.561+0000] {dag.py:3239} INFO - Sync 1 DAGs
[2025-10-06T22:50:15.611+0000] {logging_mixin.py:190} INFO - [2025-10-06T22:50:15.610+0000] {dag.py:4180} INFO - Setting next_dagrun for example_kubernetes_executor to None, run_after=None
[2025-10-06T22:50:15.672+0000] {processor.py:208} INFO - Processing /home/airflow/.local/lib/python3.12/site-packages/airflow/example_dags/example_kubernetes_executor.py took 0.253 seconds
[2025-10-06T22:50:47.586+0000] {processor.py:186} INFO - Started process (PID=1276) to work on /home/airflow/.local/lib/python3.12/site-packages/airflow/example_dags/example_kubernetes_executor.py
[2025-10-06T22:50:47.591+0000] {processor.py:914} INFO - Processing file /home/airflow/.local/lib/python3.12/site-packages/airflow/example_dags/example_kubernetes_executor.py for tasks to queue
[2025-10-06T22:50:47.612+0000] {logging_mixin.py:190} INFO - [2025-10-06T22:50:47.610+0000] {dagbag.py:588} INFO - Filling up the DagBag from /home/airflow/.local/lib/python3.12/site-packages/airflow/example_dags/example_kubernetes_executor.py
[2025-10-06T22:50:47.692+0000] {processor.py:925} INFO - DAG(s) 'example_kubernetes_executor' retrieved from /home/airflow/.local/lib/python3.12/site-packages/airflow/example_dags/example_kubernetes_executor.py
[2025-10-06T22:50:47.841+0000] {logging_mixin.py:190} INFO - [2025-10-06T22:50:47.840+0000] {dag.py:3239} INFO - Sync 1 DAGs
[2025-10-06T22:50:47.908+0000] {logging_mixin.py:190} INFO - [2025-10-06T22:50:47.907+0000] {dag.py:4180} INFO - Setting next_dagrun for example_kubernetes_executor to None, run_after=None
[2025-10-06T22:50:47.999+0000] {processor.py:208} INFO - Processing /home/airflow/.local/lib/python3.12/site-packages/airflow/example_dags/example_kubernetes_executor.py took 0.440 seconds
[2025-10-06T22:51:20.211+0000] {processor.py:186} INFO - Started process (PID=1339) to work on /home/airflow/.local/lib/python3.12/site-packages/airflow/example_dags/example_kubernetes_executor.py
[2025-10-06T22:51:20.219+0000] {processor.py:914} INFO - Processing file /home/airflow/.local/lib/python3.12/site-packages/airflow/example_dags/example_kubernetes_executor.py for tasks to queue
[2025-10-06T22:51:20.237+0000] {logging_mixin.py:190} INFO - [2025-10-06T22:51:20.232+0000] {dagbag.py:588} INFO - Filling up the DagBag from /home/airflow/.local/lib/python3.12/site-packages/airflow/example_dags/example_kubernetes_executor.py
[2025-10-06T22:51:20.330+0000] {processor.py:925} INFO - DAG(s) 'example_kubernetes_executor' retrieved from /home/airflow/.local/lib/python3.12/site-packages/airflow/example_dags/example_kubernetes_executor.py
[2025-10-06T22:51:20.540+0000] {logging_mixin.py:190} INFO - [2025-10-06T22:51:20.540+0000] {dag.py:3239} INFO - Sync 1 DAGs
[2025-10-06T22:51:20.580+0000] {logging_mixin.py:190} INFO - [2025-10-06T22:51:20.579+0000] {dag.py:4180} INFO - Setting next_dagrun for example_kubernetes_executor to None, run_after=None
[2025-10-06T22:51:20.635+0000] {processor.py:208} INFO - Processing /home/airflow/.local/lib/python3.12/site-packages/airflow/example_dags/example_kubernetes_executor.py took 0.458 seconds
[2025-10-06T22:51:51.548+0000] {processor.py:186} INFO - Started process (PID=1396) to work on /home/airflow/.local/lib/python3.12/site-packages/airflow/example_dags/example_kubernetes_executor.py
[2025-10-06T22:51:51.551+0000] {processor.py:914} INFO - Processing file /home/airflow/.local/lib/python3.12/site-packages/airflow/example_dags/example_kubernetes_executor.py for tasks to queue
[2025-10-06T22:51:51.558+0000] {logging_mixin.py:190} INFO - [2025-10-06T22:51:51.557+0000] {dagbag.py:588} INFO - Filling up the DagBag from /home/airflow/.local/lib/python3.12/site-packages/airflow/example_dags/example_kubernetes_executor.py
[2025-10-06T22:51:51.589+0000] {processor.py:925} INFO - DAG(s) 'example_kubernetes_executor' retrieved from /home/airflow/.local/lib/python3.12/site-packages/airflow/example_dags/example_kubernetes_executor.py
[2025-10-06T22:51:51.687+0000] {logging_mixin.py:190} INFO - [2025-10-06T22:51:51.686+0000] {dag.py:3239} INFO - Sync 1 DAGs
[2025-10-06T22:51:51.726+0000] {logging_mixin.py:190} INFO - [2025-10-06T22:51:51.726+0000] {dag.py:4180} INFO - Setting next_dagrun for example_kubernetes_executor to None, run_after=None
[2025-10-06T22:51:51.774+0000] {processor.py:208} INFO - Processing /home/airflow/.local/lib/python3.12/site-packages/airflow/example_dags/example_kubernetes_executor.py took 0.243 seconds
[2025-10-06T22:52:23.441+0000] {processor.py:186} INFO - Started process (PID=1459) to work on /home/airflow/.local/lib/python3.12/site-packages/airflow/example_dags/example_kubernetes_executor.py
[2025-10-06T22:52:23.451+0000] {processor.py:914} INFO - Processing file /home/airflow/.local/lib/python3.12/site-packages/airflow/example_dags/example_kubernetes_executor.py for tasks to queue
[2025-10-06T22:52:23.489+0000] {logging_mixin.py:190} INFO - [2025-10-06T22:52:23.479+0000] {dagbag.py:588} INFO - Filling up the DagBag from /home/airflow/.local/lib/python3.12/site-packages/airflow/example_dags/example_kubernetes_executor.py
[2025-10-06T22:52:23.535+0000] {processor.py:925} INFO - DAG(s) 'example_kubernetes_executor' retrieved from /home/airflow/.local/lib/python3.12/site-packages/airflow/example_dags/example_kubernetes_executor.py
[2025-10-06T22:52:23.632+0000] {logging_mixin.py:190} INFO - [2025-10-06T22:52:23.631+0000] {dag.py:3239} INFO - Sync 1 DAGs
[2025-10-06T22:52:23.682+0000] {logging_mixin.py:190} INFO - [2025-10-06T22:52:23.682+0000] {dag.py:4180} INFO - Setting next_dagrun for example_kubernetes_executor to None, run_after=None
[2025-10-06T22:52:23.725+0000] {processor.py:208} INFO - Processing /home/airflow/.local/lib/python3.12/site-packages/airflow/example_dags/example_kubernetes_executor.py took 0.335 seconds
[2025-10-06T22:52:55.929+0000] {processor.py:186} INFO - Started process (PID=1523) to work on /home/airflow/.local/lib/python3.12/site-packages/airflow/example_dags/example_kubernetes_executor.py
[2025-10-06T22:52:55.932+0000] {processor.py:914} INFO - Processing file /home/airflow/.local/lib/python3.12/site-packages/airflow/example_dags/example_kubernetes_executor.py for tasks to queue
[2025-10-06T22:52:55.941+0000] {logging_mixin.py:190} INFO - [2025-10-06T22:52:55.940+0000] {dagbag.py:588} INFO - Filling up the DagBag from /home/airflow/.local/lib/python3.12/site-packages/airflow/example_dags/example_kubernetes_executor.py
[2025-10-06T22:52:55.980+0000] {processor.py:925} INFO - DAG(s) 'example_kubernetes_executor' retrieved from /home/airflow/.local/lib/python3.12/site-packages/airflow/example_dags/example_kubernetes_executor.py
[2025-10-06T22:52:56.071+0000] {logging_mixin.py:190} INFO - [2025-10-06T22:52:56.071+0000] {dag.py:3239} INFO - Sync 1 DAGs
[2025-10-06T22:52:56.104+0000] {logging_mixin.py:190} INFO - [2025-10-06T22:52:56.103+0000] {dag.py:4180} INFO - Setting next_dagrun for example_kubernetes_executor to None, run_after=None
[2025-10-06T22:52:56.149+0000] {processor.py:208} INFO - Processing /home/airflow/.local/lib/python3.12/site-packages/airflow/example_dags/example_kubernetes_executor.py took 0.241 seconds
[2025-10-06T22:53:28.146+0000] {processor.py:186} INFO - Started process (PID=1586) to work on /home/airflow/.local/lib/python3.12/site-packages/airflow/example_dags/example_kubernetes_executor.py
[2025-10-06T22:53:28.151+0000] {processor.py:914} INFO - Processing file /home/airflow/.local/lib/python3.12/site-packages/airflow/example_dags/example_kubernetes_executor.py for tasks to queue
[2025-10-06T22:53:28.163+0000] {logging_mixin.py:190} INFO - [2025-10-06T22:53:28.161+0000] {dagbag.py:588} INFO - Filling up the DagBag from /home/airflow/.local/lib/python3.12/site-packages/airflow/example_dags/example_kubernetes_executor.py
[2025-10-06T22:53:28.249+0000] {processor.py:925} INFO - DAG(s) 'example_kubernetes_executor' retrieved from /home/airflow/.local/lib/python3.12/site-packages/airflow/example_dags/example_kubernetes_executor.py
[2025-10-06T22:53:28.543+0000] {logging_mixin.py:190} INFO - [2025-10-06T22:53:28.542+0000] {dag.py:3239} INFO - Sync 1 DAGs
[2025-10-06T22:53:28.590+0000] {logging_mixin.py:190} INFO - [2025-10-06T22:53:28.589+0000] {dag.py:4180} INFO - Setting next_dagrun for example_kubernetes_executor to None, run_after=None
[2025-10-06T22:53:28.665+0000] {processor.py:208} INFO - Processing /home/airflow/.local/lib/python3.12/site-packages/airflow/example_dags/example_kubernetes_executor.py took 0.550 seconds
[2025-10-06T22:54:00.152+0000] {processor.py:186} INFO - Started process (PID=1649) to work on /home/airflow/.local/lib/python3.12/site-packages/airflow/example_dags/example_kubernetes_executor.py
[2025-10-06T22:54:00.155+0000] {processor.py:914} INFO - Processing file /home/airflow/.local/lib/python3.12/site-packages/airflow/example_dags/example_kubernetes_executor.py for tasks to queue
[2025-10-06T22:54:00.161+0000] {logging_mixin.py:190} INFO - [2025-10-06T22:54:00.160+0000] {dagbag.py:588} INFO - Filling up the DagBag from /home/airflow/.local/lib/python3.12/site-packages/airflow/example_dags/example_kubernetes_executor.py
[2025-10-06T22:54:00.199+0000] {processor.py:925} INFO - DAG(s) 'example_kubernetes_executor' retrieved from /home/airflow/.local/lib/python3.12/site-packages/airflow/example_dags/example_kubernetes_executor.py
[2025-10-06T22:54:00.269+0000] {logging_mixin.py:190} INFO - [2025-10-06T22:54:00.269+0000] {dag.py:3239} INFO - Sync 1 DAGs
[2025-10-06T22:54:00.305+0000] {logging_mixin.py:190} INFO - [2025-10-06T22:54:00.304+0000] {dag.py:4180} INFO - Setting next_dagrun for example_kubernetes_executor to None, run_after=None
[2025-10-06T22:54:00.346+0000] {processor.py:208} INFO - Processing /home/airflow/.local/lib/python3.12/site-packages/airflow/example_dags/example_kubernetes_executor.py took 0.210 seconds
[2025-10-06T22:54:57.934+0000] {processor.py:186} INFO - Started process (PID=1709) to work on /home/airflow/.local/lib/python3.12/site-packages/airflow/example_dags/example_kubernetes_executor.py
[2025-10-06T22:54:57.937+0000] {processor.py:914} INFO - Processing file /home/airflow/.local/lib/python3.12/site-packages/airflow/example_dags/example_kubernetes_executor.py for tasks to queue
[2025-10-06T22:54:57.944+0000] {logging_mixin.py:190} INFO - [2025-10-06T22:54:57.943+0000] {dagbag.py:588} INFO - Filling up the DagBag from /home/airflow/.local/lib/python3.12/site-packages/airflow/example_dags/example_kubernetes_executor.py
[2025-10-06T22:54:57.985+0000] {processor.py:925} INFO - DAG(s) 'example_kubernetes_executor' retrieved from /home/airflow/.local/lib/python3.12/site-packages/airflow/example_dags/example_kubernetes_executor.py
[2025-10-06T22:54:58.080+0000] {logging_mixin.py:190} INFO - [2025-10-06T22:54:58.079+0000] {dag.py:3239} INFO - Sync 1 DAGs
[2025-10-06T22:54:58.119+0000] {logging_mixin.py:190} INFO - [2025-10-06T22:54:58.118+0000] {dag.py:4180} INFO - Setting next_dagrun for example_kubernetes_executor to None, run_after=None
[2025-10-06T22:54:58.164+0000] {processor.py:208} INFO - Processing /home/airflow/.local/lib/python3.12/site-packages/airflow/example_dags/example_kubernetes_executor.py took 0.246 seconds
[2025-10-06T22:55:28.822+0000] {processor.py:186} INFO - Started process (PID=1766) to work on /home/airflow/.local/lib/python3.12/site-packages/airflow/example_dags/example_kubernetes_executor.py
[2025-10-06T22:55:28.826+0000] {processor.py:914} INFO - Processing file /home/airflow/.local/lib/python3.12/site-packages/airflow/example_dags/example_kubernetes_executor.py for tasks to queue
[2025-10-06T22:55:28.837+0000] {logging_mixin.py:190} INFO - [2025-10-06T22:55:28.836+0000] {dagbag.py:588} INFO - Filling up the DagBag from /home/airflow/.local/lib/python3.12/site-packages/airflow/example_dags/example_kubernetes_executor.py
[2025-10-06T22:55:28.917+0000] {processor.py:925} INFO - DAG(s) 'example_kubernetes_executor' retrieved from /home/airflow/.local/lib/python3.12/site-packages/airflow/example_dags/example_kubernetes_executor.py
[2025-10-06T22:55:29.222+0000] {logging_mixin.py:190} INFO - [2025-10-06T22:55:29.222+0000] {dag.py:3239} INFO - Sync 1 DAGs
[2025-10-06T22:55:29.373+0000] {logging_mixin.py:190} INFO - [2025-10-06T22:55:29.372+0000] {dag.py:4180} INFO - Setting next_dagrun for example_kubernetes_executor to None, run_after=None
[2025-10-06T22:55:29.525+0000] {processor.py:208} INFO - Processing /home/airflow/.local/lib/python3.12/site-packages/airflow/example_dags/example_kubernetes_executor.py took 0.727 seconds
[2025-10-06T22:55:59.736+0000] {processor.py:186} INFO - Started process (PID=1830) to work on /home/airflow/.local/lib/python3.12/site-packages/airflow/example_dags/example_kubernetes_executor.py
[2025-10-06T22:55:59.739+0000] {processor.py:914} INFO - Processing file /home/airflow/.local/lib/python3.12/site-packages/airflow/example_dags/example_kubernetes_executor.py for tasks to queue
[2025-10-06T22:55:59.746+0000] {logging_mixin.py:190} INFO - [2025-10-06T22:55:59.745+0000] {dagbag.py:588} INFO - Filling up the DagBag from /home/airflow/.local/lib/python3.12/site-packages/airflow/example_dags/example_kubernetes_executor.py
[2025-10-06T22:55:59.797+0000] {processor.py:925} INFO - DAG(s) 'example_kubernetes_executor' retrieved from /home/airflow/.local/lib/python3.12/site-packages/airflow/example_dags/example_kubernetes_executor.py
[2025-10-06T22:55:59.888+0000] {logging_mixin.py:190} INFO - [2025-10-06T22:55:59.887+0000] {dag.py:3239} INFO - Sync 1 DAGs
[2025-10-06T22:55:59.918+0000] {logging_mixin.py:190} INFO - [2025-10-06T22:55:59.918+0000] {dag.py:4180} INFO - Setting next_dagrun for example_kubernetes_executor to None, run_after=None
[2025-10-06T22:55:59.974+0000] {processor.py:208} INFO - Processing /home/airflow/.local/lib/python3.12/site-packages/airflow/example_dags/example_kubernetes_executor.py took 0.254 seconds
[2025-10-06T22:56:30.415+0000] {processor.py:186} INFO - Started process (PID=1887) to work on /home/airflow/.local/lib/python3.12/site-packages/airflow/example_dags/example_kubernetes_executor.py
[2025-10-06T22:56:30.418+0000] {processor.py:914} INFO - Processing file /home/airflow/.local/lib/python3.12/site-packages/airflow/example_dags/example_kubernetes_executor.py for tasks to queue
[2025-10-06T22:56:30.426+0000] {logging_mixin.py:190} INFO - [2025-10-06T22:56:30.425+0000] {dagbag.py:588} INFO - Filling up the DagBag from /home/airflow/.local/lib/python3.12/site-packages/airflow/example_dags/example_kubernetes_executor.py
[2025-10-06T22:56:30.469+0000] {processor.py:925} INFO - DAG(s) 'example_kubernetes_executor' retrieved from /home/airflow/.local/lib/python3.12/site-packages/airflow/example_dags/example_kubernetes_executor.py
[2025-10-06T22:56:30.566+0000] {logging_mixin.py:190} INFO - [2025-10-06T22:56:30.566+0000] {dag.py:3239} INFO - Sync 1 DAGs
[2025-10-06T22:56:30.604+0000] {logging_mixin.py:190} INFO - [2025-10-06T22:56:30.603+0000] {dag.py:4180} INFO - Setting next_dagrun for example_kubernetes_executor to None, run_after=None
[2025-10-06T22:56:30.664+0000] {processor.py:208} INFO - Processing /home/airflow/.local/lib/python3.12/site-packages/airflow/example_dags/example_kubernetes_executor.py took 0.267 seconds
[2025-10-06T22:57:02.422+0000] {processor.py:186} INFO - Started process (PID=1951) to work on /home/airflow/.local/lib/python3.12/site-packages/airflow/example_dags/example_kubernetes_executor.py
[2025-10-06T22:57:02.429+0000] {processor.py:914} INFO - Processing file /home/airflow/.local/lib/python3.12/site-packages/airflow/example_dags/example_kubernetes_executor.py for tasks to queue
[2025-10-06T22:57:02.436+0000] {logging_mixin.py:190} INFO - [2025-10-06T22:57:02.435+0000] {dagbag.py:588} INFO - Filling up the DagBag from /home/airflow/.local/lib/python3.12/site-packages/airflow/example_dags/example_kubernetes_executor.py
[2025-10-06T22:57:02.500+0000] {processor.py:925} INFO - DAG(s) 'example_kubernetes_executor' retrieved from /home/airflow/.local/lib/python3.12/site-packages/airflow/example_dags/example_kubernetes_executor.py
[2025-10-06T22:57:02.683+0000] {logging_mixin.py:190} INFO - [2025-10-06T22:57:02.682+0000] {dag.py:3239} INFO - Sync 1 DAGs
[2025-10-06T22:57:02.737+0000] {logging_mixin.py:190} INFO - [2025-10-06T22:57:02.736+0000] {dag.py:4180} INFO - Setting next_dagrun for example_kubernetes_executor to None, run_after=None
[2025-10-06T22:57:02.857+0000] {processor.py:208} INFO - Processing /home/airflow/.local/lib/python3.12/site-packages/airflow/example_dags/example_kubernetes_executor.py took 0.459 seconds
[2025-10-06T22:57:42.353+0000] {processor.py:186} INFO - Started process (PID=2014) to work on /home/airflow/.local/lib/python3.12/site-packages/airflow/example_dags/example_kubernetes_executor.py
[2025-10-06T22:57:42.358+0000] {processor.py:914} INFO - Processing file /home/airflow/.local/lib/python3.12/site-packages/airflow/example_dags/example_kubernetes_executor.py for tasks to queue
[2025-10-06T22:57:42.370+0000] {logging_mixin.py:190} INFO - [2025-10-06T22:57:42.369+0000] {dagbag.py:588} INFO - Filling up the DagBag from /home/airflow/.local/lib/python3.12/site-packages/airflow/example_dags/example_kubernetes_executor.py
[2025-10-06T22:57:42.459+0000] {processor.py:925} INFO - DAG(s) 'example_kubernetes_executor' retrieved from /home/airflow/.local/lib/python3.12/site-packages/airflow/example_dags/example_kubernetes_executor.py
[2025-10-06T22:57:42.827+0000] {logging_mixin.py:190} INFO - [2025-10-06T22:57:42.826+0000] {dag.py:3239} INFO - Sync 1 DAGs
[2025-10-06T22:57:42.917+0000] {logging_mixin.py:190} INFO - [2025-10-06T22:57:42.916+0000] {dag.py:4180} INFO - Setting next_dagrun for example_kubernetes_executor to None, run_after=None
[2025-10-06T22:57:42.995+0000] {processor.py:208} INFO - Processing /home/airflow/.local/lib/python3.12/site-packages/airflow/example_dags/example_kubernetes_executor.py took 0.663 seconds
[2025-10-06T22:58:13.499+0000] {processor.py:186} INFO - Started process (PID=2077) to work on /home/airflow/.local/lib/python3.12/site-packages/airflow/example_dags/example_kubernetes_executor.py
[2025-10-06T22:58:13.506+0000] {processor.py:914} INFO - Processing file /home/airflow/.local/lib/python3.12/site-packages/airflow/example_dags/example_kubernetes_executor.py for tasks to queue
[2025-10-06T22:58:13.510+0000] {logging_mixin.py:190} INFO - [2025-10-06T22:58:13.509+0000] {dagbag.py:588} INFO - Filling up the DagBag from /home/airflow/.local/lib/python3.12/site-packages/airflow/example_dags/example_kubernetes_executor.py
[2025-10-06T22:58:13.574+0000] {processor.py:925} INFO - DAG(s) 'example_kubernetes_executor' retrieved from /home/airflow/.local/lib/python3.12/site-packages/airflow/example_dags/example_kubernetes_executor.py
[2025-10-06T22:58:13.745+0000] {logging_mixin.py:190} INFO - [2025-10-06T22:58:13.743+0000] {dag.py:3239} INFO - Sync 1 DAGs
[2025-10-06T22:58:13.800+0000] {logging_mixin.py:190} INFO - [2025-10-06T22:58:13.799+0000] {dag.py:4180} INFO - Setting next_dagrun for example_kubernetes_executor to None, run_after=None
[2025-10-06T22:58:13.853+0000] {processor.py:208} INFO - Processing /home/airflow/.local/lib/python3.12/site-packages/airflow/example_dags/example_kubernetes_executor.py took 0.380 seconds
[2025-10-06T22:58:44.364+0000] {processor.py:186} INFO - Started process (PID=2140) to work on /home/airflow/.local/lib/python3.12/site-packages/airflow/example_dags/example_kubernetes_executor.py
[2025-10-06T22:58:44.367+0000] {processor.py:914} INFO - Processing file /home/airflow/.local/lib/python3.12/site-packages/airflow/example_dags/example_kubernetes_executor.py for tasks to queue
[2025-10-06T22:58:44.370+0000] {logging_mixin.py:190} INFO - [2025-10-06T22:58:44.369+0000] {dagbag.py:588} INFO - Filling up the DagBag from /home/airflow/.local/lib/python3.12/site-packages/airflow/example_dags/example_kubernetes_executor.py
[2025-10-06T22:58:44.416+0000] {processor.py:925} INFO - DAG(s) 'example_kubernetes_executor' retrieved from /home/airflow/.local/lib/python3.12/site-packages/airflow/example_dags/example_kubernetes_executor.py
[2025-10-06T22:58:44.515+0000] {logging_mixin.py:190} INFO - [2025-10-06T22:58:44.514+0000] {dag.py:3239} INFO - Sync 1 DAGs
[2025-10-06T22:58:44.561+0000] {logging_mixin.py:190} INFO - [2025-10-06T22:58:44.561+0000] {dag.py:4180} INFO - Setting next_dagrun for example_kubernetes_executor to None, run_after=None
[2025-10-06T22:58:44.610+0000] {processor.py:208} INFO - Processing /home/airflow/.local/lib/python3.12/site-packages/airflow/example_dags/example_kubernetes_executor.py took 0.261 seconds
[2025-10-06T22:59:16.937+0000] {processor.py:186} INFO - Started process (PID=2199) to work on /home/airflow/.local/lib/python3.12/site-packages/airflow/example_dags/example_kubernetes_executor.py
[2025-10-06T22:59:16.940+0000] {processor.py:914} INFO - Processing file /home/airflow/.local/lib/python3.12/site-packages/airflow/example_dags/example_kubernetes_executor.py for tasks to queue
[2025-10-06T22:59:16.942+0000] {logging_mixin.py:190} INFO - [2025-10-06T22:59:16.942+0000] {dagbag.py:588} INFO - Filling up the DagBag from /home/airflow/.local/lib/python3.12/site-packages/airflow/example_dags/example_kubernetes_executor.py
[2025-10-06T22:59:16.980+0000] {processor.py:925} INFO - DAG(s) 'example_kubernetes_executor' retrieved from /home/airflow/.local/lib/python3.12/site-packages/airflow/example_dags/example_kubernetes_executor.py
[2025-10-06T22:59:17.077+0000] {logging_mixin.py:190} INFO - [2025-10-06T22:59:17.076+0000] {dag.py:3239} INFO - Sync 1 DAGs
[2025-10-06T22:59:17.170+0000] {logging_mixin.py:190} INFO - [2025-10-06T22:59:17.169+0000] {dag.py:4180} INFO - Setting next_dagrun for example_kubernetes_executor to None, run_after=None
[2025-10-06T22:59:17.278+0000] {processor.py:208} INFO - Processing /home/airflow/.local/lib/python3.12/site-packages/airflow/example_dags/example_kubernetes_executor.py took 0.355 seconds
[2025-10-06T22:59:47.793+0000] {processor.py:186} INFO - Started process (PID=2253) to work on /home/airflow/.local/lib/python3.12/site-packages/airflow/example_dags/example_kubernetes_executor.py
[2025-10-06T22:59:47.795+0000] {processor.py:914} INFO - Processing file /home/airflow/.local/lib/python3.12/site-packages/airflow/example_dags/example_kubernetes_executor.py for tasks to queue
[2025-10-06T22:59:47.799+0000] {logging_mixin.py:190} INFO - [2025-10-06T22:59:47.798+0000] {dagbag.py:588} INFO - Filling up the DagBag from /home/airflow/.local/lib/python3.12/site-packages/airflow/example_dags/example_kubernetes_executor.py
[2025-10-06T22:59:47.851+0000] {processor.py:925} INFO - DAG(s) 'example_kubernetes_executor' retrieved from /home/airflow/.local/lib/python3.12/site-packages/airflow/example_dags/example_kubernetes_executor.py
[2025-10-06T22:59:47.964+0000] {logging_mixin.py:190} INFO - [2025-10-06T22:59:47.963+0000] {dag.py:3239} INFO - Sync 1 DAGs
[2025-10-06T22:59:48.022+0000] {logging_mixin.py:190} INFO - [2025-10-06T22:59:48.021+0000] {dag.py:4180} INFO - Setting next_dagrun for example_kubernetes_executor to None, run_after=None
[2025-10-06T22:59:48.099+0000] {processor.py:208} INFO - Processing /home/airflow/.local/lib/python3.12/site-packages/airflow/example_dags/example_kubernetes_executor.py took 0.332 seconds
[2025-10-06T23:00:20.956+0000] {processor.py:186} INFO - Started process (PID=2317) to work on /home/airflow/.local/lib/python3.12/site-packages/airflow/example_dags/example_kubernetes_executor.py
[2025-10-06T23:00:20.960+0000] {processor.py:914} INFO - Processing file /home/airflow/.local/lib/python3.12/site-packages/airflow/example_dags/example_kubernetes_executor.py for tasks to queue
[2025-10-06T23:00:20.966+0000] {logging_mixin.py:190} INFO - [2025-10-06T23:00:20.964+0000] {dagbag.py:588} INFO - Filling up the DagBag from /home/airflow/.local/lib/python3.12/site-packages/airflow/example_dags/example_kubernetes_executor.py
[2025-10-06T23:00:21.024+0000] {processor.py:925} INFO - DAG(s) 'example_kubernetes_executor' retrieved from /home/airflow/.local/lib/python3.12/site-packages/airflow/example_dags/example_kubernetes_executor.py
[2025-10-06T23:00:21.161+0000] {logging_mixin.py:190} INFO - [2025-10-06T23:00:21.161+0000] {dag.py:3239} INFO - Sync 1 DAGs
[2025-10-06T23:00:21.207+0000] {logging_mixin.py:190} INFO - [2025-10-06T23:00:21.207+0000] {dag.py:4180} INFO - Setting next_dagrun for example_kubernetes_executor to None, run_after=None
[2025-10-06T23:00:21.272+0000] {processor.py:208} INFO - Processing /home/airflow/.local/lib/python3.12/site-packages/airflow/example_dags/example_kubernetes_executor.py took 0.337 seconds
[2025-10-06T23:00:51.637+0000] {processor.py:186} INFO - Started process (PID=2380) to work on /home/airflow/.local/lib/python3.12/site-packages/airflow/example_dags/example_kubernetes_executor.py
[2025-10-06T23:00:51.639+0000] {processor.py:914} INFO - Processing file /home/airflow/.local/lib/python3.12/site-packages/airflow/example_dags/example_kubernetes_executor.py for tasks to queue
[2025-10-06T23:00:51.643+0000] {logging_mixin.py:190} INFO - [2025-10-06T23:00:51.642+0000] {dagbag.py:588} INFO - Filling up the DagBag from /home/airflow/.local/lib/python3.12/site-packages/airflow/example_dags/example_kubernetes_executor.py
[2025-10-06T23:00:51.688+0000] {processor.py:925} INFO - DAG(s) 'example_kubernetes_executor' retrieved from /home/airflow/.local/lib/python3.12/site-packages/airflow/example_dags/example_kubernetes_executor.py
[2025-10-06T23:00:51.778+0000] {logging_mixin.py:190} INFO - [2025-10-06T23:00:51.777+0000] {dag.py:3239} INFO - Sync 1 DAGs
[2025-10-06T23:00:51.819+0000] {logging_mixin.py:190} INFO - [2025-10-06T23:00:51.818+0000] {dag.py:4180} INFO - Setting next_dagrun for example_kubernetes_executor to None, run_after=None
[2025-10-06T23:00:51.881+0000] {processor.py:208} INFO - Processing /home/airflow/.local/lib/python3.12/site-packages/airflow/example_dags/example_kubernetes_executor.py took 0.260 seconds
[2025-10-06T23:01:23.383+0000] {processor.py:186} INFO - Started process (PID=2443) to work on /home/airflow/.local/lib/python3.12/site-packages/airflow/example_dags/example_kubernetes_executor.py
[2025-10-06T23:01:23.386+0000] {processor.py:914} INFO - Processing file /home/airflow/.local/lib/python3.12/site-packages/airflow/example_dags/example_kubernetes_executor.py for tasks to queue
[2025-10-06T23:01:23.390+0000] {logging_mixin.py:190} INFO - [2025-10-06T23:01:23.389+0000] {dagbag.py:588} INFO - Filling up the DagBag from /home/airflow/.local/lib/python3.12/site-packages/airflow/example_dags/example_kubernetes_executor.py
[2025-10-06T23:01:23.436+0000] {processor.py:925} INFO - DAG(s) 'example_kubernetes_executor' retrieved from /home/airflow/.local/lib/python3.12/site-packages/airflow/example_dags/example_kubernetes_executor.py
[2025-10-06T23:01:23.505+0000] {logging_mixin.py:190} INFO - [2025-10-06T23:01:23.505+0000] {dag.py:3239} INFO - Sync 1 DAGs
[2025-10-06T23:01:23.541+0000] {logging_mixin.py:190} INFO - [2025-10-06T23:01:23.541+0000] {dag.py:4180} INFO - Setting next_dagrun for example_kubernetes_executor to None, run_after=None
[2025-10-06T23:01:23.600+0000] {processor.py:208} INFO - Processing /home/airflow/.local/lib/python3.12/site-packages/airflow/example_dags/example_kubernetes_executor.py took 0.233 seconds
[2025-10-06T23:01:54.766+0000] {processor.py:186} INFO - Started process (PID=2504) to work on /home/airflow/.local/lib/python3.12/site-packages/airflow/example_dags/example_kubernetes_executor.py
[2025-10-06T23:01:54.769+0000] {processor.py:914} INFO - Processing file /home/airflow/.local/lib/python3.12/site-packages/airflow/example_dags/example_kubernetes_executor.py for tasks to queue
[2025-10-06T23:01:54.774+0000] {logging_mixin.py:190} INFO - [2025-10-06T23:01:54.773+0000] {dagbag.py:588} INFO - Filling up the DagBag from /home/airflow/.local/lib/python3.12/site-packages/airflow/example_dags/example_kubernetes_executor.py
[2025-10-06T23:01:54.825+0000] {processor.py:925} INFO - DAG(s) 'example_kubernetes_executor' retrieved from /home/airflow/.local/lib/python3.12/site-packages/airflow/example_dags/example_kubernetes_executor.py
[2025-10-06T23:01:54.946+0000] {logging_mixin.py:190} INFO - [2025-10-06T23:01:54.945+0000] {dag.py:3239} INFO - Sync 1 DAGs
[2025-10-06T23:01:55.004+0000] {logging_mixin.py:190} INFO - [2025-10-06T23:01:55.003+0000] {dag.py:4180} INFO - Setting next_dagrun for example_kubernetes_executor to None, run_after=None
[2025-10-06T23:01:55.077+0000] {processor.py:208} INFO - Processing /home/airflow/.local/lib/python3.12/site-packages/airflow/example_dags/example_kubernetes_executor.py took 0.337 seconds
