[2025-10-06T05:53:43.184+0000] {processor.py:186} INFO - Started process (PID=124) to work on /home/airflow/.local/lib/python3.12/site-packages/airflow/example_dags/example_sensor_decorator.py
[2025-10-06T05:53:43.188+0000] {processor.py:914} INFO - Processing file /home/airflow/.local/lib/python3.12/site-packages/airflow/example_dags/example_sensor_decorator.py for tasks to queue
[2025-10-06T05:53:43.196+0000] {logging_mixin.py:190} INFO - [2025-10-06T05:53:43.196+0000] {dagbag.py:588} INFO - Filling up the DagBag from /home/airflow/.local/lib/python3.12/site-packages/airflow/example_dags/example_sensor_decorator.py
[2025-10-06T05:53:43.225+0000] {processor.py:925} INFO - DAG(s) 'example_sensor_decorator' retrieved from /home/airflow/.local/lib/python3.12/site-packages/airflow/example_dags/example_sensor_decorator.py
[2025-10-06T05:53:43.357+0000] {logging_mixin.py:190} INFO - [2025-10-06T05:53:43.356+0000] {dag.py:3239} INFO - Sync 1 DAGs
[2025-10-06T05:53:43.476+0000] {logging_mixin.py:190} INFO - [2025-10-06T05:53:43.475+0000] {dag.py:4180} INFO - Setting next_dagrun for example_sensor_decorator to None, run_after=None
[2025-10-06T05:53:43.576+0000] {processor.py:208} INFO - Processing /home/airflow/.local/lib/python3.12/site-packages/airflow/example_dags/example_sensor_decorator.py took 0.409 seconds
[2025-10-06T05:54:15.628+0000] {processor.py:186} INFO - Started process (PID=187) to work on /home/airflow/.local/lib/python3.12/site-packages/airflow/example_dags/example_sensor_decorator.py
[2025-10-06T05:54:15.631+0000] {processor.py:914} INFO - Processing file /home/airflow/.local/lib/python3.12/site-packages/airflow/example_dags/example_sensor_decorator.py for tasks to queue
[2025-10-06T05:54:15.639+0000] {logging_mixin.py:190} INFO - [2025-10-06T05:54:15.638+0000] {dagbag.py:588} INFO - Filling up the DagBag from /home/airflow/.local/lib/python3.12/site-packages/airflow/example_dags/example_sensor_decorator.py
[2025-10-06T05:54:15.667+0000] {processor.py:925} INFO - DAG(s) 'example_sensor_decorator' retrieved from /home/airflow/.local/lib/python3.12/site-packages/airflow/example_dags/example_sensor_decorator.py
[2025-10-06T05:54:15.722+0000] {logging_mixin.py:190} INFO - [2025-10-06T05:54:15.721+0000] {dag.py:3239} INFO - Sync 1 DAGs
[2025-10-06T05:54:15.756+0000] {logging_mixin.py:190} INFO - [2025-10-06T05:54:15.755+0000] {dag.py:4180} INFO - Setting next_dagrun for example_sensor_decorator to None, run_after=None
[2025-10-06T05:54:15.799+0000] {processor.py:208} INFO - Processing /home/airflow/.local/lib/python3.12/site-packages/airflow/example_dags/example_sensor_decorator.py took 0.188 seconds
[2025-10-06T05:54:47.818+0000] {processor.py:186} INFO - Started process (PID=250) to work on /home/airflow/.local/lib/python3.12/site-packages/airflow/example_dags/example_sensor_decorator.py
[2025-10-06T05:54:47.821+0000] {processor.py:914} INFO - Processing file /home/airflow/.local/lib/python3.12/site-packages/airflow/example_dags/example_sensor_decorator.py for tasks to queue
[2025-10-06T05:54:47.828+0000] {logging_mixin.py:190} INFO - [2025-10-06T05:54:47.828+0000] {dagbag.py:588} INFO - Filling up the DagBag from /home/airflow/.local/lib/python3.12/site-packages/airflow/example_dags/example_sensor_decorator.py
[2025-10-06T05:54:47.853+0000] {processor.py:925} INFO - DAG(s) 'example_sensor_decorator' retrieved from /home/airflow/.local/lib/python3.12/site-packages/airflow/example_dags/example_sensor_decorator.py
[2025-10-06T05:54:47.931+0000] {logging_mixin.py:190} INFO - [2025-10-06T05:54:47.931+0000] {dag.py:3239} INFO - Sync 1 DAGs
[2025-10-06T05:54:47.985+0000] {logging_mixin.py:190} INFO - [2025-10-06T05:54:47.985+0000] {dag.py:4180} INFO - Setting next_dagrun for example_sensor_decorator to None, run_after=None
[2025-10-06T05:54:48.031+0000] {processor.py:208} INFO - Processing /home/airflow/.local/lib/python3.12/site-packages/airflow/example_dags/example_sensor_decorator.py took 0.227 seconds
[2025-10-06T05:55:18.673+0000] {processor.py:186} INFO - Started process (PID=312) to work on /home/airflow/.local/lib/python3.12/site-packages/airflow/example_dags/example_sensor_decorator.py
[2025-10-06T05:55:18.676+0000] {processor.py:914} INFO - Processing file /home/airflow/.local/lib/python3.12/site-packages/airflow/example_dags/example_sensor_decorator.py for tasks to queue
[2025-10-06T05:55:18.683+0000] {logging_mixin.py:190} INFO - [2025-10-06T05:55:18.682+0000] {dagbag.py:588} INFO - Filling up the DagBag from /home/airflow/.local/lib/python3.12/site-packages/airflow/example_dags/example_sensor_decorator.py
[2025-10-06T05:55:18.707+0000] {processor.py:925} INFO - DAG(s) 'example_sensor_decorator' retrieved from /home/airflow/.local/lib/python3.12/site-packages/airflow/example_dags/example_sensor_decorator.py
[2025-10-06T05:55:18.752+0000] {logging_mixin.py:190} INFO - [2025-10-06T05:55:18.752+0000] {dag.py:3239} INFO - Sync 1 DAGs
[2025-10-06T05:55:18.788+0000] {logging_mixin.py:190} INFO - [2025-10-06T05:55:18.788+0000] {dag.py:4180} INFO - Setting next_dagrun for example_sensor_decorator to None, run_after=None
[2025-10-06T05:55:18.856+0000] {processor.py:208} INFO - Processing /home/airflow/.local/lib/python3.12/site-packages/airflow/example_dags/example_sensor_decorator.py took 0.200 seconds
[2025-10-06T05:55:49.277+0000] {processor.py:186} INFO - Started process (PID=375) to work on /home/airflow/.local/lib/python3.12/site-packages/airflow/example_dags/example_sensor_decorator.py
[2025-10-06T05:55:49.282+0000] {processor.py:914} INFO - Processing file /home/airflow/.local/lib/python3.12/site-packages/airflow/example_dags/example_sensor_decorator.py for tasks to queue
[2025-10-06T05:55:49.296+0000] {logging_mixin.py:190} INFO - [2025-10-06T05:55:49.292+0000] {dagbag.py:588} INFO - Filling up the DagBag from /home/airflow/.local/lib/python3.12/site-packages/airflow/example_dags/example_sensor_decorator.py
[2025-10-06T05:55:49.335+0000] {processor.py:925} INFO - DAG(s) 'example_sensor_decorator' retrieved from /home/airflow/.local/lib/python3.12/site-packages/airflow/example_dags/example_sensor_decorator.py
[2025-10-06T05:55:49.441+0000] {logging_mixin.py:190} INFO - [2025-10-06T05:55:49.440+0000] {dag.py:3239} INFO - Sync 1 DAGs
[2025-10-06T05:55:49.525+0000] {logging_mixin.py:190} INFO - [2025-10-06T05:55:49.525+0000] {dag.py:4180} INFO - Setting next_dagrun for example_sensor_decorator to None, run_after=None
[2025-10-06T05:55:49.575+0000] {processor.py:208} INFO - Processing /home/airflow/.local/lib/python3.12/site-packages/airflow/example_dags/example_sensor_decorator.py took 0.326 seconds
[2025-10-06T05:56:21.606+0000] {processor.py:186} INFO - Started process (PID=438) to work on /home/airflow/.local/lib/python3.12/site-packages/airflow/example_dags/example_sensor_decorator.py
[2025-10-06T05:56:21.608+0000] {processor.py:914} INFO - Processing file /home/airflow/.local/lib/python3.12/site-packages/airflow/example_dags/example_sensor_decorator.py for tasks to queue
[2025-10-06T05:56:21.615+0000] {logging_mixin.py:190} INFO - [2025-10-06T05:56:21.615+0000] {dagbag.py:588} INFO - Filling up the DagBag from /home/airflow/.local/lib/python3.12/site-packages/airflow/example_dags/example_sensor_decorator.py
[2025-10-06T05:56:21.637+0000] {processor.py:925} INFO - DAG(s) 'example_sensor_decorator' retrieved from /home/airflow/.local/lib/python3.12/site-packages/airflow/example_dags/example_sensor_decorator.py
[2025-10-06T05:56:21.685+0000] {logging_mixin.py:190} INFO - [2025-10-06T05:56:21.684+0000] {dag.py:3239} INFO - Sync 1 DAGs
[2025-10-06T05:56:21.746+0000] {logging_mixin.py:190} INFO - [2025-10-06T05:56:21.746+0000] {dag.py:4180} INFO - Setting next_dagrun for example_sensor_decorator to None, run_after=None
[2025-10-06T05:56:21.807+0000] {processor.py:208} INFO - Processing /home/airflow/.local/lib/python3.12/site-packages/airflow/example_dags/example_sensor_decorator.py took 0.215 seconds
[2025-10-06T05:56:53.441+0000] {processor.py:186} INFO - Started process (PID=502) to work on /home/airflow/.local/lib/python3.12/site-packages/airflow/example_dags/example_sensor_decorator.py
[2025-10-06T05:56:53.446+0000] {processor.py:914} INFO - Processing file /home/airflow/.local/lib/python3.12/site-packages/airflow/example_dags/example_sensor_decorator.py for tasks to queue
[2025-10-06T05:56:53.455+0000] {logging_mixin.py:190} INFO - [2025-10-06T05:56:53.454+0000] {dagbag.py:588} INFO - Filling up the DagBag from /home/airflow/.local/lib/python3.12/site-packages/airflow/example_dags/example_sensor_decorator.py
[2025-10-06T05:56:53.495+0000] {processor.py:925} INFO - DAG(s) 'example_sensor_decorator' retrieved from /home/airflow/.local/lib/python3.12/site-packages/airflow/example_dags/example_sensor_decorator.py
[2025-10-06T05:56:53.567+0000] {logging_mixin.py:190} INFO - [2025-10-06T05:56:53.566+0000] {dag.py:3239} INFO - Sync 1 DAGs
[2025-10-06T05:56:53.621+0000] {logging_mixin.py:190} INFO - [2025-10-06T05:56:53.620+0000] {dag.py:4180} INFO - Setting next_dagrun for example_sensor_decorator to None, run_after=None
[2025-10-06T05:56:53.679+0000] {processor.py:208} INFO - Processing /home/airflow/.local/lib/python3.12/site-packages/airflow/example_dags/example_sensor_decorator.py took 0.268 seconds
[2025-10-06T05:57:32.830+0000] {processor.py:186} INFO - Started process (PID=566) to work on /home/airflow/.local/lib/python3.12/site-packages/airflow/example_dags/example_sensor_decorator.py
[2025-10-06T05:57:32.835+0000] {processor.py:914} INFO - Processing file /home/airflow/.local/lib/python3.12/site-packages/airflow/example_dags/example_sensor_decorator.py for tasks to queue
[2025-10-06T05:57:32.845+0000] {logging_mixin.py:190} INFO - [2025-10-06T05:57:32.844+0000] {dagbag.py:588} INFO - Filling up the DagBag from /home/airflow/.local/lib/python3.12/site-packages/airflow/example_dags/example_sensor_decorator.py
[2025-10-06T05:57:32.874+0000] {processor.py:925} INFO - DAG(s) 'example_sensor_decorator' retrieved from /home/airflow/.local/lib/python3.12/site-packages/airflow/example_dags/example_sensor_decorator.py
[2025-10-06T05:57:32.940+0000] {logging_mixin.py:190} INFO - [2025-10-06T05:57:32.939+0000] {dag.py:3239} INFO - Sync 1 DAGs
[2025-10-06T05:57:33.000+0000] {logging_mixin.py:190} INFO - [2025-10-06T05:57:32.999+0000] {dag.py:4180} INFO - Setting next_dagrun for example_sensor_decorator to None, run_after=None
[2025-10-06T05:57:33.137+0000] {processor.py:208} INFO - Processing /home/airflow/.local/lib/python3.12/site-packages/airflow/example_dags/example_sensor_decorator.py took 0.330 seconds
[2025-10-06T05:58:03.316+0000] {processor.py:186} INFO - Started process (PID=629) to work on /home/airflow/.local/lib/python3.12/site-packages/airflow/example_dags/example_sensor_decorator.py
[2025-10-06T05:58:03.319+0000] {processor.py:914} INFO - Processing file /home/airflow/.local/lib/python3.12/site-packages/airflow/example_dags/example_sensor_decorator.py for tasks to queue
[2025-10-06T05:58:03.326+0000] {logging_mixin.py:190} INFO - [2025-10-06T05:58:03.325+0000] {dagbag.py:588} INFO - Filling up the DagBag from /home/airflow/.local/lib/python3.12/site-packages/airflow/example_dags/example_sensor_decorator.py
[2025-10-06T05:58:03.354+0000] {processor.py:925} INFO - DAG(s) 'example_sensor_decorator' retrieved from /home/airflow/.local/lib/python3.12/site-packages/airflow/example_dags/example_sensor_decorator.py
[2025-10-06T05:58:03.413+0000] {logging_mixin.py:190} INFO - [2025-10-06T05:58:03.412+0000] {dag.py:3239} INFO - Sync 1 DAGs
[2025-10-06T05:58:03.458+0000] {logging_mixin.py:190} INFO - [2025-10-06T05:58:03.457+0000] {dag.py:4180} INFO - Setting next_dagrun for example_sensor_decorator to None, run_after=None
[2025-10-06T05:58:03.512+0000] {processor.py:208} INFO - Processing /home/airflow/.local/lib/python3.12/site-packages/airflow/example_dags/example_sensor_decorator.py took 0.218 seconds
[2025-10-06T05:58:35.679+0000] {processor.py:186} INFO - Started process (PID=692) to work on /home/airflow/.local/lib/python3.12/site-packages/airflow/example_dags/example_sensor_decorator.py
[2025-10-06T05:58:35.697+0000] {processor.py:914} INFO - Processing file /home/airflow/.local/lib/python3.12/site-packages/airflow/example_dags/example_sensor_decorator.py for tasks to queue
[2025-10-06T05:58:35.719+0000] {logging_mixin.py:190} INFO - [2025-10-06T05:58:35.717+0000] {dagbag.py:588} INFO - Filling up the DagBag from /home/airflow/.local/lib/python3.12/site-packages/airflow/example_dags/example_sensor_decorator.py
[2025-10-06T05:58:35.798+0000] {processor.py:925} INFO - DAG(s) 'example_sensor_decorator' retrieved from /home/airflow/.local/lib/python3.12/site-packages/airflow/example_dags/example_sensor_decorator.py
[2025-10-06T05:58:35.932+0000] {logging_mixin.py:190} INFO - [2025-10-06T05:58:35.931+0000] {dag.py:3239} INFO - Sync 1 DAGs
[2025-10-06T05:58:36.090+0000] {logging_mixin.py:190} INFO - [2025-10-06T05:58:36.090+0000] {dag.py:4180} INFO - Setting next_dagrun for example_sensor_decorator to None, run_after=None
[2025-10-06T05:58:36.239+0000] {processor.py:208} INFO - Processing /home/airflow/.local/lib/python3.12/site-packages/airflow/example_dags/example_sensor_decorator.py took 0.600 seconds
[2025-10-06T05:59:07.285+0000] {processor.py:186} INFO - Started process (PID=755) to work on /home/airflow/.local/lib/python3.12/site-packages/airflow/example_dags/example_sensor_decorator.py
[2025-10-06T05:59:07.291+0000] {processor.py:914} INFO - Processing file /home/airflow/.local/lib/python3.12/site-packages/airflow/example_dags/example_sensor_decorator.py for tasks to queue
[2025-10-06T05:59:07.306+0000] {logging_mixin.py:190} INFO - [2025-10-06T05:59:07.304+0000] {dagbag.py:588} INFO - Filling up the DagBag from /home/airflow/.local/lib/python3.12/site-packages/airflow/example_dags/example_sensor_decorator.py
[2025-10-06T05:59:07.349+0000] {processor.py:925} INFO - DAG(s) 'example_sensor_decorator' retrieved from /home/airflow/.local/lib/python3.12/site-packages/airflow/example_dags/example_sensor_decorator.py
[2025-10-06T05:59:07.486+0000] {logging_mixin.py:190} INFO - [2025-10-06T05:59:07.485+0000] {dag.py:3239} INFO - Sync 1 DAGs
[2025-10-06T05:59:07.582+0000] {logging_mixin.py:190} INFO - [2025-10-06T05:59:07.581+0000] {dag.py:4180} INFO - Setting next_dagrun for example_sensor_decorator to None, run_after=None
[2025-10-06T05:59:07.688+0000] {processor.py:208} INFO - Processing /home/airflow/.local/lib/python3.12/site-packages/airflow/example_dags/example_sensor_decorator.py took 0.433 seconds
[2025-10-06T05:59:38.811+0000] {processor.py:186} INFO - Started process (PID=818) to work on /home/airflow/.local/lib/python3.12/site-packages/airflow/example_dags/example_sensor_decorator.py
[2025-10-06T05:59:38.814+0000] {processor.py:914} INFO - Processing file /home/airflow/.local/lib/python3.12/site-packages/airflow/example_dags/example_sensor_decorator.py for tasks to queue
[2025-10-06T05:59:38.823+0000] {logging_mixin.py:190} INFO - [2025-10-06T05:59:38.821+0000] {dagbag.py:588} INFO - Filling up the DagBag from /home/airflow/.local/lib/python3.12/site-packages/airflow/example_dags/example_sensor_decorator.py
[2025-10-06T05:59:38.854+0000] {processor.py:925} INFO - DAG(s) 'example_sensor_decorator' retrieved from /home/airflow/.local/lib/python3.12/site-packages/airflow/example_dags/example_sensor_decorator.py
[2025-10-06T05:59:38.911+0000] {logging_mixin.py:190} INFO - [2025-10-06T05:59:38.910+0000] {dag.py:3239} INFO - Sync 1 DAGs
[2025-10-06T05:59:38.959+0000] {logging_mixin.py:190} INFO - [2025-10-06T05:59:38.958+0000] {dag.py:4180} INFO - Setting next_dagrun for example_sensor_decorator to None, run_after=None
[2025-10-06T05:59:39.021+0000] {processor.py:208} INFO - Processing /home/airflow/.local/lib/python3.12/site-packages/airflow/example_dags/example_sensor_decorator.py took 0.234 seconds
[2025-10-06T06:00:22.080+0000] {processor.py:186} INFO - Started process (PID=893) to work on /home/airflow/.local/lib/python3.12/site-packages/airflow/example_dags/example_sensor_decorator.py
[2025-10-06T06:00:22.083+0000] {processor.py:914} INFO - Processing file /home/airflow/.local/lib/python3.12/site-packages/airflow/example_dags/example_sensor_decorator.py for tasks to queue
[2025-10-06T06:00:22.090+0000] {logging_mixin.py:190} INFO - [2025-10-06T06:00:22.089+0000] {dagbag.py:588} INFO - Filling up the DagBag from /home/airflow/.local/lib/python3.12/site-packages/airflow/example_dags/example_sensor_decorator.py
[2025-10-06T06:00:22.112+0000] {processor.py:925} INFO - DAG(s) 'example_sensor_decorator' retrieved from /home/airflow/.local/lib/python3.12/site-packages/airflow/example_dags/example_sensor_decorator.py
[2025-10-06T06:00:22.169+0000] {logging_mixin.py:190} INFO - [2025-10-06T06:00:22.169+0000] {dag.py:3239} INFO - Sync 1 DAGs
[2025-10-06T06:00:22.225+0000] {logging_mixin.py:190} INFO - [2025-10-06T06:00:22.224+0000] {dag.py:4180} INFO - Setting next_dagrun for example_sensor_decorator to None, run_after=None
[2025-10-06T06:00:22.287+0000] {processor.py:208} INFO - Processing /home/airflow/.local/lib/python3.12/site-packages/airflow/example_dags/example_sensor_decorator.py took 0.220 seconds
[2025-10-06T06:00:54.948+0000] {processor.py:186} INFO - Started process (PID=956) to work on /home/airflow/.local/lib/python3.12/site-packages/airflow/example_dags/example_sensor_decorator.py
[2025-10-06T06:00:54.951+0000] {processor.py:914} INFO - Processing file /home/airflow/.local/lib/python3.12/site-packages/airflow/example_dags/example_sensor_decorator.py for tasks to queue
[2025-10-06T06:00:54.958+0000] {logging_mixin.py:190} INFO - [2025-10-06T06:00:54.957+0000] {dagbag.py:588} INFO - Filling up the DagBag from /home/airflow/.local/lib/python3.12/site-packages/airflow/example_dags/example_sensor_decorator.py
[2025-10-06T06:00:54.989+0000] {processor.py:925} INFO - DAG(s) 'example_sensor_decorator' retrieved from /home/airflow/.local/lib/python3.12/site-packages/airflow/example_dags/example_sensor_decorator.py
[2025-10-06T06:00:55.062+0000] {logging_mixin.py:190} INFO - [2025-10-06T06:00:55.062+0000] {dag.py:3239} INFO - Sync 1 DAGs
[2025-10-06T06:00:55.112+0000] {logging_mixin.py:190} INFO - [2025-10-06T06:00:55.112+0000] {dag.py:4180} INFO - Setting next_dagrun for example_sensor_decorator to None, run_after=None
[2025-10-06T06:00:55.173+0000] {processor.py:208} INFO - Processing /home/airflow/.local/lib/python3.12/site-packages/airflow/example_dags/example_sensor_decorator.py took 0.243 seconds
[2025-10-06T06:01:26.952+0000] {processor.py:186} INFO - Started process (PID=1018) to work on /home/airflow/.local/lib/python3.12/site-packages/airflow/example_dags/example_sensor_decorator.py
[2025-10-06T06:01:26.956+0000] {processor.py:914} INFO - Processing file /home/airflow/.local/lib/python3.12/site-packages/airflow/example_dags/example_sensor_decorator.py for tasks to queue
[2025-10-06T06:01:26.966+0000] {logging_mixin.py:190} INFO - [2025-10-06T06:01:26.965+0000] {dagbag.py:588} INFO - Filling up the DagBag from /home/airflow/.local/lib/python3.12/site-packages/airflow/example_dags/example_sensor_decorator.py
[2025-10-06T06:01:26.999+0000] {processor.py:925} INFO - DAG(s) 'example_sensor_decorator' retrieved from /home/airflow/.local/lib/python3.12/site-packages/airflow/example_dags/example_sensor_decorator.py
[2025-10-06T06:01:27.081+0000] {logging_mixin.py:190} INFO - [2025-10-06T06:01:27.080+0000] {dag.py:3239} INFO - Sync 1 DAGs
[2025-10-06T06:01:27.164+0000] {logging_mixin.py:190} INFO - [2025-10-06T06:01:27.163+0000] {dag.py:4180} INFO - Setting next_dagrun for example_sensor_decorator to None, run_after=None
[2025-10-06T06:01:27.285+0000] {processor.py:208} INFO - Processing /home/airflow/.local/lib/python3.12/site-packages/airflow/example_dags/example_sensor_decorator.py took 0.367 seconds
[2025-10-06T06:01:59.211+0000] {processor.py:186} INFO - Started process (PID=1083) to work on /home/airflow/.local/lib/python3.12/site-packages/airflow/example_dags/example_sensor_decorator.py
[2025-10-06T06:01:59.213+0000] {processor.py:914} INFO - Processing file /home/airflow/.local/lib/python3.12/site-packages/airflow/example_dags/example_sensor_decorator.py for tasks to queue
[2025-10-06T06:01:59.221+0000] {logging_mixin.py:190} INFO - [2025-10-06T06:01:59.220+0000] {dagbag.py:588} INFO - Filling up the DagBag from /home/airflow/.local/lib/python3.12/site-packages/airflow/example_dags/example_sensor_decorator.py
[2025-10-06T06:01:59.248+0000] {processor.py:925} INFO - DAG(s) 'example_sensor_decorator' retrieved from /home/airflow/.local/lib/python3.12/site-packages/airflow/example_dags/example_sensor_decorator.py
[2025-10-06T06:01:59.309+0000] {logging_mixin.py:190} INFO - [2025-10-06T06:01:59.308+0000] {dag.py:3239} INFO - Sync 1 DAGs
[2025-10-06T06:01:59.369+0000] {logging_mixin.py:190} INFO - [2025-10-06T06:01:59.368+0000] {dag.py:4180} INFO - Setting next_dagrun for example_sensor_decorator to None, run_after=None
[2025-10-06T06:01:59.428+0000] {processor.py:208} INFO - Processing /home/airflow/.local/lib/python3.12/site-packages/airflow/example_dags/example_sensor_decorator.py took 0.233 seconds
[2025-10-06T06:02:29.608+0000] {processor.py:186} INFO - Started process (PID=1145) to work on /home/airflow/.local/lib/python3.12/site-packages/airflow/example_dags/example_sensor_decorator.py
[2025-10-06T06:02:29.612+0000] {processor.py:914} INFO - Processing file /home/airflow/.local/lib/python3.12/site-packages/airflow/example_dags/example_sensor_decorator.py for tasks to queue
[2025-10-06T06:02:29.621+0000] {logging_mixin.py:190} INFO - [2025-10-06T06:02:29.620+0000] {dagbag.py:588} INFO - Filling up the DagBag from /home/airflow/.local/lib/python3.12/site-packages/airflow/example_dags/example_sensor_decorator.py
[2025-10-06T06:02:29.656+0000] {processor.py:925} INFO - DAG(s) 'example_sensor_decorator' retrieved from /home/airflow/.local/lib/python3.12/site-packages/airflow/example_dags/example_sensor_decorator.py
[2025-10-06T06:02:29.749+0000] {logging_mixin.py:190} INFO - [2025-10-06T06:02:29.748+0000] {dag.py:3239} INFO - Sync 1 DAGs
[2025-10-06T06:02:29.818+0000] {logging_mixin.py:190} INFO - [2025-10-06T06:02:29.817+0000] {dag.py:4180} INFO - Setting next_dagrun for example_sensor_decorator to None, run_after=None
[2025-10-06T06:02:29.906+0000] {processor.py:208} INFO - Processing /home/airflow/.local/lib/python3.12/site-packages/airflow/example_dags/example_sensor_decorator.py took 0.320 seconds
[2025-10-06T06:03:01.336+0000] {processor.py:186} INFO - Started process (PID=1209) to work on /home/airflow/.local/lib/python3.12/site-packages/airflow/example_dags/example_sensor_decorator.py
[2025-10-06T06:03:01.338+0000] {processor.py:914} INFO - Processing file /home/airflow/.local/lib/python3.12/site-packages/airflow/example_dags/example_sensor_decorator.py for tasks to queue
[2025-10-06T06:03:01.344+0000] {logging_mixin.py:190} INFO - [2025-10-06T06:03:01.343+0000] {dagbag.py:588} INFO - Filling up the DagBag from /home/airflow/.local/lib/python3.12/site-packages/airflow/example_dags/example_sensor_decorator.py
[2025-10-06T06:03:01.362+0000] {processor.py:925} INFO - DAG(s) 'example_sensor_decorator' retrieved from /home/airflow/.local/lib/python3.12/site-packages/airflow/example_dags/example_sensor_decorator.py
[2025-10-06T06:03:01.413+0000] {logging_mixin.py:190} INFO - [2025-10-06T06:03:01.413+0000] {dag.py:3239} INFO - Sync 1 DAGs
[2025-10-06T06:03:01.444+0000] {logging_mixin.py:190} INFO - [2025-10-06T06:03:01.443+0000] {dag.py:4180} INFO - Setting next_dagrun for example_sensor_decorator to None, run_after=None
[2025-10-06T06:03:01.717+0000] {processor.py:208} INFO - Processing /home/airflow/.local/lib/python3.12/site-packages/airflow/example_dags/example_sensor_decorator.py took 0.398 seconds
[2025-10-06T06:03:31.999+0000] {processor.py:186} INFO - Started process (PID=1271) to work on /home/airflow/.local/lib/python3.12/site-packages/airflow/example_dags/example_sensor_decorator.py
[2025-10-06T06:03:32.003+0000] {processor.py:914} INFO - Processing file /home/airflow/.local/lib/python3.12/site-packages/airflow/example_dags/example_sensor_decorator.py for tasks to queue
[2025-10-06T06:03:32.010+0000] {logging_mixin.py:190} INFO - [2025-10-06T06:03:32.009+0000] {dagbag.py:588} INFO - Filling up the DagBag from /home/airflow/.local/lib/python3.12/site-packages/airflow/example_dags/example_sensor_decorator.py
[2025-10-06T06:03:32.037+0000] {processor.py:925} INFO - DAG(s) 'example_sensor_decorator' retrieved from /home/airflow/.local/lib/python3.12/site-packages/airflow/example_dags/example_sensor_decorator.py
[2025-10-06T06:03:32.087+0000] {logging_mixin.py:190} INFO - [2025-10-06T06:03:32.086+0000] {dag.py:3239} INFO - Sync 1 DAGs
[2025-10-06T06:03:32.120+0000] {logging_mixin.py:190} INFO - [2025-10-06T06:03:32.119+0000] {dag.py:4180} INFO - Setting next_dagrun for example_sensor_decorator to None, run_after=None
[2025-10-06T06:03:32.173+0000] {processor.py:208} INFO - Processing /home/airflow/.local/lib/python3.12/site-packages/airflow/example_dags/example_sensor_decorator.py took 0.194 seconds
[2025-10-06T06:04:03.331+0000] {processor.py:186} INFO - Started process (PID=1334) to work on /home/airflow/.local/lib/python3.12/site-packages/airflow/example_dags/example_sensor_decorator.py
[2025-10-06T06:04:03.333+0000] {processor.py:914} INFO - Processing file /home/airflow/.local/lib/python3.12/site-packages/airflow/example_dags/example_sensor_decorator.py for tasks to queue
[2025-10-06T06:04:03.339+0000] {logging_mixin.py:190} INFO - [2025-10-06T06:04:03.338+0000] {dagbag.py:588} INFO - Filling up the DagBag from /home/airflow/.local/lib/python3.12/site-packages/airflow/example_dags/example_sensor_decorator.py
[2025-10-06T06:04:03.359+0000] {processor.py:925} INFO - DAG(s) 'example_sensor_decorator' retrieved from /home/airflow/.local/lib/python3.12/site-packages/airflow/example_dags/example_sensor_decorator.py
[2025-10-06T06:04:03.412+0000] {logging_mixin.py:190} INFO - [2025-10-06T06:04:03.411+0000] {dag.py:3239} INFO - Sync 1 DAGs
[2025-10-06T06:04:03.447+0000] {logging_mixin.py:190} INFO - [2025-10-06T06:04:03.447+0000] {dag.py:4180} INFO - Setting next_dagrun for example_sensor_decorator to None, run_after=None
[2025-10-06T06:04:03.500+0000] {processor.py:208} INFO - Processing /home/airflow/.local/lib/python3.12/site-packages/airflow/example_dags/example_sensor_decorator.py took 0.185 seconds
[2025-10-06T06:04:34.247+0000] {processor.py:186} INFO - Started process (PID=1397) to work on /home/airflow/.local/lib/python3.12/site-packages/airflow/example_dags/example_sensor_decorator.py
[2025-10-06T06:04:34.253+0000] {processor.py:914} INFO - Processing file /home/airflow/.local/lib/python3.12/site-packages/airflow/example_dags/example_sensor_decorator.py for tasks to queue
[2025-10-06T06:04:34.265+0000] {logging_mixin.py:190} INFO - [2025-10-06T06:04:34.264+0000] {dagbag.py:588} INFO - Filling up the DagBag from /home/airflow/.local/lib/python3.12/site-packages/airflow/example_dags/example_sensor_decorator.py
[2025-10-06T06:04:34.843+0000] {processor.py:925} INFO - DAG(s) 'example_sensor_decorator' retrieved from /home/airflow/.local/lib/python3.12/site-packages/airflow/example_dags/example_sensor_decorator.py
[2025-10-06T06:04:35.001+0000] {logging_mixin.py:190} INFO - [2025-10-06T06:04:35.001+0000] {dag.py:3239} INFO - Sync 1 DAGs
[2025-10-06T06:04:35.049+0000] {logging_mixin.py:190} INFO - [2025-10-06T06:04:35.049+0000] {dag.py:4180} INFO - Setting next_dagrun for example_sensor_decorator to None, run_after=None
[2025-10-06T06:04:35.147+0000] {processor.py:208} INFO - Processing /home/airflow/.local/lib/python3.12/site-packages/airflow/example_dags/example_sensor_decorator.py took 0.931 seconds
[2025-10-06T06:05:05.691+0000] {processor.py:186} INFO - Started process (PID=1459) to work on /home/airflow/.local/lib/python3.12/site-packages/airflow/example_dags/example_sensor_decorator.py
[2025-10-06T06:05:05.703+0000] {processor.py:914} INFO - Processing file /home/airflow/.local/lib/python3.12/site-packages/airflow/example_dags/example_sensor_decorator.py for tasks to queue
[2025-10-06T06:05:05.723+0000] {logging_mixin.py:190} INFO - [2025-10-06T06:05:05.718+0000] {dagbag.py:588} INFO - Filling up the DagBag from /home/airflow/.local/lib/python3.12/site-packages/airflow/example_dags/example_sensor_decorator.py
[2025-10-06T06:05:05.774+0000] {processor.py:925} INFO - DAG(s) 'example_sensor_decorator' retrieved from /home/airflow/.local/lib/python3.12/site-packages/airflow/example_dags/example_sensor_decorator.py
[2025-10-06T06:05:05.890+0000] {logging_mixin.py:190} INFO - [2025-10-06T06:05:05.889+0000] {dag.py:3239} INFO - Sync 1 DAGs
[2025-10-06T06:05:06.035+0000] {logging_mixin.py:190} INFO - [2025-10-06T06:05:06.034+0000] {dag.py:4180} INFO - Setting next_dagrun for example_sensor_decorator to None, run_after=None
[2025-10-06T06:05:06.165+0000] {processor.py:208} INFO - Processing /home/airflow/.local/lib/python3.12/site-packages/airflow/example_dags/example_sensor_decorator.py took 0.507 seconds
[2025-10-06T06:05:39.699+0000] {processor.py:186} INFO - Started process (PID=1522) to work on /home/airflow/.local/lib/python3.12/site-packages/airflow/example_dags/example_sensor_decorator.py
[2025-10-06T06:05:39.711+0000] {processor.py:914} INFO - Processing file /home/airflow/.local/lib/python3.12/site-packages/airflow/example_dags/example_sensor_decorator.py for tasks to queue
[2025-10-06T06:05:39.724+0000] {logging_mixin.py:190} INFO - [2025-10-06T06:05:39.723+0000] {dagbag.py:588} INFO - Filling up the DagBag from /home/airflow/.local/lib/python3.12/site-packages/airflow/example_dags/example_sensor_decorator.py
[2025-10-06T06:05:39.754+0000] {processor.py:925} INFO - DAG(s) 'example_sensor_decorator' retrieved from /home/airflow/.local/lib/python3.12/site-packages/airflow/example_dags/example_sensor_decorator.py
[2025-10-06T06:05:39.829+0000] {logging_mixin.py:190} INFO - [2025-10-06T06:05:39.828+0000] {dag.py:3239} INFO - Sync 1 DAGs
[2025-10-06T06:05:39.874+0000] {logging_mixin.py:190} INFO - [2025-10-06T06:05:39.873+0000] {dag.py:4180} INFO - Setting next_dagrun for example_sensor_decorator to None, run_after=None
[2025-10-06T06:05:39.924+0000] {processor.py:208} INFO - Processing /home/airflow/.local/lib/python3.12/site-packages/airflow/example_dags/example_sensor_decorator.py took 0.250 seconds
[2025-10-06T06:06:10.106+0000] {processor.py:186} INFO - Started process (PID=1585) to work on /home/airflow/.local/lib/python3.12/site-packages/airflow/example_dags/example_sensor_decorator.py
[2025-10-06T06:06:10.109+0000] {processor.py:914} INFO - Processing file /home/airflow/.local/lib/python3.12/site-packages/airflow/example_dags/example_sensor_decorator.py for tasks to queue
[2025-10-06T06:06:10.116+0000] {logging_mixin.py:190} INFO - [2025-10-06T06:06:10.115+0000] {dagbag.py:588} INFO - Filling up the DagBag from /home/airflow/.local/lib/python3.12/site-packages/airflow/example_dags/example_sensor_decorator.py
[2025-10-06T06:06:10.140+0000] {processor.py:925} INFO - DAG(s) 'example_sensor_decorator' retrieved from /home/airflow/.local/lib/python3.12/site-packages/airflow/example_dags/example_sensor_decorator.py
[2025-10-06T06:06:10.194+0000] {logging_mixin.py:190} INFO - [2025-10-06T06:06:10.194+0000] {dag.py:3239} INFO - Sync 1 DAGs
[2025-10-06T06:06:10.230+0000] {logging_mixin.py:190} INFO - [2025-10-06T06:06:10.230+0000] {dag.py:4180} INFO - Setting next_dagrun for example_sensor_decorator to None, run_after=None
[2025-10-06T06:06:10.272+0000] {processor.py:208} INFO - Processing /home/airflow/.local/lib/python3.12/site-packages/airflow/example_dags/example_sensor_decorator.py took 0.182 seconds
[2025-10-06T06:06:41.789+0000] {processor.py:186} INFO - Started process (PID=1650) to work on /home/airflow/.local/lib/python3.12/site-packages/airflow/example_dags/example_sensor_decorator.py
[2025-10-06T06:06:41.792+0000] {processor.py:914} INFO - Processing file /home/airflow/.local/lib/python3.12/site-packages/airflow/example_dags/example_sensor_decorator.py for tasks to queue
[2025-10-06T06:06:41.805+0000] {logging_mixin.py:190} INFO - [2025-10-06T06:06:41.804+0000] {dagbag.py:588} INFO - Filling up the DagBag from /home/airflow/.local/lib/python3.12/site-packages/airflow/example_dags/example_sensor_decorator.py
[2025-10-06T06:06:41.842+0000] {processor.py:925} INFO - DAG(s) 'example_sensor_decorator' retrieved from /home/airflow/.local/lib/python3.12/site-packages/airflow/example_dags/example_sensor_decorator.py
[2025-10-06T06:06:41.911+0000] {logging_mixin.py:190} INFO - [2025-10-06T06:06:41.910+0000] {dag.py:3239} INFO - Sync 1 DAGs
[2025-10-06T06:06:41.961+0000] {logging_mixin.py:190} INFO - [2025-10-06T06:06:41.960+0000] {dag.py:4180} INFO - Setting next_dagrun for example_sensor_decorator to None, run_after=None
[2025-10-06T06:06:42.021+0000] {processor.py:208} INFO - Processing /home/airflow/.local/lib/python3.12/site-packages/airflow/example_dags/example_sensor_decorator.py took 0.252 seconds
[2025-10-06T06:07:13.967+0000] {processor.py:186} INFO - Started process (PID=1717) to work on /home/airflow/.local/lib/python3.12/site-packages/airflow/example_dags/example_sensor_decorator.py
[2025-10-06T06:07:13.970+0000] {processor.py:914} INFO - Processing file /home/airflow/.local/lib/python3.12/site-packages/airflow/example_dags/example_sensor_decorator.py for tasks to queue
[2025-10-06T06:07:13.977+0000] {logging_mixin.py:190} INFO - [2025-10-06T06:07:13.976+0000] {dagbag.py:588} INFO - Filling up the DagBag from /home/airflow/.local/lib/python3.12/site-packages/airflow/example_dags/example_sensor_decorator.py
[2025-10-06T06:07:14.000+0000] {processor.py:925} INFO - DAG(s) 'example_sensor_decorator' retrieved from /home/airflow/.local/lib/python3.12/site-packages/airflow/example_dags/example_sensor_decorator.py
[2025-10-06T06:07:14.052+0000] {logging_mixin.py:190} INFO - [2025-10-06T06:07:14.052+0000] {dag.py:3239} INFO - Sync 1 DAGs
[2025-10-06T06:07:14.095+0000] {logging_mixin.py:190} INFO - [2025-10-06T06:07:14.095+0000] {dag.py:4180} INFO - Setting next_dagrun for example_sensor_decorator to None, run_after=None
[2025-10-06T06:07:14.152+0000] {processor.py:208} INFO - Processing /home/airflow/.local/lib/python3.12/site-packages/airflow/example_dags/example_sensor_decorator.py took 0.201 seconds
[2025-10-06T06:07:45.460+0000] {processor.py:186} INFO - Started process (PID=1781) to work on /home/airflow/.local/lib/python3.12/site-packages/airflow/example_dags/example_sensor_decorator.py
[2025-10-06T06:07:45.474+0000] {processor.py:914} INFO - Processing file /home/airflow/.local/lib/python3.12/site-packages/airflow/example_dags/example_sensor_decorator.py for tasks to queue
[2025-10-06T06:07:45.493+0000] {logging_mixin.py:190} INFO - [2025-10-06T06:07:45.484+0000] {dagbag.py:588} INFO - Filling up the DagBag from /home/airflow/.local/lib/python3.12/site-packages/airflow/example_dags/example_sensor_decorator.py
[2025-10-06T06:07:45.546+0000] {processor.py:925} INFO - DAG(s) 'example_sensor_decorator' retrieved from /home/airflow/.local/lib/python3.12/site-packages/airflow/example_dags/example_sensor_decorator.py
[2025-10-06T06:07:45.628+0000] {logging_mixin.py:190} INFO - [2025-10-06T06:07:45.627+0000] {dag.py:3239} INFO - Sync 1 DAGs
[2025-10-06T06:07:45.692+0000] {logging_mixin.py:190} INFO - [2025-10-06T06:07:45.691+0000] {dag.py:4180} INFO - Setting next_dagrun for example_sensor_decorator to None, run_after=None
[2025-10-06T06:07:46.135+0000] {processor.py:208} INFO - Processing /home/airflow/.local/lib/python3.12/site-packages/airflow/example_dags/example_sensor_decorator.py took 0.730 seconds
[2025-10-06T17:41:15.972+0000] {processor.py:186} INFO - Started process (PID=117) to work on /home/airflow/.local/lib/python3.12/site-packages/airflow/example_dags/example_sensor_decorator.py
[2025-10-06T17:41:15.974+0000] {processor.py:914} INFO - Processing file /home/airflow/.local/lib/python3.12/site-packages/airflow/example_dags/example_sensor_decorator.py for tasks to queue
[2025-10-06T17:41:15.979+0000] {logging_mixin.py:190} INFO - [2025-10-06T17:41:15.979+0000] {dagbag.py:588} INFO - Filling up the DagBag from /home/airflow/.local/lib/python3.12/site-packages/airflow/example_dags/example_sensor_decorator.py
[2025-10-06T17:41:15.995+0000] {processor.py:925} INFO - DAG(s) 'example_sensor_decorator' retrieved from /home/airflow/.local/lib/python3.12/site-packages/airflow/example_dags/example_sensor_decorator.py
[2025-10-06T17:41:16.041+0000] {logging_mixin.py:190} INFO - [2025-10-06T17:41:16.040+0000] {dag.py:3239} INFO - Sync 1 DAGs
[2025-10-06T17:41:16.068+0000] {logging_mixin.py:190} INFO - [2025-10-06T17:41:16.067+0000] {dag.py:4180} INFO - Setting next_dagrun for example_sensor_decorator to None, run_after=None
[2025-10-06T17:41:16.105+0000] {processor.py:208} INFO - Processing /home/airflow/.local/lib/python3.12/site-packages/airflow/example_dags/example_sensor_decorator.py took 0.142 seconds
[2025-10-06T17:41:48.950+0000] {processor.py:186} INFO - Started process (PID=180) to work on /home/airflow/.local/lib/python3.12/site-packages/airflow/example_dags/example_sensor_decorator.py
[2025-10-06T17:41:48.952+0000] {processor.py:914} INFO - Processing file /home/airflow/.local/lib/python3.12/site-packages/airflow/example_dags/example_sensor_decorator.py for tasks to queue
[2025-10-06T17:41:48.957+0000] {logging_mixin.py:190} INFO - [2025-10-06T17:41:48.957+0000] {dagbag.py:588} INFO - Filling up the DagBag from /home/airflow/.local/lib/python3.12/site-packages/airflow/example_dags/example_sensor_decorator.py
[2025-10-06T17:41:48.977+0000] {processor.py:925} INFO - DAG(s) 'example_sensor_decorator' retrieved from /home/airflow/.local/lib/python3.12/site-packages/airflow/example_dags/example_sensor_decorator.py
[2025-10-06T17:41:49.010+0000] {logging_mixin.py:190} INFO - [2025-10-06T17:41:49.010+0000] {dag.py:3239} INFO - Sync 1 DAGs
[2025-10-06T17:41:49.043+0000] {logging_mixin.py:190} INFO - [2025-10-06T17:41:49.042+0000] {dag.py:4180} INFO - Setting next_dagrun for example_sensor_decorator to None, run_after=None
[2025-10-06T17:41:49.109+0000] {processor.py:208} INFO - Processing /home/airflow/.local/lib/python3.12/site-packages/airflow/example_dags/example_sensor_decorator.py took 0.172 seconds
[2025-10-06T17:42:19.466+0000] {processor.py:186} INFO - Started process (PID=242) to work on /home/airflow/.local/lib/python3.12/site-packages/airflow/example_dags/example_sensor_decorator.py
[2025-10-06T17:42:19.467+0000] {processor.py:914} INFO - Processing file /home/airflow/.local/lib/python3.12/site-packages/airflow/example_dags/example_sensor_decorator.py for tasks to queue
[2025-10-06T17:42:19.472+0000] {logging_mixin.py:190} INFO - [2025-10-06T17:42:19.471+0000] {dagbag.py:588} INFO - Filling up the DagBag from /home/airflow/.local/lib/python3.12/site-packages/airflow/example_dags/example_sensor_decorator.py
[2025-10-06T17:42:19.485+0000] {processor.py:925} INFO - DAG(s) 'example_sensor_decorator' retrieved from /home/airflow/.local/lib/python3.12/site-packages/airflow/example_dags/example_sensor_decorator.py
[2025-10-06T17:42:19.512+0000] {logging_mixin.py:190} INFO - [2025-10-06T17:42:19.512+0000] {dag.py:3239} INFO - Sync 1 DAGs
[2025-10-06T17:42:19.532+0000] {logging_mixin.py:190} INFO - [2025-10-06T17:42:19.532+0000] {dag.py:4180} INFO - Setting next_dagrun for example_sensor_decorator to None, run_after=None
[2025-10-06T17:42:19.561+0000] {processor.py:208} INFO - Processing /home/airflow/.local/lib/python3.12/site-packages/airflow/example_dags/example_sensor_decorator.py took 0.104 seconds
[2025-10-06T17:42:51.275+0000] {processor.py:186} INFO - Started process (PID=312) to work on /home/airflow/.local/lib/python3.12/site-packages/airflow/example_dags/example_sensor_decorator.py
[2025-10-06T17:42:51.276+0000] {processor.py:914} INFO - Processing file /home/airflow/.local/lib/python3.12/site-packages/airflow/example_dags/example_sensor_decorator.py for tasks to queue
[2025-10-06T17:42:51.281+0000] {logging_mixin.py:190} INFO - [2025-10-06T17:42:51.281+0000] {dagbag.py:588} INFO - Filling up the DagBag from /home/airflow/.local/lib/python3.12/site-packages/airflow/example_dags/example_sensor_decorator.py
[2025-10-06T17:42:51.294+0000] {processor.py:925} INFO - DAG(s) 'example_sensor_decorator' retrieved from /home/airflow/.local/lib/python3.12/site-packages/airflow/example_dags/example_sensor_decorator.py
[2025-10-06T17:42:51.332+0000] {logging_mixin.py:190} INFO - [2025-10-06T17:42:51.331+0000] {dag.py:3239} INFO - Sync 1 DAGs
[2025-10-06T17:42:51.383+0000] {logging_mixin.py:190} INFO - [2025-10-06T17:42:51.382+0000] {dag.py:4180} INFO - Setting next_dagrun for example_sensor_decorator to None, run_after=None
[2025-10-06T17:42:51.420+0000] {processor.py:208} INFO - Processing /home/airflow/.local/lib/python3.12/site-packages/airflow/example_dags/example_sensor_decorator.py took 0.155 seconds
[2025-10-06T17:43:24.926+0000] {processor.py:186} INFO - Started process (PID=382) to work on /home/airflow/.local/lib/python3.12/site-packages/airflow/example_dags/example_sensor_decorator.py
[2025-10-06T17:43:24.928+0000] {processor.py:914} INFO - Processing file /home/airflow/.local/lib/python3.12/site-packages/airflow/example_dags/example_sensor_decorator.py for tasks to queue
[2025-10-06T17:43:24.932+0000] {logging_mixin.py:190} INFO - [2025-10-06T17:43:24.932+0000] {dagbag.py:588} INFO - Filling up the DagBag from /home/airflow/.local/lib/python3.12/site-packages/airflow/example_dags/example_sensor_decorator.py
[2025-10-06T17:43:24.952+0000] {processor.py:925} INFO - DAG(s) 'example_sensor_decorator' retrieved from /home/airflow/.local/lib/python3.12/site-packages/airflow/example_dags/example_sensor_decorator.py
[2025-10-06T17:43:25.000+0000] {logging_mixin.py:190} INFO - [2025-10-06T17:43:24.999+0000] {dag.py:3239} INFO - Sync 1 DAGs
[2025-10-06T17:43:25.036+0000] {logging_mixin.py:190} INFO - [2025-10-06T17:43:25.036+0000] {dag.py:4180} INFO - Setting next_dagrun for example_sensor_decorator to None, run_after=None
[2025-10-06T17:43:25.073+0000] {processor.py:208} INFO - Processing /home/airflow/.local/lib/python3.12/site-packages/airflow/example_dags/example_sensor_decorator.py took 0.159 seconds
[2025-10-06T17:43:56.603+0000] {processor.py:186} INFO - Started process (PID=446) to work on /home/airflow/.local/lib/python3.12/site-packages/airflow/example_dags/example_sensor_decorator.py
[2025-10-06T17:43:56.604+0000] {processor.py:914} INFO - Processing file /home/airflow/.local/lib/python3.12/site-packages/airflow/example_dags/example_sensor_decorator.py for tasks to queue
[2025-10-06T17:43:56.607+0000] {logging_mixin.py:190} INFO - [2025-10-06T17:43:56.607+0000] {dagbag.py:588} INFO - Filling up the DagBag from /home/airflow/.local/lib/python3.12/site-packages/airflow/example_dags/example_sensor_decorator.py
[2025-10-06T17:43:56.621+0000] {processor.py:925} INFO - DAG(s) 'example_sensor_decorator' retrieved from /home/airflow/.local/lib/python3.12/site-packages/airflow/example_dags/example_sensor_decorator.py
[2025-10-06T17:43:56.657+0000] {logging_mixin.py:190} INFO - [2025-10-06T17:43:56.657+0000] {dag.py:3239} INFO - Sync 1 DAGs
[2025-10-06T17:43:56.683+0000] {logging_mixin.py:190} INFO - [2025-10-06T17:43:56.682+0000] {dag.py:4180} INFO - Setting next_dagrun for example_sensor_decorator to None, run_after=None
[2025-10-06T17:43:56.718+0000] {processor.py:208} INFO - Processing /home/airflow/.local/lib/python3.12/site-packages/airflow/example_dags/example_sensor_decorator.py took 0.121 seconds
[2025-10-06T17:44:27.096+0000] {processor.py:186} INFO - Started process (PID=508) to work on /home/airflow/.local/lib/python3.12/site-packages/airflow/example_dags/example_sensor_decorator.py
[2025-10-06T17:44:27.098+0000] {processor.py:914} INFO - Processing file /home/airflow/.local/lib/python3.12/site-packages/airflow/example_dags/example_sensor_decorator.py for tasks to queue
[2025-10-06T17:44:27.100+0000] {logging_mixin.py:190} INFO - [2025-10-06T17:44:27.100+0000] {dagbag.py:588} INFO - Filling up the DagBag from /home/airflow/.local/lib/python3.12/site-packages/airflow/example_dags/example_sensor_decorator.py
[2025-10-06T17:44:27.112+0000] {processor.py:925} INFO - DAG(s) 'example_sensor_decorator' retrieved from /home/airflow/.local/lib/python3.12/site-packages/airflow/example_dags/example_sensor_decorator.py
[2025-10-06T17:44:27.135+0000] {logging_mixin.py:190} INFO - [2025-10-06T17:44:27.134+0000] {dag.py:3239} INFO - Sync 1 DAGs
[2025-10-06T17:44:27.151+0000] {logging_mixin.py:190} INFO - [2025-10-06T17:44:27.151+0000] {dag.py:4180} INFO - Setting next_dagrun for example_sensor_decorator to None, run_after=None
[2025-10-06T17:44:27.176+0000] {processor.py:208} INFO - Processing /home/airflow/.local/lib/python3.12/site-packages/airflow/example_dags/example_sensor_decorator.py took 0.086 seconds
[2025-10-06T17:44:58.140+0000] {processor.py:186} INFO - Started process (PID=574) to work on /home/airflow/.local/lib/python3.12/site-packages/airflow/example_dags/example_sensor_decorator.py
[2025-10-06T17:44:58.142+0000] {processor.py:914} INFO - Processing file /home/airflow/.local/lib/python3.12/site-packages/airflow/example_dags/example_sensor_decorator.py for tasks to queue
[2025-10-06T17:44:58.145+0000] {logging_mixin.py:190} INFO - [2025-10-06T17:44:58.144+0000] {dagbag.py:588} INFO - Filling up the DagBag from /home/airflow/.local/lib/python3.12/site-packages/airflow/example_dags/example_sensor_decorator.py
[2025-10-06T17:44:58.154+0000] {processor.py:925} INFO - DAG(s) 'example_sensor_decorator' retrieved from /home/airflow/.local/lib/python3.12/site-packages/airflow/example_dags/example_sensor_decorator.py
[2025-10-06T17:44:58.177+0000] {logging_mixin.py:190} INFO - [2025-10-06T17:44:58.176+0000] {dag.py:3239} INFO - Sync 1 DAGs
[2025-10-06T17:44:58.200+0000] {logging_mixin.py:190} INFO - [2025-10-06T17:44:58.200+0000] {dag.py:4180} INFO - Setting next_dagrun for example_sensor_decorator to None, run_after=None
[2025-10-06T17:44:58.239+0000] {processor.py:208} INFO - Processing /home/airflow/.local/lib/python3.12/site-packages/airflow/example_dags/example_sensor_decorator.py took 0.106 seconds
[2025-10-06T17:45:29.222+0000] {processor.py:186} INFO - Started process (PID=638) to work on /home/airflow/.local/lib/python3.12/site-packages/airflow/example_dags/example_sensor_decorator.py
[2025-10-06T17:45:29.224+0000] {processor.py:914} INFO - Processing file /home/airflow/.local/lib/python3.12/site-packages/airflow/example_dags/example_sensor_decorator.py for tasks to queue
[2025-10-06T17:45:29.227+0000] {logging_mixin.py:190} INFO - [2025-10-06T17:45:29.227+0000] {dagbag.py:588} INFO - Filling up the DagBag from /home/airflow/.local/lib/python3.12/site-packages/airflow/example_dags/example_sensor_decorator.py
[2025-10-06T17:45:29.237+0000] {processor.py:925} INFO - DAG(s) 'example_sensor_decorator' retrieved from /home/airflow/.local/lib/python3.12/site-packages/airflow/example_dags/example_sensor_decorator.py
[2025-10-06T17:45:29.260+0000] {logging_mixin.py:190} INFO - [2025-10-06T17:45:29.260+0000] {dag.py:3239} INFO - Sync 1 DAGs
[2025-10-06T17:45:29.278+0000] {logging_mixin.py:190} INFO - [2025-10-06T17:45:29.278+0000] {dag.py:4180} INFO - Setting next_dagrun for example_sensor_decorator to None, run_after=None
[2025-10-06T17:45:29.806+0000] {processor.py:208} INFO - Processing /home/airflow/.local/lib/python3.12/site-packages/airflow/example_dags/example_sensor_decorator.py took 0.590 seconds
[2025-10-06T17:46:12.104+0000] {processor.py:186} INFO - Started process (PID=701) to work on /home/airflow/.local/lib/python3.12/site-packages/airflow/example_dags/example_sensor_decorator.py
[2025-10-06T17:46:12.106+0000] {processor.py:914} INFO - Processing file /home/airflow/.local/lib/python3.12/site-packages/airflow/example_dags/example_sensor_decorator.py for tasks to queue
[2025-10-06T17:46:12.113+0000] {logging_mixin.py:190} INFO - [2025-10-06T17:46:12.112+0000] {dagbag.py:588} INFO - Filling up the DagBag from /home/airflow/.local/lib/python3.12/site-packages/airflow/example_dags/example_sensor_decorator.py
[2025-10-06T17:46:12.131+0000] {processor.py:925} INFO - DAG(s) 'example_sensor_decorator' retrieved from /home/airflow/.local/lib/python3.12/site-packages/airflow/example_dags/example_sensor_decorator.py
[2025-10-06T17:46:12.168+0000] {logging_mixin.py:190} INFO - [2025-10-06T17:46:12.167+0000] {dag.py:3239} INFO - Sync 1 DAGs
[2025-10-06T17:46:12.202+0000] {logging_mixin.py:190} INFO - [2025-10-06T17:46:12.201+0000] {dag.py:4180} INFO - Setting next_dagrun for example_sensor_decorator to None, run_after=None
[2025-10-06T17:46:12.241+0000] {processor.py:208} INFO - Processing /home/airflow/.local/lib/python3.12/site-packages/airflow/example_dags/example_sensor_decorator.py took 0.151 seconds
[2025-10-06T17:46:43.053+0000] {processor.py:186} INFO - Started process (PID=764) to work on /home/airflow/.local/lib/python3.12/site-packages/airflow/example_dags/example_sensor_decorator.py
[2025-10-06T17:46:43.055+0000] {processor.py:914} INFO - Processing file /home/airflow/.local/lib/python3.12/site-packages/airflow/example_dags/example_sensor_decorator.py for tasks to queue
[2025-10-06T17:46:43.059+0000] {logging_mixin.py:190} INFO - [2025-10-06T17:46:43.058+0000] {dagbag.py:588} INFO - Filling up the DagBag from /home/airflow/.local/lib/python3.12/site-packages/airflow/example_dags/example_sensor_decorator.py
[2025-10-06T17:46:43.071+0000] {processor.py:925} INFO - DAG(s) 'example_sensor_decorator' retrieved from /home/airflow/.local/lib/python3.12/site-packages/airflow/example_dags/example_sensor_decorator.py
[2025-10-06T17:46:43.100+0000] {logging_mixin.py:190} INFO - [2025-10-06T17:46:43.100+0000] {dag.py:3239} INFO - Sync 1 DAGs
[2025-10-06T17:46:43.118+0000] {logging_mixin.py:190} INFO - [2025-10-06T17:46:43.118+0000] {dag.py:4180} INFO - Setting next_dagrun for example_sensor_decorator to None, run_after=None
[2025-10-06T17:46:43.141+0000] {processor.py:208} INFO - Processing /home/airflow/.local/lib/python3.12/site-packages/airflow/example_dags/example_sensor_decorator.py took 0.095 seconds
[2025-10-06T17:47:13.696+0000] {processor.py:186} INFO - Started process (PID=827) to work on /home/airflow/.local/lib/python3.12/site-packages/airflow/example_dags/example_sensor_decorator.py
[2025-10-06T17:47:13.698+0000] {processor.py:914} INFO - Processing file /home/airflow/.local/lib/python3.12/site-packages/airflow/example_dags/example_sensor_decorator.py for tasks to queue
[2025-10-06T17:47:13.702+0000] {logging_mixin.py:190} INFO - [2025-10-06T17:47:13.702+0000] {dagbag.py:588} INFO - Filling up the DagBag from /home/airflow/.local/lib/python3.12/site-packages/airflow/example_dags/example_sensor_decorator.py
[2025-10-06T17:47:13.714+0000] {processor.py:925} INFO - DAG(s) 'example_sensor_decorator' retrieved from /home/airflow/.local/lib/python3.12/site-packages/airflow/example_dags/example_sensor_decorator.py
[2025-10-06T17:47:13.744+0000] {logging_mixin.py:190} INFO - [2025-10-06T17:47:13.743+0000] {dag.py:3239} INFO - Sync 1 DAGs
[2025-10-06T17:47:13.776+0000] {logging_mixin.py:190} INFO - [2025-10-06T17:47:13.776+0000] {dag.py:4180} INFO - Setting next_dagrun for example_sensor_decorator to None, run_after=None
[2025-10-06T17:47:13.806+0000] {processor.py:208} INFO - Processing /home/airflow/.local/lib/python3.12/site-packages/airflow/example_dags/example_sensor_decorator.py took 0.117 seconds
[2025-10-06T17:47:44.408+0000] {processor.py:186} INFO - Started process (PID=889) to work on /home/airflow/.local/lib/python3.12/site-packages/airflow/example_dags/example_sensor_decorator.py
[2025-10-06T17:47:44.409+0000] {processor.py:914} INFO - Processing file /home/airflow/.local/lib/python3.12/site-packages/airflow/example_dags/example_sensor_decorator.py for tasks to queue
[2025-10-06T17:47:44.416+0000] {logging_mixin.py:190} INFO - [2025-10-06T17:47:44.416+0000] {dagbag.py:588} INFO - Filling up the DagBag from /home/airflow/.local/lib/python3.12/site-packages/airflow/example_dags/example_sensor_decorator.py
[2025-10-06T17:47:44.426+0000] {processor.py:925} INFO - DAG(s) 'example_sensor_decorator' retrieved from /home/airflow/.local/lib/python3.12/site-packages/airflow/example_dags/example_sensor_decorator.py
[2025-10-06T17:47:44.451+0000] {logging_mixin.py:190} INFO - [2025-10-06T17:47:44.451+0000] {dag.py:3239} INFO - Sync 1 DAGs
[2025-10-06T17:47:44.475+0000] {logging_mixin.py:190} INFO - [2025-10-06T17:47:44.474+0000] {dag.py:4180} INFO - Setting next_dagrun for example_sensor_decorator to None, run_after=None
[2025-10-06T17:47:44.511+0000] {processor.py:208} INFO - Processing /home/airflow/.local/lib/python3.12/site-packages/airflow/example_dags/example_sensor_decorator.py took 0.112 seconds
[2025-10-06T17:48:15.491+0000] {processor.py:186} INFO - Started process (PID=953) to work on /home/airflow/.local/lib/python3.12/site-packages/airflow/example_dags/example_sensor_decorator.py
[2025-10-06T17:48:15.493+0000] {processor.py:914} INFO - Processing file /home/airflow/.local/lib/python3.12/site-packages/airflow/example_dags/example_sensor_decorator.py for tasks to queue
[2025-10-06T17:48:15.495+0000] {logging_mixin.py:190} INFO - [2025-10-06T17:48:15.495+0000] {dagbag.py:588} INFO - Filling up the DagBag from /home/airflow/.local/lib/python3.12/site-packages/airflow/example_dags/example_sensor_decorator.py
[2025-10-06T17:48:15.504+0000] {processor.py:925} INFO - DAG(s) 'example_sensor_decorator' retrieved from /home/airflow/.local/lib/python3.12/site-packages/airflow/example_dags/example_sensor_decorator.py
[2025-10-06T17:48:15.525+0000] {logging_mixin.py:190} INFO - [2025-10-06T17:48:15.525+0000] {dag.py:3239} INFO - Sync 1 DAGs
[2025-10-06T17:48:15.541+0000] {logging_mixin.py:190} INFO - [2025-10-06T17:48:15.541+0000] {dag.py:4180} INFO - Setting next_dagrun for example_sensor_decorator to None, run_after=None
[2025-10-06T17:48:15.562+0000] {processor.py:208} INFO - Processing /home/airflow/.local/lib/python3.12/site-packages/airflow/example_dags/example_sensor_decorator.py took 0.076 seconds
[2025-10-06T17:48:46.805+0000] {processor.py:186} INFO - Started process (PID=1015) to work on /home/airflow/.local/lib/python3.12/site-packages/airflow/example_dags/example_sensor_decorator.py
[2025-10-06T17:48:46.807+0000] {processor.py:914} INFO - Processing file /home/airflow/.local/lib/python3.12/site-packages/airflow/example_dags/example_sensor_decorator.py for tasks to queue
[2025-10-06T17:48:46.810+0000] {logging_mixin.py:190} INFO - [2025-10-06T17:48:46.810+0000] {dagbag.py:588} INFO - Filling up the DagBag from /home/airflow/.local/lib/python3.12/site-packages/airflow/example_dags/example_sensor_decorator.py
[2025-10-06T17:48:46.820+0000] {processor.py:925} INFO - DAG(s) 'example_sensor_decorator' retrieved from /home/airflow/.local/lib/python3.12/site-packages/airflow/example_dags/example_sensor_decorator.py
[2025-10-06T17:48:46.845+0000] {logging_mixin.py:190} INFO - [2025-10-06T17:48:46.845+0000] {dag.py:3239} INFO - Sync 1 DAGs
[2025-10-06T17:48:46.868+0000] {logging_mixin.py:190} INFO - [2025-10-06T17:48:46.868+0000] {dag.py:4180} INFO - Setting next_dagrun for example_sensor_decorator to None, run_after=None
[2025-10-06T17:48:46.896+0000] {processor.py:208} INFO - Processing /home/airflow/.local/lib/python3.12/site-packages/airflow/example_dags/example_sensor_decorator.py took 0.097 seconds
[2025-10-06T17:49:17.300+0000] {processor.py:186} INFO - Started process (PID=1080) to work on /home/airflow/.local/lib/python3.12/site-packages/airflow/example_dags/example_sensor_decorator.py
[2025-10-06T17:49:17.303+0000] {processor.py:914} INFO - Processing file /home/airflow/.local/lib/python3.12/site-packages/airflow/example_dags/example_sensor_decorator.py for tasks to queue
[2025-10-06T17:49:17.306+0000] {logging_mixin.py:190} INFO - [2025-10-06T17:49:17.305+0000] {dagbag.py:588} INFO - Filling up the DagBag from /home/airflow/.local/lib/python3.12/site-packages/airflow/example_dags/example_sensor_decorator.py
[2025-10-06T17:49:17.315+0000] {processor.py:925} INFO - DAG(s) 'example_sensor_decorator' retrieved from /home/airflow/.local/lib/python3.12/site-packages/airflow/example_dags/example_sensor_decorator.py
[2025-10-06T17:49:17.335+0000] {logging_mixin.py:190} INFO - [2025-10-06T17:49:17.335+0000] {dag.py:3239} INFO - Sync 1 DAGs
[2025-10-06T17:49:17.352+0000] {logging_mixin.py:190} INFO - [2025-10-06T17:49:17.351+0000] {dag.py:4180} INFO - Setting next_dagrun for example_sensor_decorator to None, run_after=None
[2025-10-06T17:49:17.376+0000] {processor.py:208} INFO - Processing /home/airflow/.local/lib/python3.12/site-packages/airflow/example_dags/example_sensor_decorator.py took 0.082 seconds
[2025-10-06T17:49:49.126+0000] {processor.py:186} INFO - Started process (PID=1146) to work on /home/airflow/.local/lib/python3.12/site-packages/airflow/example_dags/example_sensor_decorator.py
[2025-10-06T17:49:49.128+0000] {processor.py:914} INFO - Processing file /home/airflow/.local/lib/python3.12/site-packages/airflow/example_dags/example_sensor_decorator.py for tasks to queue
[2025-10-06T17:49:49.133+0000] {logging_mixin.py:190} INFO - [2025-10-06T17:49:49.132+0000] {dagbag.py:588} INFO - Filling up the DagBag from /home/airflow/.local/lib/python3.12/site-packages/airflow/example_dags/example_sensor_decorator.py
[2025-10-06T17:49:49.149+0000] {processor.py:925} INFO - DAG(s) 'example_sensor_decorator' retrieved from /home/airflow/.local/lib/python3.12/site-packages/airflow/example_dags/example_sensor_decorator.py
[2025-10-06T17:49:49.183+0000] {logging_mixin.py:190} INFO - [2025-10-06T17:49:49.182+0000] {dag.py:3239} INFO - Sync 1 DAGs
[2025-10-06T17:49:49.203+0000] {logging_mixin.py:190} INFO - [2025-10-06T17:49:49.203+0000] {dag.py:4180} INFO - Setting next_dagrun for example_sensor_decorator to None, run_after=None
[2025-10-06T17:49:49.237+0000] {processor.py:208} INFO - Processing /home/airflow/.local/lib/python3.12/site-packages/airflow/example_dags/example_sensor_decorator.py took 0.123 seconds
[2025-10-06T17:50:21.598+0000] {processor.py:186} INFO - Started process (PID=1209) to work on /home/airflow/.local/lib/python3.12/site-packages/airflow/example_dags/example_sensor_decorator.py
[2025-10-06T17:50:21.599+0000] {processor.py:914} INFO - Processing file /home/airflow/.local/lib/python3.12/site-packages/airflow/example_dags/example_sensor_decorator.py for tasks to queue
[2025-10-06T17:50:21.604+0000] {logging_mixin.py:190} INFO - [2025-10-06T17:50:21.602+0000] {dagbag.py:588} INFO - Filling up the DagBag from /home/airflow/.local/lib/python3.12/site-packages/airflow/example_dags/example_sensor_decorator.py
[2025-10-06T17:50:21.615+0000] {processor.py:925} INFO - DAG(s) 'example_sensor_decorator' retrieved from /home/airflow/.local/lib/python3.12/site-packages/airflow/example_dags/example_sensor_decorator.py
[2025-10-06T17:50:21.647+0000] {logging_mixin.py:190} INFO - [2025-10-06T17:50:21.647+0000] {dag.py:3239} INFO - Sync 1 DAGs
[2025-10-06T17:50:21.671+0000] {logging_mixin.py:190} INFO - [2025-10-06T17:50:21.671+0000] {dag.py:4180} INFO - Setting next_dagrun for example_sensor_decorator to None, run_after=None
[2025-10-06T17:50:21.706+0000] {processor.py:208} INFO - Processing /home/airflow/.local/lib/python3.12/site-packages/airflow/example_dags/example_sensor_decorator.py took 0.117 seconds
[2025-10-06T17:50:52.534+0000] {processor.py:186} INFO - Started process (PID=1271) to work on /home/airflow/.local/lib/python3.12/site-packages/airflow/example_dags/example_sensor_decorator.py
[2025-10-06T17:50:52.536+0000] {processor.py:914} INFO - Processing file /home/airflow/.local/lib/python3.12/site-packages/airflow/example_dags/example_sensor_decorator.py for tasks to queue
[2025-10-06T17:50:52.541+0000] {logging_mixin.py:190} INFO - [2025-10-06T17:50:52.540+0000] {dagbag.py:588} INFO - Filling up the DagBag from /home/airflow/.local/lib/python3.12/site-packages/airflow/example_dags/example_sensor_decorator.py
[2025-10-06T17:50:52.555+0000] {processor.py:925} INFO - DAG(s) 'example_sensor_decorator' retrieved from /home/airflow/.local/lib/python3.12/site-packages/airflow/example_dags/example_sensor_decorator.py
[2025-10-06T17:50:52.586+0000] {logging_mixin.py:190} INFO - [2025-10-06T17:50:52.585+0000] {dag.py:3239} INFO - Sync 1 DAGs
[2025-10-06T17:50:52.620+0000] {logging_mixin.py:190} INFO - [2025-10-06T17:50:52.619+0000] {dag.py:4180} INFO - Setting next_dagrun for example_sensor_decorator to None, run_after=None
[2025-10-06T17:50:52.660+0000] {processor.py:208} INFO - Processing /home/airflow/.local/lib/python3.12/site-packages/airflow/example_dags/example_sensor_decorator.py took 0.136 seconds
[2025-10-06T17:51:23.251+0000] {processor.py:186} INFO - Started process (PID=1334) to work on /home/airflow/.local/lib/python3.12/site-packages/airflow/example_dags/example_sensor_decorator.py
[2025-10-06T17:51:23.252+0000] {processor.py:914} INFO - Processing file /home/airflow/.local/lib/python3.12/site-packages/airflow/example_dags/example_sensor_decorator.py for tasks to queue
[2025-10-06T17:51:23.257+0000] {logging_mixin.py:190} INFO - [2025-10-06T17:51:23.257+0000] {dagbag.py:588} INFO - Filling up the DagBag from /home/airflow/.local/lib/python3.12/site-packages/airflow/example_dags/example_sensor_decorator.py
[2025-10-06T17:51:23.273+0000] {processor.py:925} INFO - DAG(s) 'example_sensor_decorator' retrieved from /home/airflow/.local/lib/python3.12/site-packages/airflow/example_dags/example_sensor_decorator.py
[2025-10-06T17:51:23.299+0000] {logging_mixin.py:190} INFO - [2025-10-06T17:51:23.298+0000] {dag.py:3239} INFO - Sync 1 DAGs
[2025-10-06T17:51:23.318+0000] {logging_mixin.py:190} INFO - [2025-10-06T17:51:23.318+0000] {dag.py:4180} INFO - Setting next_dagrun for example_sensor_decorator to None, run_after=None
[2025-10-06T17:51:23.339+0000] {processor.py:208} INFO - Processing /home/airflow/.local/lib/python3.12/site-packages/airflow/example_dags/example_sensor_decorator.py took 0.097 seconds
[2025-10-06T17:51:58.764+0000] {processor.py:186} INFO - Started process (PID=1404) to work on /home/airflow/.local/lib/python3.12/site-packages/airflow/example_dags/example_sensor_decorator.py
[2025-10-06T17:51:58.765+0000] {processor.py:914} INFO - Processing file /home/airflow/.local/lib/python3.12/site-packages/airflow/example_dags/example_sensor_decorator.py for tasks to queue
[2025-10-06T17:51:58.770+0000] {logging_mixin.py:190} INFO - [2025-10-06T17:51:58.769+0000] {dagbag.py:588} INFO - Filling up the DagBag from /home/airflow/.local/lib/python3.12/site-packages/airflow/example_dags/example_sensor_decorator.py
[2025-10-06T17:51:58.784+0000] {processor.py:925} INFO - DAG(s) 'example_sensor_decorator' retrieved from /home/airflow/.local/lib/python3.12/site-packages/airflow/example_dags/example_sensor_decorator.py
[2025-10-06T17:51:58.811+0000] {logging_mixin.py:190} INFO - [2025-10-06T17:51:58.811+0000] {dag.py:3239} INFO - Sync 1 DAGs
[2025-10-06T17:51:58.835+0000] {logging_mixin.py:190} INFO - [2025-10-06T17:51:58.835+0000] {dag.py:4180} INFO - Setting next_dagrun for example_sensor_decorator to None, run_after=None
[2025-10-06T17:51:58.863+0000] {processor.py:208} INFO - Processing /home/airflow/.local/lib/python3.12/site-packages/airflow/example_dags/example_sensor_decorator.py took 0.110 seconds
[2025-10-06T17:52:29.522+0000] {processor.py:186} INFO - Started process (PID=1467) to work on /home/airflow/.local/lib/python3.12/site-packages/airflow/example_dags/example_sensor_decorator.py
[2025-10-06T17:52:29.524+0000] {processor.py:914} INFO - Processing file /home/airflow/.local/lib/python3.12/site-packages/airflow/example_dags/example_sensor_decorator.py for tasks to queue
[2025-10-06T17:52:29.528+0000] {logging_mixin.py:190} INFO - [2025-10-06T17:52:29.527+0000] {dagbag.py:588} INFO - Filling up the DagBag from /home/airflow/.local/lib/python3.12/site-packages/airflow/example_dags/example_sensor_decorator.py
[2025-10-06T17:52:29.539+0000] {processor.py:925} INFO - DAG(s) 'example_sensor_decorator' retrieved from /home/airflow/.local/lib/python3.12/site-packages/airflow/example_dags/example_sensor_decorator.py
[2025-10-06T17:52:29.566+0000] {logging_mixin.py:190} INFO - [2025-10-06T17:52:29.566+0000] {dag.py:3239} INFO - Sync 1 DAGs
[2025-10-06T17:52:29.595+0000] {logging_mixin.py:190} INFO - [2025-10-06T17:52:29.595+0000] {dag.py:4180} INFO - Setting next_dagrun for example_sensor_decorator to None, run_after=None
[2025-10-06T17:52:29.631+0000] {processor.py:208} INFO - Processing /home/airflow/.local/lib/python3.12/site-packages/airflow/example_dags/example_sensor_decorator.py took 0.117 seconds
[2025-10-06T17:53:00.100+0000] {processor.py:186} INFO - Started process (PID=1529) to work on /home/airflow/.local/lib/python3.12/site-packages/airflow/example_dags/example_sensor_decorator.py
[2025-10-06T17:53:00.101+0000] {processor.py:914} INFO - Processing file /home/airflow/.local/lib/python3.12/site-packages/airflow/example_dags/example_sensor_decorator.py for tasks to queue
[2025-10-06T17:53:00.104+0000] {logging_mixin.py:190} INFO - [2025-10-06T17:53:00.104+0000] {dagbag.py:588} INFO - Filling up the DagBag from /home/airflow/.local/lib/python3.12/site-packages/airflow/example_dags/example_sensor_decorator.py
[2025-10-06T17:53:00.114+0000] {processor.py:925} INFO - DAG(s) 'example_sensor_decorator' retrieved from /home/airflow/.local/lib/python3.12/site-packages/airflow/example_dags/example_sensor_decorator.py
[2025-10-06T17:53:00.137+0000] {logging_mixin.py:190} INFO - [2025-10-06T17:53:00.137+0000] {dag.py:3239} INFO - Sync 1 DAGs
[2025-10-06T17:53:00.209+0000] {logging_mixin.py:190} INFO - [2025-10-06T17:53:00.209+0000] {dag.py:4180} INFO - Setting next_dagrun for example_sensor_decorator to None, run_after=None
[2025-10-06T17:53:00.307+0000] {processor.py:208} INFO - Processing /home/airflow/.local/lib/python3.12/site-packages/airflow/example_dags/example_sensor_decorator.py took 0.214 seconds
[2025-10-06T17:53:34.847+0000] {processor.py:186} INFO - Started process (PID=1598) to work on /home/airflow/.local/lib/python3.12/site-packages/airflow/example_dags/example_sensor_decorator.py
[2025-10-06T17:53:34.862+0000] {processor.py:914} INFO - Processing file /home/airflow/.local/lib/python3.12/site-packages/airflow/example_dags/example_sensor_decorator.py for tasks to queue
[2025-10-06T17:53:34.885+0000] {logging_mixin.py:190} INFO - [2025-10-06T17:53:34.884+0000] {dagbag.py:588} INFO - Filling up the DagBag from /home/airflow/.local/lib/python3.12/site-packages/airflow/example_dags/example_sensor_decorator.py
[2025-10-06T17:53:34.943+0000] {processor.py:925} INFO - DAG(s) 'example_sensor_decorator' retrieved from /home/airflow/.local/lib/python3.12/site-packages/airflow/example_dags/example_sensor_decorator.py
[2025-10-06T17:53:35.046+0000] {logging_mixin.py:190} INFO - [2025-10-06T17:53:35.045+0000] {dag.py:3239} INFO - Sync 1 DAGs
[2025-10-06T17:53:35.147+0000] {logging_mixin.py:190} INFO - [2025-10-06T17:53:35.147+0000] {dag.py:4180} INFO - Setting next_dagrun for example_sensor_decorator to None, run_after=None
[2025-10-06T17:53:35.237+0000] {processor.py:208} INFO - Processing /home/airflow/.local/lib/python3.12/site-packages/airflow/example_dags/example_sensor_decorator.py took 0.423 seconds
[2025-10-06T17:54:06.155+0000] {processor.py:186} INFO - Started process (PID=1661) to work on /home/airflow/.local/lib/python3.12/site-packages/airflow/example_dags/example_sensor_decorator.py
[2025-10-06T17:54:06.156+0000] {processor.py:914} INFO - Processing file /home/airflow/.local/lib/python3.12/site-packages/airflow/example_dags/example_sensor_decorator.py for tasks to queue
[2025-10-06T17:54:06.160+0000] {logging_mixin.py:190} INFO - [2025-10-06T17:54:06.159+0000] {dagbag.py:588} INFO - Filling up the DagBag from /home/airflow/.local/lib/python3.12/site-packages/airflow/example_dags/example_sensor_decorator.py
[2025-10-06T17:54:06.171+0000] {processor.py:925} INFO - DAG(s) 'example_sensor_decorator' retrieved from /home/airflow/.local/lib/python3.12/site-packages/airflow/example_dags/example_sensor_decorator.py
[2025-10-06T17:54:06.196+0000] {logging_mixin.py:190} INFO - [2025-10-06T17:54:06.196+0000] {dag.py:3239} INFO - Sync 1 DAGs
[2025-10-06T17:54:06.220+0000] {logging_mixin.py:190} INFO - [2025-10-06T17:54:06.220+0000] {dag.py:4180} INFO - Setting next_dagrun for example_sensor_decorator to None, run_after=None
[2025-10-06T17:54:06.255+0000] {processor.py:208} INFO - Processing /home/airflow/.local/lib/python3.12/site-packages/airflow/example_dags/example_sensor_decorator.py took 0.109 seconds
[2025-10-06T17:54:36.341+0000] {processor.py:186} INFO - Started process (PID=1723) to work on /home/airflow/.local/lib/python3.12/site-packages/airflow/example_dags/example_sensor_decorator.py
[2025-10-06T17:54:36.342+0000] {processor.py:914} INFO - Processing file /home/airflow/.local/lib/python3.12/site-packages/airflow/example_dags/example_sensor_decorator.py for tasks to queue
[2025-10-06T17:54:36.346+0000] {logging_mixin.py:190} INFO - [2025-10-06T17:54:36.345+0000] {dagbag.py:588} INFO - Filling up the DagBag from /home/airflow/.local/lib/python3.12/site-packages/airflow/example_dags/example_sensor_decorator.py
[2025-10-06T17:54:36.358+0000] {processor.py:925} INFO - DAG(s) 'example_sensor_decorator' retrieved from /home/airflow/.local/lib/python3.12/site-packages/airflow/example_dags/example_sensor_decorator.py
[2025-10-06T17:54:36.381+0000] {logging_mixin.py:190} INFO - [2025-10-06T17:54:36.381+0000] {dag.py:3239} INFO - Sync 1 DAGs
[2025-10-06T17:54:36.400+0000] {logging_mixin.py:190} INFO - [2025-10-06T17:54:36.399+0000] {dag.py:4180} INFO - Setting next_dagrun for example_sensor_decorator to None, run_after=None
[2025-10-06T17:54:36.422+0000] {processor.py:208} INFO - Processing /home/airflow/.local/lib/python3.12/site-packages/airflow/example_dags/example_sensor_decorator.py took 0.088 seconds
[2025-10-06T17:55:07.383+0000] {processor.py:186} INFO - Started process (PID=1786) to work on /home/airflow/.local/lib/python3.12/site-packages/airflow/example_dags/example_sensor_decorator.py
[2025-10-06T17:55:07.384+0000] {processor.py:914} INFO - Processing file /home/airflow/.local/lib/python3.12/site-packages/airflow/example_dags/example_sensor_decorator.py for tasks to queue
[2025-10-06T17:55:07.387+0000] {logging_mixin.py:190} INFO - [2025-10-06T17:55:07.387+0000] {dagbag.py:588} INFO - Filling up the DagBag from /home/airflow/.local/lib/python3.12/site-packages/airflow/example_dags/example_sensor_decorator.py
[2025-10-06T17:55:07.398+0000] {processor.py:925} INFO - DAG(s) 'example_sensor_decorator' retrieved from /home/airflow/.local/lib/python3.12/site-packages/airflow/example_dags/example_sensor_decorator.py
[2025-10-06T17:55:07.419+0000] {logging_mixin.py:190} INFO - [2025-10-06T17:55:07.419+0000] {dag.py:3239} INFO - Sync 1 DAGs
[2025-10-06T17:55:07.435+0000] {logging_mixin.py:190} INFO - [2025-10-06T17:55:07.435+0000] {dag.py:4180} INFO - Setting next_dagrun for example_sensor_decorator to None, run_after=None
[2025-10-06T17:55:07.454+0000] {processor.py:208} INFO - Processing /home/airflow/.local/lib/python3.12/site-packages/airflow/example_dags/example_sensor_decorator.py took 0.077 seconds
[2025-10-06T17:55:40.669+0000] {processor.py:186} INFO - Started process (PID=1850) to work on /home/airflow/.local/lib/python3.12/site-packages/airflow/example_dags/example_sensor_decorator.py
[2025-10-06T17:55:40.671+0000] {processor.py:914} INFO - Processing file /home/airflow/.local/lib/python3.12/site-packages/airflow/example_dags/example_sensor_decorator.py for tasks to queue
[2025-10-06T17:55:40.677+0000] {logging_mixin.py:190} INFO - [2025-10-06T17:55:40.677+0000] {dagbag.py:588} INFO - Filling up the DagBag from /home/airflow/.local/lib/python3.12/site-packages/airflow/example_dags/example_sensor_decorator.py
[2025-10-06T17:55:40.692+0000] {processor.py:925} INFO - DAG(s) 'example_sensor_decorator' retrieved from /home/airflow/.local/lib/python3.12/site-packages/airflow/example_dags/example_sensor_decorator.py
[2025-10-06T17:55:40.728+0000] {logging_mixin.py:190} INFO - [2025-10-06T17:55:40.727+0000] {dag.py:3239} INFO - Sync 1 DAGs
[2025-10-06T17:55:40.757+0000] {logging_mixin.py:190} INFO - [2025-10-06T17:55:40.757+0000] {dag.py:4180} INFO - Setting next_dagrun for example_sensor_decorator to None, run_after=None
[2025-10-06T17:55:40.792+0000] {processor.py:208} INFO - Processing /home/airflow/.local/lib/python3.12/site-packages/airflow/example_dags/example_sensor_decorator.py took 0.133 seconds
[2025-10-06T17:56:10.964+0000] {processor.py:186} INFO - Started process (PID=1913) to work on /home/airflow/.local/lib/python3.12/site-packages/airflow/example_dags/example_sensor_decorator.py
[2025-10-06T17:56:10.965+0000] {processor.py:914} INFO - Processing file /home/airflow/.local/lib/python3.12/site-packages/airflow/example_dags/example_sensor_decorator.py for tasks to queue
[2025-10-06T17:56:10.969+0000] {logging_mixin.py:190} INFO - [2025-10-06T17:56:10.968+0000] {dagbag.py:588} INFO - Filling up the DagBag from /home/airflow/.local/lib/python3.12/site-packages/airflow/example_dags/example_sensor_decorator.py
[2025-10-06T17:56:10.982+0000] {processor.py:925} INFO - DAG(s) 'example_sensor_decorator' retrieved from /home/airflow/.local/lib/python3.12/site-packages/airflow/example_dags/example_sensor_decorator.py
[2025-10-06T17:56:11.006+0000] {logging_mixin.py:190} INFO - [2025-10-06T17:56:11.005+0000] {dag.py:3239} INFO - Sync 1 DAGs
[2025-10-06T17:56:11.024+0000] {logging_mixin.py:190} INFO - [2025-10-06T17:56:11.023+0000] {dag.py:4180} INFO - Setting next_dagrun for example_sensor_decorator to None, run_after=None
[2025-10-06T17:56:11.046+0000] {processor.py:208} INFO - Processing /home/airflow/.local/lib/python3.12/site-packages/airflow/example_dags/example_sensor_decorator.py took 0.091 seconds
[2025-10-06T17:56:41.225+0000] {processor.py:186} INFO - Started process (PID=1976) to work on /home/airflow/.local/lib/python3.12/site-packages/airflow/example_dags/example_sensor_decorator.py
[2025-10-06T17:56:41.227+0000] {processor.py:914} INFO - Processing file /home/airflow/.local/lib/python3.12/site-packages/airflow/example_dags/example_sensor_decorator.py for tasks to queue
[2025-10-06T17:56:41.231+0000] {logging_mixin.py:190} INFO - [2025-10-06T17:56:41.230+0000] {dagbag.py:588} INFO - Filling up the DagBag from /home/airflow/.local/lib/python3.12/site-packages/airflow/example_dags/example_sensor_decorator.py
[2025-10-06T17:56:41.241+0000] {processor.py:925} INFO - DAG(s) 'example_sensor_decorator' retrieved from /home/airflow/.local/lib/python3.12/site-packages/airflow/example_dags/example_sensor_decorator.py
[2025-10-06T17:56:41.268+0000] {logging_mixin.py:190} INFO - [2025-10-06T17:56:41.268+0000] {dag.py:3239} INFO - Sync 1 DAGs
[2025-10-06T17:56:41.287+0000] {logging_mixin.py:190} INFO - [2025-10-06T17:56:41.287+0000] {dag.py:4180} INFO - Setting next_dagrun for example_sensor_decorator to None, run_after=None
[2025-10-06T17:56:41.314+0000] {processor.py:208} INFO - Processing /home/airflow/.local/lib/python3.12/site-packages/airflow/example_dags/example_sensor_decorator.py took 0.097 seconds
[2025-10-06T17:57:12.727+0000] {processor.py:186} INFO - Started process (PID=2041) to work on /home/airflow/.local/lib/python3.12/site-packages/airflow/example_dags/example_sensor_decorator.py
[2025-10-06T17:57:12.729+0000] {processor.py:914} INFO - Processing file /home/airflow/.local/lib/python3.12/site-packages/airflow/example_dags/example_sensor_decorator.py for tasks to queue
[2025-10-06T17:57:12.733+0000] {logging_mixin.py:190} INFO - [2025-10-06T17:57:12.733+0000] {dagbag.py:588} INFO - Filling up the DagBag from /home/airflow/.local/lib/python3.12/site-packages/airflow/example_dags/example_sensor_decorator.py
[2025-10-06T17:57:12.767+0000] {processor.py:925} INFO - DAG(s) 'example_sensor_decorator' retrieved from /home/airflow/.local/lib/python3.12/site-packages/airflow/example_dags/example_sensor_decorator.py
[2025-10-06T17:57:12.861+0000] {logging_mixin.py:190} INFO - [2025-10-06T17:57:12.860+0000] {dag.py:3239} INFO - Sync 1 DAGs
[2025-10-06T17:57:12.957+0000] {logging_mixin.py:190} INFO - [2025-10-06T17:57:12.957+0000] {dag.py:4180} INFO - Setting next_dagrun for example_sensor_decorator to None, run_after=None
[2025-10-06T17:57:13.039+0000] {processor.py:208} INFO - Processing /home/airflow/.local/lib/python3.12/site-packages/airflow/example_dags/example_sensor_decorator.py took 0.321 seconds
[2025-10-06T17:57:47.080+0000] {processor.py:186} INFO - Started process (PID=2106) to work on /home/airflow/.local/lib/python3.12/site-packages/airflow/example_dags/example_sensor_decorator.py
[2025-10-06T17:57:47.081+0000] {processor.py:914} INFO - Processing file /home/airflow/.local/lib/python3.12/site-packages/airflow/example_dags/example_sensor_decorator.py for tasks to queue
[2025-10-06T17:57:47.086+0000] {logging_mixin.py:190} INFO - [2025-10-06T17:57:47.086+0000] {dagbag.py:588} INFO - Filling up the DagBag from /home/airflow/.local/lib/python3.12/site-packages/airflow/example_dags/example_sensor_decorator.py
[2025-10-06T17:57:47.101+0000] {processor.py:925} INFO - DAG(s) 'example_sensor_decorator' retrieved from /home/airflow/.local/lib/python3.12/site-packages/airflow/example_dags/example_sensor_decorator.py
[2025-10-06T17:57:47.140+0000] {logging_mixin.py:190} INFO - [2025-10-06T17:57:47.139+0000] {dag.py:3239} INFO - Sync 1 DAGs
[2025-10-06T17:57:47.171+0000] {logging_mixin.py:190} INFO - [2025-10-06T17:57:47.170+0000] {dag.py:4180} INFO - Setting next_dagrun for example_sensor_decorator to None, run_after=None
[2025-10-06T17:57:47.201+0000] {processor.py:208} INFO - Processing /home/airflow/.local/lib/python3.12/site-packages/airflow/example_dags/example_sensor_decorator.py took 0.133 seconds
[2025-10-06T17:58:20.117+0000] {processor.py:186} INFO - Started process (PID=2169) to work on /home/airflow/.local/lib/python3.12/site-packages/airflow/example_dags/example_sensor_decorator.py
[2025-10-06T17:58:20.119+0000] {processor.py:914} INFO - Processing file /home/airflow/.local/lib/python3.12/site-packages/airflow/example_dags/example_sensor_decorator.py for tasks to queue
[2025-10-06T17:58:20.122+0000] {logging_mixin.py:190} INFO - [2025-10-06T17:58:20.122+0000] {dagbag.py:588} INFO - Filling up the DagBag from /home/airflow/.local/lib/python3.12/site-packages/airflow/example_dags/example_sensor_decorator.py
[2025-10-06T17:58:20.132+0000] {processor.py:925} INFO - DAG(s) 'example_sensor_decorator' retrieved from /home/airflow/.local/lib/python3.12/site-packages/airflow/example_dags/example_sensor_decorator.py
[2025-10-06T17:58:20.154+0000] {logging_mixin.py:190} INFO - [2025-10-06T17:58:20.154+0000] {dag.py:3239} INFO - Sync 1 DAGs
[2025-10-06T17:58:20.170+0000] {logging_mixin.py:190} INFO - [2025-10-06T17:58:20.170+0000] {dag.py:4180} INFO - Setting next_dagrun for example_sensor_decorator to None, run_after=None
[2025-10-06T17:58:20.195+0000] {processor.py:208} INFO - Processing /home/airflow/.local/lib/python3.12/site-packages/airflow/example_dags/example_sensor_decorator.py took 0.085 seconds
[2025-10-06T17:58:50.432+0000] {processor.py:186} INFO - Started process (PID=2232) to work on /home/airflow/.local/lib/python3.12/site-packages/airflow/example_dags/example_sensor_decorator.py
[2025-10-06T17:58:50.434+0000] {processor.py:914} INFO - Processing file /home/airflow/.local/lib/python3.12/site-packages/airflow/example_dags/example_sensor_decorator.py for tasks to queue
[2025-10-06T17:58:50.437+0000] {logging_mixin.py:190} INFO - [2025-10-06T17:58:50.437+0000] {dagbag.py:588} INFO - Filling up the DagBag from /home/airflow/.local/lib/python3.12/site-packages/airflow/example_dags/example_sensor_decorator.py
[2025-10-06T17:58:50.449+0000] {processor.py:925} INFO - DAG(s) 'example_sensor_decorator' retrieved from /home/airflow/.local/lib/python3.12/site-packages/airflow/example_dags/example_sensor_decorator.py
[2025-10-06T17:58:50.473+0000] {logging_mixin.py:190} INFO - [2025-10-06T17:58:50.472+0000] {dag.py:3239} INFO - Sync 1 DAGs
[2025-10-06T17:58:50.490+0000] {logging_mixin.py:190} INFO - [2025-10-06T17:58:50.490+0000] {dag.py:4180} INFO - Setting next_dagrun for example_sensor_decorator to None, run_after=None
[2025-10-06T17:58:50.512+0000] {processor.py:208} INFO - Processing /home/airflow/.local/lib/python3.12/site-packages/airflow/example_dags/example_sensor_decorator.py took 0.087 seconds
[2025-10-06T17:59:21.428+0000] {processor.py:186} INFO - Started process (PID=2295) to work on /home/airflow/.local/lib/python3.12/site-packages/airflow/example_dags/example_sensor_decorator.py
[2025-10-06T17:59:21.429+0000] {processor.py:914} INFO - Processing file /home/airflow/.local/lib/python3.12/site-packages/airflow/example_dags/example_sensor_decorator.py for tasks to queue
[2025-10-06T17:59:21.432+0000] {logging_mixin.py:190} INFO - [2025-10-06T17:59:21.432+0000] {dagbag.py:588} INFO - Filling up the DagBag from /home/airflow/.local/lib/python3.12/site-packages/airflow/example_dags/example_sensor_decorator.py
[2025-10-06T17:59:21.442+0000] {processor.py:925} INFO - DAG(s) 'example_sensor_decorator' retrieved from /home/airflow/.local/lib/python3.12/site-packages/airflow/example_dags/example_sensor_decorator.py
[2025-10-06T17:59:21.464+0000] {logging_mixin.py:190} INFO - [2025-10-06T17:59:21.464+0000] {dag.py:3239} INFO - Sync 1 DAGs
[2025-10-06T17:59:21.481+0000] {logging_mixin.py:190} INFO - [2025-10-06T17:59:21.480+0000] {dag.py:4180} INFO - Setting next_dagrun for example_sensor_decorator to None, run_after=None
[2025-10-06T17:59:21.504+0000] {processor.py:208} INFO - Processing /home/airflow/.local/lib/python3.12/site-packages/airflow/example_dags/example_sensor_decorator.py took 0.083 seconds
[2025-10-06T17:59:52.129+0000] {processor.py:186} INFO - Started process (PID=2359) to work on /home/airflow/.local/lib/python3.12/site-packages/airflow/example_dags/example_sensor_decorator.py
[2025-10-06T17:59:52.130+0000] {processor.py:914} INFO - Processing file /home/airflow/.local/lib/python3.12/site-packages/airflow/example_dags/example_sensor_decorator.py for tasks to queue
[2025-10-06T17:59:52.133+0000] {logging_mixin.py:190} INFO - [2025-10-06T17:59:52.133+0000] {dagbag.py:588} INFO - Filling up the DagBag from /home/airflow/.local/lib/python3.12/site-packages/airflow/example_dags/example_sensor_decorator.py
[2025-10-06T17:59:52.144+0000] {processor.py:925} INFO - DAG(s) 'example_sensor_decorator' retrieved from /home/airflow/.local/lib/python3.12/site-packages/airflow/example_dags/example_sensor_decorator.py
[2025-10-06T17:59:52.166+0000] {logging_mixin.py:190} INFO - [2025-10-06T17:59:52.166+0000] {dag.py:3239} INFO - Sync 1 DAGs
[2025-10-06T17:59:52.182+0000] {logging_mixin.py:190} INFO - [2025-10-06T17:59:52.182+0000] {dag.py:4180} INFO - Setting next_dagrun for example_sensor_decorator to None, run_after=None
[2025-10-06T17:59:52.211+0000] {processor.py:208} INFO - Processing /home/airflow/.local/lib/python3.12/site-packages/airflow/example_dags/example_sensor_decorator.py took 0.088 seconds
[2025-10-06T18:00:23.516+0000] {processor.py:186} INFO - Started process (PID=2423) to work on /home/airflow/.local/lib/python3.12/site-packages/airflow/example_dags/example_sensor_decorator.py
[2025-10-06T18:00:23.517+0000] {processor.py:914} INFO - Processing file /home/airflow/.local/lib/python3.12/site-packages/airflow/example_dags/example_sensor_decorator.py for tasks to queue
[2025-10-06T18:00:23.520+0000] {logging_mixin.py:190} INFO - [2025-10-06T18:00:23.519+0000] {dagbag.py:588} INFO - Filling up the DagBag from /home/airflow/.local/lib/python3.12/site-packages/airflow/example_dags/example_sensor_decorator.py
[2025-10-06T18:00:23.530+0000] {processor.py:925} INFO - DAG(s) 'example_sensor_decorator' retrieved from /home/airflow/.local/lib/python3.12/site-packages/airflow/example_dags/example_sensor_decorator.py
[2025-10-06T18:00:23.552+0000] {logging_mixin.py:190} INFO - [2025-10-06T18:00:23.551+0000] {dag.py:3239} INFO - Sync 1 DAGs
[2025-10-06T18:00:23.572+0000] {logging_mixin.py:190} INFO - [2025-10-06T18:00:23.571+0000] {dag.py:4180} INFO - Setting next_dagrun for example_sensor_decorator to None, run_after=None
[2025-10-06T18:00:23.600+0000] {processor.py:208} INFO - Processing /home/airflow/.local/lib/python3.12/site-packages/airflow/example_dags/example_sensor_decorator.py took 0.091 seconds
[2025-10-06T18:00:56.642+0000] {processor.py:186} INFO - Started process (PID=2487) to work on /home/airflow/.local/lib/python3.12/site-packages/airflow/example_dags/example_sensor_decorator.py
[2025-10-06T18:00:56.653+0000] {processor.py:914} INFO - Processing file /home/airflow/.local/lib/python3.12/site-packages/airflow/example_dags/example_sensor_decorator.py for tasks to queue
[2025-10-06T18:00:56.659+0000] {logging_mixin.py:190} INFO - [2025-10-06T18:00:56.658+0000] {dagbag.py:588} INFO - Filling up the DagBag from /home/airflow/.local/lib/python3.12/site-packages/airflow/example_dags/example_sensor_decorator.py
[2025-10-06T18:00:56.678+0000] {processor.py:925} INFO - DAG(s) 'example_sensor_decorator' retrieved from /home/airflow/.local/lib/python3.12/site-packages/airflow/example_dags/example_sensor_decorator.py
[2025-10-06T18:00:56.714+0000] {logging_mixin.py:190} INFO - [2025-10-06T18:00:56.714+0000] {dag.py:3239} INFO - Sync 1 DAGs
[2025-10-06T18:00:56.745+0000] {logging_mixin.py:190} INFO - [2025-10-06T18:00:56.745+0000] {dag.py:4180} INFO - Setting next_dagrun for example_sensor_decorator to None, run_after=None
[2025-10-06T18:00:56.781+0000] {processor.py:208} INFO - Processing /home/airflow/.local/lib/python3.12/site-packages/airflow/example_dags/example_sensor_decorator.py took 0.150 seconds
[2025-10-06T18:01:30.218+0000] {processor.py:186} INFO - Started process (PID=2551) to work on /home/airflow/.local/lib/python3.12/site-packages/airflow/example_dags/example_sensor_decorator.py
[2025-10-06T18:01:30.221+0000] {processor.py:914} INFO - Processing file /home/airflow/.local/lib/python3.12/site-packages/airflow/example_dags/example_sensor_decorator.py for tasks to queue
[2025-10-06T18:01:30.227+0000] {logging_mixin.py:190} INFO - [2025-10-06T18:01:30.226+0000] {dagbag.py:588} INFO - Filling up the DagBag from /home/airflow/.local/lib/python3.12/site-packages/airflow/example_dags/example_sensor_decorator.py
[2025-10-06T18:01:30.241+0000] {processor.py:925} INFO - DAG(s) 'example_sensor_decorator' retrieved from /home/airflow/.local/lib/python3.12/site-packages/airflow/example_dags/example_sensor_decorator.py
[2025-10-06T18:01:30.267+0000] {logging_mixin.py:190} INFO - [2025-10-06T18:01:30.266+0000] {dag.py:3239} INFO - Sync 1 DAGs
[2025-10-06T18:01:30.323+0000] {logging_mixin.py:190} INFO - [2025-10-06T18:01:30.322+0000] {dag.py:4180} INFO - Setting next_dagrun for example_sensor_decorator to None, run_after=None
[2025-10-06T18:01:30.373+0000] {processor.py:208} INFO - Processing /home/airflow/.local/lib/python3.12/site-packages/airflow/example_dags/example_sensor_decorator.py took 0.163 seconds
[2025-10-06T18:02:00.942+0000] {processor.py:186} INFO - Started process (PID=2614) to work on /home/airflow/.local/lib/python3.12/site-packages/airflow/example_dags/example_sensor_decorator.py
[2025-10-06T18:02:00.944+0000] {processor.py:914} INFO - Processing file /home/airflow/.local/lib/python3.12/site-packages/airflow/example_dags/example_sensor_decorator.py for tasks to queue
[2025-10-06T18:02:00.947+0000] {logging_mixin.py:190} INFO - [2025-10-06T18:02:00.946+0000] {dagbag.py:588} INFO - Filling up the DagBag from /home/airflow/.local/lib/python3.12/site-packages/airflow/example_dags/example_sensor_decorator.py
[2025-10-06T18:02:00.957+0000] {processor.py:925} INFO - DAG(s) 'example_sensor_decorator' retrieved from /home/airflow/.local/lib/python3.12/site-packages/airflow/example_dags/example_sensor_decorator.py
[2025-10-06T18:02:00.984+0000] {logging_mixin.py:190} INFO - [2025-10-06T18:02:00.983+0000] {dag.py:3239} INFO - Sync 1 DAGs
[2025-10-06T18:02:01.000+0000] {logging_mixin.py:190} INFO - [2025-10-06T18:02:01.000+0000] {dag.py:4180} INFO - Setting next_dagrun for example_sensor_decorator to None, run_after=None
[2025-10-06T18:02:01.026+0000] {processor.py:208} INFO - Processing /home/airflow/.local/lib/python3.12/site-packages/airflow/example_dags/example_sensor_decorator.py took 0.091 seconds
[2025-10-06T18:02:31.671+0000] {processor.py:186} INFO - Started process (PID=2677) to work on /home/airflow/.local/lib/python3.12/site-packages/airflow/example_dags/example_sensor_decorator.py
[2025-10-06T18:02:31.673+0000] {processor.py:914} INFO - Processing file /home/airflow/.local/lib/python3.12/site-packages/airflow/example_dags/example_sensor_decorator.py for tasks to queue
[2025-10-06T18:02:31.678+0000] {logging_mixin.py:190} INFO - [2025-10-06T18:02:31.677+0000] {dagbag.py:588} INFO - Filling up the DagBag from /home/airflow/.local/lib/python3.12/site-packages/airflow/example_dags/example_sensor_decorator.py
[2025-10-06T18:02:31.696+0000] {processor.py:925} INFO - DAG(s) 'example_sensor_decorator' retrieved from /home/airflow/.local/lib/python3.12/site-packages/airflow/example_dags/example_sensor_decorator.py
[2025-10-06T18:02:31.728+0000] {logging_mixin.py:190} INFO - [2025-10-06T18:02:31.728+0000] {dag.py:3239} INFO - Sync 1 DAGs
[2025-10-06T18:02:31.749+0000] {logging_mixin.py:190} INFO - [2025-10-06T18:02:31.749+0000] {dag.py:4180} INFO - Setting next_dagrun for example_sensor_decorator to None, run_after=None
[2025-10-06T18:02:31.771+0000] {processor.py:208} INFO - Processing /home/airflow/.local/lib/python3.12/site-packages/airflow/example_dags/example_sensor_decorator.py took 0.111 seconds
[2025-10-06T18:03:02.914+0000] {processor.py:186} INFO - Started process (PID=2739) to work on /home/airflow/.local/lib/python3.12/site-packages/airflow/example_dags/example_sensor_decorator.py
[2025-10-06T18:03:02.917+0000] {processor.py:914} INFO - Processing file /home/airflow/.local/lib/python3.12/site-packages/airflow/example_dags/example_sensor_decorator.py for tasks to queue
[2025-10-06T18:03:02.931+0000] {logging_mixin.py:190} INFO - [2025-10-06T18:03:02.930+0000] {dagbag.py:588} INFO - Filling up the DagBag from /home/airflow/.local/lib/python3.12/site-packages/airflow/example_dags/example_sensor_decorator.py
[2025-10-06T18:03:03.019+0000] {processor.py:925} INFO - DAG(s) 'example_sensor_decorator' retrieved from /home/airflow/.local/lib/python3.12/site-packages/airflow/example_dags/example_sensor_decorator.py
[2025-10-06T18:03:03.119+0000] {logging_mixin.py:190} INFO - [2025-10-06T18:03:03.118+0000] {dag.py:3239} INFO - Sync 1 DAGs
[2025-10-06T18:03:03.214+0000] {logging_mixin.py:190} INFO - [2025-10-06T18:03:03.214+0000] {dag.py:4180} INFO - Setting next_dagrun for example_sensor_decorator to None, run_after=None
[2025-10-06T18:03:03.312+0000] {processor.py:208} INFO - Processing /home/airflow/.local/lib/python3.12/site-packages/airflow/example_dags/example_sensor_decorator.py took 0.437 seconds
[2025-10-06T18:03:37.014+0000] {processor.py:186} INFO - Started process (PID=2804) to work on /home/airflow/.local/lib/python3.12/site-packages/airflow/example_dags/example_sensor_decorator.py
[2025-10-06T18:03:37.016+0000] {processor.py:914} INFO - Processing file /home/airflow/.local/lib/python3.12/site-packages/airflow/example_dags/example_sensor_decorator.py for tasks to queue
[2025-10-06T18:03:37.019+0000] {logging_mixin.py:190} INFO - [2025-10-06T18:03:37.019+0000] {dagbag.py:588} INFO - Filling up the DagBag from /home/airflow/.local/lib/python3.12/site-packages/airflow/example_dags/example_sensor_decorator.py
[2025-10-06T18:03:37.032+0000] {processor.py:925} INFO - DAG(s) 'example_sensor_decorator' retrieved from /home/airflow/.local/lib/python3.12/site-packages/airflow/example_dags/example_sensor_decorator.py
[2025-10-06T18:03:37.059+0000] {logging_mixin.py:190} INFO - [2025-10-06T18:03:37.058+0000] {dag.py:3239} INFO - Sync 1 DAGs
[2025-10-06T18:03:37.079+0000] {logging_mixin.py:190} INFO - [2025-10-06T18:03:37.078+0000] {dag.py:4180} INFO - Setting next_dagrun for example_sensor_decorator to None, run_after=None
[2025-10-06T18:03:37.105+0000] {processor.py:208} INFO - Processing /home/airflow/.local/lib/python3.12/site-packages/airflow/example_dags/example_sensor_decorator.py took 0.101 seconds
[2025-10-06T18:04:07.520+0000] {processor.py:186} INFO - Started process (PID=2866) to work on /home/airflow/.local/lib/python3.12/site-packages/airflow/example_dags/example_sensor_decorator.py
[2025-10-06T18:04:07.521+0000] {processor.py:914} INFO - Processing file /home/airflow/.local/lib/python3.12/site-packages/airflow/example_dags/example_sensor_decorator.py for tasks to queue
[2025-10-06T18:04:07.524+0000] {logging_mixin.py:190} INFO - [2025-10-06T18:04:07.524+0000] {dagbag.py:588} INFO - Filling up the DagBag from /home/airflow/.local/lib/python3.12/site-packages/airflow/example_dags/example_sensor_decorator.py
[2025-10-06T18:04:07.534+0000] {processor.py:925} INFO - DAG(s) 'example_sensor_decorator' retrieved from /home/airflow/.local/lib/python3.12/site-packages/airflow/example_dags/example_sensor_decorator.py
[2025-10-06T18:04:07.555+0000] {logging_mixin.py:190} INFO - [2025-10-06T18:04:07.555+0000] {dag.py:3239} INFO - Sync 1 DAGs
[2025-10-06T18:04:07.571+0000] {logging_mixin.py:190} INFO - [2025-10-06T18:04:07.571+0000] {dag.py:4180} INFO - Setting next_dagrun for example_sensor_decorator to None, run_after=None
[2025-10-06T18:04:07.594+0000] {processor.py:208} INFO - Processing /home/airflow/.local/lib/python3.12/site-packages/airflow/example_dags/example_sensor_decorator.py took 0.080 seconds
[2025-10-06T18:14:34.159+0000] {processor.py:186} INFO - Started process (PID=110) to work on /home/airflow/.local/lib/python3.12/site-packages/airflow/example_dags/example_sensor_decorator.py
[2025-10-06T18:14:34.161+0000] {processor.py:914} INFO - Processing file /home/airflow/.local/lib/python3.12/site-packages/airflow/example_dags/example_sensor_decorator.py for tasks to queue
[2025-10-06T18:14:34.166+0000] {logging_mixin.py:190} INFO - [2025-10-06T18:14:34.165+0000] {dagbag.py:588} INFO - Filling up the DagBag from /home/airflow/.local/lib/python3.12/site-packages/airflow/example_dags/example_sensor_decorator.py
[2025-10-06T18:14:34.182+0000] {processor.py:925} INFO - DAG(s) 'example_sensor_decorator' retrieved from /home/airflow/.local/lib/python3.12/site-packages/airflow/example_dags/example_sensor_decorator.py
[2025-10-06T18:14:34.225+0000] {logging_mixin.py:190} INFO - [2025-10-06T18:14:34.224+0000] {dag.py:3239} INFO - Sync 1 DAGs
[2025-10-06T18:14:34.254+0000] {logging_mixin.py:190} INFO - [2025-10-06T18:14:34.254+0000] {dag.py:4180} INFO - Setting next_dagrun for example_sensor_decorator to None, run_after=None
[2025-10-06T18:14:34.290+0000] {processor.py:208} INFO - Processing /home/airflow/.local/lib/python3.12/site-packages/airflow/example_dags/example_sensor_decorator.py took 0.141 seconds
[2025-10-06T18:15:28.591+0000] {processor.py:186} INFO - Started process (PID=184) to work on /home/airflow/.local/lib/python3.12/site-packages/airflow/example_dags/example_sensor_decorator.py
[2025-10-06T18:15:28.593+0000] {processor.py:914} INFO - Processing file /home/airflow/.local/lib/python3.12/site-packages/airflow/example_dags/example_sensor_decorator.py for tasks to queue
[2025-10-06T18:15:28.597+0000] {logging_mixin.py:190} INFO - [2025-10-06T18:15:28.596+0000] {dagbag.py:588} INFO - Filling up the DagBag from /home/airflow/.local/lib/python3.12/site-packages/airflow/example_dags/example_sensor_decorator.py
[2025-10-06T18:15:28.606+0000] {processor.py:925} INFO - DAG(s) 'example_sensor_decorator' retrieved from /home/airflow/.local/lib/python3.12/site-packages/airflow/example_dags/example_sensor_decorator.py
[2025-10-06T18:15:28.637+0000] {logging_mixin.py:190} INFO - [2025-10-06T18:15:28.636+0000] {dag.py:3239} INFO - Sync 1 DAGs
[2025-10-06T18:15:28.659+0000] {logging_mixin.py:190} INFO - [2025-10-06T18:15:28.658+0000] {dag.py:4180} INFO - Setting next_dagrun for example_sensor_decorator to None, run_after=None
[2025-10-06T18:15:28.685+0000] {processor.py:208} INFO - Processing /home/airflow/.local/lib/python3.12/site-packages/airflow/example_dags/example_sensor_decorator.py took 0.101 seconds
[2025-10-06T18:15:59.825+0000] {processor.py:186} INFO - Started process (PID=247) to work on /home/airflow/.local/lib/python3.12/site-packages/airflow/example_dags/example_sensor_decorator.py
[2025-10-06T18:15:59.827+0000] {processor.py:914} INFO - Processing file /home/airflow/.local/lib/python3.12/site-packages/airflow/example_dags/example_sensor_decorator.py for tasks to queue
[2025-10-06T18:15:59.832+0000] {logging_mixin.py:190} INFO - [2025-10-06T18:15:59.831+0000] {dagbag.py:588} INFO - Filling up the DagBag from /home/airflow/.local/lib/python3.12/site-packages/airflow/example_dags/example_sensor_decorator.py
[2025-10-06T18:15:59.857+0000] {processor.py:925} INFO - DAG(s) 'example_sensor_decorator' retrieved from /home/airflow/.local/lib/python3.12/site-packages/airflow/example_dags/example_sensor_decorator.py
[2025-10-06T18:15:59.890+0000] {logging_mixin.py:190} INFO - [2025-10-06T18:15:59.889+0000] {dag.py:3239} INFO - Sync 1 DAGs
[2025-10-06T18:15:59.917+0000] {logging_mixin.py:190} INFO - [2025-10-06T18:15:59.917+0000] {dag.py:4180} INFO - Setting next_dagrun for example_sensor_decorator to None, run_after=None
[2025-10-06T18:15:59.962+0000] {processor.py:208} INFO - Processing /home/airflow/.local/lib/python3.12/site-packages/airflow/example_dags/example_sensor_decorator.py took 0.147 seconds
[2025-10-06T18:16:31.094+0000] {processor.py:186} INFO - Started process (PID=310) to work on /home/airflow/.local/lib/python3.12/site-packages/airflow/example_dags/example_sensor_decorator.py
[2025-10-06T18:16:31.096+0000] {processor.py:914} INFO - Processing file /home/airflow/.local/lib/python3.12/site-packages/airflow/example_dags/example_sensor_decorator.py for tasks to queue
[2025-10-06T18:16:31.099+0000] {logging_mixin.py:190} INFO - [2025-10-06T18:16:31.099+0000] {dagbag.py:588} INFO - Filling up the DagBag from /home/airflow/.local/lib/python3.12/site-packages/airflow/example_dags/example_sensor_decorator.py
[2025-10-06T18:16:31.111+0000] {processor.py:925} INFO - DAG(s) 'example_sensor_decorator' retrieved from /home/airflow/.local/lib/python3.12/site-packages/airflow/example_dags/example_sensor_decorator.py
[2025-10-06T18:16:31.140+0000] {logging_mixin.py:190} INFO - [2025-10-06T18:16:31.140+0000] {dag.py:3239} INFO - Sync 1 DAGs
[2025-10-06T18:16:31.170+0000] {logging_mixin.py:190} INFO - [2025-10-06T18:16:31.169+0000] {dag.py:4180} INFO - Setting next_dagrun for example_sensor_decorator to None, run_after=None
[2025-10-06T18:16:31.209+0000] {processor.py:208} INFO - Processing /home/airflow/.local/lib/python3.12/site-packages/airflow/example_dags/example_sensor_decorator.py took 0.123 seconds
[2025-10-06T18:17:12.235+0000] {processor.py:186} INFO - Started process (PID=381) to work on /home/airflow/.local/lib/python3.12/site-packages/airflow/example_dags/example_sensor_decorator.py
[2025-10-06T18:17:14.180+0000] {processor.py:914} INFO - Processing file /home/airflow/.local/lib/python3.12/site-packages/airflow/example_dags/example_sensor_decorator.py for tasks to queue
[2025-10-06T18:17:14.187+0000] {logging_mixin.py:190} INFO - [2025-10-06T18:17:14.186+0000] {dagbag.py:588} INFO - Filling up the DagBag from /home/airflow/.local/lib/python3.12/site-packages/airflow/example_dags/example_sensor_decorator.py
[2025-10-06T18:17:14.203+0000] {processor.py:925} INFO - DAG(s) 'example_sensor_decorator' retrieved from /home/airflow/.local/lib/python3.12/site-packages/airflow/example_dags/example_sensor_decorator.py
[2025-10-06T18:17:14.232+0000] {logging_mixin.py:190} INFO - [2025-10-06T18:17:14.232+0000] {dag.py:3239} INFO - Sync 1 DAGs
[2025-10-06T18:17:14.252+0000] {logging_mixin.py:190} INFO - [2025-10-06T18:17:14.251+0000] {dag.py:4180} INFO - Setting next_dagrun for example_sensor_decorator to None, run_after=None
[2025-10-06T18:17:14.281+0000] {processor.py:208} INFO - Processing /home/airflow/.local/lib/python3.12/site-packages/airflow/example_dags/example_sensor_decorator.py took 0.126 seconds
[2025-10-06T18:17:47.551+0000] {processor.py:186} INFO - Started process (PID=448) to work on /home/airflow/.local/lib/python3.12/site-packages/airflow/example_dags/example_sensor_decorator.py
[2025-10-06T18:17:47.554+0000] {processor.py:914} INFO - Processing file /home/airflow/.local/lib/python3.12/site-packages/airflow/example_dags/example_sensor_decorator.py for tasks to queue
[2025-10-06T18:17:47.558+0000] {logging_mixin.py:190} INFO - [2025-10-06T18:17:47.557+0000] {dagbag.py:588} INFO - Filling up the DagBag from /home/airflow/.local/lib/python3.12/site-packages/airflow/example_dags/example_sensor_decorator.py
[2025-10-06T18:17:47.582+0000] {processor.py:925} INFO - DAG(s) 'example_sensor_decorator' retrieved from /home/airflow/.local/lib/python3.12/site-packages/airflow/example_dags/example_sensor_decorator.py
[2025-10-06T18:17:47.651+0000] {logging_mixin.py:190} INFO - [2025-10-06T18:17:47.650+0000] {dag.py:3239} INFO - Sync 1 DAGs
[2025-10-06T18:17:47.676+0000] {logging_mixin.py:190} INFO - [2025-10-06T18:17:47.676+0000] {dag.py:4180} INFO - Setting next_dagrun for example_sensor_decorator to None, run_after=None
[2025-10-06T18:17:47.723+0000] {processor.py:208} INFO - Processing /home/airflow/.local/lib/python3.12/site-packages/airflow/example_dags/example_sensor_decorator.py took 0.188 seconds
[2025-10-06T18:18:17.798+0000] {processor.py:186} INFO - Started process (PID=511) to work on /home/airflow/.local/lib/python3.12/site-packages/airflow/example_dags/example_sensor_decorator.py
[2025-10-06T18:18:17.800+0000] {processor.py:914} INFO - Processing file /home/airflow/.local/lib/python3.12/site-packages/airflow/example_dags/example_sensor_decorator.py for tasks to queue
[2025-10-06T18:18:17.804+0000] {logging_mixin.py:190} INFO - [2025-10-06T18:18:17.803+0000] {dagbag.py:588} INFO - Filling up the DagBag from /home/airflow/.local/lib/python3.12/site-packages/airflow/example_dags/example_sensor_decorator.py
[2025-10-06T18:18:17.822+0000] {processor.py:925} INFO - DAG(s) 'example_sensor_decorator' retrieved from /home/airflow/.local/lib/python3.12/site-packages/airflow/example_dags/example_sensor_decorator.py
[2025-10-06T18:18:17.869+0000] {logging_mixin.py:190} INFO - [2025-10-06T18:18:17.869+0000] {dag.py:3239} INFO - Sync 1 DAGs
[2025-10-06T18:18:17.912+0000] {logging_mixin.py:190} INFO - [2025-10-06T18:18:17.912+0000] {dag.py:4180} INFO - Setting next_dagrun for example_sensor_decorator to None, run_after=None
[2025-10-06T18:18:17.951+0000] {processor.py:208} INFO - Processing /home/airflow/.local/lib/python3.12/site-packages/airflow/example_dags/example_sensor_decorator.py took 0.169 seconds
[2025-10-06T18:18:49.291+0000] {processor.py:186} INFO - Started process (PID=574) to work on /home/airflow/.local/lib/python3.12/site-packages/airflow/example_dags/example_sensor_decorator.py
[2025-10-06T18:18:49.292+0000] {processor.py:914} INFO - Processing file /home/airflow/.local/lib/python3.12/site-packages/airflow/example_dags/example_sensor_decorator.py for tasks to queue
[2025-10-06T18:18:49.296+0000] {logging_mixin.py:190} INFO - [2025-10-06T18:18:49.295+0000] {dagbag.py:588} INFO - Filling up the DagBag from /home/airflow/.local/lib/python3.12/site-packages/airflow/example_dags/example_sensor_decorator.py
[2025-10-06T18:18:49.309+0000] {processor.py:925} INFO - DAG(s) 'example_sensor_decorator' retrieved from /home/airflow/.local/lib/python3.12/site-packages/airflow/example_dags/example_sensor_decorator.py
[2025-10-06T18:18:49.334+0000] {logging_mixin.py:190} INFO - [2025-10-06T18:18:49.333+0000] {dag.py:3239} INFO - Sync 1 DAGs
[2025-10-06T18:18:49.357+0000] {logging_mixin.py:190} INFO - [2025-10-06T18:18:49.357+0000] {dag.py:4180} INFO - Setting next_dagrun for example_sensor_decorator to None, run_after=None
[2025-10-06T18:18:49.393+0000] {processor.py:208} INFO - Processing /home/airflow/.local/lib/python3.12/site-packages/airflow/example_dags/example_sensor_decorator.py took 0.110 seconds
[2025-10-06T18:19:21.576+0000] {processor.py:186} INFO - Started process (PID=638) to work on /home/airflow/.local/lib/python3.12/site-packages/airflow/example_dags/example_sensor_decorator.py
[2025-10-06T18:19:21.577+0000] {processor.py:914} INFO - Processing file /home/airflow/.local/lib/python3.12/site-packages/airflow/example_dags/example_sensor_decorator.py for tasks to queue
[2025-10-06T18:19:21.580+0000] {logging_mixin.py:190} INFO - [2025-10-06T18:19:21.579+0000] {dagbag.py:588} INFO - Filling up the DagBag from /home/airflow/.local/lib/python3.12/site-packages/airflow/example_dags/example_sensor_decorator.py
[2025-10-06T18:19:21.591+0000] {processor.py:925} INFO - DAG(s) 'example_sensor_decorator' retrieved from /home/airflow/.local/lib/python3.12/site-packages/airflow/example_dags/example_sensor_decorator.py
[2025-10-06T18:19:21.613+0000] {logging_mixin.py:190} INFO - [2025-10-06T18:19:21.613+0000] {dag.py:3239} INFO - Sync 1 DAGs
[2025-10-06T18:19:21.630+0000] {logging_mixin.py:190} INFO - [2025-10-06T18:19:21.630+0000] {dag.py:4180} INFO - Setting next_dagrun for example_sensor_decorator to None, run_after=None
[2025-10-06T18:19:21.658+0000] {processor.py:208} INFO - Processing /home/airflow/.local/lib/python3.12/site-packages/airflow/example_dags/example_sensor_decorator.py took 0.089 seconds
[2025-10-06T18:19:54.134+0000] {processor.py:186} INFO - Started process (PID=703) to work on /home/airflow/.local/lib/python3.12/site-packages/airflow/example_dags/example_sensor_decorator.py
[2025-10-06T18:19:54.136+0000] {processor.py:914} INFO - Processing file /home/airflow/.local/lib/python3.12/site-packages/airflow/example_dags/example_sensor_decorator.py for tasks to queue
[2025-10-06T18:19:54.140+0000] {logging_mixin.py:190} INFO - [2025-10-06T18:19:54.140+0000] {dagbag.py:588} INFO - Filling up the DagBag from /home/airflow/.local/lib/python3.12/site-packages/airflow/example_dags/example_sensor_decorator.py
[2025-10-06T18:19:54.152+0000] {processor.py:925} INFO - DAG(s) 'example_sensor_decorator' retrieved from /home/airflow/.local/lib/python3.12/site-packages/airflow/example_dags/example_sensor_decorator.py
[2025-10-06T18:19:54.185+0000] {logging_mixin.py:190} INFO - [2025-10-06T18:19:54.184+0000] {dag.py:3239} INFO - Sync 1 DAGs
[2025-10-06T18:19:54.206+0000] {logging_mixin.py:190} INFO - [2025-10-06T18:19:54.206+0000] {dag.py:4180} INFO - Setting next_dagrun for example_sensor_decorator to None, run_after=None
[2025-10-06T18:19:54.235+0000] {processor.py:208} INFO - Processing /home/airflow/.local/lib/python3.12/site-packages/airflow/example_dags/example_sensor_decorator.py took 0.109 seconds
[2025-10-06T18:20:25.786+0000] {processor.py:186} INFO - Started process (PID=766) to work on /home/airflow/.local/lib/python3.12/site-packages/airflow/example_dags/example_sensor_decorator.py
[2025-10-06T18:20:25.788+0000] {processor.py:914} INFO - Processing file /home/airflow/.local/lib/python3.12/site-packages/airflow/example_dags/example_sensor_decorator.py for tasks to queue
[2025-10-06T18:20:25.793+0000] {logging_mixin.py:190} INFO - [2025-10-06T18:20:25.792+0000] {dagbag.py:588} INFO - Filling up the DagBag from /home/airflow/.local/lib/python3.12/site-packages/airflow/example_dags/example_sensor_decorator.py
[2025-10-06T18:20:25.811+0000] {processor.py:925} INFO - DAG(s) 'example_sensor_decorator' retrieved from /home/airflow/.local/lib/python3.12/site-packages/airflow/example_dags/example_sensor_decorator.py
[2025-10-06T18:20:25.850+0000] {logging_mixin.py:190} INFO - [2025-10-06T18:20:25.849+0000] {dag.py:3239} INFO - Sync 1 DAGs
[2025-10-06T18:20:25.877+0000] {logging_mixin.py:190} INFO - [2025-10-06T18:20:25.877+0000] {dag.py:4180} INFO - Setting next_dagrun for example_sensor_decorator to None, run_after=None
[2025-10-06T18:20:25.913+0000] {processor.py:208} INFO - Processing /home/airflow/.local/lib/python3.12/site-packages/airflow/example_dags/example_sensor_decorator.py took 0.135 seconds
[2025-10-06T18:21:40.210+0000] {processor.py:186} INFO - Started process (PID=98) to work on /home/airflow/.local/lib/python3.12/site-packages/airflow/example_dags/example_sensor_decorator.py
[2025-10-06T18:21:40.213+0000] {processor.py:914} INFO - Processing file /home/airflow/.local/lib/python3.12/site-packages/airflow/example_dags/example_sensor_decorator.py for tasks to queue
[2025-10-06T18:21:40.224+0000] {logging_mixin.py:190} INFO - [2025-10-06T18:21:40.223+0000] {dagbag.py:588} INFO - Filling up the DagBag from /home/airflow/.local/lib/python3.12/site-packages/airflow/example_dags/example_sensor_decorator.py
[2025-10-06T18:21:40.249+0000] {processor.py:925} INFO - DAG(s) 'example_sensor_decorator' retrieved from /home/airflow/.local/lib/python3.12/site-packages/airflow/example_dags/example_sensor_decorator.py
[2025-10-06T18:21:40.313+0000] {logging_mixin.py:190} INFO - [2025-10-06T18:21:40.312+0000] {dag.py:3239} INFO - Sync 1 DAGs
[2025-10-06T18:21:40.381+0000] {logging_mixin.py:190} INFO - [2025-10-06T18:21:40.380+0000] {dag.py:4180} INFO - Setting next_dagrun for example_sensor_decorator to None, run_after=None
[2025-10-06T18:21:40.471+0000] {processor.py:208} INFO - Processing /home/airflow/.local/lib/python3.12/site-packages/airflow/example_dags/example_sensor_decorator.py took 0.282 seconds
[2025-10-06T18:22:13.654+0000] {processor.py:186} INFO - Started process (PID=160) to work on /home/airflow/.local/lib/python3.12/site-packages/airflow/example_dags/example_sensor_decorator.py
[2025-10-06T18:22:13.656+0000] {processor.py:914} INFO - Processing file /home/airflow/.local/lib/python3.12/site-packages/airflow/example_dags/example_sensor_decorator.py for tasks to queue
[2025-10-06T18:22:13.660+0000] {logging_mixin.py:190} INFO - [2025-10-06T18:22:13.659+0000] {dagbag.py:588} INFO - Filling up the DagBag from /home/airflow/.local/lib/python3.12/site-packages/airflow/example_dags/example_sensor_decorator.py
[2025-10-06T18:22:13.670+0000] {processor.py:925} INFO - DAG(s) 'example_sensor_decorator' retrieved from /home/airflow/.local/lib/python3.12/site-packages/airflow/example_dags/example_sensor_decorator.py
[2025-10-06T18:22:13.694+0000] {logging_mixin.py:190} INFO - [2025-10-06T18:22:13.694+0000] {dag.py:3239} INFO - Sync 1 DAGs
[2025-10-06T18:22:13.711+0000] {logging_mixin.py:190} INFO - [2025-10-06T18:22:13.711+0000] {dag.py:4180} INFO - Setting next_dagrun for example_sensor_decorator to None, run_after=None
[2025-10-06T18:22:13.735+0000] {processor.py:208} INFO - Processing /home/airflow/.local/lib/python3.12/site-packages/airflow/example_dags/example_sensor_decorator.py took 0.088 seconds
[2025-10-06T18:22:44.703+0000] {processor.py:186} INFO - Started process (PID=223) to work on /home/airflow/.local/lib/python3.12/site-packages/airflow/example_dags/example_sensor_decorator.py
[2025-10-06T18:22:44.704+0000] {processor.py:914} INFO - Processing file /home/airflow/.local/lib/python3.12/site-packages/airflow/example_dags/example_sensor_decorator.py for tasks to queue
[2025-10-06T18:22:44.707+0000] {logging_mixin.py:190} INFO - [2025-10-06T18:22:44.707+0000] {dagbag.py:588} INFO - Filling up the DagBag from /home/airflow/.local/lib/python3.12/site-packages/airflow/example_dags/example_sensor_decorator.py
[2025-10-06T18:22:44.716+0000] {processor.py:925} INFO - DAG(s) 'example_sensor_decorator' retrieved from /home/airflow/.local/lib/python3.12/site-packages/airflow/example_dags/example_sensor_decorator.py
[2025-10-06T18:22:44.737+0000] {logging_mixin.py:190} INFO - [2025-10-06T18:22:44.737+0000] {dag.py:3239} INFO - Sync 1 DAGs
[2025-10-06T18:22:44.753+0000] {logging_mixin.py:190} INFO - [2025-10-06T18:22:44.753+0000] {dag.py:4180} INFO - Setting next_dagrun for example_sensor_decorator to None, run_after=None
[2025-10-06T18:22:44.789+0000] {processor.py:208} INFO - Processing /home/airflow/.local/lib/python3.12/site-packages/airflow/example_dags/example_sensor_decorator.py took 0.092 seconds
[2025-10-06T18:23:15.209+0000] {processor.py:186} INFO - Started process (PID=285) to work on /home/airflow/.local/lib/python3.12/site-packages/airflow/example_dags/example_sensor_decorator.py
[2025-10-06T18:23:15.210+0000] {processor.py:914} INFO - Processing file /home/airflow/.local/lib/python3.12/site-packages/airflow/example_dags/example_sensor_decorator.py for tasks to queue
[2025-10-06T18:23:15.214+0000] {logging_mixin.py:190} INFO - [2025-10-06T18:23:15.213+0000] {dagbag.py:588} INFO - Filling up the DagBag from /home/airflow/.local/lib/python3.12/site-packages/airflow/example_dags/example_sensor_decorator.py
[2025-10-06T18:23:15.227+0000] {processor.py:925} INFO - DAG(s) 'example_sensor_decorator' retrieved from /home/airflow/.local/lib/python3.12/site-packages/airflow/example_dags/example_sensor_decorator.py
[2025-10-06T18:23:15.259+0000] {logging_mixin.py:190} INFO - [2025-10-06T18:23:15.259+0000] {dag.py:3239} INFO - Sync 1 DAGs
[2025-10-06T18:23:15.279+0000] {logging_mixin.py:190} INFO - [2025-10-06T18:23:15.279+0000] {dag.py:4180} INFO - Setting next_dagrun for example_sensor_decorator to None, run_after=None
[2025-10-06T18:23:15.305+0000] {processor.py:208} INFO - Processing /home/airflow/.local/lib/python3.12/site-packages/airflow/example_dags/example_sensor_decorator.py took 0.105 seconds
[2025-10-06T18:23:45.682+0000] {processor.py:186} INFO - Started process (PID=348) to work on /home/airflow/.local/lib/python3.12/site-packages/airflow/example_dags/example_sensor_decorator.py
[2025-10-06T18:23:45.683+0000] {processor.py:914} INFO - Processing file /home/airflow/.local/lib/python3.12/site-packages/airflow/example_dags/example_sensor_decorator.py for tasks to queue
[2025-10-06T18:23:45.688+0000] {logging_mixin.py:190} INFO - [2025-10-06T18:23:45.687+0000] {dagbag.py:588} INFO - Filling up the DagBag from /home/airflow/.local/lib/python3.12/site-packages/airflow/example_dags/example_sensor_decorator.py
[2025-10-06T18:23:45.703+0000] {processor.py:925} INFO - DAG(s) 'example_sensor_decorator' retrieved from /home/airflow/.local/lib/python3.12/site-packages/airflow/example_dags/example_sensor_decorator.py
[2025-10-06T18:23:45.729+0000] {logging_mixin.py:190} INFO - [2025-10-06T18:23:45.729+0000] {dag.py:3239} INFO - Sync 1 DAGs
[2025-10-06T18:23:45.748+0000] {logging_mixin.py:190} INFO - [2025-10-06T18:23:45.747+0000] {dag.py:4180} INFO - Setting next_dagrun for example_sensor_decorator to None, run_after=None
[2025-10-06T18:23:45.782+0000] {processor.py:208} INFO - Processing /home/airflow/.local/lib/python3.12/site-packages/airflow/example_dags/example_sensor_decorator.py took 0.110 seconds
[2025-10-06T18:24:16.654+0000] {processor.py:186} INFO - Started process (PID=412) to work on /home/airflow/.local/lib/python3.12/site-packages/airflow/example_dags/example_sensor_decorator.py
[2025-10-06T18:24:16.656+0000] {processor.py:914} INFO - Processing file /home/airflow/.local/lib/python3.12/site-packages/airflow/example_dags/example_sensor_decorator.py for tasks to queue
[2025-10-06T18:24:16.662+0000] {logging_mixin.py:190} INFO - [2025-10-06T18:24:16.661+0000] {dagbag.py:588} INFO - Filling up the DagBag from /home/airflow/.local/lib/python3.12/site-packages/airflow/example_dags/example_sensor_decorator.py
[2025-10-06T18:24:16.679+0000] {processor.py:925} INFO - DAG(s) 'example_sensor_decorator' retrieved from /home/airflow/.local/lib/python3.12/site-packages/airflow/example_dags/example_sensor_decorator.py
[2025-10-06T18:24:16.723+0000] {logging_mixin.py:190} INFO - [2025-10-06T18:24:16.722+0000] {dag.py:3239} INFO - Sync 1 DAGs
[2025-10-06T18:24:16.754+0000] {logging_mixin.py:190} INFO - [2025-10-06T18:24:16.753+0000] {dag.py:4180} INFO - Setting next_dagrun for example_sensor_decorator to None, run_after=None
[2025-10-06T18:24:16.784+0000] {processor.py:208} INFO - Processing /home/airflow/.local/lib/python3.12/site-packages/airflow/example_dags/example_sensor_decorator.py took 0.141 seconds
[2025-10-06T18:24:47.037+0000] {processor.py:186} INFO - Started process (PID=475) to work on /home/airflow/.local/lib/python3.12/site-packages/airflow/example_dags/example_sensor_decorator.py
[2025-10-06T18:24:47.039+0000] {processor.py:914} INFO - Processing file /home/airflow/.local/lib/python3.12/site-packages/airflow/example_dags/example_sensor_decorator.py for tasks to queue
[2025-10-06T18:24:47.046+0000] {logging_mixin.py:190} INFO - [2025-10-06T18:24:47.045+0000] {dagbag.py:588} INFO - Filling up the DagBag from /home/airflow/.local/lib/python3.12/site-packages/airflow/example_dags/example_sensor_decorator.py
[2025-10-06T18:24:47.059+0000] {processor.py:925} INFO - DAG(s) 'example_sensor_decorator' retrieved from /home/airflow/.local/lib/python3.12/site-packages/airflow/example_dags/example_sensor_decorator.py
[2025-10-06T18:24:47.089+0000] {logging_mixin.py:190} INFO - [2025-10-06T18:24:47.088+0000] {dag.py:3239} INFO - Sync 1 DAGs
[2025-10-06T18:24:47.110+0000] {logging_mixin.py:190} INFO - [2025-10-06T18:24:47.110+0000] {dag.py:4180} INFO - Setting next_dagrun for example_sensor_decorator to None, run_after=None
[2025-10-06T18:24:47.139+0000] {processor.py:208} INFO - Processing /home/airflow/.local/lib/python3.12/site-packages/airflow/example_dags/example_sensor_decorator.py took 0.111 seconds
[2025-10-06T18:25:17.590+0000] {processor.py:186} INFO - Started process (PID=539) to work on /home/airflow/.local/lib/python3.12/site-packages/airflow/example_dags/example_sensor_decorator.py
[2025-10-06T18:25:17.592+0000] {processor.py:914} INFO - Processing file /home/airflow/.local/lib/python3.12/site-packages/airflow/example_dags/example_sensor_decorator.py for tasks to queue
[2025-10-06T18:25:17.597+0000] {logging_mixin.py:190} INFO - [2025-10-06T18:25:17.595+0000] {dagbag.py:588} INFO - Filling up the DagBag from /home/airflow/.local/lib/python3.12/site-packages/airflow/example_dags/example_sensor_decorator.py
[2025-10-06T18:25:17.615+0000] {processor.py:925} INFO - DAG(s) 'example_sensor_decorator' retrieved from /home/airflow/.local/lib/python3.12/site-packages/airflow/example_dags/example_sensor_decorator.py
[2025-10-06T18:25:17.641+0000] {logging_mixin.py:190} INFO - [2025-10-06T18:25:17.641+0000] {dag.py:3239} INFO - Sync 1 DAGs
[2025-10-06T18:25:17.659+0000] {logging_mixin.py:190} INFO - [2025-10-06T18:25:17.659+0000] {dag.py:4180} INFO - Setting next_dagrun for example_sensor_decorator to None, run_after=None
[2025-10-06T18:25:17.691+0000] {processor.py:208} INFO - Processing /home/airflow/.local/lib/python3.12/site-packages/airflow/example_dags/example_sensor_decorator.py took 0.113 seconds
[2025-10-06T18:25:48.766+0000] {processor.py:186} INFO - Started process (PID=604) to work on /home/airflow/.local/lib/python3.12/site-packages/airflow/example_dags/example_sensor_decorator.py
[2025-10-06T18:25:48.767+0000] {processor.py:914} INFO - Processing file /home/airflow/.local/lib/python3.12/site-packages/airflow/example_dags/example_sensor_decorator.py for tasks to queue
[2025-10-06T18:25:48.770+0000] {logging_mixin.py:190} INFO - [2025-10-06T18:25:48.770+0000] {dagbag.py:588} INFO - Filling up the DagBag from /home/airflow/.local/lib/python3.12/site-packages/airflow/example_dags/example_sensor_decorator.py
[2025-10-06T18:25:48.780+0000] {processor.py:925} INFO - DAG(s) 'example_sensor_decorator' retrieved from /home/airflow/.local/lib/python3.12/site-packages/airflow/example_dags/example_sensor_decorator.py
[2025-10-06T18:25:48.808+0000] {logging_mixin.py:190} INFO - [2025-10-06T18:25:48.807+0000] {dag.py:3239} INFO - Sync 1 DAGs
[2025-10-06T18:25:48.828+0000] {logging_mixin.py:190} INFO - [2025-10-06T18:25:48.827+0000] {dag.py:4180} INFO - Setting next_dagrun for example_sensor_decorator to None, run_after=None
[2025-10-06T18:25:48.856+0000] {processor.py:208} INFO - Processing /home/airflow/.local/lib/python3.12/site-packages/airflow/example_dags/example_sensor_decorator.py took 0.097 seconds
[2025-10-06T18:26:20.235+0000] {processor.py:186} INFO - Started process (PID=667) to work on /home/airflow/.local/lib/python3.12/site-packages/airflow/example_dags/example_sensor_decorator.py
[2025-10-06T18:26:20.236+0000] {processor.py:914} INFO - Processing file /home/airflow/.local/lib/python3.12/site-packages/airflow/example_dags/example_sensor_decorator.py for tasks to queue
[2025-10-06T18:26:20.243+0000] {logging_mixin.py:190} INFO - [2025-10-06T18:26:20.242+0000] {dagbag.py:588} INFO - Filling up the DagBag from /home/airflow/.local/lib/python3.12/site-packages/airflow/example_dags/example_sensor_decorator.py
[2025-10-06T18:26:20.252+0000] {processor.py:925} INFO - DAG(s) 'example_sensor_decorator' retrieved from /home/airflow/.local/lib/python3.12/site-packages/airflow/example_dags/example_sensor_decorator.py
[2025-10-06T18:26:20.286+0000] {logging_mixin.py:190} INFO - [2025-10-06T18:26:20.285+0000] {dag.py:3239} INFO - Sync 1 DAGs
[2025-10-06T18:26:20.321+0000] {logging_mixin.py:190} INFO - [2025-10-06T18:26:20.321+0000] {dag.py:4180} INFO - Setting next_dagrun for example_sensor_decorator to None, run_after=None
[2025-10-06T18:26:20.352+0000] {processor.py:208} INFO - Processing /home/airflow/.local/lib/python3.12/site-packages/airflow/example_dags/example_sensor_decorator.py took 0.124 seconds
[2025-10-06T18:26:50.427+0000] {processor.py:186} INFO - Started process (PID=729) to work on /home/airflow/.local/lib/python3.12/site-packages/airflow/example_dags/example_sensor_decorator.py
[2025-10-06T18:26:50.429+0000] {processor.py:914} INFO - Processing file /home/airflow/.local/lib/python3.12/site-packages/airflow/example_dags/example_sensor_decorator.py for tasks to queue
[2025-10-06T18:26:50.434+0000] {logging_mixin.py:190} INFO - [2025-10-06T18:26:50.434+0000] {dagbag.py:588} INFO - Filling up the DagBag from /home/airflow/.local/lib/python3.12/site-packages/airflow/example_dags/example_sensor_decorator.py
[2025-10-06T18:26:50.450+0000] {processor.py:925} INFO - DAG(s) 'example_sensor_decorator' retrieved from /home/airflow/.local/lib/python3.12/site-packages/airflow/example_dags/example_sensor_decorator.py
[2025-10-06T18:26:50.484+0000] {logging_mixin.py:190} INFO - [2025-10-06T18:26:50.484+0000] {dag.py:3239} INFO - Sync 1 DAGs
[2025-10-06T18:26:50.510+0000] {logging_mixin.py:190} INFO - [2025-10-06T18:26:50.509+0000] {dag.py:4180} INFO - Setting next_dagrun for example_sensor_decorator to None, run_after=None
[2025-10-06T18:26:50.540+0000] {processor.py:208} INFO - Processing /home/airflow/.local/lib/python3.12/site-packages/airflow/example_dags/example_sensor_decorator.py took 0.121 seconds
[2025-10-06T18:27:22.166+0000] {processor.py:186} INFO - Started process (PID=792) to work on /home/airflow/.local/lib/python3.12/site-packages/airflow/example_dags/example_sensor_decorator.py
[2025-10-06T18:27:22.168+0000] {processor.py:914} INFO - Processing file /home/airflow/.local/lib/python3.12/site-packages/airflow/example_dags/example_sensor_decorator.py for tasks to queue
[2025-10-06T18:27:22.171+0000] {logging_mixin.py:190} INFO - [2025-10-06T18:27:22.171+0000] {dagbag.py:588} INFO - Filling up the DagBag from /home/airflow/.local/lib/python3.12/site-packages/airflow/example_dags/example_sensor_decorator.py
[2025-10-06T18:27:22.185+0000] {processor.py:925} INFO - DAG(s) 'example_sensor_decorator' retrieved from /home/airflow/.local/lib/python3.12/site-packages/airflow/example_dags/example_sensor_decorator.py
[2025-10-06T18:27:22.218+0000] {logging_mixin.py:190} INFO - [2025-10-06T18:27:22.218+0000] {dag.py:3239} INFO - Sync 1 DAGs
[2025-10-06T18:27:22.238+0000] {logging_mixin.py:190} INFO - [2025-10-06T18:27:22.238+0000] {dag.py:4180} INFO - Setting next_dagrun for example_sensor_decorator to None, run_after=None
[2025-10-06T18:27:22.267+0000] {processor.py:208} INFO - Processing /home/airflow/.local/lib/python3.12/site-packages/airflow/example_dags/example_sensor_decorator.py took 0.110 seconds
[2025-10-06T18:27:52.643+0000] {processor.py:186} INFO - Started process (PID=854) to work on /home/airflow/.local/lib/python3.12/site-packages/airflow/example_dags/example_sensor_decorator.py
[2025-10-06T18:27:52.644+0000] {processor.py:914} INFO - Processing file /home/airflow/.local/lib/python3.12/site-packages/airflow/example_dags/example_sensor_decorator.py for tasks to queue
[2025-10-06T18:27:52.648+0000] {logging_mixin.py:190} INFO - [2025-10-06T18:27:52.647+0000] {dagbag.py:588} INFO - Filling up the DagBag from /home/airflow/.local/lib/python3.12/site-packages/airflow/example_dags/example_sensor_decorator.py
[2025-10-06T18:27:52.660+0000] {processor.py:925} INFO - DAG(s) 'example_sensor_decorator' retrieved from /home/airflow/.local/lib/python3.12/site-packages/airflow/example_dags/example_sensor_decorator.py
[2025-10-06T18:27:52.683+0000] {logging_mixin.py:190} INFO - [2025-10-06T18:27:52.682+0000] {dag.py:3239} INFO - Sync 1 DAGs
[2025-10-06T18:27:52.699+0000] {logging_mixin.py:190} INFO - [2025-10-06T18:27:52.698+0000] {dag.py:4180} INFO - Setting next_dagrun for example_sensor_decorator to None, run_after=None
[2025-10-06T18:27:52.726+0000] {processor.py:208} INFO - Processing /home/airflow/.local/lib/python3.12/site-packages/airflow/example_dags/example_sensor_decorator.py took 0.090 seconds
[2025-10-06T18:28:24.993+0000] {processor.py:186} INFO - Started process (PID=919) to work on /home/airflow/.local/lib/python3.12/site-packages/airflow/example_dags/example_sensor_decorator.py
[2025-10-06T18:28:24.996+0000] {processor.py:914} INFO - Processing file /home/airflow/.local/lib/python3.12/site-packages/airflow/example_dags/example_sensor_decorator.py for tasks to queue
[2025-10-06T18:28:25.002+0000] {logging_mixin.py:190} INFO - [2025-10-06T18:28:25.001+0000] {dagbag.py:588} INFO - Filling up the DagBag from /home/airflow/.local/lib/python3.12/site-packages/airflow/example_dags/example_sensor_decorator.py
[2025-10-06T18:28:25.015+0000] {processor.py:925} INFO - DAG(s) 'example_sensor_decorator' retrieved from /home/airflow/.local/lib/python3.12/site-packages/airflow/example_dags/example_sensor_decorator.py
[2025-10-06T18:28:25.046+0000] {logging_mixin.py:190} INFO - [2025-10-06T18:28:25.045+0000] {dag.py:3239} INFO - Sync 1 DAGs
[2025-10-06T18:28:25.073+0000] {logging_mixin.py:190} INFO - [2025-10-06T18:28:25.072+0000] {dag.py:4180} INFO - Setting next_dagrun for example_sensor_decorator to None, run_after=None
[2025-10-06T18:28:25.105+0000] {processor.py:208} INFO - Processing /home/airflow/.local/lib/python3.12/site-packages/airflow/example_dags/example_sensor_decorator.py took 0.121 seconds
[2025-10-06T18:28:55.508+0000] {processor.py:186} INFO - Started process (PID=983) to work on /home/airflow/.local/lib/python3.12/site-packages/airflow/example_dags/example_sensor_decorator.py
[2025-10-06T18:28:55.511+0000] {processor.py:914} INFO - Processing file /home/airflow/.local/lib/python3.12/site-packages/airflow/example_dags/example_sensor_decorator.py for tasks to queue
[2025-10-06T18:28:55.515+0000] {logging_mixin.py:190} INFO - [2025-10-06T18:28:55.514+0000] {dagbag.py:588} INFO - Filling up the DagBag from /home/airflow/.local/lib/python3.12/site-packages/airflow/example_dags/example_sensor_decorator.py
[2025-10-06T18:28:55.525+0000] {processor.py:925} INFO - DAG(s) 'example_sensor_decorator' retrieved from /home/airflow/.local/lib/python3.12/site-packages/airflow/example_dags/example_sensor_decorator.py
[2025-10-06T18:28:55.549+0000] {logging_mixin.py:190} INFO - [2025-10-06T18:28:55.548+0000] {dag.py:3239} INFO - Sync 1 DAGs
[2025-10-06T18:28:55.566+0000] {logging_mixin.py:190} INFO - [2025-10-06T18:28:55.566+0000] {dag.py:4180} INFO - Setting next_dagrun for example_sensor_decorator to None, run_after=None
[2025-10-06T18:28:55.596+0000] {processor.py:208} INFO - Processing /home/airflow/.local/lib/python3.12/site-packages/airflow/example_dags/example_sensor_decorator.py took 0.094 seconds
[2025-10-06T18:29:29.529+0000] {processor.py:186} INFO - Started process (PID=1046) to work on /home/airflow/.local/lib/python3.12/site-packages/airflow/example_dags/example_sensor_decorator.py
[2025-10-06T18:29:29.531+0000] {processor.py:914} INFO - Processing file /home/airflow/.local/lib/python3.12/site-packages/airflow/example_dags/example_sensor_decorator.py for tasks to queue
[2025-10-06T18:29:29.535+0000] {logging_mixin.py:190} INFO - [2025-10-06T18:29:29.535+0000] {dagbag.py:588} INFO - Filling up the DagBag from /home/airflow/.local/lib/python3.12/site-packages/airflow/example_dags/example_sensor_decorator.py
[2025-10-06T18:29:29.550+0000] {processor.py:925} INFO - DAG(s) 'example_sensor_decorator' retrieved from /home/airflow/.local/lib/python3.12/site-packages/airflow/example_dags/example_sensor_decorator.py
[2025-10-06T18:29:29.579+0000] {logging_mixin.py:190} INFO - [2025-10-06T18:29:29.578+0000] {dag.py:3239} INFO - Sync 1 DAGs
[2025-10-06T18:29:29.598+0000] {logging_mixin.py:190} INFO - [2025-10-06T18:29:29.597+0000] {dag.py:4180} INFO - Setting next_dagrun for example_sensor_decorator to None, run_after=None
[2025-10-06T18:29:29.619+0000] {processor.py:208} INFO - Processing /home/airflow/.local/lib/python3.12/site-packages/airflow/example_dags/example_sensor_decorator.py took 0.098 seconds
[2025-10-06T18:30:01.011+0000] {processor.py:186} INFO - Started process (PID=1109) to work on /home/airflow/.local/lib/python3.12/site-packages/airflow/example_dags/example_sensor_decorator.py
[2025-10-06T18:30:01.013+0000] {processor.py:914} INFO - Processing file /home/airflow/.local/lib/python3.12/site-packages/airflow/example_dags/example_sensor_decorator.py for tasks to queue
[2025-10-06T18:30:01.017+0000] {logging_mixin.py:190} INFO - [2025-10-06T18:30:01.016+0000] {dagbag.py:588} INFO - Filling up the DagBag from /home/airflow/.local/lib/python3.12/site-packages/airflow/example_dags/example_sensor_decorator.py
[2025-10-06T18:30:01.031+0000] {processor.py:925} INFO - DAG(s) 'example_sensor_decorator' retrieved from /home/airflow/.local/lib/python3.12/site-packages/airflow/example_dags/example_sensor_decorator.py
[2025-10-06T18:30:01.061+0000] {logging_mixin.py:190} INFO - [2025-10-06T18:30:01.060+0000] {dag.py:3239} INFO - Sync 1 DAGs
[2025-10-06T18:30:01.080+0000] {logging_mixin.py:190} INFO - [2025-10-06T18:30:01.080+0000] {dag.py:4180} INFO - Setting next_dagrun for example_sensor_decorator to None, run_after=None
[2025-10-06T18:30:01.110+0000] {processor.py:208} INFO - Processing /home/airflow/.local/lib/python3.12/site-packages/airflow/example_dags/example_sensor_decorator.py took 0.108 seconds
[2025-10-06T18:30:33.135+0000] {processor.py:186} INFO - Started process (PID=1173) to work on /home/airflow/.local/lib/python3.12/site-packages/airflow/example_dags/example_sensor_decorator.py
[2025-10-06T18:30:33.136+0000] {processor.py:914} INFO - Processing file /home/airflow/.local/lib/python3.12/site-packages/airflow/example_dags/example_sensor_decorator.py for tasks to queue
[2025-10-06T18:30:33.140+0000] {logging_mixin.py:190} INFO - [2025-10-06T18:30:33.139+0000] {dagbag.py:588} INFO - Filling up the DagBag from /home/airflow/.local/lib/python3.12/site-packages/airflow/example_dags/example_sensor_decorator.py
[2025-10-06T18:30:33.149+0000] {processor.py:925} INFO - DAG(s) 'example_sensor_decorator' retrieved from /home/airflow/.local/lib/python3.12/site-packages/airflow/example_dags/example_sensor_decorator.py
[2025-10-06T18:30:33.170+0000] {logging_mixin.py:190} INFO - [2025-10-06T18:30:33.170+0000] {dag.py:3239} INFO - Sync 1 DAGs
[2025-10-06T18:30:33.186+0000] {logging_mixin.py:190} INFO - [2025-10-06T18:30:33.186+0000] {dag.py:4180} INFO - Setting next_dagrun for example_sensor_decorator to None, run_after=None
[2025-10-06T18:30:33.207+0000] {processor.py:208} INFO - Processing /home/airflow/.local/lib/python3.12/site-packages/airflow/example_dags/example_sensor_decorator.py took 0.079 seconds
[2025-10-06T18:31:03.936+0000] {processor.py:186} INFO - Started process (PID=1235) to work on /home/airflow/.local/lib/python3.12/site-packages/airflow/example_dags/example_sensor_decorator.py
[2025-10-06T18:31:03.938+0000] {processor.py:914} INFO - Processing file /home/airflow/.local/lib/python3.12/site-packages/airflow/example_dags/example_sensor_decorator.py for tasks to queue
[2025-10-06T18:31:03.944+0000] {logging_mixin.py:190} INFO - [2025-10-06T18:31:03.943+0000] {dagbag.py:588} INFO - Filling up the DagBag from /home/airflow/.local/lib/python3.12/site-packages/airflow/example_dags/example_sensor_decorator.py
[2025-10-06T18:31:03.959+0000] {processor.py:925} INFO - DAG(s) 'example_sensor_decorator' retrieved from /home/airflow/.local/lib/python3.12/site-packages/airflow/example_dags/example_sensor_decorator.py
[2025-10-06T18:31:03.984+0000] {logging_mixin.py:190} INFO - [2025-10-06T18:31:03.983+0000] {dag.py:3239} INFO - Sync 1 DAGs
[2025-10-06T18:31:04.006+0000] {logging_mixin.py:190} INFO - [2025-10-06T18:31:04.005+0000] {dag.py:4180} INFO - Setting next_dagrun for example_sensor_decorator to None, run_after=None
[2025-10-06T18:31:04.029+0000] {processor.py:208} INFO - Processing /home/airflow/.local/lib/python3.12/site-packages/airflow/example_dags/example_sensor_decorator.py took 0.103 seconds
[2025-10-06T18:31:34.398+0000] {processor.py:186} INFO - Started process (PID=1297) to work on /home/airflow/.local/lib/python3.12/site-packages/airflow/example_dags/example_sensor_decorator.py
[2025-10-06T18:31:34.400+0000] {processor.py:914} INFO - Processing file /home/airflow/.local/lib/python3.12/site-packages/airflow/example_dags/example_sensor_decorator.py for tasks to queue
[2025-10-06T18:31:34.410+0000] {logging_mixin.py:190} INFO - [2025-10-06T18:31:34.409+0000] {dagbag.py:588} INFO - Filling up the DagBag from /home/airflow/.local/lib/python3.12/site-packages/airflow/example_dags/example_sensor_decorator.py
[2025-10-06T18:31:34.430+0000] {processor.py:925} INFO - DAG(s) 'example_sensor_decorator' retrieved from /home/airflow/.local/lib/python3.12/site-packages/airflow/example_dags/example_sensor_decorator.py
[2025-10-06T18:31:34.469+0000] {logging_mixin.py:190} INFO - [2025-10-06T18:31:34.469+0000] {dag.py:3239} INFO - Sync 1 DAGs
[2025-10-06T18:31:34.507+0000] {logging_mixin.py:190} INFO - [2025-10-06T18:31:34.506+0000] {dag.py:4180} INFO - Setting next_dagrun for example_sensor_decorator to None, run_after=None
[2025-10-06T18:31:34.543+0000] {processor.py:208} INFO - Processing /home/airflow/.local/lib/python3.12/site-packages/airflow/example_dags/example_sensor_decorator.py took 0.164 seconds
[2025-10-06T18:32:06.555+0000] {processor.py:186} INFO - Started process (PID=1360) to work on /home/airflow/.local/lib/python3.12/site-packages/airflow/example_dags/example_sensor_decorator.py
[2025-10-06T18:32:06.557+0000] {processor.py:914} INFO - Processing file /home/airflow/.local/lib/python3.12/site-packages/airflow/example_dags/example_sensor_decorator.py for tasks to queue
[2025-10-06T18:32:06.560+0000] {logging_mixin.py:190} INFO - [2025-10-06T18:32:06.559+0000] {dagbag.py:588} INFO - Filling up the DagBag from /home/airflow/.local/lib/python3.12/site-packages/airflow/example_dags/example_sensor_decorator.py
[2025-10-06T18:32:06.571+0000] {processor.py:925} INFO - DAG(s) 'example_sensor_decorator' retrieved from /home/airflow/.local/lib/python3.12/site-packages/airflow/example_dags/example_sensor_decorator.py
[2025-10-06T18:32:06.597+0000] {logging_mixin.py:190} INFO - [2025-10-06T18:32:06.596+0000] {dag.py:3239} INFO - Sync 1 DAGs
[2025-10-06T18:32:06.619+0000] {logging_mixin.py:190} INFO - [2025-10-06T18:32:06.619+0000] {dag.py:4180} INFO - Setting next_dagrun for example_sensor_decorator to None, run_after=None
[2025-10-06T18:32:06.646+0000] {processor.py:208} INFO - Processing /home/airflow/.local/lib/python3.12/site-packages/airflow/example_dags/example_sensor_decorator.py took 0.099 seconds
[2025-10-06T18:32:38.638+0000] {processor.py:186} INFO - Started process (PID=1424) to work on /home/airflow/.local/lib/python3.12/site-packages/airflow/example_dags/example_sensor_decorator.py
[2025-10-06T18:32:38.640+0000] {processor.py:914} INFO - Processing file /home/airflow/.local/lib/python3.12/site-packages/airflow/example_dags/example_sensor_decorator.py for tasks to queue
[2025-10-06T18:32:38.652+0000] {logging_mixin.py:190} INFO - [2025-10-06T18:32:38.650+0000] {dagbag.py:588} INFO - Filling up the DagBag from /home/airflow/.local/lib/python3.12/site-packages/airflow/example_dags/example_sensor_decorator.py
[2025-10-06T18:32:38.680+0000] {processor.py:925} INFO - DAG(s) 'example_sensor_decorator' retrieved from /home/airflow/.local/lib/python3.12/site-packages/airflow/example_dags/example_sensor_decorator.py
[2025-10-06T18:32:38.717+0000] {logging_mixin.py:190} INFO - [2025-10-06T18:32:38.717+0000] {dag.py:3239} INFO - Sync 1 DAGs
[2025-10-06T18:32:38.749+0000] {logging_mixin.py:190} INFO - [2025-10-06T18:32:38.749+0000] {dag.py:4180} INFO - Setting next_dagrun for example_sensor_decorator to None, run_after=None
[2025-10-06T18:32:38.800+0000] {processor.py:208} INFO - Processing /home/airflow/.local/lib/python3.12/site-packages/airflow/example_dags/example_sensor_decorator.py took 0.179 seconds
[2025-10-06T18:33:12.966+0000] {processor.py:186} INFO - Started process (PID=1487) to work on /home/airflow/.local/lib/python3.12/site-packages/airflow/example_dags/example_sensor_decorator.py
[2025-10-06T18:33:12.967+0000] {processor.py:914} INFO - Processing file /home/airflow/.local/lib/python3.12/site-packages/airflow/example_dags/example_sensor_decorator.py for tasks to queue
[2025-10-06T18:33:12.972+0000] {logging_mixin.py:190} INFO - [2025-10-06T18:33:12.971+0000] {dagbag.py:588} INFO - Filling up the DagBag from /home/airflow/.local/lib/python3.12/site-packages/airflow/example_dags/example_sensor_decorator.py
[2025-10-06T18:33:12.984+0000] {processor.py:925} INFO - DAG(s) 'example_sensor_decorator' retrieved from /home/airflow/.local/lib/python3.12/site-packages/airflow/example_dags/example_sensor_decorator.py
[2025-10-06T18:33:13.019+0000] {logging_mixin.py:190} INFO - [2025-10-06T18:33:13.018+0000] {dag.py:3239} INFO - Sync 1 DAGs
[2025-10-06T18:33:13.052+0000] {logging_mixin.py:190} INFO - [2025-10-06T18:33:13.052+0000] {dag.py:4180} INFO - Setting next_dagrun for example_sensor_decorator to None, run_after=None
[2025-10-06T18:33:14.142+0000] {processor.py:208} INFO - Processing /home/airflow/.local/lib/python3.12/site-packages/airflow/example_dags/example_sensor_decorator.py took 1.185 seconds
[2025-10-06T18:33:44.276+0000] {processor.py:186} INFO - Started process (PID=1550) to work on /home/airflow/.local/lib/python3.12/site-packages/airflow/example_dags/example_sensor_decorator.py
[2025-10-06T18:33:44.277+0000] {processor.py:914} INFO - Processing file /home/airflow/.local/lib/python3.12/site-packages/airflow/example_dags/example_sensor_decorator.py for tasks to queue
[2025-10-06T18:33:44.281+0000] {logging_mixin.py:190} INFO - [2025-10-06T18:33:44.280+0000] {dagbag.py:588} INFO - Filling up the DagBag from /home/airflow/.local/lib/python3.12/site-packages/airflow/example_dags/example_sensor_decorator.py
[2025-10-06T18:33:44.290+0000] {processor.py:925} INFO - DAG(s) 'example_sensor_decorator' retrieved from /home/airflow/.local/lib/python3.12/site-packages/airflow/example_dags/example_sensor_decorator.py
[2025-10-06T18:33:44.313+0000] {logging_mixin.py:190} INFO - [2025-10-06T18:33:44.312+0000] {dag.py:3239} INFO - Sync 1 DAGs
[2025-10-06T18:33:44.329+0000] {logging_mixin.py:190} INFO - [2025-10-06T18:33:44.329+0000] {dag.py:4180} INFO - Setting next_dagrun for example_sensor_decorator to None, run_after=None
[2025-10-06T18:33:44.361+0000] {processor.py:208} INFO - Processing /home/airflow/.local/lib/python3.12/site-packages/airflow/example_dags/example_sensor_decorator.py took 0.091 seconds
[2025-10-06T18:34:14.730+0000] {processor.py:186} INFO - Started process (PID=1613) to work on /home/airflow/.local/lib/python3.12/site-packages/airflow/example_dags/example_sensor_decorator.py
[2025-10-06T18:34:14.732+0000] {processor.py:914} INFO - Processing file /home/airflow/.local/lib/python3.12/site-packages/airflow/example_dags/example_sensor_decorator.py for tasks to queue
[2025-10-06T18:34:14.737+0000] {logging_mixin.py:190} INFO - [2025-10-06T18:34:14.737+0000] {dagbag.py:588} INFO - Filling up the DagBag from /home/airflow/.local/lib/python3.12/site-packages/airflow/example_dags/example_sensor_decorator.py
[2025-10-06T18:34:14.752+0000] {processor.py:925} INFO - DAG(s) 'example_sensor_decorator' retrieved from /home/airflow/.local/lib/python3.12/site-packages/airflow/example_dags/example_sensor_decorator.py
[2025-10-06T18:34:14.783+0000] {logging_mixin.py:190} INFO - [2025-10-06T18:34:14.783+0000] {dag.py:3239} INFO - Sync 1 DAGs
[2025-10-06T18:34:14.802+0000] {logging_mixin.py:190} INFO - [2025-10-06T18:34:14.802+0000] {dag.py:4180} INFO - Setting next_dagrun for example_sensor_decorator to None, run_after=None
[2025-10-06T18:34:14.840+0000] {processor.py:208} INFO - Processing /home/airflow/.local/lib/python3.12/site-packages/airflow/example_dags/example_sensor_decorator.py took 0.120 seconds
[2025-10-06T18:34:47.222+0000] {processor.py:186} INFO - Started process (PID=1676) to work on /home/airflow/.local/lib/python3.12/site-packages/airflow/example_dags/example_sensor_decorator.py
[2025-10-06T18:34:47.225+0000] {processor.py:914} INFO - Processing file /home/airflow/.local/lib/python3.12/site-packages/airflow/example_dags/example_sensor_decorator.py for tasks to queue
[2025-10-06T18:34:47.231+0000] {logging_mixin.py:190} INFO - [2025-10-06T18:34:47.230+0000] {dagbag.py:588} INFO - Filling up the DagBag from /home/airflow/.local/lib/python3.12/site-packages/airflow/example_dags/example_sensor_decorator.py
[2025-10-06T18:34:47.246+0000] {processor.py:925} INFO - DAG(s) 'example_sensor_decorator' retrieved from /home/airflow/.local/lib/python3.12/site-packages/airflow/example_dags/example_sensor_decorator.py
[2025-10-06T18:34:47.283+0000] {logging_mixin.py:190} INFO - [2025-10-06T18:34:47.283+0000] {dag.py:3239} INFO - Sync 1 DAGs
[2025-10-06T18:34:47.306+0000] {logging_mixin.py:190} INFO - [2025-10-06T18:34:47.305+0000] {dag.py:4180} INFO - Setting next_dagrun for example_sensor_decorator to None, run_after=None
[2025-10-06T18:34:47.339+0000] {processor.py:208} INFO - Processing /home/airflow/.local/lib/python3.12/site-packages/airflow/example_dags/example_sensor_decorator.py took 0.131 seconds
[2025-10-06T18:35:20.756+0000] {processor.py:186} INFO - Started process (PID=1739) to work on /home/airflow/.local/lib/python3.12/site-packages/airflow/example_dags/example_sensor_decorator.py
[2025-10-06T18:35:20.758+0000] {processor.py:914} INFO - Processing file /home/airflow/.local/lib/python3.12/site-packages/airflow/example_dags/example_sensor_decorator.py for tasks to queue
[2025-10-06T18:35:20.763+0000] {logging_mixin.py:190} INFO - [2025-10-06T18:35:20.762+0000] {dagbag.py:588} INFO - Filling up the DagBag from /home/airflow/.local/lib/python3.12/site-packages/airflow/example_dags/example_sensor_decorator.py
[2025-10-06T18:35:20.777+0000] {processor.py:925} INFO - DAG(s) 'example_sensor_decorator' retrieved from /home/airflow/.local/lib/python3.12/site-packages/airflow/example_dags/example_sensor_decorator.py
[2025-10-06T18:35:20.806+0000] {logging_mixin.py:190} INFO - [2025-10-06T18:35:20.805+0000] {dag.py:3239} INFO - Sync 1 DAGs
[2025-10-06T18:35:20.824+0000] {logging_mixin.py:190} INFO - [2025-10-06T18:35:20.823+0000] {dag.py:4180} INFO - Setting next_dagrun for example_sensor_decorator to None, run_after=None
[2025-10-06T18:35:20.849+0000] {processor.py:208} INFO - Processing /home/airflow/.local/lib/python3.12/site-packages/airflow/example_dags/example_sensor_decorator.py took 0.103 seconds
[2025-10-06T18:35:51.323+0000] {processor.py:186} INFO - Started process (PID=1801) to work on /home/airflow/.local/lib/python3.12/site-packages/airflow/example_dags/example_sensor_decorator.py
[2025-10-06T18:35:51.325+0000] {processor.py:914} INFO - Processing file /home/airflow/.local/lib/python3.12/site-packages/airflow/example_dags/example_sensor_decorator.py for tasks to queue
[2025-10-06T18:35:51.328+0000] {logging_mixin.py:190} INFO - [2025-10-06T18:35:51.327+0000] {dagbag.py:588} INFO - Filling up the DagBag from /home/airflow/.local/lib/python3.12/site-packages/airflow/example_dags/example_sensor_decorator.py
[2025-10-06T18:35:51.337+0000] {processor.py:925} INFO - DAG(s) 'example_sensor_decorator' retrieved from /home/airflow/.local/lib/python3.12/site-packages/airflow/example_dags/example_sensor_decorator.py
[2025-10-06T18:35:51.358+0000] {logging_mixin.py:190} INFO - [2025-10-06T18:35:51.358+0000] {dag.py:3239} INFO - Sync 1 DAGs
[2025-10-06T18:35:51.374+0000] {logging_mixin.py:190} INFO - [2025-10-06T18:35:51.373+0000] {dag.py:4180} INFO - Setting next_dagrun for example_sensor_decorator to None, run_after=None
[2025-10-06T18:35:51.427+0000] {processor.py:208} INFO - Processing /home/airflow/.local/lib/python3.12/site-packages/airflow/example_dags/example_sensor_decorator.py took 0.111 seconds
[2025-10-06T18:36:25.782+0000] {processor.py:186} INFO - Started process (PID=1865) to work on /home/airflow/.local/lib/python3.12/site-packages/airflow/example_dags/example_sensor_decorator.py
[2025-10-06T18:36:25.784+0000] {processor.py:914} INFO - Processing file /home/airflow/.local/lib/python3.12/site-packages/airflow/example_dags/example_sensor_decorator.py for tasks to queue
[2025-10-06T18:36:25.789+0000] {logging_mixin.py:190} INFO - [2025-10-06T18:36:25.789+0000] {dagbag.py:588} INFO - Filling up the DagBag from /home/airflow/.local/lib/python3.12/site-packages/airflow/example_dags/example_sensor_decorator.py
[2025-10-06T18:36:25.806+0000] {processor.py:925} INFO - DAG(s) 'example_sensor_decorator' retrieved from /home/airflow/.local/lib/python3.12/site-packages/airflow/example_dags/example_sensor_decorator.py
[2025-10-06T18:36:25.844+0000] {logging_mixin.py:190} INFO - [2025-10-06T18:36:25.843+0000] {dag.py:3239} INFO - Sync 1 DAGs
[2025-10-06T18:36:25.883+0000] {logging_mixin.py:190} INFO - [2025-10-06T18:36:25.882+0000] {dag.py:4180} INFO - Setting next_dagrun for example_sensor_decorator to None, run_after=None
[2025-10-06T18:36:26.047+0000] {processor.py:208} INFO - Processing /home/airflow/.local/lib/python3.12/site-packages/airflow/example_dags/example_sensor_decorator.py took 0.282 seconds
[2025-10-06T18:36:56.440+0000] {processor.py:186} INFO - Started process (PID=1928) to work on /home/airflow/.local/lib/python3.12/site-packages/airflow/example_dags/example_sensor_decorator.py
[2025-10-06T18:36:56.442+0000] {processor.py:914} INFO - Processing file /home/airflow/.local/lib/python3.12/site-packages/airflow/example_dags/example_sensor_decorator.py for tasks to queue
[2025-10-06T18:36:56.446+0000] {logging_mixin.py:190} INFO - [2025-10-06T18:36:56.446+0000] {dagbag.py:588} INFO - Filling up the DagBag from /home/airflow/.local/lib/python3.12/site-packages/airflow/example_dags/example_sensor_decorator.py
[2025-10-06T18:36:56.462+0000] {processor.py:925} INFO - DAG(s) 'example_sensor_decorator' retrieved from /home/airflow/.local/lib/python3.12/site-packages/airflow/example_dags/example_sensor_decorator.py
[2025-10-06T18:36:56.496+0000] {logging_mixin.py:190} INFO - [2025-10-06T18:36:56.495+0000] {dag.py:3239} INFO - Sync 1 DAGs
[2025-10-06T18:36:56.515+0000] {logging_mixin.py:190} INFO - [2025-10-06T18:36:56.514+0000] {dag.py:4180} INFO - Setting next_dagrun for example_sensor_decorator to None, run_after=None
[2025-10-06T18:36:56.547+0000] {processor.py:208} INFO - Processing /home/airflow/.local/lib/python3.12/site-packages/airflow/example_dags/example_sensor_decorator.py took 0.122 seconds
[2025-10-06T18:37:27.378+0000] {processor.py:186} INFO - Started process (PID=1992) to work on /home/airflow/.local/lib/python3.12/site-packages/airflow/example_dags/example_sensor_decorator.py
[2025-10-06T18:37:27.380+0000] {processor.py:914} INFO - Processing file /home/airflow/.local/lib/python3.12/site-packages/airflow/example_dags/example_sensor_decorator.py for tasks to queue
[2025-10-06T18:37:27.385+0000] {logging_mixin.py:190} INFO - [2025-10-06T18:37:27.384+0000] {dagbag.py:588} INFO - Filling up the DagBag from /home/airflow/.local/lib/python3.12/site-packages/airflow/example_dags/example_sensor_decorator.py
[2025-10-06T18:37:27.397+0000] {processor.py:925} INFO - DAG(s) 'example_sensor_decorator' retrieved from /home/airflow/.local/lib/python3.12/site-packages/airflow/example_dags/example_sensor_decorator.py
[2025-10-06T18:37:27.420+0000] {logging_mixin.py:190} INFO - [2025-10-06T18:37:27.420+0000] {dag.py:3239} INFO - Sync 1 DAGs
[2025-10-06T18:37:27.436+0000] {logging_mixin.py:190} INFO - [2025-10-06T18:37:27.436+0000] {dag.py:4180} INFO - Setting next_dagrun for example_sensor_decorator to None, run_after=None
[2025-10-06T18:37:27.469+0000] {processor.py:208} INFO - Processing /home/airflow/.local/lib/python3.12/site-packages/airflow/example_dags/example_sensor_decorator.py took 0.099 seconds
[2025-10-06T18:37:57.955+0000] {processor.py:186} INFO - Started process (PID=2055) to work on /home/airflow/.local/lib/python3.12/site-packages/airflow/example_dags/example_sensor_decorator.py
[2025-10-06T18:37:57.958+0000] {processor.py:914} INFO - Processing file /home/airflow/.local/lib/python3.12/site-packages/airflow/example_dags/example_sensor_decorator.py for tasks to queue
[2025-10-06T18:37:57.966+0000] {logging_mixin.py:190} INFO - [2025-10-06T18:37:57.964+0000] {dagbag.py:588} INFO - Filling up the DagBag from /home/airflow/.local/lib/python3.12/site-packages/airflow/example_dags/example_sensor_decorator.py
[2025-10-06T18:37:57.977+0000] {processor.py:925} INFO - DAG(s) 'example_sensor_decorator' retrieved from /home/airflow/.local/lib/python3.12/site-packages/airflow/example_dags/example_sensor_decorator.py
[2025-10-06T18:37:58.009+0000] {logging_mixin.py:190} INFO - [2025-10-06T18:37:58.008+0000] {dag.py:3239} INFO - Sync 1 DAGs
[2025-10-06T18:37:58.027+0000] {logging_mixin.py:190} INFO - [2025-10-06T18:37:58.027+0000] {dag.py:4180} INFO - Setting next_dagrun for example_sensor_decorator to None, run_after=None
[2025-10-06T18:37:58.056+0000] {processor.py:208} INFO - Processing /home/airflow/.local/lib/python3.12/site-packages/airflow/example_dags/example_sensor_decorator.py took 0.110 seconds
[2025-10-06T18:38:28.540+0000] {processor.py:186} INFO - Started process (PID=2117) to work on /home/airflow/.local/lib/python3.12/site-packages/airflow/example_dags/example_sensor_decorator.py
[2025-10-06T18:38:28.542+0000] {processor.py:914} INFO - Processing file /home/airflow/.local/lib/python3.12/site-packages/airflow/example_dags/example_sensor_decorator.py for tasks to queue
[2025-10-06T18:38:28.545+0000] {logging_mixin.py:190} INFO - [2025-10-06T18:38:28.545+0000] {dagbag.py:588} INFO - Filling up the DagBag from /home/airflow/.local/lib/python3.12/site-packages/airflow/example_dags/example_sensor_decorator.py
[2025-10-06T18:38:28.556+0000] {processor.py:925} INFO - DAG(s) 'example_sensor_decorator' retrieved from /home/airflow/.local/lib/python3.12/site-packages/airflow/example_dags/example_sensor_decorator.py
[2025-10-06T18:38:28.587+0000] {logging_mixin.py:190} INFO - [2025-10-06T18:38:28.586+0000] {dag.py:3239} INFO - Sync 1 DAGs
[2025-10-06T18:38:28.607+0000] {logging_mixin.py:190} INFO - [2025-10-06T18:38:28.607+0000] {dag.py:4180} INFO - Setting next_dagrun for example_sensor_decorator to None, run_after=None
[2025-10-06T18:38:28.645+0000] {processor.py:208} INFO - Processing /home/airflow/.local/lib/python3.12/site-packages/airflow/example_dags/example_sensor_decorator.py took 0.113 seconds
[2025-10-06T18:38:59.340+0000] {processor.py:186} INFO - Started process (PID=2180) to work on /home/airflow/.local/lib/python3.12/site-packages/airflow/example_dags/example_sensor_decorator.py
[2025-10-06T18:38:59.341+0000] {processor.py:914} INFO - Processing file /home/airflow/.local/lib/python3.12/site-packages/airflow/example_dags/example_sensor_decorator.py for tasks to queue
[2025-10-06T18:38:59.343+0000] {logging_mixin.py:190} INFO - [2025-10-06T18:38:59.343+0000] {dagbag.py:588} INFO - Filling up the DagBag from /home/airflow/.local/lib/python3.12/site-packages/airflow/example_dags/example_sensor_decorator.py
[2025-10-06T18:38:59.352+0000] {processor.py:925} INFO - DAG(s) 'example_sensor_decorator' retrieved from /home/airflow/.local/lib/python3.12/site-packages/airflow/example_dags/example_sensor_decorator.py
[2025-10-06T18:38:59.377+0000] {logging_mixin.py:190} INFO - [2025-10-06T18:38:59.377+0000] {dag.py:3239} INFO - Sync 1 DAGs
[2025-10-06T18:38:59.394+0000] {logging_mixin.py:190} INFO - [2025-10-06T18:38:59.394+0000] {dag.py:4180} INFO - Setting next_dagrun for example_sensor_decorator to None, run_after=None
[2025-10-06T18:38:59.423+0000] {processor.py:208} INFO - Processing /home/airflow/.local/lib/python3.12/site-packages/airflow/example_dags/example_sensor_decorator.py took 0.090 seconds
[2025-10-06T18:39:31.505+0000] {processor.py:186} INFO - Started process (PID=2244) to work on /home/airflow/.local/lib/python3.12/site-packages/airflow/example_dags/example_sensor_decorator.py
[2025-10-06T18:39:31.506+0000] {processor.py:914} INFO - Processing file /home/airflow/.local/lib/python3.12/site-packages/airflow/example_dags/example_sensor_decorator.py for tasks to queue
[2025-10-06T18:39:31.509+0000] {logging_mixin.py:190} INFO - [2025-10-06T18:39:31.508+0000] {dagbag.py:588} INFO - Filling up the DagBag from /home/airflow/.local/lib/python3.12/site-packages/airflow/example_dags/example_sensor_decorator.py
[2025-10-06T18:39:31.518+0000] {processor.py:925} INFO - DAG(s) 'example_sensor_decorator' retrieved from /home/airflow/.local/lib/python3.12/site-packages/airflow/example_dags/example_sensor_decorator.py
[2025-10-06T18:39:31.540+0000] {logging_mixin.py:190} INFO - [2025-10-06T18:39:31.539+0000] {dag.py:3239} INFO - Sync 1 DAGs
[2025-10-06T18:39:31.556+0000] {logging_mixin.py:190} INFO - [2025-10-06T18:39:31.556+0000] {dag.py:4180} INFO - Setting next_dagrun for example_sensor_decorator to None, run_after=None
[2025-10-06T18:39:31.581+0000] {processor.py:208} INFO - Processing /home/airflow/.local/lib/python3.12/site-packages/airflow/example_dags/example_sensor_decorator.py took 0.083 seconds
[2025-10-06T18:40:07.025+0000] {processor.py:186} INFO - Started process (PID=2309) to work on /home/airflow/.local/lib/python3.12/site-packages/airflow/example_dags/example_sensor_decorator.py
[2025-10-06T18:40:07.026+0000] {processor.py:914} INFO - Processing file /home/airflow/.local/lib/python3.12/site-packages/airflow/example_dags/example_sensor_decorator.py for tasks to queue
[2025-10-06T18:40:07.030+0000] {logging_mixin.py:190} INFO - [2025-10-06T18:40:07.030+0000] {dagbag.py:588} INFO - Filling up the DagBag from /home/airflow/.local/lib/python3.12/site-packages/airflow/example_dags/example_sensor_decorator.py
[2025-10-06T18:40:07.047+0000] {processor.py:925} INFO - DAG(s) 'example_sensor_decorator' retrieved from /home/airflow/.local/lib/python3.12/site-packages/airflow/example_dags/example_sensor_decorator.py
[2025-10-06T18:40:07.083+0000] {logging_mixin.py:190} INFO - [2025-10-06T18:40:07.083+0000] {dag.py:3239} INFO - Sync 1 DAGs
[2025-10-06T18:40:07.112+0000] {logging_mixin.py:190} INFO - [2025-10-06T18:40:07.112+0000] {dag.py:4180} INFO - Setting next_dagrun for example_sensor_decorator to None, run_after=None
[2025-10-06T18:40:07.157+0000] {processor.py:208} INFO - Processing /home/airflow/.local/lib/python3.12/site-packages/airflow/example_dags/example_sensor_decorator.py took 0.144 seconds
[2025-10-06T18:40:37.896+0000] {processor.py:186} INFO - Started process (PID=2372) to work on /home/airflow/.local/lib/python3.12/site-packages/airflow/example_dags/example_sensor_decorator.py
[2025-10-06T18:40:37.897+0000] {processor.py:914} INFO - Processing file /home/airflow/.local/lib/python3.12/site-packages/airflow/example_dags/example_sensor_decorator.py for tasks to queue
[2025-10-06T18:40:37.902+0000] {logging_mixin.py:190} INFO - [2025-10-06T18:40:37.901+0000] {dagbag.py:588} INFO - Filling up the DagBag from /home/airflow/.local/lib/python3.12/site-packages/airflow/example_dags/example_sensor_decorator.py
[2025-10-06T18:40:37.915+0000] {processor.py:925} INFO - DAG(s) 'example_sensor_decorator' retrieved from /home/airflow/.local/lib/python3.12/site-packages/airflow/example_dags/example_sensor_decorator.py
[2025-10-06T18:40:37.943+0000] {logging_mixin.py:190} INFO - [2025-10-06T18:40:37.943+0000] {dag.py:3239} INFO - Sync 1 DAGs
[2025-10-06T18:40:37.962+0000] {logging_mixin.py:190} INFO - [2025-10-06T18:40:37.962+0000] {dag.py:4180} INFO - Setting next_dagrun for example_sensor_decorator to None, run_after=None
[2025-10-06T18:40:37.989+0000] {processor.py:208} INFO - Processing /home/airflow/.local/lib/python3.12/site-packages/airflow/example_dags/example_sensor_decorator.py took 0.100 seconds
[2025-10-06T18:41:08.868+0000] {processor.py:186} INFO - Started process (PID=2435) to work on /home/airflow/.local/lib/python3.12/site-packages/airflow/example_dags/example_sensor_decorator.py
[2025-10-06T18:41:08.872+0000] {processor.py:914} INFO - Processing file /home/airflow/.local/lib/python3.12/site-packages/airflow/example_dags/example_sensor_decorator.py for tasks to queue
[2025-10-06T18:41:08.876+0000] {logging_mixin.py:190} INFO - [2025-10-06T18:41:08.875+0000] {dagbag.py:588} INFO - Filling up the DagBag from /home/airflow/.local/lib/python3.12/site-packages/airflow/example_dags/example_sensor_decorator.py
[2025-10-06T18:41:08.900+0000] {processor.py:925} INFO - DAG(s) 'example_sensor_decorator' retrieved from /home/airflow/.local/lib/python3.12/site-packages/airflow/example_dags/example_sensor_decorator.py
[2025-10-06T18:41:08.938+0000] {logging_mixin.py:190} INFO - [2025-10-06T18:41:08.938+0000] {dag.py:3239} INFO - Sync 1 DAGs
[2025-10-06T18:41:08.962+0000] {logging_mixin.py:190} INFO - [2025-10-06T18:41:08.962+0000] {dag.py:4180} INFO - Setting next_dagrun for example_sensor_decorator to None, run_after=None
[2025-10-06T18:41:08.996+0000] {processor.py:208} INFO - Processing /home/airflow/.local/lib/python3.12/site-packages/airflow/example_dags/example_sensor_decorator.py took 0.141 seconds
[2025-10-06T18:41:41.420+0000] {processor.py:186} INFO - Started process (PID=2498) to work on /home/airflow/.local/lib/python3.12/site-packages/airflow/example_dags/example_sensor_decorator.py
[2025-10-06T18:41:41.423+0000] {processor.py:914} INFO - Processing file /home/airflow/.local/lib/python3.12/site-packages/airflow/example_dags/example_sensor_decorator.py for tasks to queue
[2025-10-06T18:41:41.429+0000] {logging_mixin.py:190} INFO - [2025-10-06T18:41:41.428+0000] {dagbag.py:588} INFO - Filling up the DagBag from /home/airflow/.local/lib/python3.12/site-packages/airflow/example_dags/example_sensor_decorator.py
[2025-10-06T18:41:41.475+0000] {processor.py:925} INFO - DAG(s) 'example_sensor_decorator' retrieved from /home/airflow/.local/lib/python3.12/site-packages/airflow/example_dags/example_sensor_decorator.py
[2025-10-06T18:41:41.589+0000] {logging_mixin.py:190} INFO - [2025-10-06T18:41:41.588+0000] {dag.py:3239} INFO - Sync 1 DAGs
[2025-10-06T18:41:41.695+0000] {logging_mixin.py:190} INFO - [2025-10-06T18:41:41.694+0000] {dag.py:4180} INFO - Setting next_dagrun for example_sensor_decorator to None, run_after=None
[2025-10-06T18:41:41.886+0000] {processor.py:208} INFO - Processing /home/airflow/.local/lib/python3.12/site-packages/airflow/example_dags/example_sensor_decorator.py took 0.479 seconds
[2025-10-06T18:42:12.078+0000] {processor.py:186} INFO - Started process (PID=2560) to work on /home/airflow/.local/lib/python3.12/site-packages/airflow/example_dags/example_sensor_decorator.py
[2025-10-06T18:42:12.080+0000] {processor.py:914} INFO - Processing file /home/airflow/.local/lib/python3.12/site-packages/airflow/example_dags/example_sensor_decorator.py for tasks to queue
[2025-10-06T18:42:12.084+0000] {logging_mixin.py:190} INFO - [2025-10-06T18:42:12.083+0000] {dagbag.py:588} INFO - Filling up the DagBag from /home/airflow/.local/lib/python3.12/site-packages/airflow/example_dags/example_sensor_decorator.py
[2025-10-06T18:42:12.096+0000] {processor.py:925} INFO - DAG(s) 'example_sensor_decorator' retrieved from /home/airflow/.local/lib/python3.12/site-packages/airflow/example_dags/example_sensor_decorator.py
[2025-10-06T18:42:12.125+0000] {logging_mixin.py:190} INFO - [2025-10-06T18:42:12.125+0000] {dag.py:3239} INFO - Sync 1 DAGs
[2025-10-06T18:42:12.145+0000] {logging_mixin.py:190} INFO - [2025-10-06T18:42:12.145+0000] {dag.py:4180} INFO - Setting next_dagrun for example_sensor_decorator to None, run_after=None
[2025-10-06T18:42:12.172+0000] {processor.py:208} INFO - Processing /home/airflow/.local/lib/python3.12/site-packages/airflow/example_dags/example_sensor_decorator.py took 0.103 seconds
[2025-10-06T18:42:44.952+0000] {processor.py:186} INFO - Started process (PID=2623) to work on /home/airflow/.local/lib/python3.12/site-packages/airflow/example_dags/example_sensor_decorator.py
[2025-10-06T18:42:44.955+0000] {processor.py:914} INFO - Processing file /home/airflow/.local/lib/python3.12/site-packages/airflow/example_dags/example_sensor_decorator.py for tasks to queue
[2025-10-06T18:42:44.967+0000] {logging_mixin.py:190} INFO - [2025-10-06T18:42:44.966+0000] {dagbag.py:588} INFO - Filling up the DagBag from /home/airflow/.local/lib/python3.12/site-packages/airflow/example_dags/example_sensor_decorator.py
[2025-10-06T18:42:44.998+0000] {processor.py:925} INFO - DAG(s) 'example_sensor_decorator' retrieved from /home/airflow/.local/lib/python3.12/site-packages/airflow/example_dags/example_sensor_decorator.py
[2025-10-06T18:42:45.060+0000] {logging_mixin.py:190} INFO - [2025-10-06T18:42:45.060+0000] {dag.py:3239} INFO - Sync 1 DAGs
[2025-10-06T18:42:45.118+0000] {logging_mixin.py:190} INFO - [2025-10-06T18:42:45.117+0000] {dag.py:4180} INFO - Setting next_dagrun for example_sensor_decorator to None, run_after=None
[2025-10-06T18:42:45.191+0000] {processor.py:208} INFO - Processing /home/airflow/.local/lib/python3.12/site-packages/airflow/example_dags/example_sensor_decorator.py took 0.258 seconds
[2025-10-06T18:43:16.595+0000] {processor.py:186} INFO - Started process (PID=2686) to work on /home/airflow/.local/lib/python3.12/site-packages/airflow/example_dags/example_sensor_decorator.py
[2025-10-06T18:43:16.598+0000] {processor.py:914} INFO - Processing file /home/airflow/.local/lib/python3.12/site-packages/airflow/example_dags/example_sensor_decorator.py for tasks to queue
[2025-10-06T18:43:16.606+0000] {logging_mixin.py:190} INFO - [2025-10-06T18:43:16.604+0000] {dagbag.py:588} INFO - Filling up the DagBag from /home/airflow/.local/lib/python3.12/site-packages/airflow/example_dags/example_sensor_decorator.py
[2025-10-06T18:43:16.632+0000] {processor.py:925} INFO - DAG(s) 'example_sensor_decorator' retrieved from /home/airflow/.local/lib/python3.12/site-packages/airflow/example_dags/example_sensor_decorator.py
[2025-10-06T18:43:16.689+0000] {logging_mixin.py:190} INFO - [2025-10-06T18:43:16.689+0000] {dag.py:3239} INFO - Sync 1 DAGs
[2025-10-06T18:43:16.724+0000] {logging_mixin.py:190} INFO - [2025-10-06T18:43:16.723+0000] {dag.py:4180} INFO - Setting next_dagrun for example_sensor_decorator to None, run_after=None
[2025-10-06T18:43:16.777+0000] {processor.py:208} INFO - Processing /home/airflow/.local/lib/python3.12/site-packages/airflow/example_dags/example_sensor_decorator.py took 0.202 seconds
[2025-10-06T18:43:47.506+0000] {processor.py:186} INFO - Started process (PID=2749) to work on /home/airflow/.local/lib/python3.12/site-packages/airflow/example_dags/example_sensor_decorator.py
[2025-10-06T18:43:47.508+0000] {processor.py:914} INFO - Processing file /home/airflow/.local/lib/python3.12/site-packages/airflow/example_dags/example_sensor_decorator.py for tasks to queue
[2025-10-06T18:43:47.512+0000] {logging_mixin.py:190} INFO - [2025-10-06T18:43:47.511+0000] {dagbag.py:588} INFO - Filling up the DagBag from /home/airflow/.local/lib/python3.12/site-packages/airflow/example_dags/example_sensor_decorator.py
[2025-10-06T18:43:47.526+0000] {processor.py:925} INFO - DAG(s) 'example_sensor_decorator' retrieved from /home/airflow/.local/lib/python3.12/site-packages/airflow/example_dags/example_sensor_decorator.py
[2025-10-06T18:43:47.556+0000] {logging_mixin.py:190} INFO - [2025-10-06T18:43:47.555+0000] {dag.py:3239} INFO - Sync 1 DAGs
[2025-10-06T18:43:47.579+0000] {logging_mixin.py:190} INFO - [2025-10-06T18:43:47.579+0000] {dag.py:4180} INFO - Setting next_dagrun for example_sensor_decorator to None, run_after=None
[2025-10-06T18:43:47.622+0000] {processor.py:208} INFO - Processing /home/airflow/.local/lib/python3.12/site-packages/airflow/example_dags/example_sensor_decorator.py took 0.125 seconds
[2025-10-06T18:44:19.094+0000] {processor.py:186} INFO - Started process (PID=2812) to work on /home/airflow/.local/lib/python3.12/site-packages/airflow/example_dags/example_sensor_decorator.py
[2025-10-06T18:44:19.096+0000] {processor.py:914} INFO - Processing file /home/airflow/.local/lib/python3.12/site-packages/airflow/example_dags/example_sensor_decorator.py for tasks to queue
[2025-10-06T18:44:19.101+0000] {logging_mixin.py:190} INFO - [2025-10-06T18:44:19.100+0000] {dagbag.py:588} INFO - Filling up the DagBag from /home/airflow/.local/lib/python3.12/site-packages/airflow/example_dags/example_sensor_decorator.py
[2025-10-06T18:44:19.115+0000] {processor.py:925} INFO - DAG(s) 'example_sensor_decorator' retrieved from /home/airflow/.local/lib/python3.12/site-packages/airflow/example_dags/example_sensor_decorator.py
[2025-10-06T18:44:19.145+0000] {logging_mixin.py:190} INFO - [2025-10-06T18:44:19.145+0000] {dag.py:3239} INFO - Sync 1 DAGs
[2025-10-06T18:44:19.167+0000] {logging_mixin.py:190} INFO - [2025-10-06T18:44:19.166+0000] {dag.py:4180} INFO - Setting next_dagrun for example_sensor_decorator to None, run_after=None
[2025-10-06T18:44:19.206+0000] {processor.py:208} INFO - Processing /home/airflow/.local/lib/python3.12/site-packages/airflow/example_dags/example_sensor_decorator.py took 0.126 seconds
[2025-10-06T18:44:49.668+0000] {processor.py:186} INFO - Started process (PID=2869) to work on /home/airflow/.local/lib/python3.12/site-packages/airflow/example_dags/example_sensor_decorator.py
[2025-10-06T18:44:49.670+0000] {processor.py:914} INFO - Processing file /home/airflow/.local/lib/python3.12/site-packages/airflow/example_dags/example_sensor_decorator.py for tasks to queue
[2025-10-06T18:44:49.673+0000] {logging_mixin.py:190} INFO - [2025-10-06T18:44:49.673+0000] {dagbag.py:588} INFO - Filling up the DagBag from /home/airflow/.local/lib/python3.12/site-packages/airflow/example_dags/example_sensor_decorator.py
[2025-10-06T18:44:49.682+0000] {processor.py:925} INFO - DAG(s) 'example_sensor_decorator' retrieved from /home/airflow/.local/lib/python3.12/site-packages/airflow/example_dags/example_sensor_decorator.py
[2025-10-06T18:44:49.704+0000] {logging_mixin.py:190} INFO - [2025-10-06T18:44:49.704+0000] {dag.py:3239} INFO - Sync 1 DAGs
[2025-10-06T18:44:49.720+0000] {logging_mixin.py:190} INFO - [2025-10-06T18:44:49.720+0000] {dag.py:4180} INFO - Setting next_dagrun for example_sensor_decorator to None, run_after=None
[2025-10-06T18:44:49.750+0000] {processor.py:208} INFO - Processing /home/airflow/.local/lib/python3.12/site-packages/airflow/example_dags/example_sensor_decorator.py took 0.088 seconds
[2025-10-06T18:45:20.499+0000] {processor.py:186} INFO - Started process (PID=2932) to work on /home/airflow/.local/lib/python3.12/site-packages/airflow/example_dags/example_sensor_decorator.py
[2025-10-06T18:45:20.501+0000] {processor.py:914} INFO - Processing file /home/airflow/.local/lib/python3.12/site-packages/airflow/example_dags/example_sensor_decorator.py for tasks to queue
[2025-10-06T18:45:20.504+0000] {logging_mixin.py:190} INFO - [2025-10-06T18:45:20.503+0000] {dagbag.py:588} INFO - Filling up the DagBag from /home/airflow/.local/lib/python3.12/site-packages/airflow/example_dags/example_sensor_decorator.py
[2025-10-06T18:45:20.515+0000] {processor.py:925} INFO - DAG(s) 'example_sensor_decorator' retrieved from /home/airflow/.local/lib/python3.12/site-packages/airflow/example_dags/example_sensor_decorator.py
[2025-10-06T18:45:20.538+0000] {logging_mixin.py:190} INFO - [2025-10-06T18:45:20.537+0000] {dag.py:3239} INFO - Sync 1 DAGs
[2025-10-06T18:45:20.555+0000] {logging_mixin.py:190} INFO - [2025-10-06T18:45:20.554+0000] {dag.py:4180} INFO - Setting next_dagrun for example_sensor_decorator to None, run_after=None
[2025-10-06T18:45:20.577+0000] {processor.py:208} INFO - Processing /home/airflow/.local/lib/python3.12/site-packages/airflow/example_dags/example_sensor_decorator.py took 0.086 seconds
[2025-10-06T18:45:54.563+0000] {processor.py:186} INFO - Started process (PID=3001) to work on /home/airflow/.local/lib/python3.12/site-packages/airflow/example_dags/example_sensor_decorator.py
[2025-10-06T18:45:54.565+0000] {processor.py:914} INFO - Processing file /home/airflow/.local/lib/python3.12/site-packages/airflow/example_dags/example_sensor_decorator.py for tasks to queue
[2025-10-06T18:45:54.568+0000] {logging_mixin.py:190} INFO - [2025-10-06T18:45:54.568+0000] {dagbag.py:588} INFO - Filling up the DagBag from /home/airflow/.local/lib/python3.12/site-packages/airflow/example_dags/example_sensor_decorator.py
[2025-10-06T18:45:54.581+0000] {processor.py:925} INFO - DAG(s) 'example_sensor_decorator' retrieved from /home/airflow/.local/lib/python3.12/site-packages/airflow/example_dags/example_sensor_decorator.py
[2025-10-06T18:45:54.610+0000] {logging_mixin.py:190} INFO - [2025-10-06T18:45:54.610+0000] {dag.py:3239} INFO - Sync 1 DAGs
[2025-10-06T18:45:54.631+0000] {logging_mixin.py:190} INFO - [2025-10-06T18:45:54.631+0000] {dag.py:4180} INFO - Setting next_dagrun for example_sensor_decorator to None, run_after=None
[2025-10-06T18:45:54.667+0000] {processor.py:208} INFO - Processing /home/airflow/.local/lib/python3.12/site-packages/airflow/example_dags/example_sensor_decorator.py took 0.114 seconds
[2025-10-06T18:46:29.045+0000] {processor.py:186} INFO - Started process (PID=3065) to work on /home/airflow/.local/lib/python3.12/site-packages/airflow/example_dags/example_sensor_decorator.py
[2025-10-06T18:46:29.046+0000] {processor.py:914} INFO - Processing file /home/airflow/.local/lib/python3.12/site-packages/airflow/example_dags/example_sensor_decorator.py for tasks to queue
[2025-10-06T18:46:29.050+0000] {logging_mixin.py:190} INFO - [2025-10-06T18:46:29.049+0000] {dagbag.py:588} INFO - Filling up the DagBag from /home/airflow/.local/lib/python3.12/site-packages/airflow/example_dags/example_sensor_decorator.py
[2025-10-06T18:46:29.062+0000] {processor.py:925} INFO - DAG(s) 'example_sensor_decorator' retrieved from /home/airflow/.local/lib/python3.12/site-packages/airflow/example_dags/example_sensor_decorator.py
[2025-10-06T18:46:29.092+0000] {logging_mixin.py:190} INFO - [2025-10-06T18:46:29.092+0000] {dag.py:3239} INFO - Sync 1 DAGs
[2025-10-06T18:46:29.112+0000] {logging_mixin.py:190} INFO - [2025-10-06T18:46:29.112+0000] {dag.py:4180} INFO - Setting next_dagrun for example_sensor_decorator to None, run_after=None
[2025-10-06T18:46:29.135+0000] {processor.py:208} INFO - Processing /home/airflow/.local/lib/python3.12/site-packages/airflow/example_dags/example_sensor_decorator.py took 0.099 seconds
[2025-10-06T18:47:00.873+0000] {processor.py:186} INFO - Started process (PID=3128) to work on /home/airflow/.local/lib/python3.12/site-packages/airflow/example_dags/example_sensor_decorator.py
[2025-10-06T18:47:00.875+0000] {processor.py:914} INFO - Processing file /home/airflow/.local/lib/python3.12/site-packages/airflow/example_dags/example_sensor_decorator.py for tasks to queue
[2025-10-06T18:47:00.880+0000] {logging_mixin.py:190} INFO - [2025-10-06T18:47:00.879+0000] {dagbag.py:588} INFO - Filling up the DagBag from /home/airflow/.local/lib/python3.12/site-packages/airflow/example_dags/example_sensor_decorator.py
[2025-10-06T18:47:00.893+0000] {processor.py:925} INFO - DAG(s) 'example_sensor_decorator' retrieved from /home/airflow/.local/lib/python3.12/site-packages/airflow/example_dags/example_sensor_decorator.py
[2025-10-06T18:47:00.927+0000] {logging_mixin.py:190} INFO - [2025-10-06T18:47:00.926+0000] {dag.py:3239} INFO - Sync 1 DAGs
[2025-10-06T18:47:01.204+0000] {logging_mixin.py:190} INFO - [2025-10-06T18:47:01.203+0000] {dag.py:4180} INFO - Setting next_dagrun for example_sensor_decorator to None, run_after=None
[2025-10-06T18:47:01.248+0000] {processor.py:208} INFO - Processing /home/airflow/.local/lib/python3.12/site-packages/airflow/example_dags/example_sensor_decorator.py took 0.385 seconds
[2025-10-06T18:47:32.479+0000] {processor.py:186} INFO - Started process (PID=3191) to work on /home/airflow/.local/lib/python3.12/site-packages/airflow/example_dags/example_sensor_decorator.py
[2025-10-06T18:47:32.481+0000] {processor.py:914} INFO - Processing file /home/airflow/.local/lib/python3.12/site-packages/airflow/example_dags/example_sensor_decorator.py for tasks to queue
[2025-10-06T18:47:32.486+0000] {logging_mixin.py:190} INFO - [2025-10-06T18:47:32.485+0000] {dagbag.py:588} INFO - Filling up the DagBag from /home/airflow/.local/lib/python3.12/site-packages/airflow/example_dags/example_sensor_decorator.py
[2025-10-06T18:47:32.497+0000] {processor.py:925} INFO - DAG(s) 'example_sensor_decorator' retrieved from /home/airflow/.local/lib/python3.12/site-packages/airflow/example_dags/example_sensor_decorator.py
[2025-10-06T18:47:32.522+0000] {logging_mixin.py:190} INFO - [2025-10-06T18:47:32.522+0000] {dag.py:3239} INFO - Sync 1 DAGs
[2025-10-06T18:47:32.538+0000] {logging_mixin.py:190} INFO - [2025-10-06T18:47:32.538+0000] {dag.py:4180} INFO - Setting next_dagrun for example_sensor_decorator to None, run_after=None
[2025-10-06T18:47:32.803+0000] {processor.py:208} INFO - Processing /home/airflow/.local/lib/python3.12/site-packages/airflow/example_dags/example_sensor_decorator.py took 0.333 seconds
[2025-10-06T18:48:03.778+0000] {processor.py:186} INFO - Started process (PID=3254) to work on /home/airflow/.local/lib/python3.12/site-packages/airflow/example_dags/example_sensor_decorator.py
[2025-10-06T18:48:03.781+0000] {processor.py:914} INFO - Processing file /home/airflow/.local/lib/python3.12/site-packages/airflow/example_dags/example_sensor_decorator.py for tasks to queue
[2025-10-06T18:48:03.791+0000] {logging_mixin.py:190} INFO - [2025-10-06T18:48:03.788+0000] {dagbag.py:588} INFO - Filling up the DagBag from /home/airflow/.local/lib/python3.12/site-packages/airflow/example_dags/example_sensor_decorator.py
[2025-10-06T18:48:03.817+0000] {processor.py:925} INFO - DAG(s) 'example_sensor_decorator' retrieved from /home/airflow/.local/lib/python3.12/site-packages/airflow/example_dags/example_sensor_decorator.py
[2025-10-06T18:48:03.877+0000] {logging_mixin.py:190} INFO - [2025-10-06T18:48:03.877+0000] {dag.py:3239} INFO - Sync 1 DAGs
[2025-10-06T18:48:03.917+0000] {logging_mixin.py:190} INFO - [2025-10-06T18:48:03.916+0000] {dag.py:4180} INFO - Setting next_dagrun for example_sensor_decorator to None, run_after=None
[2025-10-06T18:48:03.977+0000] {processor.py:208} INFO - Processing /home/airflow/.local/lib/python3.12/site-packages/airflow/example_dags/example_sensor_decorator.py took 0.220 seconds
[2025-10-06T18:57:13.103+0000] {processor.py:186} INFO - Started process (PID=3325) to work on /home/airflow/.local/lib/python3.12/site-packages/airflow/example_dags/example_sensor_decorator.py
[2025-10-06T18:57:13.109+0000] {processor.py:914} INFO - Processing file /home/airflow/.local/lib/python3.12/site-packages/airflow/example_dags/example_sensor_decorator.py for tasks to queue
[2025-10-06T18:57:13.112+0000] {logging_mixin.py:190} INFO - [2025-10-06T18:57:13.111+0000] {dagbag.py:588} INFO - Filling up the DagBag from /home/airflow/.local/lib/python3.12/site-packages/airflow/example_dags/example_sensor_decorator.py
[2025-10-06T18:57:13.124+0000] {processor.py:925} INFO - DAG(s) 'example_sensor_decorator' retrieved from /home/airflow/.local/lib/python3.12/site-packages/airflow/example_dags/example_sensor_decorator.py
[2025-10-06T18:57:13.151+0000] {logging_mixin.py:190} INFO - [2025-10-06T18:57:13.151+0000] {dag.py:3239} INFO - Sync 1 DAGs
[2025-10-06T18:57:13.174+0000] {logging_mixin.py:190} INFO - [2025-10-06T18:57:13.174+0000] {dag.py:4180} INFO - Setting next_dagrun for example_sensor_decorator to None, run_after=None
[2025-10-06T18:57:13.202+0000] {processor.py:208} INFO - Processing /home/airflow/.local/lib/python3.12/site-packages/airflow/example_dags/example_sensor_decorator.py took 0.108 seconds
[2025-10-06T18:57:43.858+0000] {processor.py:186} INFO - Started process (PID=3387) to work on /home/airflow/.local/lib/python3.12/site-packages/airflow/example_dags/example_sensor_decorator.py
[2025-10-06T18:57:43.860+0000] {processor.py:914} INFO - Processing file /home/airflow/.local/lib/python3.12/site-packages/airflow/example_dags/example_sensor_decorator.py for tasks to queue
[2025-10-06T18:57:43.861+0000] {logging_mixin.py:190} INFO - [2025-10-06T18:57:43.861+0000] {dagbag.py:588} INFO - Filling up the DagBag from /home/airflow/.local/lib/python3.12/site-packages/airflow/example_dags/example_sensor_decorator.py
[2025-10-06T18:57:43.871+0000] {processor.py:925} INFO - DAG(s) 'example_sensor_decorator' retrieved from /home/airflow/.local/lib/python3.12/site-packages/airflow/example_dags/example_sensor_decorator.py
[2025-10-06T18:57:43.891+0000] {logging_mixin.py:190} INFO - [2025-10-06T18:57:43.891+0000] {dag.py:3239} INFO - Sync 1 DAGs
[2025-10-06T18:57:43.906+0000] {logging_mixin.py:190} INFO - [2025-10-06T18:57:43.906+0000] {dag.py:4180} INFO - Setting next_dagrun for example_sensor_decorator to None, run_after=None
[2025-10-06T18:57:43.929+0000] {processor.py:208} INFO - Processing /home/airflow/.local/lib/python3.12/site-packages/airflow/example_dags/example_sensor_decorator.py took 0.078 seconds
[2025-10-06T18:58:14.345+0000] {processor.py:186} INFO - Started process (PID=3444) to work on /home/airflow/.local/lib/python3.12/site-packages/airflow/example_dags/example_sensor_decorator.py
[2025-10-06T18:58:14.347+0000] {processor.py:914} INFO - Processing file /home/airflow/.local/lib/python3.12/site-packages/airflow/example_dags/example_sensor_decorator.py for tasks to queue
[2025-10-06T18:58:14.348+0000] {logging_mixin.py:190} INFO - [2025-10-06T18:58:14.348+0000] {dagbag.py:588} INFO - Filling up the DagBag from /home/airflow/.local/lib/python3.12/site-packages/airflow/example_dags/example_sensor_decorator.py
[2025-10-06T18:58:14.361+0000] {processor.py:925} INFO - DAG(s) 'example_sensor_decorator' retrieved from /home/airflow/.local/lib/python3.12/site-packages/airflow/example_dags/example_sensor_decorator.py
[2025-10-06T18:58:14.384+0000] {logging_mixin.py:190} INFO - [2025-10-06T18:58:14.384+0000] {dag.py:3239} INFO - Sync 1 DAGs
[2025-10-06T18:58:14.401+0000] {logging_mixin.py:190} INFO - [2025-10-06T18:58:14.401+0000] {dag.py:4180} INFO - Setting next_dagrun for example_sensor_decorator to None, run_after=None
[2025-10-06T18:58:14.424+0000] {processor.py:208} INFO - Processing /home/airflow/.local/lib/python3.12/site-packages/airflow/example_dags/example_sensor_decorator.py took 0.085 seconds
[2025-10-06T18:58:45.257+0000] {processor.py:186} INFO - Started process (PID=3508) to work on /home/airflow/.local/lib/python3.12/site-packages/airflow/example_dags/example_sensor_decorator.py
[2025-10-06T18:58:45.259+0000] {processor.py:914} INFO - Processing file /home/airflow/.local/lib/python3.12/site-packages/airflow/example_dags/example_sensor_decorator.py for tasks to queue
[2025-10-06T18:58:45.260+0000] {logging_mixin.py:190} INFO - [2025-10-06T18:58:45.260+0000] {dagbag.py:588} INFO - Filling up the DagBag from /home/airflow/.local/lib/python3.12/site-packages/airflow/example_dags/example_sensor_decorator.py
[2025-10-06T18:58:45.270+0000] {processor.py:925} INFO - DAG(s) 'example_sensor_decorator' retrieved from /home/airflow/.local/lib/python3.12/site-packages/airflow/example_dags/example_sensor_decorator.py
[2025-10-06T18:58:45.291+0000] {logging_mixin.py:190} INFO - [2025-10-06T18:58:45.291+0000] {dag.py:3239} INFO - Sync 1 DAGs
[2025-10-06T18:58:45.312+0000] {logging_mixin.py:190} INFO - [2025-10-06T18:58:45.311+0000] {dag.py:4180} INFO - Setting next_dagrun for example_sensor_decorator to None, run_after=None
[2025-10-06T18:58:45.349+0000] {processor.py:208} INFO - Processing /home/airflow/.local/lib/python3.12/site-packages/airflow/example_dags/example_sensor_decorator.py took 0.098 seconds
[2025-10-06T18:59:15.791+0000] {processor.py:186} INFO - Started process (PID=3571) to work on /home/airflow/.local/lib/python3.12/site-packages/airflow/example_dags/example_sensor_decorator.py
[2025-10-06T18:59:15.792+0000] {processor.py:914} INFO - Processing file /home/airflow/.local/lib/python3.12/site-packages/airflow/example_dags/example_sensor_decorator.py for tasks to queue
[2025-10-06T18:59:15.794+0000] {logging_mixin.py:190} INFO - [2025-10-06T18:59:15.793+0000] {dagbag.py:588} INFO - Filling up the DagBag from /home/airflow/.local/lib/python3.12/site-packages/airflow/example_dags/example_sensor_decorator.py
[2025-10-06T18:59:15.803+0000] {processor.py:925} INFO - DAG(s) 'example_sensor_decorator' retrieved from /home/airflow/.local/lib/python3.12/site-packages/airflow/example_dags/example_sensor_decorator.py
[2025-10-06T18:59:15.827+0000] {logging_mixin.py:190} INFO - [2025-10-06T18:59:15.826+0000] {dag.py:3239} INFO - Sync 1 DAGs
[2025-10-06T18:59:15.843+0000] {logging_mixin.py:190} INFO - [2025-10-06T18:59:15.843+0000] {dag.py:4180} INFO - Setting next_dagrun for example_sensor_decorator to None, run_after=None
[2025-10-06T18:59:15.870+0000] {processor.py:208} INFO - Processing /home/airflow/.local/lib/python3.12/site-packages/airflow/example_dags/example_sensor_decorator.py took 0.085 seconds
[2025-10-06T18:59:47.041+0000] {processor.py:186} INFO - Started process (PID=3634) to work on /home/airflow/.local/lib/python3.12/site-packages/airflow/example_dags/example_sensor_decorator.py
[2025-10-06T18:59:47.042+0000] {processor.py:914} INFO - Processing file /home/airflow/.local/lib/python3.12/site-packages/airflow/example_dags/example_sensor_decorator.py for tasks to queue
[2025-10-06T18:59:47.044+0000] {logging_mixin.py:190} INFO - [2025-10-06T18:59:47.044+0000] {dagbag.py:588} INFO - Filling up the DagBag from /home/airflow/.local/lib/python3.12/site-packages/airflow/example_dags/example_sensor_decorator.py
[2025-10-06T18:59:47.057+0000] {processor.py:925} INFO - DAG(s) 'example_sensor_decorator' retrieved from /home/airflow/.local/lib/python3.12/site-packages/airflow/example_dags/example_sensor_decorator.py
[2025-10-06T18:59:47.085+0000] {logging_mixin.py:190} INFO - [2025-10-06T18:59:47.085+0000] {dag.py:3239} INFO - Sync 1 DAGs
[2025-10-06T18:59:47.109+0000] {logging_mixin.py:190} INFO - [2025-10-06T18:59:47.109+0000] {dag.py:4180} INFO - Setting next_dagrun for example_sensor_decorator to None, run_after=None
[2025-10-06T18:59:47.144+0000] {processor.py:208} INFO - Processing /home/airflow/.local/lib/python3.12/site-packages/airflow/example_dags/example_sensor_decorator.py took 0.114 seconds
[2025-10-06T19:00:18.294+0000] {processor.py:186} INFO - Started process (PID=3697) to work on /home/airflow/.local/lib/python3.12/site-packages/airflow/example_dags/example_sensor_decorator.py
[2025-10-06T19:00:18.295+0000] {processor.py:914} INFO - Processing file /home/airflow/.local/lib/python3.12/site-packages/airflow/example_dags/example_sensor_decorator.py for tasks to queue
[2025-10-06T19:00:18.298+0000] {logging_mixin.py:190} INFO - [2025-10-06T19:00:18.297+0000] {dagbag.py:588} INFO - Filling up the DagBag from /home/airflow/.local/lib/python3.12/site-packages/airflow/example_dags/example_sensor_decorator.py
[2025-10-06T19:00:18.323+0000] {processor.py:925} INFO - DAG(s) 'example_sensor_decorator' retrieved from /home/airflow/.local/lib/python3.12/site-packages/airflow/example_dags/example_sensor_decorator.py
[2025-10-06T19:00:18.369+0000] {logging_mixin.py:190} INFO - [2025-10-06T19:00:18.369+0000] {dag.py:3239} INFO - Sync 1 DAGs
[2025-10-06T19:00:18.400+0000] {logging_mixin.py:190} INFO - [2025-10-06T19:00:18.399+0000] {dag.py:4180} INFO - Setting next_dagrun for example_sensor_decorator to None, run_after=None
[2025-10-06T19:00:18.443+0000] {processor.py:208} INFO - Processing /home/airflow/.local/lib/python3.12/site-packages/airflow/example_dags/example_sensor_decorator.py took 0.161 seconds
[2025-10-06T19:00:48.577+0000] {processor.py:186} INFO - Started process (PID=3759) to work on /home/airflow/.local/lib/python3.12/site-packages/airflow/example_dags/example_sensor_decorator.py
[2025-10-06T19:00:48.578+0000] {processor.py:914} INFO - Processing file /home/airflow/.local/lib/python3.12/site-packages/airflow/example_dags/example_sensor_decorator.py for tasks to queue
[2025-10-06T19:00:48.581+0000] {logging_mixin.py:190} INFO - [2025-10-06T19:00:48.579+0000] {dagbag.py:588} INFO - Filling up the DagBag from /home/airflow/.local/lib/python3.12/site-packages/airflow/example_dags/example_sensor_decorator.py
[2025-10-06T19:00:48.592+0000] {processor.py:925} INFO - DAG(s) 'example_sensor_decorator' retrieved from /home/airflow/.local/lib/python3.12/site-packages/airflow/example_dags/example_sensor_decorator.py
[2025-10-06T19:00:48.623+0000] {logging_mixin.py:190} INFO - [2025-10-06T19:00:48.623+0000] {dag.py:3239} INFO - Sync 1 DAGs
[2025-10-06T19:00:48.648+0000] {logging_mixin.py:190} INFO - [2025-10-06T19:00:48.648+0000] {dag.py:4180} INFO - Setting next_dagrun for example_sensor_decorator to None, run_after=None
[2025-10-06T19:00:48.680+0000] {processor.py:208} INFO - Processing /home/airflow/.local/lib/python3.12/site-packages/airflow/example_dags/example_sensor_decorator.py took 0.110 seconds
[2025-10-06T19:01:18.915+0000] {processor.py:186} INFO - Started process (PID=3822) to work on /home/airflow/.local/lib/python3.12/site-packages/airflow/example_dags/example_sensor_decorator.py
[2025-10-06T19:01:18.916+0000] {processor.py:914} INFO - Processing file /home/airflow/.local/lib/python3.12/site-packages/airflow/example_dags/example_sensor_decorator.py for tasks to queue
[2025-10-06T19:01:18.918+0000] {logging_mixin.py:190} INFO - [2025-10-06T19:01:18.918+0000] {dagbag.py:588} INFO - Filling up the DagBag from /home/airflow/.local/lib/python3.12/site-packages/airflow/example_dags/example_sensor_decorator.py
[2025-10-06T19:01:18.929+0000] {processor.py:925} INFO - DAG(s) 'example_sensor_decorator' retrieved from /home/airflow/.local/lib/python3.12/site-packages/airflow/example_dags/example_sensor_decorator.py
[2025-10-06T19:01:18.954+0000] {logging_mixin.py:190} INFO - [2025-10-06T19:01:18.953+0000] {dag.py:3239} INFO - Sync 1 DAGs
[2025-10-06T19:01:18.971+0000] {logging_mixin.py:190} INFO - [2025-10-06T19:01:18.971+0000] {dag.py:4180} INFO - Setting next_dagrun for example_sensor_decorator to None, run_after=None
[2025-10-06T19:01:19.003+0000] {processor.py:208} INFO - Processing /home/airflow/.local/lib/python3.12/site-packages/airflow/example_dags/example_sensor_decorator.py took 0.095 seconds
[2025-10-06T19:01:49.750+0000] {processor.py:186} INFO - Started process (PID=3885) to work on /home/airflow/.local/lib/python3.12/site-packages/airflow/example_dags/example_sensor_decorator.py
[2025-10-06T19:01:49.751+0000] {processor.py:914} INFO - Processing file /home/airflow/.local/lib/python3.12/site-packages/airflow/example_dags/example_sensor_decorator.py for tasks to queue
[2025-10-06T19:01:49.754+0000] {logging_mixin.py:190} INFO - [2025-10-06T19:01:49.754+0000] {dagbag.py:588} INFO - Filling up the DagBag from /home/airflow/.local/lib/python3.12/site-packages/airflow/example_dags/example_sensor_decorator.py
[2025-10-06T19:01:49.767+0000] {processor.py:925} INFO - DAG(s) 'example_sensor_decorator' retrieved from /home/airflow/.local/lib/python3.12/site-packages/airflow/example_dags/example_sensor_decorator.py
[2025-10-06T19:01:49.794+0000] {logging_mixin.py:190} INFO - [2025-10-06T19:01:49.794+0000] {dag.py:3239} INFO - Sync 1 DAGs
[2025-10-06T19:01:49.813+0000] {logging_mixin.py:190} INFO - [2025-10-06T19:01:49.812+0000] {dag.py:4180} INFO - Setting next_dagrun for example_sensor_decorator to None, run_after=None
[2025-10-06T19:01:49.844+0000] {processor.py:208} INFO - Processing /home/airflow/.local/lib/python3.12/site-packages/airflow/example_dags/example_sensor_decorator.py took 0.107 seconds
[2025-10-06T19:02:20.550+0000] {processor.py:186} INFO - Started process (PID=3949) to work on /home/airflow/.local/lib/python3.12/site-packages/airflow/example_dags/example_sensor_decorator.py
[2025-10-06T19:02:20.551+0000] {processor.py:914} INFO - Processing file /home/airflow/.local/lib/python3.12/site-packages/airflow/example_dags/example_sensor_decorator.py for tasks to queue
[2025-10-06T19:02:20.553+0000] {logging_mixin.py:190} INFO - [2025-10-06T19:02:20.552+0000] {dagbag.py:588} INFO - Filling up the DagBag from /home/airflow/.local/lib/python3.12/site-packages/airflow/example_dags/example_sensor_decorator.py
[2025-10-06T19:02:20.562+0000] {processor.py:925} INFO - DAG(s) 'example_sensor_decorator' retrieved from /home/airflow/.local/lib/python3.12/site-packages/airflow/example_dags/example_sensor_decorator.py
[2025-10-06T19:02:20.585+0000] {logging_mixin.py:190} INFO - [2025-10-06T19:02:20.585+0000] {dag.py:3239} INFO - Sync 1 DAGs
[2025-10-06T19:02:20.602+0000] {logging_mixin.py:190} INFO - [2025-10-06T19:02:20.602+0000] {dag.py:4180} INFO - Setting next_dagrun for example_sensor_decorator to None, run_after=None
[2025-10-06T19:02:20.629+0000] {processor.py:208} INFO - Processing /home/airflow/.local/lib/python3.12/site-packages/airflow/example_dags/example_sensor_decorator.py took 0.087 seconds
[2025-10-06T19:02:51.977+0000] {processor.py:186} INFO - Started process (PID=4012) to work on /home/airflow/.local/lib/python3.12/site-packages/airflow/example_dags/example_sensor_decorator.py
[2025-10-06T19:02:51.979+0000] {processor.py:914} INFO - Processing file /home/airflow/.local/lib/python3.12/site-packages/airflow/example_dags/example_sensor_decorator.py for tasks to queue
[2025-10-06T19:02:51.981+0000] {logging_mixin.py:190} INFO - [2025-10-06T19:02:51.981+0000] {dagbag.py:588} INFO - Filling up the DagBag from /home/airflow/.local/lib/python3.12/site-packages/airflow/example_dags/example_sensor_decorator.py
[2025-10-06T19:02:51.998+0000] {processor.py:925} INFO - DAG(s) 'example_sensor_decorator' retrieved from /home/airflow/.local/lib/python3.12/site-packages/airflow/example_dags/example_sensor_decorator.py
[2025-10-06T19:02:52.034+0000] {logging_mixin.py:190} INFO - [2025-10-06T19:02:52.034+0000] {dag.py:3239} INFO - Sync 1 DAGs
[2025-10-06T19:02:52.055+0000] {logging_mixin.py:190} INFO - [2025-10-06T19:02:52.054+0000] {dag.py:4180} INFO - Setting next_dagrun for example_sensor_decorator to None, run_after=None
[2025-10-06T19:02:52.087+0000] {processor.py:208} INFO - Processing /home/airflow/.local/lib/python3.12/site-packages/airflow/example_dags/example_sensor_decorator.py took 0.122 seconds
[2025-10-06T19:03:23.673+0000] {processor.py:186} INFO - Started process (PID=4076) to work on /home/airflow/.local/lib/python3.12/site-packages/airflow/example_dags/example_sensor_decorator.py
[2025-10-06T19:03:23.675+0000] {processor.py:914} INFO - Processing file /home/airflow/.local/lib/python3.12/site-packages/airflow/example_dags/example_sensor_decorator.py for tasks to queue
[2025-10-06T19:03:23.677+0000] {logging_mixin.py:190} INFO - [2025-10-06T19:03:23.676+0000] {dagbag.py:588} INFO - Filling up the DagBag from /home/airflow/.local/lib/python3.12/site-packages/airflow/example_dags/example_sensor_decorator.py
[2025-10-06T19:03:23.686+0000] {processor.py:925} INFO - DAG(s) 'example_sensor_decorator' retrieved from /home/airflow/.local/lib/python3.12/site-packages/airflow/example_dags/example_sensor_decorator.py
[2025-10-06T19:03:23.709+0000] {logging_mixin.py:190} INFO - [2025-10-06T19:03:23.708+0000] {dag.py:3239} INFO - Sync 1 DAGs
[2025-10-06T19:03:23.725+0000] {logging_mixin.py:190} INFO - [2025-10-06T19:03:23.725+0000] {dag.py:4180} INFO - Setting next_dagrun for example_sensor_decorator to None, run_after=None
[2025-10-06T19:03:23.753+0000] {processor.py:208} INFO - Processing /home/airflow/.local/lib/python3.12/site-packages/airflow/example_dags/example_sensor_decorator.py took 0.087 seconds
[2025-10-06T19:03:55.509+0000] {processor.py:186} INFO - Started process (PID=4139) to work on /home/airflow/.local/lib/python3.12/site-packages/airflow/example_dags/example_sensor_decorator.py
[2025-10-06T19:03:55.510+0000] {processor.py:914} INFO - Processing file /home/airflow/.local/lib/python3.12/site-packages/airflow/example_dags/example_sensor_decorator.py for tasks to queue
[2025-10-06T19:03:55.512+0000] {logging_mixin.py:190} INFO - [2025-10-06T19:03:55.511+0000] {dagbag.py:588} INFO - Filling up the DagBag from /home/airflow/.local/lib/python3.12/site-packages/airflow/example_dags/example_sensor_decorator.py
[2025-10-06T19:03:55.523+0000] {processor.py:925} INFO - DAG(s) 'example_sensor_decorator' retrieved from /home/airflow/.local/lib/python3.12/site-packages/airflow/example_dags/example_sensor_decorator.py
[2025-10-06T19:03:55.549+0000] {logging_mixin.py:190} INFO - [2025-10-06T19:03:55.549+0000] {dag.py:3239} INFO - Sync 1 DAGs
[2025-10-06T19:03:55.570+0000] {logging_mixin.py:190} INFO - [2025-10-06T19:03:55.569+0000] {dag.py:4180} INFO - Setting next_dagrun for example_sensor_decorator to None, run_after=None
[2025-10-06T19:03:55.594+0000] {processor.py:208} INFO - Processing /home/airflow/.local/lib/python3.12/site-packages/airflow/example_dags/example_sensor_decorator.py took 0.092 seconds
[2025-10-06T19:04:29.380+0000] {processor.py:186} INFO - Started process (PID=4215) to work on /home/airflow/.local/lib/python3.12/site-packages/airflow/example_dags/example_sensor_decorator.py
[2025-10-06T19:04:29.381+0000] {processor.py:914} INFO - Processing file /home/airflow/.local/lib/python3.12/site-packages/airflow/example_dags/example_sensor_decorator.py for tasks to queue
[2025-10-06T19:04:29.383+0000] {logging_mixin.py:190} INFO - [2025-10-06T19:04:29.382+0000] {dagbag.py:588} INFO - Filling up the DagBag from /home/airflow/.local/lib/python3.12/site-packages/airflow/example_dags/example_sensor_decorator.py
[2025-10-06T19:04:29.394+0000] {processor.py:925} INFO - DAG(s) 'example_sensor_decorator' retrieved from /home/airflow/.local/lib/python3.12/site-packages/airflow/example_dags/example_sensor_decorator.py
[2025-10-06T19:04:29.419+0000] {logging_mixin.py:190} INFO - [2025-10-06T19:04:29.419+0000] {dag.py:3239} INFO - Sync 1 DAGs
[2025-10-06T19:04:29.437+0000] {logging_mixin.py:190} INFO - [2025-10-06T19:04:29.437+0000] {dag.py:4180} INFO - Setting next_dagrun for example_sensor_decorator to None, run_after=None
[2025-10-06T19:04:29.459+0000] {processor.py:208} INFO - Processing /home/airflow/.local/lib/python3.12/site-packages/airflow/example_dags/example_sensor_decorator.py took 0.086 seconds
[2025-10-06T19:05:00.633+0000] {processor.py:186} INFO - Started process (PID=4278) to work on /home/airflow/.local/lib/python3.12/site-packages/airflow/example_dags/example_sensor_decorator.py
[2025-10-06T19:05:00.635+0000] {processor.py:914} INFO - Processing file /home/airflow/.local/lib/python3.12/site-packages/airflow/example_dags/example_sensor_decorator.py for tasks to queue
[2025-10-06T19:05:00.638+0000] {logging_mixin.py:190} INFO - [2025-10-06T19:05:00.637+0000] {dagbag.py:588} INFO - Filling up the DagBag from /home/airflow/.local/lib/python3.12/site-packages/airflow/example_dags/example_sensor_decorator.py
[2025-10-06T19:05:00.654+0000] {processor.py:925} INFO - DAG(s) 'example_sensor_decorator' retrieved from /home/airflow/.local/lib/python3.12/site-packages/airflow/example_dags/example_sensor_decorator.py
[2025-10-06T19:05:00.688+0000] {logging_mixin.py:190} INFO - [2025-10-06T19:05:00.688+0000] {dag.py:3239} INFO - Sync 1 DAGs
[2025-10-06T19:05:00.710+0000] {logging_mixin.py:190} INFO - [2025-10-06T19:05:00.710+0000] {dag.py:4180} INFO - Setting next_dagrun for example_sensor_decorator to None, run_after=None
[2025-10-06T19:05:00.739+0000] {processor.py:208} INFO - Processing /home/airflow/.local/lib/python3.12/site-packages/airflow/example_dags/example_sensor_decorator.py took 0.119 seconds
[2025-10-06T19:05:32.411+0000] {processor.py:186} INFO - Started process (PID=4341) to work on /home/airflow/.local/lib/python3.12/site-packages/airflow/example_dags/example_sensor_decorator.py
[2025-10-06T19:05:32.412+0000] {processor.py:914} INFO - Processing file /home/airflow/.local/lib/python3.12/site-packages/airflow/example_dags/example_sensor_decorator.py for tasks to queue
[2025-10-06T19:05:32.413+0000] {logging_mixin.py:190} INFO - [2025-10-06T19:05:32.413+0000] {dagbag.py:588} INFO - Filling up the DagBag from /home/airflow/.local/lib/python3.12/site-packages/airflow/example_dags/example_sensor_decorator.py
[2025-10-06T19:05:32.422+0000] {processor.py:925} INFO - DAG(s) 'example_sensor_decorator' retrieved from /home/airflow/.local/lib/python3.12/site-packages/airflow/example_dags/example_sensor_decorator.py
[2025-10-06T19:05:32.443+0000] {logging_mixin.py:190} INFO - [2025-10-06T19:05:32.443+0000] {dag.py:3239} INFO - Sync 1 DAGs
[2025-10-06T19:05:32.462+0000] {logging_mixin.py:190} INFO - [2025-10-06T19:05:32.462+0000] {dag.py:4180} INFO - Setting next_dagrun for example_sensor_decorator to None, run_after=None
[2025-10-06T19:05:32.492+0000] {processor.py:208} INFO - Processing /home/airflow/.local/lib/python3.12/site-packages/airflow/example_dags/example_sensor_decorator.py took 0.088 seconds
[2025-10-06T19:06:05.084+0000] {processor.py:186} INFO - Started process (PID=4403) to work on /home/airflow/.local/lib/python3.12/site-packages/airflow/example_dags/example_sensor_decorator.py
[2025-10-06T19:06:05.085+0000] {processor.py:914} INFO - Processing file /home/airflow/.local/lib/python3.12/site-packages/airflow/example_dags/example_sensor_decorator.py for tasks to queue
[2025-10-06T19:06:05.090+0000] {logging_mixin.py:190} INFO - [2025-10-06T19:06:05.089+0000] {dagbag.py:588} INFO - Filling up the DagBag from /home/airflow/.local/lib/python3.12/site-packages/airflow/example_dags/example_sensor_decorator.py
[2025-10-06T19:06:05.103+0000] {processor.py:925} INFO - DAG(s) 'example_sensor_decorator' retrieved from /home/airflow/.local/lib/python3.12/site-packages/airflow/example_dags/example_sensor_decorator.py
[2025-10-06T19:06:05.126+0000] {logging_mixin.py:190} INFO - [2025-10-06T19:06:05.125+0000] {dag.py:3239} INFO - Sync 1 DAGs
[2025-10-06T19:06:05.149+0000] {logging_mixin.py:190} INFO - [2025-10-06T19:06:05.149+0000] {dag.py:4180} INFO - Setting next_dagrun for example_sensor_decorator to None, run_after=None
[2025-10-06T19:06:05.188+0000] {processor.py:208} INFO - Processing /home/airflow/.local/lib/python3.12/site-packages/airflow/example_dags/example_sensor_decorator.py took 0.114 seconds
[2025-10-06T19:06:35.450+0000] {processor.py:186} INFO - Started process (PID=4466) to work on /home/airflow/.local/lib/python3.12/site-packages/airflow/example_dags/example_sensor_decorator.py
[2025-10-06T19:06:35.451+0000] {processor.py:914} INFO - Processing file /home/airflow/.local/lib/python3.12/site-packages/airflow/example_dags/example_sensor_decorator.py for tasks to queue
[2025-10-06T19:06:35.453+0000] {logging_mixin.py:190} INFO - [2025-10-06T19:06:35.452+0000] {dagbag.py:588} INFO - Filling up the DagBag from /home/airflow/.local/lib/python3.12/site-packages/airflow/example_dags/example_sensor_decorator.py
[2025-10-06T19:06:35.462+0000] {processor.py:925} INFO - DAG(s) 'example_sensor_decorator' retrieved from /home/airflow/.local/lib/python3.12/site-packages/airflow/example_dags/example_sensor_decorator.py
[2025-10-06T19:06:35.483+0000] {logging_mixin.py:190} INFO - [2025-10-06T19:06:35.483+0000] {dag.py:3239} INFO - Sync 1 DAGs
[2025-10-06T19:06:35.499+0000] {logging_mixin.py:190} INFO - [2025-10-06T19:06:35.499+0000] {dag.py:4180} INFO - Setting next_dagrun for example_sensor_decorator to None, run_after=None
[2025-10-06T19:06:35.571+0000] {processor.py:208} INFO - Processing /home/airflow/.local/lib/python3.12/site-packages/airflow/example_dags/example_sensor_decorator.py took 0.130 seconds
[2025-10-06T19:07:06.616+0000] {processor.py:186} INFO - Started process (PID=4529) to work on /home/airflow/.local/lib/python3.12/site-packages/airflow/example_dags/example_sensor_decorator.py
[2025-10-06T19:07:06.618+0000] {processor.py:914} INFO - Processing file /home/airflow/.local/lib/python3.12/site-packages/airflow/example_dags/example_sensor_decorator.py for tasks to queue
[2025-10-06T19:07:06.619+0000] {logging_mixin.py:190} INFO - [2025-10-06T19:07:06.619+0000] {dagbag.py:588} INFO - Filling up the DagBag from /home/airflow/.local/lib/python3.12/site-packages/airflow/example_dags/example_sensor_decorator.py
[2025-10-06T19:07:06.632+0000] {processor.py:925} INFO - DAG(s) 'example_sensor_decorator' retrieved from /home/airflow/.local/lib/python3.12/site-packages/airflow/example_dags/example_sensor_decorator.py
[2025-10-06T19:07:06.656+0000] {logging_mixin.py:190} INFO - [2025-10-06T19:07:06.655+0000] {dag.py:3239} INFO - Sync 1 DAGs
[2025-10-06T19:07:06.677+0000] {logging_mixin.py:190} INFO - [2025-10-06T19:07:06.677+0000] {dag.py:4180} INFO - Setting next_dagrun for example_sensor_decorator to None, run_after=None
[2025-10-06T19:07:06.704+0000] {processor.py:208} INFO - Processing /home/airflow/.local/lib/python3.12/site-packages/airflow/example_dags/example_sensor_decorator.py took 0.094 seconds
[2025-10-06T19:07:38.472+0000] {processor.py:186} INFO - Started process (PID=4592) to work on /home/airflow/.local/lib/python3.12/site-packages/airflow/example_dags/example_sensor_decorator.py
[2025-10-06T19:07:38.473+0000] {processor.py:914} INFO - Processing file /home/airflow/.local/lib/python3.12/site-packages/airflow/example_dags/example_sensor_decorator.py for tasks to queue
[2025-10-06T19:07:38.480+0000] {logging_mixin.py:190} INFO - [2025-10-06T19:07:38.480+0000] {dagbag.py:588} INFO - Filling up the DagBag from /home/airflow/.local/lib/python3.12/site-packages/airflow/example_dags/example_sensor_decorator.py
[2025-10-06T19:07:38.490+0000] {processor.py:925} INFO - DAG(s) 'example_sensor_decorator' retrieved from /home/airflow/.local/lib/python3.12/site-packages/airflow/example_dags/example_sensor_decorator.py
[2025-10-06T19:07:38.513+0000] {logging_mixin.py:190} INFO - [2025-10-06T19:07:38.513+0000] {dag.py:3239} INFO - Sync 1 DAGs
[2025-10-06T19:07:38.537+0000] {logging_mixin.py:190} INFO - [2025-10-06T19:07:38.536+0000] {dag.py:4180} INFO - Setting next_dagrun for example_sensor_decorator to None, run_after=None
[2025-10-06T19:07:38.567+0000] {processor.py:208} INFO - Processing /home/airflow/.local/lib/python3.12/site-packages/airflow/example_dags/example_sensor_decorator.py took 0.101 seconds
[2025-10-06T19:08:09.994+0000] {processor.py:186} INFO - Started process (PID=4656) to work on /home/airflow/.local/lib/python3.12/site-packages/airflow/example_dags/example_sensor_decorator.py
[2025-10-06T19:08:09.996+0000] {processor.py:914} INFO - Processing file /home/airflow/.local/lib/python3.12/site-packages/airflow/example_dags/example_sensor_decorator.py for tasks to queue
[2025-10-06T19:08:09.998+0000] {logging_mixin.py:190} INFO - [2025-10-06T19:08:09.997+0000] {dagbag.py:588} INFO - Filling up the DagBag from /home/airflow/.local/lib/python3.12/site-packages/airflow/example_dags/example_sensor_decorator.py
[2025-10-06T19:08:10.009+0000] {processor.py:925} INFO - DAG(s) 'example_sensor_decorator' retrieved from /home/airflow/.local/lib/python3.12/site-packages/airflow/example_dags/example_sensor_decorator.py
[2025-10-06T19:08:10.035+0000] {logging_mixin.py:190} INFO - [2025-10-06T19:08:10.035+0000] {dag.py:3239} INFO - Sync 1 DAGs
[2025-10-06T19:08:10.058+0000] {logging_mixin.py:190} INFO - [2025-10-06T19:08:10.057+0000] {dag.py:4180} INFO - Setting next_dagrun for example_sensor_decorator to None, run_after=None
[2025-10-06T19:08:10.086+0000] {processor.py:208} INFO - Processing /home/airflow/.local/lib/python3.12/site-packages/airflow/example_dags/example_sensor_decorator.py took 0.104 seconds
[2025-10-06T19:08:42.392+0000] {processor.py:186} INFO - Started process (PID=4720) to work on /home/airflow/.local/lib/python3.12/site-packages/airflow/example_dags/example_sensor_decorator.py
[2025-10-06T19:08:42.394+0000] {processor.py:914} INFO - Processing file /home/airflow/.local/lib/python3.12/site-packages/airflow/example_dags/example_sensor_decorator.py for tasks to queue
[2025-10-06T19:08:42.395+0000] {logging_mixin.py:190} INFO - [2025-10-06T19:08:42.395+0000] {dagbag.py:588} INFO - Filling up the DagBag from /home/airflow/.local/lib/python3.12/site-packages/airflow/example_dags/example_sensor_decorator.py
[2025-10-06T19:08:42.404+0000] {processor.py:925} INFO - DAG(s) 'example_sensor_decorator' retrieved from /home/airflow/.local/lib/python3.12/site-packages/airflow/example_dags/example_sensor_decorator.py
[2025-10-06T19:08:42.425+0000] {logging_mixin.py:190} INFO - [2025-10-06T19:08:42.425+0000] {dag.py:3239} INFO - Sync 1 DAGs
[2025-10-06T19:08:42.442+0000] {logging_mixin.py:190} INFO - [2025-10-06T19:08:42.442+0000] {dag.py:4180} INFO - Setting next_dagrun for example_sensor_decorator to None, run_after=None
[2025-10-06T19:08:42.463+0000] {processor.py:208} INFO - Processing /home/airflow/.local/lib/python3.12/site-packages/airflow/example_dags/example_sensor_decorator.py took 0.077 seconds
[2025-10-06T19:09:14.405+0000] {processor.py:186} INFO - Started process (PID=4783) to work on /home/airflow/.local/lib/python3.12/site-packages/airflow/example_dags/example_sensor_decorator.py
[2025-10-06T19:09:14.406+0000] {processor.py:914} INFO - Processing file /home/airflow/.local/lib/python3.12/site-packages/airflow/example_dags/example_sensor_decorator.py for tasks to queue
[2025-10-06T19:09:14.408+0000] {logging_mixin.py:190} INFO - [2025-10-06T19:09:14.408+0000] {dagbag.py:588} INFO - Filling up the DagBag from /home/airflow/.local/lib/python3.12/site-packages/airflow/example_dags/example_sensor_decorator.py
[2025-10-06T19:09:14.419+0000] {processor.py:925} INFO - DAG(s) 'example_sensor_decorator' retrieved from /home/airflow/.local/lib/python3.12/site-packages/airflow/example_dags/example_sensor_decorator.py
[2025-10-06T19:09:14.442+0000] {logging_mixin.py:190} INFO - [2025-10-06T19:09:14.442+0000] {dag.py:3239} INFO - Sync 1 DAGs
[2025-10-06T19:09:14.459+0000] {logging_mixin.py:190} INFO - [2025-10-06T19:09:14.459+0000] {dag.py:4180} INFO - Setting next_dagrun for example_sensor_decorator to None, run_after=None
[2025-10-06T19:09:14.487+0000] {processor.py:208} INFO - Processing /home/airflow/.local/lib/python3.12/site-packages/airflow/example_dags/example_sensor_decorator.py took 0.089 seconds
[2025-10-06T19:09:46.326+0000] {processor.py:186} INFO - Started process (PID=4846) to work on /home/airflow/.local/lib/python3.12/site-packages/airflow/example_dags/example_sensor_decorator.py
[2025-10-06T19:09:46.327+0000] {processor.py:914} INFO - Processing file /home/airflow/.local/lib/python3.12/site-packages/airflow/example_dags/example_sensor_decorator.py for tasks to queue
[2025-10-06T19:09:46.329+0000] {logging_mixin.py:190} INFO - [2025-10-06T19:09:46.328+0000] {dagbag.py:588} INFO - Filling up the DagBag from /home/airflow/.local/lib/python3.12/site-packages/airflow/example_dags/example_sensor_decorator.py
[2025-10-06T19:09:46.338+0000] {processor.py:925} INFO - DAG(s) 'example_sensor_decorator' retrieved from /home/airflow/.local/lib/python3.12/site-packages/airflow/example_dags/example_sensor_decorator.py
[2025-10-06T19:09:46.359+0000] {logging_mixin.py:190} INFO - [2025-10-06T19:09:46.359+0000] {dag.py:3239} INFO - Sync 1 DAGs
[2025-10-06T19:09:46.375+0000] {logging_mixin.py:190} INFO - [2025-10-06T19:09:46.375+0000] {dag.py:4180} INFO - Setting next_dagrun for example_sensor_decorator to None, run_after=None
[2025-10-06T19:09:46.402+0000] {processor.py:208} INFO - Processing /home/airflow/.local/lib/python3.12/site-packages/airflow/example_dags/example_sensor_decorator.py took 0.082 seconds
[2025-10-06T19:10:20.048+0000] {processor.py:186} INFO - Started process (PID=4909) to work on /home/airflow/.local/lib/python3.12/site-packages/airflow/example_dags/example_sensor_decorator.py
[2025-10-06T19:10:20.050+0000] {processor.py:914} INFO - Processing file /home/airflow/.local/lib/python3.12/site-packages/airflow/example_dags/example_sensor_decorator.py for tasks to queue
[2025-10-06T19:10:20.051+0000] {logging_mixin.py:190} INFO - [2025-10-06T19:10:20.051+0000] {dagbag.py:588} INFO - Filling up the DagBag from /home/airflow/.local/lib/python3.12/site-packages/airflow/example_dags/example_sensor_decorator.py
[2025-10-06T19:10:20.061+0000] {processor.py:925} INFO - DAG(s) 'example_sensor_decorator' retrieved from /home/airflow/.local/lib/python3.12/site-packages/airflow/example_dags/example_sensor_decorator.py
[2025-10-06T19:10:20.084+0000] {logging_mixin.py:190} INFO - [2025-10-06T19:10:20.084+0000] {dag.py:3239} INFO - Sync 1 DAGs
[2025-10-06T19:10:20.103+0000] {logging_mixin.py:190} INFO - [2025-10-06T19:10:20.103+0000] {dag.py:4180} INFO - Setting next_dagrun for example_sensor_decorator to None, run_after=None
[2025-10-06T19:10:20.135+0000] {processor.py:208} INFO - Processing /home/airflow/.local/lib/python3.12/site-packages/airflow/example_dags/example_sensor_decorator.py took 0.094 seconds
[2025-10-06T19:10:53.073+0000] {processor.py:186} INFO - Started process (PID=4979) to work on /home/airflow/.local/lib/python3.12/site-packages/airflow/example_dags/example_sensor_decorator.py
[2025-10-06T19:10:53.075+0000] {processor.py:914} INFO - Processing file /home/airflow/.local/lib/python3.12/site-packages/airflow/example_dags/example_sensor_decorator.py for tasks to queue
[2025-10-06T19:10:53.078+0000] {logging_mixin.py:190} INFO - [2025-10-06T19:10:53.077+0000] {dagbag.py:588} INFO - Filling up the DagBag from /home/airflow/.local/lib/python3.12/site-packages/airflow/example_dags/example_sensor_decorator.py
[2025-10-06T19:10:53.098+0000] {processor.py:925} INFO - DAG(s) 'example_sensor_decorator' retrieved from /home/airflow/.local/lib/python3.12/site-packages/airflow/example_dags/example_sensor_decorator.py
[2025-10-06T19:10:53.151+0000] {logging_mixin.py:190} INFO - [2025-10-06T19:10:53.151+0000] {dag.py:3239} INFO - Sync 1 DAGs
[2025-10-06T19:10:53.185+0000] {logging_mixin.py:190} INFO - [2025-10-06T19:10:53.185+0000] {dag.py:4180} INFO - Setting next_dagrun for example_sensor_decorator to None, run_after=None
[2025-10-06T19:10:53.221+0000] {processor.py:208} INFO - Processing /home/airflow/.local/lib/python3.12/site-packages/airflow/example_dags/example_sensor_decorator.py took 0.161 seconds
[2025-10-06T19:11:23.405+0000] {processor.py:186} INFO - Started process (PID=5035) to work on /home/airflow/.local/lib/python3.12/site-packages/airflow/example_dags/example_sensor_decorator.py
[2025-10-06T19:11:23.407+0000] {processor.py:914} INFO - Processing file /home/airflow/.local/lib/python3.12/site-packages/airflow/example_dags/example_sensor_decorator.py for tasks to queue
[2025-10-06T19:11:23.408+0000] {logging_mixin.py:190} INFO - [2025-10-06T19:11:23.408+0000] {dagbag.py:588} INFO - Filling up the DagBag from /home/airflow/.local/lib/python3.12/site-packages/airflow/example_dags/example_sensor_decorator.py
[2025-10-06T19:11:23.419+0000] {processor.py:925} INFO - DAG(s) 'example_sensor_decorator' retrieved from /home/airflow/.local/lib/python3.12/site-packages/airflow/example_dags/example_sensor_decorator.py
[2025-10-06T19:11:23.447+0000] {logging_mixin.py:190} INFO - [2025-10-06T19:11:23.446+0000] {dag.py:3239} INFO - Sync 1 DAGs
[2025-10-06T19:11:23.471+0000] {logging_mixin.py:190} INFO - [2025-10-06T19:11:23.471+0000] {dag.py:4180} INFO - Setting next_dagrun for example_sensor_decorator to None, run_after=None
[2025-10-06T19:11:23.499+0000] {processor.py:208} INFO - Processing /home/airflow/.local/lib/python3.12/site-packages/airflow/example_dags/example_sensor_decorator.py took 0.101 seconds
[2025-10-06T19:11:54.070+0000] {processor.py:186} INFO - Started process (PID=5099) to work on /home/airflow/.local/lib/python3.12/site-packages/airflow/example_dags/example_sensor_decorator.py
[2025-10-06T19:11:54.072+0000] {processor.py:914} INFO - Processing file /home/airflow/.local/lib/python3.12/site-packages/airflow/example_dags/example_sensor_decorator.py for tasks to queue
[2025-10-06T19:11:54.073+0000] {logging_mixin.py:190} INFO - [2025-10-06T19:11:54.073+0000] {dagbag.py:588} INFO - Filling up the DagBag from /home/airflow/.local/lib/python3.12/site-packages/airflow/example_dags/example_sensor_decorator.py
[2025-10-06T19:11:54.083+0000] {processor.py:925} INFO - DAG(s) 'example_sensor_decorator' retrieved from /home/airflow/.local/lib/python3.12/site-packages/airflow/example_dags/example_sensor_decorator.py
[2025-10-06T19:11:54.105+0000] {logging_mixin.py:190} INFO - [2025-10-06T19:11:54.105+0000] {dag.py:3239} INFO - Sync 1 DAGs
[2025-10-06T19:11:54.121+0000] {logging_mixin.py:190} INFO - [2025-10-06T19:11:54.121+0000] {dag.py:4180} INFO - Setting next_dagrun for example_sensor_decorator to None, run_after=None
[2025-10-06T19:11:54.142+0000] {processor.py:208} INFO - Processing /home/airflow/.local/lib/python3.12/site-packages/airflow/example_dags/example_sensor_decorator.py took 0.078 seconds
[2025-10-06T19:12:24.618+0000] {processor.py:186} INFO - Started process (PID=5162) to work on /home/airflow/.local/lib/python3.12/site-packages/airflow/example_dags/example_sensor_decorator.py
[2025-10-06T19:12:24.620+0000] {processor.py:914} INFO - Processing file /home/airflow/.local/lib/python3.12/site-packages/airflow/example_dags/example_sensor_decorator.py for tasks to queue
[2025-10-06T19:12:24.621+0000] {logging_mixin.py:190} INFO - [2025-10-06T19:12:24.621+0000] {dagbag.py:588} INFO - Filling up the DagBag from /home/airflow/.local/lib/python3.12/site-packages/airflow/example_dags/example_sensor_decorator.py
[2025-10-06T19:12:24.631+0000] {processor.py:925} INFO - DAG(s) 'example_sensor_decorator' retrieved from /home/airflow/.local/lib/python3.12/site-packages/airflow/example_dags/example_sensor_decorator.py
[2025-10-06T19:12:24.654+0000] {logging_mixin.py:190} INFO - [2025-10-06T19:12:24.654+0000] {dag.py:3239} INFO - Sync 1 DAGs
[2025-10-06T19:12:24.673+0000] {logging_mixin.py:190} INFO - [2025-10-06T19:12:24.672+0000] {dag.py:4180} INFO - Setting next_dagrun for example_sensor_decorator to None, run_after=None
[2025-10-06T19:12:24.698+0000] {processor.py:208} INFO - Processing /home/airflow/.local/lib/python3.12/site-packages/airflow/example_dags/example_sensor_decorator.py took 0.087 seconds
[2025-10-06T19:12:56.669+0000] {processor.py:186} INFO - Started process (PID=5225) to work on /home/airflow/.local/lib/python3.12/site-packages/airflow/example_dags/example_sensor_decorator.py
[2025-10-06T19:12:56.670+0000] {processor.py:914} INFO - Processing file /home/airflow/.local/lib/python3.12/site-packages/airflow/example_dags/example_sensor_decorator.py for tasks to queue
[2025-10-06T19:12:56.672+0000] {logging_mixin.py:190} INFO - [2025-10-06T19:12:56.671+0000] {dagbag.py:588} INFO - Filling up the DagBag from /home/airflow/.local/lib/python3.12/site-packages/airflow/example_dags/example_sensor_decorator.py
[2025-10-06T19:12:56.682+0000] {processor.py:925} INFO - DAG(s) 'example_sensor_decorator' retrieved from /home/airflow/.local/lib/python3.12/site-packages/airflow/example_dags/example_sensor_decorator.py
[2025-10-06T19:12:56.709+0000] {logging_mixin.py:190} INFO - [2025-10-06T19:12:56.709+0000] {dag.py:3239} INFO - Sync 1 DAGs
[2025-10-06T19:12:56.733+0000] {logging_mixin.py:190} INFO - [2025-10-06T19:12:56.733+0000] {dag.py:4180} INFO - Setting next_dagrun for example_sensor_decorator to None, run_after=None
[2025-10-06T19:12:56.767+0000] {processor.py:208} INFO - Processing /home/airflow/.local/lib/python3.12/site-packages/airflow/example_dags/example_sensor_decorator.py took 0.106 seconds
[2025-10-06T19:13:28.680+0000] {processor.py:186} INFO - Started process (PID=5288) to work on /home/airflow/.local/lib/python3.12/site-packages/airflow/example_dags/example_sensor_decorator.py
[2025-10-06T19:13:28.681+0000] {processor.py:914} INFO - Processing file /home/airflow/.local/lib/python3.12/site-packages/airflow/example_dags/example_sensor_decorator.py for tasks to queue
[2025-10-06T19:13:28.682+0000] {logging_mixin.py:190} INFO - [2025-10-06T19:13:28.682+0000] {dagbag.py:588} INFO - Filling up the DagBag from /home/airflow/.local/lib/python3.12/site-packages/airflow/example_dags/example_sensor_decorator.py
[2025-10-06T19:13:28.691+0000] {processor.py:925} INFO - DAG(s) 'example_sensor_decorator' retrieved from /home/airflow/.local/lib/python3.12/site-packages/airflow/example_dags/example_sensor_decorator.py
[2025-10-06T19:13:28.715+0000] {logging_mixin.py:190} INFO - [2025-10-06T19:13:28.714+0000] {dag.py:3239} INFO - Sync 1 DAGs
[2025-10-06T19:13:28.732+0000] {logging_mixin.py:190} INFO - [2025-10-06T19:13:28.732+0000] {dag.py:4180} INFO - Setting next_dagrun for example_sensor_decorator to None, run_after=None
[2025-10-06T19:13:28.757+0000] {processor.py:208} INFO - Processing /home/airflow/.local/lib/python3.12/site-packages/airflow/example_dags/example_sensor_decorator.py took 0.084 seconds
[2025-10-06T19:14:00.000+0000] {processor.py:186} INFO - Started process (PID=5352) to work on /home/airflow/.local/lib/python3.12/site-packages/airflow/example_dags/example_sensor_decorator.py
[2025-10-06T19:14:00.001+0000] {processor.py:914} INFO - Processing file /home/airflow/.local/lib/python3.12/site-packages/airflow/example_dags/example_sensor_decorator.py for tasks to queue
[2025-10-06T19:14:00.003+0000] {logging_mixin.py:190} INFO - [2025-10-06T19:14:00.002+0000] {dagbag.py:588} INFO - Filling up the DagBag from /home/airflow/.local/lib/python3.12/site-packages/airflow/example_dags/example_sensor_decorator.py
[2025-10-06T19:14:00.012+0000] {processor.py:925} INFO - DAG(s) 'example_sensor_decorator' retrieved from /home/airflow/.local/lib/python3.12/site-packages/airflow/example_dags/example_sensor_decorator.py
[2025-10-06T19:14:00.033+0000] {logging_mixin.py:190} INFO - [2025-10-06T19:14:00.032+0000] {dag.py:3239} INFO - Sync 1 DAGs
[2025-10-06T19:14:00.048+0000] {logging_mixin.py:190} INFO - [2025-10-06T19:14:00.048+0000] {dag.py:4180} INFO - Setting next_dagrun for example_sensor_decorator to None, run_after=None
[2025-10-06T19:14:00.075+0000] {processor.py:208} INFO - Processing /home/airflow/.local/lib/python3.12/site-packages/airflow/example_dags/example_sensor_decorator.py took 0.081 seconds
[2025-10-06T19:14:31.437+0000] {processor.py:186} INFO - Started process (PID=5415) to work on /home/airflow/.local/lib/python3.12/site-packages/airflow/example_dags/example_sensor_decorator.py
[2025-10-06T19:14:31.438+0000] {processor.py:914} INFO - Processing file /home/airflow/.local/lib/python3.12/site-packages/airflow/example_dags/example_sensor_decorator.py for tasks to queue
[2025-10-06T19:14:31.440+0000] {logging_mixin.py:190} INFO - [2025-10-06T19:14:31.439+0000] {dagbag.py:588} INFO - Filling up the DagBag from /home/airflow/.local/lib/python3.12/site-packages/airflow/example_dags/example_sensor_decorator.py
[2025-10-06T19:14:31.449+0000] {processor.py:925} INFO - DAG(s) 'example_sensor_decorator' retrieved from /home/airflow/.local/lib/python3.12/site-packages/airflow/example_dags/example_sensor_decorator.py
[2025-10-06T19:14:31.472+0000] {logging_mixin.py:190} INFO - [2025-10-06T19:14:31.471+0000] {dag.py:3239} INFO - Sync 1 DAGs
[2025-10-06T19:14:31.487+0000] {logging_mixin.py:190} INFO - [2025-10-06T19:14:31.487+0000] {dag.py:4180} INFO - Setting next_dagrun for example_sensor_decorator to None, run_after=None
[2025-10-06T19:14:31.515+0000] {processor.py:208} INFO - Processing /home/airflow/.local/lib/python3.12/site-packages/airflow/example_dags/example_sensor_decorator.py took 0.085 seconds
[2025-10-06T19:15:04.200+0000] {processor.py:186} INFO - Started process (PID=5478) to work on /home/airflow/.local/lib/python3.12/site-packages/airflow/example_dags/example_sensor_decorator.py
[2025-10-06T19:15:04.201+0000] {processor.py:914} INFO - Processing file /home/airflow/.local/lib/python3.12/site-packages/airflow/example_dags/example_sensor_decorator.py for tasks to queue
[2025-10-06T19:15:04.203+0000] {logging_mixin.py:190} INFO - [2025-10-06T19:15:04.202+0000] {dagbag.py:588} INFO - Filling up the DagBag from /home/airflow/.local/lib/python3.12/site-packages/airflow/example_dags/example_sensor_decorator.py
[2025-10-06T19:15:04.212+0000] {processor.py:925} INFO - DAG(s) 'example_sensor_decorator' retrieved from /home/airflow/.local/lib/python3.12/site-packages/airflow/example_dags/example_sensor_decorator.py
[2025-10-06T19:15:04.233+0000] {logging_mixin.py:190} INFO - [2025-10-06T19:15:04.233+0000] {dag.py:3239} INFO - Sync 1 DAGs
[2025-10-06T19:15:04.249+0000] {logging_mixin.py:190} INFO - [2025-10-06T19:15:04.248+0000] {dag.py:4180} INFO - Setting next_dagrun for example_sensor_decorator to None, run_after=None
[2025-10-06T19:15:04.277+0000] {processor.py:208} INFO - Processing /home/airflow/.local/lib/python3.12/site-packages/airflow/example_dags/example_sensor_decorator.py took 0.083 seconds
[2025-10-06T19:15:36.202+0000] {processor.py:186} INFO - Started process (PID=5541) to work on /home/airflow/.local/lib/python3.12/site-packages/airflow/example_dags/example_sensor_decorator.py
[2025-10-06T19:15:36.204+0000] {processor.py:914} INFO - Processing file /home/airflow/.local/lib/python3.12/site-packages/airflow/example_dags/example_sensor_decorator.py for tasks to queue
[2025-10-06T19:15:36.206+0000] {logging_mixin.py:190} INFO - [2025-10-06T19:15:36.205+0000] {dagbag.py:588} INFO - Filling up the DagBag from /home/airflow/.local/lib/python3.12/site-packages/airflow/example_dags/example_sensor_decorator.py
[2025-10-06T19:15:36.216+0000] {processor.py:925} INFO - DAG(s) 'example_sensor_decorator' retrieved from /home/airflow/.local/lib/python3.12/site-packages/airflow/example_dags/example_sensor_decorator.py
[2025-10-06T19:15:36.241+0000] {logging_mixin.py:190} INFO - [2025-10-06T19:15:36.241+0000] {dag.py:3239} INFO - Sync 1 DAGs
[2025-10-06T19:15:36.259+0000] {logging_mixin.py:190} INFO - [2025-10-06T19:15:36.259+0000] {dag.py:4180} INFO - Setting next_dagrun for example_sensor_decorator to None, run_after=None
[2025-10-06T19:15:36.286+0000] {processor.py:208} INFO - Processing /home/airflow/.local/lib/python3.12/site-packages/airflow/example_dags/example_sensor_decorator.py took 0.093 seconds
[2025-10-06T19:16:07.461+0000] {processor.py:186} INFO - Started process (PID=5604) to work on /home/airflow/.local/lib/python3.12/site-packages/airflow/example_dags/example_sensor_decorator.py
[2025-10-06T19:16:07.462+0000] {processor.py:914} INFO - Processing file /home/airflow/.local/lib/python3.12/site-packages/airflow/example_dags/example_sensor_decorator.py for tasks to queue
[2025-10-06T19:16:07.463+0000] {logging_mixin.py:190} INFO - [2025-10-06T19:16:07.463+0000] {dagbag.py:588} INFO - Filling up the DagBag from /home/airflow/.local/lib/python3.12/site-packages/airflow/example_dags/example_sensor_decorator.py
[2025-10-06T19:16:07.472+0000] {processor.py:925} INFO - DAG(s) 'example_sensor_decorator' retrieved from /home/airflow/.local/lib/python3.12/site-packages/airflow/example_dags/example_sensor_decorator.py
[2025-10-06T19:16:07.494+0000] {logging_mixin.py:190} INFO - [2025-10-06T19:16:07.494+0000] {dag.py:3239} INFO - Sync 1 DAGs
[2025-10-06T19:16:07.512+0000] {logging_mixin.py:190} INFO - [2025-10-06T19:16:07.512+0000] {dag.py:4180} INFO - Setting next_dagrun for example_sensor_decorator to None, run_after=None
[2025-10-06T19:16:07.542+0000] {processor.py:208} INFO - Processing /home/airflow/.local/lib/python3.12/site-packages/airflow/example_dags/example_sensor_decorator.py took 0.089 seconds
[2025-10-06T19:16:39.099+0000] {processor.py:186} INFO - Started process (PID=5667) to work on /home/airflow/.local/lib/python3.12/site-packages/airflow/example_dags/example_sensor_decorator.py
[2025-10-06T19:16:39.100+0000] {processor.py:914} INFO - Processing file /home/airflow/.local/lib/python3.12/site-packages/airflow/example_dags/example_sensor_decorator.py for tasks to queue
[2025-10-06T19:16:39.102+0000] {logging_mixin.py:190} INFO - [2025-10-06T19:16:39.101+0000] {dagbag.py:588} INFO - Filling up the DagBag from /home/airflow/.local/lib/python3.12/site-packages/airflow/example_dags/example_sensor_decorator.py
[2025-10-06T19:16:39.111+0000] {processor.py:925} INFO - DAG(s) 'example_sensor_decorator' retrieved from /home/airflow/.local/lib/python3.12/site-packages/airflow/example_dags/example_sensor_decorator.py
[2025-10-06T19:16:39.131+0000] {logging_mixin.py:190} INFO - [2025-10-06T19:16:39.131+0000] {dag.py:3239} INFO - Sync 1 DAGs
[2025-10-06T19:16:39.146+0000] {logging_mixin.py:190} INFO - [2025-10-06T19:16:39.146+0000] {dag.py:4180} INFO - Setting next_dagrun for example_sensor_decorator to None, run_after=None
[2025-10-06T19:16:39.172+0000] {processor.py:208} INFO - Processing /home/airflow/.local/lib/python3.12/site-packages/airflow/example_dags/example_sensor_decorator.py took 0.080 seconds
[2025-10-06T19:17:10.717+0000] {processor.py:186} INFO - Started process (PID=5729) to work on /home/airflow/.local/lib/python3.12/site-packages/airflow/example_dags/example_sensor_decorator.py
[2025-10-06T19:17:10.718+0000] {processor.py:914} INFO - Processing file /home/airflow/.local/lib/python3.12/site-packages/airflow/example_dags/example_sensor_decorator.py for tasks to queue
[2025-10-06T19:17:10.719+0000] {logging_mixin.py:190} INFO - [2025-10-06T19:17:10.719+0000] {dagbag.py:588} INFO - Filling up the DagBag from /home/airflow/.local/lib/python3.12/site-packages/airflow/example_dags/example_sensor_decorator.py
[2025-10-06T19:17:10.728+0000] {processor.py:925} INFO - DAG(s) 'example_sensor_decorator' retrieved from /home/airflow/.local/lib/python3.12/site-packages/airflow/example_dags/example_sensor_decorator.py
[2025-10-06T19:17:10.749+0000] {logging_mixin.py:190} INFO - [2025-10-06T19:17:10.749+0000] {dag.py:3239} INFO - Sync 1 DAGs
[2025-10-06T19:17:10.766+0000] {logging_mixin.py:190} INFO - [2025-10-06T19:17:10.766+0000] {dag.py:4180} INFO - Setting next_dagrun for example_sensor_decorator to None, run_after=None
[2025-10-06T19:17:10.790+0000] {processor.py:208} INFO - Processing /home/airflow/.local/lib/python3.12/site-packages/airflow/example_dags/example_sensor_decorator.py took 0.079 seconds
[2025-10-06T19:17:42.456+0000] {processor.py:186} INFO - Started process (PID=5791) to work on /home/airflow/.local/lib/python3.12/site-packages/airflow/example_dags/example_sensor_decorator.py
[2025-10-06T19:17:42.457+0000] {processor.py:914} INFO - Processing file /home/airflow/.local/lib/python3.12/site-packages/airflow/example_dags/example_sensor_decorator.py for tasks to queue
[2025-10-06T19:17:42.458+0000] {logging_mixin.py:190} INFO - [2025-10-06T19:17:42.458+0000] {dagbag.py:588} INFO - Filling up the DagBag from /home/airflow/.local/lib/python3.12/site-packages/airflow/example_dags/example_sensor_decorator.py
[2025-10-06T19:17:42.468+0000] {processor.py:925} INFO - DAG(s) 'example_sensor_decorator' retrieved from /home/airflow/.local/lib/python3.12/site-packages/airflow/example_dags/example_sensor_decorator.py
[2025-10-06T19:17:42.488+0000] {logging_mixin.py:190} INFO - [2025-10-06T19:17:42.487+0000] {dag.py:3239} INFO - Sync 1 DAGs
[2025-10-06T19:17:42.504+0000] {logging_mixin.py:190} INFO - [2025-10-06T19:17:42.504+0000] {dag.py:4180} INFO - Setting next_dagrun for example_sensor_decorator to None, run_after=None
[2025-10-06T19:17:42.532+0000] {processor.py:208} INFO - Processing /home/airflow/.local/lib/python3.12/site-packages/airflow/example_dags/example_sensor_decorator.py took 0.083 seconds
[2025-10-06T19:18:15.135+0000] {processor.py:186} INFO - Started process (PID=5856) to work on /home/airflow/.local/lib/python3.12/site-packages/airflow/example_dags/example_sensor_decorator.py
[2025-10-06T19:18:15.136+0000] {processor.py:914} INFO - Processing file /home/airflow/.local/lib/python3.12/site-packages/airflow/example_dags/example_sensor_decorator.py for tasks to queue
[2025-10-06T19:18:15.138+0000] {logging_mixin.py:190} INFO - [2025-10-06T19:18:15.137+0000] {dagbag.py:588} INFO - Filling up the DagBag from /home/airflow/.local/lib/python3.12/site-packages/airflow/example_dags/example_sensor_decorator.py
[2025-10-06T19:18:15.148+0000] {processor.py:925} INFO - DAG(s) 'example_sensor_decorator' retrieved from /home/airflow/.local/lib/python3.12/site-packages/airflow/example_dags/example_sensor_decorator.py
[2025-10-06T19:18:15.169+0000] {logging_mixin.py:190} INFO - [2025-10-06T19:18:15.169+0000] {dag.py:3239} INFO - Sync 1 DAGs
[2025-10-06T19:18:15.185+0000] {logging_mixin.py:190} INFO - [2025-10-06T19:18:15.185+0000] {dag.py:4180} INFO - Setting next_dagrun for example_sensor_decorator to None, run_after=None
[2025-10-06T19:18:15.207+0000] {processor.py:208} INFO - Processing /home/airflow/.local/lib/python3.12/site-packages/airflow/example_dags/example_sensor_decorator.py took 0.079 seconds
[2025-10-06T19:18:46.928+0000] {processor.py:186} INFO - Started process (PID=5919) to work on /home/airflow/.local/lib/python3.12/site-packages/airflow/example_dags/example_sensor_decorator.py
[2025-10-06T19:18:46.929+0000] {processor.py:914} INFO - Processing file /home/airflow/.local/lib/python3.12/site-packages/airflow/example_dags/example_sensor_decorator.py for tasks to queue
[2025-10-06T19:18:46.931+0000] {logging_mixin.py:190} INFO - [2025-10-06T19:18:46.931+0000] {dagbag.py:588} INFO - Filling up the DagBag from /home/airflow/.local/lib/python3.12/site-packages/airflow/example_dags/example_sensor_decorator.py
[2025-10-06T19:18:46.940+0000] {processor.py:925} INFO - DAG(s) 'example_sensor_decorator' retrieved from /home/airflow/.local/lib/python3.12/site-packages/airflow/example_dags/example_sensor_decorator.py
[2025-10-06T19:18:46.964+0000] {logging_mixin.py:190} INFO - [2025-10-06T19:18:46.964+0000] {dag.py:3239} INFO - Sync 1 DAGs
[2025-10-06T19:18:46.983+0000] {logging_mixin.py:190} INFO - [2025-10-06T19:18:46.982+0000] {dag.py:4180} INFO - Setting next_dagrun for example_sensor_decorator to None, run_after=None
[2025-10-06T19:18:47.011+0000] {processor.py:208} INFO - Processing /home/airflow/.local/lib/python3.12/site-packages/airflow/example_dags/example_sensor_decorator.py took 0.091 seconds
[2025-10-06T20:45:15.318+0000] {processor.py:186} INFO - Started process (PID=5988) to work on /home/airflow/.local/lib/python3.12/site-packages/airflow/example_dags/example_sensor_decorator.py
[2025-10-06T20:45:15.325+0000] {processor.py:914} INFO - Processing file /home/airflow/.local/lib/python3.12/site-packages/airflow/example_dags/example_sensor_decorator.py for tasks to queue
[2025-10-06T20:45:15.333+0000] {logging_mixin.py:190} INFO - [2025-10-06T20:45:15.332+0000] {dagbag.py:588} INFO - Filling up the DagBag from /home/airflow/.local/lib/python3.12/site-packages/airflow/example_dags/example_sensor_decorator.py
[2025-10-06T20:45:15.360+0000] {processor.py:925} INFO - DAG(s) 'example_sensor_decorator' retrieved from /home/airflow/.local/lib/python3.12/site-packages/airflow/example_dags/example_sensor_decorator.py
[2025-10-06T20:45:15.402+0000] {logging_mixin.py:190} INFO - [2025-10-06T20:45:15.402+0000] {dag.py:3239} INFO - Sync 1 DAGs
[2025-10-06T20:45:15.441+0000] {logging_mixin.py:190} INFO - [2025-10-06T20:45:15.441+0000] {dag.py:4180} INFO - Setting next_dagrun for example_sensor_decorator to None, run_after=None
[2025-10-06T20:45:15.540+0000] {processor.py:208} INFO - Processing /home/airflow/.local/lib/python3.12/site-packages/airflow/example_dags/example_sensor_decorator.py took 0.235 seconds
[2025-10-06T20:45:46.187+0000] {processor.py:186} INFO - Started process (PID=6051) to work on /home/airflow/.local/lib/python3.12/site-packages/airflow/example_dags/example_sensor_decorator.py
[2025-10-06T20:45:46.188+0000] {processor.py:914} INFO - Processing file /home/airflow/.local/lib/python3.12/site-packages/airflow/example_dags/example_sensor_decorator.py for tasks to queue
[2025-10-06T20:45:46.189+0000] {logging_mixin.py:190} INFO - [2025-10-06T20:45:46.189+0000] {dagbag.py:588} INFO - Filling up the DagBag from /home/airflow/.local/lib/python3.12/site-packages/airflow/example_dags/example_sensor_decorator.py
[2025-10-06T20:45:46.198+0000] {processor.py:925} INFO - DAG(s) 'example_sensor_decorator' retrieved from /home/airflow/.local/lib/python3.12/site-packages/airflow/example_dags/example_sensor_decorator.py
[2025-10-06T20:45:46.219+0000] {logging_mixin.py:190} INFO - [2025-10-06T20:45:46.219+0000] {dag.py:3239} INFO - Sync 1 DAGs
[2025-10-06T20:45:46.235+0000] {logging_mixin.py:190} INFO - [2025-10-06T20:45:46.235+0000] {dag.py:4180} INFO - Setting next_dagrun for example_sensor_decorator to None, run_after=None
[2025-10-06T20:45:46.259+0000] {processor.py:208} INFO - Processing /home/airflow/.local/lib/python3.12/site-packages/airflow/example_dags/example_sensor_decorator.py took 0.078 seconds
[2025-10-06T20:46:16.581+0000] {processor.py:186} INFO - Started process (PID=6114) to work on /home/airflow/.local/lib/python3.12/site-packages/airflow/example_dags/example_sensor_decorator.py
[2025-10-06T20:46:16.583+0000] {processor.py:914} INFO - Processing file /home/airflow/.local/lib/python3.12/site-packages/airflow/example_dags/example_sensor_decorator.py for tasks to queue
[2025-10-06T20:46:16.585+0000] {logging_mixin.py:190} INFO - [2025-10-06T20:46:16.584+0000] {dagbag.py:588} INFO - Filling up the DagBag from /home/airflow/.local/lib/python3.12/site-packages/airflow/example_dags/example_sensor_decorator.py
[2025-10-06T20:46:16.595+0000] {processor.py:925} INFO - DAG(s) 'example_sensor_decorator' retrieved from /home/airflow/.local/lib/python3.12/site-packages/airflow/example_dags/example_sensor_decorator.py
[2025-10-06T20:46:16.620+0000] {logging_mixin.py:190} INFO - [2025-10-06T20:46:16.620+0000] {dag.py:3239} INFO - Sync 1 DAGs
[2025-10-06T20:46:16.638+0000] {logging_mixin.py:190} INFO - [2025-10-06T20:46:16.637+0000] {dag.py:4180} INFO - Setting next_dagrun for example_sensor_decorator to None, run_after=None
[2025-10-06T20:46:16.660+0000] {processor.py:208} INFO - Processing /home/airflow/.local/lib/python3.12/site-packages/airflow/example_dags/example_sensor_decorator.py took 0.088 seconds
[2025-10-06T20:46:47.540+0000] {processor.py:186} INFO - Started process (PID=6177) to work on /home/airflow/.local/lib/python3.12/site-packages/airflow/example_dags/example_sensor_decorator.py
[2025-10-06T20:46:47.542+0000] {processor.py:914} INFO - Processing file /home/airflow/.local/lib/python3.12/site-packages/airflow/example_dags/example_sensor_decorator.py for tasks to queue
[2025-10-06T20:46:47.543+0000] {logging_mixin.py:190} INFO - [2025-10-06T20:46:47.543+0000] {dagbag.py:588} INFO - Filling up the DagBag from /home/airflow/.local/lib/python3.12/site-packages/airflow/example_dags/example_sensor_decorator.py
[2025-10-06T20:46:47.553+0000] {processor.py:925} INFO - DAG(s) 'example_sensor_decorator' retrieved from /home/airflow/.local/lib/python3.12/site-packages/airflow/example_dags/example_sensor_decorator.py
[2025-10-06T20:46:47.574+0000] {logging_mixin.py:190} INFO - [2025-10-06T20:46:47.574+0000] {dag.py:3239} INFO - Sync 1 DAGs
[2025-10-06T20:46:47.593+0000] {logging_mixin.py:190} INFO - [2025-10-06T20:46:47.592+0000] {dag.py:4180} INFO - Setting next_dagrun for example_sensor_decorator to None, run_after=None
[2025-10-06T20:46:47.616+0000] {processor.py:208} INFO - Processing /home/airflow/.local/lib/python3.12/site-packages/airflow/example_dags/example_sensor_decorator.py took 0.082 seconds
[2025-10-06T20:47:18.193+0000] {processor.py:186} INFO - Started process (PID=6240) to work on /home/airflow/.local/lib/python3.12/site-packages/airflow/example_dags/example_sensor_decorator.py
[2025-10-06T20:47:18.194+0000] {processor.py:914} INFO - Processing file /home/airflow/.local/lib/python3.12/site-packages/airflow/example_dags/example_sensor_decorator.py for tasks to queue
[2025-10-06T20:47:18.195+0000] {logging_mixin.py:190} INFO - [2025-10-06T20:47:18.195+0000] {dagbag.py:588} INFO - Filling up the DagBag from /home/airflow/.local/lib/python3.12/site-packages/airflow/example_dags/example_sensor_decorator.py
[2025-10-06T20:47:18.203+0000] {processor.py:925} INFO - DAG(s) 'example_sensor_decorator' retrieved from /home/airflow/.local/lib/python3.12/site-packages/airflow/example_dags/example_sensor_decorator.py
[2025-10-06T20:47:18.224+0000] {logging_mixin.py:190} INFO - [2025-10-06T20:47:18.224+0000] {dag.py:3239} INFO - Sync 1 DAGs
[2025-10-06T20:47:18.239+0000] {logging_mixin.py:190} INFO - [2025-10-06T20:47:18.239+0000] {dag.py:4180} INFO - Setting next_dagrun for example_sensor_decorator to None, run_after=None
[2025-10-06T20:47:18.259+0000] {processor.py:208} INFO - Processing /home/airflow/.local/lib/python3.12/site-packages/airflow/example_dags/example_sensor_decorator.py took 0.073 seconds
[2025-10-06T20:47:49.041+0000] {processor.py:186} INFO - Started process (PID=6303) to work on /home/airflow/.local/lib/python3.12/site-packages/airflow/example_dags/example_sensor_decorator.py
[2025-10-06T20:47:49.043+0000] {processor.py:914} INFO - Processing file /home/airflow/.local/lib/python3.12/site-packages/airflow/example_dags/example_sensor_decorator.py for tasks to queue
[2025-10-06T20:47:49.045+0000] {logging_mixin.py:190} INFO - [2025-10-06T20:47:49.044+0000] {dagbag.py:588} INFO - Filling up the DagBag from /home/airflow/.local/lib/python3.12/site-packages/airflow/example_dags/example_sensor_decorator.py
[2025-10-06T20:47:49.058+0000] {processor.py:925} INFO - DAG(s) 'example_sensor_decorator' retrieved from /home/airflow/.local/lib/python3.12/site-packages/airflow/example_dags/example_sensor_decorator.py
[2025-10-06T20:47:49.084+0000] {logging_mixin.py:190} INFO - [2025-10-06T20:47:49.084+0000] {dag.py:3239} INFO - Sync 1 DAGs
[2025-10-06T20:47:49.101+0000] {logging_mixin.py:190} INFO - [2025-10-06T20:47:49.101+0000] {dag.py:4180} INFO - Setting next_dagrun for example_sensor_decorator to None, run_after=None
[2025-10-06T20:47:49.126+0000] {processor.py:208} INFO - Processing /home/airflow/.local/lib/python3.12/site-packages/airflow/example_dags/example_sensor_decorator.py took 0.093 seconds
[2025-10-06T20:48:19.367+0000] {processor.py:186} INFO - Started process (PID=6366) to work on /home/airflow/.local/lib/python3.12/site-packages/airflow/example_dags/example_sensor_decorator.py
[2025-10-06T20:48:19.368+0000] {processor.py:914} INFO - Processing file /home/airflow/.local/lib/python3.12/site-packages/airflow/example_dags/example_sensor_decorator.py for tasks to queue
[2025-10-06T20:48:19.369+0000] {logging_mixin.py:190} INFO - [2025-10-06T20:48:19.369+0000] {dagbag.py:588} INFO - Filling up the DagBag from /home/airflow/.local/lib/python3.12/site-packages/airflow/example_dags/example_sensor_decorator.py
[2025-10-06T20:48:19.383+0000] {processor.py:925} INFO - DAG(s) 'example_sensor_decorator' retrieved from /home/airflow/.local/lib/python3.12/site-packages/airflow/example_dags/example_sensor_decorator.py
[2025-10-06T20:48:19.405+0000] {logging_mixin.py:190} INFO - [2025-10-06T20:48:19.405+0000] {dag.py:3239} INFO - Sync 1 DAGs
[2025-10-06T20:48:19.420+0000] {logging_mixin.py:190} INFO - [2025-10-06T20:48:19.420+0000] {dag.py:4180} INFO - Setting next_dagrun for example_sensor_decorator to None, run_after=None
[2025-10-06T20:48:19.448+0000] {processor.py:208} INFO - Processing /home/airflow/.local/lib/python3.12/site-packages/airflow/example_dags/example_sensor_decorator.py took 0.087 seconds
[2025-10-06T20:48:49.727+0000] {processor.py:186} INFO - Started process (PID=6423) to work on /home/airflow/.local/lib/python3.12/site-packages/airflow/example_dags/example_sensor_decorator.py
[2025-10-06T20:48:49.730+0000] {processor.py:914} INFO - Processing file /home/airflow/.local/lib/python3.12/site-packages/airflow/example_dags/example_sensor_decorator.py for tasks to queue
[2025-10-06T20:48:49.733+0000] {logging_mixin.py:190} INFO - [2025-10-06T20:48:49.732+0000] {dagbag.py:588} INFO - Filling up the DagBag from /home/airflow/.local/lib/python3.12/site-packages/airflow/example_dags/example_sensor_decorator.py
[2025-10-06T20:48:49.747+0000] {processor.py:925} INFO - DAG(s) 'example_sensor_decorator' retrieved from /home/airflow/.local/lib/python3.12/site-packages/airflow/example_dags/example_sensor_decorator.py
[2025-10-06T20:48:49.783+0000] {logging_mixin.py:190} INFO - [2025-10-06T20:48:49.782+0000] {dag.py:3239} INFO - Sync 1 DAGs
[2025-10-06T20:48:49.809+0000] {logging_mixin.py:190} INFO - [2025-10-06T20:48:49.809+0000] {dag.py:4180} INFO - Setting next_dagrun for example_sensor_decorator to None, run_after=None
[2025-10-06T20:48:49.915+0000] {processor.py:208} INFO - Processing /home/airflow/.local/lib/python3.12/site-packages/airflow/example_dags/example_sensor_decorator.py took 0.207 seconds
[2025-10-06T20:49:20.247+0000] {processor.py:186} INFO - Started process (PID=6486) to work on /home/airflow/.local/lib/python3.12/site-packages/airflow/example_dags/example_sensor_decorator.py
[2025-10-06T20:49:20.248+0000] {processor.py:914} INFO - Processing file /home/airflow/.local/lib/python3.12/site-packages/airflow/example_dags/example_sensor_decorator.py for tasks to queue
[2025-10-06T20:49:20.250+0000] {logging_mixin.py:190} INFO - [2025-10-06T20:49:20.249+0000] {dagbag.py:588} INFO - Filling up the DagBag from /home/airflow/.local/lib/python3.12/site-packages/airflow/example_dags/example_sensor_decorator.py
[2025-10-06T20:49:20.260+0000] {processor.py:925} INFO - DAG(s) 'example_sensor_decorator' retrieved from /home/airflow/.local/lib/python3.12/site-packages/airflow/example_dags/example_sensor_decorator.py
[2025-10-06T20:49:20.282+0000] {logging_mixin.py:190} INFO - [2025-10-06T20:49:20.282+0000] {dag.py:3239} INFO - Sync 1 DAGs
[2025-10-06T20:49:20.298+0000] {logging_mixin.py:190} INFO - [2025-10-06T20:49:20.298+0000] {dag.py:4180} INFO - Setting next_dagrun for example_sensor_decorator to None, run_after=None
[2025-10-06T20:49:20.328+0000] {processor.py:208} INFO - Processing /home/airflow/.local/lib/python3.12/site-packages/airflow/example_dags/example_sensor_decorator.py took 0.088 seconds
[2025-10-06T20:49:51.057+0000] {processor.py:186} INFO - Started process (PID=6550) to work on /home/airflow/.local/lib/python3.12/site-packages/airflow/example_dags/example_sensor_decorator.py
[2025-10-06T20:49:51.059+0000] {processor.py:914} INFO - Processing file /home/airflow/.local/lib/python3.12/site-packages/airflow/example_dags/example_sensor_decorator.py for tasks to queue
[2025-10-06T20:49:51.060+0000] {logging_mixin.py:190} INFO - [2025-10-06T20:49:51.060+0000] {dagbag.py:588} INFO - Filling up the DagBag from /home/airflow/.local/lib/python3.12/site-packages/airflow/example_dags/example_sensor_decorator.py
[2025-10-06T20:49:51.069+0000] {processor.py:925} INFO - DAG(s) 'example_sensor_decorator' retrieved from /home/airflow/.local/lib/python3.12/site-packages/airflow/example_dags/example_sensor_decorator.py
[2025-10-06T20:49:51.089+0000] {logging_mixin.py:190} INFO - [2025-10-06T20:49:51.089+0000] {dag.py:3239} INFO - Sync 1 DAGs
[2025-10-06T20:49:51.105+0000] {logging_mixin.py:190} INFO - [2025-10-06T20:49:51.105+0000] {dag.py:4180} INFO - Setting next_dagrun for example_sensor_decorator to None, run_after=None
[2025-10-06T20:49:51.133+0000] {processor.py:208} INFO - Processing /home/airflow/.local/lib/python3.12/site-packages/airflow/example_dags/example_sensor_decorator.py took 0.082 seconds
[2025-10-06T20:50:21.890+0000] {processor.py:186} INFO - Started process (PID=6614) to work on /home/airflow/.local/lib/python3.12/site-packages/airflow/example_dags/example_sensor_decorator.py
[2025-10-06T20:50:21.891+0000] {processor.py:914} INFO - Processing file /home/airflow/.local/lib/python3.12/site-packages/airflow/example_dags/example_sensor_decorator.py for tasks to queue
[2025-10-06T20:50:21.893+0000] {logging_mixin.py:190} INFO - [2025-10-06T20:50:21.893+0000] {dagbag.py:588} INFO - Filling up the DagBag from /home/airflow/.local/lib/python3.12/site-packages/airflow/example_dags/example_sensor_decorator.py
[2025-10-06T20:50:21.904+0000] {processor.py:925} INFO - DAG(s) 'example_sensor_decorator' retrieved from /home/airflow/.local/lib/python3.12/site-packages/airflow/example_dags/example_sensor_decorator.py
[2025-10-06T20:50:21.932+0000] {logging_mixin.py:190} INFO - [2025-10-06T20:50:21.931+0000] {dag.py:3239} INFO - Sync 1 DAGs
[2025-10-06T20:50:21.952+0000] {logging_mixin.py:190} INFO - [2025-10-06T20:50:21.952+0000] {dag.py:4180} INFO - Setting next_dagrun for example_sensor_decorator to None, run_after=None
[2025-10-06T20:50:21.979+0000] {processor.py:208} INFO - Processing /home/airflow/.local/lib/python3.12/site-packages/airflow/example_dags/example_sensor_decorator.py took 0.095 seconds
[2025-10-06T20:50:52.531+0000] {processor.py:186} INFO - Started process (PID=6677) to work on /home/airflow/.local/lib/python3.12/site-packages/airflow/example_dags/example_sensor_decorator.py
[2025-10-06T20:50:52.533+0000] {processor.py:914} INFO - Processing file /home/airflow/.local/lib/python3.12/site-packages/airflow/example_dags/example_sensor_decorator.py for tasks to queue
[2025-10-06T20:50:52.538+0000] {logging_mixin.py:190} INFO - [2025-10-06T20:50:52.537+0000] {dagbag.py:588} INFO - Filling up the DagBag from /home/airflow/.local/lib/python3.12/site-packages/airflow/example_dags/example_sensor_decorator.py
[2025-10-06T20:50:52.558+0000] {processor.py:925} INFO - DAG(s) 'example_sensor_decorator' retrieved from /home/airflow/.local/lib/python3.12/site-packages/airflow/example_dags/example_sensor_decorator.py
[2025-10-06T20:50:52.587+0000] {logging_mixin.py:190} INFO - [2025-10-06T20:50:52.586+0000] {dag.py:3239} INFO - Sync 1 DAGs
[2025-10-06T20:50:52.607+0000] {logging_mixin.py:190} INFO - [2025-10-06T20:50:52.606+0000] {dag.py:4180} INFO - Setting next_dagrun for example_sensor_decorator to None, run_after=None
[2025-10-06T20:50:52.629+0000] {processor.py:208} INFO - Processing /home/airflow/.local/lib/python3.12/site-packages/airflow/example_dags/example_sensor_decorator.py took 0.118 seconds
[2025-10-06T20:53:34.123+0000] {processor.py:186} INFO - Started process (PID=109) to work on /home/airflow/.local/lib/python3.12/site-packages/airflow/example_dags/example_sensor_decorator.py
[2025-10-06T20:53:34.125+0000] {processor.py:914} INFO - Processing file /home/airflow/.local/lib/python3.12/site-packages/airflow/example_dags/example_sensor_decorator.py for tasks to queue
[2025-10-06T20:53:34.132+0000] {logging_mixin.py:190} INFO - [2025-10-06T20:53:34.131+0000] {dagbag.py:588} INFO - Filling up the DagBag from /home/airflow/.local/lib/python3.12/site-packages/airflow/example_dags/example_sensor_decorator.py
[2025-10-06T20:53:34.158+0000] {processor.py:925} INFO - DAG(s) 'example_sensor_decorator' retrieved from /home/airflow/.local/lib/python3.12/site-packages/airflow/example_dags/example_sensor_decorator.py
[2025-10-06T20:53:34.261+0000] {logging_mixin.py:190} INFO - [2025-10-06T20:53:34.261+0000] {dag.py:3239} INFO - Sync 1 DAGs
[2025-10-06T20:53:34.334+0000] {logging_mixin.py:190} INFO - [2025-10-06T20:53:34.333+0000] {dag.py:4180} INFO - Setting next_dagrun for example_sensor_decorator to None, run_after=None
[2025-10-06T20:53:34.468+0000] {processor.py:208} INFO - Processing /home/airflow/.local/lib/python3.12/site-packages/airflow/example_dags/example_sensor_decorator.py took 0.367 seconds
[2025-10-06T20:54:08.228+0000] {processor.py:186} INFO - Started process (PID=178) to work on /home/airflow/.local/lib/python3.12/site-packages/airflow/example_dags/example_sensor_decorator.py
[2025-10-06T20:54:08.232+0000] {processor.py:914} INFO - Processing file /home/airflow/.local/lib/python3.12/site-packages/airflow/example_dags/example_sensor_decorator.py for tasks to queue
[2025-10-06T20:54:08.237+0000] {logging_mixin.py:190} INFO - [2025-10-06T20:54:08.236+0000] {dagbag.py:588} INFO - Filling up the DagBag from /home/airflow/.local/lib/python3.12/site-packages/airflow/example_dags/example_sensor_decorator.py
[2025-10-06T20:54:08.255+0000] {processor.py:925} INFO - DAG(s) 'example_sensor_decorator' retrieved from /home/airflow/.local/lib/python3.12/site-packages/airflow/example_dags/example_sensor_decorator.py
[2025-10-06T20:54:08.323+0000] {logging_mixin.py:190} INFO - [2025-10-06T20:54:08.322+0000] {dag.py:3239} INFO - Sync 1 DAGs
[2025-10-06T20:54:08.386+0000] {logging_mixin.py:190} INFO - [2025-10-06T20:54:08.385+0000] {dag.py:4180} INFO - Setting next_dagrun for example_sensor_decorator to None, run_after=None
[2025-10-06T20:54:08.459+0000] {processor.py:208} INFO - Processing /home/airflow/.local/lib/python3.12/site-packages/airflow/example_dags/example_sensor_decorator.py took 0.247 seconds
[2025-10-06T20:54:40.336+0000] {processor.py:186} INFO - Started process (PID=242) to work on /home/airflow/.local/lib/python3.12/site-packages/airflow/example_dags/example_sensor_decorator.py
[2025-10-06T20:54:40.341+0000] {processor.py:914} INFO - Processing file /home/airflow/.local/lib/python3.12/site-packages/airflow/example_dags/example_sensor_decorator.py for tasks to queue
[2025-10-06T20:54:40.356+0000] {logging_mixin.py:190} INFO - [2025-10-06T20:54:40.354+0000] {dagbag.py:588} INFO - Filling up the DagBag from /home/airflow/.local/lib/python3.12/site-packages/airflow/example_dags/example_sensor_decorator.py
[2025-10-06T20:54:40.397+0000] {processor.py:925} INFO - DAG(s) 'example_sensor_decorator' retrieved from /home/airflow/.local/lib/python3.12/site-packages/airflow/example_dags/example_sensor_decorator.py
[2025-10-06T20:54:40.475+0000] {logging_mixin.py:190} INFO - [2025-10-06T20:54:40.475+0000] {dag.py:3239} INFO - Sync 1 DAGs
[2025-10-06T20:54:40.589+0000] {logging_mixin.py:190} INFO - [2025-10-06T20:54:40.588+0000] {dag.py:4180} INFO - Setting next_dagrun for example_sensor_decorator to None, run_after=None
[2025-10-06T20:54:40.682+0000] {processor.py:208} INFO - Processing /home/airflow/.local/lib/python3.12/site-packages/airflow/example_dags/example_sensor_decorator.py took 0.369 seconds
[2025-10-06T20:55:19.874+0000] {processor.py:186} INFO - Started process (PID=305) to work on /home/airflow/.local/lib/python3.12/site-packages/airflow/example_dags/example_sensor_decorator.py
[2025-10-06T20:55:19.897+0000] {processor.py:914} INFO - Processing file /home/airflow/.local/lib/python3.12/site-packages/airflow/example_dags/example_sensor_decorator.py for tasks to queue
[2025-10-06T20:55:19.931+0000] {logging_mixin.py:190} INFO - [2025-10-06T20:55:19.930+0000] {dagbag.py:588} INFO - Filling up the DagBag from /home/airflow/.local/lib/python3.12/site-packages/airflow/example_dags/example_sensor_decorator.py
[2025-10-06T20:55:19.981+0000] {processor.py:925} INFO - DAG(s) 'example_sensor_decorator' retrieved from /home/airflow/.local/lib/python3.12/site-packages/airflow/example_dags/example_sensor_decorator.py
[2025-10-06T20:55:20.089+0000] {logging_mixin.py:190} INFO - [2025-10-06T20:55:20.089+0000] {dag.py:3239} INFO - Sync 1 DAGs
[2025-10-06T20:55:20.172+0000] {logging_mixin.py:190} INFO - [2025-10-06T20:55:20.171+0000] {dag.py:4180} INFO - Setting next_dagrun for example_sensor_decorator to None, run_after=None
[2025-10-06T20:55:20.276+0000] {processor.py:208} INFO - Processing /home/airflow/.local/lib/python3.12/site-packages/airflow/example_dags/example_sensor_decorator.py took 0.427 seconds
[2025-10-06T20:55:50.812+0000] {processor.py:186} INFO - Started process (PID=368) to work on /home/airflow/.local/lib/python3.12/site-packages/airflow/example_dags/example_sensor_decorator.py
[2025-10-06T20:55:50.819+0000] {processor.py:914} INFO - Processing file /home/airflow/.local/lib/python3.12/site-packages/airflow/example_dags/example_sensor_decorator.py for tasks to queue
[2025-10-06T20:55:50.824+0000] {logging_mixin.py:190} INFO - [2025-10-06T20:55:50.823+0000] {dagbag.py:588} INFO - Filling up the DagBag from /home/airflow/.local/lib/python3.12/site-packages/airflow/example_dags/example_sensor_decorator.py
[2025-10-06T20:55:50.841+0000] {processor.py:925} INFO - DAG(s) 'example_sensor_decorator' retrieved from /home/airflow/.local/lib/python3.12/site-packages/airflow/example_dags/example_sensor_decorator.py
[2025-10-06T20:55:50.893+0000] {logging_mixin.py:190} INFO - [2025-10-06T20:55:50.892+0000] {dag.py:3239} INFO - Sync 1 DAGs
[2025-10-06T20:55:50.949+0000] {logging_mixin.py:190} INFO - [2025-10-06T20:55:50.949+0000] {dag.py:4180} INFO - Setting next_dagrun for example_sensor_decorator to None, run_after=None
[2025-10-06T20:55:51.020+0000] {processor.py:208} INFO - Processing /home/airflow/.local/lib/python3.12/site-packages/airflow/example_dags/example_sensor_decorator.py took 0.220 seconds
[2025-10-06T20:56:23.541+0000] {processor.py:186} INFO - Started process (PID=431) to work on /home/airflow/.local/lib/python3.12/site-packages/airflow/example_dags/example_sensor_decorator.py
[2025-10-06T20:56:23.544+0000] {processor.py:914} INFO - Processing file /home/airflow/.local/lib/python3.12/site-packages/airflow/example_dags/example_sensor_decorator.py for tasks to queue
[2025-10-06T20:56:23.556+0000] {logging_mixin.py:190} INFO - [2025-10-06T20:56:23.555+0000] {dagbag.py:588} INFO - Filling up the DagBag from /home/airflow/.local/lib/python3.12/site-packages/airflow/example_dags/example_sensor_decorator.py
[2025-10-06T20:56:23.589+0000] {processor.py:925} INFO - DAG(s) 'example_sensor_decorator' retrieved from /home/airflow/.local/lib/python3.12/site-packages/airflow/example_dags/example_sensor_decorator.py
[2025-10-06T20:56:23.653+0000] {logging_mixin.py:190} INFO - [2025-10-06T20:56:23.652+0000] {dag.py:3239} INFO - Sync 1 DAGs
[2025-10-06T20:56:23.691+0000] {logging_mixin.py:190} INFO - [2025-10-06T20:56:23.691+0000] {dag.py:4180} INFO - Setting next_dagrun for example_sensor_decorator to None, run_after=None
[2025-10-06T20:56:23.742+0000] {processor.py:208} INFO - Processing /home/airflow/.local/lib/python3.12/site-packages/airflow/example_dags/example_sensor_decorator.py took 0.220 seconds
[2025-10-06T20:56:58.948+0000] {processor.py:186} INFO - Started process (PID=495) to work on /home/airflow/.local/lib/python3.12/site-packages/airflow/example_dags/example_sensor_decorator.py
[2025-10-06T20:56:58.953+0000] {processor.py:914} INFO - Processing file /home/airflow/.local/lib/python3.12/site-packages/airflow/example_dags/example_sensor_decorator.py for tasks to queue
[2025-10-06T20:56:58.957+0000] {logging_mixin.py:190} INFO - [2025-10-06T20:56:58.956+0000] {dagbag.py:588} INFO - Filling up the DagBag from /home/airflow/.local/lib/python3.12/site-packages/airflow/example_dags/example_sensor_decorator.py
[2025-10-06T20:56:58.973+0000] {processor.py:925} INFO - DAG(s) 'example_sensor_decorator' retrieved from /home/airflow/.local/lib/python3.12/site-packages/airflow/example_dags/example_sensor_decorator.py
[2025-10-06T20:56:58.999+0000] {logging_mixin.py:190} INFO - [2025-10-06T20:56:58.999+0000] {dag.py:3239} INFO - Sync 1 DAGs
[2025-10-06T20:56:59.102+0000] {logging_mixin.py:190} INFO - [2025-10-06T20:56:59.101+0000] {dag.py:4180} INFO - Setting next_dagrun for example_sensor_decorator to None, run_after=None
[2025-10-06T20:56:59.135+0000] {processor.py:208} INFO - Processing /home/airflow/.local/lib/python3.12/site-packages/airflow/example_dags/example_sensor_decorator.py took 0.199 seconds
[2025-10-06T20:57:30.076+0000] {processor.py:186} INFO - Started process (PID=558) to work on /home/airflow/.local/lib/python3.12/site-packages/airflow/example_dags/example_sensor_decorator.py
[2025-10-06T20:57:30.275+0000] {processor.py:914} INFO - Processing file /home/airflow/.local/lib/python3.12/site-packages/airflow/example_dags/example_sensor_decorator.py for tasks to queue
[2025-10-06T20:57:30.280+0000] {logging_mixin.py:190} INFO - [2025-10-06T20:57:30.279+0000] {dagbag.py:588} INFO - Filling up the DagBag from /home/airflow/.local/lib/python3.12/site-packages/airflow/example_dags/example_sensor_decorator.py
[2025-10-06T20:57:30.390+0000] {processor.py:925} INFO - DAG(s) 'example_sensor_decorator' retrieved from /home/airflow/.local/lib/python3.12/site-packages/airflow/example_dags/example_sensor_decorator.py
[2025-10-06T20:57:30.411+0000] {logging_mixin.py:190} INFO - [2025-10-06T20:57:30.411+0000] {dag.py:3239} INFO - Sync 1 DAGs
[2025-10-06T20:57:30.427+0000] {logging_mixin.py:190} INFO - [2025-10-06T20:57:30.426+0000] {dag.py:4180} INFO - Setting next_dagrun for example_sensor_decorator to None, run_after=None
[2025-10-06T20:57:30.630+0000] {processor.py:208} INFO - Processing /home/airflow/.local/lib/python3.12/site-packages/airflow/example_dags/example_sensor_decorator.py took 0.561 seconds
[2025-10-06T20:58:00.965+0000] {processor.py:186} INFO - Started process (PID=621) to work on /home/airflow/.local/lib/python3.12/site-packages/airflow/example_dags/example_sensor_decorator.py
[2025-10-06T20:58:00.977+0000] {processor.py:914} INFO - Processing file /home/airflow/.local/lib/python3.12/site-packages/airflow/example_dags/example_sensor_decorator.py for tasks to queue
[2025-10-06T20:58:00.992+0000] {logging_mixin.py:190} INFO - [2025-10-06T20:58:00.991+0000] {dagbag.py:588} INFO - Filling up the DagBag from /home/airflow/.local/lib/python3.12/site-packages/airflow/example_dags/example_sensor_decorator.py
[2025-10-06T20:58:01.042+0000] {processor.py:925} INFO - DAG(s) 'example_sensor_decorator' retrieved from /home/airflow/.local/lib/python3.12/site-packages/airflow/example_dags/example_sensor_decorator.py
[2025-10-06T20:58:01.151+0000] {logging_mixin.py:190} INFO - [2025-10-06T20:58:01.150+0000] {dag.py:3239} INFO - Sync 1 DAGs
[2025-10-06T20:58:01.243+0000] {logging_mixin.py:190} INFO - [2025-10-06T20:58:01.243+0000] {dag.py:4180} INFO - Setting next_dagrun for example_sensor_decorator to None, run_after=None
[2025-10-06T20:58:01.389+0000] {processor.py:208} INFO - Processing /home/airflow/.local/lib/python3.12/site-packages/airflow/example_dags/example_sensor_decorator.py took 0.445 seconds
[2025-10-06T20:58:31.857+0000] {processor.py:186} INFO - Started process (PID=685) to work on /home/airflow/.local/lib/python3.12/site-packages/airflow/example_dags/example_sensor_decorator.py
[2025-10-06T20:58:31.860+0000] {processor.py:914} INFO - Processing file /home/airflow/.local/lib/python3.12/site-packages/airflow/example_dags/example_sensor_decorator.py for tasks to queue
[2025-10-06T20:58:31.864+0000] {logging_mixin.py:190} INFO - [2025-10-06T20:58:31.864+0000] {dagbag.py:588} INFO - Filling up the DagBag from /home/airflow/.local/lib/python3.12/site-packages/airflow/example_dags/example_sensor_decorator.py
[2025-10-06T20:58:31.878+0000] {processor.py:925} INFO - DAG(s) 'example_sensor_decorator' retrieved from /home/airflow/.local/lib/python3.12/site-packages/airflow/example_dags/example_sensor_decorator.py
[2025-10-06T20:58:31.903+0000] {logging_mixin.py:190} INFO - [2025-10-06T20:58:31.903+0000] {dag.py:3239} INFO - Sync 1 DAGs
[2025-10-06T20:58:31.925+0000] {logging_mixin.py:190} INFO - [2025-10-06T20:58:31.925+0000] {dag.py:4180} INFO - Setting next_dagrun for example_sensor_decorator to None, run_after=None
[2025-10-06T20:58:31.949+0000] {processor.py:208} INFO - Processing /home/airflow/.local/lib/python3.12/site-packages/airflow/example_dags/example_sensor_decorator.py took 0.101 seconds
[2025-10-06T20:59:02.354+0000] {processor.py:186} INFO - Started process (PID=748) to work on /home/airflow/.local/lib/python3.12/site-packages/airflow/example_dags/example_sensor_decorator.py
[2025-10-06T20:59:02.355+0000] {processor.py:914} INFO - Processing file /home/airflow/.local/lib/python3.12/site-packages/airflow/example_dags/example_sensor_decorator.py for tasks to queue
[2025-10-06T20:59:02.360+0000] {logging_mixin.py:190} INFO - [2025-10-06T20:59:02.359+0000] {dagbag.py:588} INFO - Filling up the DagBag from /home/airflow/.local/lib/python3.12/site-packages/airflow/example_dags/example_sensor_decorator.py
[2025-10-06T20:59:02.372+0000] {processor.py:925} INFO - DAG(s) 'example_sensor_decorator' retrieved from /home/airflow/.local/lib/python3.12/site-packages/airflow/example_dags/example_sensor_decorator.py
[2025-10-06T20:59:02.396+0000] {logging_mixin.py:190} INFO - [2025-10-06T20:59:02.396+0000] {dag.py:3239} INFO - Sync 1 DAGs
[2025-10-06T20:59:02.412+0000] {logging_mixin.py:190} INFO - [2025-10-06T20:59:02.411+0000] {dag.py:4180} INFO - Setting next_dagrun for example_sensor_decorator to None, run_after=None
[2025-10-06T20:59:02.439+0000] {processor.py:208} INFO - Processing /home/airflow/.local/lib/python3.12/site-packages/airflow/example_dags/example_sensor_decorator.py took 0.092 seconds
[2025-10-06T20:59:32.839+0000] {processor.py:186} INFO - Started process (PID=811) to work on /home/airflow/.local/lib/python3.12/site-packages/airflow/example_dags/example_sensor_decorator.py
[2025-10-06T20:59:32.841+0000] {processor.py:914} INFO - Processing file /home/airflow/.local/lib/python3.12/site-packages/airflow/example_dags/example_sensor_decorator.py for tasks to queue
[2025-10-06T20:59:32.846+0000] {logging_mixin.py:190} INFO - [2025-10-06T20:59:32.845+0000] {dagbag.py:588} INFO - Filling up the DagBag from /home/airflow/.local/lib/python3.12/site-packages/airflow/example_dags/example_sensor_decorator.py
[2025-10-06T20:59:32.867+0000] {processor.py:925} INFO - DAG(s) 'example_sensor_decorator' retrieved from /home/airflow/.local/lib/python3.12/site-packages/airflow/example_dags/example_sensor_decorator.py
[2025-10-06T20:59:32.981+0000] {logging_mixin.py:190} INFO - [2025-10-06T20:59:32.980+0000] {dag.py:3239} INFO - Sync 1 DAGs
[2025-10-06T20:59:33.072+0000] {logging_mixin.py:190} INFO - [2025-10-06T20:59:33.071+0000] {dag.py:4180} INFO - Setting next_dagrun for example_sensor_decorator to None, run_after=None
[2025-10-06T20:59:33.157+0000] {processor.py:208} INFO - Processing /home/airflow/.local/lib/python3.12/site-packages/airflow/example_dags/example_sensor_decorator.py took 0.329 seconds
[2025-10-06T21:00:03.874+0000] {processor.py:186} INFO - Started process (PID=874) to work on /home/airflow/.local/lib/python3.12/site-packages/airflow/example_dags/example_sensor_decorator.py
[2025-10-06T21:00:03.877+0000] {processor.py:914} INFO - Processing file /home/airflow/.local/lib/python3.12/site-packages/airflow/example_dags/example_sensor_decorator.py for tasks to queue
[2025-10-06T21:00:03.891+0000] {logging_mixin.py:190} INFO - [2025-10-06T21:00:03.890+0000] {dagbag.py:588} INFO - Filling up the DagBag from /home/airflow/.local/lib/python3.12/site-packages/airflow/example_dags/example_sensor_decorator.py
[2025-10-06T21:00:03.935+0000] {processor.py:925} INFO - DAG(s) 'example_sensor_decorator' retrieved from /home/airflow/.local/lib/python3.12/site-packages/airflow/example_dags/example_sensor_decorator.py
[2025-10-06T21:00:04.026+0000] {logging_mixin.py:190} INFO - [2025-10-06T21:00:04.025+0000] {dag.py:3239} INFO - Sync 1 DAGs
[2025-10-06T21:00:04.132+0000] {logging_mixin.py:190} INFO - [2025-10-06T21:00:04.132+0000] {dag.py:4180} INFO - Setting next_dagrun for example_sensor_decorator to None, run_after=None
[2025-10-06T21:00:04.249+0000] {processor.py:208} INFO - Processing /home/airflow/.local/lib/python3.12/site-packages/airflow/example_dags/example_sensor_decorator.py took 0.403 seconds
[2025-10-06T21:00:34.499+0000] {processor.py:186} INFO - Started process (PID=937) to work on /home/airflow/.local/lib/python3.12/site-packages/airflow/example_dags/example_sensor_decorator.py
[2025-10-06T21:00:34.500+0000] {processor.py:914} INFO - Processing file /home/airflow/.local/lib/python3.12/site-packages/airflow/example_dags/example_sensor_decorator.py for tasks to queue
[2025-10-06T21:00:34.504+0000] {logging_mixin.py:190} INFO - [2025-10-06T21:00:34.503+0000] {dagbag.py:588} INFO - Filling up the DagBag from /home/airflow/.local/lib/python3.12/site-packages/airflow/example_dags/example_sensor_decorator.py
[2025-10-06T21:00:34.513+0000] {processor.py:925} INFO - DAG(s) 'example_sensor_decorator' retrieved from /home/airflow/.local/lib/python3.12/site-packages/airflow/example_dags/example_sensor_decorator.py
[2025-10-06T21:00:34.533+0000] {logging_mixin.py:190} INFO - [2025-10-06T21:00:34.533+0000] {dag.py:3239} INFO - Sync 1 DAGs
[2025-10-06T21:00:34.548+0000] {logging_mixin.py:190} INFO - [2025-10-06T21:00:34.548+0000] {dag.py:4180} INFO - Setting next_dagrun for example_sensor_decorator to None, run_after=None
[2025-10-06T21:00:34.569+0000] {processor.py:208} INFO - Processing /home/airflow/.local/lib/python3.12/site-packages/airflow/example_dags/example_sensor_decorator.py took 0.077 seconds
[2025-10-06T21:01:04.746+0000] {processor.py:186} INFO - Started process (PID=1000) to work on /home/airflow/.local/lib/python3.12/site-packages/airflow/example_dags/example_sensor_decorator.py
[2025-10-06T21:01:04.747+0000] {processor.py:914} INFO - Processing file /home/airflow/.local/lib/python3.12/site-packages/airflow/example_dags/example_sensor_decorator.py for tasks to queue
[2025-10-06T21:01:04.750+0000] {logging_mixin.py:190} INFO - [2025-10-06T21:01:04.749+0000] {dagbag.py:588} INFO - Filling up the DagBag from /home/airflow/.local/lib/python3.12/site-packages/airflow/example_dags/example_sensor_decorator.py
[2025-10-06T21:01:04.758+0000] {processor.py:925} INFO - DAG(s) 'example_sensor_decorator' retrieved from /home/airflow/.local/lib/python3.12/site-packages/airflow/example_dags/example_sensor_decorator.py
[2025-10-06T21:01:04.779+0000] {logging_mixin.py:190} INFO - [2025-10-06T21:01:04.778+0000] {dag.py:3239} INFO - Sync 1 DAGs
[2025-10-06T21:01:04.794+0000] {logging_mixin.py:190} INFO - [2025-10-06T21:01:04.794+0000] {dag.py:4180} INFO - Setting next_dagrun for example_sensor_decorator to None, run_after=None
[2025-10-06T21:01:04.820+0000] {processor.py:208} INFO - Processing /home/airflow/.local/lib/python3.12/site-packages/airflow/example_dags/example_sensor_decorator.py took 0.080 seconds
[2025-10-06T21:01:34.904+0000] {processor.py:186} INFO - Started process (PID=1062) to work on /home/airflow/.local/lib/python3.12/site-packages/airflow/example_dags/example_sensor_decorator.py
[2025-10-06T21:01:34.905+0000] {processor.py:914} INFO - Processing file /home/airflow/.local/lib/python3.12/site-packages/airflow/example_dags/example_sensor_decorator.py for tasks to queue
[2025-10-06T21:01:34.908+0000] {logging_mixin.py:190} INFO - [2025-10-06T21:01:34.908+0000] {dagbag.py:588} INFO - Filling up the DagBag from /home/airflow/.local/lib/python3.12/site-packages/airflow/example_dags/example_sensor_decorator.py
[2025-10-06T21:01:34.917+0000] {processor.py:925} INFO - DAG(s) 'example_sensor_decorator' retrieved from /home/airflow/.local/lib/python3.12/site-packages/airflow/example_dags/example_sensor_decorator.py
[2025-10-06T21:01:34.940+0000] {logging_mixin.py:190} INFO - [2025-10-06T21:01:34.940+0000] {dag.py:3239} INFO - Sync 1 DAGs
[2025-10-06T21:01:34.958+0000] {logging_mixin.py:190} INFO - [2025-10-06T21:01:34.958+0000] {dag.py:4180} INFO - Setting next_dagrun for example_sensor_decorator to None, run_after=None
[2025-10-06T21:01:34.980+0000] {processor.py:208} INFO - Processing /home/airflow/.local/lib/python3.12/site-packages/airflow/example_dags/example_sensor_decorator.py took 0.083 seconds
[2025-10-06T21:02:05.098+0000] {processor.py:186} INFO - Started process (PID=1124) to work on /home/airflow/.local/lib/python3.12/site-packages/airflow/example_dags/example_sensor_decorator.py
[2025-10-06T21:02:05.100+0000] {processor.py:914} INFO - Processing file /home/airflow/.local/lib/python3.12/site-packages/airflow/example_dags/example_sensor_decorator.py for tasks to queue
[2025-10-06T21:02:05.104+0000] {logging_mixin.py:190} INFO - [2025-10-06T21:02:05.104+0000] {dagbag.py:588} INFO - Filling up the DagBag from /home/airflow/.local/lib/python3.12/site-packages/airflow/example_dags/example_sensor_decorator.py
[2025-10-06T21:02:05.119+0000] {processor.py:925} INFO - DAG(s) 'example_sensor_decorator' retrieved from /home/airflow/.local/lib/python3.12/site-packages/airflow/example_dags/example_sensor_decorator.py
[2025-10-06T21:02:05.149+0000] {logging_mixin.py:190} INFO - [2025-10-06T21:02:05.149+0000] {dag.py:3239} INFO - Sync 1 DAGs
[2025-10-06T21:02:05.174+0000] {logging_mixin.py:190} INFO - [2025-10-06T21:02:05.174+0000] {dag.py:4180} INFO - Setting next_dagrun for example_sensor_decorator to None, run_after=None
[2025-10-06T21:02:05.205+0000] {processor.py:208} INFO - Processing /home/airflow/.local/lib/python3.12/site-packages/airflow/example_dags/example_sensor_decorator.py took 0.115 seconds
[2025-10-06T21:02:35.589+0000] {processor.py:186} INFO - Started process (PID=1188) to work on /home/airflow/.local/lib/python3.12/site-packages/airflow/example_dags/example_sensor_decorator.py
[2025-10-06T21:02:35.593+0000] {processor.py:914} INFO - Processing file /home/airflow/.local/lib/python3.12/site-packages/airflow/example_dags/example_sensor_decorator.py for tasks to queue
[2025-10-06T21:02:35.609+0000] {logging_mixin.py:190} INFO - [2025-10-06T21:02:35.607+0000] {dagbag.py:588} INFO - Filling up the DagBag from /home/airflow/.local/lib/python3.12/site-packages/airflow/example_dags/example_sensor_decorator.py
[2025-10-06T21:02:35.651+0000] {processor.py:925} INFO - DAG(s) 'example_sensor_decorator' retrieved from /home/airflow/.local/lib/python3.12/site-packages/airflow/example_dags/example_sensor_decorator.py
[2025-10-06T21:02:35.747+0000] {logging_mixin.py:190} INFO - [2025-10-06T21:02:35.747+0000] {dag.py:3239} INFO - Sync 1 DAGs
[2025-10-06T21:02:35.991+0000] {logging_mixin.py:190} INFO - [2025-10-06T21:02:35.990+0000] {dag.py:4180} INFO - Setting next_dagrun for example_sensor_decorator to None, run_after=None
[2025-10-06T21:02:36.119+0000] {processor.py:208} INFO - Processing /home/airflow/.local/lib/python3.12/site-packages/airflow/example_dags/example_sensor_decorator.py took 0.552 seconds
[2025-10-06T21:03:06.567+0000] {processor.py:186} INFO - Started process (PID=1251) to work on /home/airflow/.local/lib/python3.12/site-packages/airflow/example_dags/example_sensor_decorator.py
[2025-10-06T21:03:06.569+0000] {processor.py:914} INFO - Processing file /home/airflow/.local/lib/python3.12/site-packages/airflow/example_dags/example_sensor_decorator.py for tasks to queue
[2025-10-06T21:03:06.572+0000] {logging_mixin.py:190} INFO - [2025-10-06T21:03:06.572+0000] {dagbag.py:588} INFO - Filling up the DagBag from /home/airflow/.local/lib/python3.12/site-packages/airflow/example_dags/example_sensor_decorator.py
[2025-10-06T21:03:06.583+0000] {processor.py:925} INFO - DAG(s) 'example_sensor_decorator' retrieved from /home/airflow/.local/lib/python3.12/site-packages/airflow/example_dags/example_sensor_decorator.py
[2025-10-06T21:03:06.608+0000] {logging_mixin.py:190} INFO - [2025-10-06T21:03:06.607+0000] {dag.py:3239} INFO - Sync 1 DAGs
[2025-10-06T21:03:06.627+0000] {logging_mixin.py:190} INFO - [2025-10-06T21:03:06.627+0000] {dag.py:4180} INFO - Setting next_dagrun for example_sensor_decorator to None, run_after=None
[2025-10-06T21:03:06.651+0000] {processor.py:208} INFO - Processing /home/airflow/.local/lib/python3.12/site-packages/airflow/example_dags/example_sensor_decorator.py took 0.092 seconds
[2025-10-06T21:03:37.081+0000] {processor.py:186} INFO - Started process (PID=1314) to work on /home/airflow/.local/lib/python3.12/site-packages/airflow/example_dags/example_sensor_decorator.py
[2025-10-06T21:03:37.082+0000] {processor.py:914} INFO - Processing file /home/airflow/.local/lib/python3.12/site-packages/airflow/example_dags/example_sensor_decorator.py for tasks to queue
[2025-10-06T21:03:37.085+0000] {logging_mixin.py:190} INFO - [2025-10-06T21:03:37.085+0000] {dagbag.py:588} INFO - Filling up the DagBag from /home/airflow/.local/lib/python3.12/site-packages/airflow/example_dags/example_sensor_decorator.py
[2025-10-06T21:03:37.096+0000] {processor.py:925} INFO - DAG(s) 'example_sensor_decorator' retrieved from /home/airflow/.local/lib/python3.12/site-packages/airflow/example_dags/example_sensor_decorator.py
[2025-10-06T21:03:37.119+0000] {logging_mixin.py:190} INFO - [2025-10-06T21:03:37.119+0000] {dag.py:3239} INFO - Sync 1 DAGs
[2025-10-06T21:03:37.136+0000] {logging_mixin.py:190} INFO - [2025-10-06T21:03:37.136+0000] {dag.py:4180} INFO - Setting next_dagrun for example_sensor_decorator to None, run_after=None
[2025-10-06T21:03:37.159+0000] {processor.py:208} INFO - Processing /home/airflow/.local/lib/python3.12/site-packages/airflow/example_dags/example_sensor_decorator.py took 0.086 seconds
[2025-10-06T21:04:07.972+0000] {processor.py:186} INFO - Started process (PID=1377) to work on /home/airflow/.local/lib/python3.12/site-packages/airflow/example_dags/example_sensor_decorator.py
[2025-10-06T21:04:07.973+0000] {processor.py:914} INFO - Processing file /home/airflow/.local/lib/python3.12/site-packages/airflow/example_dags/example_sensor_decorator.py for tasks to queue
[2025-10-06T21:04:07.977+0000] {logging_mixin.py:190} INFO - [2025-10-06T21:04:07.976+0000] {dagbag.py:588} INFO - Filling up the DagBag from /home/airflow/.local/lib/python3.12/site-packages/airflow/example_dags/example_sensor_decorator.py
[2025-10-06T21:04:07.991+0000] {processor.py:925} INFO - DAG(s) 'example_sensor_decorator' retrieved from /home/airflow/.local/lib/python3.12/site-packages/airflow/example_dags/example_sensor_decorator.py
[2025-10-06T21:04:08.022+0000] {logging_mixin.py:190} INFO - [2025-10-06T21:04:08.021+0000] {dag.py:3239} INFO - Sync 1 DAGs
[2025-10-06T21:04:08.042+0000] {logging_mixin.py:190} INFO - [2025-10-06T21:04:08.042+0000] {dag.py:4180} INFO - Setting next_dagrun for example_sensor_decorator to None, run_after=None
[2025-10-06T21:04:08.075+0000] {processor.py:208} INFO - Processing /home/airflow/.local/lib/python3.12/site-packages/airflow/example_dags/example_sensor_decorator.py took 0.113 seconds
[2025-10-06T21:04:38.772+0000] {processor.py:186} INFO - Started process (PID=1440) to work on /home/airflow/.local/lib/python3.12/site-packages/airflow/example_dags/example_sensor_decorator.py
[2025-10-06T21:04:38.774+0000] {processor.py:914} INFO - Processing file /home/airflow/.local/lib/python3.12/site-packages/airflow/example_dags/example_sensor_decorator.py for tasks to queue
[2025-10-06T21:04:38.777+0000] {logging_mixin.py:190} INFO - [2025-10-06T21:04:38.776+0000] {dagbag.py:588} INFO - Filling up the DagBag from /home/airflow/.local/lib/python3.12/site-packages/airflow/example_dags/example_sensor_decorator.py
[2025-10-06T21:04:38.788+0000] {processor.py:925} INFO - DAG(s) 'example_sensor_decorator' retrieved from /home/airflow/.local/lib/python3.12/site-packages/airflow/example_dags/example_sensor_decorator.py
[2025-10-06T21:04:38.814+0000] {logging_mixin.py:190} INFO - [2025-10-06T21:04:38.814+0000] {dag.py:3239} INFO - Sync 1 DAGs
[2025-10-06T21:04:38.831+0000] {logging_mixin.py:190} INFO - [2025-10-06T21:04:38.831+0000] {dag.py:4180} INFO - Setting next_dagrun for example_sensor_decorator to None, run_after=None
[2025-10-06T21:04:38.856+0000] {processor.py:208} INFO - Processing /home/airflow/.local/lib/python3.12/site-packages/airflow/example_dags/example_sensor_decorator.py took 0.091 seconds
[2025-10-06T21:05:08.965+0000] {processor.py:186} INFO - Started process (PID=1497) to work on /home/airflow/.local/lib/python3.12/site-packages/airflow/example_dags/example_sensor_decorator.py
[2025-10-06T21:05:08.967+0000] {processor.py:914} INFO - Processing file /home/airflow/.local/lib/python3.12/site-packages/airflow/example_dags/example_sensor_decorator.py for tasks to queue
[2025-10-06T21:05:08.969+0000] {logging_mixin.py:190} INFO - [2025-10-06T21:05:08.969+0000] {dagbag.py:588} INFO - Filling up the DagBag from /home/airflow/.local/lib/python3.12/site-packages/airflow/example_dags/example_sensor_decorator.py
[2025-10-06T21:05:08.978+0000] {processor.py:925} INFO - DAG(s) 'example_sensor_decorator' retrieved from /home/airflow/.local/lib/python3.12/site-packages/airflow/example_dags/example_sensor_decorator.py
[2025-10-06T21:05:08.999+0000] {logging_mixin.py:190} INFO - [2025-10-06T21:05:08.999+0000] {dag.py:3239} INFO - Sync 1 DAGs
[2025-10-06T21:05:09.014+0000] {logging_mixin.py:190} INFO - [2025-10-06T21:05:09.014+0000] {dag.py:4180} INFO - Setting next_dagrun for example_sensor_decorator to None, run_after=None
[2025-10-06T21:05:09.037+0000] {processor.py:208} INFO - Processing /home/airflow/.local/lib/python3.12/site-packages/airflow/example_dags/example_sensor_decorator.py took 0.079 seconds
[2025-10-06T21:05:39.199+0000] {processor.py:186} INFO - Started process (PID=1560) to work on /home/airflow/.local/lib/python3.12/site-packages/airflow/example_dags/example_sensor_decorator.py
[2025-10-06T21:05:39.201+0000] {processor.py:914} INFO - Processing file /home/airflow/.local/lib/python3.12/site-packages/airflow/example_dags/example_sensor_decorator.py for tasks to queue
[2025-10-06T21:05:39.204+0000] {logging_mixin.py:190} INFO - [2025-10-06T21:05:39.204+0000] {dagbag.py:588} INFO - Filling up the DagBag from /home/airflow/.local/lib/python3.12/site-packages/airflow/example_dags/example_sensor_decorator.py
[2025-10-06T21:05:39.214+0000] {processor.py:925} INFO - DAG(s) 'example_sensor_decorator' retrieved from /home/airflow/.local/lib/python3.12/site-packages/airflow/example_dags/example_sensor_decorator.py
[2025-10-06T21:05:39.235+0000] {logging_mixin.py:190} INFO - [2025-10-06T21:05:39.235+0000] {dag.py:3239} INFO - Sync 1 DAGs
[2025-10-06T21:05:39.251+0000] {logging_mixin.py:190} INFO - [2025-10-06T21:05:39.251+0000] {dag.py:4180} INFO - Setting next_dagrun for example_sensor_decorator to None, run_after=None
[2025-10-06T21:05:39.273+0000] {processor.py:208} INFO - Processing /home/airflow/.local/lib/python3.12/site-packages/airflow/example_dags/example_sensor_decorator.py took 0.081 seconds
[2025-10-06T21:06:09.497+0000] {processor.py:186} INFO - Started process (PID=1625) to work on /home/airflow/.local/lib/python3.12/site-packages/airflow/example_dags/example_sensor_decorator.py
[2025-10-06T21:06:09.499+0000] {processor.py:914} INFO - Processing file /home/airflow/.local/lib/python3.12/site-packages/airflow/example_dags/example_sensor_decorator.py for tasks to queue
[2025-10-06T21:06:09.501+0000] {logging_mixin.py:190} INFO - [2025-10-06T21:06:09.501+0000] {dagbag.py:588} INFO - Filling up the DagBag from /home/airflow/.local/lib/python3.12/site-packages/airflow/example_dags/example_sensor_decorator.py
[2025-10-06T21:06:09.510+0000] {processor.py:925} INFO - DAG(s) 'example_sensor_decorator' retrieved from /home/airflow/.local/lib/python3.12/site-packages/airflow/example_dags/example_sensor_decorator.py
[2025-10-06T21:06:09.532+0000] {logging_mixin.py:190} INFO - [2025-10-06T21:06:09.532+0000] {dag.py:3239} INFO - Sync 1 DAGs
[2025-10-06T21:06:09.549+0000] {logging_mixin.py:190} INFO - [2025-10-06T21:06:09.549+0000] {dag.py:4180} INFO - Setting next_dagrun for example_sensor_decorator to None, run_after=None
[2025-10-06T21:06:09.572+0000] {processor.py:208} INFO - Processing /home/airflow/.local/lib/python3.12/site-packages/airflow/example_dags/example_sensor_decorator.py took 0.081 seconds
[2025-10-06T21:06:40.002+0000] {processor.py:186} INFO - Started process (PID=1690) to work on /home/airflow/.local/lib/python3.12/site-packages/airflow/example_dags/example_sensor_decorator.py
[2025-10-06T21:06:40.004+0000] {processor.py:914} INFO - Processing file /home/airflow/.local/lib/python3.12/site-packages/airflow/example_dags/example_sensor_decorator.py for tasks to queue
[2025-10-06T21:06:40.008+0000] {logging_mixin.py:190} INFO - [2025-10-06T21:06:40.007+0000] {dagbag.py:588} INFO - Filling up the DagBag from /home/airflow/.local/lib/python3.12/site-packages/airflow/example_dags/example_sensor_decorator.py
[2025-10-06T21:06:40.019+0000] {processor.py:925} INFO - DAG(s) 'example_sensor_decorator' retrieved from /home/airflow/.local/lib/python3.12/site-packages/airflow/example_dags/example_sensor_decorator.py
[2025-10-06T21:06:40.046+0000] {logging_mixin.py:190} INFO - [2025-10-06T21:06:40.045+0000] {dag.py:3239} INFO - Sync 1 DAGs
[2025-10-06T21:06:40.069+0000] {logging_mixin.py:190} INFO - [2025-10-06T21:06:40.069+0000] {dag.py:4180} INFO - Setting next_dagrun for example_sensor_decorator to None, run_after=None
[2025-10-06T21:06:40.094+0000] {processor.py:208} INFO - Processing /home/airflow/.local/lib/python3.12/site-packages/airflow/example_dags/example_sensor_decorator.py took 0.099 seconds
[2025-10-06T21:07:12.091+0000] {processor.py:186} INFO - Started process (PID=1753) to work on /home/airflow/.local/lib/python3.12/site-packages/airflow/example_dags/example_sensor_decorator.py
[2025-10-06T21:07:12.093+0000] {processor.py:914} INFO - Processing file /home/airflow/.local/lib/python3.12/site-packages/airflow/example_dags/example_sensor_decorator.py for tasks to queue
[2025-10-06T21:07:12.098+0000] {logging_mixin.py:190} INFO - [2025-10-06T21:07:12.097+0000] {dagbag.py:588} INFO - Filling up the DagBag from /home/airflow/.local/lib/python3.12/site-packages/airflow/example_dags/example_sensor_decorator.py
[2025-10-06T21:07:12.112+0000] {processor.py:925} INFO - DAG(s) 'example_sensor_decorator' retrieved from /home/airflow/.local/lib/python3.12/site-packages/airflow/example_dags/example_sensor_decorator.py
[2025-10-06T21:07:12.145+0000] {logging_mixin.py:190} INFO - [2025-10-06T21:07:12.145+0000] {dag.py:3239} INFO - Sync 1 DAGs
[2025-10-06T21:07:12.169+0000] {logging_mixin.py:190} INFO - [2025-10-06T21:07:12.169+0000] {dag.py:4180} INFO - Setting next_dagrun for example_sensor_decorator to None, run_after=None
[2025-10-06T21:07:12.203+0000] {processor.py:208} INFO - Processing /home/airflow/.local/lib/python3.12/site-packages/airflow/example_dags/example_sensor_decorator.py took 0.123 seconds
[2025-10-06T21:07:42.747+0000] {processor.py:186} INFO - Started process (PID=1816) to work on /home/airflow/.local/lib/python3.12/site-packages/airflow/example_dags/example_sensor_decorator.py
[2025-10-06T21:07:42.748+0000] {processor.py:914} INFO - Processing file /home/airflow/.local/lib/python3.12/site-packages/airflow/example_dags/example_sensor_decorator.py for tasks to queue
[2025-10-06T21:07:42.750+0000] {logging_mixin.py:190} INFO - [2025-10-06T21:07:42.750+0000] {dagbag.py:588} INFO - Filling up the DagBag from /home/airflow/.local/lib/python3.12/site-packages/airflow/example_dags/example_sensor_decorator.py
[2025-10-06T21:07:42.760+0000] {processor.py:925} INFO - DAG(s) 'example_sensor_decorator' retrieved from /home/airflow/.local/lib/python3.12/site-packages/airflow/example_dags/example_sensor_decorator.py
[2025-10-06T21:07:42.781+0000] {logging_mixin.py:190} INFO - [2025-10-06T21:07:42.780+0000] {dag.py:3239} INFO - Sync 1 DAGs
[2025-10-06T21:07:42.796+0000] {logging_mixin.py:190} INFO - [2025-10-06T21:07:42.796+0000] {dag.py:4180} INFO - Setting next_dagrun for example_sensor_decorator to None, run_after=None
[2025-10-06T21:07:42.819+0000] {processor.py:208} INFO - Processing /home/airflow/.local/lib/python3.12/site-packages/airflow/example_dags/example_sensor_decorator.py took 0.079 seconds
[2025-10-06T21:08:13.419+0000] {processor.py:186} INFO - Started process (PID=1879) to work on /home/airflow/.local/lib/python3.12/site-packages/airflow/example_dags/example_sensor_decorator.py
[2025-10-06T21:08:13.421+0000] {processor.py:914} INFO - Processing file /home/airflow/.local/lib/python3.12/site-packages/airflow/example_dags/example_sensor_decorator.py for tasks to queue
[2025-10-06T21:08:13.424+0000] {logging_mixin.py:190} INFO - [2025-10-06T21:08:13.423+0000] {dagbag.py:588} INFO - Filling up the DagBag from /home/airflow/.local/lib/python3.12/site-packages/airflow/example_dags/example_sensor_decorator.py
[2025-10-06T21:08:13.434+0000] {processor.py:925} INFO - DAG(s) 'example_sensor_decorator' retrieved from /home/airflow/.local/lib/python3.12/site-packages/airflow/example_dags/example_sensor_decorator.py
[2025-10-06T21:08:13.457+0000] {logging_mixin.py:190} INFO - [2025-10-06T21:08:13.457+0000] {dag.py:3239} INFO - Sync 1 DAGs
[2025-10-06T21:08:13.473+0000] {logging_mixin.py:190} INFO - [2025-10-06T21:08:13.473+0000] {dag.py:4180} INFO - Setting next_dagrun for example_sensor_decorator to None, run_after=None
[2025-10-06T21:08:13.495+0000] {processor.py:208} INFO - Processing /home/airflow/.local/lib/python3.12/site-packages/airflow/example_dags/example_sensor_decorator.py took 0.083 seconds
[2025-10-06T21:08:43.731+0000] {processor.py:186} INFO - Started process (PID=1942) to work on /home/airflow/.local/lib/python3.12/site-packages/airflow/example_dags/example_sensor_decorator.py
[2025-10-06T21:08:43.732+0000] {processor.py:914} INFO - Processing file /home/airflow/.local/lib/python3.12/site-packages/airflow/example_dags/example_sensor_decorator.py for tasks to queue
[2025-10-06T21:08:43.735+0000] {logging_mixin.py:190} INFO - [2025-10-06T21:08:43.735+0000] {dagbag.py:588} INFO - Filling up the DagBag from /home/airflow/.local/lib/python3.12/site-packages/airflow/example_dags/example_sensor_decorator.py
[2025-10-06T21:08:43.745+0000] {processor.py:925} INFO - DAG(s) 'example_sensor_decorator' retrieved from /home/airflow/.local/lib/python3.12/site-packages/airflow/example_dags/example_sensor_decorator.py
[2025-10-06T21:08:43.767+0000] {logging_mixin.py:190} INFO - [2025-10-06T21:08:43.767+0000] {dag.py:3239} INFO - Sync 1 DAGs
[2025-10-06T21:08:43.783+0000] {logging_mixin.py:190} INFO - [2025-10-06T21:08:43.783+0000] {dag.py:4180} INFO - Setting next_dagrun for example_sensor_decorator to None, run_after=None
[2025-10-06T21:08:43.805+0000] {processor.py:208} INFO - Processing /home/airflow/.local/lib/python3.12/site-packages/airflow/example_dags/example_sensor_decorator.py took 0.081 seconds
[2025-10-06T21:09:14.065+0000] {processor.py:186} INFO - Started process (PID=2005) to work on /home/airflow/.local/lib/python3.12/site-packages/airflow/example_dags/example_sensor_decorator.py
[2025-10-06T21:09:14.067+0000] {processor.py:914} INFO - Processing file /home/airflow/.local/lib/python3.12/site-packages/airflow/example_dags/example_sensor_decorator.py for tasks to queue
[2025-10-06T21:09:14.070+0000] {logging_mixin.py:190} INFO - [2025-10-06T21:09:14.069+0000] {dagbag.py:588} INFO - Filling up the DagBag from /home/airflow/.local/lib/python3.12/site-packages/airflow/example_dags/example_sensor_decorator.py
[2025-10-06T21:09:14.080+0000] {processor.py:925} INFO - DAG(s) 'example_sensor_decorator' retrieved from /home/airflow/.local/lib/python3.12/site-packages/airflow/example_dags/example_sensor_decorator.py
[2025-10-06T21:09:14.100+0000] {logging_mixin.py:190} INFO - [2025-10-06T21:09:14.100+0000] {dag.py:3239} INFO - Sync 1 DAGs
[2025-10-06T21:09:14.116+0000] {logging_mixin.py:190} INFO - [2025-10-06T21:09:14.115+0000] {dag.py:4180} INFO - Setting next_dagrun for example_sensor_decorator to None, run_after=None
[2025-10-06T21:09:14.136+0000] {processor.py:208} INFO - Processing /home/airflow/.local/lib/python3.12/site-packages/airflow/example_dags/example_sensor_decorator.py took 0.077 seconds
[2025-10-06T21:09:44.704+0000] {processor.py:186} INFO - Started process (PID=2068) to work on /home/airflow/.local/lib/python3.12/site-packages/airflow/example_dags/example_sensor_decorator.py
[2025-10-06T21:09:44.705+0000] {processor.py:914} INFO - Processing file /home/airflow/.local/lib/python3.12/site-packages/airflow/example_dags/example_sensor_decorator.py for tasks to queue
[2025-10-06T21:09:44.708+0000] {logging_mixin.py:190} INFO - [2025-10-06T21:09:44.708+0000] {dagbag.py:588} INFO - Filling up the DagBag from /home/airflow/.local/lib/python3.12/site-packages/airflow/example_dags/example_sensor_decorator.py
[2025-10-06T21:09:44.717+0000] {processor.py:925} INFO - DAG(s) 'example_sensor_decorator' retrieved from /home/airflow/.local/lib/python3.12/site-packages/airflow/example_dags/example_sensor_decorator.py
[2025-10-06T21:09:44.739+0000] {logging_mixin.py:190} INFO - [2025-10-06T21:09:44.739+0000] {dag.py:3239} INFO - Sync 1 DAGs
[2025-10-06T21:09:44.754+0000] {logging_mixin.py:190} INFO - [2025-10-06T21:09:44.754+0000] {dag.py:4180} INFO - Setting next_dagrun for example_sensor_decorator to None, run_after=None
[2025-10-06T21:09:44.776+0000] {processor.py:208} INFO - Processing /home/airflow/.local/lib/python3.12/site-packages/airflow/example_dags/example_sensor_decorator.py took 0.078 seconds
[2025-10-06T21:10:15.026+0000] {processor.py:186} INFO - Started process (PID=2130) to work on /home/airflow/.local/lib/python3.12/site-packages/airflow/example_dags/example_sensor_decorator.py
[2025-10-06T21:10:15.028+0000] {processor.py:914} INFO - Processing file /home/airflow/.local/lib/python3.12/site-packages/airflow/example_dags/example_sensor_decorator.py for tasks to queue
[2025-10-06T21:10:15.033+0000] {logging_mixin.py:190} INFO - [2025-10-06T21:10:15.032+0000] {dagbag.py:588} INFO - Filling up the DagBag from /home/airflow/.local/lib/python3.12/site-packages/airflow/example_dags/example_sensor_decorator.py
[2025-10-06T21:10:15.052+0000] {processor.py:925} INFO - DAG(s) 'example_sensor_decorator' retrieved from /home/airflow/.local/lib/python3.12/site-packages/airflow/example_dags/example_sensor_decorator.py
[2025-10-06T21:10:15.084+0000] {logging_mixin.py:190} INFO - [2025-10-06T21:10:15.083+0000] {dag.py:3239} INFO - Sync 1 DAGs
[2025-10-06T21:10:15.109+0000] {logging_mixin.py:190} INFO - [2025-10-06T21:10:15.109+0000] {dag.py:4180} INFO - Setting next_dagrun for example_sensor_decorator to None, run_after=None
[2025-10-06T21:10:15.145+0000] {processor.py:208} INFO - Processing /home/airflow/.local/lib/python3.12/site-packages/airflow/example_dags/example_sensor_decorator.py took 0.132 seconds
[2025-10-06T21:10:46.187+0000] {processor.py:186} INFO - Started process (PID=2193) to work on /home/airflow/.local/lib/python3.12/site-packages/airflow/example_dags/example_sensor_decorator.py
[2025-10-06T21:10:46.189+0000] {processor.py:914} INFO - Processing file /home/airflow/.local/lib/python3.12/site-packages/airflow/example_dags/example_sensor_decorator.py for tasks to queue
[2025-10-06T21:10:46.196+0000] {logging_mixin.py:190} INFO - [2025-10-06T21:10:46.195+0000] {dagbag.py:588} INFO - Filling up the DagBag from /home/airflow/.local/lib/python3.12/site-packages/airflow/example_dags/example_sensor_decorator.py
[2025-10-06T21:10:46.214+0000] {processor.py:925} INFO - DAG(s) 'example_sensor_decorator' retrieved from /home/airflow/.local/lib/python3.12/site-packages/airflow/example_dags/example_sensor_decorator.py
[2025-10-06T21:10:46.261+0000] {logging_mixin.py:190} INFO - [2025-10-06T21:10:46.261+0000] {dag.py:3239} INFO - Sync 1 DAGs
[2025-10-06T21:10:46.295+0000] {logging_mixin.py:190} INFO - [2025-10-06T21:10:46.294+0000] {dag.py:4180} INFO - Setting next_dagrun for example_sensor_decorator to None, run_after=None
[2025-10-06T21:10:46.340+0000] {processor.py:208} INFO - Processing /home/airflow/.local/lib/python3.12/site-packages/airflow/example_dags/example_sensor_decorator.py took 0.169 seconds
[2025-10-06T21:11:17.265+0000] {processor.py:186} INFO - Started process (PID=2257) to work on /home/airflow/.local/lib/python3.12/site-packages/airflow/example_dags/example_sensor_decorator.py
[2025-10-06T21:11:17.266+0000] {processor.py:914} INFO - Processing file /home/airflow/.local/lib/python3.12/site-packages/airflow/example_dags/example_sensor_decorator.py for tasks to queue
[2025-10-06T21:11:17.269+0000] {logging_mixin.py:190} INFO - [2025-10-06T21:11:17.268+0000] {dagbag.py:588} INFO - Filling up the DagBag from /home/airflow/.local/lib/python3.12/site-packages/airflow/example_dags/example_sensor_decorator.py
[2025-10-06T21:11:17.277+0000] {processor.py:925} INFO - DAG(s) 'example_sensor_decorator' retrieved from /home/airflow/.local/lib/python3.12/site-packages/airflow/example_dags/example_sensor_decorator.py
[2025-10-06T21:11:17.300+0000] {logging_mixin.py:190} INFO - [2025-10-06T21:11:17.300+0000] {dag.py:3239} INFO - Sync 1 DAGs
[2025-10-06T21:11:17.316+0000] {logging_mixin.py:190} INFO - [2025-10-06T21:11:17.316+0000] {dag.py:4180} INFO - Setting next_dagrun for example_sensor_decorator to None, run_after=None
[2025-10-06T21:11:17.347+0000] {processor.py:208} INFO - Processing /home/airflow/.local/lib/python3.12/site-packages/airflow/example_dags/example_sensor_decorator.py took 0.088 seconds
[2025-10-06T21:11:47.967+0000] {processor.py:186} INFO - Started process (PID=2320) to work on /home/airflow/.local/lib/python3.12/site-packages/airflow/example_dags/example_sensor_decorator.py
[2025-10-06T21:11:47.968+0000] {processor.py:914} INFO - Processing file /home/airflow/.local/lib/python3.12/site-packages/airflow/example_dags/example_sensor_decorator.py for tasks to queue
[2025-10-06T21:11:47.970+0000] {logging_mixin.py:190} INFO - [2025-10-06T21:11:47.970+0000] {dagbag.py:588} INFO - Filling up the DagBag from /home/airflow/.local/lib/python3.12/site-packages/airflow/example_dags/example_sensor_decorator.py
[2025-10-06T21:11:47.980+0000] {processor.py:925} INFO - DAG(s) 'example_sensor_decorator' retrieved from /home/airflow/.local/lib/python3.12/site-packages/airflow/example_dags/example_sensor_decorator.py
[2025-10-06T21:11:48.003+0000] {logging_mixin.py:190} INFO - [2025-10-06T21:11:48.002+0000] {dag.py:3239} INFO - Sync 1 DAGs
[2025-10-06T21:11:48.022+0000] {logging_mixin.py:190} INFO - [2025-10-06T21:11:48.022+0000] {dag.py:4180} INFO - Setting next_dagrun for example_sensor_decorator to None, run_after=None
[2025-10-06T21:11:48.058+0000] {processor.py:208} INFO - Processing /home/airflow/.local/lib/python3.12/site-packages/airflow/example_dags/example_sensor_decorator.py took 0.098 seconds
[2025-10-06T21:12:18.531+0000] {processor.py:186} INFO - Started process (PID=2383) to work on /home/airflow/.local/lib/python3.12/site-packages/airflow/example_dags/example_sensor_decorator.py
[2025-10-06T21:12:18.533+0000] {processor.py:914} INFO - Processing file /home/airflow/.local/lib/python3.12/site-packages/airflow/example_dags/example_sensor_decorator.py for tasks to queue
[2025-10-06T21:12:18.536+0000] {logging_mixin.py:190} INFO - [2025-10-06T21:12:18.536+0000] {dagbag.py:588} INFO - Filling up the DagBag from /home/airflow/.local/lib/python3.12/site-packages/airflow/example_dags/example_sensor_decorator.py
[2025-10-06T21:12:18.548+0000] {processor.py:925} INFO - DAG(s) 'example_sensor_decorator' retrieved from /home/airflow/.local/lib/python3.12/site-packages/airflow/example_dags/example_sensor_decorator.py
[2025-10-06T21:12:18.570+0000] {logging_mixin.py:190} INFO - [2025-10-06T21:12:18.569+0000] {dag.py:3239} INFO - Sync 1 DAGs
[2025-10-06T21:12:18.585+0000] {logging_mixin.py:190} INFO - [2025-10-06T21:12:18.585+0000] {dag.py:4180} INFO - Setting next_dagrun for example_sensor_decorator to None, run_after=None
[2025-10-06T21:12:18.606+0000] {processor.py:208} INFO - Processing /home/airflow/.local/lib/python3.12/site-packages/airflow/example_dags/example_sensor_decorator.py took 0.081 seconds
[2025-10-06T21:12:57.809+0000] {processor.py:186} INFO - Started process (PID=2448) to work on /home/airflow/.local/lib/python3.12/site-packages/airflow/example_dags/example_sensor_decorator.py
[2025-10-06T21:12:57.811+0000] {processor.py:914} INFO - Processing file /home/airflow/.local/lib/python3.12/site-packages/airflow/example_dags/example_sensor_decorator.py for tasks to queue
[2025-10-06T21:12:57.815+0000] {logging_mixin.py:190} INFO - [2025-10-06T21:12:57.814+0000] {dagbag.py:588} INFO - Filling up the DagBag from /home/airflow/.local/lib/python3.12/site-packages/airflow/example_dags/example_sensor_decorator.py
[2025-10-06T21:12:57.829+0000] {processor.py:925} INFO - DAG(s) 'example_sensor_decorator' retrieved from /home/airflow/.local/lib/python3.12/site-packages/airflow/example_dags/example_sensor_decorator.py
[2025-10-06T21:12:57.858+0000] {logging_mixin.py:190} INFO - [2025-10-06T21:12:57.857+0000] {dag.py:3239} INFO - Sync 1 DAGs
[2025-10-06T21:12:57.878+0000] {logging_mixin.py:190} INFO - [2025-10-06T21:12:57.877+0000] {dag.py:4180} INFO - Setting next_dagrun for example_sensor_decorator to None, run_after=None
[2025-10-06T21:12:57.905+0000] {processor.py:208} INFO - Processing /home/airflow/.local/lib/python3.12/site-packages/airflow/example_dags/example_sensor_decorator.py took 0.105 seconds
[2025-10-06T21:13:28.132+0000] {processor.py:186} INFO - Started process (PID=2510) to work on /home/airflow/.local/lib/python3.12/site-packages/airflow/example_dags/example_sensor_decorator.py
[2025-10-06T21:13:28.135+0000] {processor.py:914} INFO - Processing file /home/airflow/.local/lib/python3.12/site-packages/airflow/example_dags/example_sensor_decorator.py for tasks to queue
[2025-10-06T21:13:28.142+0000] {logging_mixin.py:190} INFO - [2025-10-06T21:13:28.141+0000] {dagbag.py:588} INFO - Filling up the DagBag from /home/airflow/.local/lib/python3.12/site-packages/airflow/example_dags/example_sensor_decorator.py
[2025-10-06T21:13:28.160+0000] {processor.py:925} INFO - DAG(s) 'example_sensor_decorator' retrieved from /home/airflow/.local/lib/python3.12/site-packages/airflow/example_dags/example_sensor_decorator.py
[2025-10-06T21:13:28.194+0000] {logging_mixin.py:190} INFO - [2025-10-06T21:13:28.194+0000] {dag.py:3239} INFO - Sync 1 DAGs
[2025-10-06T21:13:28.218+0000] {logging_mixin.py:190} INFO - [2025-10-06T21:13:28.217+0000] {dag.py:4180} INFO - Setting next_dagrun for example_sensor_decorator to None, run_after=None
[2025-10-06T21:13:28.251+0000] {processor.py:208} INFO - Processing /home/airflow/.local/lib/python3.12/site-packages/airflow/example_dags/example_sensor_decorator.py took 0.132 seconds
[2025-10-06T21:13:58.870+0000] {processor.py:186} INFO - Started process (PID=2572) to work on /home/airflow/.local/lib/python3.12/site-packages/airflow/example_dags/example_sensor_decorator.py
[2025-10-06T21:13:58.872+0000] {processor.py:914} INFO - Processing file /home/airflow/.local/lib/python3.12/site-packages/airflow/example_dags/example_sensor_decorator.py for tasks to queue
[2025-10-06T21:13:58.877+0000] {logging_mixin.py:190} INFO - [2025-10-06T21:13:58.876+0000] {dagbag.py:588} INFO - Filling up the DagBag from /home/airflow/.local/lib/python3.12/site-packages/airflow/example_dags/example_sensor_decorator.py
[2025-10-06T21:13:58.891+0000] {processor.py:925} INFO - DAG(s) 'example_sensor_decorator' retrieved from /home/airflow/.local/lib/python3.12/site-packages/airflow/example_dags/example_sensor_decorator.py
[2025-10-06T21:13:58.914+0000] {logging_mixin.py:190} INFO - [2025-10-06T21:13:58.914+0000] {dag.py:3239} INFO - Sync 1 DAGs
[2025-10-06T21:13:58.931+0000] {logging_mixin.py:190} INFO - [2025-10-06T21:13:58.931+0000] {dag.py:4180} INFO - Setting next_dagrun for example_sensor_decorator to None, run_after=None
[2025-10-06T21:13:58.967+0000] {processor.py:208} INFO - Processing /home/airflow/.local/lib/python3.12/site-packages/airflow/example_dags/example_sensor_decorator.py took 0.106 seconds
[2025-10-06T21:14:29.296+0000] {processor.py:186} INFO - Started process (PID=2635) to work on /home/airflow/.local/lib/python3.12/site-packages/airflow/example_dags/example_sensor_decorator.py
[2025-10-06T21:14:29.299+0000] {processor.py:914} INFO - Processing file /home/airflow/.local/lib/python3.12/site-packages/airflow/example_dags/example_sensor_decorator.py for tasks to queue
[2025-10-06T21:14:29.302+0000] {logging_mixin.py:190} INFO - [2025-10-06T21:14:29.302+0000] {dagbag.py:588} INFO - Filling up the DagBag from /home/airflow/.local/lib/python3.12/site-packages/airflow/example_dags/example_sensor_decorator.py
[2025-10-06T21:14:29.313+0000] {processor.py:925} INFO - DAG(s) 'example_sensor_decorator' retrieved from /home/airflow/.local/lib/python3.12/site-packages/airflow/example_dags/example_sensor_decorator.py
[2025-10-06T21:14:29.332+0000] {logging_mixin.py:190} INFO - [2025-10-06T21:14:29.332+0000] {dag.py:3239} INFO - Sync 1 DAGs
[2025-10-06T21:14:29.347+0000] {logging_mixin.py:190} INFO - [2025-10-06T21:14:29.347+0000] {dag.py:4180} INFO - Setting next_dagrun for example_sensor_decorator to None, run_after=None
[2025-10-06T21:14:29.369+0000] {processor.py:208} INFO - Processing /home/airflow/.local/lib/python3.12/site-packages/airflow/example_dags/example_sensor_decorator.py took 0.081 seconds
[2025-10-06T21:14:59.938+0000] {processor.py:186} INFO - Started process (PID=2691) to work on /home/airflow/.local/lib/python3.12/site-packages/airflow/example_dags/example_sensor_decorator.py
[2025-10-06T21:14:59.939+0000] {processor.py:914} INFO - Processing file /home/airflow/.local/lib/python3.12/site-packages/airflow/example_dags/example_sensor_decorator.py for tasks to queue
[2025-10-06T21:14:59.944+0000] {logging_mixin.py:190} INFO - [2025-10-06T21:14:59.943+0000] {dagbag.py:588} INFO - Filling up the DagBag from /home/airflow/.local/lib/python3.12/site-packages/airflow/example_dags/example_sensor_decorator.py
[2025-10-06T21:14:59.961+0000] {processor.py:925} INFO - DAG(s) 'example_sensor_decorator' retrieved from /home/airflow/.local/lib/python3.12/site-packages/airflow/example_dags/example_sensor_decorator.py
[2025-10-06T21:15:00.009+0000] {logging_mixin.py:190} INFO - [2025-10-06T21:15:00.009+0000] {dag.py:3239} INFO - Sync 1 DAGs
[2025-10-06T21:15:00.029+0000] {logging_mixin.py:190} INFO - [2025-10-06T21:15:00.029+0000] {dag.py:4180} INFO - Setting next_dagrun for example_sensor_decorator to None, run_after=None
[2025-10-06T21:15:00.060+0000] {processor.py:208} INFO - Processing /home/airflow/.local/lib/python3.12/site-packages/airflow/example_dags/example_sensor_decorator.py took 0.130 seconds
[2025-10-06T21:15:30.816+0000] {processor.py:186} INFO - Started process (PID=2753) to work on /home/airflow/.local/lib/python3.12/site-packages/airflow/example_dags/example_sensor_decorator.py
[2025-10-06T21:15:30.818+0000] {processor.py:914} INFO - Processing file /home/airflow/.local/lib/python3.12/site-packages/airflow/example_dags/example_sensor_decorator.py for tasks to queue
[2025-10-06T21:15:30.822+0000] {logging_mixin.py:190} INFO - [2025-10-06T21:15:30.822+0000] {dagbag.py:588} INFO - Filling up the DagBag from /home/airflow/.local/lib/python3.12/site-packages/airflow/example_dags/example_sensor_decorator.py
[2025-10-06T21:15:30.832+0000] {processor.py:925} INFO - DAG(s) 'example_sensor_decorator' retrieved from /home/airflow/.local/lib/python3.12/site-packages/airflow/example_dags/example_sensor_decorator.py
[2025-10-06T21:15:30.853+0000] {logging_mixin.py:190} INFO - [2025-10-06T21:15:30.853+0000] {dag.py:3239} INFO - Sync 1 DAGs
[2025-10-06T21:15:30.870+0000] {logging_mixin.py:190} INFO - [2025-10-06T21:15:30.869+0000] {dag.py:4180} INFO - Setting next_dagrun for example_sensor_decorator to None, run_after=None
[2025-10-06T21:15:30.890+0000] {processor.py:208} INFO - Processing /home/airflow/.local/lib/python3.12/site-packages/airflow/example_dags/example_sensor_decorator.py took 0.084 seconds
[2025-10-06T21:16:01.402+0000] {processor.py:186} INFO - Started process (PID=2816) to work on /home/airflow/.local/lib/python3.12/site-packages/airflow/example_dags/example_sensor_decorator.py
[2025-10-06T21:16:01.403+0000] {processor.py:914} INFO - Processing file /home/airflow/.local/lib/python3.12/site-packages/airflow/example_dags/example_sensor_decorator.py for tasks to queue
[2025-10-06T21:16:01.406+0000] {logging_mixin.py:190} INFO - [2025-10-06T21:16:01.406+0000] {dagbag.py:588} INFO - Filling up the DagBag from /home/airflow/.local/lib/python3.12/site-packages/airflow/example_dags/example_sensor_decorator.py
[2025-10-06T21:16:01.416+0000] {processor.py:925} INFO - DAG(s) 'example_sensor_decorator' retrieved from /home/airflow/.local/lib/python3.12/site-packages/airflow/example_dags/example_sensor_decorator.py
[2025-10-06T21:16:01.440+0000] {logging_mixin.py:190} INFO - [2025-10-06T21:16:01.440+0000] {dag.py:3239} INFO - Sync 1 DAGs
[2025-10-06T21:16:01.455+0000] {logging_mixin.py:190} INFO - [2025-10-06T21:16:01.455+0000] {dag.py:4180} INFO - Setting next_dagrun for example_sensor_decorator to None, run_after=None
[2025-10-06T21:16:01.476+0000] {processor.py:208} INFO - Processing /home/airflow/.local/lib/python3.12/site-packages/airflow/example_dags/example_sensor_decorator.py took 0.081 seconds
[2025-10-06T21:16:32.165+0000] {processor.py:186} INFO - Started process (PID=2879) to work on /home/airflow/.local/lib/python3.12/site-packages/airflow/example_dags/example_sensor_decorator.py
[2025-10-06T21:16:32.166+0000] {processor.py:914} INFO - Processing file /home/airflow/.local/lib/python3.12/site-packages/airflow/example_dags/example_sensor_decorator.py for tasks to queue
[2025-10-06T21:16:32.169+0000] {logging_mixin.py:190} INFO - [2025-10-06T21:16:32.169+0000] {dagbag.py:588} INFO - Filling up the DagBag from /home/airflow/.local/lib/python3.12/site-packages/airflow/example_dags/example_sensor_decorator.py
[2025-10-06T21:16:32.181+0000] {processor.py:925} INFO - DAG(s) 'example_sensor_decorator' retrieved from /home/airflow/.local/lib/python3.12/site-packages/airflow/example_dags/example_sensor_decorator.py
[2025-10-06T21:16:32.205+0000] {logging_mixin.py:190} INFO - [2025-10-06T21:16:32.205+0000] {dag.py:3239} INFO - Sync 1 DAGs
[2025-10-06T21:16:32.222+0000] {logging_mixin.py:190} INFO - [2025-10-06T21:16:32.222+0000] {dag.py:4180} INFO - Setting next_dagrun for example_sensor_decorator to None, run_after=None
[2025-10-06T21:16:32.248+0000] {processor.py:208} INFO - Processing /home/airflow/.local/lib/python3.12/site-packages/airflow/example_dags/example_sensor_decorator.py took 0.092 seconds
[2025-10-06T21:17:03.007+0000] {processor.py:186} INFO - Started process (PID=2942) to work on /home/airflow/.local/lib/python3.12/site-packages/airflow/example_dags/example_sensor_decorator.py
[2025-10-06T21:17:03.009+0000] {processor.py:914} INFO - Processing file /home/airflow/.local/lib/python3.12/site-packages/airflow/example_dags/example_sensor_decorator.py for tasks to queue
[2025-10-06T21:17:03.014+0000] {logging_mixin.py:190} INFO - [2025-10-06T21:17:03.013+0000] {dagbag.py:588} INFO - Filling up the DagBag from /home/airflow/.local/lib/python3.12/site-packages/airflow/example_dags/example_sensor_decorator.py
[2025-10-06T21:17:03.028+0000] {processor.py:925} INFO - DAG(s) 'example_sensor_decorator' retrieved from /home/airflow/.local/lib/python3.12/site-packages/airflow/example_dags/example_sensor_decorator.py
[2025-10-06T21:17:03.055+0000] {logging_mixin.py:190} INFO - [2025-10-06T21:17:03.055+0000] {dag.py:3239} INFO - Sync 1 DAGs
[2025-10-06T21:17:03.079+0000] {logging_mixin.py:190} INFO - [2025-10-06T21:17:03.079+0000] {dag.py:4180} INFO - Setting next_dagrun for example_sensor_decorator to None, run_after=None
[2025-10-06T21:17:03.103+0000] {processor.py:208} INFO - Processing /home/airflow/.local/lib/python3.12/site-packages/airflow/example_dags/example_sensor_decorator.py took 0.107 seconds
[2025-10-06T21:17:34.262+0000] {processor.py:186} INFO - Started process (PID=3005) to work on /home/airflow/.local/lib/python3.12/site-packages/airflow/example_dags/example_sensor_decorator.py
[2025-10-06T21:17:34.264+0000] {processor.py:914} INFO - Processing file /home/airflow/.local/lib/python3.12/site-packages/airflow/example_dags/example_sensor_decorator.py for tasks to queue
[2025-10-06T21:17:34.269+0000] {logging_mixin.py:190} INFO - [2025-10-06T21:17:34.268+0000] {dagbag.py:588} INFO - Filling up the DagBag from /home/airflow/.local/lib/python3.12/site-packages/airflow/example_dags/example_sensor_decorator.py
[2025-10-06T21:17:34.284+0000] {processor.py:925} INFO - DAG(s) 'example_sensor_decorator' retrieved from /home/airflow/.local/lib/python3.12/site-packages/airflow/example_dags/example_sensor_decorator.py
[2025-10-06T21:17:34.313+0000] {logging_mixin.py:190} INFO - [2025-10-06T21:17:34.313+0000] {dag.py:3239} INFO - Sync 1 DAGs
[2025-10-06T21:17:34.335+0000] {logging_mixin.py:190} INFO - [2025-10-06T21:17:34.334+0000] {dag.py:4180} INFO - Setting next_dagrun for example_sensor_decorator to None, run_after=None
[2025-10-06T21:17:34.365+0000] {processor.py:208} INFO - Processing /home/airflow/.local/lib/python3.12/site-packages/airflow/example_dags/example_sensor_decorator.py took 0.117 seconds
[2025-10-06T21:18:04.709+0000] {processor.py:186} INFO - Started process (PID=3069) to work on /home/airflow/.local/lib/python3.12/site-packages/airflow/example_dags/example_sensor_decorator.py
[2025-10-06T21:18:04.712+0000] {processor.py:914} INFO - Processing file /home/airflow/.local/lib/python3.12/site-packages/airflow/example_dags/example_sensor_decorator.py for tasks to queue
[2025-10-06T21:18:04.715+0000] {logging_mixin.py:190} INFO - [2025-10-06T21:18:04.715+0000] {dagbag.py:588} INFO - Filling up the DagBag from /home/airflow/.local/lib/python3.12/site-packages/airflow/example_dags/example_sensor_decorator.py
[2025-10-06T21:18:04.725+0000] {processor.py:925} INFO - DAG(s) 'example_sensor_decorator' retrieved from /home/airflow/.local/lib/python3.12/site-packages/airflow/example_dags/example_sensor_decorator.py
[2025-10-06T21:18:04.748+0000] {logging_mixin.py:190} INFO - [2025-10-06T21:18:04.748+0000] {dag.py:3239} INFO - Sync 1 DAGs
[2025-10-06T21:18:04.764+0000] {logging_mixin.py:190} INFO - [2025-10-06T21:18:04.764+0000] {dag.py:4180} INFO - Setting next_dagrun for example_sensor_decorator to None, run_after=None
[2025-10-06T21:18:04.786+0000] {processor.py:208} INFO - Processing /home/airflow/.local/lib/python3.12/site-packages/airflow/example_dags/example_sensor_decorator.py took 0.086 seconds
[2025-10-06T21:20:15.377+0000] {processor.py:186} INFO - Started process (PID=3137) to work on /home/airflow/.local/lib/python3.12/site-packages/airflow/example_dags/example_sensor_decorator.py
[2025-10-06T21:20:15.379+0000] {processor.py:914} INFO - Processing file /home/airflow/.local/lib/python3.12/site-packages/airflow/example_dags/example_sensor_decorator.py for tasks to queue
[2025-10-06T21:20:15.384+0000] {logging_mixin.py:190} INFO - [2025-10-06T21:20:15.382+0000] {dagbag.py:588} INFO - Filling up the DagBag from /home/airflow/.local/lib/python3.12/site-packages/airflow/example_dags/example_sensor_decorator.py
[2025-10-06T21:20:15.423+0000] {processor.py:925} INFO - DAG(s) 'example_sensor_decorator' retrieved from /home/airflow/.local/lib/python3.12/site-packages/airflow/example_dags/example_sensor_decorator.py
[2025-10-06T21:20:15.485+0000] {logging_mixin.py:190} INFO - [2025-10-06T21:20:15.484+0000] {dag.py:3239} INFO - Sync 1 DAGs
[2025-10-06T21:20:15.660+0000] {logging_mixin.py:190} INFO - [2025-10-06T21:20:15.660+0000] {dag.py:4180} INFO - Setting next_dagrun for example_sensor_decorator to None, run_after=None
[2025-10-06T21:20:15.865+0000] {processor.py:208} INFO - Processing /home/airflow/.local/lib/python3.12/site-packages/airflow/example_dags/example_sensor_decorator.py took 0.504 seconds
[2025-10-06T21:20:47.383+0000] {processor.py:186} INFO - Started process (PID=3201) to work on /home/airflow/.local/lib/python3.12/site-packages/airflow/example_dags/example_sensor_decorator.py
[2025-10-06T21:20:47.385+0000] {processor.py:914} INFO - Processing file /home/airflow/.local/lib/python3.12/site-packages/airflow/example_dags/example_sensor_decorator.py for tasks to queue
[2025-10-06T21:20:47.388+0000] {logging_mixin.py:190} INFO - [2025-10-06T21:20:47.387+0000] {dagbag.py:588} INFO - Filling up the DagBag from /home/airflow/.local/lib/python3.12/site-packages/airflow/example_dags/example_sensor_decorator.py
[2025-10-06T21:20:47.403+0000] {processor.py:925} INFO - DAG(s) 'example_sensor_decorator' retrieved from /home/airflow/.local/lib/python3.12/site-packages/airflow/example_dags/example_sensor_decorator.py
[2025-10-06T21:20:47.667+0000] {logging_mixin.py:190} INFO - [2025-10-06T21:20:47.667+0000] {dag.py:3239} INFO - Sync 1 DAGs
[2025-10-06T21:20:47.683+0000] {logging_mixin.py:190} INFO - [2025-10-06T21:20:47.683+0000] {dag.py:4180} INFO - Setting next_dagrun for example_sensor_decorator to None, run_after=None
[2025-10-06T21:20:47.708+0000] {processor.py:208} INFO - Processing /home/airflow/.local/lib/python3.12/site-packages/airflow/example_dags/example_sensor_decorator.py took 0.335 seconds
[2025-10-06T21:21:19.058+0000] {processor.py:186} INFO - Started process (PID=3268) to work on /home/airflow/.local/lib/python3.12/site-packages/airflow/example_dags/example_sensor_decorator.py
[2025-10-06T21:21:19.059+0000] {processor.py:914} INFO - Processing file /home/airflow/.local/lib/python3.12/site-packages/airflow/example_dags/example_sensor_decorator.py for tasks to queue
[2025-10-06T21:21:19.061+0000] {logging_mixin.py:190} INFO - [2025-10-06T21:21:19.061+0000] {dagbag.py:588} INFO - Filling up the DagBag from /home/airflow/.local/lib/python3.12/site-packages/airflow/example_dags/example_sensor_decorator.py
[2025-10-06T21:21:19.083+0000] {processor.py:925} INFO - DAG(s) 'example_sensor_decorator' retrieved from /home/airflow/.local/lib/python3.12/site-packages/airflow/example_dags/example_sensor_decorator.py
[2025-10-06T21:21:19.108+0000] {logging_mixin.py:190} INFO - [2025-10-06T21:21:19.107+0000] {dag.py:3239} INFO - Sync 1 DAGs
[2025-10-06T21:21:19.126+0000] {logging_mixin.py:190} INFO - [2025-10-06T21:21:19.125+0000] {dag.py:4180} INFO - Setting next_dagrun for example_sensor_decorator to None, run_after=None
[2025-10-06T21:21:19.154+0000] {processor.py:208} INFO - Processing /home/airflow/.local/lib/python3.12/site-packages/airflow/example_dags/example_sensor_decorator.py took 0.106 seconds
[2025-10-06T21:21:49.553+0000] {processor.py:186} INFO - Started process (PID=3325) to work on /home/airflow/.local/lib/python3.12/site-packages/airflow/example_dags/example_sensor_decorator.py
[2025-10-06T21:21:49.554+0000] {processor.py:914} INFO - Processing file /home/airflow/.local/lib/python3.12/site-packages/airflow/example_dags/example_sensor_decorator.py for tasks to queue
[2025-10-06T21:21:49.556+0000] {logging_mixin.py:190} INFO - [2025-10-06T21:21:49.556+0000] {dagbag.py:588} INFO - Filling up the DagBag from /home/airflow/.local/lib/python3.12/site-packages/airflow/example_dags/example_sensor_decorator.py
[2025-10-06T21:21:49.569+0000] {processor.py:925} INFO - DAG(s) 'example_sensor_decorator' retrieved from /home/airflow/.local/lib/python3.12/site-packages/airflow/example_dags/example_sensor_decorator.py
[2025-10-06T21:21:49.598+0000] {logging_mixin.py:190} INFO - [2025-10-06T21:21:49.598+0000] {dag.py:3239} INFO - Sync 1 DAGs
[2025-10-06T21:21:49.624+0000] {logging_mixin.py:190} INFO - [2025-10-06T21:21:49.624+0000] {dag.py:4180} INFO - Setting next_dagrun for example_sensor_decorator to None, run_after=None
[2025-10-06T21:21:49.650+0000] {processor.py:208} INFO - Processing /home/airflow/.local/lib/python3.12/site-packages/airflow/example_dags/example_sensor_decorator.py took 0.106 seconds
[2025-10-06T21:22:21.928+0000] {processor.py:186} INFO - Started process (PID=3402) to work on /home/airflow/.local/lib/python3.12/site-packages/airflow/example_dags/example_sensor_decorator.py
[2025-10-06T21:22:21.930+0000] {processor.py:914} INFO - Processing file /home/airflow/.local/lib/python3.12/site-packages/airflow/example_dags/example_sensor_decorator.py for tasks to queue
[2025-10-06T21:22:21.931+0000] {logging_mixin.py:190} INFO - [2025-10-06T21:22:21.931+0000] {dagbag.py:588} INFO - Filling up the DagBag from /home/airflow/.local/lib/python3.12/site-packages/airflow/example_dags/example_sensor_decorator.py
[2025-10-06T21:22:21.940+0000] {processor.py:925} INFO - DAG(s) 'example_sensor_decorator' retrieved from /home/airflow/.local/lib/python3.12/site-packages/airflow/example_dags/example_sensor_decorator.py
[2025-10-06T21:22:21.961+0000] {logging_mixin.py:190} INFO - [2025-10-06T21:22:21.961+0000] {dag.py:3239} INFO - Sync 1 DAGs
[2025-10-06T21:22:21.977+0000] {logging_mixin.py:190} INFO - [2025-10-06T21:22:21.977+0000] {dag.py:4180} INFO - Setting next_dagrun for example_sensor_decorator to None, run_after=None
[2025-10-06T21:22:22.004+0000] {processor.py:208} INFO - Processing /home/airflow/.local/lib/python3.12/site-packages/airflow/example_dags/example_sensor_decorator.py took 0.083 seconds
[2025-10-06T21:22:53.433+0000] {processor.py:186} INFO - Started process (PID=3459) to work on /home/airflow/.local/lib/python3.12/site-packages/airflow/example_dags/example_sensor_decorator.py
[2025-10-06T21:22:53.434+0000] {processor.py:914} INFO - Processing file /home/airflow/.local/lib/python3.12/site-packages/airflow/example_dags/example_sensor_decorator.py for tasks to queue
[2025-10-06T21:22:53.435+0000] {logging_mixin.py:190} INFO - [2025-10-06T21:22:53.435+0000] {dagbag.py:588} INFO - Filling up the DagBag from /home/airflow/.local/lib/python3.12/site-packages/airflow/example_dags/example_sensor_decorator.py
[2025-10-06T21:22:53.447+0000] {processor.py:925} INFO - DAG(s) 'example_sensor_decorator' retrieved from /home/airflow/.local/lib/python3.12/site-packages/airflow/example_dags/example_sensor_decorator.py
[2025-10-06T21:22:53.486+0000] {logging_mixin.py:190} INFO - [2025-10-06T21:22:53.486+0000] {dag.py:3239} INFO - Sync 1 DAGs
[2025-10-06T21:22:53.519+0000] {logging_mixin.py:190} INFO - [2025-10-06T21:22:53.518+0000] {dag.py:4180} INFO - Setting next_dagrun for example_sensor_decorator to None, run_after=None
[2025-10-06T21:22:53.553+0000] {processor.py:208} INFO - Processing /home/airflow/.local/lib/python3.12/site-packages/airflow/example_dags/example_sensor_decorator.py took 0.128 seconds
[2025-10-06T21:23:25.120+0000] {processor.py:186} INFO - Started process (PID=3524) to work on /home/airflow/.local/lib/python3.12/site-packages/airflow/example_dags/example_sensor_decorator.py
[2025-10-06T21:23:25.122+0000] {processor.py:914} INFO - Processing file /home/airflow/.local/lib/python3.12/site-packages/airflow/example_dags/example_sensor_decorator.py for tasks to queue
[2025-10-06T21:23:25.124+0000] {logging_mixin.py:190} INFO - [2025-10-06T21:23:25.123+0000] {dagbag.py:588} INFO - Filling up the DagBag from /home/airflow/.local/lib/python3.12/site-packages/airflow/example_dags/example_sensor_decorator.py
[2025-10-06T21:23:25.138+0000] {processor.py:925} INFO - DAG(s) 'example_sensor_decorator' retrieved from /home/airflow/.local/lib/python3.12/site-packages/airflow/example_dags/example_sensor_decorator.py
[2025-10-06T21:23:25.167+0000] {logging_mixin.py:190} INFO - [2025-10-06T21:23:25.167+0000] {dag.py:3239} INFO - Sync 1 DAGs
[2025-10-06T21:23:25.185+0000] {logging_mixin.py:190} INFO - [2025-10-06T21:23:25.184+0000] {dag.py:4180} INFO - Setting next_dagrun for example_sensor_decorator to None, run_after=None
[2025-10-06T21:23:25.211+0000] {processor.py:208} INFO - Processing /home/airflow/.local/lib/python3.12/site-packages/airflow/example_dags/example_sensor_decorator.py took 0.098 seconds
[2025-10-06T21:23:57.648+0000] {processor.py:186} INFO - Started process (PID=3604) to work on /home/airflow/.local/lib/python3.12/site-packages/airflow/example_dags/example_sensor_decorator.py
[2025-10-06T21:23:57.649+0000] {processor.py:914} INFO - Processing file /home/airflow/.local/lib/python3.12/site-packages/airflow/example_dags/example_sensor_decorator.py for tasks to queue
[2025-10-06T21:23:57.650+0000] {logging_mixin.py:190} INFO - [2025-10-06T21:23:57.650+0000] {dagbag.py:588} INFO - Filling up the DagBag from /home/airflow/.local/lib/python3.12/site-packages/airflow/example_dags/example_sensor_decorator.py
[2025-10-06T21:23:57.661+0000] {processor.py:925} INFO - DAG(s) 'example_sensor_decorator' retrieved from /home/airflow/.local/lib/python3.12/site-packages/airflow/example_dags/example_sensor_decorator.py
[2025-10-06T21:23:57.685+0000] {logging_mixin.py:190} INFO - [2025-10-06T21:23:57.685+0000] {dag.py:3239} INFO - Sync 1 DAGs
[2025-10-06T21:23:57.702+0000] {logging_mixin.py:190} INFO - [2025-10-06T21:23:57.702+0000] {dag.py:4180} INFO - Setting next_dagrun for example_sensor_decorator to None, run_after=None
[2025-10-06T21:23:57.727+0000] {processor.py:208} INFO - Processing /home/airflow/.local/lib/python3.12/site-packages/airflow/example_dags/example_sensor_decorator.py took 0.086 seconds
[2025-10-06T21:24:30.692+0000] {processor.py:186} INFO - Started process (PID=3671) to work on /home/airflow/.local/lib/python3.12/site-packages/airflow/example_dags/example_sensor_decorator.py
[2025-10-06T21:24:30.694+0000] {processor.py:914} INFO - Processing file /home/airflow/.local/lib/python3.12/site-packages/airflow/example_dags/example_sensor_decorator.py for tasks to queue
[2025-10-06T21:24:30.697+0000] {logging_mixin.py:190} INFO - [2025-10-06T21:24:30.696+0000] {dagbag.py:588} INFO - Filling up the DagBag from /home/airflow/.local/lib/python3.12/site-packages/airflow/example_dags/example_sensor_decorator.py
[2025-10-06T21:24:30.718+0000] {processor.py:925} INFO - DAG(s) 'example_sensor_decorator' retrieved from /home/airflow/.local/lib/python3.12/site-packages/airflow/example_dags/example_sensor_decorator.py
[2025-10-06T21:24:30.778+0000] {logging_mixin.py:190} INFO - [2025-10-06T21:24:30.778+0000] {dag.py:3239} INFO - Sync 1 DAGs
[2025-10-06T21:24:30.834+0000] {logging_mixin.py:190} INFO - [2025-10-06T21:24:30.833+0000] {dag.py:4180} INFO - Setting next_dagrun for example_sensor_decorator to None, run_after=None
[2025-10-06T21:24:30.909+0000] {processor.py:208} INFO - Processing /home/airflow/.local/lib/python3.12/site-packages/airflow/example_dags/example_sensor_decorator.py took 0.231 seconds
[2025-10-06T21:25:01.352+0000] {processor.py:186} INFO - Started process (PID=3735) to work on /home/airflow/.local/lib/python3.12/site-packages/airflow/example_dags/example_sensor_decorator.py
[2025-10-06T21:25:01.353+0000] {processor.py:914} INFO - Processing file /home/airflow/.local/lib/python3.12/site-packages/airflow/example_dags/example_sensor_decorator.py for tasks to queue
[2025-10-06T21:25:01.355+0000] {logging_mixin.py:190} INFO - [2025-10-06T21:25:01.355+0000] {dagbag.py:588} INFO - Filling up the DagBag from /home/airflow/.local/lib/python3.12/site-packages/airflow/example_dags/example_sensor_decorator.py
[2025-10-06T21:25:01.369+0000] {processor.py:925} INFO - DAG(s) 'example_sensor_decorator' retrieved from /home/airflow/.local/lib/python3.12/site-packages/airflow/example_dags/example_sensor_decorator.py
[2025-10-06T21:25:01.405+0000] {logging_mixin.py:190} INFO - [2025-10-06T21:25:01.404+0000] {dag.py:3239} INFO - Sync 1 DAGs
[2025-10-06T21:25:01.432+0000] {logging_mixin.py:190} INFO - [2025-10-06T21:25:01.432+0000] {dag.py:4180} INFO - Setting next_dagrun for example_sensor_decorator to None, run_after=None
[2025-10-06T21:25:01.579+0000] {processor.py:208} INFO - Processing /home/airflow/.local/lib/python3.12/site-packages/airflow/example_dags/example_sensor_decorator.py took 0.237 seconds
[2025-10-06T21:25:33.263+0000] {processor.py:186} INFO - Started process (PID=3798) to work on /home/airflow/.local/lib/python3.12/site-packages/airflow/example_dags/example_sensor_decorator.py
[2025-10-06T21:25:33.265+0000] {processor.py:914} INFO - Processing file /home/airflow/.local/lib/python3.12/site-packages/airflow/example_dags/example_sensor_decorator.py for tasks to queue
[2025-10-06T21:25:33.266+0000] {logging_mixin.py:190} INFO - [2025-10-06T21:25:33.266+0000] {dagbag.py:588} INFO - Filling up the DagBag from /home/airflow/.local/lib/python3.12/site-packages/airflow/example_dags/example_sensor_decorator.py
[2025-10-06T21:25:33.276+0000] {processor.py:925} INFO - DAG(s) 'example_sensor_decorator' retrieved from /home/airflow/.local/lib/python3.12/site-packages/airflow/example_dags/example_sensor_decorator.py
[2025-10-06T21:25:33.305+0000] {logging_mixin.py:190} INFO - [2025-10-06T21:25:33.305+0000] {dag.py:3239} INFO - Sync 1 DAGs
[2025-10-06T21:25:33.322+0000] {logging_mixin.py:190} INFO - [2025-10-06T21:25:33.322+0000] {dag.py:4180} INFO - Setting next_dagrun for example_sensor_decorator to None, run_after=None
[2025-10-06T21:25:33.344+0000] {processor.py:208} INFO - Processing /home/airflow/.local/lib/python3.12/site-packages/airflow/example_dags/example_sensor_decorator.py took 0.087 seconds
[2025-10-06T21:26:04.411+0000] {processor.py:186} INFO - Started process (PID=3864) to work on /home/airflow/.local/lib/python3.12/site-packages/airflow/example_dags/example_sensor_decorator.py
[2025-10-06T21:26:04.412+0000] {processor.py:914} INFO - Processing file /home/airflow/.local/lib/python3.12/site-packages/airflow/example_dags/example_sensor_decorator.py for tasks to queue
[2025-10-06T21:26:04.414+0000] {logging_mixin.py:190} INFO - [2025-10-06T21:26:04.414+0000] {dagbag.py:588} INFO - Filling up the DagBag from /home/airflow/.local/lib/python3.12/site-packages/airflow/example_dags/example_sensor_decorator.py
[2025-10-06T21:26:04.425+0000] {processor.py:925} INFO - DAG(s) 'example_sensor_decorator' retrieved from /home/airflow/.local/lib/python3.12/site-packages/airflow/example_dags/example_sensor_decorator.py
[2025-10-06T21:26:04.448+0000] {logging_mixin.py:190} INFO - [2025-10-06T21:26:04.448+0000] {dag.py:3239} INFO - Sync 1 DAGs
[2025-10-06T21:26:04.465+0000] {logging_mixin.py:190} INFO - [2025-10-06T21:26:04.465+0000] {dag.py:4180} INFO - Setting next_dagrun for example_sensor_decorator to None, run_after=None
[2025-10-06T21:26:04.490+0000] {processor.py:208} INFO - Processing /home/airflow/.local/lib/python3.12/site-packages/airflow/example_dags/example_sensor_decorator.py took 0.086 seconds
[2025-10-06T21:26:37.442+0000] {processor.py:186} INFO - Started process (PID=3931) to work on /home/airflow/.local/lib/python3.12/site-packages/airflow/example_dags/example_sensor_decorator.py
[2025-10-06T21:26:37.443+0000] {processor.py:914} INFO - Processing file /home/airflow/.local/lib/python3.12/site-packages/airflow/example_dags/example_sensor_decorator.py for tasks to queue
[2025-10-06T21:26:37.444+0000] {logging_mixin.py:190} INFO - [2025-10-06T21:26:37.444+0000] {dagbag.py:588} INFO - Filling up the DagBag from /home/airflow/.local/lib/python3.12/site-packages/airflow/example_dags/example_sensor_decorator.py
[2025-10-06T21:26:37.454+0000] {processor.py:925} INFO - DAG(s) 'example_sensor_decorator' retrieved from /home/airflow/.local/lib/python3.12/site-packages/airflow/example_dags/example_sensor_decorator.py
[2025-10-06T21:26:37.474+0000] {logging_mixin.py:190} INFO - [2025-10-06T21:26:37.474+0000] {dag.py:3239} INFO - Sync 1 DAGs
[2025-10-06T21:26:37.490+0000] {logging_mixin.py:190} INFO - [2025-10-06T21:26:37.490+0000] {dag.py:4180} INFO - Setting next_dagrun for example_sensor_decorator to None, run_after=None
[2025-10-06T21:26:37.516+0000] {processor.py:208} INFO - Processing /home/airflow/.local/lib/python3.12/site-packages/airflow/example_dags/example_sensor_decorator.py took 0.081 seconds
[2025-10-06T21:27:08.402+0000] {processor.py:186} INFO - Started process (PID=3995) to work on /home/airflow/.local/lib/python3.12/site-packages/airflow/example_dags/example_sensor_decorator.py
[2025-10-06T21:27:08.403+0000] {processor.py:914} INFO - Processing file /home/airflow/.local/lib/python3.12/site-packages/airflow/example_dags/example_sensor_decorator.py for tasks to queue
[2025-10-06T21:27:08.405+0000] {logging_mixin.py:190} INFO - [2025-10-06T21:27:08.404+0000] {dagbag.py:588} INFO - Filling up the DagBag from /home/airflow/.local/lib/python3.12/site-packages/airflow/example_dags/example_sensor_decorator.py
[2025-10-06T21:27:08.415+0000] {processor.py:925} INFO - DAG(s) 'example_sensor_decorator' retrieved from /home/airflow/.local/lib/python3.12/site-packages/airflow/example_dags/example_sensor_decorator.py
[2025-10-06T21:27:08.435+0000] {logging_mixin.py:190} INFO - [2025-10-06T21:27:08.435+0000] {dag.py:3239} INFO - Sync 1 DAGs
[2025-10-06T21:27:08.451+0000] {logging_mixin.py:190} INFO - [2025-10-06T21:27:08.450+0000] {dag.py:4180} INFO - Setting next_dagrun for example_sensor_decorator to None, run_after=None
[2025-10-06T21:27:08.474+0000] {processor.py:208} INFO - Processing /home/airflow/.local/lib/python3.12/site-packages/airflow/example_dags/example_sensor_decorator.py took 0.080 seconds
[2025-10-06T21:27:40.624+0000] {processor.py:186} INFO - Started process (PID=4058) to work on /home/airflow/.local/lib/python3.12/site-packages/airflow/example_dags/example_sensor_decorator.py
[2025-10-06T21:27:40.625+0000] {processor.py:914} INFO - Processing file /home/airflow/.local/lib/python3.12/site-packages/airflow/example_dags/example_sensor_decorator.py for tasks to queue
[2025-10-06T21:27:40.626+0000] {logging_mixin.py:190} INFO - [2025-10-06T21:27:40.626+0000] {dagbag.py:588} INFO - Filling up the DagBag from /home/airflow/.local/lib/python3.12/site-packages/airflow/example_dags/example_sensor_decorator.py
[2025-10-06T21:27:40.636+0000] {processor.py:925} INFO - DAG(s) 'example_sensor_decorator' retrieved from /home/airflow/.local/lib/python3.12/site-packages/airflow/example_dags/example_sensor_decorator.py
[2025-10-06T21:27:40.657+0000] {logging_mixin.py:190} INFO - [2025-10-06T21:27:40.656+0000] {dag.py:3239} INFO - Sync 1 DAGs
[2025-10-06T21:27:40.673+0000] {logging_mixin.py:190} INFO - [2025-10-06T21:27:40.673+0000] {dag.py:4180} INFO - Setting next_dagrun for example_sensor_decorator to None, run_after=None
[2025-10-06T21:27:40.694+0000] {processor.py:208} INFO - Processing /home/airflow/.local/lib/python3.12/site-packages/airflow/example_dags/example_sensor_decorator.py took 0.077 seconds
[2025-10-06T21:28:11.653+0000] {processor.py:186} INFO - Started process (PID=4121) to work on /home/airflow/.local/lib/python3.12/site-packages/airflow/example_dags/example_sensor_decorator.py
[2025-10-06T21:28:11.655+0000] {processor.py:914} INFO - Processing file /home/airflow/.local/lib/python3.12/site-packages/airflow/example_dags/example_sensor_decorator.py for tasks to queue
[2025-10-06T21:28:11.656+0000] {logging_mixin.py:190} INFO - [2025-10-06T21:28:11.656+0000] {dagbag.py:588} INFO - Filling up the DagBag from /home/airflow/.local/lib/python3.12/site-packages/airflow/example_dags/example_sensor_decorator.py
[2025-10-06T21:28:11.665+0000] {processor.py:925} INFO - DAG(s) 'example_sensor_decorator' retrieved from /home/airflow/.local/lib/python3.12/site-packages/airflow/example_dags/example_sensor_decorator.py
[2025-10-06T21:28:11.685+0000] {logging_mixin.py:190} INFO - [2025-10-06T21:28:11.685+0000] {dag.py:3239} INFO - Sync 1 DAGs
[2025-10-06T21:28:11.700+0000] {logging_mixin.py:190} INFO - [2025-10-06T21:28:11.700+0000] {dag.py:4180} INFO - Setting next_dagrun for example_sensor_decorator to None, run_after=None
[2025-10-06T21:28:11.728+0000] {processor.py:208} INFO - Processing /home/airflow/.local/lib/python3.12/site-packages/airflow/example_dags/example_sensor_decorator.py took 0.081 seconds
[2025-10-06T21:28:43.435+0000] {processor.py:186} INFO - Started process (PID=4184) to work on /home/airflow/.local/lib/python3.12/site-packages/airflow/example_dags/example_sensor_decorator.py
[2025-10-06T21:28:43.436+0000] {processor.py:914} INFO - Processing file /home/airflow/.local/lib/python3.12/site-packages/airflow/example_dags/example_sensor_decorator.py for tasks to queue
[2025-10-06T21:28:43.438+0000] {logging_mixin.py:190} INFO - [2025-10-06T21:28:43.438+0000] {dagbag.py:588} INFO - Filling up the DagBag from /home/airflow/.local/lib/python3.12/site-packages/airflow/example_dags/example_sensor_decorator.py
[2025-10-06T21:28:43.452+0000] {processor.py:925} INFO - DAG(s) 'example_sensor_decorator' retrieved from /home/airflow/.local/lib/python3.12/site-packages/airflow/example_dags/example_sensor_decorator.py
[2025-10-06T21:28:43.481+0000] {logging_mixin.py:190} INFO - [2025-10-06T21:28:43.481+0000] {dag.py:3239} INFO - Sync 1 DAGs
[2025-10-06T21:28:43.503+0000] {logging_mixin.py:190} INFO - [2025-10-06T21:28:43.503+0000] {dag.py:4180} INFO - Setting next_dagrun for example_sensor_decorator to None, run_after=None
[2025-10-06T21:28:43.531+0000] {processor.py:208} INFO - Processing /home/airflow/.local/lib/python3.12/site-packages/airflow/example_dags/example_sensor_decorator.py took 0.107 seconds
[2025-10-06T21:29:14.890+0000] {processor.py:186} INFO - Started process (PID=4247) to work on /home/airflow/.local/lib/python3.12/site-packages/airflow/example_dags/example_sensor_decorator.py
[2025-10-06T21:29:14.891+0000] {processor.py:914} INFO - Processing file /home/airflow/.local/lib/python3.12/site-packages/airflow/example_dags/example_sensor_decorator.py for tasks to queue
[2025-10-06T21:29:14.893+0000] {logging_mixin.py:190} INFO - [2025-10-06T21:29:14.892+0000] {dagbag.py:588} INFO - Filling up the DagBag from /home/airflow/.local/lib/python3.12/site-packages/airflow/example_dags/example_sensor_decorator.py
[2025-10-06T21:29:14.904+0000] {processor.py:925} INFO - DAG(s) 'example_sensor_decorator' retrieved from /home/airflow/.local/lib/python3.12/site-packages/airflow/example_dags/example_sensor_decorator.py
[2025-10-06T21:29:14.926+0000] {logging_mixin.py:190} INFO - [2025-10-06T21:29:14.926+0000] {dag.py:3239} INFO - Sync 1 DAGs
[2025-10-06T21:29:14.949+0000] {logging_mixin.py:190} INFO - [2025-10-06T21:29:14.949+0000] {dag.py:4180} INFO - Setting next_dagrun for example_sensor_decorator to None, run_after=None
[2025-10-06T21:29:14.972+0000] {processor.py:208} INFO - Processing /home/airflow/.local/lib/python3.12/site-packages/airflow/example_dags/example_sensor_decorator.py took 0.090 seconds
[2025-10-06T21:29:45.937+0000] {processor.py:186} INFO - Started process (PID=4304) to work on /home/airflow/.local/lib/python3.12/site-packages/airflow/example_dags/example_sensor_decorator.py
[2025-10-06T21:29:45.938+0000] {processor.py:914} INFO - Processing file /home/airflow/.local/lib/python3.12/site-packages/airflow/example_dags/example_sensor_decorator.py for tasks to queue
[2025-10-06T21:29:45.939+0000] {logging_mixin.py:190} INFO - [2025-10-06T21:29:45.939+0000] {dagbag.py:588} INFO - Filling up the DagBag from /home/airflow/.local/lib/python3.12/site-packages/airflow/example_dags/example_sensor_decorator.py
[2025-10-06T21:29:45.950+0000] {processor.py:925} INFO - DAG(s) 'example_sensor_decorator' retrieved from /home/airflow/.local/lib/python3.12/site-packages/airflow/example_dags/example_sensor_decorator.py
[2025-10-06T21:29:45.972+0000] {logging_mixin.py:190} INFO - [2025-10-06T21:29:45.972+0000] {dag.py:3239} INFO - Sync 1 DAGs
[2025-10-06T21:29:45.998+0000] {logging_mixin.py:190} INFO - [2025-10-06T21:29:45.998+0000] {dag.py:4180} INFO - Setting next_dagrun for example_sensor_decorator to None, run_after=None
[2025-10-06T21:29:46.030+0000] {processor.py:208} INFO - Processing /home/airflow/.local/lib/python3.12/site-packages/airflow/example_dags/example_sensor_decorator.py took 0.100 seconds
[2025-10-06T21:30:18.718+0000] {processor.py:186} INFO - Started process (PID=4373) to work on /home/airflow/.local/lib/python3.12/site-packages/airflow/example_dags/example_sensor_decorator.py
[2025-10-06T21:30:18.720+0000] {processor.py:914} INFO - Processing file /home/airflow/.local/lib/python3.12/site-packages/airflow/example_dags/example_sensor_decorator.py for tasks to queue
[2025-10-06T21:30:18.721+0000] {logging_mixin.py:190} INFO - [2025-10-06T21:30:18.721+0000] {dagbag.py:588} INFO - Filling up the DagBag from /home/airflow/.local/lib/python3.12/site-packages/airflow/example_dags/example_sensor_decorator.py
[2025-10-06T21:30:18.736+0000] {processor.py:925} INFO - DAG(s) 'example_sensor_decorator' retrieved from /home/airflow/.local/lib/python3.12/site-packages/airflow/example_dags/example_sensor_decorator.py
[2025-10-06T21:30:18.777+0000] {logging_mixin.py:190} INFO - [2025-10-06T21:30:18.775+0000] {dag.py:3239} INFO - Sync 1 DAGs
[2025-10-06T21:30:18.823+0000] {logging_mixin.py:190} INFO - [2025-10-06T21:30:18.823+0000] {dag.py:4180} INFO - Setting next_dagrun for example_sensor_decorator to None, run_after=None
[2025-10-06T21:30:18.855+0000] {processor.py:208} INFO - Processing /home/airflow/.local/lib/python3.12/site-packages/airflow/example_dags/example_sensor_decorator.py took 0.149 seconds
[2025-10-06T21:30:50.611+0000] {processor.py:186} INFO - Started process (PID=4437) to work on /home/airflow/.local/lib/python3.12/site-packages/airflow/example_dags/example_sensor_decorator.py
[2025-10-06T21:30:50.613+0000] {processor.py:914} INFO - Processing file /home/airflow/.local/lib/python3.12/site-packages/airflow/example_dags/example_sensor_decorator.py for tasks to queue
[2025-10-06T21:30:50.615+0000] {logging_mixin.py:190} INFO - [2025-10-06T21:30:50.614+0000] {dagbag.py:588} INFO - Filling up the DagBag from /home/airflow/.local/lib/python3.12/site-packages/airflow/example_dags/example_sensor_decorator.py
[2025-10-06T21:30:50.629+0000] {processor.py:925} INFO - DAG(s) 'example_sensor_decorator' retrieved from /home/airflow/.local/lib/python3.12/site-packages/airflow/example_dags/example_sensor_decorator.py
[2025-10-06T21:30:50.661+0000] {logging_mixin.py:190} INFO - [2025-10-06T21:30:50.660+0000] {dag.py:3239} INFO - Sync 1 DAGs
[2025-10-06T21:30:50.687+0000] {logging_mixin.py:190} INFO - [2025-10-06T21:30:50.687+0000] {dag.py:4180} INFO - Setting next_dagrun for example_sensor_decorator to None, run_after=None
[2025-10-06T21:30:50.719+0000] {processor.py:208} INFO - Processing /home/airflow/.local/lib/python3.12/site-packages/airflow/example_dags/example_sensor_decorator.py took 0.118 seconds
[2025-10-06T21:31:21.240+0000] {processor.py:186} INFO - Started process (PID=4494) to work on /home/airflow/.local/lib/python3.12/site-packages/airflow/example_dags/example_sensor_decorator.py
[2025-10-06T21:31:21.242+0000] {processor.py:914} INFO - Processing file /home/airflow/.local/lib/python3.12/site-packages/airflow/example_dags/example_sensor_decorator.py for tasks to queue
[2025-10-06T21:31:21.244+0000] {logging_mixin.py:190} INFO - [2025-10-06T21:31:21.243+0000] {dagbag.py:588} INFO - Filling up the DagBag from /home/airflow/.local/lib/python3.12/site-packages/airflow/example_dags/example_sensor_decorator.py
[2025-10-06T21:31:21.256+0000] {processor.py:925} INFO - DAG(s) 'example_sensor_decorator' retrieved from /home/airflow/.local/lib/python3.12/site-packages/airflow/example_dags/example_sensor_decorator.py
[2025-10-06T21:31:21.283+0000] {logging_mixin.py:190} INFO - [2025-10-06T21:31:21.282+0000] {dag.py:3239} INFO - Sync 1 DAGs
[2025-10-06T21:31:21.301+0000] {logging_mixin.py:190} INFO - [2025-10-06T21:31:21.301+0000] {dag.py:4180} INFO - Setting next_dagrun for example_sensor_decorator to None, run_after=None
[2025-10-06T21:31:21.344+0000] {processor.py:208} INFO - Processing /home/airflow/.local/lib/python3.12/site-packages/airflow/example_dags/example_sensor_decorator.py took 0.112 seconds
[2025-10-06T21:31:54.942+0000] {processor.py:186} INFO - Started process (PID=4563) to work on /home/airflow/.local/lib/python3.12/site-packages/airflow/example_dags/example_sensor_decorator.py
[2025-10-06T21:31:54.944+0000] {processor.py:914} INFO - Processing file /home/airflow/.local/lib/python3.12/site-packages/airflow/example_dags/example_sensor_decorator.py for tasks to queue
[2025-10-06T21:31:54.946+0000] {logging_mixin.py:190} INFO - [2025-10-06T21:31:54.945+0000] {dagbag.py:588} INFO - Filling up the DagBag from /home/airflow/.local/lib/python3.12/site-packages/airflow/example_dags/example_sensor_decorator.py
[2025-10-06T21:31:54.959+0000] {processor.py:925} INFO - DAG(s) 'example_sensor_decorator' retrieved from /home/airflow/.local/lib/python3.12/site-packages/airflow/example_dags/example_sensor_decorator.py
[2025-10-06T21:31:54.986+0000] {logging_mixin.py:190} INFO - [2025-10-06T21:31:54.986+0000] {dag.py:3239} INFO - Sync 1 DAGs
[2025-10-06T21:31:55.006+0000] {logging_mixin.py:190} INFO - [2025-10-06T21:31:55.006+0000] {dag.py:4180} INFO - Setting next_dagrun for example_sensor_decorator to None, run_after=None
[2025-10-06T21:31:55.038+0000] {processor.py:208} INFO - Processing /home/airflow/.local/lib/python3.12/site-packages/airflow/example_dags/example_sensor_decorator.py took 0.105 seconds
[2025-10-06T21:32:26.149+0000] {processor.py:186} INFO - Started process (PID=4627) to work on /home/airflow/.local/lib/python3.12/site-packages/airflow/example_dags/example_sensor_decorator.py
[2025-10-06T21:32:26.150+0000] {processor.py:914} INFO - Processing file /home/airflow/.local/lib/python3.12/site-packages/airflow/example_dags/example_sensor_decorator.py for tasks to queue
[2025-10-06T21:32:26.152+0000] {logging_mixin.py:190} INFO - [2025-10-06T21:32:26.151+0000] {dagbag.py:588} INFO - Filling up the DagBag from /home/airflow/.local/lib/python3.12/site-packages/airflow/example_dags/example_sensor_decorator.py
[2025-10-06T21:32:26.161+0000] {processor.py:925} INFO - DAG(s) 'example_sensor_decorator' retrieved from /home/airflow/.local/lib/python3.12/site-packages/airflow/example_dags/example_sensor_decorator.py
[2025-10-06T21:32:26.184+0000] {logging_mixin.py:190} INFO - [2025-10-06T21:32:26.184+0000] {dag.py:3239} INFO - Sync 1 DAGs
[2025-10-06T21:32:26.201+0000] {logging_mixin.py:190} INFO - [2025-10-06T21:32:26.201+0000] {dag.py:4180} INFO - Setting next_dagrun for example_sensor_decorator to None, run_after=None
[2025-10-06T21:32:26.223+0000] {processor.py:208} INFO - Processing /home/airflow/.local/lib/python3.12/site-packages/airflow/example_dags/example_sensor_decorator.py took 0.081 seconds
[2025-10-06T21:32:56.652+0000] {processor.py:186} INFO - Started process (PID=4684) to work on /home/airflow/.local/lib/python3.12/site-packages/airflow/example_dags/example_sensor_decorator.py
[2025-10-06T21:32:56.654+0000] {processor.py:914} INFO - Processing file /home/airflow/.local/lib/python3.12/site-packages/airflow/example_dags/example_sensor_decorator.py for tasks to queue
[2025-10-06T21:32:56.655+0000] {logging_mixin.py:190} INFO - [2025-10-06T21:32:56.655+0000] {dagbag.py:588} INFO - Filling up the DagBag from /home/airflow/.local/lib/python3.12/site-packages/airflow/example_dags/example_sensor_decorator.py
[2025-10-06T21:32:56.665+0000] {processor.py:925} INFO - DAG(s) 'example_sensor_decorator' retrieved from /home/airflow/.local/lib/python3.12/site-packages/airflow/example_dags/example_sensor_decorator.py
[2025-10-06T21:32:56.690+0000] {logging_mixin.py:190} INFO - [2025-10-06T21:32:56.689+0000] {dag.py:3239} INFO - Sync 1 DAGs
[2025-10-06T21:32:56.708+0000] {logging_mixin.py:190} INFO - [2025-10-06T21:32:56.708+0000] {dag.py:4180} INFO - Setting next_dagrun for example_sensor_decorator to None, run_after=None
[2025-10-06T21:32:56.730+0000] {processor.py:208} INFO - Processing /home/airflow/.local/lib/python3.12/site-packages/airflow/example_dags/example_sensor_decorator.py took 0.084 seconds
[2025-10-06T21:33:30.302+0000] {processor.py:186} INFO - Started process (PID=4757) to work on /home/airflow/.local/lib/python3.12/site-packages/airflow/example_dags/example_sensor_decorator.py
[2025-10-06T21:33:30.303+0000] {processor.py:914} INFO - Processing file /home/airflow/.local/lib/python3.12/site-packages/airflow/example_dags/example_sensor_decorator.py for tasks to queue
[2025-10-06T21:33:30.306+0000] {logging_mixin.py:190} INFO - [2025-10-06T21:33:30.305+0000] {dagbag.py:588} INFO - Filling up the DagBag from /home/airflow/.local/lib/python3.12/site-packages/airflow/example_dags/example_sensor_decorator.py
[2025-10-06T21:33:30.323+0000] {processor.py:925} INFO - DAG(s) 'example_sensor_decorator' retrieved from /home/airflow/.local/lib/python3.12/site-packages/airflow/example_dags/example_sensor_decorator.py
[2025-10-06T21:33:30.361+0000] {logging_mixin.py:190} INFO - [2025-10-06T21:33:30.360+0000] {dag.py:3239} INFO - Sync 1 DAGs
[2025-10-06T21:33:30.394+0000] {logging_mixin.py:190} INFO - [2025-10-06T21:33:30.393+0000] {dag.py:4180} INFO - Setting next_dagrun for example_sensor_decorator to None, run_after=None
[2025-10-06T21:33:30.430+0000] {processor.py:208} INFO - Processing /home/airflow/.local/lib/python3.12/site-packages/airflow/example_dags/example_sensor_decorator.py took 0.135 seconds
[2025-10-06T21:34:01.168+0000] {processor.py:186} INFO - Started process (PID=4819) to work on /home/airflow/.local/lib/python3.12/site-packages/airflow/example_dags/example_sensor_decorator.py
[2025-10-06T21:34:01.169+0000] {processor.py:914} INFO - Processing file /home/airflow/.local/lib/python3.12/site-packages/airflow/example_dags/example_sensor_decorator.py for tasks to queue
[2025-10-06T21:34:01.171+0000] {logging_mixin.py:190} INFO - [2025-10-06T21:34:01.171+0000] {dagbag.py:588} INFO - Filling up the DagBag from /home/airflow/.local/lib/python3.12/site-packages/airflow/example_dags/example_sensor_decorator.py
[2025-10-06T21:34:01.181+0000] {processor.py:925} INFO - DAG(s) 'example_sensor_decorator' retrieved from /home/airflow/.local/lib/python3.12/site-packages/airflow/example_dags/example_sensor_decorator.py
[2025-10-06T21:34:01.203+0000] {logging_mixin.py:190} INFO - [2025-10-06T21:34:01.203+0000] {dag.py:3239} INFO - Sync 1 DAGs
[2025-10-06T21:34:01.221+0000] {logging_mixin.py:190} INFO - [2025-10-06T21:34:01.221+0000] {dag.py:4180} INFO - Setting next_dagrun for example_sensor_decorator to None, run_after=None
[2025-10-06T21:34:01.241+0000] {processor.py:208} INFO - Processing /home/airflow/.local/lib/python3.12/site-packages/airflow/example_dags/example_sensor_decorator.py took 0.082 seconds
[2025-10-06T21:34:32.442+0000] {processor.py:186} INFO - Started process (PID=4877) to work on /home/airflow/.local/lib/python3.12/site-packages/airflow/example_dags/example_sensor_decorator.py
[2025-10-06T21:34:32.444+0000] {processor.py:914} INFO - Processing file /home/airflow/.local/lib/python3.12/site-packages/airflow/example_dags/example_sensor_decorator.py for tasks to queue
[2025-10-06T21:34:32.445+0000] {logging_mixin.py:190} INFO - [2025-10-06T21:34:32.445+0000] {dagbag.py:588} INFO - Filling up the DagBag from /home/airflow/.local/lib/python3.12/site-packages/airflow/example_dags/example_sensor_decorator.py
[2025-10-06T21:34:32.455+0000] {processor.py:925} INFO - DAG(s) 'example_sensor_decorator' retrieved from /home/airflow/.local/lib/python3.12/site-packages/airflow/example_dags/example_sensor_decorator.py
[2025-10-06T21:34:32.476+0000] {logging_mixin.py:190} INFO - [2025-10-06T21:34:32.476+0000] {dag.py:3239} INFO - Sync 1 DAGs
[2025-10-06T21:34:32.492+0000] {logging_mixin.py:190} INFO - [2025-10-06T21:34:32.492+0000] {dag.py:4180} INFO - Setting next_dagrun for example_sensor_decorator to None, run_after=None
[2025-10-06T21:34:32.514+0000] {processor.py:208} INFO - Processing /home/airflow/.local/lib/python3.12/site-packages/airflow/example_dags/example_sensor_decorator.py took 0.078 seconds
[2025-10-06T21:35:03.580+0000] {processor.py:186} INFO - Started process (PID=4940) to work on /home/airflow/.local/lib/python3.12/site-packages/airflow/example_dags/example_sensor_decorator.py
[2025-10-06T21:35:03.581+0000] {processor.py:914} INFO - Processing file /home/airflow/.local/lib/python3.12/site-packages/airflow/example_dags/example_sensor_decorator.py for tasks to queue
[2025-10-06T21:35:03.583+0000] {logging_mixin.py:190} INFO - [2025-10-06T21:35:03.582+0000] {dagbag.py:588} INFO - Filling up the DagBag from /home/airflow/.local/lib/python3.12/site-packages/airflow/example_dags/example_sensor_decorator.py
[2025-10-06T21:35:03.593+0000] {processor.py:925} INFO - DAG(s) 'example_sensor_decorator' retrieved from /home/airflow/.local/lib/python3.12/site-packages/airflow/example_dags/example_sensor_decorator.py
[2025-10-06T21:35:03.616+0000] {logging_mixin.py:190} INFO - [2025-10-06T21:35:03.616+0000] {dag.py:3239} INFO - Sync 1 DAGs
[2025-10-06T21:35:03.632+0000] {logging_mixin.py:190} INFO - [2025-10-06T21:35:03.632+0000] {dag.py:4180} INFO - Setting next_dagrun for example_sensor_decorator to None, run_after=None
[2025-10-06T21:35:03.661+0000] {processor.py:208} INFO - Processing /home/airflow/.local/lib/python3.12/site-packages/airflow/example_dags/example_sensor_decorator.py took 0.088 seconds
[2025-10-06T21:35:35.455+0000] {processor.py:186} INFO - Started process (PID=5004) to work on /home/airflow/.local/lib/python3.12/site-packages/airflow/example_dags/example_sensor_decorator.py
[2025-10-06T21:35:35.456+0000] {processor.py:914} INFO - Processing file /home/airflow/.local/lib/python3.12/site-packages/airflow/example_dags/example_sensor_decorator.py for tasks to queue
[2025-10-06T21:35:35.458+0000] {logging_mixin.py:190} INFO - [2025-10-06T21:35:35.458+0000] {dagbag.py:588} INFO - Filling up the DagBag from /home/airflow/.local/lib/python3.12/site-packages/airflow/example_dags/example_sensor_decorator.py
[2025-10-06T21:35:35.470+0000] {processor.py:925} INFO - DAG(s) 'example_sensor_decorator' retrieved from /home/airflow/.local/lib/python3.12/site-packages/airflow/example_dags/example_sensor_decorator.py
[2025-10-06T21:35:35.494+0000] {logging_mixin.py:190} INFO - [2025-10-06T21:35:35.494+0000] {dag.py:3239} INFO - Sync 1 DAGs
[2025-10-06T21:35:35.510+0000] {logging_mixin.py:190} INFO - [2025-10-06T21:35:35.509+0000] {dag.py:4180} INFO - Setting next_dagrun for example_sensor_decorator to None, run_after=None
[2025-10-06T21:35:35.531+0000] {processor.py:208} INFO - Processing /home/airflow/.local/lib/python3.12/site-packages/airflow/example_dags/example_sensor_decorator.py took 0.084 seconds
[2025-10-06T21:36:46.337+0000] {processor.py:186} INFO - Started process (PID=5086) to work on /home/airflow/.local/lib/python3.12/site-packages/airflow/example_dags/example_sensor_decorator.py
[2025-10-06T21:36:46.408+0000] {processor.py:914} INFO - Processing file /home/airflow/.local/lib/python3.12/site-packages/airflow/example_dags/example_sensor_decorator.py for tasks to queue
[2025-10-06T21:36:46.492+0000] {logging_mixin.py:190} INFO - [2025-10-06T21:36:46.454+0000] {dagbag.py:588} INFO - Filling up the DagBag from /home/airflow/.local/lib/python3.12/site-packages/airflow/example_dags/example_sensor_decorator.py
[2025-10-06T21:36:46.690+0000] {processor.py:925} INFO - DAG(s) 'example_sensor_decorator' retrieved from /home/airflow/.local/lib/python3.12/site-packages/airflow/example_dags/example_sensor_decorator.py
[2025-10-06T21:37:17.584+0000] {logging_mixin.py:190} INFO - [2025-10-06T21:37:17.583+0000] {dag.py:3239} INFO - Sync 1 DAGs
[2025-10-06T21:37:17.617+0000] {logging_mixin.py:190} INFO - [2025-10-06T21:37:17.617+0000] {dag.py:4180} INFO - Setting next_dagrun for example_sensor_decorator to None, run_after=None
[2025-10-06T21:37:17.670+0000] {processor.py:208} INFO - Processing /home/airflow/.local/lib/python3.12/site-packages/airflow/example_dags/example_sensor_decorator.py took 29.607 seconds
[2025-10-06T21:37:48.063+0000] {processor.py:186} INFO - Started process (PID=5151) to work on /home/airflow/.local/lib/python3.12/site-packages/airflow/example_dags/example_sensor_decorator.py
[2025-10-06T21:37:48.065+0000] {processor.py:914} INFO - Processing file /home/airflow/.local/lib/python3.12/site-packages/airflow/example_dags/example_sensor_decorator.py for tasks to queue
[2025-10-06T21:37:48.066+0000] {logging_mixin.py:190} INFO - [2025-10-06T21:37:48.066+0000] {dagbag.py:588} INFO - Filling up the DagBag from /home/airflow/.local/lib/python3.12/site-packages/airflow/example_dags/example_sensor_decorator.py
[2025-10-06T21:37:48.076+0000] {processor.py:925} INFO - DAG(s) 'example_sensor_decorator' retrieved from /home/airflow/.local/lib/python3.12/site-packages/airflow/example_dags/example_sensor_decorator.py
[2025-10-06T21:37:48.754+0000] {logging_mixin.py:190} INFO - [2025-10-06T21:37:48.754+0000] {dag.py:3239} INFO - Sync 1 DAGs
[2025-10-06T21:37:48.773+0000] {logging_mixin.py:190} INFO - [2025-10-06T21:37:48.772+0000] {dag.py:4180} INFO - Setting next_dagrun for example_sensor_decorator to None, run_after=None
[2025-10-06T21:37:48.796+0000] {processor.py:208} INFO - Processing /home/airflow/.local/lib/python3.12/site-packages/airflow/example_dags/example_sensor_decorator.py took 0.091 seconds
[2025-10-06T21:38:22.678+0000] {processor.py:186} INFO - Started process (PID=5226) to work on /home/airflow/.local/lib/python3.12/site-packages/airflow/example_dags/example_sensor_decorator.py
[2025-10-06T21:38:22.679+0000] {processor.py:914} INFO - Processing file /home/airflow/.local/lib/python3.12/site-packages/airflow/example_dags/example_sensor_decorator.py for tasks to queue
[2025-10-06T21:38:22.681+0000] {logging_mixin.py:190} INFO - [2025-10-06T21:38:22.680+0000] {dagbag.py:588} INFO - Filling up the DagBag from /home/airflow/.local/lib/python3.12/site-packages/airflow/example_dags/example_sensor_decorator.py
[2025-10-06T21:38:22.692+0000] {processor.py:925} INFO - DAG(s) 'example_sensor_decorator' retrieved from /home/airflow/.local/lib/python3.12/site-packages/airflow/example_dags/example_sensor_decorator.py
[2025-10-06T21:38:22.712+0000] {logging_mixin.py:190} INFO - [2025-10-06T21:38:22.712+0000] {dag.py:3239} INFO - Sync 1 DAGs
[2025-10-06T21:38:22.727+0000] {logging_mixin.py:190} INFO - [2025-10-06T21:38:22.727+0000] {dag.py:4180} INFO - Setting next_dagrun for example_sensor_decorator to None, run_after=None
[2025-10-06T21:38:22.754+0000] {processor.py:208} INFO - Processing /home/airflow/.local/lib/python3.12/site-packages/airflow/example_dags/example_sensor_decorator.py took 0.083 seconds
[2025-10-06T21:38:54.505+0000] {processor.py:186} INFO - Started process (PID=5292) to work on /home/airflow/.local/lib/python3.12/site-packages/airflow/example_dags/example_sensor_decorator.py
[2025-10-06T21:38:54.507+0000] {processor.py:914} INFO - Processing file /home/airflow/.local/lib/python3.12/site-packages/airflow/example_dags/example_sensor_decorator.py for tasks to queue
[2025-10-06T21:38:54.508+0000] {logging_mixin.py:190} INFO - [2025-10-06T21:38:54.508+0000] {dagbag.py:588} INFO - Filling up the DagBag from /home/airflow/.local/lib/python3.12/site-packages/airflow/example_dags/example_sensor_decorator.py
[2025-10-06T21:38:54.521+0000] {processor.py:925} INFO - DAG(s) 'example_sensor_decorator' retrieved from /home/airflow/.local/lib/python3.12/site-packages/airflow/example_dags/example_sensor_decorator.py
[2025-10-06T21:38:54.540+0000] {logging_mixin.py:190} INFO - [2025-10-06T21:38:54.540+0000] {dag.py:3239} INFO - Sync 1 DAGs
[2025-10-06T21:38:54.556+0000] {logging_mixin.py:190} INFO - [2025-10-06T21:38:54.556+0000] {dag.py:4180} INFO - Setting next_dagrun for example_sensor_decorator to None, run_after=None
[2025-10-06T21:38:54.582+0000] {processor.py:208} INFO - Processing /home/airflow/.local/lib/python3.12/site-packages/airflow/example_dags/example_sensor_decorator.py took 0.084 seconds
[2025-10-06T21:39:27.078+0000] {processor.py:186} INFO - Started process (PID=5360) to work on /home/airflow/.local/lib/python3.12/site-packages/airflow/example_dags/example_sensor_decorator.py
[2025-10-06T21:39:27.079+0000] {processor.py:914} INFO - Processing file /home/airflow/.local/lib/python3.12/site-packages/airflow/example_dags/example_sensor_decorator.py for tasks to queue
[2025-10-06T21:39:27.081+0000] {logging_mixin.py:190} INFO - [2025-10-06T21:39:27.080+0000] {dagbag.py:588} INFO - Filling up the DagBag from /home/airflow/.local/lib/python3.12/site-packages/airflow/example_dags/example_sensor_decorator.py
[2025-10-06T21:39:27.090+0000] {processor.py:925} INFO - DAG(s) 'example_sensor_decorator' retrieved from /home/airflow/.local/lib/python3.12/site-packages/airflow/example_dags/example_sensor_decorator.py
[2025-10-06T21:39:27.113+0000] {logging_mixin.py:190} INFO - [2025-10-06T21:39:27.113+0000] {dag.py:3239} INFO - Sync 1 DAGs
[2025-10-06T21:39:27.129+0000] {logging_mixin.py:190} INFO - [2025-10-06T21:39:27.129+0000] {dag.py:4180} INFO - Setting next_dagrun for example_sensor_decorator to None, run_after=None
[2025-10-06T21:39:27.151+0000] {processor.py:208} INFO - Processing /home/airflow/.local/lib/python3.12/site-packages/airflow/example_dags/example_sensor_decorator.py took 0.079 seconds
[2025-10-06T21:39:58.213+0000] {processor.py:186} INFO - Started process (PID=5423) to work on /home/airflow/.local/lib/python3.12/site-packages/airflow/example_dags/example_sensor_decorator.py
[2025-10-06T21:39:58.214+0000] {processor.py:914} INFO - Processing file /home/airflow/.local/lib/python3.12/site-packages/airflow/example_dags/example_sensor_decorator.py for tasks to queue
[2025-10-06T21:39:58.216+0000] {logging_mixin.py:190} INFO - [2025-10-06T21:39:58.215+0000] {dagbag.py:588} INFO - Filling up the DagBag from /home/airflow/.local/lib/python3.12/site-packages/airflow/example_dags/example_sensor_decorator.py
[2025-10-06T21:39:58.230+0000] {processor.py:925} INFO - DAG(s) 'example_sensor_decorator' retrieved from /home/airflow/.local/lib/python3.12/site-packages/airflow/example_dags/example_sensor_decorator.py
[2025-10-06T21:39:58.263+0000] {logging_mixin.py:190} INFO - [2025-10-06T21:39:58.262+0000] {dag.py:3239} INFO - Sync 1 DAGs
[2025-10-06T21:39:58.288+0000] {logging_mixin.py:190} INFO - [2025-10-06T21:39:58.288+0000] {dag.py:4180} INFO - Setting next_dagrun for example_sensor_decorator to None, run_after=None
[2025-10-06T21:39:58.326+0000] {processor.py:208} INFO - Processing /home/airflow/.local/lib/python3.12/site-packages/airflow/example_dags/example_sensor_decorator.py took 0.122 seconds
[2025-10-06T21:40:30.303+0000] {processor.py:186} INFO - Started process (PID=5486) to work on /home/airflow/.local/lib/python3.12/site-packages/airflow/example_dags/example_sensor_decorator.py
[2025-10-06T21:40:30.305+0000] {processor.py:914} INFO - Processing file /home/airflow/.local/lib/python3.12/site-packages/airflow/example_dags/example_sensor_decorator.py for tasks to queue
[2025-10-06T21:40:30.307+0000] {logging_mixin.py:190} INFO - [2025-10-06T21:40:30.306+0000] {dagbag.py:588} INFO - Filling up the DagBag from /home/airflow/.local/lib/python3.12/site-packages/airflow/example_dags/example_sensor_decorator.py
[2025-10-06T21:40:30.320+0000] {processor.py:925} INFO - DAG(s) 'example_sensor_decorator' retrieved from /home/airflow/.local/lib/python3.12/site-packages/airflow/example_dags/example_sensor_decorator.py
[2025-10-06T21:40:30.344+0000] {logging_mixin.py:190} INFO - [2025-10-06T21:40:30.344+0000] {dag.py:3239} INFO - Sync 1 DAGs
[2025-10-06T21:40:30.362+0000] {logging_mixin.py:190} INFO - [2025-10-06T21:40:30.362+0000] {dag.py:4180} INFO - Setting next_dagrun for example_sensor_decorator to None, run_after=None
[2025-10-06T21:40:30.383+0000] {processor.py:208} INFO - Processing /home/airflow/.local/lib/python3.12/site-packages/airflow/example_dags/example_sensor_decorator.py took 0.087 seconds
[2025-10-06T21:41:01.778+0000] {processor.py:186} INFO - Started process (PID=5543) to work on /home/airflow/.local/lib/python3.12/site-packages/airflow/example_dags/example_sensor_decorator.py
[2025-10-06T21:41:01.780+0000] {processor.py:914} INFO - Processing file /home/airflow/.local/lib/python3.12/site-packages/airflow/example_dags/example_sensor_decorator.py for tasks to queue
[2025-10-06T21:41:01.782+0000] {logging_mixin.py:190} INFO - [2025-10-06T21:41:01.781+0000] {dagbag.py:588} INFO - Filling up the DagBag from /home/airflow/.local/lib/python3.12/site-packages/airflow/example_dags/example_sensor_decorator.py
[2025-10-06T21:41:01.797+0000] {processor.py:925} INFO - DAG(s) 'example_sensor_decorator' retrieved from /home/airflow/.local/lib/python3.12/site-packages/airflow/example_dags/example_sensor_decorator.py
[2025-10-06T21:41:01.843+0000] {logging_mixin.py:190} INFO - [2025-10-06T21:41:01.843+0000] {dag.py:3239} INFO - Sync 1 DAGs
[2025-10-06T21:41:01.885+0000] {logging_mixin.py:190} INFO - [2025-10-06T21:41:01.885+0000] {dag.py:4180} INFO - Setting next_dagrun for example_sensor_decorator to None, run_after=None
[2025-10-06T21:41:01.953+0000] {processor.py:208} INFO - Processing /home/airflow/.local/lib/python3.12/site-packages/airflow/example_dags/example_sensor_decorator.py took 0.184 seconds
[2025-10-06T21:41:33.579+0000] {processor.py:186} INFO - Started process (PID=5612) to work on /home/airflow/.local/lib/python3.12/site-packages/airflow/example_dags/example_sensor_decorator.py
[2025-10-06T21:41:33.580+0000] {processor.py:914} INFO - Processing file /home/airflow/.local/lib/python3.12/site-packages/airflow/example_dags/example_sensor_decorator.py for tasks to queue
[2025-10-06T21:41:33.582+0000] {logging_mixin.py:190} INFO - [2025-10-06T21:41:33.581+0000] {dagbag.py:588} INFO - Filling up the DagBag from /home/airflow/.local/lib/python3.12/site-packages/airflow/example_dags/example_sensor_decorator.py
[2025-10-06T21:41:33.591+0000] {processor.py:925} INFO - DAG(s) 'example_sensor_decorator' retrieved from /home/airflow/.local/lib/python3.12/site-packages/airflow/example_dags/example_sensor_decorator.py
[2025-10-06T21:41:33.611+0000] {logging_mixin.py:190} INFO - [2025-10-06T21:41:33.610+0000] {dag.py:3239} INFO - Sync 1 DAGs
[2025-10-06T21:41:33.627+0000] {logging_mixin.py:190} INFO - [2025-10-06T21:41:33.627+0000] {dag.py:4180} INFO - Setting next_dagrun for example_sensor_decorator to None, run_after=None
[2025-10-06T21:41:33.651+0000] {processor.py:208} INFO - Processing /home/airflow/.local/lib/python3.12/site-packages/airflow/example_dags/example_sensor_decorator.py took 0.078 seconds
[2025-10-06T21:42:08.185+0000] {processor.py:186} INFO - Started process (PID=5688) to work on /home/airflow/.local/lib/python3.12/site-packages/airflow/example_dags/example_sensor_decorator.py
[2025-10-06T21:42:08.187+0000] {processor.py:914} INFO - Processing file /home/airflow/.local/lib/python3.12/site-packages/airflow/example_dags/example_sensor_decorator.py for tasks to queue
[2025-10-06T21:42:08.190+0000] {logging_mixin.py:190} INFO - [2025-10-06T21:42:08.189+0000] {dagbag.py:588} INFO - Filling up the DagBag from /home/airflow/.local/lib/python3.12/site-packages/airflow/example_dags/example_sensor_decorator.py
[2025-10-06T21:42:08.203+0000] {processor.py:925} INFO - DAG(s) 'example_sensor_decorator' retrieved from /home/airflow/.local/lib/python3.12/site-packages/airflow/example_dags/example_sensor_decorator.py
[2025-10-06T21:42:08.230+0000] {logging_mixin.py:190} INFO - [2025-10-06T21:42:08.230+0000] {dag.py:3239} INFO - Sync 1 DAGs
[2025-10-06T21:42:08.252+0000] {logging_mixin.py:190} INFO - [2025-10-06T21:42:08.252+0000] {dag.py:4180} INFO - Setting next_dagrun for example_sensor_decorator to None, run_after=None
[2025-10-06T21:42:08.272+0000] {processor.py:208} INFO - Processing /home/airflow/.local/lib/python3.12/site-packages/airflow/example_dags/example_sensor_decorator.py took 0.097 seconds
[2025-10-06T21:42:38.631+0000] {processor.py:186} INFO - Started process (PID=5745) to work on /home/airflow/.local/lib/python3.12/site-packages/airflow/example_dags/example_sensor_decorator.py
[2025-10-06T21:42:38.632+0000] {processor.py:914} INFO - Processing file /home/airflow/.local/lib/python3.12/site-packages/airflow/example_dags/example_sensor_decorator.py for tasks to queue
[2025-10-06T21:42:38.633+0000] {logging_mixin.py:190} INFO - [2025-10-06T21:42:38.633+0000] {dagbag.py:588} INFO - Filling up the DagBag from /home/airflow/.local/lib/python3.12/site-packages/airflow/example_dags/example_sensor_decorator.py
[2025-10-06T21:42:38.642+0000] {processor.py:925} INFO - DAG(s) 'example_sensor_decorator' retrieved from /home/airflow/.local/lib/python3.12/site-packages/airflow/example_dags/example_sensor_decorator.py
[2025-10-06T21:42:38.670+0000] {logging_mixin.py:190} INFO - [2025-10-06T21:42:38.669+0000] {dag.py:3239} INFO - Sync 1 DAGs
[2025-10-06T21:42:38.687+0000] {logging_mixin.py:190} INFO - [2025-10-06T21:42:38.687+0000] {dag.py:4180} INFO - Setting next_dagrun for example_sensor_decorator to None, run_after=None
[2025-10-06T21:42:38.710+0000] {processor.py:208} INFO - Processing /home/airflow/.local/lib/python3.12/site-packages/airflow/example_dags/example_sensor_decorator.py took 0.085 seconds
[2025-10-06T21:43:11.793+0000] {processor.py:186} INFO - Started process (PID=5819) to work on /home/airflow/.local/lib/python3.12/site-packages/airflow/example_dags/example_sensor_decorator.py
[2025-10-06T21:43:11.795+0000] {processor.py:914} INFO - Processing file /home/airflow/.local/lib/python3.12/site-packages/airflow/example_dags/example_sensor_decorator.py for tasks to queue
[2025-10-06T21:43:11.798+0000] {logging_mixin.py:190} INFO - [2025-10-06T21:43:11.797+0000] {dagbag.py:588} INFO - Filling up the DagBag from /home/airflow/.local/lib/python3.12/site-packages/airflow/example_dags/example_sensor_decorator.py
[2025-10-06T21:43:11.811+0000] {processor.py:925} INFO - DAG(s) 'example_sensor_decorator' retrieved from /home/airflow/.local/lib/python3.12/site-packages/airflow/example_dags/example_sensor_decorator.py
[2025-10-06T21:43:11.850+0000] {logging_mixin.py:190} INFO - [2025-10-06T21:43:11.849+0000] {dag.py:3239} INFO - Sync 1 DAGs
[2025-10-06T21:43:11.874+0000] {logging_mixin.py:190} INFO - [2025-10-06T21:43:11.873+0000] {dag.py:4180} INFO - Setting next_dagrun for example_sensor_decorator to None, run_after=None
[2025-10-06T21:43:11.903+0000] {processor.py:208} INFO - Processing /home/airflow/.local/lib/python3.12/site-packages/airflow/example_dags/example_sensor_decorator.py took 0.119 seconds
[2025-10-06T21:43:45.395+0000] {processor.py:186} INFO - Started process (PID=5893) to work on /home/airflow/.local/lib/python3.12/site-packages/airflow/example_dags/example_sensor_decorator.py
[2025-10-06T21:43:45.396+0000] {processor.py:914} INFO - Processing file /home/airflow/.local/lib/python3.12/site-packages/airflow/example_dags/example_sensor_decorator.py for tasks to queue
[2025-10-06T21:43:45.399+0000] {logging_mixin.py:190} INFO - [2025-10-06T21:43:45.399+0000] {dagbag.py:588} INFO - Filling up the DagBag from /home/airflow/.local/lib/python3.12/site-packages/airflow/example_dags/example_sensor_decorator.py
[2025-10-06T21:43:45.414+0000] {processor.py:925} INFO - DAG(s) 'example_sensor_decorator' retrieved from /home/airflow/.local/lib/python3.12/site-packages/airflow/example_dags/example_sensor_decorator.py
[2025-10-06T21:43:45.455+0000] {logging_mixin.py:190} INFO - [2025-10-06T21:43:45.454+0000] {dag.py:3239} INFO - Sync 1 DAGs
[2025-10-06T21:43:45.489+0000] {logging_mixin.py:190} INFO - [2025-10-06T21:43:45.488+0000] {dag.py:4180} INFO - Setting next_dagrun for example_sensor_decorator to None, run_after=None
[2025-10-06T21:43:45.521+0000] {processor.py:208} INFO - Processing /home/airflow/.local/lib/python3.12/site-packages/airflow/example_dags/example_sensor_decorator.py took 0.135 seconds
[2025-10-06T21:44:15.645+0000] {processor.py:186} INFO - Started process (PID=5955) to work on /home/airflow/.local/lib/python3.12/site-packages/airflow/example_dags/example_sensor_decorator.py
[2025-10-06T21:44:15.646+0000] {processor.py:914} INFO - Processing file /home/airflow/.local/lib/python3.12/site-packages/airflow/example_dags/example_sensor_decorator.py for tasks to queue
[2025-10-06T21:44:15.647+0000] {logging_mixin.py:190} INFO - [2025-10-06T21:44:15.647+0000] {dagbag.py:588} INFO - Filling up the DagBag from /home/airflow/.local/lib/python3.12/site-packages/airflow/example_dags/example_sensor_decorator.py
[2025-10-06T21:44:15.657+0000] {processor.py:925} INFO - DAG(s) 'example_sensor_decorator' retrieved from /home/airflow/.local/lib/python3.12/site-packages/airflow/example_dags/example_sensor_decorator.py
[2025-10-06T21:44:15.677+0000] {logging_mixin.py:190} INFO - [2025-10-06T21:44:15.677+0000] {dag.py:3239} INFO - Sync 1 DAGs
[2025-10-06T21:44:15.702+0000] {logging_mixin.py:190} INFO - [2025-10-06T21:44:15.702+0000] {dag.py:4180} INFO - Setting next_dagrun for example_sensor_decorator to None, run_after=None
[2025-10-06T21:44:15.738+0000] {processor.py:208} INFO - Processing /home/airflow/.local/lib/python3.12/site-packages/airflow/example_dags/example_sensor_decorator.py took 0.099 seconds
[2025-10-06T21:44:46.832+0000] {processor.py:186} INFO - Started process (PID=6018) to work on /home/airflow/.local/lib/python3.12/site-packages/airflow/example_dags/example_sensor_decorator.py
[2025-10-06T21:44:46.834+0000] {processor.py:914} INFO - Processing file /home/airflow/.local/lib/python3.12/site-packages/airflow/example_dags/example_sensor_decorator.py for tasks to queue
[2025-10-06T21:44:46.836+0000] {logging_mixin.py:190} INFO - [2025-10-06T21:44:46.836+0000] {dagbag.py:588} INFO - Filling up the DagBag from /home/airflow/.local/lib/python3.12/site-packages/airflow/example_dags/example_sensor_decorator.py
[2025-10-06T21:44:46.846+0000] {processor.py:925} INFO - DAG(s) 'example_sensor_decorator' retrieved from /home/airflow/.local/lib/python3.12/site-packages/airflow/example_dags/example_sensor_decorator.py
[2025-10-06T21:44:46.870+0000] {logging_mixin.py:190} INFO - [2025-10-06T21:44:46.870+0000] {dag.py:3239} INFO - Sync 1 DAGs
[2025-10-06T21:44:46.890+0000] {logging_mixin.py:190} INFO - [2025-10-06T21:44:46.890+0000] {dag.py:4180} INFO - Setting next_dagrun for example_sensor_decorator to None, run_after=None
[2025-10-06T21:44:46.913+0000] {processor.py:208} INFO - Processing /home/airflow/.local/lib/python3.12/site-packages/airflow/example_dags/example_sensor_decorator.py took 0.089 seconds
[2025-10-06T21:45:19.008+0000] {processor.py:186} INFO - Started process (PID=6081) to work on /home/airflow/.local/lib/python3.12/site-packages/airflow/example_dags/example_sensor_decorator.py
[2025-10-06T21:45:19.009+0000] {processor.py:914} INFO - Processing file /home/airflow/.local/lib/python3.12/site-packages/airflow/example_dags/example_sensor_decorator.py for tasks to queue
[2025-10-06T21:45:19.011+0000] {logging_mixin.py:190} INFO - [2025-10-06T21:45:19.010+0000] {dagbag.py:588} INFO - Filling up the DagBag from /home/airflow/.local/lib/python3.12/site-packages/airflow/example_dags/example_sensor_decorator.py
[2025-10-06T21:45:19.021+0000] {processor.py:925} INFO - DAG(s) 'example_sensor_decorator' retrieved from /home/airflow/.local/lib/python3.12/site-packages/airflow/example_dags/example_sensor_decorator.py
[2025-10-06T21:45:19.042+0000] {logging_mixin.py:190} INFO - [2025-10-06T21:45:19.041+0000] {dag.py:3239} INFO - Sync 1 DAGs
[2025-10-06T21:45:19.058+0000] {logging_mixin.py:190} INFO - [2025-10-06T21:45:19.057+0000] {dag.py:4180} INFO - Setting next_dagrun for example_sensor_decorator to None, run_after=None
[2025-10-06T21:45:19.077+0000] {processor.py:208} INFO - Processing /home/airflow/.local/lib/python3.12/site-packages/airflow/example_dags/example_sensor_decorator.py took 0.076 seconds
[2025-10-06T21:45:50.952+0000] {processor.py:186} INFO - Started process (PID=6145) to work on /home/airflow/.local/lib/python3.12/site-packages/airflow/example_dags/example_sensor_decorator.py
[2025-10-06T21:45:50.957+0000] {processor.py:914} INFO - Processing file /home/airflow/.local/lib/python3.12/site-packages/airflow/example_dags/example_sensor_decorator.py for tasks to queue
[2025-10-06T21:45:50.962+0000] {logging_mixin.py:190} INFO - [2025-10-06T21:45:50.961+0000] {dagbag.py:588} INFO - Filling up the DagBag from /home/airflow/.local/lib/python3.12/site-packages/airflow/example_dags/example_sensor_decorator.py
[2025-10-06T21:45:51.026+0000] {processor.py:925} INFO - DAG(s) 'example_sensor_decorator' retrieved from /home/airflow/.local/lib/python3.12/site-packages/airflow/example_dags/example_sensor_decorator.py
[2025-10-06T21:45:51.118+0000] {logging_mixin.py:190} INFO - [2025-10-06T21:45:51.118+0000] {dag.py:3239} INFO - Sync 1 DAGs
[2025-10-06T21:45:51.146+0000] {logging_mixin.py:190} INFO - [2025-10-06T21:45:51.146+0000] {dag.py:4180} INFO - Setting next_dagrun for example_sensor_decorator to None, run_after=None
[2025-10-06T21:45:51.185+0000] {processor.py:208} INFO - Processing /home/airflow/.local/lib/python3.12/site-packages/airflow/example_dags/example_sensor_decorator.py took 0.251 seconds
[2025-10-06T21:46:22.982+0000] {processor.py:186} INFO - Started process (PID=6208) to work on /home/airflow/.local/lib/python3.12/site-packages/airflow/example_dags/example_sensor_decorator.py
[2025-10-06T21:46:22.984+0000] {processor.py:914} INFO - Processing file /home/airflow/.local/lib/python3.12/site-packages/airflow/example_dags/example_sensor_decorator.py for tasks to queue
[2025-10-06T21:46:22.986+0000] {logging_mixin.py:190} INFO - [2025-10-06T21:46:22.985+0000] {dagbag.py:588} INFO - Filling up the DagBag from /home/airflow/.local/lib/python3.12/site-packages/airflow/example_dags/example_sensor_decorator.py
[2025-10-06T21:46:23.002+0000] {processor.py:925} INFO - DAG(s) 'example_sensor_decorator' retrieved from /home/airflow/.local/lib/python3.12/site-packages/airflow/example_dags/example_sensor_decorator.py
[2025-10-06T21:46:23.029+0000] {logging_mixin.py:190} INFO - [2025-10-06T21:46:23.029+0000] {dag.py:3239} INFO - Sync 1 DAGs
[2025-10-06T21:46:23.048+0000] {logging_mixin.py:190} INFO - [2025-10-06T21:46:23.048+0000] {dag.py:4180} INFO - Setting next_dagrun for example_sensor_decorator to None, run_after=None
[2025-10-06T21:46:23.070+0000] {processor.py:208} INFO - Processing /home/airflow/.local/lib/python3.12/site-packages/airflow/example_dags/example_sensor_decorator.py took 0.096 seconds
[2025-10-06T21:46:56.111+0000] {processor.py:186} INFO - Started process (PID=6271) to work on /home/airflow/.local/lib/python3.12/site-packages/airflow/example_dags/example_sensor_decorator.py
[2025-10-06T21:46:56.113+0000] {processor.py:914} INFO - Processing file /home/airflow/.local/lib/python3.12/site-packages/airflow/example_dags/example_sensor_decorator.py for tasks to queue
[2025-10-06T21:46:56.115+0000] {logging_mixin.py:190} INFO - [2025-10-06T21:46:56.114+0000] {dagbag.py:588} INFO - Filling up the DagBag from /home/airflow/.local/lib/python3.12/site-packages/airflow/example_dags/example_sensor_decorator.py
[2025-10-06T21:46:56.131+0000] {processor.py:925} INFO - DAG(s) 'example_sensor_decorator' retrieved from /home/airflow/.local/lib/python3.12/site-packages/airflow/example_dags/example_sensor_decorator.py
[2025-10-06T21:46:56.163+0000] {logging_mixin.py:190} INFO - [2025-10-06T21:46:56.163+0000] {dag.py:3239} INFO - Sync 1 DAGs
[2025-10-06T21:46:56.186+0000] {logging_mixin.py:190} INFO - [2025-10-06T21:46:56.185+0000] {dag.py:4180} INFO - Setting next_dagrun for example_sensor_decorator to None, run_after=None
[2025-10-06T21:46:56.217+0000] {processor.py:208} INFO - Processing /home/airflow/.local/lib/python3.12/site-packages/airflow/example_dags/example_sensor_decorator.py took 0.116 seconds
[2025-10-06T21:47:27.521+0000] {processor.py:186} INFO - Started process (PID=6335) to work on /home/airflow/.local/lib/python3.12/site-packages/airflow/example_dags/example_sensor_decorator.py
[2025-10-06T21:47:27.524+0000] {processor.py:914} INFO - Processing file /home/airflow/.local/lib/python3.12/site-packages/airflow/example_dags/example_sensor_decorator.py for tasks to queue
[2025-10-06T21:47:27.527+0000] {logging_mixin.py:190} INFO - [2025-10-06T21:47:27.526+0000] {dagbag.py:588} INFO - Filling up the DagBag from /home/airflow/.local/lib/python3.12/site-packages/airflow/example_dags/example_sensor_decorator.py
[2025-10-06T21:47:27.547+0000] {processor.py:925} INFO - DAG(s) 'example_sensor_decorator' retrieved from /home/airflow/.local/lib/python3.12/site-packages/airflow/example_dags/example_sensor_decorator.py
[2025-10-06T21:47:27.578+0000] {logging_mixin.py:190} INFO - [2025-10-06T21:47:27.578+0000] {dag.py:3239} INFO - Sync 1 DAGs
[2025-10-06T21:47:27.599+0000] {logging_mixin.py:190} INFO - [2025-10-06T21:47:27.599+0000] {dag.py:4180} INFO - Setting next_dagrun for example_sensor_decorator to None, run_after=None
[2025-10-06T21:47:27.632+0000] {processor.py:208} INFO - Processing /home/airflow/.local/lib/python3.12/site-packages/airflow/example_dags/example_sensor_decorator.py took 0.124 seconds
[2025-10-06T21:47:58.277+0000] {processor.py:186} INFO - Started process (PID=6392) to work on /home/airflow/.local/lib/python3.12/site-packages/airflow/example_dags/example_sensor_decorator.py
[2025-10-06T21:47:58.280+0000] {processor.py:914} INFO - Processing file /home/airflow/.local/lib/python3.12/site-packages/airflow/example_dags/example_sensor_decorator.py for tasks to queue
[2025-10-06T21:47:58.282+0000] {logging_mixin.py:190} INFO - [2025-10-06T21:47:58.282+0000] {dagbag.py:588} INFO - Filling up the DagBag from /home/airflow/.local/lib/python3.12/site-packages/airflow/example_dags/example_sensor_decorator.py
[2025-10-06T21:47:58.294+0000] {processor.py:925} INFO - DAG(s) 'example_sensor_decorator' retrieved from /home/airflow/.local/lib/python3.12/site-packages/airflow/example_dags/example_sensor_decorator.py
[2025-10-06T21:47:58.321+0000] {logging_mixin.py:190} INFO - [2025-10-06T21:47:58.321+0000] {dag.py:3239} INFO - Sync 1 DAGs
[2025-10-06T21:47:58.340+0000] {logging_mixin.py:190} INFO - [2025-10-06T21:47:58.339+0000] {dag.py:4180} INFO - Setting next_dagrun for example_sensor_decorator to None, run_after=None
[2025-10-06T21:47:58.373+0000] {processor.py:208} INFO - Processing /home/airflow/.local/lib/python3.12/site-packages/airflow/example_dags/example_sensor_decorator.py took 0.105 seconds
[2025-10-06T21:48:29.859+0000] {processor.py:186} INFO - Started process (PID=6455) to work on /home/airflow/.local/lib/python3.12/site-packages/airflow/example_dags/example_sensor_decorator.py
[2025-10-06T21:48:29.864+0000] {processor.py:914} INFO - Processing file /home/airflow/.local/lib/python3.12/site-packages/airflow/example_dags/example_sensor_decorator.py for tasks to queue
[2025-10-06T21:48:29.866+0000] {logging_mixin.py:190} INFO - [2025-10-06T21:48:29.865+0000] {dagbag.py:588} INFO - Filling up the DagBag from /home/airflow/.local/lib/python3.12/site-packages/airflow/example_dags/example_sensor_decorator.py
[2025-10-06T21:48:29.875+0000] {processor.py:925} INFO - DAG(s) 'example_sensor_decorator' retrieved from /home/airflow/.local/lib/python3.12/site-packages/airflow/example_dags/example_sensor_decorator.py
[2025-10-06T21:48:29.897+0000] {logging_mixin.py:190} INFO - [2025-10-06T21:48:29.896+0000] {dag.py:3239} INFO - Sync 1 DAGs
[2025-10-06T21:48:29.912+0000] {logging_mixin.py:190} INFO - [2025-10-06T21:48:29.912+0000] {dag.py:4180} INFO - Setting next_dagrun for example_sensor_decorator to None, run_after=None
[2025-10-06T21:48:29.936+0000] {processor.py:208} INFO - Processing /home/airflow/.local/lib/python3.12/site-packages/airflow/example_dags/example_sensor_decorator.py took 0.083 seconds
[2025-10-06T21:49:01.861+0000] {processor.py:186} INFO - Started process (PID=6518) to work on /home/airflow/.local/lib/python3.12/site-packages/airflow/example_dags/example_sensor_decorator.py
[2025-10-06T21:49:01.862+0000] {processor.py:914} INFO - Processing file /home/airflow/.local/lib/python3.12/site-packages/airflow/example_dags/example_sensor_decorator.py for tasks to queue
[2025-10-06T21:49:01.863+0000] {logging_mixin.py:190} INFO - [2025-10-06T21:49:01.863+0000] {dagbag.py:588} INFO - Filling up the DagBag from /home/airflow/.local/lib/python3.12/site-packages/airflow/example_dags/example_sensor_decorator.py
[2025-10-06T21:49:01.873+0000] {processor.py:925} INFO - DAG(s) 'example_sensor_decorator' retrieved from /home/airflow/.local/lib/python3.12/site-packages/airflow/example_dags/example_sensor_decorator.py
[2025-10-06T21:49:01.894+0000] {logging_mixin.py:190} INFO - [2025-10-06T21:49:01.893+0000] {dag.py:3239} INFO - Sync 1 DAGs
[2025-10-06T21:49:01.910+0000] {logging_mixin.py:190} INFO - [2025-10-06T21:49:01.910+0000] {dag.py:4180} INFO - Setting next_dagrun for example_sensor_decorator to None, run_after=None
[2025-10-06T21:49:01.933+0000] {processor.py:208} INFO - Processing /home/airflow/.local/lib/python3.12/site-packages/airflow/example_dags/example_sensor_decorator.py took 0.078 seconds
[2025-10-06T21:49:34.418+0000] {processor.py:186} INFO - Started process (PID=6587) to work on /home/airflow/.local/lib/python3.12/site-packages/airflow/example_dags/example_sensor_decorator.py
[2025-10-06T21:49:34.419+0000] {processor.py:914} INFO - Processing file /home/airflow/.local/lib/python3.12/site-packages/airflow/example_dags/example_sensor_decorator.py for tasks to queue
[2025-10-06T21:49:34.420+0000] {logging_mixin.py:190} INFO - [2025-10-06T21:49:34.420+0000] {dagbag.py:588} INFO - Filling up the DagBag from /home/airflow/.local/lib/python3.12/site-packages/airflow/example_dags/example_sensor_decorator.py
[2025-10-06T21:49:34.432+0000] {processor.py:925} INFO - DAG(s) 'example_sensor_decorator' retrieved from /home/airflow/.local/lib/python3.12/site-packages/airflow/example_dags/example_sensor_decorator.py
[2025-10-06T21:49:34.465+0000] {logging_mixin.py:190} INFO - [2025-10-06T21:49:34.465+0000] {dag.py:3239} INFO - Sync 1 DAGs
[2025-10-06T21:49:34.486+0000] {logging_mixin.py:190} INFO - [2025-10-06T21:49:34.485+0000] {dag.py:4180} INFO - Setting next_dagrun for example_sensor_decorator to None, run_after=None
[2025-10-06T21:49:34.515+0000] {processor.py:208} INFO - Processing /home/airflow/.local/lib/python3.12/site-packages/airflow/example_dags/example_sensor_decorator.py took 0.106 seconds
[2025-10-06T21:50:12.298+0000] {processor.py:186} INFO - Started process (PID=6643) to work on /home/airflow/.local/lib/python3.12/site-packages/airflow/example_dags/example_sensor_decorator.py
[2025-10-06T21:50:12.301+0000] {processor.py:914} INFO - Processing file /home/airflow/.local/lib/python3.12/site-packages/airflow/example_dags/example_sensor_decorator.py for tasks to queue
[2025-10-06T21:50:12.309+0000] {logging_mixin.py:190} INFO - [2025-10-06T21:50:12.306+0000] {dagbag.py:588} INFO - Filling up the DagBag from /home/airflow/.local/lib/python3.12/site-packages/airflow/example_dags/example_sensor_decorator.py
[2025-10-06T21:50:12.345+0000] {processor.py:925} INFO - DAG(s) 'example_sensor_decorator' retrieved from /home/airflow/.local/lib/python3.12/site-packages/airflow/example_dags/example_sensor_decorator.py
[2025-10-06T21:50:12.574+0000] {logging_mixin.py:190} INFO - [2025-10-06T21:50:12.565+0000] {dag.py:3239} INFO - Sync 1 DAGs
[2025-10-06T21:50:12.627+0000] {logging_mixin.py:190} INFO - [2025-10-06T21:50:12.626+0000] {dag.py:4180} INFO - Setting next_dagrun for example_sensor_decorator to None, run_after=None
[2025-10-06T21:50:12.729+0000] {processor.py:208} INFO - Processing /home/airflow/.local/lib/python3.12/site-packages/airflow/example_dags/example_sensor_decorator.py took 0.456 seconds
[2025-10-06T21:51:33.047+0000] {processor.py:186} INFO - Started process (PID=105) to work on /home/airflow/.local/lib/python3.12/site-packages/airflow/example_dags/example_sensor_decorator.py
[2025-10-06T21:51:33.048+0000] {processor.py:914} INFO - Processing file /home/airflow/.local/lib/python3.12/site-packages/airflow/example_dags/example_sensor_decorator.py for tasks to queue
[2025-10-06T21:51:33.053+0000] {logging_mixin.py:190} INFO - [2025-10-06T21:51:33.052+0000] {dagbag.py:588} INFO - Filling up the DagBag from /home/airflow/.local/lib/python3.12/site-packages/airflow/example_dags/example_sensor_decorator.py
[2025-10-06T21:51:33.066+0000] {processor.py:925} INFO - DAG(s) 'example_sensor_decorator' retrieved from /home/airflow/.local/lib/python3.12/site-packages/airflow/example_dags/example_sensor_decorator.py
[2025-10-06T21:51:33.094+0000] {logging_mixin.py:190} INFO - [2025-10-06T21:51:33.093+0000] {dag.py:3239} INFO - Sync 1 DAGs
[2025-10-06T21:51:33.113+0000] {logging_mixin.py:190} INFO - [2025-10-06T21:51:33.113+0000] {dag.py:4180} INFO - Setting next_dagrun for example_sensor_decorator to None, run_after=None
[2025-10-06T21:51:33.140+0000] {processor.py:208} INFO - Processing /home/airflow/.local/lib/python3.12/site-packages/airflow/example_dags/example_sensor_decorator.py took 0.102 seconds
[2025-10-06T21:52:03.616+0000] {processor.py:186} INFO - Started process (PID=168) to work on /home/airflow/.local/lib/python3.12/site-packages/airflow/example_dags/example_sensor_decorator.py
[2025-10-06T21:52:03.618+0000] {processor.py:914} INFO - Processing file /home/airflow/.local/lib/python3.12/site-packages/airflow/example_dags/example_sensor_decorator.py for tasks to queue
[2025-10-06T21:52:03.622+0000] {logging_mixin.py:190} INFO - [2025-10-06T21:52:03.621+0000] {dagbag.py:588} INFO - Filling up the DagBag from /home/airflow/.local/lib/python3.12/site-packages/airflow/example_dags/example_sensor_decorator.py
[2025-10-06T21:52:03.634+0000] {processor.py:925} INFO - DAG(s) 'example_sensor_decorator' retrieved from /home/airflow/.local/lib/python3.12/site-packages/airflow/example_dags/example_sensor_decorator.py
[2025-10-06T21:52:03.658+0000] {logging_mixin.py:190} INFO - [2025-10-06T21:52:03.658+0000] {dag.py:3239} INFO - Sync 1 DAGs
[2025-10-06T21:52:03.674+0000] {logging_mixin.py:190} INFO - [2025-10-06T21:52:03.674+0000] {dag.py:4180} INFO - Setting next_dagrun for example_sensor_decorator to None, run_after=None
[2025-10-06T21:52:03.702+0000] {processor.py:208} INFO - Processing /home/airflow/.local/lib/python3.12/site-packages/airflow/example_dags/example_sensor_decorator.py took 0.093 seconds
[2025-10-06T21:52:34.265+0000] {processor.py:186} INFO - Started process (PID=231) to work on /home/airflow/.local/lib/python3.12/site-packages/airflow/example_dags/example_sensor_decorator.py
[2025-10-06T21:52:34.266+0000] {processor.py:914} INFO - Processing file /home/airflow/.local/lib/python3.12/site-packages/airflow/example_dags/example_sensor_decorator.py for tasks to queue
[2025-10-06T21:52:34.270+0000] {logging_mixin.py:190} INFO - [2025-10-06T21:52:34.269+0000] {dagbag.py:588} INFO - Filling up the DagBag from /home/airflow/.local/lib/python3.12/site-packages/airflow/example_dags/example_sensor_decorator.py
[2025-10-06T21:52:34.282+0000] {processor.py:925} INFO - DAG(s) 'example_sensor_decorator' retrieved from /home/airflow/.local/lib/python3.12/site-packages/airflow/example_dags/example_sensor_decorator.py
[2025-10-06T21:52:34.306+0000] {logging_mixin.py:190} INFO - [2025-10-06T21:52:34.306+0000] {dag.py:3239} INFO - Sync 1 DAGs
[2025-10-06T21:52:34.326+0000] {logging_mixin.py:190} INFO - [2025-10-06T21:52:34.326+0000] {dag.py:4180} INFO - Setting next_dagrun for example_sensor_decorator to None, run_after=None
[2025-10-06T21:52:34.370+0000] {processor.py:208} INFO - Processing /home/airflow/.local/lib/python3.12/site-packages/airflow/example_dags/example_sensor_decorator.py took 0.113 seconds
[2025-10-06T21:53:05.540+0000] {processor.py:186} INFO - Started process (PID=295) to work on /home/airflow/.local/lib/python3.12/site-packages/airflow/example_dags/example_sensor_decorator.py
[2025-10-06T21:53:05.551+0000] {processor.py:914} INFO - Processing file /home/airflow/.local/lib/python3.12/site-packages/airflow/example_dags/example_sensor_decorator.py for tasks to queue
[2025-10-06T21:53:05.564+0000] {logging_mixin.py:190} INFO - [2025-10-06T21:53:05.564+0000] {dagbag.py:588} INFO - Filling up the DagBag from /home/airflow/.local/lib/python3.12/site-packages/airflow/example_dags/example_sensor_decorator.py
[2025-10-06T21:53:05.600+0000] {processor.py:925} INFO - DAG(s) 'example_sensor_decorator' retrieved from /home/airflow/.local/lib/python3.12/site-packages/airflow/example_dags/example_sensor_decorator.py
[2025-10-06T21:53:05.678+0000] {logging_mixin.py:190} INFO - [2025-10-06T21:53:05.676+0000] {dag.py:3239} INFO - Sync 1 DAGs
[2025-10-06T21:53:05.723+0000] {logging_mixin.py:190} INFO - [2025-10-06T21:53:05.722+0000] {dag.py:4180} INFO - Setting next_dagrun for example_sensor_decorator to None, run_after=None
[2025-10-06T21:53:05.765+0000] {processor.py:208} INFO - Processing /home/airflow/.local/lib/python3.12/site-packages/airflow/example_dags/example_sensor_decorator.py took 0.248 seconds
[2025-10-06T21:53:36.879+0000] {processor.py:186} INFO - Started process (PID=359) to work on /home/airflow/.local/lib/python3.12/site-packages/airflow/example_dags/example_sensor_decorator.py
[2025-10-06T21:53:36.881+0000] {processor.py:914} INFO - Processing file /home/airflow/.local/lib/python3.12/site-packages/airflow/example_dags/example_sensor_decorator.py for tasks to queue
[2025-10-06T21:53:36.884+0000] {logging_mixin.py:190} INFO - [2025-10-06T21:53:36.883+0000] {dagbag.py:588} INFO - Filling up the DagBag from /home/airflow/.local/lib/python3.12/site-packages/airflow/example_dags/example_sensor_decorator.py
[2025-10-06T21:53:36.894+0000] {processor.py:925} INFO - DAG(s) 'example_sensor_decorator' retrieved from /home/airflow/.local/lib/python3.12/site-packages/airflow/example_dags/example_sensor_decorator.py
[2025-10-06T21:53:36.917+0000] {logging_mixin.py:190} INFO - [2025-10-06T21:53:36.916+0000] {dag.py:3239} INFO - Sync 1 DAGs
[2025-10-06T21:53:36.932+0000] {logging_mixin.py:190} INFO - [2025-10-06T21:53:36.932+0000] {dag.py:4180} INFO - Setting next_dagrun for example_sensor_decorator to None, run_after=None
[2025-10-06T21:53:36.960+0000] {processor.py:208} INFO - Processing /home/airflow/.local/lib/python3.12/site-packages/airflow/example_dags/example_sensor_decorator.py took 0.088 seconds
[2025-10-06T21:54:07.876+0000] {processor.py:186} INFO - Started process (PID=416) to work on /home/airflow/.local/lib/python3.12/site-packages/airflow/example_dags/example_sensor_decorator.py
[2025-10-06T21:54:07.877+0000] {processor.py:914} INFO - Processing file /home/airflow/.local/lib/python3.12/site-packages/airflow/example_dags/example_sensor_decorator.py for tasks to queue
[2025-10-06T21:54:07.880+0000] {logging_mixin.py:190} INFO - [2025-10-06T21:54:07.880+0000] {dagbag.py:588} INFO - Filling up the DagBag from /home/airflow/.local/lib/python3.12/site-packages/airflow/example_dags/example_sensor_decorator.py
[2025-10-06T21:54:07.892+0000] {processor.py:925} INFO - DAG(s) 'example_sensor_decorator' retrieved from /home/airflow/.local/lib/python3.12/site-packages/airflow/example_dags/example_sensor_decorator.py
[2025-10-06T21:54:07.921+0000] {logging_mixin.py:190} INFO - [2025-10-06T21:54:07.921+0000] {dag.py:3239} INFO - Sync 1 DAGs
[2025-10-06T21:54:07.942+0000] {logging_mixin.py:190} INFO - [2025-10-06T21:54:07.942+0000] {dag.py:4180} INFO - Setting next_dagrun for example_sensor_decorator to None, run_after=None
[2025-10-06T21:54:07.973+0000] {processor.py:208} INFO - Processing /home/airflow/.local/lib/python3.12/site-packages/airflow/example_dags/example_sensor_decorator.py took 0.106 seconds
[2025-10-06T21:54:39.372+0000] {processor.py:186} INFO - Started process (PID=478) to work on /home/airflow/.local/lib/python3.12/site-packages/airflow/example_dags/example_sensor_decorator.py
[2025-10-06T21:54:39.374+0000] {processor.py:914} INFO - Processing file /home/airflow/.local/lib/python3.12/site-packages/airflow/example_dags/example_sensor_decorator.py for tasks to queue
[2025-10-06T21:54:39.378+0000] {logging_mixin.py:190} INFO - [2025-10-06T21:54:39.377+0000] {dagbag.py:588} INFO - Filling up the DagBag from /home/airflow/.local/lib/python3.12/site-packages/airflow/example_dags/example_sensor_decorator.py
[2025-10-06T21:54:39.390+0000] {processor.py:925} INFO - DAG(s) 'example_sensor_decorator' retrieved from /home/airflow/.local/lib/python3.12/site-packages/airflow/example_dags/example_sensor_decorator.py
[2025-10-06T21:54:39.413+0000] {logging_mixin.py:190} INFO - [2025-10-06T21:54:39.413+0000] {dag.py:3239} INFO - Sync 1 DAGs
[2025-10-06T21:54:39.430+0000] {logging_mixin.py:190} INFO - [2025-10-06T21:54:39.430+0000] {dag.py:4180} INFO - Setting next_dagrun for example_sensor_decorator to None, run_after=None
[2025-10-06T21:54:39.455+0000] {processor.py:208} INFO - Processing /home/airflow/.local/lib/python3.12/site-packages/airflow/example_dags/example_sensor_decorator.py took 0.091 seconds
[2025-10-06T21:55:11.078+0000] {processor.py:186} INFO - Started process (PID=542) to work on /home/airflow/.local/lib/python3.12/site-packages/airflow/example_dags/example_sensor_decorator.py
[2025-10-06T21:55:11.080+0000] {processor.py:914} INFO - Processing file /home/airflow/.local/lib/python3.12/site-packages/airflow/example_dags/example_sensor_decorator.py for tasks to queue
[2025-10-06T21:55:11.086+0000] {logging_mixin.py:190} INFO - [2025-10-06T21:55:11.085+0000] {dagbag.py:588} INFO - Filling up the DagBag from /home/airflow/.local/lib/python3.12/site-packages/airflow/example_dags/example_sensor_decorator.py
[2025-10-06T21:55:11.103+0000] {processor.py:925} INFO - DAG(s) 'example_sensor_decorator' retrieved from /home/airflow/.local/lib/python3.12/site-packages/airflow/example_dags/example_sensor_decorator.py
[2025-10-06T21:55:11.139+0000] {logging_mixin.py:190} INFO - [2025-10-06T21:55:11.139+0000] {dag.py:3239} INFO - Sync 1 DAGs
[2025-10-06T21:55:11.171+0000] {logging_mixin.py:190} INFO - [2025-10-06T21:55:11.170+0000] {dag.py:4180} INFO - Setting next_dagrun for example_sensor_decorator to None, run_after=None
[2025-10-06T21:55:11.221+0000] {processor.py:208} INFO - Processing /home/airflow/.local/lib/python3.12/site-packages/airflow/example_dags/example_sensor_decorator.py took 0.155 seconds
[2025-10-06T21:55:42.007+0000] {processor.py:186} INFO - Started process (PID=604) to work on /home/airflow/.local/lib/python3.12/site-packages/airflow/example_dags/example_sensor_decorator.py
[2025-10-06T21:55:42.009+0000] {processor.py:914} INFO - Processing file /home/airflow/.local/lib/python3.12/site-packages/airflow/example_dags/example_sensor_decorator.py for tasks to queue
[2025-10-06T21:55:42.014+0000] {logging_mixin.py:190} INFO - [2025-10-06T21:55:42.013+0000] {dagbag.py:588} INFO - Filling up the DagBag from /home/airflow/.local/lib/python3.12/site-packages/airflow/example_dags/example_sensor_decorator.py
[2025-10-06T21:55:42.022+0000] {processor.py:925} INFO - DAG(s) 'example_sensor_decorator' retrieved from /home/airflow/.local/lib/python3.12/site-packages/airflow/example_dags/example_sensor_decorator.py
[2025-10-06T21:55:42.041+0000] {logging_mixin.py:190} INFO - [2025-10-06T21:55:42.041+0000] {dag.py:3239} INFO - Sync 1 DAGs
[2025-10-06T21:55:42.055+0000] {logging_mixin.py:190} INFO - [2025-10-06T21:55:42.055+0000] {dag.py:4180} INFO - Setting next_dagrun for example_sensor_decorator to None, run_after=None
[2025-10-06T21:55:42.082+0000] {processor.py:208} INFO - Processing /home/airflow/.local/lib/python3.12/site-packages/airflow/example_dags/example_sensor_decorator.py took 0.081 seconds
[2025-10-06T21:56:13.283+0000] {processor.py:186} INFO - Started process (PID=667) to work on /home/airflow/.local/lib/python3.12/site-packages/airflow/example_dags/example_sensor_decorator.py
[2025-10-06T21:56:13.284+0000] {processor.py:914} INFO - Processing file /home/airflow/.local/lib/python3.12/site-packages/airflow/example_dags/example_sensor_decorator.py for tasks to queue
[2025-10-06T21:56:13.287+0000] {logging_mixin.py:190} INFO - [2025-10-06T21:56:13.287+0000] {dagbag.py:588} INFO - Filling up the DagBag from /home/airflow/.local/lib/python3.12/site-packages/airflow/example_dags/example_sensor_decorator.py
[2025-10-06T21:56:13.301+0000] {processor.py:925} INFO - DAG(s) 'example_sensor_decorator' retrieved from /home/airflow/.local/lib/python3.12/site-packages/airflow/example_dags/example_sensor_decorator.py
[2025-10-06T21:56:13.326+0000] {logging_mixin.py:190} INFO - [2025-10-06T21:56:13.326+0000] {dag.py:3239} INFO - Sync 1 DAGs
[2025-10-06T21:56:13.348+0000] {logging_mixin.py:190} INFO - [2025-10-06T21:56:13.348+0000] {dag.py:4180} INFO - Setting next_dagrun for example_sensor_decorator to None, run_after=None
[2025-10-06T21:56:13.380+0000] {processor.py:208} INFO - Processing /home/airflow/.local/lib/python3.12/site-packages/airflow/example_dags/example_sensor_decorator.py took 0.105 seconds
[2025-10-06T21:56:45.244+0000] {processor.py:186} INFO - Started process (PID=730) to work on /home/airflow/.local/lib/python3.12/site-packages/airflow/example_dags/example_sensor_decorator.py
[2025-10-06T21:56:45.246+0000] {processor.py:914} INFO - Processing file /home/airflow/.local/lib/python3.12/site-packages/airflow/example_dags/example_sensor_decorator.py for tasks to queue
[2025-10-06T21:56:45.249+0000] {logging_mixin.py:190} INFO - [2025-10-06T21:56:45.249+0000] {dagbag.py:588} INFO - Filling up the DagBag from /home/airflow/.local/lib/python3.12/site-packages/airflow/example_dags/example_sensor_decorator.py
[2025-10-06T21:56:45.260+0000] {processor.py:925} INFO - DAG(s) 'example_sensor_decorator' retrieved from /home/airflow/.local/lib/python3.12/site-packages/airflow/example_dags/example_sensor_decorator.py
[2025-10-06T21:56:45.284+0000] {logging_mixin.py:190} INFO - [2025-10-06T21:56:45.283+0000] {dag.py:3239} INFO - Sync 1 DAGs
[2025-10-06T21:56:45.301+0000] {logging_mixin.py:190} INFO - [2025-10-06T21:56:45.301+0000] {dag.py:4180} INFO - Setting next_dagrun for example_sensor_decorator to None, run_after=None
[2025-10-06T21:56:45.329+0000] {processor.py:208} INFO - Processing /home/airflow/.local/lib/python3.12/site-packages/airflow/example_dags/example_sensor_decorator.py took 0.092 seconds
[2025-10-06T21:57:18.121+0000] {processor.py:186} INFO - Started process (PID=795) to work on /home/airflow/.local/lib/python3.12/site-packages/airflow/example_dags/example_sensor_decorator.py
[2025-10-06T21:57:18.122+0000] {processor.py:914} INFO - Processing file /home/airflow/.local/lib/python3.12/site-packages/airflow/example_dags/example_sensor_decorator.py for tasks to queue
[2025-10-06T21:57:18.125+0000] {logging_mixin.py:190} INFO - [2025-10-06T21:57:18.124+0000] {dagbag.py:588} INFO - Filling up the DagBag from /home/airflow/.local/lib/python3.12/site-packages/airflow/example_dags/example_sensor_decorator.py
[2025-10-06T21:57:18.134+0000] {processor.py:925} INFO - DAG(s) 'example_sensor_decorator' retrieved from /home/airflow/.local/lib/python3.12/site-packages/airflow/example_dags/example_sensor_decorator.py
[2025-10-06T21:57:18.156+0000] {logging_mixin.py:190} INFO - [2025-10-06T21:57:18.156+0000] {dag.py:3239} INFO - Sync 1 DAGs
[2025-10-06T21:57:18.175+0000] {logging_mixin.py:190} INFO - [2025-10-06T21:57:18.175+0000] {dag.py:4180} INFO - Setting next_dagrun for example_sensor_decorator to None, run_after=None
[2025-10-06T21:57:18.196+0000] {processor.py:208} INFO - Processing /home/airflow/.local/lib/python3.12/site-packages/airflow/example_dags/example_sensor_decorator.py took 0.082 seconds
[2025-10-06T21:57:48.896+0000] {processor.py:186} INFO - Started process (PID=858) to work on /home/airflow/.local/lib/python3.12/site-packages/airflow/example_dags/example_sensor_decorator.py
[2025-10-06T21:57:48.898+0000] {processor.py:914} INFO - Processing file /home/airflow/.local/lib/python3.12/site-packages/airflow/example_dags/example_sensor_decorator.py for tasks to queue
[2025-10-06T21:57:48.901+0000] {logging_mixin.py:190} INFO - [2025-10-06T21:57:48.900+0000] {dagbag.py:588} INFO - Filling up the DagBag from /home/airflow/.local/lib/python3.12/site-packages/airflow/example_dags/example_sensor_decorator.py
[2025-10-06T21:57:48.910+0000] {processor.py:925} INFO - DAG(s) 'example_sensor_decorator' retrieved from /home/airflow/.local/lib/python3.12/site-packages/airflow/example_dags/example_sensor_decorator.py
[2025-10-06T21:57:48.933+0000] {logging_mixin.py:190} INFO - [2025-10-06T21:57:48.932+0000] {dag.py:3239} INFO - Sync 1 DAGs
[2025-10-06T21:57:48.949+0000] {logging_mixin.py:190} INFO - [2025-10-06T21:57:48.949+0000] {dag.py:4180} INFO - Setting next_dagrun for example_sensor_decorator to None, run_after=None
[2025-10-06T21:57:48.983+0000] {processor.py:208} INFO - Processing /home/airflow/.local/lib/python3.12/site-packages/airflow/example_dags/example_sensor_decorator.py took 0.095 seconds
[2025-10-06T21:58:22.033+0000] {processor.py:186} INFO - Started process (PID=922) to work on /home/airflow/.local/lib/python3.12/site-packages/airflow/example_dags/example_sensor_decorator.py
[2025-10-06T21:58:22.035+0000] {processor.py:914} INFO - Processing file /home/airflow/.local/lib/python3.12/site-packages/airflow/example_dags/example_sensor_decorator.py for tasks to queue
[2025-10-06T21:58:22.039+0000] {logging_mixin.py:190} INFO - [2025-10-06T21:58:22.038+0000] {dagbag.py:588} INFO - Filling up the DagBag from /home/airflow/.local/lib/python3.12/site-packages/airflow/example_dags/example_sensor_decorator.py
[2025-10-06T21:58:22.053+0000] {processor.py:925} INFO - DAG(s) 'example_sensor_decorator' retrieved from /home/airflow/.local/lib/python3.12/site-packages/airflow/example_dags/example_sensor_decorator.py
[2025-10-06T21:58:22.080+0000] {logging_mixin.py:190} INFO - [2025-10-06T21:58:22.080+0000] {dag.py:3239} INFO - Sync 1 DAGs
[2025-10-06T21:58:22.096+0000] {logging_mixin.py:190} INFO - [2025-10-06T21:58:22.096+0000] {dag.py:4180} INFO - Setting next_dagrun for example_sensor_decorator to None, run_after=None
[2025-10-06T21:58:22.120+0000] {processor.py:208} INFO - Processing /home/airflow/.local/lib/python3.12/site-packages/airflow/example_dags/example_sensor_decorator.py took 0.099 seconds
[2025-10-06T21:58:52.595+0000] {processor.py:186} INFO - Started process (PID=985) to work on /home/airflow/.local/lib/python3.12/site-packages/airflow/example_dags/example_sensor_decorator.py
[2025-10-06T21:58:52.597+0000] {processor.py:914} INFO - Processing file /home/airflow/.local/lib/python3.12/site-packages/airflow/example_dags/example_sensor_decorator.py for tasks to queue
[2025-10-06T21:58:52.600+0000] {logging_mixin.py:190} INFO - [2025-10-06T21:58:52.600+0000] {dagbag.py:588} INFO - Filling up the DagBag from /home/airflow/.local/lib/python3.12/site-packages/airflow/example_dags/example_sensor_decorator.py
[2025-10-06T21:58:52.612+0000] {processor.py:925} INFO - DAG(s) 'example_sensor_decorator' retrieved from /home/airflow/.local/lib/python3.12/site-packages/airflow/example_dags/example_sensor_decorator.py
[2025-10-06T21:58:52.640+0000] {logging_mixin.py:190} INFO - [2025-10-06T21:58:52.640+0000] {dag.py:3239} INFO - Sync 1 DAGs
[2025-10-06T21:58:52.660+0000] {logging_mixin.py:190} INFO - [2025-10-06T21:58:52.660+0000] {dag.py:4180} INFO - Setting next_dagrun for example_sensor_decorator to None, run_after=None
[2025-10-06T21:58:52.683+0000] {processor.py:208} INFO - Processing /home/airflow/.local/lib/python3.12/site-packages/airflow/example_dags/example_sensor_decorator.py took 0.096 seconds
[2025-10-06T21:59:24.313+0000] {processor.py:186} INFO - Started process (PID=1048) to work on /home/airflow/.local/lib/python3.12/site-packages/airflow/example_dags/example_sensor_decorator.py
[2025-10-06T21:59:24.314+0000] {processor.py:914} INFO - Processing file /home/airflow/.local/lib/python3.12/site-packages/airflow/example_dags/example_sensor_decorator.py for tasks to queue
[2025-10-06T21:59:24.318+0000] {logging_mixin.py:190} INFO - [2025-10-06T21:59:24.317+0000] {dagbag.py:588} INFO - Filling up the DagBag from /home/airflow/.local/lib/python3.12/site-packages/airflow/example_dags/example_sensor_decorator.py
[2025-10-06T21:59:24.331+0000] {processor.py:925} INFO - DAG(s) 'example_sensor_decorator' retrieved from /home/airflow/.local/lib/python3.12/site-packages/airflow/example_dags/example_sensor_decorator.py
[2025-10-06T21:59:24.357+0000] {logging_mixin.py:190} INFO - [2025-10-06T21:59:24.357+0000] {dag.py:3239} INFO - Sync 1 DAGs
[2025-10-06T21:59:24.382+0000] {logging_mixin.py:190} INFO - [2025-10-06T21:59:24.382+0000] {dag.py:4180} INFO - Setting next_dagrun for example_sensor_decorator to None, run_after=None
[2025-10-06T21:59:24.420+0000] {processor.py:208} INFO - Processing /home/airflow/.local/lib/python3.12/site-packages/airflow/example_dags/example_sensor_decorator.py took 0.115 seconds
[2025-10-06T21:59:58.762+0000] {processor.py:186} INFO - Started process (PID=1111) to work on /home/airflow/.local/lib/python3.12/site-packages/airflow/example_dags/example_sensor_decorator.py
[2025-10-06T21:59:58.763+0000] {processor.py:914} INFO - Processing file /home/airflow/.local/lib/python3.12/site-packages/airflow/example_dags/example_sensor_decorator.py for tasks to queue
[2025-10-06T21:59:58.767+0000] {logging_mixin.py:190} INFO - [2025-10-06T21:59:58.767+0000] {dagbag.py:588} INFO - Filling up the DagBag from /home/airflow/.local/lib/python3.12/site-packages/airflow/example_dags/example_sensor_decorator.py
[2025-10-06T21:59:58.780+0000] {processor.py:925} INFO - DAG(s) 'example_sensor_decorator' retrieved from /home/airflow/.local/lib/python3.12/site-packages/airflow/example_dags/example_sensor_decorator.py
[2025-10-06T21:59:58.816+0000] {logging_mixin.py:190} INFO - [2025-10-06T21:59:58.815+0000] {dag.py:3239} INFO - Sync 1 DAGs
[2025-10-06T21:59:58.836+0000] {logging_mixin.py:190} INFO - [2025-10-06T21:59:58.836+0000] {dag.py:4180} INFO - Setting next_dagrun for example_sensor_decorator to None, run_after=None
[2025-10-06T21:59:58.866+0000] {processor.py:208} INFO - Processing /home/airflow/.local/lib/python3.12/site-packages/airflow/example_dags/example_sensor_decorator.py took 0.114 seconds
[2025-10-06T22:00:29.679+0000] {processor.py:186} INFO - Started process (PID=1175) to work on /home/airflow/.local/lib/python3.12/site-packages/airflow/example_dags/example_sensor_decorator.py
[2025-10-06T22:00:29.680+0000] {processor.py:914} INFO - Processing file /home/airflow/.local/lib/python3.12/site-packages/airflow/example_dags/example_sensor_decorator.py for tasks to queue
[2025-10-06T22:00:29.683+0000] {logging_mixin.py:190} INFO - [2025-10-06T22:00:29.683+0000] {dagbag.py:588} INFO - Filling up the DagBag from /home/airflow/.local/lib/python3.12/site-packages/airflow/example_dags/example_sensor_decorator.py
[2025-10-06T22:00:29.693+0000] {processor.py:925} INFO - DAG(s) 'example_sensor_decorator' retrieved from /home/airflow/.local/lib/python3.12/site-packages/airflow/example_dags/example_sensor_decorator.py
[2025-10-06T22:00:29.715+0000] {logging_mixin.py:190} INFO - [2025-10-06T22:00:29.715+0000] {dag.py:3239} INFO - Sync 1 DAGs
[2025-10-06T22:00:29.731+0000] {logging_mixin.py:190} INFO - [2025-10-06T22:00:29.731+0000] {dag.py:4180} INFO - Setting next_dagrun for example_sensor_decorator to None, run_after=None
[2025-10-06T22:00:29.752+0000] {processor.py:208} INFO - Processing /home/airflow/.local/lib/python3.12/site-packages/airflow/example_dags/example_sensor_decorator.py took 0.081 seconds
[2025-10-06T22:01:01.049+0000] {processor.py:186} INFO - Started process (PID=1238) to work on /home/airflow/.local/lib/python3.12/site-packages/airflow/example_dags/example_sensor_decorator.py
[2025-10-06T22:01:01.051+0000] {processor.py:914} INFO - Processing file /home/airflow/.local/lib/python3.12/site-packages/airflow/example_dags/example_sensor_decorator.py for tasks to queue
[2025-10-06T22:01:01.054+0000] {logging_mixin.py:190} INFO - [2025-10-06T22:01:01.053+0000] {dagbag.py:588} INFO - Filling up the DagBag from /home/airflow/.local/lib/python3.12/site-packages/airflow/example_dags/example_sensor_decorator.py
[2025-10-06T22:01:01.068+0000] {processor.py:925} INFO - DAG(s) 'example_sensor_decorator' retrieved from /home/airflow/.local/lib/python3.12/site-packages/airflow/example_dags/example_sensor_decorator.py
[2025-10-06T22:01:01.099+0000] {logging_mixin.py:190} INFO - [2025-10-06T22:01:01.098+0000] {dag.py:3239} INFO - Sync 1 DAGs
[2025-10-06T22:01:01.116+0000] {logging_mixin.py:190} INFO - [2025-10-06T22:01:01.116+0000] {dag.py:4180} INFO - Setting next_dagrun for example_sensor_decorator to None, run_after=None
[2025-10-06T22:01:01.173+0000] {processor.py:208} INFO - Processing /home/airflow/.local/lib/python3.12/site-packages/airflow/example_dags/example_sensor_decorator.py took 0.135 seconds
[2025-10-06T22:01:32.145+0000] {processor.py:186} INFO - Started process (PID=1301) to work on /home/airflow/.local/lib/python3.12/site-packages/airflow/example_dags/example_sensor_decorator.py
[2025-10-06T22:01:32.147+0000] {processor.py:914} INFO - Processing file /home/airflow/.local/lib/python3.12/site-packages/airflow/example_dags/example_sensor_decorator.py for tasks to queue
[2025-10-06T22:01:32.152+0000] {logging_mixin.py:190} INFO - [2025-10-06T22:01:32.152+0000] {dagbag.py:588} INFO - Filling up the DagBag from /home/airflow/.local/lib/python3.12/site-packages/airflow/example_dags/example_sensor_decorator.py
[2025-10-06T22:01:32.173+0000] {processor.py:925} INFO - DAG(s) 'example_sensor_decorator' retrieved from /home/airflow/.local/lib/python3.12/site-packages/airflow/example_dags/example_sensor_decorator.py
[2025-10-06T22:01:32.209+0000] {logging_mixin.py:190} INFO - [2025-10-06T22:01:32.209+0000] {dag.py:3239} INFO - Sync 1 DAGs
[2025-10-06T22:01:32.230+0000] {logging_mixin.py:190} INFO - [2025-10-06T22:01:32.230+0000] {dag.py:4180} INFO - Setting next_dagrun for example_sensor_decorator to None, run_after=None
[2025-10-06T22:01:32.257+0000] {processor.py:208} INFO - Processing /home/airflow/.local/lib/python3.12/site-packages/airflow/example_dags/example_sensor_decorator.py took 0.126 seconds
[2025-10-06T22:02:02.515+0000] {processor.py:186} INFO - Started process (PID=1364) to work on /home/airflow/.local/lib/python3.12/site-packages/airflow/example_dags/example_sensor_decorator.py
[2025-10-06T22:02:02.516+0000] {processor.py:914} INFO - Processing file /home/airflow/.local/lib/python3.12/site-packages/airflow/example_dags/example_sensor_decorator.py for tasks to queue
[2025-10-06T22:02:02.519+0000] {logging_mixin.py:190} INFO - [2025-10-06T22:02:02.518+0000] {dagbag.py:588} INFO - Filling up the DagBag from /home/airflow/.local/lib/python3.12/site-packages/airflow/example_dags/example_sensor_decorator.py
[2025-10-06T22:02:02.527+0000] {processor.py:925} INFO - DAG(s) 'example_sensor_decorator' retrieved from /home/airflow/.local/lib/python3.12/site-packages/airflow/example_dags/example_sensor_decorator.py
[2025-10-06T22:02:02.547+0000] {logging_mixin.py:190} INFO - [2025-10-06T22:02:02.547+0000] {dag.py:3239} INFO - Sync 1 DAGs
[2025-10-06T22:02:02.562+0000] {logging_mixin.py:190} INFO - [2025-10-06T22:02:02.562+0000] {dag.py:4180} INFO - Setting next_dagrun for example_sensor_decorator to None, run_after=None
[2025-10-06T22:02:02.590+0000] {processor.py:208} INFO - Processing /home/airflow/.local/lib/python3.12/site-packages/airflow/example_dags/example_sensor_decorator.py took 0.081 seconds
[2025-10-06T22:02:34.766+0000] {processor.py:186} INFO - Started process (PID=1427) to work on /home/airflow/.local/lib/python3.12/site-packages/airflow/example_dags/example_sensor_decorator.py
[2025-10-06T22:02:34.767+0000] {processor.py:914} INFO - Processing file /home/airflow/.local/lib/python3.12/site-packages/airflow/example_dags/example_sensor_decorator.py for tasks to queue
[2025-10-06T22:02:34.770+0000] {logging_mixin.py:190} INFO - [2025-10-06T22:02:34.770+0000] {dagbag.py:588} INFO - Filling up the DagBag from /home/airflow/.local/lib/python3.12/site-packages/airflow/example_dags/example_sensor_decorator.py
[2025-10-06T22:02:34.784+0000] {processor.py:925} INFO - DAG(s) 'example_sensor_decorator' retrieved from /home/airflow/.local/lib/python3.12/site-packages/airflow/example_dags/example_sensor_decorator.py
[2025-10-06T22:02:34.811+0000] {logging_mixin.py:190} INFO - [2025-10-06T22:02:34.810+0000] {dag.py:3239} INFO - Sync 1 DAGs
[2025-10-06T22:02:34.829+0000] {logging_mixin.py:190} INFO - [2025-10-06T22:02:34.829+0000] {dag.py:4180} INFO - Setting next_dagrun for example_sensor_decorator to None, run_after=None
[2025-10-06T22:02:34.869+0000] {processor.py:208} INFO - Processing /home/airflow/.local/lib/python3.12/site-packages/airflow/example_dags/example_sensor_decorator.py took 0.109 seconds
[2025-10-06T22:03:08.143+0000] {processor.py:186} INFO - Started process (PID=1490) to work on /home/airflow/.local/lib/python3.12/site-packages/airflow/example_dags/example_sensor_decorator.py
[2025-10-06T22:03:08.145+0000] {processor.py:914} INFO - Processing file /home/airflow/.local/lib/python3.12/site-packages/airflow/example_dags/example_sensor_decorator.py for tasks to queue
[2025-10-06T22:03:08.148+0000] {logging_mixin.py:190} INFO - [2025-10-06T22:03:08.148+0000] {dagbag.py:588} INFO - Filling up the DagBag from /home/airflow/.local/lib/python3.12/site-packages/airflow/example_dags/example_sensor_decorator.py
[2025-10-06T22:03:08.159+0000] {processor.py:925} INFO - DAG(s) 'example_sensor_decorator' retrieved from /home/airflow/.local/lib/python3.12/site-packages/airflow/example_dags/example_sensor_decorator.py
[2025-10-06T22:03:08.184+0000] {logging_mixin.py:190} INFO - [2025-10-06T22:03:08.183+0000] {dag.py:3239} INFO - Sync 1 DAGs
[2025-10-06T22:03:08.201+0000] {logging_mixin.py:190} INFO - [2025-10-06T22:03:08.201+0000] {dag.py:4180} INFO - Setting next_dagrun for example_sensor_decorator to None, run_after=None
[2025-10-06T22:03:08.226+0000] {processor.py:208} INFO - Processing /home/airflow/.local/lib/python3.12/site-packages/airflow/example_dags/example_sensor_decorator.py took 0.089 seconds
[2025-10-06T22:03:44.738+0000] {processor.py:186} INFO - Started process (PID=1559) to work on /home/airflow/.local/lib/python3.12/site-packages/airflow/example_dags/example_sensor_decorator.py
[2025-10-06T22:03:44.742+0000] {processor.py:914} INFO - Processing file /home/airflow/.local/lib/python3.12/site-packages/airflow/example_dags/example_sensor_decorator.py for tasks to queue
[2025-10-06T22:03:44.749+0000] {logging_mixin.py:190} INFO - [2025-10-06T22:03:44.748+0000] {dagbag.py:588} INFO - Filling up the DagBag from /home/airflow/.local/lib/python3.12/site-packages/airflow/example_dags/example_sensor_decorator.py
[2025-10-06T22:03:44.775+0000] {processor.py:925} INFO - DAG(s) 'example_sensor_decorator' retrieved from /home/airflow/.local/lib/python3.12/site-packages/airflow/example_dags/example_sensor_decorator.py
[2025-10-06T22:03:44.835+0000] {logging_mixin.py:190} INFO - [2025-10-06T22:03:44.835+0000] {dag.py:3239} INFO - Sync 1 DAGs
[2025-10-06T22:03:44.877+0000] {logging_mixin.py:190} INFO - [2025-10-06T22:03:44.876+0000] {dag.py:4180} INFO - Setting next_dagrun for example_sensor_decorator to None, run_after=None
[2025-10-06T22:03:44.930+0000] {processor.py:208} INFO - Processing /home/airflow/.local/lib/python3.12/site-packages/airflow/example_dags/example_sensor_decorator.py took 0.209 seconds
[2025-10-06T22:04:16.233+0000] {processor.py:186} INFO - Started process (PID=1622) to work on /home/airflow/.local/lib/python3.12/site-packages/airflow/example_dags/example_sensor_decorator.py
[2025-10-06T22:04:16.236+0000] {processor.py:914} INFO - Processing file /home/airflow/.local/lib/python3.12/site-packages/airflow/example_dags/example_sensor_decorator.py for tasks to queue
[2025-10-06T22:04:16.243+0000] {logging_mixin.py:190} INFO - [2025-10-06T22:04:16.241+0000] {dagbag.py:588} INFO - Filling up the DagBag from /home/airflow/.local/lib/python3.12/site-packages/airflow/example_dags/example_sensor_decorator.py
[2025-10-06T22:04:16.267+0000] {processor.py:925} INFO - DAG(s) 'example_sensor_decorator' retrieved from /home/airflow/.local/lib/python3.12/site-packages/airflow/example_dags/example_sensor_decorator.py
[2025-10-06T22:04:16.318+0000] {logging_mixin.py:190} INFO - [2025-10-06T22:04:16.317+0000] {dag.py:3239} INFO - Sync 1 DAGs
[2025-10-06T22:04:16.360+0000] {logging_mixin.py:190} INFO - [2025-10-06T22:04:16.360+0000] {dag.py:4180} INFO - Setting next_dagrun for example_sensor_decorator to None, run_after=None
[2025-10-06T22:04:16.415+0000] {processor.py:208} INFO - Processing /home/airflow/.local/lib/python3.12/site-packages/airflow/example_dags/example_sensor_decorator.py took 0.203 seconds
[2025-10-06T22:04:48.418+0000] {processor.py:186} INFO - Started process (PID=1686) to work on /home/airflow/.local/lib/python3.12/site-packages/airflow/example_dags/example_sensor_decorator.py
[2025-10-06T22:04:48.421+0000] {processor.py:914} INFO - Processing file /home/airflow/.local/lib/python3.12/site-packages/airflow/example_dags/example_sensor_decorator.py for tasks to queue
[2025-10-06T22:04:48.430+0000] {logging_mixin.py:190} INFO - [2025-10-06T22:04:48.429+0000] {dagbag.py:588} INFO - Filling up the DagBag from /home/airflow/.local/lib/python3.12/site-packages/airflow/example_dags/example_sensor_decorator.py
[2025-10-06T22:04:48.461+0000] {processor.py:925} INFO - DAG(s) 'example_sensor_decorator' retrieved from /home/airflow/.local/lib/python3.12/site-packages/airflow/example_dags/example_sensor_decorator.py
[2025-10-06T22:04:48.526+0000] {logging_mixin.py:190} INFO - [2025-10-06T22:04:48.525+0000] {dag.py:3239} INFO - Sync 1 DAGs
[2025-10-06T22:04:48.579+0000] {logging_mixin.py:190} INFO - [2025-10-06T22:04:48.578+0000] {dag.py:4180} INFO - Setting next_dagrun for example_sensor_decorator to None, run_after=None
[2025-10-06T22:04:48.667+0000] {processor.py:208} INFO - Processing /home/airflow/.local/lib/python3.12/site-packages/airflow/example_dags/example_sensor_decorator.py took 0.272 seconds
[2025-10-06T22:05:19.920+0000] {processor.py:186} INFO - Started process (PID=1743) to work on /home/airflow/.local/lib/python3.12/site-packages/airflow/example_dags/example_sensor_decorator.py
[2025-10-06T22:05:19.923+0000] {processor.py:914} INFO - Processing file /home/airflow/.local/lib/python3.12/site-packages/airflow/example_dags/example_sensor_decorator.py for tasks to queue
[2025-10-06T22:05:19.935+0000] {logging_mixin.py:190} INFO - [2025-10-06T22:05:19.934+0000] {dagbag.py:588} INFO - Filling up the DagBag from /home/airflow/.local/lib/python3.12/site-packages/airflow/example_dags/example_sensor_decorator.py
[2025-10-06T22:05:19.963+0000] {processor.py:925} INFO - DAG(s) 'example_sensor_decorator' retrieved from /home/airflow/.local/lib/python3.12/site-packages/airflow/example_dags/example_sensor_decorator.py
[2025-10-06T22:05:20.019+0000] {logging_mixin.py:190} INFO - [2025-10-06T22:05:20.018+0000] {dag.py:3239} INFO - Sync 1 DAGs
[2025-10-06T22:05:20.056+0000] {logging_mixin.py:190} INFO - [2025-10-06T22:05:20.056+0000] {dag.py:4180} INFO - Setting next_dagrun for example_sensor_decorator to None, run_after=None
[2025-10-06T22:05:20.110+0000] {processor.py:208} INFO - Processing /home/airflow/.local/lib/python3.12/site-packages/airflow/example_dags/example_sensor_decorator.py took 0.207 seconds
[2025-10-06T22:05:50.783+0000] {processor.py:186} INFO - Started process (PID=1805) to work on /home/airflow/.local/lib/python3.12/site-packages/airflow/example_dags/example_sensor_decorator.py
[2025-10-06T22:05:50.786+0000] {processor.py:914} INFO - Processing file /home/airflow/.local/lib/python3.12/site-packages/airflow/example_dags/example_sensor_decorator.py for tasks to queue
[2025-10-06T22:05:50.792+0000] {logging_mixin.py:190} INFO - [2025-10-06T22:05:50.791+0000] {dagbag.py:588} INFO - Filling up the DagBag from /home/airflow/.local/lib/python3.12/site-packages/airflow/example_dags/example_sensor_decorator.py
[2025-10-06T22:05:50.813+0000] {processor.py:925} INFO - DAG(s) 'example_sensor_decorator' retrieved from /home/airflow/.local/lib/python3.12/site-packages/airflow/example_dags/example_sensor_decorator.py
[2025-10-06T22:05:50.864+0000] {logging_mixin.py:190} INFO - [2025-10-06T22:05:50.863+0000] {dag.py:3239} INFO - Sync 1 DAGs
[2025-10-06T22:05:50.923+0000] {logging_mixin.py:190} INFO - [2025-10-06T22:05:50.923+0000] {dag.py:4180} INFO - Setting next_dagrun for example_sensor_decorator to None, run_after=None
[2025-10-06T22:05:50.973+0000] {processor.py:208} INFO - Processing /home/airflow/.local/lib/python3.12/site-packages/airflow/example_dags/example_sensor_decorator.py took 0.203 seconds
[2025-10-06T22:06:22.363+0000] {processor.py:186} INFO - Started process (PID=1868) to work on /home/airflow/.local/lib/python3.12/site-packages/airflow/example_dags/example_sensor_decorator.py
[2025-10-06T22:06:22.366+0000] {processor.py:914} INFO - Processing file /home/airflow/.local/lib/python3.12/site-packages/airflow/example_dags/example_sensor_decorator.py for tasks to queue
[2025-10-06T22:06:22.372+0000] {logging_mixin.py:190} INFO - [2025-10-06T22:06:22.371+0000] {dagbag.py:588} INFO - Filling up the DagBag from /home/airflow/.local/lib/python3.12/site-packages/airflow/example_dags/example_sensor_decorator.py
[2025-10-06T22:06:22.394+0000] {processor.py:925} INFO - DAG(s) 'example_sensor_decorator' retrieved from /home/airflow/.local/lib/python3.12/site-packages/airflow/example_dags/example_sensor_decorator.py
[2025-10-06T22:06:22.448+0000] {logging_mixin.py:190} INFO - [2025-10-06T22:06:22.447+0000] {dag.py:3239} INFO - Sync 1 DAGs
[2025-10-06T22:06:22.492+0000] {logging_mixin.py:190} INFO - [2025-10-06T22:06:22.492+0000] {dag.py:4180} INFO - Setting next_dagrun for example_sensor_decorator to None, run_after=None
[2025-10-06T22:06:22.536+0000] {processor.py:208} INFO - Processing /home/airflow/.local/lib/python3.12/site-packages/airflow/example_dags/example_sensor_decorator.py took 0.190 seconds
[2025-10-06T22:06:54.124+0000] {processor.py:186} INFO - Started process (PID=1931) to work on /home/airflow/.local/lib/python3.12/site-packages/airflow/example_dags/example_sensor_decorator.py
[2025-10-06T22:06:54.127+0000] {processor.py:914} INFO - Processing file /home/airflow/.local/lib/python3.12/site-packages/airflow/example_dags/example_sensor_decorator.py for tasks to queue
[2025-10-06T22:06:54.135+0000] {logging_mixin.py:190} INFO - [2025-10-06T22:06:54.134+0000] {dagbag.py:588} INFO - Filling up the DagBag from /home/airflow/.local/lib/python3.12/site-packages/airflow/example_dags/example_sensor_decorator.py
[2025-10-06T22:06:54.162+0000] {processor.py:925} INFO - DAG(s) 'example_sensor_decorator' retrieved from /home/airflow/.local/lib/python3.12/site-packages/airflow/example_dags/example_sensor_decorator.py
[2025-10-06T22:06:54.222+0000] {logging_mixin.py:190} INFO - [2025-10-06T22:06:54.221+0000] {dag.py:3239} INFO - Sync 1 DAGs
[2025-10-06T22:06:54.265+0000] {logging_mixin.py:190} INFO - [2025-10-06T22:06:54.265+0000] {dag.py:4180} INFO - Setting next_dagrun for example_sensor_decorator to None, run_after=None
[2025-10-06T22:06:54.325+0000] {processor.py:208} INFO - Processing /home/airflow/.local/lib/python3.12/site-packages/airflow/example_dags/example_sensor_decorator.py took 0.219 seconds
[2025-10-06T22:07:27.878+0000] {processor.py:186} INFO - Started process (PID=1995) to work on /home/airflow/.local/lib/python3.12/site-packages/airflow/example_dags/example_sensor_decorator.py
[2025-10-06T22:07:27.881+0000] {processor.py:914} INFO - Processing file /home/airflow/.local/lib/python3.12/site-packages/airflow/example_dags/example_sensor_decorator.py for tasks to queue
[2025-10-06T22:07:27.887+0000] {logging_mixin.py:190} INFO - [2025-10-06T22:07:27.886+0000] {dagbag.py:588} INFO - Filling up the DagBag from /home/airflow/.local/lib/python3.12/site-packages/airflow/example_dags/example_sensor_decorator.py
[2025-10-06T22:07:27.909+0000] {processor.py:925} INFO - DAG(s) 'example_sensor_decorator' retrieved from /home/airflow/.local/lib/python3.12/site-packages/airflow/example_dags/example_sensor_decorator.py
[2025-10-06T22:07:27.971+0000] {logging_mixin.py:190} INFO - [2025-10-06T22:07:27.970+0000] {dag.py:3239} INFO - Sync 1 DAGs
[2025-10-06T22:07:28.059+0000] {logging_mixin.py:190} INFO - [2025-10-06T22:07:28.058+0000] {dag.py:4180} INFO - Setting next_dagrun for example_sensor_decorator to None, run_after=None
[2025-10-06T22:07:28.143+0000] {processor.py:208} INFO - Processing /home/airflow/.local/lib/python3.12/site-packages/airflow/example_dags/example_sensor_decorator.py took 0.278 seconds
[2025-10-06T22:08:00.261+0000] {processor.py:186} INFO - Started process (PID=2065) to work on /home/airflow/.local/lib/python3.12/site-packages/airflow/example_dags/example_sensor_decorator.py
[2025-10-06T22:08:00.265+0000] {processor.py:914} INFO - Processing file /home/airflow/.local/lib/python3.12/site-packages/airflow/example_dags/example_sensor_decorator.py for tasks to queue
[2025-10-06T22:08:00.271+0000] {logging_mixin.py:190} INFO - [2025-10-06T22:08:00.270+0000] {dagbag.py:588} INFO - Filling up the DagBag from /home/airflow/.local/lib/python3.12/site-packages/airflow/example_dags/example_sensor_decorator.py
[2025-10-06T22:08:00.296+0000] {processor.py:925} INFO - DAG(s) 'example_sensor_decorator' retrieved from /home/airflow/.local/lib/python3.12/site-packages/airflow/example_dags/example_sensor_decorator.py
[2025-10-06T22:08:00.346+0000] {logging_mixin.py:190} INFO - [2025-10-06T22:08:00.345+0000] {dag.py:3239} INFO - Sync 1 DAGs
[2025-10-06T22:08:00.386+0000] {logging_mixin.py:190} INFO - [2025-10-06T22:08:00.385+0000] {dag.py:4180} INFO - Setting next_dagrun for example_sensor_decorator to None, run_after=None
[2025-10-06T22:08:00.437+0000] {processor.py:208} INFO - Processing /home/airflow/.local/lib/python3.12/site-packages/airflow/example_dags/example_sensor_decorator.py took 0.193 seconds
[2025-10-06T22:08:33.404+0000] {processor.py:186} INFO - Started process (PID=2122) to work on /home/airflow/.local/lib/python3.12/site-packages/airflow/example_dags/example_sensor_decorator.py
[2025-10-06T22:08:33.407+0000] {processor.py:914} INFO - Processing file /home/airflow/.local/lib/python3.12/site-packages/airflow/example_dags/example_sensor_decorator.py for tasks to queue
[2025-10-06T22:08:33.414+0000] {logging_mixin.py:190} INFO - [2025-10-06T22:08:33.413+0000] {dagbag.py:588} INFO - Filling up the DagBag from /home/airflow/.local/lib/python3.12/site-packages/airflow/example_dags/example_sensor_decorator.py
[2025-10-06T22:08:33.443+0000] {processor.py:925} INFO - DAG(s) 'example_sensor_decorator' retrieved from /home/airflow/.local/lib/python3.12/site-packages/airflow/example_dags/example_sensor_decorator.py
[2025-10-06T22:08:33.515+0000] {logging_mixin.py:190} INFO - [2025-10-06T22:08:33.514+0000] {dag.py:3239} INFO - Sync 1 DAGs
[2025-10-06T22:08:33.556+0000] {logging_mixin.py:190} INFO - [2025-10-06T22:08:33.555+0000] {dag.py:4180} INFO - Setting next_dagrun for example_sensor_decorator to None, run_after=None
[2025-10-06T22:08:33.606+0000] {processor.py:208} INFO - Processing /home/airflow/.local/lib/python3.12/site-packages/airflow/example_dags/example_sensor_decorator.py took 0.227 seconds
[2025-10-06T22:09:05.347+0000] {processor.py:186} INFO - Started process (PID=2185) to work on /home/airflow/.local/lib/python3.12/site-packages/airflow/example_dags/example_sensor_decorator.py
[2025-10-06T22:09:05.352+0000] {processor.py:914} INFO - Processing file /home/airflow/.local/lib/python3.12/site-packages/airflow/example_dags/example_sensor_decorator.py for tasks to queue
[2025-10-06T22:09:05.361+0000] {logging_mixin.py:190} INFO - [2025-10-06T22:09:05.359+0000] {dagbag.py:588} INFO - Filling up the DagBag from /home/airflow/.local/lib/python3.12/site-packages/airflow/example_dags/example_sensor_decorator.py
[2025-10-06T22:09:05.390+0000] {processor.py:925} INFO - DAG(s) 'example_sensor_decorator' retrieved from /home/airflow/.local/lib/python3.12/site-packages/airflow/example_dags/example_sensor_decorator.py
[2025-10-06T22:09:05.446+0000] {logging_mixin.py:190} INFO - [2025-10-06T22:09:05.446+0000] {dag.py:3239} INFO - Sync 1 DAGs
[2025-10-06T22:09:05.488+0000] {logging_mixin.py:190} INFO - [2025-10-06T22:09:05.487+0000] {dag.py:4180} INFO - Setting next_dagrun for example_sensor_decorator to None, run_after=None
[2025-10-06T22:09:05.538+0000] {processor.py:208} INFO - Processing /home/airflow/.local/lib/python3.12/site-packages/airflow/example_dags/example_sensor_decorator.py took 0.210 seconds
[2025-10-06T22:09:37.044+0000] {processor.py:186} INFO - Started process (PID=2248) to work on /home/airflow/.local/lib/python3.12/site-packages/airflow/example_dags/example_sensor_decorator.py
[2025-10-06T22:09:37.046+0000] {processor.py:914} INFO - Processing file /home/airflow/.local/lib/python3.12/site-packages/airflow/example_dags/example_sensor_decorator.py for tasks to queue
[2025-10-06T22:09:37.053+0000] {logging_mixin.py:190} INFO - [2025-10-06T22:09:37.052+0000] {dagbag.py:588} INFO - Filling up the DagBag from /home/airflow/.local/lib/python3.12/site-packages/airflow/example_dags/example_sensor_decorator.py
[2025-10-06T22:09:37.087+0000] {processor.py:925} INFO - DAG(s) 'example_sensor_decorator' retrieved from /home/airflow/.local/lib/python3.12/site-packages/airflow/example_dags/example_sensor_decorator.py
[2025-10-06T22:09:37.140+0000] {logging_mixin.py:190} INFO - [2025-10-06T22:09:37.139+0000] {dag.py:3239} INFO - Sync 1 DAGs
[2025-10-06T22:09:37.185+0000] {logging_mixin.py:190} INFO - [2025-10-06T22:09:37.184+0000] {dag.py:4180} INFO - Setting next_dagrun for example_sensor_decorator to None, run_after=None
[2025-10-06T22:09:37.234+0000] {processor.py:208} INFO - Processing /home/airflow/.local/lib/python3.12/site-packages/airflow/example_dags/example_sensor_decorator.py took 0.206 seconds
[2025-10-06T22:10:08.863+0000] {processor.py:186} INFO - Started process (PID=2317) to work on /home/airflow/.local/lib/python3.12/site-packages/airflow/example_dags/example_sensor_decorator.py
[2025-10-06T22:10:08.866+0000] {processor.py:914} INFO - Processing file /home/airflow/.local/lib/python3.12/site-packages/airflow/example_dags/example_sensor_decorator.py for tasks to queue
[2025-10-06T22:10:08.871+0000] {logging_mixin.py:190} INFO - [2025-10-06T22:10:08.870+0000] {dagbag.py:588} INFO - Filling up the DagBag from /home/airflow/.local/lib/python3.12/site-packages/airflow/example_dags/example_sensor_decorator.py
[2025-10-06T22:10:08.891+0000] {processor.py:925} INFO - DAG(s) 'example_sensor_decorator' retrieved from /home/airflow/.local/lib/python3.12/site-packages/airflow/example_dags/example_sensor_decorator.py
[2025-10-06T22:10:08.937+0000] {logging_mixin.py:190} INFO - [2025-10-06T22:10:08.936+0000] {dag.py:3239} INFO - Sync 1 DAGs
[2025-10-06T22:10:08.987+0000] {logging_mixin.py:190} INFO - [2025-10-06T22:10:08.986+0000] {dag.py:4180} INFO - Setting next_dagrun for example_sensor_decorator to None, run_after=None
[2025-10-06T22:10:09.051+0000] {processor.py:208} INFO - Processing /home/airflow/.local/lib/python3.12/site-packages/airflow/example_dags/example_sensor_decorator.py took 0.200 seconds
[2025-10-06T22:10:40.142+0000] {processor.py:186} INFO - Started process (PID=2374) to work on /home/airflow/.local/lib/python3.12/site-packages/airflow/example_dags/example_sensor_decorator.py
[2025-10-06T22:10:40.145+0000] {processor.py:914} INFO - Processing file /home/airflow/.local/lib/python3.12/site-packages/airflow/example_dags/example_sensor_decorator.py for tasks to queue
[2025-10-06T22:10:40.151+0000] {logging_mixin.py:190} INFO - [2025-10-06T22:10:40.150+0000] {dagbag.py:588} INFO - Filling up the DagBag from /home/airflow/.local/lib/python3.12/site-packages/airflow/example_dags/example_sensor_decorator.py
[2025-10-06T22:10:40.177+0000] {processor.py:925} INFO - DAG(s) 'example_sensor_decorator' retrieved from /home/airflow/.local/lib/python3.12/site-packages/airflow/example_dags/example_sensor_decorator.py
[2025-10-06T22:10:40.246+0000] {logging_mixin.py:190} INFO - [2025-10-06T22:10:40.246+0000] {dag.py:3239} INFO - Sync 1 DAGs
[2025-10-06T22:10:40.281+0000] {logging_mixin.py:190} INFO - [2025-10-06T22:10:40.281+0000] {dag.py:4180} INFO - Setting next_dagrun for example_sensor_decorator to None, run_after=None
[2025-10-06T22:10:40.328+0000] {processor.py:208} INFO - Processing /home/airflow/.local/lib/python3.12/site-packages/airflow/example_dags/example_sensor_decorator.py took 0.205 seconds
[2025-10-06T22:11:11.891+0000] {processor.py:186} INFO - Started process (PID=2437) to work on /home/airflow/.local/lib/python3.12/site-packages/airflow/example_dags/example_sensor_decorator.py
[2025-10-06T22:11:11.894+0000] {processor.py:914} INFO - Processing file /home/airflow/.local/lib/python3.12/site-packages/airflow/example_dags/example_sensor_decorator.py for tasks to queue
[2025-10-06T22:11:11.901+0000] {logging_mixin.py:190} INFO - [2025-10-06T22:11:11.900+0000] {dagbag.py:588} INFO - Filling up the DagBag from /home/airflow/.local/lib/python3.12/site-packages/airflow/example_dags/example_sensor_decorator.py
[2025-10-06T22:11:11.931+0000] {processor.py:925} INFO - DAG(s) 'example_sensor_decorator' retrieved from /home/airflow/.local/lib/python3.12/site-packages/airflow/example_dags/example_sensor_decorator.py
[2025-10-06T22:11:11.985+0000] {logging_mixin.py:190} INFO - [2025-10-06T22:11:11.985+0000] {dag.py:3239} INFO - Sync 1 DAGs
[2025-10-06T22:11:12.029+0000] {logging_mixin.py:190} INFO - [2025-10-06T22:11:12.028+0000] {dag.py:4180} INFO - Setting next_dagrun for example_sensor_decorator to None, run_after=None
[2025-10-06T22:11:12.088+0000] {processor.py:208} INFO - Processing /home/airflow/.local/lib/python3.12/site-packages/airflow/example_dags/example_sensor_decorator.py took 0.212 seconds
[2025-10-06T22:11:43.235+0000] {processor.py:186} INFO - Started process (PID=2500) to work on /home/airflow/.local/lib/python3.12/site-packages/airflow/example_dags/example_sensor_decorator.py
[2025-10-06T22:11:43.239+0000] {processor.py:914} INFO - Processing file /home/airflow/.local/lib/python3.12/site-packages/airflow/example_dags/example_sensor_decorator.py for tasks to queue
[2025-10-06T22:11:43.245+0000] {logging_mixin.py:190} INFO - [2025-10-06T22:11:43.244+0000] {dagbag.py:588} INFO - Filling up the DagBag from /home/airflow/.local/lib/python3.12/site-packages/airflow/example_dags/example_sensor_decorator.py
[2025-10-06T22:11:43.271+0000] {processor.py:925} INFO - DAG(s) 'example_sensor_decorator' retrieved from /home/airflow/.local/lib/python3.12/site-packages/airflow/example_dags/example_sensor_decorator.py
[2025-10-06T22:11:43.322+0000] {logging_mixin.py:190} INFO - [2025-10-06T22:11:43.321+0000] {dag.py:3239} INFO - Sync 1 DAGs
[2025-10-06T22:11:43.357+0000] {logging_mixin.py:190} INFO - [2025-10-06T22:11:43.357+0000] {dag.py:4180} INFO - Setting next_dagrun for example_sensor_decorator to None, run_after=None
[2025-10-06T22:11:43.411+0000] {processor.py:208} INFO - Processing /home/airflow/.local/lib/python3.12/site-packages/airflow/example_dags/example_sensor_decorator.py took 0.193 seconds
[2025-10-06T22:19:17.851+0000] {processor.py:186} INFO - Started process (PID=2593) to work on /home/airflow/.local/lib/python3.12/site-packages/airflow/example_dags/example_sensor_decorator.py
[2025-10-06T22:19:17.854+0000] {processor.py:914} INFO - Processing file /home/airflow/.local/lib/python3.12/site-packages/airflow/example_dags/example_sensor_decorator.py for tasks to queue
[2025-10-06T22:19:17.858+0000] {logging_mixin.py:190} INFO - [2025-10-06T22:19:17.856+0000] {dagbag.py:588} INFO - Filling up the DagBag from /home/airflow/.local/lib/python3.12/site-packages/airflow/example_dags/example_sensor_decorator.py
[2025-10-06T22:19:17.881+0000] {processor.py:925} INFO - DAG(s) 'example_sensor_decorator' retrieved from /home/airflow/.local/lib/python3.12/site-packages/airflow/example_dags/example_sensor_decorator.py
[2025-10-06T22:19:17.930+0000] {logging_mixin.py:190} INFO - [2025-10-06T22:19:17.930+0000] {dag.py:3239} INFO - Sync 1 DAGs
[2025-10-06T22:19:17.980+0000] {logging_mixin.py:190} INFO - [2025-10-06T22:19:17.979+0000] {dag.py:4180} INFO - Setting next_dagrun for example_sensor_decorator to None, run_after=None
[2025-10-06T22:19:18.038+0000] {processor.py:208} INFO - Processing /home/airflow/.local/lib/python3.12/site-packages/airflow/example_dags/example_sensor_decorator.py took 0.204 seconds
[2025-10-06T22:19:49.617+0000] {processor.py:186} INFO - Started process (PID=2655) to work on /home/airflow/.local/lib/python3.12/site-packages/airflow/example_dags/example_sensor_decorator.py
[2025-10-06T22:19:49.635+0000] {processor.py:914} INFO - Processing file /home/airflow/.local/lib/python3.12/site-packages/airflow/example_dags/example_sensor_decorator.py for tasks to queue
[2025-10-06T22:19:49.651+0000] {logging_mixin.py:190} INFO - [2025-10-06T22:19:49.650+0000] {dagbag.py:588} INFO - Filling up the DagBag from /home/airflow/.local/lib/python3.12/site-packages/airflow/example_dags/example_sensor_decorator.py
[2025-10-06T22:19:49.700+0000] {processor.py:925} INFO - DAG(s) 'example_sensor_decorator' retrieved from /home/airflow/.local/lib/python3.12/site-packages/airflow/example_dags/example_sensor_decorator.py
[2025-10-06T22:19:49.816+0000] {logging_mixin.py:190} INFO - [2025-10-06T22:19:49.815+0000] {dag.py:3239} INFO - Sync 1 DAGs
[2025-10-06T22:19:49.892+0000] {logging_mixin.py:190} INFO - [2025-10-06T22:19:49.891+0000] {dag.py:4180} INFO - Setting next_dagrun for example_sensor_decorator to None, run_after=None
[2025-10-06T22:19:49.959+0000] {processor.py:208} INFO - Processing /home/airflow/.local/lib/python3.12/site-packages/airflow/example_dags/example_sensor_decorator.py took 0.381 seconds
[2025-10-06T22:20:26.784+0000] {processor.py:186} INFO - Started process (PID=2718) to work on /home/airflow/.local/lib/python3.12/site-packages/airflow/example_dags/example_sensor_decorator.py
[2025-10-06T22:20:26.787+0000] {processor.py:914} INFO - Processing file /home/airflow/.local/lib/python3.12/site-packages/airflow/example_dags/example_sensor_decorator.py for tasks to queue
[2025-10-06T22:20:26.790+0000] {logging_mixin.py:190} INFO - [2025-10-06T22:20:26.789+0000] {dagbag.py:588} INFO - Filling up the DagBag from /home/airflow/.local/lib/python3.12/site-packages/airflow/example_dags/example_sensor_decorator.py
[2025-10-06T22:20:26.819+0000] {processor.py:925} INFO - DAG(s) 'example_sensor_decorator' retrieved from /home/airflow/.local/lib/python3.12/site-packages/airflow/example_dags/example_sensor_decorator.py
[2025-10-06T22:20:26.883+0000] {logging_mixin.py:190} INFO - [2025-10-06T22:20:26.883+0000] {dag.py:3239} INFO - Sync 1 DAGs
[2025-10-06T22:20:27.276+0000] {logging_mixin.py:190} INFO - [2025-10-06T22:20:27.275+0000] {dag.py:4180} INFO - Setting next_dagrun for example_sensor_decorator to None, run_after=None
[2025-10-06T22:20:27.323+0000] {processor.py:208} INFO - Processing /home/airflow/.local/lib/python3.12/site-packages/airflow/example_dags/example_sensor_decorator.py took 0.554 seconds
[2025-10-06T22:20:58.384+0000] {processor.py:186} INFO - Started process (PID=2781) to work on /home/airflow/.local/lib/python3.12/site-packages/airflow/example_dags/example_sensor_decorator.py
[2025-10-06T22:20:58.387+0000] {processor.py:914} INFO - Processing file /home/airflow/.local/lib/python3.12/site-packages/airflow/example_dags/example_sensor_decorator.py for tasks to queue
[2025-10-06T22:20:58.390+0000] {logging_mixin.py:190} INFO - [2025-10-06T22:20:58.389+0000] {dagbag.py:588} INFO - Filling up the DagBag from /home/airflow/.local/lib/python3.12/site-packages/airflow/example_dags/example_sensor_decorator.py
[2025-10-06T22:20:58.409+0000] {processor.py:925} INFO - DAG(s) 'example_sensor_decorator' retrieved from /home/airflow/.local/lib/python3.12/site-packages/airflow/example_dags/example_sensor_decorator.py
[2025-10-06T22:20:58.460+0000] {logging_mixin.py:190} INFO - [2025-10-06T22:20:58.460+0000] {dag.py:3239} INFO - Sync 1 DAGs
[2025-10-06T22:20:58.495+0000] {logging_mixin.py:190} INFO - [2025-10-06T22:20:58.495+0000] {dag.py:4180} INFO - Setting next_dagrun for example_sensor_decorator to None, run_after=None
[2025-10-06T22:20:58.542+0000] {processor.py:208} INFO - Processing /home/airflow/.local/lib/python3.12/site-packages/airflow/example_dags/example_sensor_decorator.py took 0.171 seconds
[2025-10-06T22:21:29.494+0000] {processor.py:186} INFO - Started process (PID=2844) to work on /home/airflow/.local/lib/python3.12/site-packages/airflow/example_dags/example_sensor_decorator.py
[2025-10-06T22:21:29.498+0000] {processor.py:914} INFO - Processing file /home/airflow/.local/lib/python3.12/site-packages/airflow/example_dags/example_sensor_decorator.py for tasks to queue
[2025-10-06T22:21:29.502+0000] {logging_mixin.py:190} INFO - [2025-10-06T22:21:29.501+0000] {dagbag.py:588} INFO - Filling up the DagBag from /home/airflow/.local/lib/python3.12/site-packages/airflow/example_dags/example_sensor_decorator.py
[2025-10-06T22:21:29.529+0000] {processor.py:925} INFO - DAG(s) 'example_sensor_decorator' retrieved from /home/airflow/.local/lib/python3.12/site-packages/airflow/example_dags/example_sensor_decorator.py
[2025-10-06T22:21:29.582+0000] {logging_mixin.py:190} INFO - [2025-10-06T22:21:29.581+0000] {dag.py:3239} INFO - Sync 1 DAGs
[2025-10-06T22:21:29.624+0000] {logging_mixin.py:190} INFO - [2025-10-06T22:21:29.623+0000] {dag.py:4180} INFO - Setting next_dagrun for example_sensor_decorator to None, run_after=None
[2025-10-06T22:21:29.664+0000] {processor.py:208} INFO - Processing /home/airflow/.local/lib/python3.12/site-packages/airflow/example_dags/example_sensor_decorator.py took 0.186 seconds
[2025-10-06T22:22:00.029+0000] {processor.py:186} INFO - Started process (PID=2907) to work on /home/airflow/.local/lib/python3.12/site-packages/airflow/example_dags/example_sensor_decorator.py
[2025-10-06T22:22:00.032+0000] {processor.py:914} INFO - Processing file /home/airflow/.local/lib/python3.12/site-packages/airflow/example_dags/example_sensor_decorator.py for tasks to queue
[2025-10-06T22:22:00.035+0000] {logging_mixin.py:190} INFO - [2025-10-06T22:22:00.034+0000] {dagbag.py:588} INFO - Filling up the DagBag from /home/airflow/.local/lib/python3.12/site-packages/airflow/example_dags/example_sensor_decorator.py
[2025-10-06T22:22:00.058+0000] {processor.py:925} INFO - DAG(s) 'example_sensor_decorator' retrieved from /home/airflow/.local/lib/python3.12/site-packages/airflow/example_dags/example_sensor_decorator.py
[2025-10-06T22:22:00.118+0000] {logging_mixin.py:190} INFO - [2025-10-06T22:22:00.118+0000] {dag.py:3239} INFO - Sync 1 DAGs
[2025-10-06T22:22:00.161+0000] {logging_mixin.py:190} INFO - [2025-10-06T22:22:00.161+0000] {dag.py:4180} INFO - Setting next_dagrun for example_sensor_decorator to None, run_after=None
[2025-10-06T22:22:00.202+0000] {processor.py:208} INFO - Processing /home/airflow/.local/lib/python3.12/site-packages/airflow/example_dags/example_sensor_decorator.py took 0.188 seconds
[2025-10-06T22:22:32.263+0000] {processor.py:186} INFO - Started process (PID=2969) to work on /home/airflow/.local/lib/python3.12/site-packages/airflow/example_dags/example_sensor_decorator.py
[2025-10-06T22:22:32.267+0000] {processor.py:914} INFO - Processing file /home/airflow/.local/lib/python3.12/site-packages/airflow/example_dags/example_sensor_decorator.py for tasks to queue
[2025-10-06T22:22:32.274+0000] {logging_mixin.py:190} INFO - [2025-10-06T22:22:32.272+0000] {dagbag.py:588} INFO - Filling up the DagBag from /home/airflow/.local/lib/python3.12/site-packages/airflow/example_dags/example_sensor_decorator.py
[2025-10-06T22:22:32.314+0000] {processor.py:925} INFO - DAG(s) 'example_sensor_decorator' retrieved from /home/airflow/.local/lib/python3.12/site-packages/airflow/example_dags/example_sensor_decorator.py
[2025-10-06T22:22:32.428+0000] {logging_mixin.py:190} INFO - [2025-10-06T22:22:32.427+0000] {dag.py:3239} INFO - Sync 1 DAGs
[2025-10-06T22:22:32.517+0000] {logging_mixin.py:190} INFO - [2025-10-06T22:22:32.517+0000] {dag.py:4180} INFO - Setting next_dagrun for example_sensor_decorator to None, run_after=None
[2025-10-06T22:22:32.644+0000] {processor.py:208} INFO - Processing /home/airflow/.local/lib/python3.12/site-packages/airflow/example_dags/example_sensor_decorator.py took 0.419 seconds
[2025-10-06T22:23:02.827+0000] {processor.py:186} INFO - Started process (PID=3032) to work on /home/airflow/.local/lib/python3.12/site-packages/airflow/example_dags/example_sensor_decorator.py
[2025-10-06T22:23:02.829+0000] {processor.py:914} INFO - Processing file /home/airflow/.local/lib/python3.12/site-packages/airflow/example_dags/example_sensor_decorator.py for tasks to queue
[2025-10-06T22:23:02.832+0000] {logging_mixin.py:190} INFO - [2025-10-06T22:23:02.832+0000] {dagbag.py:588} INFO - Filling up the DagBag from /home/airflow/.local/lib/python3.12/site-packages/airflow/example_dags/example_sensor_decorator.py
[2025-10-06T22:23:02.860+0000] {processor.py:925} INFO - DAG(s) 'example_sensor_decorator' retrieved from /home/airflow/.local/lib/python3.12/site-packages/airflow/example_dags/example_sensor_decorator.py
[2025-10-06T22:23:02.909+0000] {logging_mixin.py:190} INFO - [2025-10-06T22:23:02.909+0000] {dag.py:3239} INFO - Sync 1 DAGs
[2025-10-06T22:23:02.949+0000] {logging_mixin.py:190} INFO - [2025-10-06T22:23:02.948+0000] {dag.py:4180} INFO - Setting next_dagrun for example_sensor_decorator to None, run_after=None
[2025-10-06T22:23:03.000+0000] {processor.py:208} INFO - Processing /home/airflow/.local/lib/python3.12/site-packages/airflow/example_dags/example_sensor_decorator.py took 0.189 seconds
[2025-10-06T22:23:33.732+0000] {processor.py:186} INFO - Started process (PID=3095) to work on /home/airflow/.local/lib/python3.12/site-packages/airflow/example_dags/example_sensor_decorator.py
[2025-10-06T22:23:33.736+0000] {processor.py:914} INFO - Processing file /home/airflow/.local/lib/python3.12/site-packages/airflow/example_dags/example_sensor_decorator.py for tasks to queue
[2025-10-06T22:23:33.741+0000] {logging_mixin.py:190} INFO - [2025-10-06T22:23:33.739+0000] {dagbag.py:588} INFO - Filling up the DagBag from /home/airflow/.local/lib/python3.12/site-packages/airflow/example_dags/example_sensor_decorator.py
[2025-10-06T22:23:33.778+0000] {processor.py:925} INFO - DAG(s) 'example_sensor_decorator' retrieved from /home/airflow/.local/lib/python3.12/site-packages/airflow/example_dags/example_sensor_decorator.py
[2025-10-06T22:23:33.850+0000] {logging_mixin.py:190} INFO - [2025-10-06T22:23:33.850+0000] {dag.py:3239} INFO - Sync 1 DAGs
[2025-10-06T22:23:33.919+0000] {logging_mixin.py:190} INFO - [2025-10-06T22:23:33.919+0000] {dag.py:4180} INFO - Setting next_dagrun for example_sensor_decorator to None, run_after=None
[2025-10-06T22:23:33.993+0000] {processor.py:208} INFO - Processing /home/airflow/.local/lib/python3.12/site-packages/airflow/example_dags/example_sensor_decorator.py took 0.283 seconds
[2025-10-06T22:24:04.662+0000] {processor.py:186} INFO - Started process (PID=3159) to work on /home/airflow/.local/lib/python3.12/site-packages/airflow/example_dags/example_sensor_decorator.py
[2025-10-06T22:24:04.664+0000] {processor.py:914} INFO - Processing file /home/airflow/.local/lib/python3.12/site-packages/airflow/example_dags/example_sensor_decorator.py for tasks to queue
[2025-10-06T22:24:04.668+0000] {logging_mixin.py:190} INFO - [2025-10-06T22:24:04.667+0000] {dagbag.py:588} INFO - Filling up the DagBag from /home/airflow/.local/lib/python3.12/site-packages/airflow/example_dags/example_sensor_decorator.py
[2025-10-06T22:24:04.696+0000] {processor.py:925} INFO - DAG(s) 'example_sensor_decorator' retrieved from /home/airflow/.local/lib/python3.12/site-packages/airflow/example_dags/example_sensor_decorator.py
[2025-10-06T22:24:04.752+0000] {logging_mixin.py:190} INFO - [2025-10-06T22:24:04.752+0000] {dag.py:3239} INFO - Sync 1 DAGs
[2025-10-06T22:24:04.796+0000] {logging_mixin.py:190} INFO - [2025-10-06T22:24:04.795+0000] {dag.py:4180} INFO - Setting next_dagrun for example_sensor_decorator to None, run_after=None
[2025-10-06T22:24:04.841+0000] {processor.py:208} INFO - Processing /home/airflow/.local/lib/python3.12/site-packages/airflow/example_dags/example_sensor_decorator.py took 0.200 seconds
[2025-10-06T22:24:35.043+0000] {processor.py:186} INFO - Started process (PID=3222) to work on /home/airflow/.local/lib/python3.12/site-packages/airflow/example_dags/example_sensor_decorator.py
[2025-10-06T22:24:35.045+0000] {processor.py:914} INFO - Processing file /home/airflow/.local/lib/python3.12/site-packages/airflow/example_dags/example_sensor_decorator.py for tasks to queue
[2025-10-06T22:24:35.048+0000] {logging_mixin.py:190} INFO - [2025-10-06T22:24:35.047+0000] {dagbag.py:588} INFO - Filling up the DagBag from /home/airflow/.local/lib/python3.12/site-packages/airflow/example_dags/example_sensor_decorator.py
[2025-10-06T22:24:35.073+0000] {processor.py:925} INFO - DAG(s) 'example_sensor_decorator' retrieved from /home/airflow/.local/lib/python3.12/site-packages/airflow/example_dags/example_sensor_decorator.py
[2025-10-06T22:24:35.125+0000] {logging_mixin.py:190} INFO - [2025-10-06T22:24:35.125+0000] {dag.py:3239} INFO - Sync 1 DAGs
[2025-10-06T22:24:35.164+0000] {logging_mixin.py:190} INFO - [2025-10-06T22:24:35.163+0000] {dag.py:4180} INFO - Setting next_dagrun for example_sensor_decorator to None, run_after=None
[2025-10-06T22:24:35.208+0000] {processor.py:208} INFO - Processing /home/airflow/.local/lib/python3.12/site-packages/airflow/example_dags/example_sensor_decorator.py took 0.180 seconds
[2025-10-06T22:25:06.007+0000] {processor.py:186} INFO - Started process (PID=3285) to work on /home/airflow/.local/lib/python3.12/site-packages/airflow/example_dags/example_sensor_decorator.py
[2025-10-06T22:25:06.009+0000] {processor.py:914} INFO - Processing file /home/airflow/.local/lib/python3.12/site-packages/airflow/example_dags/example_sensor_decorator.py for tasks to queue
[2025-10-06T22:25:06.011+0000] {logging_mixin.py:190} INFO - [2025-10-06T22:25:06.011+0000] {dagbag.py:588} INFO - Filling up the DagBag from /home/airflow/.local/lib/python3.12/site-packages/airflow/example_dags/example_sensor_decorator.py
[2025-10-06T22:25:06.029+0000] {processor.py:925} INFO - DAG(s) 'example_sensor_decorator' retrieved from /home/airflow/.local/lib/python3.12/site-packages/airflow/example_dags/example_sensor_decorator.py
[2025-10-06T22:25:06.079+0000] {logging_mixin.py:190} INFO - [2025-10-06T22:25:06.078+0000] {dag.py:3239} INFO - Sync 1 DAGs
[2025-10-06T22:25:06.127+0000] {logging_mixin.py:190} INFO - [2025-10-06T22:25:06.127+0000] {dag.py:4180} INFO - Setting next_dagrun for example_sensor_decorator to None, run_after=None
[2025-10-06T22:25:06.174+0000] {processor.py:208} INFO - Processing /home/airflow/.local/lib/python3.12/site-packages/airflow/example_dags/example_sensor_decorator.py took 0.182 seconds
[2025-10-06T22:25:37.097+0000] {processor.py:186} INFO - Started process (PID=3348) to work on /home/airflow/.local/lib/python3.12/site-packages/airflow/example_dags/example_sensor_decorator.py
[2025-10-06T22:25:37.099+0000] {processor.py:914} INFO - Processing file /home/airflow/.local/lib/python3.12/site-packages/airflow/example_dags/example_sensor_decorator.py for tasks to queue
[2025-10-06T22:25:37.103+0000] {logging_mixin.py:190} INFO - [2025-10-06T22:25:37.102+0000] {dagbag.py:588} INFO - Filling up the DagBag from /home/airflow/.local/lib/python3.12/site-packages/airflow/example_dags/example_sensor_decorator.py
[2025-10-06T22:25:37.127+0000] {processor.py:925} INFO - DAG(s) 'example_sensor_decorator' retrieved from /home/airflow/.local/lib/python3.12/site-packages/airflow/example_dags/example_sensor_decorator.py
[2025-10-06T22:25:37.178+0000] {logging_mixin.py:190} INFO - [2025-10-06T22:25:37.177+0000] {dag.py:3239} INFO - Sync 1 DAGs
[2025-10-06T22:25:37.215+0000] {logging_mixin.py:190} INFO - [2025-10-06T22:25:37.215+0000] {dag.py:4180} INFO - Setting next_dagrun for example_sensor_decorator to None, run_after=None
[2025-10-06T22:25:37.259+0000] {processor.py:208} INFO - Processing /home/airflow/.local/lib/python3.12/site-packages/airflow/example_dags/example_sensor_decorator.py took 0.178 seconds
[2025-10-06T22:26:08.527+0000] {processor.py:186} INFO - Started process (PID=3411) to work on /home/airflow/.local/lib/python3.12/site-packages/airflow/example_dags/example_sensor_decorator.py
[2025-10-06T22:26:08.529+0000] {processor.py:914} INFO - Processing file /home/airflow/.local/lib/python3.12/site-packages/airflow/example_dags/example_sensor_decorator.py for tasks to queue
[2025-10-06T22:26:08.534+0000] {logging_mixin.py:190} INFO - [2025-10-06T22:26:08.533+0000] {dagbag.py:588} INFO - Filling up the DagBag from /home/airflow/.local/lib/python3.12/site-packages/airflow/example_dags/example_sensor_decorator.py
[2025-10-06T22:26:08.556+0000] {processor.py:925} INFO - DAG(s) 'example_sensor_decorator' retrieved from /home/airflow/.local/lib/python3.12/site-packages/airflow/example_dags/example_sensor_decorator.py
[2025-10-06T22:26:08.625+0000] {logging_mixin.py:190} INFO - [2025-10-06T22:26:08.624+0000] {dag.py:3239} INFO - Sync 1 DAGs
[2025-10-06T22:26:08.712+0000] {logging_mixin.py:190} INFO - [2025-10-06T22:26:08.711+0000] {dag.py:4180} INFO - Setting next_dagrun for example_sensor_decorator to None, run_after=None
[2025-10-06T22:26:08.806+0000] {processor.py:208} INFO - Processing /home/airflow/.local/lib/python3.12/site-packages/airflow/example_dags/example_sensor_decorator.py took 0.293 seconds
[2025-10-06T22:26:39.484+0000] {processor.py:186} INFO - Started process (PID=3474) to work on /home/airflow/.local/lib/python3.12/site-packages/airflow/example_dags/example_sensor_decorator.py
[2025-10-06T22:26:39.497+0000] {processor.py:914} INFO - Processing file /home/airflow/.local/lib/python3.12/site-packages/airflow/example_dags/example_sensor_decorator.py for tasks to queue
[2025-10-06T22:26:39.511+0000] {logging_mixin.py:190} INFO - [2025-10-06T22:26:39.507+0000] {dagbag.py:588} INFO - Filling up the DagBag from /home/airflow/.local/lib/python3.12/site-packages/airflow/example_dags/example_sensor_decorator.py
[2025-10-06T22:26:39.646+0000] {processor.py:925} INFO - DAG(s) 'example_sensor_decorator' retrieved from /home/airflow/.local/lib/python3.12/site-packages/airflow/example_dags/example_sensor_decorator.py
[2025-10-06T22:26:39.768+0000] {logging_mixin.py:190} INFO - [2025-10-06T22:26:39.767+0000] {dag.py:3239} INFO - Sync 1 DAGs
[2025-10-06T22:26:39.821+0000] {logging_mixin.py:190} INFO - [2025-10-06T22:26:39.820+0000] {dag.py:4180} INFO - Setting next_dagrun for example_sensor_decorator to None, run_after=None
[2025-10-06T22:26:39.889+0000] {processor.py:208} INFO - Processing /home/airflow/.local/lib/python3.12/site-packages/airflow/example_dags/example_sensor_decorator.py took 0.456 seconds
[2025-10-06T22:27:10.152+0000] {processor.py:186} INFO - Started process (PID=3537) to work on /home/airflow/.local/lib/python3.12/site-packages/airflow/example_dags/example_sensor_decorator.py
[2025-10-06T22:27:10.156+0000] {processor.py:914} INFO - Processing file /home/airflow/.local/lib/python3.12/site-packages/airflow/example_dags/example_sensor_decorator.py for tasks to queue
[2025-10-06T22:27:10.160+0000] {logging_mixin.py:190} INFO - [2025-10-06T22:27:10.159+0000] {dagbag.py:588} INFO - Filling up the DagBag from /home/airflow/.local/lib/python3.12/site-packages/airflow/example_dags/example_sensor_decorator.py
[2025-10-06T22:27:10.180+0000] {processor.py:925} INFO - DAG(s) 'example_sensor_decorator' retrieved from /home/airflow/.local/lib/python3.12/site-packages/airflow/example_dags/example_sensor_decorator.py
[2025-10-06T22:27:10.224+0000] {logging_mixin.py:190} INFO - [2025-10-06T22:27:10.224+0000] {dag.py:3239} INFO - Sync 1 DAGs
[2025-10-06T22:27:10.262+0000] {logging_mixin.py:190} INFO - [2025-10-06T22:27:10.261+0000] {dag.py:4180} INFO - Setting next_dagrun for example_sensor_decorator to None, run_after=None
[2025-10-06T22:27:10.318+0000] {processor.py:208} INFO - Processing /home/airflow/.local/lib/python3.12/site-packages/airflow/example_dags/example_sensor_decorator.py took 0.187 seconds
[2025-10-06T22:27:41.791+0000] {processor.py:186} INFO - Started process (PID=3600) to work on /home/airflow/.local/lib/python3.12/site-packages/airflow/example_dags/example_sensor_decorator.py
[2025-10-06T22:27:41.797+0000] {processor.py:914} INFO - Processing file /home/airflow/.local/lib/python3.12/site-packages/airflow/example_dags/example_sensor_decorator.py for tasks to queue
[2025-10-06T22:27:41.806+0000] {logging_mixin.py:190} INFO - [2025-10-06T22:27:41.804+0000] {dagbag.py:588} INFO - Filling up the DagBag from /home/airflow/.local/lib/python3.12/site-packages/airflow/example_dags/example_sensor_decorator.py
[2025-10-06T22:27:41.847+0000] {processor.py:925} INFO - DAG(s) 'example_sensor_decorator' retrieved from /home/airflow/.local/lib/python3.12/site-packages/airflow/example_dags/example_sensor_decorator.py
[2025-10-06T22:27:41.975+0000] {logging_mixin.py:190} INFO - [2025-10-06T22:27:41.974+0000] {dag.py:3239} INFO - Sync 1 DAGs
[2025-10-06T22:27:42.032+0000] {logging_mixin.py:190} INFO - [2025-10-06T22:27:42.031+0000] {dag.py:4180} INFO - Setting next_dagrun for example_sensor_decorator to None, run_after=None
[2025-10-06T22:27:42.080+0000] {processor.py:208} INFO - Processing /home/airflow/.local/lib/python3.12/site-packages/airflow/example_dags/example_sensor_decorator.py took 0.322 seconds
[2025-10-06T22:28:12.735+0000] {processor.py:186} INFO - Started process (PID=3663) to work on /home/airflow/.local/lib/python3.12/site-packages/airflow/example_dags/example_sensor_decorator.py
[2025-10-06T22:28:12.737+0000] {processor.py:914} INFO - Processing file /home/airflow/.local/lib/python3.12/site-packages/airflow/example_dags/example_sensor_decorator.py for tasks to queue
[2025-10-06T22:28:12.743+0000] {logging_mixin.py:190} INFO - [2025-10-06T22:28:12.740+0000] {dagbag.py:588} INFO - Filling up the DagBag from /home/airflow/.local/lib/python3.12/site-packages/airflow/example_dags/example_sensor_decorator.py
[2025-10-06T22:28:12.764+0000] {processor.py:925} INFO - DAG(s) 'example_sensor_decorator' retrieved from /home/airflow/.local/lib/python3.12/site-packages/airflow/example_dags/example_sensor_decorator.py
[2025-10-06T22:28:12.813+0000] {logging_mixin.py:190} INFO - [2025-10-06T22:28:12.812+0000] {dag.py:3239} INFO - Sync 1 DAGs
[2025-10-06T22:28:12.859+0000] {logging_mixin.py:190} INFO - [2025-10-06T22:28:12.859+0000] {dag.py:4180} INFO - Setting next_dagrun for example_sensor_decorator to None, run_after=None
[2025-10-06T22:28:12.942+0000] {processor.py:208} INFO - Processing /home/airflow/.local/lib/python3.12/site-packages/airflow/example_dags/example_sensor_decorator.py took 0.224 seconds
[2025-10-06T22:28:44.328+0000] {processor.py:186} INFO - Started process (PID=3726) to work on /home/airflow/.local/lib/python3.12/site-packages/airflow/example_dags/example_sensor_decorator.py
[2025-10-06T22:28:44.330+0000] {processor.py:914} INFO - Processing file /home/airflow/.local/lib/python3.12/site-packages/airflow/example_dags/example_sensor_decorator.py for tasks to queue
[2025-10-06T22:28:44.335+0000] {logging_mixin.py:190} INFO - [2025-10-06T22:28:44.334+0000] {dagbag.py:588} INFO - Filling up the DagBag from /home/airflow/.local/lib/python3.12/site-packages/airflow/example_dags/example_sensor_decorator.py
[2025-10-06T22:28:44.360+0000] {processor.py:925} INFO - DAG(s) 'example_sensor_decorator' retrieved from /home/airflow/.local/lib/python3.12/site-packages/airflow/example_dags/example_sensor_decorator.py
[2025-10-06T22:28:44.408+0000] {logging_mixin.py:190} INFO - [2025-10-06T22:28:44.407+0000] {dag.py:3239} INFO - Sync 1 DAGs
[2025-10-06T22:28:44.441+0000] {logging_mixin.py:190} INFO - [2025-10-06T22:28:44.441+0000] {dag.py:4180} INFO - Setting next_dagrun for example_sensor_decorator to None, run_after=None
[2025-10-06T22:28:44.487+0000] {processor.py:208} INFO - Processing /home/airflow/.local/lib/python3.12/site-packages/airflow/example_dags/example_sensor_decorator.py took 0.173 seconds
[2025-10-06T22:29:16.555+0000] {processor.py:186} INFO - Started process (PID=3789) to work on /home/airflow/.local/lib/python3.12/site-packages/airflow/example_dags/example_sensor_decorator.py
[2025-10-06T22:29:16.558+0000] {processor.py:914} INFO - Processing file /home/airflow/.local/lib/python3.12/site-packages/airflow/example_dags/example_sensor_decorator.py for tasks to queue
[2025-10-06T22:29:16.562+0000] {logging_mixin.py:190} INFO - [2025-10-06T22:29:16.562+0000] {dagbag.py:588} INFO - Filling up the DagBag from /home/airflow/.local/lib/python3.12/site-packages/airflow/example_dags/example_sensor_decorator.py
[2025-10-06T22:29:16.582+0000] {processor.py:925} INFO - DAG(s) 'example_sensor_decorator' retrieved from /home/airflow/.local/lib/python3.12/site-packages/airflow/example_dags/example_sensor_decorator.py
[2025-10-06T22:29:16.635+0000] {logging_mixin.py:190} INFO - [2025-10-06T22:29:16.634+0000] {dag.py:3239} INFO - Sync 1 DAGs
[2025-10-06T22:29:16.680+0000] {logging_mixin.py:190} INFO - [2025-10-06T22:29:16.679+0000] {dag.py:4180} INFO - Setting next_dagrun for example_sensor_decorator to None, run_after=None
[2025-10-06T22:29:16.732+0000] {processor.py:208} INFO - Processing /home/airflow/.local/lib/python3.12/site-packages/airflow/example_dags/example_sensor_decorator.py took 0.192 seconds
[2025-10-06T22:30:05.658+0000] {processor.py:186} INFO - Started process (PID=3856) to work on /home/airflow/.local/lib/python3.12/site-packages/airflow/example_dags/example_sensor_decorator.py
[2025-10-06T22:30:05.669+0000] {processor.py:914} INFO - Processing file /home/airflow/.local/lib/python3.12/site-packages/airflow/example_dags/example_sensor_decorator.py for tasks to queue
[2025-10-06T22:30:05.676+0000] {logging_mixin.py:190} INFO - [2025-10-06T22:30:05.674+0000] {dagbag.py:588} INFO - Filling up the DagBag from /home/airflow/.local/lib/python3.12/site-packages/airflow/example_dags/example_sensor_decorator.py
[2025-10-06T22:30:05.745+0000] {processor.py:925} INFO - DAG(s) 'example_sensor_decorator' retrieved from /home/airflow/.local/lib/python3.12/site-packages/airflow/example_dags/example_sensor_decorator.py
[2025-10-06T22:30:05.882+0000] {logging_mixin.py:190} INFO - [2025-10-06T22:30:05.882+0000] {dag.py:3239} INFO - Sync 1 DAGs
[2025-10-06T22:30:06.036+0000] {logging_mixin.py:190} INFO - [2025-10-06T22:30:06.035+0000] {dag.py:4180} INFO - Setting next_dagrun for example_sensor_decorator to None, run_after=None
[2025-10-06T22:30:06.111+0000] {processor.py:208} INFO - Processing /home/airflow/.local/lib/python3.12/site-packages/airflow/example_dags/example_sensor_decorator.py took 0.481 seconds
[2025-10-06T22:30:36.293+0000] {processor.py:186} INFO - Started process (PID=3920) to work on /home/airflow/.local/lib/python3.12/site-packages/airflow/example_dags/example_sensor_decorator.py
[2025-10-06T22:30:36.296+0000] {processor.py:914} INFO - Processing file /home/airflow/.local/lib/python3.12/site-packages/airflow/example_dags/example_sensor_decorator.py for tasks to queue
[2025-10-06T22:30:36.300+0000] {logging_mixin.py:190} INFO - [2025-10-06T22:30:36.299+0000] {dagbag.py:588} INFO - Filling up the DagBag from /home/airflow/.local/lib/python3.12/site-packages/airflow/example_dags/example_sensor_decorator.py
[2025-10-06T22:30:36.328+0000] {processor.py:925} INFO - DAG(s) 'example_sensor_decorator' retrieved from /home/airflow/.local/lib/python3.12/site-packages/airflow/example_dags/example_sensor_decorator.py
[2025-10-06T22:30:36.384+0000] {logging_mixin.py:190} INFO - [2025-10-06T22:30:36.384+0000] {dag.py:3239} INFO - Sync 1 DAGs
[2025-10-06T22:30:36.422+0000] {logging_mixin.py:190} INFO - [2025-10-06T22:30:36.422+0000] {dag.py:4180} INFO - Setting next_dagrun for example_sensor_decorator to None, run_after=None
[2025-10-06T22:30:36.471+0000] {processor.py:208} INFO - Processing /home/airflow/.local/lib/python3.12/site-packages/airflow/example_dags/example_sensor_decorator.py took 0.195 seconds
[2025-10-06T22:31:06.845+0000] {processor.py:186} INFO - Started process (PID=3983) to work on /home/airflow/.local/lib/python3.12/site-packages/airflow/example_dags/example_sensor_decorator.py
[2025-10-06T22:31:06.847+0000] {processor.py:914} INFO - Processing file /home/airflow/.local/lib/python3.12/site-packages/airflow/example_dags/example_sensor_decorator.py for tasks to queue
[2025-10-06T22:31:06.851+0000] {logging_mixin.py:190} INFO - [2025-10-06T22:31:06.850+0000] {dagbag.py:588} INFO - Filling up the DagBag from /home/airflow/.local/lib/python3.12/site-packages/airflow/example_dags/example_sensor_decorator.py
[2025-10-06T22:31:06.881+0000] {processor.py:925} INFO - DAG(s) 'example_sensor_decorator' retrieved from /home/airflow/.local/lib/python3.12/site-packages/airflow/example_dags/example_sensor_decorator.py
[2025-10-06T22:31:06.927+0000] {logging_mixin.py:190} INFO - [2025-10-06T22:31:06.926+0000] {dag.py:3239} INFO - Sync 1 DAGs
[2025-10-06T22:31:06.960+0000] {logging_mixin.py:190} INFO - [2025-10-06T22:31:06.960+0000] {dag.py:4180} INFO - Setting next_dagrun for example_sensor_decorator to None, run_after=None
[2025-10-06T22:31:07.005+0000] {processor.py:208} INFO - Processing /home/airflow/.local/lib/python3.12/site-packages/airflow/example_dags/example_sensor_decorator.py took 0.178 seconds
[2025-10-06T22:31:40.959+0000] {processor.py:186} INFO - Started process (PID=4048) to work on /home/airflow/.local/lib/python3.12/site-packages/airflow/example_dags/example_sensor_decorator.py
[2025-10-06T22:31:40.963+0000] {processor.py:914} INFO - Processing file /home/airflow/.local/lib/python3.12/site-packages/airflow/example_dags/example_sensor_decorator.py for tasks to queue
[2025-10-06T22:31:40.970+0000] {logging_mixin.py:190} INFO - [2025-10-06T22:31:40.968+0000] {dagbag.py:588} INFO - Filling up the DagBag from /home/airflow/.local/lib/python3.12/site-packages/airflow/example_dags/example_sensor_decorator.py
[2025-10-06T22:31:41.015+0000] {processor.py:925} INFO - DAG(s) 'example_sensor_decorator' retrieved from /home/airflow/.local/lib/python3.12/site-packages/airflow/example_dags/example_sensor_decorator.py
[2025-10-06T22:31:41.096+0000] {logging_mixin.py:190} INFO - [2025-10-06T22:31:41.096+0000] {dag.py:3239} INFO - Sync 1 DAGs
[2025-10-06T22:31:41.135+0000] {logging_mixin.py:190} INFO - [2025-10-06T22:31:41.134+0000] {dag.py:4180} INFO - Setting next_dagrun for example_sensor_decorator to None, run_after=None
[2025-10-06T22:31:41.174+0000] {processor.py:208} INFO - Processing /home/airflow/.local/lib/python3.12/site-packages/airflow/example_dags/example_sensor_decorator.py took 0.244 seconds
[2025-10-06T22:32:14.140+0000] {processor.py:186} INFO - Started process (PID=4110) to work on /home/airflow/.local/lib/python3.12/site-packages/airflow/example_dags/example_sensor_decorator.py
[2025-10-06T22:32:14.142+0000] {processor.py:914} INFO - Processing file /home/airflow/.local/lib/python3.12/site-packages/airflow/example_dags/example_sensor_decorator.py for tasks to queue
[2025-10-06T22:32:14.145+0000] {logging_mixin.py:190} INFO - [2025-10-06T22:32:14.144+0000] {dagbag.py:588} INFO - Filling up the DagBag from /home/airflow/.local/lib/python3.12/site-packages/airflow/example_dags/example_sensor_decorator.py
[2025-10-06T22:32:14.166+0000] {processor.py:925} INFO - DAG(s) 'example_sensor_decorator' retrieved from /home/airflow/.local/lib/python3.12/site-packages/airflow/example_dags/example_sensor_decorator.py
[2025-10-06T22:32:14.221+0000] {logging_mixin.py:190} INFO - [2025-10-06T22:32:14.220+0000] {dag.py:3239} INFO - Sync 1 DAGs
[2025-10-06T22:32:14.263+0000] {logging_mixin.py:190} INFO - [2025-10-06T22:32:14.263+0000] {dag.py:4180} INFO - Setting next_dagrun for example_sensor_decorator to None, run_after=None
[2025-10-06T22:32:14.311+0000] {processor.py:208} INFO - Processing /home/airflow/.local/lib/python3.12/site-packages/airflow/example_dags/example_sensor_decorator.py took 0.184 seconds
[2025-10-06T22:32:45.544+0000] {processor.py:186} INFO - Started process (PID=4174) to work on /home/airflow/.local/lib/python3.12/site-packages/airflow/example_dags/example_sensor_decorator.py
[2025-10-06T22:32:45.546+0000] {processor.py:914} INFO - Processing file /home/airflow/.local/lib/python3.12/site-packages/airflow/example_dags/example_sensor_decorator.py for tasks to queue
[2025-10-06T22:32:45.550+0000] {logging_mixin.py:190} INFO - [2025-10-06T22:32:45.549+0000] {dagbag.py:588} INFO - Filling up the DagBag from /home/airflow/.local/lib/python3.12/site-packages/airflow/example_dags/example_sensor_decorator.py
[2025-10-06T22:32:45.571+0000] {processor.py:925} INFO - DAG(s) 'example_sensor_decorator' retrieved from /home/airflow/.local/lib/python3.12/site-packages/airflow/example_dags/example_sensor_decorator.py
[2025-10-06T22:32:45.622+0000] {logging_mixin.py:190} INFO - [2025-10-06T22:32:45.622+0000] {dag.py:3239} INFO - Sync 1 DAGs
[2025-10-06T22:32:45.671+0000] {logging_mixin.py:190} INFO - [2025-10-06T22:32:45.670+0000] {dag.py:4180} INFO - Setting next_dagrun for example_sensor_decorator to None, run_after=None
[2025-10-06T22:32:45.714+0000] {processor.py:208} INFO - Processing /home/airflow/.local/lib/python3.12/site-packages/airflow/example_dags/example_sensor_decorator.py took 0.185 seconds
[2025-10-06T22:33:17.263+0000] {processor.py:186} INFO - Started process (PID=4237) to work on /home/airflow/.local/lib/python3.12/site-packages/airflow/example_dags/example_sensor_decorator.py
[2025-10-06T22:33:17.266+0000] {processor.py:914} INFO - Processing file /home/airflow/.local/lib/python3.12/site-packages/airflow/example_dags/example_sensor_decorator.py for tasks to queue
[2025-10-06T22:33:17.271+0000] {logging_mixin.py:190} INFO - [2025-10-06T22:33:17.270+0000] {dagbag.py:588} INFO - Filling up the DagBag from /home/airflow/.local/lib/python3.12/site-packages/airflow/example_dags/example_sensor_decorator.py
[2025-10-06T22:33:17.302+0000] {processor.py:925} INFO - DAG(s) 'example_sensor_decorator' retrieved from /home/airflow/.local/lib/python3.12/site-packages/airflow/example_dags/example_sensor_decorator.py
[2025-10-06T22:33:17.352+0000] {logging_mixin.py:190} INFO - [2025-10-06T22:33:17.352+0000] {dag.py:3239} INFO - Sync 1 DAGs
[2025-10-06T22:33:17.386+0000] {logging_mixin.py:190} INFO - [2025-10-06T22:33:17.385+0000] {dag.py:4180} INFO - Setting next_dagrun for example_sensor_decorator to None, run_after=None
[2025-10-06T22:33:17.432+0000] {processor.py:208} INFO - Processing /home/airflow/.local/lib/python3.12/site-packages/airflow/example_dags/example_sensor_decorator.py took 0.187 seconds
[2025-10-06T22:33:53.619+0000] {processor.py:186} INFO - Started process (PID=4301) to work on /home/airflow/.local/lib/python3.12/site-packages/airflow/example_dags/example_sensor_decorator.py
[2025-10-06T22:33:53.621+0000] {processor.py:914} INFO - Processing file /home/airflow/.local/lib/python3.12/site-packages/airflow/example_dags/example_sensor_decorator.py for tasks to queue
[2025-10-06T22:33:53.626+0000] {logging_mixin.py:190} INFO - [2025-10-06T22:33:53.625+0000] {dagbag.py:588} INFO - Filling up the DagBag from /home/airflow/.local/lib/python3.12/site-packages/airflow/example_dags/example_sensor_decorator.py
[2025-10-06T22:33:53.647+0000] {processor.py:925} INFO - DAG(s) 'example_sensor_decorator' retrieved from /home/airflow/.local/lib/python3.12/site-packages/airflow/example_dags/example_sensor_decorator.py
[2025-10-06T22:33:53.692+0000] {logging_mixin.py:190} INFO - [2025-10-06T22:33:53.692+0000] {dag.py:3239} INFO - Sync 1 DAGs
[2025-10-06T22:33:53.732+0000] {logging_mixin.py:190} INFO - [2025-10-06T22:33:53.732+0000] {dag.py:4180} INFO - Setting next_dagrun for example_sensor_decorator to None, run_after=None
[2025-10-06T22:33:53.778+0000] {processor.py:208} INFO - Processing /home/airflow/.local/lib/python3.12/site-packages/airflow/example_dags/example_sensor_decorator.py took 0.174 seconds
[2025-10-06T22:34:25.152+0000] {processor.py:186} INFO - Started process (PID=4364) to work on /home/airflow/.local/lib/python3.12/site-packages/airflow/example_dags/example_sensor_decorator.py
[2025-10-06T22:34:25.156+0000] {processor.py:914} INFO - Processing file /home/airflow/.local/lib/python3.12/site-packages/airflow/example_dags/example_sensor_decorator.py for tasks to queue
[2025-10-06T22:34:25.160+0000] {logging_mixin.py:190} INFO - [2025-10-06T22:34:25.159+0000] {dagbag.py:588} INFO - Filling up the DagBag from /home/airflow/.local/lib/python3.12/site-packages/airflow/example_dags/example_sensor_decorator.py
[2025-10-06T22:34:25.188+0000] {processor.py:925} INFO - DAG(s) 'example_sensor_decorator' retrieved from /home/airflow/.local/lib/python3.12/site-packages/airflow/example_dags/example_sensor_decorator.py
[2025-10-06T22:34:25.244+0000] {logging_mixin.py:190} INFO - [2025-10-06T22:34:25.243+0000] {dag.py:3239} INFO - Sync 1 DAGs
[2025-10-06T22:34:25.289+0000] {logging_mixin.py:190} INFO - [2025-10-06T22:34:25.288+0000] {dag.py:4180} INFO - Setting next_dagrun for example_sensor_decorator to None, run_after=None
[2025-10-06T22:34:25.328+0000] {processor.py:208} INFO - Processing /home/airflow/.local/lib/python3.12/site-packages/airflow/example_dags/example_sensor_decorator.py took 0.196 seconds
[2025-10-06T22:34:56.559+0000] {processor.py:186} INFO - Started process (PID=4427) to work on /home/airflow/.local/lib/python3.12/site-packages/airflow/example_dags/example_sensor_decorator.py
[2025-10-06T22:34:56.571+0000] {processor.py:914} INFO - Processing file /home/airflow/.local/lib/python3.12/site-packages/airflow/example_dags/example_sensor_decorator.py for tasks to queue
[2025-10-06T22:34:56.590+0000] {logging_mixin.py:190} INFO - [2025-10-06T22:34:56.589+0000] {dagbag.py:588} INFO - Filling up the DagBag from /home/airflow/.local/lib/python3.12/site-packages/airflow/example_dags/example_sensor_decorator.py
[2025-10-06T22:34:56.667+0000] {processor.py:925} INFO - DAG(s) 'example_sensor_decorator' retrieved from /home/airflow/.local/lib/python3.12/site-packages/airflow/example_dags/example_sensor_decorator.py
[2025-10-06T22:34:56.825+0000] {logging_mixin.py:190} INFO - [2025-10-06T22:34:56.825+0000] {dag.py:3239} INFO - Sync 1 DAGs
[2025-10-06T22:34:56.962+0000] {logging_mixin.py:190} INFO - [2025-10-06T22:34:56.958+0000] {dag.py:4180} INFO - Setting next_dagrun for example_sensor_decorator to None, run_after=None
[2025-10-06T22:34:57.067+0000] {processor.py:208} INFO - Processing /home/airflow/.local/lib/python3.12/site-packages/airflow/example_dags/example_sensor_decorator.py took 0.561 seconds
[2025-10-06T22:35:27.791+0000] {processor.py:186} INFO - Started process (PID=4489) to work on /home/airflow/.local/lib/python3.12/site-packages/airflow/example_dags/example_sensor_decorator.py
[2025-10-06T22:35:27.794+0000] {processor.py:914} INFO - Processing file /home/airflow/.local/lib/python3.12/site-packages/airflow/example_dags/example_sensor_decorator.py for tasks to queue
[2025-10-06T22:35:27.798+0000] {logging_mixin.py:190} INFO - [2025-10-06T22:35:27.797+0000] {dagbag.py:588} INFO - Filling up the DagBag from /home/airflow/.local/lib/python3.12/site-packages/airflow/example_dags/example_sensor_decorator.py
[2025-10-06T22:35:27.827+0000] {processor.py:925} INFO - DAG(s) 'example_sensor_decorator' retrieved from /home/airflow/.local/lib/python3.12/site-packages/airflow/example_dags/example_sensor_decorator.py
[2025-10-06T22:35:27.888+0000] {logging_mixin.py:190} INFO - [2025-10-06T22:35:27.887+0000] {dag.py:3239} INFO - Sync 1 DAGs
[2025-10-06T22:35:27.938+0000] {logging_mixin.py:190} INFO - [2025-10-06T22:35:27.938+0000] {dag.py:4180} INFO - Setting next_dagrun for example_sensor_decorator to None, run_after=None
[2025-10-06T22:35:27.982+0000] {processor.py:208} INFO - Processing /home/airflow/.local/lib/python3.12/site-packages/airflow/example_dags/example_sensor_decorator.py took 0.209 seconds
[2025-10-06T22:40:57.939+0000] {processor.py:186} INFO - Started process (PID=117) to work on /home/airflow/.local/lib/python3.12/site-packages/airflow/example_dags/example_sensor_decorator.py
[2025-10-06T22:40:57.942+0000] {processor.py:914} INFO - Processing file /home/airflow/.local/lib/python3.12/site-packages/airflow/example_dags/example_sensor_decorator.py for tasks to queue
[2025-10-06T22:40:57.950+0000] {logging_mixin.py:190} INFO - [2025-10-06T22:40:57.949+0000] {dagbag.py:588} INFO - Filling up the DagBag from /home/airflow/.local/lib/python3.12/site-packages/airflow/example_dags/example_sensor_decorator.py
[2025-10-06T22:40:57.982+0000] {processor.py:925} INFO - DAG(s) 'example_sensor_decorator' retrieved from /home/airflow/.local/lib/python3.12/site-packages/airflow/example_dags/example_sensor_decorator.py
[2025-10-06T22:40:58.030+0000] {logging_mixin.py:190} INFO - [2025-10-06T22:40:58.029+0000] {dag.py:3239} INFO - Sync 1 DAGs
[2025-10-06T22:40:58.060+0000] {logging_mixin.py:190} INFO - [2025-10-06T22:40:58.060+0000] {dag.py:4180} INFO - Setting next_dagrun for example_sensor_decorator to None, run_after=None
[2025-10-06T22:40:58.100+0000] {processor.py:208} INFO - Processing /home/airflow/.local/lib/python3.12/site-packages/airflow/example_dags/example_sensor_decorator.py took 0.174 seconds
[2025-10-06T22:41:28.557+0000] {processor.py:186} INFO - Started process (PID=179) to work on /home/airflow/.local/lib/python3.12/site-packages/airflow/example_dags/example_sensor_decorator.py
[2025-10-06T22:41:28.562+0000] {processor.py:914} INFO - Processing file /home/airflow/.local/lib/python3.12/site-packages/airflow/example_dags/example_sensor_decorator.py for tasks to queue
[2025-10-06T22:41:28.572+0000] {logging_mixin.py:190} INFO - [2025-10-06T22:41:28.570+0000] {dagbag.py:588} INFO - Filling up the DagBag from /home/airflow/.local/lib/python3.12/site-packages/airflow/example_dags/example_sensor_decorator.py
[2025-10-06T22:41:28.594+0000] {processor.py:925} INFO - DAG(s) 'example_sensor_decorator' retrieved from /home/airflow/.local/lib/python3.12/site-packages/airflow/example_dags/example_sensor_decorator.py
[2025-10-06T22:41:28.658+0000] {logging_mixin.py:190} INFO - [2025-10-06T22:41:28.657+0000] {dag.py:3239} INFO - Sync 1 DAGs
[2025-10-06T22:41:28.706+0000] {logging_mixin.py:190} INFO - [2025-10-06T22:41:28.705+0000] {dag.py:4180} INFO - Setting next_dagrun for example_sensor_decorator to None, run_after=None
[2025-10-06T22:41:28.755+0000] {processor.py:208} INFO - Processing /home/airflow/.local/lib/python3.12/site-packages/airflow/example_dags/example_sensor_decorator.py took 0.222 seconds
[2025-10-06T22:41:59.285+0000] {processor.py:186} INFO - Started process (PID=242) to work on /home/airflow/.local/lib/python3.12/site-packages/airflow/example_dags/example_sensor_decorator.py
[2025-10-06T22:41:59.287+0000] {processor.py:914} INFO - Processing file /home/airflow/.local/lib/python3.12/site-packages/airflow/example_dags/example_sensor_decorator.py for tasks to queue
[2025-10-06T22:41:59.292+0000] {logging_mixin.py:190} INFO - [2025-10-06T22:41:59.291+0000] {dagbag.py:588} INFO - Filling up the DagBag from /home/airflow/.local/lib/python3.12/site-packages/airflow/example_dags/example_sensor_decorator.py
[2025-10-06T22:41:59.311+0000] {processor.py:925} INFO - DAG(s) 'example_sensor_decorator' retrieved from /home/airflow/.local/lib/python3.12/site-packages/airflow/example_dags/example_sensor_decorator.py
[2025-10-06T22:41:59.355+0000] {logging_mixin.py:190} INFO - [2025-10-06T22:41:59.354+0000] {dag.py:3239} INFO - Sync 1 DAGs
[2025-10-06T22:41:59.388+0000] {logging_mixin.py:190} INFO - [2025-10-06T22:41:59.388+0000] {dag.py:4180} INFO - Setting next_dagrun for example_sensor_decorator to None, run_after=None
[2025-10-06T22:41:59.431+0000] {processor.py:208} INFO - Processing /home/airflow/.local/lib/python3.12/site-packages/airflow/example_dags/example_sensor_decorator.py took 0.159 seconds
[2025-10-06T22:42:32.005+0000] {processor.py:186} INFO - Started process (PID=305) to work on /home/airflow/.local/lib/python3.12/site-packages/airflow/example_dags/example_sensor_decorator.py
[2025-10-06T22:42:32.011+0000] {processor.py:914} INFO - Processing file /home/airflow/.local/lib/python3.12/site-packages/airflow/example_dags/example_sensor_decorator.py for tasks to queue
[2025-10-06T22:42:32.025+0000] {logging_mixin.py:190} INFO - [2025-10-06T22:42:32.024+0000] {dagbag.py:588} INFO - Filling up the DagBag from /home/airflow/.local/lib/python3.12/site-packages/airflow/example_dags/example_sensor_decorator.py
[2025-10-06T22:42:32.078+0000] {processor.py:925} INFO - DAG(s) 'example_sensor_decorator' retrieved from /home/airflow/.local/lib/python3.12/site-packages/airflow/example_dags/example_sensor_decorator.py
[2025-10-06T22:42:32.189+0000] {logging_mixin.py:190} INFO - [2025-10-06T22:42:32.188+0000] {dag.py:3239} INFO - Sync 1 DAGs
[2025-10-06T22:42:32.261+0000] {logging_mixin.py:190} INFO - [2025-10-06T22:42:32.261+0000] {dag.py:4180} INFO - Setting next_dagrun for example_sensor_decorator to None, run_after=None
[2025-10-06T22:42:32.356+0000] {processor.py:208} INFO - Processing /home/airflow/.local/lib/python3.12/site-packages/airflow/example_dags/example_sensor_decorator.py took 0.375 seconds
[2025-10-06T22:43:02.865+0000] {processor.py:186} INFO - Started process (PID=369) to work on /home/airflow/.local/lib/python3.12/site-packages/airflow/example_dags/example_sensor_decorator.py
[2025-10-06T22:43:02.868+0000] {processor.py:914} INFO - Processing file /home/airflow/.local/lib/python3.12/site-packages/airflow/example_dags/example_sensor_decorator.py for tasks to queue
[2025-10-06T22:43:02.874+0000] {logging_mixin.py:190} INFO - [2025-10-06T22:43:02.873+0000] {dagbag.py:588} INFO - Filling up the DagBag from /home/airflow/.local/lib/python3.12/site-packages/airflow/example_dags/example_sensor_decorator.py
[2025-10-06T22:43:02.893+0000] {processor.py:925} INFO - DAG(s) 'example_sensor_decorator' retrieved from /home/airflow/.local/lib/python3.12/site-packages/airflow/example_dags/example_sensor_decorator.py
[2025-10-06T22:43:02.938+0000] {logging_mixin.py:190} INFO - [2025-10-06T22:43:02.938+0000] {dag.py:3239} INFO - Sync 1 DAGs
[2025-10-06T22:43:02.973+0000] {logging_mixin.py:190} INFO - [2025-10-06T22:43:02.972+0000] {dag.py:4180} INFO - Setting next_dagrun for example_sensor_decorator to None, run_after=None
[2025-10-06T22:43:03.024+0000] {processor.py:208} INFO - Processing /home/airflow/.local/lib/python3.12/site-packages/airflow/example_dags/example_sensor_decorator.py took 0.171 seconds
[2025-10-06T22:43:33.420+0000] {processor.py:186} INFO - Started process (PID=433) to work on /home/airflow/.local/lib/python3.12/site-packages/airflow/example_dags/example_sensor_decorator.py
[2025-10-06T22:43:33.422+0000] {processor.py:914} INFO - Processing file /home/airflow/.local/lib/python3.12/site-packages/airflow/example_dags/example_sensor_decorator.py for tasks to queue
[2025-10-06T22:43:33.428+0000] {logging_mixin.py:190} INFO - [2025-10-06T22:43:33.427+0000] {dagbag.py:588} INFO - Filling up the DagBag from /home/airflow/.local/lib/python3.12/site-packages/airflow/example_dags/example_sensor_decorator.py
[2025-10-06T22:43:33.447+0000] {processor.py:925} INFO - DAG(s) 'example_sensor_decorator' retrieved from /home/airflow/.local/lib/python3.12/site-packages/airflow/example_dags/example_sensor_decorator.py
[2025-10-06T22:43:33.494+0000] {logging_mixin.py:190} INFO - [2025-10-06T22:43:33.493+0000] {dag.py:3239} INFO - Sync 1 DAGs
[2025-10-06T22:43:33.530+0000] {logging_mixin.py:190} INFO - [2025-10-06T22:43:33.529+0000] {dag.py:4180} INFO - Setting next_dagrun for example_sensor_decorator to None, run_after=None
[2025-10-06T22:43:33.575+0000] {processor.py:208} INFO - Processing /home/airflow/.local/lib/python3.12/site-packages/airflow/example_dags/example_sensor_decorator.py took 0.170 seconds
[2025-10-06T22:44:04.050+0000] {processor.py:186} INFO - Started process (PID=496) to work on /home/airflow/.local/lib/python3.12/site-packages/airflow/example_dags/example_sensor_decorator.py
[2025-10-06T22:44:04.052+0000] {processor.py:914} INFO - Processing file /home/airflow/.local/lib/python3.12/site-packages/airflow/example_dags/example_sensor_decorator.py for tasks to queue
[2025-10-06T22:44:04.059+0000] {logging_mixin.py:190} INFO - [2025-10-06T22:44:04.058+0000] {dagbag.py:588} INFO - Filling up the DagBag from /home/airflow/.local/lib/python3.12/site-packages/airflow/example_dags/example_sensor_decorator.py
[2025-10-06T22:44:04.087+0000] {processor.py:925} INFO - DAG(s) 'example_sensor_decorator' retrieved from /home/airflow/.local/lib/python3.12/site-packages/airflow/example_dags/example_sensor_decorator.py
[2025-10-06T22:44:04.136+0000] {logging_mixin.py:190} INFO - [2025-10-06T22:44:04.136+0000] {dag.py:3239} INFO - Sync 1 DAGs
[2025-10-06T22:44:04.181+0000] {logging_mixin.py:190} INFO - [2025-10-06T22:44:04.181+0000] {dag.py:4180} INFO - Setting next_dagrun for example_sensor_decorator to None, run_after=None
[2025-10-06T22:44:04.235+0000] {processor.py:208} INFO - Processing /home/airflow/.local/lib/python3.12/site-packages/airflow/example_dags/example_sensor_decorator.py took 0.202 seconds
[2025-10-06T22:44:35.378+0000] {processor.py:186} INFO - Started process (PID=559) to work on /home/airflow/.local/lib/python3.12/site-packages/airflow/example_dags/example_sensor_decorator.py
[2025-10-06T22:44:35.381+0000] {processor.py:914} INFO - Processing file /home/airflow/.local/lib/python3.12/site-packages/airflow/example_dags/example_sensor_decorator.py for tasks to queue
[2025-10-06T22:44:35.391+0000] {logging_mixin.py:190} INFO - [2025-10-06T22:44:35.390+0000] {dagbag.py:588} INFO - Filling up the DagBag from /home/airflow/.local/lib/python3.12/site-packages/airflow/example_dags/example_sensor_decorator.py
[2025-10-06T22:44:35.417+0000] {processor.py:925} INFO - DAG(s) 'example_sensor_decorator' retrieved from /home/airflow/.local/lib/python3.12/site-packages/airflow/example_dags/example_sensor_decorator.py
[2025-10-06T22:44:35.481+0000] {logging_mixin.py:190} INFO - [2025-10-06T22:44:35.480+0000] {dag.py:3239} INFO - Sync 1 DAGs
[2025-10-06T22:44:35.532+0000] {logging_mixin.py:190} INFO - [2025-10-06T22:44:35.531+0000] {dag.py:4180} INFO - Setting next_dagrun for example_sensor_decorator to None, run_after=None
[2025-10-06T22:44:35.591+0000] {processor.py:208} INFO - Processing /home/airflow/.local/lib/python3.12/site-packages/airflow/example_dags/example_sensor_decorator.py took 0.233 seconds
[2025-10-06T22:45:05.888+0000] {processor.py:186} INFO - Started process (PID=622) to work on /home/airflow/.local/lib/python3.12/site-packages/airflow/example_dags/example_sensor_decorator.py
[2025-10-06T22:45:05.891+0000] {processor.py:914} INFO - Processing file /home/airflow/.local/lib/python3.12/site-packages/airflow/example_dags/example_sensor_decorator.py for tasks to queue
[2025-10-06T22:45:05.896+0000] {logging_mixin.py:190} INFO - [2025-10-06T22:45:05.896+0000] {dagbag.py:588} INFO - Filling up the DagBag from /home/airflow/.local/lib/python3.12/site-packages/airflow/example_dags/example_sensor_decorator.py
[2025-10-06T22:45:05.922+0000] {processor.py:925} INFO - DAG(s) 'example_sensor_decorator' retrieved from /home/airflow/.local/lib/python3.12/site-packages/airflow/example_dags/example_sensor_decorator.py
[2025-10-06T22:45:05.968+0000] {logging_mixin.py:190} INFO - [2025-10-06T22:45:05.967+0000] {dag.py:3239} INFO - Sync 1 DAGs
[2025-10-06T22:45:06.002+0000] {logging_mixin.py:190} INFO - [2025-10-06T22:45:06.001+0000] {dag.py:4180} INFO - Setting next_dagrun for example_sensor_decorator to None, run_after=None
[2025-10-06T22:45:06.044+0000] {processor.py:208} INFO - Processing /home/airflow/.local/lib/python3.12/site-packages/airflow/example_dags/example_sensor_decorator.py took 0.171 seconds
[2025-10-06T22:45:37.161+0000] {processor.py:186} INFO - Started process (PID=685) to work on /home/airflow/.local/lib/python3.12/site-packages/airflow/example_dags/example_sensor_decorator.py
[2025-10-06T22:45:37.163+0000] {processor.py:914} INFO - Processing file /home/airflow/.local/lib/python3.12/site-packages/airflow/example_dags/example_sensor_decorator.py for tasks to queue
[2025-10-06T22:45:37.169+0000] {logging_mixin.py:190} INFO - [2025-10-06T22:45:37.168+0000] {dagbag.py:588} INFO - Filling up the DagBag from /home/airflow/.local/lib/python3.12/site-packages/airflow/example_dags/example_sensor_decorator.py
[2025-10-06T22:45:37.193+0000] {processor.py:925} INFO - DAG(s) 'example_sensor_decorator' retrieved from /home/airflow/.local/lib/python3.12/site-packages/airflow/example_dags/example_sensor_decorator.py
[2025-10-06T22:45:37.255+0000] {logging_mixin.py:190} INFO - [2025-10-06T22:45:37.254+0000] {dag.py:3239} INFO - Sync 1 DAGs
[2025-10-06T22:45:37.292+0000] {logging_mixin.py:190} INFO - [2025-10-06T22:45:37.291+0000] {dag.py:4180} INFO - Setting next_dagrun for example_sensor_decorator to None, run_after=None
[2025-10-06T22:45:37.342+0000] {processor.py:208} INFO - Processing /home/airflow/.local/lib/python3.12/site-packages/airflow/example_dags/example_sensor_decorator.py took 0.199 seconds
[2025-10-06T22:46:08.642+0000] {processor.py:186} INFO - Started process (PID=749) to work on /home/airflow/.local/lib/python3.12/site-packages/airflow/example_dags/example_sensor_decorator.py
[2025-10-06T22:46:08.645+0000] {processor.py:914} INFO - Processing file /home/airflow/.local/lib/python3.12/site-packages/airflow/example_dags/example_sensor_decorator.py for tasks to queue
[2025-10-06T22:46:08.651+0000] {logging_mixin.py:190} INFO - [2025-10-06T22:46:08.650+0000] {dagbag.py:588} INFO - Filling up the DagBag from /home/airflow/.local/lib/python3.12/site-packages/airflow/example_dags/example_sensor_decorator.py
[2025-10-06T22:46:08.674+0000] {processor.py:925} INFO - DAG(s) 'example_sensor_decorator' retrieved from /home/airflow/.local/lib/python3.12/site-packages/airflow/example_dags/example_sensor_decorator.py
[2025-10-06T22:46:08.728+0000] {logging_mixin.py:190} INFO - [2025-10-06T22:46:08.728+0000] {dag.py:3239} INFO - Sync 1 DAGs
[2025-10-06T22:46:08.772+0000] {logging_mixin.py:190} INFO - [2025-10-06T22:46:08.772+0000] {dag.py:4180} INFO - Setting next_dagrun for example_sensor_decorator to None, run_after=None
[2025-10-06T22:46:08.825+0000] {processor.py:208} INFO - Processing /home/airflow/.local/lib/python3.12/site-packages/airflow/example_dags/example_sensor_decorator.py took 0.198 seconds
[2025-10-06T22:46:40.136+0000] {processor.py:186} INFO - Started process (PID=813) to work on /home/airflow/.local/lib/python3.12/site-packages/airflow/example_dags/example_sensor_decorator.py
[2025-10-06T22:46:40.140+0000] {processor.py:914} INFO - Processing file /home/airflow/.local/lib/python3.12/site-packages/airflow/example_dags/example_sensor_decorator.py for tasks to queue
[2025-10-06T22:46:40.151+0000] {logging_mixin.py:190} INFO - [2025-10-06T22:46:40.150+0000] {dagbag.py:588} INFO - Filling up the DagBag from /home/airflow/.local/lib/python3.12/site-packages/airflow/example_dags/example_sensor_decorator.py
[2025-10-06T22:46:40.184+0000] {processor.py:925} INFO - DAG(s) 'example_sensor_decorator' retrieved from /home/airflow/.local/lib/python3.12/site-packages/airflow/example_dags/example_sensor_decorator.py
[2025-10-06T22:46:40.249+0000] {logging_mixin.py:190} INFO - [2025-10-06T22:46:40.249+0000] {dag.py:3239} INFO - Sync 1 DAGs
[2025-10-06T22:46:40.294+0000] {logging_mixin.py:190} INFO - [2025-10-06T22:46:40.294+0000] {dag.py:4180} INFO - Setting next_dagrun for example_sensor_decorator to None, run_after=None
[2025-10-06T22:46:40.345+0000] {processor.py:208} INFO - Processing /home/airflow/.local/lib/python3.12/site-packages/airflow/example_dags/example_sensor_decorator.py took 0.239 seconds
[2025-10-06T22:47:14.121+0000] {processor.py:186} INFO - Started process (PID=877) to work on /home/airflow/.local/lib/python3.12/site-packages/airflow/example_dags/example_sensor_decorator.py
[2025-10-06T22:47:14.124+0000] {processor.py:914} INFO - Processing file /home/airflow/.local/lib/python3.12/site-packages/airflow/example_dags/example_sensor_decorator.py for tasks to queue
[2025-10-06T22:47:14.133+0000] {logging_mixin.py:190} INFO - [2025-10-06T22:47:14.132+0000] {dagbag.py:588} INFO - Filling up the DagBag from /home/airflow/.local/lib/python3.12/site-packages/airflow/example_dags/example_sensor_decorator.py
[2025-10-06T22:47:14.160+0000] {processor.py:925} INFO - DAG(s) 'example_sensor_decorator' retrieved from /home/airflow/.local/lib/python3.12/site-packages/airflow/example_dags/example_sensor_decorator.py
[2025-10-06T22:47:14.220+0000] {logging_mixin.py:190} INFO - [2025-10-06T22:47:14.219+0000] {dag.py:3239} INFO - Sync 1 DAGs
[2025-10-06T22:47:14.271+0000] {logging_mixin.py:190} INFO - [2025-10-06T22:47:14.271+0000] {dag.py:4180} INFO - Setting next_dagrun for example_sensor_decorator to None, run_after=None
[2025-10-06T22:47:14.320+0000] {processor.py:208} INFO - Processing /home/airflow/.local/lib/python3.12/site-packages/airflow/example_dags/example_sensor_decorator.py took 0.220 seconds
[2025-10-06T22:47:44.889+0000] {processor.py:186} INFO - Started process (PID=940) to work on /home/airflow/.local/lib/python3.12/site-packages/airflow/example_dags/example_sensor_decorator.py
[2025-10-06T22:47:44.892+0000] {processor.py:914} INFO - Processing file /home/airflow/.local/lib/python3.12/site-packages/airflow/example_dags/example_sensor_decorator.py for tasks to queue
[2025-10-06T22:47:44.900+0000] {logging_mixin.py:190} INFO - [2025-10-06T22:47:44.899+0000] {dagbag.py:588} INFO - Filling up the DagBag from /home/airflow/.local/lib/python3.12/site-packages/airflow/example_dags/example_sensor_decorator.py
[2025-10-06T22:47:44.923+0000] {processor.py:925} INFO - DAG(s) 'example_sensor_decorator' retrieved from /home/airflow/.local/lib/python3.12/site-packages/airflow/example_dags/example_sensor_decorator.py
[2025-10-06T22:47:44.972+0000] {logging_mixin.py:190} INFO - [2025-10-06T22:47:44.971+0000] {dag.py:3239} INFO - Sync 1 DAGs
[2025-10-06T22:47:45.011+0000] {logging_mixin.py:190} INFO - [2025-10-06T22:47:45.011+0000] {dag.py:4180} INFO - Setting next_dagrun for example_sensor_decorator to None, run_after=None
[2025-10-06T22:47:45.052+0000] {processor.py:208} INFO - Processing /home/airflow/.local/lib/python3.12/site-packages/airflow/example_dags/example_sensor_decorator.py took 0.185 seconds
[2025-10-06T22:48:29.184+0000] {processor.py:186} INFO - Started process (PID=1004) to work on /home/airflow/.local/lib/python3.12/site-packages/airflow/example_dags/example_sensor_decorator.py
[2025-10-06T22:48:29.190+0000] {processor.py:914} INFO - Processing file /home/airflow/.local/lib/python3.12/site-packages/airflow/example_dags/example_sensor_decorator.py for tasks to queue
[2025-10-06T22:48:29.202+0000] {logging_mixin.py:190} INFO - [2025-10-06T22:48:29.201+0000] {dagbag.py:588} INFO - Filling up the DagBag from /home/airflow/.local/lib/python3.12/site-packages/airflow/example_dags/example_sensor_decorator.py
[2025-10-06T22:48:29.248+0000] {processor.py:925} INFO - DAG(s) 'example_sensor_decorator' retrieved from /home/airflow/.local/lib/python3.12/site-packages/airflow/example_dags/example_sensor_decorator.py
[2025-10-06T22:48:29.313+0000] {logging_mixin.py:190} INFO - [2025-10-06T22:48:29.312+0000] {dag.py:3239} INFO - Sync 1 DAGs
[2025-10-06T22:48:29.360+0000] {logging_mixin.py:190} INFO - [2025-10-06T22:48:29.359+0000] {dag.py:4180} INFO - Setting next_dagrun for example_sensor_decorator to None, run_after=None
[2025-10-06T22:48:29.432+0000] {processor.py:208} INFO - Processing /home/airflow/.local/lib/python3.12/site-packages/airflow/example_dags/example_sensor_decorator.py took 0.280 seconds
[2025-10-06T22:48:59.654+0000] {processor.py:186} INFO - Started process (PID=1066) to work on /home/airflow/.local/lib/python3.12/site-packages/airflow/example_dags/example_sensor_decorator.py
[2025-10-06T22:48:59.657+0000] {processor.py:914} INFO - Processing file /home/airflow/.local/lib/python3.12/site-packages/airflow/example_dags/example_sensor_decorator.py for tasks to queue
[2025-10-06T22:48:59.663+0000] {logging_mixin.py:190} INFO - [2025-10-06T22:48:59.662+0000] {dagbag.py:588} INFO - Filling up the DagBag from /home/airflow/.local/lib/python3.12/site-packages/airflow/example_dags/example_sensor_decorator.py
[2025-10-06T22:48:59.689+0000] {processor.py:925} INFO - DAG(s) 'example_sensor_decorator' retrieved from /home/airflow/.local/lib/python3.12/site-packages/airflow/example_dags/example_sensor_decorator.py
[2025-10-06T22:48:59.736+0000] {logging_mixin.py:190} INFO - [2025-10-06T22:48:59.735+0000] {dag.py:3239} INFO - Sync 1 DAGs
[2025-10-06T22:48:59.773+0000] {logging_mixin.py:190} INFO - [2025-10-06T22:48:59.772+0000] {dag.py:4180} INFO - Setting next_dagrun for example_sensor_decorator to None, run_after=None
[2025-10-06T22:48:59.821+0000] {processor.py:208} INFO - Processing /home/airflow/.local/lib/python3.12/site-packages/airflow/example_dags/example_sensor_decorator.py took 0.183 seconds
[2025-10-06T22:49:32.216+0000] {processor.py:186} INFO - Started process (PID=1130) to work on /home/airflow/.local/lib/python3.12/site-packages/airflow/example_dags/example_sensor_decorator.py
[2025-10-06T22:49:32.219+0000] {processor.py:914} INFO - Processing file /home/airflow/.local/lib/python3.12/site-packages/airflow/example_dags/example_sensor_decorator.py for tasks to queue
[2025-10-06T22:49:32.224+0000] {logging_mixin.py:190} INFO - [2025-10-06T22:49:32.224+0000] {dagbag.py:588} INFO - Filling up the DagBag from /home/airflow/.local/lib/python3.12/site-packages/airflow/example_dags/example_sensor_decorator.py
[2025-10-06T22:49:32.241+0000] {processor.py:925} INFO - DAG(s) 'example_sensor_decorator' retrieved from /home/airflow/.local/lib/python3.12/site-packages/airflow/example_dags/example_sensor_decorator.py
[2025-10-06T22:49:32.279+0000] {logging_mixin.py:190} INFO - [2025-10-06T22:49:32.279+0000] {dag.py:3239} INFO - Sync 1 DAGs
[2025-10-06T22:49:32.313+0000] {logging_mixin.py:190} INFO - [2025-10-06T22:49:32.313+0000] {dag.py:4180} INFO - Setting next_dagrun for example_sensor_decorator to None, run_after=None
[2025-10-06T22:49:32.377+0000] {processor.py:208} INFO - Processing /home/airflow/.local/lib/python3.12/site-packages/airflow/example_dags/example_sensor_decorator.py took 0.172 seconds
[2025-10-06T22:50:03.241+0000] {processor.py:186} INFO - Started process (PID=1192) to work on /home/airflow/.local/lib/python3.12/site-packages/airflow/example_dags/example_sensor_decorator.py
[2025-10-06T22:50:03.245+0000] {processor.py:914} INFO - Processing file /home/airflow/.local/lib/python3.12/site-packages/airflow/example_dags/example_sensor_decorator.py for tasks to queue
[2025-10-06T22:50:03.257+0000] {logging_mixin.py:190} INFO - [2025-10-06T22:50:03.256+0000] {dagbag.py:588} INFO - Filling up the DagBag from /home/airflow/.local/lib/python3.12/site-packages/airflow/example_dags/example_sensor_decorator.py
[2025-10-06T22:50:03.293+0000] {processor.py:925} INFO - DAG(s) 'example_sensor_decorator' retrieved from /home/airflow/.local/lib/python3.12/site-packages/airflow/example_dags/example_sensor_decorator.py
[2025-10-06T22:50:03.371+0000] {logging_mixin.py:190} INFO - [2025-10-06T22:50:03.370+0000] {dag.py:3239} INFO - Sync 1 DAGs
[2025-10-06T22:50:03.432+0000] {logging_mixin.py:190} INFO - [2025-10-06T22:50:03.431+0000] {dag.py:4180} INFO - Setting next_dagrun for example_sensor_decorator to None, run_after=None
[2025-10-06T22:50:03.511+0000] {processor.py:208} INFO - Processing /home/airflow/.local/lib/python3.12/site-packages/airflow/example_dags/example_sensor_decorator.py took 0.295 seconds
[2025-10-06T22:50:34.763+0000] {processor.py:186} INFO - Started process (PID=1256) to work on /home/airflow/.local/lib/python3.12/site-packages/airflow/example_dags/example_sensor_decorator.py
[2025-10-06T22:50:34.765+0000] {processor.py:914} INFO - Processing file /home/airflow/.local/lib/python3.12/site-packages/airflow/example_dags/example_sensor_decorator.py for tasks to queue
[2025-10-06T22:50:34.771+0000] {logging_mixin.py:190} INFO - [2025-10-06T22:50:34.770+0000] {dagbag.py:588} INFO - Filling up the DagBag from /home/airflow/.local/lib/python3.12/site-packages/airflow/example_dags/example_sensor_decorator.py
[2025-10-06T22:50:34.790+0000] {processor.py:925} INFO - DAG(s) 'example_sensor_decorator' retrieved from /home/airflow/.local/lib/python3.12/site-packages/airflow/example_dags/example_sensor_decorator.py
[2025-10-06T22:50:34.832+0000] {logging_mixin.py:190} INFO - [2025-10-06T22:50:34.831+0000] {dag.py:3239} INFO - Sync 1 DAGs
[2025-10-06T22:50:34.872+0000] {logging_mixin.py:190} INFO - [2025-10-06T22:50:34.871+0000] {dag.py:4180} INFO - Setting next_dagrun for example_sensor_decorator to None, run_after=None
[2025-10-06T22:50:34.915+0000] {processor.py:208} INFO - Processing /home/airflow/.local/lib/python3.12/site-packages/airflow/example_dags/example_sensor_decorator.py took 0.168 seconds
[2025-10-06T22:51:05.739+0000] {processor.py:186} INFO - Started process (PID=1319) to work on /home/airflow/.local/lib/python3.12/site-packages/airflow/example_dags/example_sensor_decorator.py
[2025-10-06T22:51:05.743+0000] {processor.py:914} INFO - Processing file /home/airflow/.local/lib/python3.12/site-packages/airflow/example_dags/example_sensor_decorator.py for tasks to queue
[2025-10-06T22:51:05.749+0000] {logging_mixin.py:190} INFO - [2025-10-06T22:51:05.749+0000] {dagbag.py:588} INFO - Filling up the DagBag from /home/airflow/.local/lib/python3.12/site-packages/airflow/example_dags/example_sensor_decorator.py
[2025-10-06T22:51:05.776+0000] {processor.py:925} INFO - DAG(s) 'example_sensor_decorator' retrieved from /home/airflow/.local/lib/python3.12/site-packages/airflow/example_dags/example_sensor_decorator.py
[2025-10-06T22:51:05.833+0000] {logging_mixin.py:190} INFO - [2025-10-06T22:51:05.833+0000] {dag.py:3239} INFO - Sync 1 DAGs
[2025-10-06T22:51:05.893+0000] {logging_mixin.py:190} INFO - [2025-10-06T22:51:05.892+0000] {dag.py:4180} INFO - Setting next_dagrun for example_sensor_decorator to None, run_after=None
[2025-10-06T22:51:05.956+0000] {processor.py:208} INFO - Processing /home/airflow/.local/lib/python3.12/site-packages/airflow/example_dags/example_sensor_decorator.py took 0.233 seconds
[2025-10-06T22:51:36.139+0000] {processor.py:186} INFO - Started process (PID=1381) to work on /home/airflow/.local/lib/python3.12/site-packages/airflow/example_dags/example_sensor_decorator.py
[2025-10-06T22:51:36.140+0000] {processor.py:914} INFO - Processing file /home/airflow/.local/lib/python3.12/site-packages/airflow/example_dags/example_sensor_decorator.py for tasks to queue
[2025-10-06T22:51:36.144+0000] {logging_mixin.py:190} INFO - [2025-10-06T22:51:36.143+0000] {dagbag.py:588} INFO - Filling up the DagBag from /home/airflow/.local/lib/python3.12/site-packages/airflow/example_dags/example_sensor_decorator.py
[2025-10-06T22:51:36.153+0000] {processor.py:925} INFO - DAG(s) 'example_sensor_decorator' retrieved from /home/airflow/.local/lib/python3.12/site-packages/airflow/example_dags/example_sensor_decorator.py
[2025-10-06T22:51:36.185+0000] {logging_mixin.py:190} INFO - [2025-10-06T22:51:36.184+0000] {dag.py:3239} INFO - Sync 1 DAGs
[2025-10-06T22:51:36.201+0000] {logging_mixin.py:190} INFO - [2025-10-06T22:51:36.201+0000] {dag.py:4180} INFO - Setting next_dagrun for example_sensor_decorator to None, run_after=None
[2025-10-06T22:51:36.223+0000] {processor.py:208} INFO - Processing /home/airflow/.local/lib/python3.12/site-packages/airflow/example_dags/example_sensor_decorator.py took 0.091 seconds
[2025-10-06T22:52:07.378+0000] {processor.py:186} INFO - Started process (PID=1444) to work on /home/airflow/.local/lib/python3.12/site-packages/airflow/example_dags/example_sensor_decorator.py
[2025-10-06T22:52:07.380+0000] {processor.py:914} INFO - Processing file /home/airflow/.local/lib/python3.12/site-packages/airflow/example_dags/example_sensor_decorator.py for tasks to queue
[2025-10-06T22:52:07.386+0000] {logging_mixin.py:190} INFO - [2025-10-06T22:52:07.386+0000] {dagbag.py:588} INFO - Filling up the DagBag from /home/airflow/.local/lib/python3.12/site-packages/airflow/example_dags/example_sensor_decorator.py
[2025-10-06T22:52:07.414+0000] {processor.py:925} INFO - DAG(s) 'example_sensor_decorator' retrieved from /home/airflow/.local/lib/python3.12/site-packages/airflow/example_dags/example_sensor_decorator.py
[2025-10-06T22:52:07.463+0000] {logging_mixin.py:190} INFO - [2025-10-06T22:52:07.463+0000] {dag.py:3239} INFO - Sync 1 DAGs
[2025-10-06T22:52:07.525+0000] {logging_mixin.py:190} INFO - [2025-10-06T22:52:07.525+0000] {dag.py:4180} INFO - Setting next_dagrun for example_sensor_decorator to None, run_after=None
[2025-10-06T22:52:07.590+0000] {processor.py:208} INFO - Processing /home/airflow/.local/lib/python3.12/site-packages/airflow/example_dags/example_sensor_decorator.py took 0.231 seconds
[2025-10-06T22:52:41.917+0000] {processor.py:186} INFO - Started process (PID=1508) to work on /home/airflow/.local/lib/python3.12/site-packages/airflow/example_dags/example_sensor_decorator.py
[2025-10-06T22:52:41.920+0000] {processor.py:914} INFO - Processing file /home/airflow/.local/lib/python3.12/site-packages/airflow/example_dags/example_sensor_decorator.py for tasks to queue
[2025-10-06T22:52:41.932+0000] {logging_mixin.py:190} INFO - [2025-10-06T22:52:41.931+0000] {dagbag.py:588} INFO - Filling up the DagBag from /home/airflow/.local/lib/python3.12/site-packages/airflow/example_dags/example_sensor_decorator.py
[2025-10-06T22:52:41.958+0000] {processor.py:925} INFO - DAG(s) 'example_sensor_decorator' retrieved from /home/airflow/.local/lib/python3.12/site-packages/airflow/example_dags/example_sensor_decorator.py
[2025-10-06T22:52:42.019+0000] {logging_mixin.py:190} INFO - [2025-10-06T22:52:42.018+0000] {dag.py:3239} INFO - Sync 1 DAGs
[2025-10-06T22:52:42.057+0000] {logging_mixin.py:190} INFO - [2025-10-06T22:52:42.057+0000] {dag.py:4180} INFO - Setting next_dagrun for example_sensor_decorator to None, run_after=None
[2025-10-06T22:52:42.118+0000] {processor.py:208} INFO - Processing /home/airflow/.local/lib/python3.12/site-packages/airflow/example_dags/example_sensor_decorator.py took 0.216 seconds
[2025-10-06T22:53:14.047+0000] {processor.py:186} INFO - Started process (PID=1572) to work on /home/airflow/.local/lib/python3.12/site-packages/airflow/example_dags/example_sensor_decorator.py
[2025-10-06T22:53:14.051+0000] {processor.py:914} INFO - Processing file /home/airflow/.local/lib/python3.12/site-packages/airflow/example_dags/example_sensor_decorator.py for tasks to queue
[2025-10-06T22:53:14.062+0000] {logging_mixin.py:190} INFO - [2025-10-06T22:53:14.060+0000] {dagbag.py:588} INFO - Filling up the DagBag from /home/airflow/.local/lib/python3.12/site-packages/airflow/example_dags/example_sensor_decorator.py
[2025-10-06T22:53:14.094+0000] {processor.py:925} INFO - DAG(s) 'example_sensor_decorator' retrieved from /home/airflow/.local/lib/python3.12/site-packages/airflow/example_dags/example_sensor_decorator.py
[2025-10-06T22:53:14.160+0000] {logging_mixin.py:190} INFO - [2025-10-06T22:53:14.160+0000] {dag.py:3239} INFO - Sync 1 DAGs
[2025-10-06T22:53:14.203+0000] {logging_mixin.py:190} INFO - [2025-10-06T22:53:14.202+0000] {dag.py:4180} INFO - Setting next_dagrun for example_sensor_decorator to None, run_after=None
[2025-10-06T22:53:14.257+0000] {processor.py:208} INFO - Processing /home/airflow/.local/lib/python3.12/site-packages/airflow/example_dags/example_sensor_decorator.py took 0.241 seconds
[2025-10-06T22:53:55.944+0000] {processor.py:186} INFO - Started process (PID=1635) to work on /home/airflow/.local/lib/python3.12/site-packages/airflow/example_dags/example_sensor_decorator.py
[2025-10-06T22:53:55.946+0000] {processor.py:914} INFO - Processing file /home/airflow/.local/lib/python3.12/site-packages/airflow/example_dags/example_sensor_decorator.py for tasks to queue
[2025-10-06T22:53:55.955+0000] {logging_mixin.py:190} INFO - [2025-10-06T22:53:55.954+0000] {dagbag.py:588} INFO - Filling up the DagBag from /home/airflow/.local/lib/python3.12/site-packages/airflow/example_dags/example_sensor_decorator.py
[2025-10-06T22:53:55.976+0000] {processor.py:925} INFO - DAG(s) 'example_sensor_decorator' retrieved from /home/airflow/.local/lib/python3.12/site-packages/airflow/example_dags/example_sensor_decorator.py
[2025-10-06T22:53:56.023+0000] {logging_mixin.py:190} INFO - [2025-10-06T22:53:56.022+0000] {dag.py:3239} INFO - Sync 1 DAGs
[2025-10-06T22:53:56.071+0000] {logging_mixin.py:190} INFO - [2025-10-06T22:53:56.071+0000] {dag.py:4180} INFO - Setting next_dagrun for example_sensor_decorator to None, run_after=None
[2025-10-06T22:53:56.127+0000] {processor.py:208} INFO - Processing /home/airflow/.local/lib/python3.12/site-packages/airflow/example_dags/example_sensor_decorator.py took 0.198 seconds
[2025-10-06T22:54:33.294+0000] {processor.py:186} INFO - Started process (PID=1698) to work on /home/airflow/.local/lib/python3.12/site-packages/airflow/example_dags/example_sensor_decorator.py
[2025-10-06T22:54:33.299+0000] {processor.py:914} INFO - Processing file /home/airflow/.local/lib/python3.12/site-packages/airflow/example_dags/example_sensor_decorator.py for tasks to queue
[2025-10-06T22:54:33.312+0000] {logging_mixin.py:190} INFO - [2025-10-06T22:54:33.310+0000] {dagbag.py:588} INFO - Filling up the DagBag from /home/airflow/.local/lib/python3.12/site-packages/airflow/example_dags/example_sensor_decorator.py
[2025-10-06T22:54:33.363+0000] {processor.py:925} INFO - DAG(s) 'example_sensor_decorator' retrieved from /home/airflow/.local/lib/python3.12/site-packages/airflow/example_dags/example_sensor_decorator.py
[2025-10-06T22:54:34.167+0000] {logging_mixin.py:190} INFO - [2025-10-06T22:54:34.149+0000] {dag.py:3239} INFO - Sync 1 DAGs
[2025-10-06T22:54:34.269+0000] {logging_mixin.py:190} INFO - [2025-10-06T22:54:34.265+0000] {dag.py:4180} INFO - Setting next_dagrun for example_sensor_decorator to None, run_after=None
[2025-10-06T22:54:34.360+0000] {processor.py:208} INFO - Processing /home/airflow/.local/lib/python3.12/site-packages/airflow/example_dags/example_sensor_decorator.py took 1.089 seconds
[2025-10-06T22:55:10.449+0000] {processor.py:186} INFO - Started process (PID=1761) to work on /home/airflow/.local/lib/python3.12/site-packages/airflow/example_dags/example_sensor_decorator.py
[2025-10-06T22:55:10.452+0000] {processor.py:914} INFO - Processing file /home/airflow/.local/lib/python3.12/site-packages/airflow/example_dags/example_sensor_decorator.py for tasks to queue
[2025-10-06T22:55:10.461+0000] {logging_mixin.py:190} INFO - [2025-10-06T22:55:10.460+0000] {dagbag.py:588} INFO - Filling up the DagBag from /home/airflow/.local/lib/python3.12/site-packages/airflow/example_dags/example_sensor_decorator.py
[2025-10-06T22:55:10.485+0000] {processor.py:925} INFO - DAG(s) 'example_sensor_decorator' retrieved from /home/airflow/.local/lib/python3.12/site-packages/airflow/example_dags/example_sensor_decorator.py
[2025-10-06T22:55:10.537+0000] {logging_mixin.py:190} INFO - [2025-10-06T22:55:10.536+0000] {dag.py:3239} INFO - Sync 1 DAGs
[2025-10-06T22:55:10.579+0000] {logging_mixin.py:190} INFO - [2025-10-06T22:55:10.579+0000] {dag.py:4180} INFO - Setting next_dagrun for example_sensor_decorator to None, run_after=None
[2025-10-06T22:55:10.639+0000] {processor.py:208} INFO - Processing /home/airflow/.local/lib/python3.12/site-packages/airflow/example_dags/example_sensor_decorator.py took 0.221 seconds
[2025-10-06T22:55:56.729+0000] {processor.py:186} INFO - Started process (PID=1825) to work on /home/airflow/.local/lib/python3.12/site-packages/airflow/example_dags/example_sensor_decorator.py
[2025-10-06T22:55:56.732+0000] {processor.py:914} INFO - Processing file /home/airflow/.local/lib/python3.12/site-packages/airflow/example_dags/example_sensor_decorator.py for tasks to queue
[2025-10-06T22:55:56.741+0000] {logging_mixin.py:190} INFO - [2025-10-06T22:55:56.740+0000] {dagbag.py:588} INFO - Filling up the DagBag from /home/airflow/.local/lib/python3.12/site-packages/airflow/example_dags/example_sensor_decorator.py
[2025-10-06T22:55:56.767+0000] {processor.py:925} INFO - DAG(s) 'example_sensor_decorator' retrieved from /home/airflow/.local/lib/python3.12/site-packages/airflow/example_dags/example_sensor_decorator.py
[2025-10-06T22:55:56.812+0000] {logging_mixin.py:190} INFO - [2025-10-06T22:55:56.811+0000] {dag.py:3239} INFO - Sync 1 DAGs
[2025-10-06T22:55:56.852+0000] {logging_mixin.py:190} INFO - [2025-10-06T22:55:56.852+0000] {dag.py:4180} INFO - Setting next_dagrun for example_sensor_decorator to None, run_after=None
[2025-10-06T22:55:56.895+0000] {processor.py:208} INFO - Processing /home/airflow/.local/lib/python3.12/site-packages/airflow/example_dags/example_sensor_decorator.py took 0.183 seconds
[2025-10-06T22:56:31.087+0000] {processor.py:186} INFO - Started process (PID=1892) to work on /home/airflow/.local/lib/python3.12/site-packages/airflow/example_dags/example_sensor_decorator.py
[2025-10-06T22:56:31.089+0000] {processor.py:914} INFO - Processing file /home/airflow/.local/lib/python3.12/site-packages/airflow/example_dags/example_sensor_decorator.py for tasks to queue
[2025-10-06T22:56:31.095+0000] {logging_mixin.py:190} INFO - [2025-10-06T22:56:31.094+0000] {dagbag.py:588} INFO - Filling up the DagBag from /home/airflow/.local/lib/python3.12/site-packages/airflow/example_dags/example_sensor_decorator.py
[2025-10-06T22:56:31.118+0000] {processor.py:925} INFO - DAG(s) 'example_sensor_decorator' retrieved from /home/airflow/.local/lib/python3.12/site-packages/airflow/example_dags/example_sensor_decorator.py
[2025-10-06T22:56:31.167+0000] {logging_mixin.py:190} INFO - [2025-10-06T22:56:31.166+0000] {dag.py:3239} INFO - Sync 1 DAGs
[2025-10-06T22:56:31.196+0000] {logging_mixin.py:190} INFO - [2025-10-06T22:56:31.196+0000] {dag.py:4180} INFO - Setting next_dagrun for example_sensor_decorator to None, run_after=None
[2025-10-06T22:56:31.237+0000] {processor.py:208} INFO - Processing /home/airflow/.local/lib/python3.12/site-packages/airflow/example_dags/example_sensor_decorator.py took 0.164 seconds
[2025-10-06T22:57:03.879+0000] {processor.py:186} INFO - Started process (PID=1956) to work on /home/airflow/.local/lib/python3.12/site-packages/airflow/example_dags/example_sensor_decorator.py
[2025-10-06T22:57:03.882+0000] {processor.py:914} INFO - Processing file /home/airflow/.local/lib/python3.12/site-packages/airflow/example_dags/example_sensor_decorator.py for tasks to queue
[2025-10-06T22:57:03.891+0000] {logging_mixin.py:190} INFO - [2025-10-06T22:57:03.889+0000] {dagbag.py:588} INFO - Filling up the DagBag from /home/airflow/.local/lib/python3.12/site-packages/airflow/example_dags/example_sensor_decorator.py
[2025-10-06T22:57:03.925+0000] {processor.py:925} INFO - DAG(s) 'example_sensor_decorator' retrieved from /home/airflow/.local/lib/python3.12/site-packages/airflow/example_dags/example_sensor_decorator.py
[2025-10-06T22:57:03.997+0000] {logging_mixin.py:190} INFO - [2025-10-06T22:57:03.997+0000] {dag.py:3239} INFO - Sync 1 DAGs
[2025-10-06T22:57:04.038+0000] {logging_mixin.py:190} INFO - [2025-10-06T22:57:04.037+0000] {dag.py:4180} INFO - Setting next_dagrun for example_sensor_decorator to None, run_after=None
[2025-10-06T22:57:04.088+0000] {processor.py:208} INFO - Processing /home/airflow/.local/lib/python3.12/site-packages/airflow/example_dags/example_sensor_decorator.py took 0.229 seconds
[2025-10-06T22:57:45.914+0000] {processor.py:186} INFO - Started process (PID=2027) to work on /home/airflow/.local/lib/python3.12/site-packages/airflow/example_dags/example_sensor_decorator.py
[2025-10-06T22:57:45.918+0000] {processor.py:914} INFO - Processing file /home/airflow/.local/lib/python3.12/site-packages/airflow/example_dags/example_sensor_decorator.py for tasks to queue
[2025-10-06T22:57:45.922+0000] {logging_mixin.py:190} INFO - [2025-10-06T22:57:45.921+0000] {dagbag.py:588} INFO - Filling up the DagBag from /home/airflow/.local/lib/python3.12/site-packages/airflow/example_dags/example_sensor_decorator.py
[2025-10-06T22:57:45.949+0000] {processor.py:925} INFO - DAG(s) 'example_sensor_decorator' retrieved from /home/airflow/.local/lib/python3.12/site-packages/airflow/example_dags/example_sensor_decorator.py
[2025-10-06T22:57:45.999+0000] {logging_mixin.py:190} INFO - [2025-10-06T22:57:45.999+0000] {dag.py:3239} INFO - Sync 1 DAGs
[2025-10-06T22:57:46.039+0000] {logging_mixin.py:190} INFO - [2025-10-06T22:57:46.038+0000] {dag.py:4180} INFO - Setting next_dagrun for example_sensor_decorator to None, run_after=None
[2025-10-06T22:57:46.092+0000] {processor.py:208} INFO - Processing /home/airflow/.local/lib/python3.12/site-packages/airflow/example_dags/example_sensor_decorator.py took 0.194 seconds
[2025-10-06T22:58:16.952+0000] {processor.py:186} INFO - Started process (PID=2090) to work on /home/airflow/.local/lib/python3.12/site-packages/airflow/example_dags/example_sensor_decorator.py
[2025-10-06T22:58:16.956+0000] {processor.py:914} INFO - Processing file /home/airflow/.local/lib/python3.12/site-packages/airflow/example_dags/example_sensor_decorator.py for tasks to queue
[2025-10-06T22:58:16.969+0000] {logging_mixin.py:190} INFO - [2025-10-06T22:58:16.967+0000] {dagbag.py:588} INFO - Filling up the DagBag from /home/airflow/.local/lib/python3.12/site-packages/airflow/example_dags/example_sensor_decorator.py
[2025-10-06T22:58:17.046+0000] {processor.py:925} INFO - DAG(s) 'example_sensor_decorator' retrieved from /home/airflow/.local/lib/python3.12/site-packages/airflow/example_dags/example_sensor_decorator.py
[2025-10-06T22:58:17.144+0000] {logging_mixin.py:190} INFO - [2025-10-06T22:58:17.143+0000] {dag.py:3239} INFO - Sync 1 DAGs
[2025-10-06T22:58:17.193+0000] {logging_mixin.py:190} INFO - [2025-10-06T22:58:17.192+0000] {dag.py:4180} INFO - Setting next_dagrun for example_sensor_decorator to None, run_after=None
[2025-10-06T22:58:17.243+0000] {processor.py:208} INFO - Processing /home/airflow/.local/lib/python3.12/site-packages/airflow/example_dags/example_sensor_decorator.py took 0.341 seconds
[2025-10-06T22:58:48.873+0000] {processor.py:186} INFO - Started process (PID=2153) to work on /home/airflow/.local/lib/python3.12/site-packages/airflow/example_dags/example_sensor_decorator.py
[2025-10-06T22:58:48.876+0000] {processor.py:914} INFO - Processing file /home/airflow/.local/lib/python3.12/site-packages/airflow/example_dags/example_sensor_decorator.py for tasks to queue
[2025-10-06T22:58:48.884+0000] {logging_mixin.py:190} INFO - [2025-10-06T22:58:48.883+0000] {dagbag.py:588} INFO - Filling up the DagBag from /home/airflow/.local/lib/python3.12/site-packages/airflow/example_dags/example_sensor_decorator.py
[2025-10-06T22:58:48.922+0000] {processor.py:925} INFO - DAG(s) 'example_sensor_decorator' retrieved from /home/airflow/.local/lib/python3.12/site-packages/airflow/example_dags/example_sensor_decorator.py
[2025-10-06T22:58:49.013+0000] {logging_mixin.py:190} INFO - [2025-10-06T22:58:49.012+0000] {dag.py:3239} INFO - Sync 1 DAGs
[2025-10-06T22:58:49.107+0000] {logging_mixin.py:190} INFO - [2025-10-06T22:58:49.106+0000] {dag.py:4180} INFO - Setting next_dagrun for example_sensor_decorator to None, run_after=None
[2025-10-06T22:58:49.197+0000] {processor.py:208} INFO - Processing /home/airflow/.local/lib/python3.12/site-packages/airflow/example_dags/example_sensor_decorator.py took 0.344 seconds
[2025-10-06T22:59:20.370+0000] {processor.py:186} INFO - Started process (PID=2215) to work on /home/airflow/.local/lib/python3.12/site-packages/airflow/example_dags/example_sensor_decorator.py
[2025-10-06T22:59:20.373+0000] {processor.py:914} INFO - Processing file /home/airflow/.local/lib/python3.12/site-packages/airflow/example_dags/example_sensor_decorator.py for tasks to queue
[2025-10-06T22:59:20.376+0000] {logging_mixin.py:190} INFO - [2025-10-06T22:59:20.375+0000] {dagbag.py:588} INFO - Filling up the DagBag from /home/airflow/.local/lib/python3.12/site-packages/airflow/example_dags/example_sensor_decorator.py
[2025-10-06T22:59:20.417+0000] {processor.py:925} INFO - DAG(s) 'example_sensor_decorator' retrieved from /home/airflow/.local/lib/python3.12/site-packages/airflow/example_dags/example_sensor_decorator.py
[2025-10-06T22:59:20.463+0000] {logging_mixin.py:190} INFO - [2025-10-06T22:59:20.463+0000] {dag.py:3239} INFO - Sync 1 DAGs
[2025-10-06T22:59:20.501+0000] {logging_mixin.py:190} INFO - [2025-10-06T22:59:20.501+0000] {dag.py:4180} INFO - Setting next_dagrun for example_sensor_decorator to None, run_after=None
[2025-10-06T22:59:20.550+0000] {processor.py:208} INFO - Processing /home/airflow/.local/lib/python3.12/site-packages/airflow/example_dags/example_sensor_decorator.py took 0.195 seconds
[2025-10-06T22:59:51.756+0000] {processor.py:186} INFO - Started process (PID=2277) to work on /home/airflow/.local/lib/python3.12/site-packages/airflow/example_dags/example_sensor_decorator.py
[2025-10-06T22:59:51.760+0000] {processor.py:914} INFO - Processing file /home/airflow/.local/lib/python3.12/site-packages/airflow/example_dags/example_sensor_decorator.py for tasks to queue
[2025-10-06T22:59:51.764+0000] {logging_mixin.py:190} INFO - [2025-10-06T22:59:51.763+0000] {dagbag.py:588} INFO - Filling up the DagBag from /home/airflow/.local/lib/python3.12/site-packages/airflow/example_dags/example_sensor_decorator.py
[2025-10-06T22:59:51.794+0000] {processor.py:925} INFO - DAG(s) 'example_sensor_decorator' retrieved from /home/airflow/.local/lib/python3.12/site-packages/airflow/example_dags/example_sensor_decorator.py
[2025-10-06T22:59:51.873+0000] {logging_mixin.py:190} INFO - [2025-10-06T22:59:51.872+0000] {dag.py:3239} INFO - Sync 1 DAGs
[2025-10-06T22:59:51.926+0000] {logging_mixin.py:190} INFO - [2025-10-06T22:59:51.925+0000] {dag.py:4180} INFO - Setting next_dagrun for example_sensor_decorator to None, run_after=None
[2025-10-06T22:59:51.992+0000] {processor.py:208} INFO - Processing /home/airflow/.local/lib/python3.12/site-packages/airflow/example_dags/example_sensor_decorator.py took 0.258 seconds
[2025-10-06T23:00:24.431+0000] {processor.py:186} INFO - Started process (PID=2340) to work on /home/airflow/.local/lib/python3.12/site-packages/airflow/example_dags/example_sensor_decorator.py
[2025-10-06T23:00:24.434+0000] {processor.py:914} INFO - Processing file /home/airflow/.local/lib/python3.12/site-packages/airflow/example_dags/example_sensor_decorator.py for tasks to queue
[2025-10-06T23:00:24.437+0000] {logging_mixin.py:190} INFO - [2025-10-06T23:00:24.436+0000] {dagbag.py:588} INFO - Filling up the DagBag from /home/airflow/.local/lib/python3.12/site-packages/airflow/example_dags/example_sensor_decorator.py
[2025-10-06T23:00:24.457+0000] {processor.py:925} INFO - DAG(s) 'example_sensor_decorator' retrieved from /home/airflow/.local/lib/python3.12/site-packages/airflow/example_dags/example_sensor_decorator.py
[2025-10-06T23:00:24.499+0000] {logging_mixin.py:190} INFO - [2025-10-06T23:00:24.498+0000] {dag.py:3239} INFO - Sync 1 DAGs
[2025-10-06T23:00:24.544+0000] {logging_mixin.py:190} INFO - [2025-10-06T23:00:24.543+0000] {dag.py:4180} INFO - Setting next_dagrun for example_sensor_decorator to None, run_after=None
[2025-10-06T23:00:24.624+0000] {processor.py:208} INFO - Processing /home/airflow/.local/lib/python3.12/site-packages/airflow/example_dags/example_sensor_decorator.py took 0.209 seconds
[2025-10-06T23:00:55.419+0000] {processor.py:186} INFO - Started process (PID=2401) to work on /home/airflow/.local/lib/python3.12/site-packages/airflow/example_dags/example_sensor_decorator.py
[2025-10-06T23:00:55.422+0000] {processor.py:914} INFO - Processing file /home/airflow/.local/lib/python3.12/site-packages/airflow/example_dags/example_sensor_decorator.py for tasks to queue
[2025-10-06T23:00:55.426+0000] {logging_mixin.py:190} INFO - [2025-10-06T23:00:55.425+0000] {dagbag.py:588} INFO - Filling up the DagBag from /home/airflow/.local/lib/python3.12/site-packages/airflow/example_dags/example_sensor_decorator.py
[2025-10-06T23:00:55.454+0000] {processor.py:925} INFO - DAG(s) 'example_sensor_decorator' retrieved from /home/airflow/.local/lib/python3.12/site-packages/airflow/example_dags/example_sensor_decorator.py
[2025-10-06T23:00:55.511+0000] {logging_mixin.py:190} INFO - [2025-10-06T23:00:55.510+0000] {dag.py:3239} INFO - Sync 1 DAGs
[2025-10-06T23:00:55.557+0000] {logging_mixin.py:190} INFO - [2025-10-06T23:00:55.556+0000] {dag.py:4180} INFO - Setting next_dagrun for example_sensor_decorator to None, run_after=None
[2025-10-06T23:00:55.616+0000] {processor.py:208} INFO - Processing /home/airflow/.local/lib/python3.12/site-packages/airflow/example_dags/example_sensor_decorator.py took 0.214 seconds
[2025-10-06T23:01:27.486+0000] {processor.py:186} INFO - Started process (PID=2465) to work on /home/airflow/.local/lib/python3.12/site-packages/airflow/example_dags/example_sensor_decorator.py
[2025-10-06T23:01:27.489+0000] {processor.py:914} INFO - Processing file /home/airflow/.local/lib/python3.12/site-packages/airflow/example_dags/example_sensor_decorator.py for tasks to queue
[2025-10-06T23:01:27.494+0000] {logging_mixin.py:190} INFO - [2025-10-06T23:01:27.493+0000] {dagbag.py:588} INFO - Filling up the DagBag from /home/airflow/.local/lib/python3.12/site-packages/airflow/example_dags/example_sensor_decorator.py
[2025-10-06T23:01:27.521+0000] {processor.py:925} INFO - DAG(s) 'example_sensor_decorator' retrieved from /home/airflow/.local/lib/python3.12/site-packages/airflow/example_dags/example_sensor_decorator.py
[2025-10-06T23:01:27.587+0000] {logging_mixin.py:190} INFO - [2025-10-06T23:01:27.587+0000] {dag.py:3239} INFO - Sync 1 DAGs
[2025-10-06T23:01:27.638+0000] {logging_mixin.py:190} INFO - [2025-10-06T23:01:27.638+0000] {dag.py:4180} INFO - Setting next_dagrun for example_sensor_decorator to None, run_after=None
[2025-10-06T23:01:27.706+0000] {processor.py:208} INFO - Processing /home/airflow/.local/lib/python3.12/site-packages/airflow/example_dags/example_sensor_decorator.py took 0.246 seconds
