[2025-10-06T05:53:24.127+0000] {processor.py:186} INFO - Started process (PID=99) to work on /home/airflow/.local/lib/python3.12/site-packages/airflow/example_dags/example_setup_teardown_taskflow.py
[2025-10-06T05:53:24.143+0000] {processor.py:914} INFO - Processing file /home/airflow/.local/lib/python3.12/site-packages/airflow/example_dags/example_setup_teardown_taskflow.py for tasks to queue
[2025-10-06T05:53:24.190+0000] {logging_mixin.py:190} INFO - [2025-10-06T05:53:24.189+0000] {dagbag.py:588} INFO - Filling up the DagBag from /home/airflow/.local/lib/python3.12/site-packages/airflow/example_dags/example_setup_teardown_taskflow.py
[2025-10-06T05:53:24.612+0000] {processor.py:925} INFO - DAG(s) 'example_setup_teardown_taskflow' retrieved from /home/airflow/.local/lib/python3.12/site-packages/airflow/example_dags/example_setup_teardown_taskflow.py
[2025-10-06T05:53:25.435+0000] {logging_mixin.py:190} INFO - [2025-10-06T05:53:25.432+0000] {dag.py:3239} INFO - Sync 1 DAGs
[2025-10-06T05:53:25.983+0000] {logging_mixin.py:190} INFO - [2025-10-06T05:53:25.982+0000] {dag.py:4180} INFO - Setting next_dagrun for example_setup_teardown_taskflow to None, run_after=None
[2025-10-06T05:53:27.111+0000] {processor.py:208} INFO - Processing /home/airflow/.local/lib/python3.12/site-packages/airflow/example_dags/example_setup_teardown_taskflow.py took 3.035 seconds
[2025-10-06T05:54:11.097+0000] {processor.py:186} INFO - Started process (PID=168) to work on /home/airflow/.local/lib/python3.12/site-packages/airflow/example_dags/example_setup_teardown_taskflow.py
[2025-10-06T05:54:11.100+0000] {processor.py:914} INFO - Processing file /home/airflow/.local/lib/python3.12/site-packages/airflow/example_dags/example_setup_teardown_taskflow.py for tasks to queue
[2025-10-06T05:54:11.106+0000] {logging_mixin.py:190} INFO - [2025-10-06T05:54:11.105+0000] {dagbag.py:588} INFO - Filling up the DagBag from /home/airflow/.local/lib/python3.12/site-packages/airflow/example_dags/example_setup_teardown_taskflow.py
[2025-10-06T05:54:11.135+0000] {processor.py:925} INFO - DAG(s) 'example_setup_teardown_taskflow' retrieved from /home/airflow/.local/lib/python3.12/site-packages/airflow/example_dags/example_setup_teardown_taskflow.py
[2025-10-06T05:54:11.216+0000] {logging_mixin.py:190} INFO - [2025-10-06T05:54:11.215+0000] {dag.py:3239} INFO - Sync 1 DAGs
[2025-10-06T05:54:11.280+0000] {logging_mixin.py:190} INFO - [2025-10-06T05:54:11.280+0000] {dag.py:4180} INFO - Setting next_dagrun for example_setup_teardown_taskflow to None, run_after=None
[2025-10-06T05:54:11.342+0000] {processor.py:208} INFO - Processing /home/airflow/.local/lib/python3.12/site-packages/airflow/example_dags/example_setup_teardown_taskflow.py took 0.262 seconds
[2025-10-06T05:54:41.728+0000] {processor.py:186} INFO - Started process (PID=232) to work on /home/airflow/.local/lib/python3.12/site-packages/airflow/example_dags/example_setup_teardown_taskflow.py
[2025-10-06T05:54:41.731+0000] {processor.py:914} INFO - Processing file /home/airflow/.local/lib/python3.12/site-packages/airflow/example_dags/example_setup_teardown_taskflow.py for tasks to queue
[2025-10-06T05:54:41.737+0000] {logging_mixin.py:190} INFO - [2025-10-06T05:54:41.736+0000] {dagbag.py:588} INFO - Filling up the DagBag from /home/airflow/.local/lib/python3.12/site-packages/airflow/example_dags/example_setup_teardown_taskflow.py
[2025-10-06T05:54:41.778+0000] {processor.py:925} INFO - DAG(s) 'example_setup_teardown_taskflow' retrieved from /home/airflow/.local/lib/python3.12/site-packages/airflow/example_dags/example_setup_teardown_taskflow.py
[2025-10-06T05:54:41.845+0000] {logging_mixin.py:190} INFO - [2025-10-06T05:54:41.845+0000] {dag.py:3239} INFO - Sync 1 DAGs
[2025-10-06T05:54:41.904+0000] {logging_mixin.py:190} INFO - [2025-10-06T05:54:41.903+0000] {dag.py:4180} INFO - Setting next_dagrun for example_setup_teardown_taskflow to None, run_after=None
[2025-10-06T05:54:41.956+0000] {processor.py:208} INFO - Processing /home/airflow/.local/lib/python3.12/site-packages/airflow/example_dags/example_setup_teardown_taskflow.py took 0.246 seconds
[2025-10-06T05:55:13.079+0000] {processor.py:186} INFO - Started process (PID=294) to work on /home/airflow/.local/lib/python3.12/site-packages/airflow/example_dags/example_setup_teardown_taskflow.py
[2025-10-06T05:55:13.083+0000] {processor.py:914} INFO - Processing file /home/airflow/.local/lib/python3.12/site-packages/airflow/example_dags/example_setup_teardown_taskflow.py for tasks to queue
[2025-10-06T05:55:13.092+0000] {logging_mixin.py:190} INFO - [2025-10-06T05:55:13.092+0000] {dagbag.py:588} INFO - Filling up the DagBag from /home/airflow/.local/lib/python3.12/site-packages/airflow/example_dags/example_setup_teardown_taskflow.py
[2025-10-06T05:55:13.131+0000] {processor.py:925} INFO - DAG(s) 'example_setup_teardown_taskflow' retrieved from /home/airflow/.local/lib/python3.12/site-packages/airflow/example_dags/example_setup_teardown_taskflow.py
[2025-10-06T05:55:13.198+0000] {logging_mixin.py:190} INFO - [2025-10-06T05:55:13.197+0000] {dag.py:3239} INFO - Sync 1 DAGs
[2025-10-06T05:55:13.238+0000] {logging_mixin.py:190} INFO - [2025-10-06T05:55:13.238+0000] {dag.py:4180} INFO - Setting next_dagrun for example_setup_teardown_taskflow to None, run_after=None
[2025-10-06T05:55:13.285+0000] {processor.py:208} INFO - Processing /home/airflow/.local/lib/python3.12/site-packages/airflow/example_dags/example_setup_teardown_taskflow.py took 0.224 seconds
[2025-10-06T05:55:43.571+0000] {processor.py:186} INFO - Started process (PID=357) to work on /home/airflow/.local/lib/python3.12/site-packages/airflow/example_dags/example_setup_teardown_taskflow.py
[2025-10-06T05:55:43.578+0000] {processor.py:914} INFO - Processing file /home/airflow/.local/lib/python3.12/site-packages/airflow/example_dags/example_setup_teardown_taskflow.py for tasks to queue
[2025-10-06T05:55:43.602+0000] {logging_mixin.py:190} INFO - [2025-10-06T05:55:43.600+0000] {dagbag.py:588} INFO - Filling up the DagBag from /home/airflow/.local/lib/python3.12/site-packages/airflow/example_dags/example_setup_teardown_taskflow.py
[2025-10-06T05:55:43.635+0000] {processor.py:925} INFO - DAG(s) 'example_setup_teardown_taskflow' retrieved from /home/airflow/.local/lib/python3.12/site-packages/airflow/example_dags/example_setup_teardown_taskflow.py
[2025-10-06T05:55:43.686+0000] {logging_mixin.py:190} INFO - [2025-10-06T05:55:43.686+0000] {dag.py:3239} INFO - Sync 1 DAGs
[2025-10-06T05:55:43.717+0000] {logging_mixin.py:190} INFO - [2025-10-06T05:55:43.717+0000] {dag.py:4180} INFO - Setting next_dagrun for example_setup_teardown_taskflow to None, run_after=None
[2025-10-06T05:55:43.773+0000] {processor.py:208} INFO - Processing /home/airflow/.local/lib/python3.12/site-packages/airflow/example_dags/example_setup_teardown_taskflow.py took 0.244 seconds
[2025-10-06T05:56:16.954+0000] {processor.py:186} INFO - Started process (PID=420) to work on /home/airflow/.local/lib/python3.12/site-packages/airflow/example_dags/example_setup_teardown_taskflow.py
[2025-10-06T05:56:16.957+0000] {processor.py:914} INFO - Processing file /home/airflow/.local/lib/python3.12/site-packages/airflow/example_dags/example_setup_teardown_taskflow.py for tasks to queue
[2025-10-06T05:56:16.975+0000] {logging_mixin.py:190} INFO - [2025-10-06T05:56:16.974+0000] {dagbag.py:588} INFO - Filling up the DagBag from /home/airflow/.local/lib/python3.12/site-packages/airflow/example_dags/example_setup_teardown_taskflow.py
[2025-10-06T05:56:17.119+0000] {processor.py:925} INFO - DAG(s) 'example_setup_teardown_taskflow' retrieved from /home/airflow/.local/lib/python3.12/site-packages/airflow/example_dags/example_setup_teardown_taskflow.py
[2025-10-06T05:56:17.282+0000] {logging_mixin.py:190} INFO - [2025-10-06T05:56:17.281+0000] {dag.py:3239} INFO - Sync 1 DAGs
[2025-10-06T05:56:17.338+0000] {logging_mixin.py:190} INFO - [2025-10-06T05:56:17.337+0000] {dag.py:4180} INFO - Setting next_dagrun for example_setup_teardown_taskflow to None, run_after=None
[2025-10-06T05:56:17.402+0000] {processor.py:208} INFO - Processing /home/airflow/.local/lib/python3.12/site-packages/airflow/example_dags/example_setup_teardown_taskflow.py took 0.473 seconds
[2025-10-06T05:56:48.453+0000] {processor.py:186} INFO - Started process (PID=484) to work on /home/airflow/.local/lib/python3.12/site-packages/airflow/example_dags/example_setup_teardown_taskflow.py
[2025-10-06T05:56:48.466+0000] {processor.py:914} INFO - Processing file /home/airflow/.local/lib/python3.12/site-packages/airflow/example_dags/example_setup_teardown_taskflow.py for tasks to queue
[2025-10-06T05:56:48.475+0000] {logging_mixin.py:190} INFO - [2025-10-06T05:56:48.474+0000] {dagbag.py:588} INFO - Filling up the DagBag from /home/airflow/.local/lib/python3.12/site-packages/airflow/example_dags/example_setup_teardown_taskflow.py
[2025-10-06T05:56:48.544+0000] {processor.py:925} INFO - DAG(s) 'example_setup_teardown_taskflow' retrieved from /home/airflow/.local/lib/python3.12/site-packages/airflow/example_dags/example_setup_teardown_taskflow.py
[2025-10-06T05:56:48.672+0000] {logging_mixin.py:190} INFO - [2025-10-06T05:56:48.661+0000] {dag.py:3239} INFO - Sync 1 DAGs
[2025-10-06T05:56:48.779+0000] {logging_mixin.py:190} INFO - [2025-10-06T05:56:48.776+0000] {dag.py:4180} INFO - Setting next_dagrun for example_setup_teardown_taskflow to None, run_after=None
[2025-10-06T05:56:48.872+0000] {processor.py:208} INFO - Processing /home/airflow/.local/lib/python3.12/site-packages/airflow/example_dags/example_setup_teardown_taskflow.py took 0.458 seconds
[2025-10-06T05:57:24.739+0000] {processor.py:186} INFO - Started process (PID=547) to work on /home/airflow/.local/lib/python3.12/site-packages/airflow/example_dags/example_setup_teardown_taskflow.py
[2025-10-06T05:57:24.742+0000] {processor.py:914} INFO - Processing file /home/airflow/.local/lib/python3.12/site-packages/airflow/example_dags/example_setup_teardown_taskflow.py for tasks to queue
[2025-10-06T05:57:24.750+0000] {logging_mixin.py:190} INFO - [2025-10-06T05:57:24.749+0000] {dagbag.py:588} INFO - Filling up the DagBag from /home/airflow/.local/lib/python3.12/site-packages/airflow/example_dags/example_setup_teardown_taskflow.py
[2025-10-06T05:57:24.794+0000] {processor.py:925} INFO - DAG(s) 'example_setup_teardown_taskflow' retrieved from /home/airflow/.local/lib/python3.12/site-packages/airflow/example_dags/example_setup_teardown_taskflow.py
[2025-10-06T05:57:24.869+0000] {logging_mixin.py:190} INFO - [2025-10-06T05:57:24.868+0000] {dag.py:3239} INFO - Sync 1 DAGs
[2025-10-06T05:57:24.916+0000] {logging_mixin.py:190} INFO - [2025-10-06T05:57:24.916+0000] {dag.py:4180} INFO - Setting next_dagrun for example_setup_teardown_taskflow to None, run_after=None
[2025-10-06T05:57:24.982+0000] {processor.py:208} INFO - Processing /home/airflow/.local/lib/python3.12/site-packages/airflow/example_dags/example_setup_teardown_taskflow.py took 0.262 seconds
[2025-10-06T05:57:56.421+0000] {processor.py:186} INFO - Started process (PID=611) to work on /home/airflow/.local/lib/python3.12/site-packages/airflow/example_dags/example_setup_teardown_taskflow.py
[2025-10-06T05:57:56.425+0000] {processor.py:914} INFO - Processing file /home/airflow/.local/lib/python3.12/site-packages/airflow/example_dags/example_setup_teardown_taskflow.py for tasks to queue
[2025-10-06T05:57:56.432+0000] {logging_mixin.py:190} INFO - [2025-10-06T05:57:56.431+0000] {dagbag.py:588} INFO - Filling up the DagBag from /home/airflow/.local/lib/python3.12/site-packages/airflow/example_dags/example_setup_teardown_taskflow.py
[2025-10-06T05:57:56.468+0000] {processor.py:925} INFO - DAG(s) 'example_setup_teardown_taskflow' retrieved from /home/airflow/.local/lib/python3.12/site-packages/airflow/example_dags/example_setup_teardown_taskflow.py
[2025-10-06T05:57:56.522+0000] {logging_mixin.py:190} INFO - [2025-10-06T05:57:56.522+0000] {dag.py:3239} INFO - Sync 1 DAGs
[2025-10-06T05:57:56.563+0000] {logging_mixin.py:190} INFO - [2025-10-06T05:57:56.563+0000] {dag.py:4180} INFO - Setting next_dagrun for example_setup_teardown_taskflow to None, run_after=None
[2025-10-06T05:57:56.617+0000] {processor.py:208} INFO - Processing /home/airflow/.local/lib/python3.12/site-packages/airflow/example_dags/example_setup_teardown_taskflow.py took 0.222 seconds
[2025-10-06T05:58:27.172+0000] {processor.py:186} INFO - Started process (PID=674) to work on /home/airflow/.local/lib/python3.12/site-packages/airflow/example_dags/example_setup_teardown_taskflow.py
[2025-10-06T05:58:27.175+0000] {processor.py:914} INFO - Processing file /home/airflow/.local/lib/python3.12/site-packages/airflow/example_dags/example_setup_teardown_taskflow.py for tasks to queue
[2025-10-06T05:58:27.181+0000] {logging_mixin.py:190} INFO - [2025-10-06T05:58:27.180+0000] {dagbag.py:588} INFO - Filling up the DagBag from /home/airflow/.local/lib/python3.12/site-packages/airflow/example_dags/example_setup_teardown_taskflow.py
[2025-10-06T05:58:27.219+0000] {processor.py:925} INFO - DAG(s) 'example_setup_teardown_taskflow' retrieved from /home/airflow/.local/lib/python3.12/site-packages/airflow/example_dags/example_setup_teardown_taskflow.py
[2025-10-06T05:58:27.283+0000] {logging_mixin.py:190} INFO - [2025-10-06T05:58:27.283+0000] {dag.py:3239} INFO - Sync 1 DAGs
[2025-10-06T05:58:27.328+0000] {logging_mixin.py:190} INFO - [2025-10-06T05:58:27.327+0000] {dag.py:4180} INFO - Setting next_dagrun for example_setup_teardown_taskflow to None, run_after=None
[2025-10-06T05:58:27.373+0000] {processor.py:208} INFO - Processing /home/airflow/.local/lib/python3.12/site-packages/airflow/example_dags/example_setup_teardown_taskflow.py took 0.216 seconds
[2025-10-06T05:58:59.292+0000] {processor.py:186} INFO - Started process (PID=736) to work on /home/airflow/.local/lib/python3.12/site-packages/airflow/example_dags/example_setup_teardown_taskflow.py
[2025-10-06T05:58:59.296+0000] {processor.py:914} INFO - Processing file /home/airflow/.local/lib/python3.12/site-packages/airflow/example_dags/example_setup_teardown_taskflow.py for tasks to queue
[2025-10-06T05:58:59.303+0000] {logging_mixin.py:190} INFO - [2025-10-06T05:58:59.302+0000] {dagbag.py:588} INFO - Filling up the DagBag from /home/airflow/.local/lib/python3.12/site-packages/airflow/example_dags/example_setup_teardown_taskflow.py
[2025-10-06T05:58:59.333+0000] {processor.py:925} INFO - DAG(s) 'example_setup_teardown_taskflow' retrieved from /home/airflow/.local/lib/python3.12/site-packages/airflow/example_dags/example_setup_teardown_taskflow.py
[2025-10-06T05:58:59.476+0000] {logging_mixin.py:190} INFO - [2025-10-06T05:58:59.465+0000] {dag.py:3239} INFO - Sync 1 DAGs
[2025-10-06T05:58:59.634+0000] {logging_mixin.py:190} INFO - [2025-10-06T05:58:59.633+0000] {dag.py:4180} INFO - Setting next_dagrun for example_setup_teardown_taskflow to None, run_after=None
[2025-10-06T05:58:59.717+0000] {processor.py:208} INFO - Processing /home/airflow/.local/lib/python3.12/site-packages/airflow/example_dags/example_setup_teardown_taskflow.py took 0.444 seconds
[2025-10-06T05:59:31.458+0000] {processor.py:186} INFO - Started process (PID=799) to work on /home/airflow/.local/lib/python3.12/site-packages/airflow/example_dags/example_setup_teardown_taskflow.py
[2025-10-06T05:59:31.463+0000] {processor.py:914} INFO - Processing file /home/airflow/.local/lib/python3.12/site-packages/airflow/example_dags/example_setup_teardown_taskflow.py for tasks to queue
[2025-10-06T05:59:31.471+0000] {logging_mixin.py:190} INFO - [2025-10-06T05:59:31.470+0000] {dagbag.py:588} INFO - Filling up the DagBag from /home/airflow/.local/lib/python3.12/site-packages/airflow/example_dags/example_setup_teardown_taskflow.py
[2025-10-06T05:59:31.519+0000] {processor.py:925} INFO - DAG(s) 'example_setup_teardown_taskflow' retrieved from /home/airflow/.local/lib/python3.12/site-packages/airflow/example_dags/example_setup_teardown_taskflow.py
[2025-10-06T05:59:31.599+0000] {logging_mixin.py:190} INFO - [2025-10-06T05:59:31.599+0000] {dag.py:3239} INFO - Sync 1 DAGs
[2025-10-06T05:59:31.650+0000] {logging_mixin.py:190} INFO - [2025-10-06T05:59:31.649+0000] {dag.py:4180} INFO - Setting next_dagrun for example_setup_teardown_taskflow to None, run_after=None
[2025-10-06T05:59:31.728+0000] {processor.py:208} INFO - Processing /home/airflow/.local/lib/python3.12/site-packages/airflow/example_dags/example_setup_teardown_taskflow.py took 0.299 seconds
[2025-10-06T06:00:02.906+0000] {processor.py:186} INFO - Started process (PID=862) to work on /home/airflow/.local/lib/python3.12/site-packages/airflow/example_dags/example_setup_teardown_taskflow.py
[2025-10-06T06:00:02.909+0000] {processor.py:914} INFO - Processing file /home/airflow/.local/lib/python3.12/site-packages/airflow/example_dags/example_setup_teardown_taskflow.py for tasks to queue
[2025-10-06T06:00:02.917+0000] {logging_mixin.py:190} INFO - [2025-10-06T06:00:02.916+0000] {dagbag.py:588} INFO - Filling up the DagBag from /home/airflow/.local/lib/python3.12/site-packages/airflow/example_dags/example_setup_teardown_taskflow.py
[2025-10-06T06:00:02.951+0000] {processor.py:925} INFO - DAG(s) 'example_setup_teardown_taskflow' retrieved from /home/airflow/.local/lib/python3.12/site-packages/airflow/example_dags/example_setup_teardown_taskflow.py
[2025-10-06T06:00:03.021+0000] {logging_mixin.py:190} INFO - [2025-10-06T06:00:03.020+0000] {dag.py:3239} INFO - Sync 1 DAGs
[2025-10-06T06:00:03.071+0000] {logging_mixin.py:190} INFO - [2025-10-06T06:00:03.070+0000] {dag.py:4180} INFO - Setting next_dagrun for example_setup_teardown_taskflow to None, run_after=None
[2025-10-06T06:00:03.137+0000] {processor.py:208} INFO - Processing /home/airflow/.local/lib/python3.12/site-packages/airflow/example_dags/example_setup_teardown_taskflow.py took 0.248 seconds
[2025-10-06T06:00:33.871+0000] {processor.py:186} INFO - Started process (PID=925) to work on /home/airflow/.local/lib/python3.12/site-packages/airflow/example_dags/example_setup_teardown_taskflow.py
[2025-10-06T06:00:33.878+0000] {processor.py:914} INFO - Processing file /home/airflow/.local/lib/python3.12/site-packages/airflow/example_dags/example_setup_teardown_taskflow.py for tasks to queue
[2025-10-06T06:00:33.887+0000] {logging_mixin.py:190} INFO - [2025-10-06T06:00:33.886+0000] {dagbag.py:588} INFO - Filling up the DagBag from /home/airflow/.local/lib/python3.12/site-packages/airflow/example_dags/example_setup_teardown_taskflow.py
[2025-10-06T06:00:33.959+0000] {processor.py:925} INFO - DAG(s) 'example_setup_teardown_taskflow' retrieved from /home/airflow/.local/lib/python3.12/site-packages/airflow/example_dags/example_setup_teardown_taskflow.py
[2025-10-06T06:00:34.038+0000] {logging_mixin.py:190} INFO - [2025-10-06T06:00:34.037+0000] {dag.py:3239} INFO - Sync 1 DAGs
[2025-10-06T06:00:34.101+0000] {logging_mixin.py:190} INFO - [2025-10-06T06:00:34.100+0000] {dag.py:4180} INFO - Setting next_dagrun for example_setup_teardown_taskflow to None, run_after=None
[2025-10-06T06:00:34.222+0000] {processor.py:208} INFO - Processing /home/airflow/.local/lib/python3.12/site-packages/airflow/example_dags/example_setup_teardown_taskflow.py took 0.392 seconds
[2025-10-06T06:01:04.448+0000] {processor.py:186} INFO - Started process (PID=988) to work on /home/airflow/.local/lib/python3.12/site-packages/airflow/example_dags/example_setup_teardown_taskflow.py
[2025-10-06T06:01:04.451+0000] {processor.py:914} INFO - Processing file /home/airflow/.local/lib/python3.12/site-packages/airflow/example_dags/example_setup_teardown_taskflow.py for tasks to queue
[2025-10-06T06:01:04.458+0000] {logging_mixin.py:190} INFO - [2025-10-06T06:01:04.457+0000] {dagbag.py:588} INFO - Filling up the DagBag from /home/airflow/.local/lib/python3.12/site-packages/airflow/example_dags/example_setup_teardown_taskflow.py
[2025-10-06T06:01:04.485+0000] {processor.py:925} INFO - DAG(s) 'example_setup_teardown_taskflow' retrieved from /home/airflow/.local/lib/python3.12/site-packages/airflow/example_dags/example_setup_teardown_taskflow.py
[2025-10-06T06:01:04.538+0000] {logging_mixin.py:190} INFO - [2025-10-06T06:01:04.538+0000] {dag.py:3239} INFO - Sync 1 DAGs
[2025-10-06T06:01:04.576+0000] {logging_mixin.py:190} INFO - [2025-10-06T06:01:04.575+0000] {dag.py:4180} INFO - Setting next_dagrun for example_setup_teardown_taskflow to None, run_after=None
[2025-10-06T06:01:04.622+0000] {processor.py:208} INFO - Processing /home/airflow/.local/lib/python3.12/site-packages/airflow/example_dags/example_setup_teardown_taskflow.py took 0.189 seconds
[2025-10-06T06:01:35.543+0000] {processor.py:186} INFO - Started process (PID=1051) to work on /home/airflow/.local/lib/python3.12/site-packages/airflow/example_dags/example_setup_teardown_taskflow.py
[2025-10-06T06:01:35.553+0000] {processor.py:914} INFO - Processing file /home/airflow/.local/lib/python3.12/site-packages/airflow/example_dags/example_setup_teardown_taskflow.py for tasks to queue
[2025-10-06T06:01:35.568+0000] {logging_mixin.py:190} INFO - [2025-10-06T06:01:35.567+0000] {dagbag.py:588} INFO - Filling up the DagBag from /home/airflow/.local/lib/python3.12/site-packages/airflow/example_dags/example_setup_teardown_taskflow.py
[2025-10-06T06:01:35.646+0000] {processor.py:925} INFO - DAG(s) 'example_setup_teardown_taskflow' retrieved from /home/airflow/.local/lib/python3.12/site-packages/airflow/example_dags/example_setup_teardown_taskflow.py
[2025-10-06T06:01:35.764+0000] {logging_mixin.py:190} INFO - [2025-10-06T06:01:35.763+0000] {dag.py:3239} INFO - Sync 1 DAGs
[2025-10-06T06:01:35.830+0000] {logging_mixin.py:190} INFO - [2025-10-06T06:01:35.829+0000] {dag.py:4180} INFO - Setting next_dagrun for example_setup_teardown_taskflow to None, run_after=None
[2025-10-06T06:01:35.890+0000] {processor.py:208} INFO - Processing /home/airflow/.local/lib/python3.12/site-packages/airflow/example_dags/example_setup_teardown_taskflow.py took 0.384 seconds
[2025-10-06T06:02:06.913+0000] {processor.py:186} INFO - Started process (PID=1115) to work on /home/airflow/.local/lib/python3.12/site-packages/airflow/example_dags/example_setup_teardown_taskflow.py
[2025-10-06T06:02:06.915+0000] {processor.py:914} INFO - Processing file /home/airflow/.local/lib/python3.12/site-packages/airflow/example_dags/example_setup_teardown_taskflow.py for tasks to queue
[2025-10-06T06:02:06.921+0000] {logging_mixin.py:190} INFO - [2025-10-06T06:02:06.920+0000] {dagbag.py:588} INFO - Filling up the DagBag from /home/airflow/.local/lib/python3.12/site-packages/airflow/example_dags/example_setup_teardown_taskflow.py
[2025-10-06T06:02:06.946+0000] {processor.py:925} INFO - DAG(s) 'example_setup_teardown_taskflow' retrieved from /home/airflow/.local/lib/python3.12/site-packages/airflow/example_dags/example_setup_teardown_taskflow.py
[2025-10-06T06:02:06.999+0000] {logging_mixin.py:190} INFO - [2025-10-06T06:02:06.998+0000] {dag.py:3239} INFO - Sync 1 DAGs
[2025-10-06T06:02:07.031+0000] {logging_mixin.py:190} INFO - [2025-10-06T06:02:07.031+0000] {dag.py:4180} INFO - Setting next_dagrun for example_setup_teardown_taskflow to None, run_after=None
[2025-10-06T06:02:07.084+0000] {processor.py:208} INFO - Processing /home/airflow/.local/lib/python3.12/site-packages/airflow/example_dags/example_setup_teardown_taskflow.py took 0.190 seconds
[2025-10-06T06:02:37.177+0000] {processor.py:186} INFO - Started process (PID=1177) to work on /home/airflow/.local/lib/python3.12/site-packages/airflow/example_dags/example_setup_teardown_taskflow.py
[2025-10-06T06:02:37.179+0000] {processor.py:914} INFO - Processing file /home/airflow/.local/lib/python3.12/site-packages/airflow/example_dags/example_setup_teardown_taskflow.py for tasks to queue
[2025-10-06T06:02:37.186+0000] {logging_mixin.py:190} INFO - [2025-10-06T06:02:37.185+0000] {dagbag.py:588} INFO - Filling up the DagBag from /home/airflow/.local/lib/python3.12/site-packages/airflow/example_dags/example_setup_teardown_taskflow.py
[2025-10-06T06:02:37.216+0000] {processor.py:925} INFO - DAG(s) 'example_setup_teardown_taskflow' retrieved from /home/airflow/.local/lib/python3.12/site-packages/airflow/example_dags/example_setup_teardown_taskflow.py
[2025-10-06T06:02:37.276+0000] {logging_mixin.py:190} INFO - [2025-10-06T06:02:37.275+0000] {dag.py:3239} INFO - Sync 1 DAGs
[2025-10-06T06:02:37.335+0000] {logging_mixin.py:190} INFO - [2025-10-06T06:02:37.334+0000] {dag.py:4180} INFO - Setting next_dagrun for example_setup_teardown_taskflow to None, run_after=None
[2025-10-06T06:02:37.414+0000] {processor.py:208} INFO - Processing /home/airflow/.local/lib/python3.12/site-packages/airflow/example_dags/example_setup_teardown_taskflow.py took 0.253 seconds
[2025-10-06T06:03:09.786+0000] {processor.py:186} INFO - Started process (PID=1242) to work on /home/airflow/.local/lib/python3.12/site-packages/airflow/example_dags/example_setup_teardown_taskflow.py
[2025-10-06T06:03:09.789+0000] {processor.py:914} INFO - Processing file /home/airflow/.local/lib/python3.12/site-packages/airflow/example_dags/example_setup_teardown_taskflow.py for tasks to queue
[2025-10-06T06:03:09.796+0000] {logging_mixin.py:190} INFO - [2025-10-06T06:03:09.795+0000] {dagbag.py:588} INFO - Filling up the DagBag from /home/airflow/.local/lib/python3.12/site-packages/airflow/example_dags/example_setup_teardown_taskflow.py
[2025-10-06T06:03:09.831+0000] {processor.py:925} INFO - DAG(s) 'example_setup_teardown_taskflow' retrieved from /home/airflow/.local/lib/python3.12/site-packages/airflow/example_dags/example_setup_teardown_taskflow.py
[2025-10-06T06:03:09.903+0000] {logging_mixin.py:190} INFO - [2025-10-06T06:03:09.902+0000] {dag.py:3239} INFO - Sync 1 DAGs
[2025-10-06T06:03:09.964+0000] {logging_mixin.py:190} INFO - [2025-10-06T06:03:09.963+0000] {dag.py:4180} INFO - Setting next_dagrun for example_setup_teardown_taskflow to None, run_after=None
[2025-10-06T06:03:10.018+0000] {processor.py:208} INFO - Processing /home/airflow/.local/lib/python3.12/site-packages/airflow/example_dags/example_setup_teardown_taskflow.py took 0.254 seconds
[2025-10-06T06:03:42.260+0000] {processor.py:186} INFO - Started process (PID=1305) to work on /home/airflow/.local/lib/python3.12/site-packages/airflow/example_dags/example_setup_teardown_taskflow.py
[2025-10-06T06:03:42.263+0000] {processor.py:914} INFO - Processing file /home/airflow/.local/lib/python3.12/site-packages/airflow/example_dags/example_setup_teardown_taskflow.py for tasks to queue
[2025-10-06T06:03:42.270+0000] {logging_mixin.py:190} INFO - [2025-10-06T06:03:42.270+0000] {dagbag.py:588} INFO - Filling up the DagBag from /home/airflow/.local/lib/python3.12/site-packages/airflow/example_dags/example_setup_teardown_taskflow.py
[2025-10-06T06:03:42.303+0000] {processor.py:925} INFO - DAG(s) 'example_setup_teardown_taskflow' retrieved from /home/airflow/.local/lib/python3.12/site-packages/airflow/example_dags/example_setup_teardown_taskflow.py
[2025-10-06T06:03:42.367+0000] {logging_mixin.py:190} INFO - [2025-10-06T06:03:42.366+0000] {dag.py:3239} INFO - Sync 1 DAGs
[2025-10-06T06:03:42.411+0000] {logging_mixin.py:190} INFO - [2025-10-06T06:03:42.410+0000] {dag.py:4180} INFO - Setting next_dagrun for example_setup_teardown_taskflow to None, run_after=None
[2025-10-06T06:03:42.472+0000] {processor.py:208} INFO - Processing /home/airflow/.local/lib/python3.12/site-packages/airflow/example_dags/example_setup_teardown_taskflow.py took 0.229 seconds
[2025-10-06T06:04:15.794+0000] {processor.py:186} INFO - Started process (PID=1368) to work on /home/airflow/.local/lib/python3.12/site-packages/airflow/example_dags/example_setup_teardown_taskflow.py
[2025-10-06T06:04:15.799+0000] {processor.py:914} INFO - Processing file /home/airflow/.local/lib/python3.12/site-packages/airflow/example_dags/example_setup_teardown_taskflow.py for tasks to queue
[2025-10-06T06:04:15.819+0000] {logging_mixin.py:190} INFO - [2025-10-06T06:04:15.817+0000] {dagbag.py:588} INFO - Filling up the DagBag from /home/airflow/.local/lib/python3.12/site-packages/airflow/example_dags/example_setup_teardown_taskflow.py
[2025-10-06T06:04:15.903+0000] {processor.py:925} INFO - DAG(s) 'example_setup_teardown_taskflow' retrieved from /home/airflow/.local/lib/python3.12/site-packages/airflow/example_dags/example_setup_teardown_taskflow.py
[2025-10-06T06:04:16.183+0000] {logging_mixin.py:190} INFO - [2025-10-06T06:04:16.182+0000] {dag.py:3239} INFO - Sync 1 DAGs
[2025-10-06T06:04:16.346+0000] {logging_mixin.py:190} INFO - [2025-10-06T06:04:16.345+0000] {dag.py:4180} INFO - Setting next_dagrun for example_setup_teardown_taskflow to None, run_after=None
[2025-10-06T06:04:16.526+0000] {processor.py:208} INFO - Processing /home/airflow/.local/lib/python3.12/site-packages/airflow/example_dags/example_setup_teardown_taskflow.py took 0.761 seconds
[2025-10-06T06:04:47.121+0000] {processor.py:186} INFO - Started process (PID=1431) to work on /home/airflow/.local/lib/python3.12/site-packages/airflow/example_dags/example_setup_teardown_taskflow.py
[2025-10-06T06:04:47.124+0000] {processor.py:914} INFO - Processing file /home/airflow/.local/lib/python3.12/site-packages/airflow/example_dags/example_setup_teardown_taskflow.py for tasks to queue
[2025-10-06T06:04:47.130+0000] {logging_mixin.py:190} INFO - [2025-10-06T06:04:47.129+0000] {dagbag.py:588} INFO - Filling up the DagBag from /home/airflow/.local/lib/python3.12/site-packages/airflow/example_dags/example_setup_teardown_taskflow.py
[2025-10-06T06:04:47.156+0000] {processor.py:925} INFO - DAG(s) 'example_setup_teardown_taskflow' retrieved from /home/airflow/.local/lib/python3.12/site-packages/airflow/example_dags/example_setup_teardown_taskflow.py
[2025-10-06T06:04:47.204+0000] {logging_mixin.py:190} INFO - [2025-10-06T06:04:47.204+0000] {dag.py:3239} INFO - Sync 1 DAGs
[2025-10-06T06:04:47.247+0000] {logging_mixin.py:190} INFO - [2025-10-06T06:04:47.247+0000] {dag.py:4180} INFO - Setting next_dagrun for example_setup_teardown_taskflow to None, run_after=None
[2025-10-06T06:04:47.309+0000] {processor.py:208} INFO - Processing /home/airflow/.local/lib/python3.12/site-packages/airflow/example_dags/example_setup_teardown_taskflow.py took 0.208 seconds
[2025-10-06T06:05:19.133+0000] {processor.py:186} INFO - Started process (PID=1494) to work on /home/airflow/.local/lib/python3.12/site-packages/airflow/example_dags/example_setup_teardown_taskflow.py
[2025-10-06T06:05:19.136+0000] {processor.py:914} INFO - Processing file /home/airflow/.local/lib/python3.12/site-packages/airflow/example_dags/example_setup_teardown_taskflow.py for tasks to queue
[2025-10-06T06:05:19.142+0000] {logging_mixin.py:190} INFO - [2025-10-06T06:05:19.141+0000] {dagbag.py:588} INFO - Filling up the DagBag from /home/airflow/.local/lib/python3.12/site-packages/airflow/example_dags/example_setup_teardown_taskflow.py
[2025-10-06T06:05:19.170+0000] {processor.py:925} INFO - DAG(s) 'example_setup_teardown_taskflow' retrieved from /home/airflow/.local/lib/python3.12/site-packages/airflow/example_dags/example_setup_teardown_taskflow.py
[2025-10-06T06:05:19.215+0000] {logging_mixin.py:190} INFO - [2025-10-06T06:05:19.214+0000] {dag.py:3239} INFO - Sync 1 DAGs
[2025-10-06T06:05:19.248+0000] {logging_mixin.py:190} INFO - [2025-10-06T06:05:19.248+0000] {dag.py:4180} INFO - Setting next_dagrun for example_setup_teardown_taskflow to None, run_after=None
[2025-10-06T06:05:19.292+0000] {processor.py:208} INFO - Processing /home/airflow/.local/lib/python3.12/site-packages/airflow/example_dags/example_setup_teardown_taskflow.py took 0.171 seconds
[2025-10-06T06:05:50.029+0000] {processor.py:186} INFO - Started process (PID=1557) to work on /home/airflow/.local/lib/python3.12/site-packages/airflow/example_dags/example_setup_teardown_taskflow.py
[2025-10-06T06:05:50.032+0000] {processor.py:914} INFO - Processing file /home/airflow/.local/lib/python3.12/site-packages/airflow/example_dags/example_setup_teardown_taskflow.py for tasks to queue
[2025-10-06T06:05:50.039+0000] {logging_mixin.py:190} INFO - [2025-10-06T06:05:50.038+0000] {dagbag.py:588} INFO - Filling up the DagBag from /home/airflow/.local/lib/python3.12/site-packages/airflow/example_dags/example_setup_teardown_taskflow.py
[2025-10-06T06:05:50.072+0000] {processor.py:925} INFO - DAG(s) 'example_setup_teardown_taskflow' retrieved from /home/airflow/.local/lib/python3.12/site-packages/airflow/example_dags/example_setup_teardown_taskflow.py
[2025-10-06T06:05:50.136+0000] {logging_mixin.py:190} INFO - [2025-10-06T06:05:50.135+0000] {dag.py:3239} INFO - Sync 1 DAGs
[2025-10-06T06:05:50.180+0000] {logging_mixin.py:190} INFO - [2025-10-06T06:05:50.179+0000] {dag.py:4180} INFO - Setting next_dagrun for example_setup_teardown_taskflow to None, run_after=None
[2025-10-06T06:05:50.242+0000] {processor.py:208} INFO - Processing /home/airflow/.local/lib/python3.12/site-packages/airflow/example_dags/example_setup_teardown_taskflow.py took 0.230 seconds
[2025-10-06T06:06:21.002+0000] {processor.py:186} INFO - Started process (PID=1620) to work on /home/airflow/.local/lib/python3.12/site-packages/airflow/example_dags/example_setup_teardown_taskflow.py
[2025-10-06T06:06:21.004+0000] {processor.py:914} INFO - Processing file /home/airflow/.local/lib/python3.12/site-packages/airflow/example_dags/example_setup_teardown_taskflow.py for tasks to queue
[2025-10-06T06:06:21.010+0000] {logging_mixin.py:190} INFO - [2025-10-06T06:06:21.009+0000] {dagbag.py:588} INFO - Filling up the DagBag from /home/airflow/.local/lib/python3.12/site-packages/airflow/example_dags/example_setup_teardown_taskflow.py
[2025-10-06T06:06:21.039+0000] {processor.py:925} INFO - DAG(s) 'example_setup_teardown_taskflow' retrieved from /home/airflow/.local/lib/python3.12/site-packages/airflow/example_dags/example_setup_teardown_taskflow.py
[2025-10-06T06:06:21.091+0000] {logging_mixin.py:190} INFO - [2025-10-06T06:06:21.090+0000] {dag.py:3239} INFO - Sync 1 DAGs
[2025-10-06T06:06:21.124+0000] {logging_mixin.py:190} INFO - [2025-10-06T06:06:21.124+0000] {dag.py:4180} INFO - Setting next_dagrun for example_setup_teardown_taskflow to None, run_after=None
[2025-10-06T06:06:21.173+0000] {processor.py:208} INFO - Processing /home/airflow/.local/lib/python3.12/site-packages/airflow/example_dags/example_setup_teardown_taskflow.py took 0.185 seconds
[2025-10-06T06:06:52.292+0000] {processor.py:186} INFO - Started process (PID=1684) to work on /home/airflow/.local/lib/python3.12/site-packages/airflow/example_dags/example_setup_teardown_taskflow.py
[2025-10-06T06:06:52.294+0000] {processor.py:914} INFO - Processing file /home/airflow/.local/lib/python3.12/site-packages/airflow/example_dags/example_setup_teardown_taskflow.py for tasks to queue
[2025-10-06T06:06:52.301+0000] {logging_mixin.py:190} INFO - [2025-10-06T06:06:52.300+0000] {dagbag.py:588} INFO - Filling up the DagBag from /home/airflow/.local/lib/python3.12/site-packages/airflow/example_dags/example_setup_teardown_taskflow.py
[2025-10-06T06:06:52.333+0000] {processor.py:925} INFO - DAG(s) 'example_setup_teardown_taskflow' retrieved from /home/airflow/.local/lib/python3.12/site-packages/airflow/example_dags/example_setup_teardown_taskflow.py
[2025-10-06T06:06:52.390+0000] {logging_mixin.py:190} INFO - [2025-10-06T06:06:52.390+0000] {dag.py:3239} INFO - Sync 1 DAGs
[2025-10-06T06:06:52.437+0000] {logging_mixin.py:190} INFO - [2025-10-06T06:06:52.437+0000] {dag.py:4180} INFO - Setting next_dagrun for example_setup_teardown_taskflow to None, run_after=None
[2025-10-06T06:06:52.496+0000] {processor.py:208} INFO - Processing /home/airflow/.local/lib/python3.12/site-packages/airflow/example_dags/example_setup_teardown_taskflow.py took 0.224 seconds
[2025-10-06T06:07:30.835+0000] {processor.py:186} INFO - Started process (PID=1742) to work on /home/airflow/.local/lib/python3.12/site-packages/airflow/example_dags/example_setup_teardown_taskflow.py
[2025-10-06T06:07:30.838+0000] {processor.py:914} INFO - Processing file /home/airflow/.local/lib/python3.12/site-packages/airflow/example_dags/example_setup_teardown_taskflow.py for tasks to queue
[2025-10-06T06:07:30.845+0000] {logging_mixin.py:190} INFO - [2025-10-06T06:07:30.844+0000] {dagbag.py:588} INFO - Filling up the DagBag from /home/airflow/.local/lib/python3.12/site-packages/airflow/example_dags/example_setup_teardown_taskflow.py
[2025-10-06T06:07:30.878+0000] {processor.py:925} INFO - DAG(s) 'example_setup_teardown_taskflow' retrieved from /home/airflow/.local/lib/python3.12/site-packages/airflow/example_dags/example_setup_teardown_taskflow.py
[2025-10-06T06:07:30.945+0000] {logging_mixin.py:190} INFO - [2025-10-06T06:07:30.944+0000] {dag.py:3239} INFO - Sync 1 DAGs
[2025-10-06T06:07:30.998+0000] {logging_mixin.py:190} INFO - [2025-10-06T06:07:30.997+0000] {dag.py:4180} INFO - Setting next_dagrun for example_setup_teardown_taskflow to None, run_after=None
[2025-10-06T06:07:31.067+0000] {processor.py:208} INFO - Processing /home/airflow/.local/lib/python3.12/site-packages/airflow/example_dags/example_setup_teardown_taskflow.py took 0.248 seconds
[2025-10-06T06:08:04.127+0000] {processor.py:186} INFO - Started process (PID=1805) to work on /home/airflow/.local/lib/python3.12/site-packages/airflow/example_dags/example_setup_teardown_taskflow.py
[2025-10-06T06:08:04.129+0000] {processor.py:914} INFO - Processing file /home/airflow/.local/lib/python3.12/site-packages/airflow/example_dags/example_setup_teardown_taskflow.py for tasks to queue
[2025-10-06T06:08:04.136+0000] {logging_mixin.py:190} INFO - [2025-10-06T06:08:04.135+0000] {dagbag.py:588} INFO - Filling up the DagBag from /home/airflow/.local/lib/python3.12/site-packages/airflow/example_dags/example_setup_teardown_taskflow.py
[2025-10-06T06:08:04.168+0000] {processor.py:925} INFO - DAG(s) 'example_setup_teardown_taskflow' retrieved from /home/airflow/.local/lib/python3.12/site-packages/airflow/example_dags/example_setup_teardown_taskflow.py
[2025-10-06T06:08:04.370+0000] {logging_mixin.py:190} INFO - [2025-10-06T06:08:04.370+0000] {dag.py:3239} INFO - Sync 1 DAGs
[2025-10-06T06:08:04.431+0000] {logging_mixin.py:190} INFO - [2025-10-06T06:08:04.430+0000] {dag.py:4180} INFO - Setting next_dagrun for example_setup_teardown_taskflow to None, run_after=None
[2025-10-06T06:08:04.496+0000] {processor.py:208} INFO - Processing /home/airflow/.local/lib/python3.12/site-packages/airflow/example_dags/example_setup_teardown_taskflow.py took 0.263 seconds
[2025-10-06T17:40:54.553+0000] {processor.py:186} INFO - Started process (PID=92) to work on /home/airflow/.local/lib/python3.12/site-packages/airflow/example_dags/example_setup_teardown_taskflow.py
[2025-10-06T17:40:54.554+0000] {processor.py:914} INFO - Processing file /home/airflow/.local/lib/python3.12/site-packages/airflow/example_dags/example_setup_teardown_taskflow.py for tasks to queue
[2025-10-06T17:40:54.625+0000] {logging_mixin.py:190} INFO - [2025-10-06T17:40:54.625+0000] {dagbag.py:588} INFO - Filling up the DagBag from /home/airflow/.local/lib/python3.12/site-packages/airflow/example_dags/example_setup_teardown_taskflow.py
[2025-10-06T17:40:56.681+0000] {processor.py:925} INFO - DAG(s) 'example_setup_teardown_taskflow' retrieved from /home/airflow/.local/lib/python3.12/site-packages/airflow/example_dags/example_setup_teardown_taskflow.py
[2025-10-06T17:40:56.897+0000] {logging_mixin.py:190} INFO - [2025-10-06T17:40:56.896+0000] {dag.py:3239} INFO - Sync 1 DAGs
[2025-10-06T17:40:56.987+0000] {logging_mixin.py:190} INFO - [2025-10-06T17:40:56.987+0000] {dag.py:4180} INFO - Setting next_dagrun for example_setup_teardown_taskflow to None, run_after=None
[2025-10-06T17:40:57.842+0000] {processor.py:208} INFO - Processing /home/airflow/.local/lib/python3.12/site-packages/airflow/example_dags/example_setup_teardown_taskflow.py took 3.296 seconds
[2025-10-06T17:41:28.844+0000] {processor.py:186} INFO - Started process (PID=155) to work on /home/airflow/.local/lib/python3.12/site-packages/airflow/example_dags/example_setup_teardown_taskflow.py
[2025-10-06T17:41:28.849+0000] {processor.py:914} INFO - Processing file /home/airflow/.local/lib/python3.12/site-packages/airflow/example_dags/example_setup_teardown_taskflow.py for tasks to queue
[2025-10-06T17:41:28.855+0000] {logging_mixin.py:190} INFO - [2025-10-06T17:41:28.854+0000] {dagbag.py:588} INFO - Filling up the DagBag from /home/airflow/.local/lib/python3.12/site-packages/airflow/example_dags/example_setup_teardown_taskflow.py
[2025-10-06T17:41:28.873+0000] {processor.py:925} INFO - DAG(s) 'example_setup_teardown_taskflow' retrieved from /home/airflow/.local/lib/python3.12/site-packages/airflow/example_dags/example_setup_teardown_taskflow.py
[2025-10-06T17:41:28.905+0000] {logging_mixin.py:190} INFO - [2025-10-06T17:41:28.905+0000] {dag.py:3239} INFO - Sync 1 DAGs
[2025-10-06T17:41:28.923+0000] {logging_mixin.py:190} INFO - [2025-10-06T17:41:28.923+0000] {dag.py:4180} INFO - Setting next_dagrun for example_setup_teardown_taskflow to None, run_after=None
[2025-10-06T17:41:28.958+0000] {processor.py:208} INFO - Processing /home/airflow/.local/lib/python3.12/site-packages/airflow/example_dags/example_setup_teardown_taskflow.py took 0.123 seconds
[2025-10-06T17:41:59.590+0000] {processor.py:186} INFO - Started process (PID=218) to work on /home/airflow/.local/lib/python3.12/site-packages/airflow/example_dags/example_setup_teardown_taskflow.py
[2025-10-06T17:41:59.717+0000] {processor.py:914} INFO - Processing file /home/airflow/.local/lib/python3.12/site-packages/airflow/example_dags/example_setup_teardown_taskflow.py for tasks to queue
[2025-10-06T17:41:59.722+0000] {logging_mixin.py:190} INFO - [2025-10-06T17:41:59.721+0000] {dagbag.py:588} INFO - Filling up the DagBag from /home/airflow/.local/lib/python3.12/site-packages/airflow/example_dags/example_setup_teardown_taskflow.py
[2025-10-06T17:41:59.745+0000] {processor.py:925} INFO - DAG(s) 'example_setup_teardown_taskflow' retrieved from /home/airflow/.local/lib/python3.12/site-packages/airflow/example_dags/example_setup_teardown_taskflow.py
[2025-10-06T17:41:59.768+0000] {logging_mixin.py:190} INFO - [2025-10-06T17:41:59.768+0000] {dag.py:3239} INFO - Sync 1 DAGs
[2025-10-06T17:41:59.789+0000] {logging_mixin.py:190} INFO - [2025-10-06T17:41:59.788+0000] {dag.py:4180} INFO - Setting next_dagrun for example_setup_teardown_taskflow to None, run_after=None
[2025-10-06T17:41:59.811+0000] {processor.py:208} INFO - Processing /home/airflow/.local/lib/python3.12/site-packages/airflow/example_dags/example_setup_teardown_taskflow.py took 0.231 seconds
[2025-10-06T17:42:31.625+0000] {processor.py:186} INFO - Started process (PID=281) to work on /home/airflow/.local/lib/python3.12/site-packages/airflow/example_dags/example_setup_teardown_taskflow.py
[2025-10-06T17:42:31.627+0000] {processor.py:914} INFO - Processing file /home/airflow/.local/lib/python3.12/site-packages/airflow/example_dags/example_setup_teardown_taskflow.py for tasks to queue
[2025-10-06T17:42:31.630+0000] {logging_mixin.py:190} INFO - [2025-10-06T17:42:31.629+0000] {dagbag.py:588} INFO - Filling up the DagBag from /home/airflow/.local/lib/python3.12/site-packages/airflow/example_dags/example_setup_teardown_taskflow.py
[2025-10-06T17:42:31.642+0000] {processor.py:925} INFO - DAG(s) 'example_setup_teardown_taskflow' retrieved from /home/airflow/.local/lib/python3.12/site-packages/airflow/example_dags/example_setup_teardown_taskflow.py
[2025-10-06T17:42:31.668+0000] {logging_mixin.py:190} INFO - [2025-10-06T17:42:31.668+0000] {dag.py:3239} INFO - Sync 1 DAGs
[2025-10-06T17:42:31.686+0000] {logging_mixin.py:190} INFO - [2025-10-06T17:42:31.686+0000] {dag.py:4180} INFO - Setting next_dagrun for example_setup_teardown_taskflow to None, run_after=None
[2025-10-06T17:42:31.724+0000] {processor.py:208} INFO - Processing /home/airflow/.local/lib/python3.12/site-packages/airflow/example_dags/example_setup_teardown_taskflow.py took 0.105 seconds
[2025-10-06T17:43:03.657+0000] {processor.py:186} INFO - Started process (PID=350) to work on /home/airflow/.local/lib/python3.12/site-packages/airflow/example_dags/example_setup_teardown_taskflow.py
[2025-10-06T17:43:03.658+0000] {processor.py:914} INFO - Processing file /home/airflow/.local/lib/python3.12/site-packages/airflow/example_dags/example_setup_teardown_taskflow.py for tasks to queue
[2025-10-06T17:43:03.662+0000] {logging_mixin.py:190} INFO - [2025-10-06T17:43:03.661+0000] {dagbag.py:588} INFO - Filling up the DagBag from /home/airflow/.local/lib/python3.12/site-packages/airflow/example_dags/example_setup_teardown_taskflow.py
[2025-10-06T17:43:03.679+0000] {processor.py:925} INFO - DAG(s) 'example_setup_teardown_taskflow' retrieved from /home/airflow/.local/lib/python3.12/site-packages/airflow/example_dags/example_setup_teardown_taskflow.py
[2025-10-06T17:43:03.706+0000] {logging_mixin.py:190} INFO - [2025-10-06T17:43:03.706+0000] {dag.py:3239} INFO - Sync 1 DAGs
[2025-10-06T17:43:03.724+0000] {logging_mixin.py:190} INFO - [2025-10-06T17:43:03.724+0000] {dag.py:4180} INFO - Setting next_dagrun for example_setup_teardown_taskflow to None, run_after=None
[2025-10-06T17:43:03.751+0000] {processor.py:208} INFO - Processing /home/airflow/.local/lib/python3.12/site-packages/airflow/example_dags/example_setup_teardown_taskflow.py took 0.101 seconds
[2025-10-06T17:43:34.250+0000] {processor.py:186} INFO - Started process (PID=409) to work on /home/airflow/.local/lib/python3.12/site-packages/airflow/example_dags/example_setup_teardown_taskflow.py
[2025-10-06T17:43:34.253+0000] {processor.py:914} INFO - Processing file /home/airflow/.local/lib/python3.12/site-packages/airflow/example_dags/example_setup_teardown_taskflow.py for tasks to queue
[2025-10-06T17:43:34.263+0000] {logging_mixin.py:190} INFO - [2025-10-06T17:43:34.262+0000] {dagbag.py:588} INFO - Filling up the DagBag from /home/airflow/.local/lib/python3.12/site-packages/airflow/example_dags/example_setup_teardown_taskflow.py
[2025-10-06T17:43:34.305+0000] {processor.py:925} INFO - DAG(s) 'example_setup_teardown_taskflow' retrieved from /home/airflow/.local/lib/python3.12/site-packages/airflow/example_dags/example_setup_teardown_taskflow.py
[2025-10-06T17:43:34.390+0000] {logging_mixin.py:190} INFO - [2025-10-06T17:43:34.390+0000] {dag.py:3239} INFO - Sync 1 DAGs
[2025-10-06T17:43:34.459+0000] {logging_mixin.py:190} INFO - [2025-10-06T17:43:34.459+0000] {dag.py:4180} INFO - Setting next_dagrun for example_setup_teardown_taskflow to None, run_after=None
[2025-10-06T17:43:34.575+0000] {processor.py:208} INFO - Processing /home/airflow/.local/lib/python3.12/site-packages/airflow/example_dags/example_setup_teardown_taskflow.py took 0.346 seconds
[2025-10-06T17:44:04.724+0000] {processor.py:186} INFO - Started process (PID=473) to work on /home/airflow/.local/lib/python3.12/site-packages/airflow/example_dags/example_setup_teardown_taskflow.py
[2025-10-06T17:44:04.725+0000] {processor.py:914} INFO - Processing file /home/airflow/.local/lib/python3.12/site-packages/airflow/example_dags/example_setup_teardown_taskflow.py for tasks to queue
[2025-10-06T17:44:04.728+0000] {logging_mixin.py:190} INFO - [2025-10-06T17:44:04.727+0000] {dagbag.py:588} INFO - Filling up the DagBag from /home/airflow/.local/lib/python3.12/site-packages/airflow/example_dags/example_setup_teardown_taskflow.py
[2025-10-06T17:44:04.742+0000] {processor.py:925} INFO - DAG(s) 'example_setup_teardown_taskflow' retrieved from /home/airflow/.local/lib/python3.12/site-packages/airflow/example_dags/example_setup_teardown_taskflow.py
[2025-10-06T17:44:04.767+0000] {logging_mixin.py:190} INFO - [2025-10-06T17:44:04.767+0000] {dag.py:3239} INFO - Sync 1 DAGs
[2025-10-06T17:44:04.790+0000] {logging_mixin.py:190} INFO - [2025-10-06T17:44:04.790+0000] {dag.py:4180} INFO - Setting next_dagrun for example_setup_teardown_taskflow to None, run_after=None
[2025-10-06T17:44:04.812+0000] {processor.py:208} INFO - Processing /home/airflow/.local/lib/python3.12/site-packages/airflow/example_dags/example_setup_teardown_taskflow.py took 0.095 seconds
[2025-10-06T17:44:35.144+0000] {processor.py:186} INFO - Started process (PID=536) to work on /home/airflow/.local/lib/python3.12/site-packages/airflow/example_dags/example_setup_teardown_taskflow.py
[2025-10-06T17:44:35.145+0000] {processor.py:914} INFO - Processing file /home/airflow/.local/lib/python3.12/site-packages/airflow/example_dags/example_setup_teardown_taskflow.py for tasks to queue
[2025-10-06T17:44:35.148+0000] {logging_mixin.py:190} INFO - [2025-10-06T17:44:35.148+0000] {dagbag.py:588} INFO - Filling up the DagBag from /home/airflow/.local/lib/python3.12/site-packages/airflow/example_dags/example_setup_teardown_taskflow.py
[2025-10-06T17:44:35.160+0000] {processor.py:925} INFO - DAG(s) 'example_setup_teardown_taskflow' retrieved from /home/airflow/.local/lib/python3.12/site-packages/airflow/example_dags/example_setup_teardown_taskflow.py
[2025-10-06T17:44:35.180+0000] {logging_mixin.py:190} INFO - [2025-10-06T17:44:35.180+0000] {dag.py:3239} INFO - Sync 1 DAGs
[2025-10-06T17:44:35.194+0000] {logging_mixin.py:190} INFO - [2025-10-06T17:44:35.194+0000] {dag.py:4180} INFO - Setting next_dagrun for example_setup_teardown_taskflow to None, run_after=None
[2025-10-06T17:44:35.213+0000] {processor.py:208} INFO - Processing /home/airflow/.local/lib/python3.12/site-packages/airflow/example_dags/example_setup_teardown_taskflow.py took 0.074 seconds
[2025-10-06T17:45:05.708+0000] {processor.py:186} INFO - Started process (PID=599) to work on /home/airflow/.local/lib/python3.12/site-packages/airflow/example_dags/example_setup_teardown_taskflow.py
[2025-10-06T17:45:05.710+0000] {processor.py:914} INFO - Processing file /home/airflow/.local/lib/python3.12/site-packages/airflow/example_dags/example_setup_teardown_taskflow.py for tasks to queue
[2025-10-06T17:45:05.714+0000] {logging_mixin.py:190} INFO - [2025-10-06T17:45:05.714+0000] {dagbag.py:588} INFO - Filling up the DagBag from /home/airflow/.local/lib/python3.12/site-packages/airflow/example_dags/example_setup_teardown_taskflow.py
[2025-10-06T17:45:05.737+0000] {processor.py:925} INFO - DAG(s) 'example_setup_teardown_taskflow' retrieved from /home/airflow/.local/lib/python3.12/site-packages/airflow/example_dags/example_setup_teardown_taskflow.py
[2025-10-06T17:45:05.767+0000] {logging_mixin.py:190} INFO - [2025-10-06T17:45:05.767+0000] {dag.py:3239} INFO - Sync 1 DAGs
[2025-10-06T17:45:05.789+0000] {logging_mixin.py:190} INFO - [2025-10-06T17:45:05.789+0000] {dag.py:4180} INFO - Setting next_dagrun for example_setup_teardown_taskflow to None, run_after=None
[2025-10-06T17:45:05.815+0000] {processor.py:208} INFO - Processing /home/airflow/.local/lib/python3.12/site-packages/airflow/example_dags/example_setup_teardown_taskflow.py took 0.117 seconds
[2025-10-06T17:45:48.307+0000] {processor.py:186} INFO - Started process (PID=662) to work on /home/airflow/.local/lib/python3.12/site-packages/airflow/example_dags/example_setup_teardown_taskflow.py
[2025-10-06T17:45:48.309+0000] {processor.py:914} INFO - Processing file /home/airflow/.local/lib/python3.12/site-packages/airflow/example_dags/example_setup_teardown_taskflow.py for tasks to queue
[2025-10-06T17:45:48.314+0000] {logging_mixin.py:190} INFO - [2025-10-06T17:45:48.313+0000] {dagbag.py:588} INFO - Filling up the DagBag from /home/airflow/.local/lib/python3.12/site-packages/airflow/example_dags/example_setup_teardown_taskflow.py
[2025-10-06T17:45:48.413+0000] {processor.py:925} INFO - DAG(s) 'example_setup_teardown_taskflow' retrieved from /home/airflow/.local/lib/python3.12/site-packages/airflow/example_dags/example_setup_teardown_taskflow.py
[2025-10-06T17:45:48.504+0000] {logging_mixin.py:190} INFO - [2025-10-06T17:45:48.504+0000] {dag.py:3239} INFO - Sync 1 DAGs
[2025-10-06T17:45:48.553+0000] {logging_mixin.py:190} INFO - [2025-10-06T17:45:48.553+0000] {dag.py:4180} INFO - Setting next_dagrun for example_setup_teardown_taskflow to None, run_after=None
[2025-10-06T17:45:48.653+0000] {processor.py:208} INFO - Processing /home/airflow/.local/lib/python3.12/site-packages/airflow/example_dags/example_setup_teardown_taskflow.py took 0.360 seconds
[2025-10-06T17:46:20.438+0000] {processor.py:186} INFO - Started process (PID=725) to work on /home/airflow/.local/lib/python3.12/site-packages/airflow/example_dags/example_setup_teardown_taskflow.py
[2025-10-06T17:46:20.439+0000] {processor.py:914} INFO - Processing file /home/airflow/.local/lib/python3.12/site-packages/airflow/example_dags/example_setup_teardown_taskflow.py for tasks to queue
[2025-10-06T17:46:20.443+0000] {logging_mixin.py:190} INFO - [2025-10-06T17:46:20.442+0000] {dagbag.py:588} INFO - Filling up the DagBag from /home/airflow/.local/lib/python3.12/site-packages/airflow/example_dags/example_setup_teardown_taskflow.py
[2025-10-06T17:46:20.459+0000] {processor.py:925} INFO - DAG(s) 'example_setup_teardown_taskflow' retrieved from /home/airflow/.local/lib/python3.12/site-packages/airflow/example_dags/example_setup_teardown_taskflow.py
[2025-10-06T17:46:20.485+0000] {logging_mixin.py:190} INFO - [2025-10-06T17:46:20.484+0000] {dag.py:3239} INFO - Sync 1 DAGs
[2025-10-06T17:46:20.504+0000] {logging_mixin.py:190} INFO - [2025-10-06T17:46:20.504+0000] {dag.py:4180} INFO - Setting next_dagrun for example_setup_teardown_taskflow to None, run_after=None
[2025-10-06T17:46:20.526+0000] {processor.py:208} INFO - Processing /home/airflow/.local/lib/python3.12/site-packages/airflow/example_dags/example_setup_teardown_taskflow.py took 0.096 seconds
[2025-10-06T17:46:52.203+0000] {processor.py:186} INFO - Started process (PID=788) to work on /home/airflow/.local/lib/python3.12/site-packages/airflow/example_dags/example_setup_teardown_taskflow.py
[2025-10-06T17:46:52.342+0000] {processor.py:914} INFO - Processing file /home/airflow/.local/lib/python3.12/site-packages/airflow/example_dags/example_setup_teardown_taskflow.py for tasks to queue
[2025-10-06T17:46:52.353+0000] {logging_mixin.py:190} INFO - [2025-10-06T17:46:52.351+0000] {dagbag.py:588} INFO - Filling up the DagBag from /home/airflow/.local/lib/python3.12/site-packages/airflow/example_dags/example_setup_teardown_taskflow.py
[2025-10-06T17:46:52.387+0000] {processor.py:925} INFO - DAG(s) 'example_setup_teardown_taskflow' retrieved from /home/airflow/.local/lib/python3.12/site-packages/airflow/example_dags/example_setup_teardown_taskflow.py
[2025-10-06T17:46:52.420+0000] {logging_mixin.py:190} INFO - [2025-10-06T17:46:52.420+0000] {dag.py:3239} INFO - Sync 1 DAGs
[2025-10-06T17:46:52.446+0000] {logging_mixin.py:190} INFO - [2025-10-06T17:46:52.446+0000] {dag.py:4180} INFO - Setting next_dagrun for example_setup_teardown_taskflow to None, run_after=None
[2025-10-06T17:46:53.367+0000] {processor.py:208} INFO - Processing /home/airflow/.local/lib/python3.12/site-packages/airflow/example_dags/example_setup_teardown_taskflow.py took 1.172 seconds
[2025-10-06T17:47:23.988+0000] {processor.py:186} INFO - Started process (PID=851) to work on /home/airflow/.local/lib/python3.12/site-packages/airflow/example_dags/example_setup_teardown_taskflow.py
[2025-10-06T17:47:23.990+0000] {processor.py:914} INFO - Processing file /home/airflow/.local/lib/python3.12/site-packages/airflow/example_dags/example_setup_teardown_taskflow.py for tasks to queue
[2025-10-06T17:47:23.993+0000] {logging_mixin.py:190} INFO - [2025-10-06T17:47:23.993+0000] {dagbag.py:588} INFO - Filling up the DagBag from /home/airflow/.local/lib/python3.12/site-packages/airflow/example_dags/example_setup_teardown_taskflow.py
[2025-10-06T17:47:24.004+0000] {processor.py:925} INFO - DAG(s) 'example_setup_teardown_taskflow' retrieved from /home/airflow/.local/lib/python3.12/site-packages/airflow/example_dags/example_setup_teardown_taskflow.py
[2025-10-06T17:47:24.029+0000] {logging_mixin.py:190} INFO - [2025-10-06T17:47:24.028+0000] {dag.py:3239} INFO - Sync 1 DAGs
[2025-10-06T17:47:24.046+0000] {logging_mixin.py:190} INFO - [2025-10-06T17:47:24.046+0000] {dag.py:4180} INFO - Setting next_dagrun for example_setup_teardown_taskflow to None, run_after=None
[2025-10-06T17:47:24.080+0000] {processor.py:208} INFO - Processing /home/airflow/.local/lib/python3.12/site-packages/airflow/example_dags/example_setup_teardown_taskflow.py took 0.098 seconds
[2025-10-06T17:47:54.587+0000] {processor.py:186} INFO - Started process (PID=914) to work on /home/airflow/.local/lib/python3.12/site-packages/airflow/example_dags/example_setup_teardown_taskflow.py
[2025-10-06T17:47:54.588+0000] {processor.py:914} INFO - Processing file /home/airflow/.local/lib/python3.12/site-packages/airflow/example_dags/example_setup_teardown_taskflow.py for tasks to queue
[2025-10-06T17:47:54.593+0000] {logging_mixin.py:190} INFO - [2025-10-06T17:47:54.593+0000] {dagbag.py:588} INFO - Filling up the DagBag from /home/airflow/.local/lib/python3.12/site-packages/airflow/example_dags/example_setup_teardown_taskflow.py
[2025-10-06T17:47:54.621+0000] {processor.py:925} INFO - DAG(s) 'example_setup_teardown_taskflow' retrieved from /home/airflow/.local/lib/python3.12/site-packages/airflow/example_dags/example_setup_teardown_taskflow.py
[2025-10-06T17:47:54.660+0000] {logging_mixin.py:190} INFO - [2025-10-06T17:47:54.660+0000] {dag.py:3239} INFO - Sync 1 DAGs
[2025-10-06T17:47:54.691+0000] {logging_mixin.py:190} INFO - [2025-10-06T17:47:54.690+0000] {dag.py:4180} INFO - Setting next_dagrun for example_setup_teardown_taskflow to None, run_after=None
[2025-10-06T17:47:54.723+0000] {processor.py:208} INFO - Processing /home/airflow/.local/lib/python3.12/site-packages/airflow/example_dags/example_setup_teardown_taskflow.py took 0.145 seconds
[2025-10-06T17:48:25.424+0000] {processor.py:186} INFO - Started process (PID=977) to work on /home/airflow/.local/lib/python3.12/site-packages/airflow/example_dags/example_setup_teardown_taskflow.py
[2025-10-06T17:48:25.425+0000] {processor.py:914} INFO - Processing file /home/airflow/.local/lib/python3.12/site-packages/airflow/example_dags/example_setup_teardown_taskflow.py for tasks to queue
[2025-10-06T17:48:25.429+0000] {logging_mixin.py:190} INFO - [2025-10-06T17:48:25.428+0000] {dagbag.py:588} INFO - Filling up the DagBag from /home/airflow/.local/lib/python3.12/site-packages/airflow/example_dags/example_setup_teardown_taskflow.py
[2025-10-06T17:48:25.444+0000] {processor.py:925} INFO - DAG(s) 'example_setup_teardown_taskflow' retrieved from /home/airflow/.local/lib/python3.12/site-packages/airflow/example_dags/example_setup_teardown_taskflow.py
[2025-10-06T17:48:25.480+0000] {logging_mixin.py:190} INFO - [2025-10-06T17:48:25.479+0000] {dag.py:3239} INFO - Sync 1 DAGs
[2025-10-06T17:48:25.501+0000] {logging_mixin.py:190} INFO - [2025-10-06T17:48:25.501+0000] {dag.py:4180} INFO - Setting next_dagrun for example_setup_teardown_taskflow to None, run_after=None
[2025-10-06T17:48:25.529+0000] {processor.py:208} INFO - Processing /home/airflow/.local/lib/python3.12/site-packages/airflow/example_dags/example_setup_teardown_taskflow.py took 0.112 seconds
[2025-10-06T17:48:56.551+0000] {processor.py:186} INFO - Started process (PID=1040) to work on /home/airflow/.local/lib/python3.12/site-packages/airflow/example_dags/example_setup_teardown_taskflow.py
[2025-10-06T17:48:56.553+0000] {processor.py:914} INFO - Processing file /home/airflow/.local/lib/python3.12/site-packages/airflow/example_dags/example_setup_teardown_taskflow.py for tasks to queue
[2025-10-06T17:48:56.561+0000] {logging_mixin.py:190} INFO - [2025-10-06T17:48:56.560+0000] {dagbag.py:588} INFO - Filling up the DagBag from /home/airflow/.local/lib/python3.12/site-packages/airflow/example_dags/example_setup_teardown_taskflow.py
[2025-10-06T17:48:56.586+0000] {processor.py:925} INFO - DAG(s) 'example_setup_teardown_taskflow' retrieved from /home/airflow/.local/lib/python3.12/site-packages/airflow/example_dags/example_setup_teardown_taskflow.py
[2025-10-06T17:48:56.631+0000] {logging_mixin.py:190} INFO - [2025-10-06T17:48:56.631+0000] {dag.py:3239} INFO - Sync 1 DAGs
[2025-10-06T17:48:56.690+0000] {logging_mixin.py:190} INFO - [2025-10-06T17:48:56.689+0000] {dag.py:4180} INFO - Setting next_dagrun for example_setup_teardown_taskflow to None, run_after=None
[2025-10-06T17:48:56.783+0000] {processor.py:208} INFO - Processing /home/airflow/.local/lib/python3.12/site-packages/airflow/example_dags/example_setup_teardown_taskflow.py took 0.248 seconds
[2025-10-06T17:49:27.656+0000] {processor.py:186} INFO - Started process (PID=1102) to work on /home/airflow/.local/lib/python3.12/site-packages/airflow/example_dags/example_setup_teardown_taskflow.py
[2025-10-06T17:49:27.658+0000] {processor.py:914} INFO - Processing file /home/airflow/.local/lib/python3.12/site-packages/airflow/example_dags/example_setup_teardown_taskflow.py for tasks to queue
[2025-10-06T17:49:27.663+0000] {logging_mixin.py:190} INFO - [2025-10-06T17:49:27.662+0000] {dagbag.py:588} INFO - Filling up the DagBag from /home/airflow/.local/lib/python3.12/site-packages/airflow/example_dags/example_setup_teardown_taskflow.py
[2025-10-06T17:49:27.687+0000] {processor.py:925} INFO - DAG(s) 'example_setup_teardown_taskflow' retrieved from /home/airflow/.local/lib/python3.12/site-packages/airflow/example_dags/example_setup_teardown_taskflow.py
[2025-10-06T17:49:27.736+0000] {logging_mixin.py:190} INFO - [2025-10-06T17:49:27.736+0000] {dag.py:3239} INFO - Sync 1 DAGs
[2025-10-06T17:49:27.773+0000] {logging_mixin.py:190} INFO - [2025-10-06T17:49:27.772+0000] {dag.py:4180} INFO - Setting next_dagrun for example_setup_teardown_taskflow to None, run_after=None
[2025-10-06T17:49:27.816+0000] {processor.py:208} INFO - Processing /home/airflow/.local/lib/python3.12/site-packages/airflow/example_dags/example_setup_teardown_taskflow.py took 0.173 seconds
[2025-10-06T17:49:57.890+0000] {processor.py:186} INFO - Started process (PID=1163) to work on /home/airflow/.local/lib/python3.12/site-packages/airflow/example_dags/example_setup_teardown_taskflow.py
[2025-10-06T17:49:57.891+0000] {processor.py:914} INFO - Processing file /home/airflow/.local/lib/python3.12/site-packages/airflow/example_dags/example_setup_teardown_taskflow.py for tasks to queue
[2025-10-06T17:49:57.894+0000] {logging_mixin.py:190} INFO - [2025-10-06T17:49:57.894+0000] {dagbag.py:588} INFO - Filling up the DagBag from /home/airflow/.local/lib/python3.12/site-packages/airflow/example_dags/example_setup_teardown_taskflow.py
[2025-10-06T17:49:57.907+0000] {processor.py:925} INFO - DAG(s) 'example_setup_teardown_taskflow' retrieved from /home/airflow/.local/lib/python3.12/site-packages/airflow/example_dags/example_setup_teardown_taskflow.py
[2025-10-06T17:49:58.272+0000] {logging_mixin.py:190} INFO - [2025-10-06T17:49:58.272+0000] {dag.py:3239} INFO - Sync 1 DAGs
[2025-10-06T17:49:58.289+0000] {logging_mixin.py:190} INFO - [2025-10-06T17:49:58.289+0000] {dag.py:4180} INFO - Setting next_dagrun for example_setup_teardown_taskflow to None, run_after=None
[2025-10-06T17:49:58.451+0000] {processor.py:208} INFO - Processing /home/airflow/.local/lib/python3.12/site-packages/airflow/example_dags/example_setup_teardown_taskflow.py took 0.568 seconds
[2025-10-06T17:50:28.709+0000] {processor.py:186} INFO - Started process (PID=1226) to work on /home/airflow/.local/lib/python3.12/site-packages/airflow/example_dags/example_setup_teardown_taskflow.py
[2025-10-06T17:50:28.711+0000] {processor.py:914} INFO - Processing file /home/airflow/.local/lib/python3.12/site-packages/airflow/example_dags/example_setup_teardown_taskflow.py for tasks to queue
[2025-10-06T17:50:28.716+0000] {logging_mixin.py:190} INFO - [2025-10-06T17:50:28.715+0000] {dagbag.py:588} INFO - Filling up the DagBag from /home/airflow/.local/lib/python3.12/site-packages/airflow/example_dags/example_setup_teardown_taskflow.py
[2025-10-06T17:50:28.736+0000] {processor.py:925} INFO - DAG(s) 'example_setup_teardown_taskflow' retrieved from /home/airflow/.local/lib/python3.12/site-packages/airflow/example_dags/example_setup_teardown_taskflow.py
[2025-10-06T17:50:28.784+0000] {logging_mixin.py:190} INFO - [2025-10-06T17:50:28.784+0000] {dag.py:3239} INFO - Sync 1 DAGs
[2025-10-06T17:50:28.814+0000] {logging_mixin.py:190} INFO - [2025-10-06T17:50:28.813+0000] {dag.py:4180} INFO - Setting next_dagrun for example_setup_teardown_taskflow to None, run_after=None
[2025-10-06T17:50:28.849+0000] {processor.py:208} INFO - Processing /home/airflow/.local/lib/python3.12/site-packages/airflow/example_dags/example_setup_teardown_taskflow.py took 0.151 seconds
[2025-10-06T17:50:59.657+0000] {processor.py:186} INFO - Started process (PID=1288) to work on /home/airflow/.local/lib/python3.12/site-packages/airflow/example_dags/example_setup_teardown_taskflow.py
[2025-10-06T17:50:59.658+0000] {processor.py:914} INFO - Processing file /home/airflow/.local/lib/python3.12/site-packages/airflow/example_dags/example_setup_teardown_taskflow.py for tasks to queue
[2025-10-06T17:50:59.661+0000] {logging_mixin.py:190} INFO - [2025-10-06T17:50:59.660+0000] {dagbag.py:588} INFO - Filling up the DagBag from /home/airflow/.local/lib/python3.12/site-packages/airflow/example_dags/example_setup_teardown_taskflow.py
[2025-10-06T17:50:59.673+0000] {processor.py:925} INFO - DAG(s) 'example_setup_teardown_taskflow' retrieved from /home/airflow/.local/lib/python3.12/site-packages/airflow/example_dags/example_setup_teardown_taskflow.py
[2025-10-06T17:50:59.705+0000] {logging_mixin.py:190} INFO - [2025-10-06T17:50:59.705+0000] {dag.py:3239} INFO - Sync 1 DAGs
[2025-10-06T17:50:59.721+0000] {logging_mixin.py:190} INFO - [2025-10-06T17:50:59.721+0000] {dag.py:4180} INFO - Setting next_dagrun for example_setup_teardown_taskflow to None, run_after=None
[2025-10-06T17:50:59.745+0000] {processor.py:208} INFO - Processing /home/airflow/.local/lib/python3.12/site-packages/airflow/example_dags/example_setup_teardown_taskflow.py took 0.094 seconds
[2025-10-06T17:51:30.147+0000] {processor.py:186} INFO - Started process (PID=1351) to work on /home/airflow/.local/lib/python3.12/site-packages/airflow/example_dags/example_setup_teardown_taskflow.py
[2025-10-06T17:51:30.148+0000] {processor.py:914} INFO - Processing file /home/airflow/.local/lib/python3.12/site-packages/airflow/example_dags/example_setup_teardown_taskflow.py for tasks to queue
[2025-10-06T17:51:30.151+0000] {logging_mixin.py:190} INFO - [2025-10-06T17:51:30.151+0000] {dagbag.py:588} INFO - Filling up the DagBag from /home/airflow/.local/lib/python3.12/site-packages/airflow/example_dags/example_setup_teardown_taskflow.py
[2025-10-06T17:51:30.162+0000] {processor.py:925} INFO - DAG(s) 'example_setup_teardown_taskflow' retrieved from /home/airflow/.local/lib/python3.12/site-packages/airflow/example_dags/example_setup_teardown_taskflow.py
[2025-10-06T17:51:30.191+0000] {logging_mixin.py:190} INFO - [2025-10-06T17:51:30.190+0000] {dag.py:3239} INFO - Sync 1 DAGs
[2025-10-06T17:51:30.206+0000] {logging_mixin.py:190} INFO - [2025-10-06T17:51:30.206+0000] {dag.py:4180} INFO - Setting next_dagrun for example_setup_teardown_taskflow to None, run_after=None
[2025-10-06T17:51:30.229+0000] {processor.py:208} INFO - Processing /home/airflow/.local/lib/python3.12/site-packages/airflow/example_dags/example_setup_teardown_taskflow.py took 0.088 seconds
[2025-10-06T17:52:00.838+0000] {processor.py:186} INFO - Started process (PID=1414) to work on /home/airflow/.local/lib/python3.12/site-packages/airflow/example_dags/example_setup_teardown_taskflow.py
[2025-10-06T17:52:00.839+0000] {processor.py:914} INFO - Processing file /home/airflow/.local/lib/python3.12/site-packages/airflow/example_dags/example_setup_teardown_taskflow.py for tasks to queue
[2025-10-06T17:52:00.843+0000] {logging_mixin.py:190} INFO - [2025-10-06T17:52:00.842+0000] {dagbag.py:588} INFO - Filling up the DagBag from /home/airflow/.local/lib/python3.12/site-packages/airflow/example_dags/example_setup_teardown_taskflow.py
[2025-10-06T17:52:00.858+0000] {processor.py:925} INFO - DAG(s) 'example_setup_teardown_taskflow' retrieved from /home/airflow/.local/lib/python3.12/site-packages/airflow/example_dags/example_setup_teardown_taskflow.py
[2025-10-06T17:52:00.890+0000] {logging_mixin.py:190} INFO - [2025-10-06T17:52:00.890+0000] {dag.py:3239} INFO - Sync 1 DAGs
[2025-10-06T17:52:00.907+0000] {logging_mixin.py:190} INFO - [2025-10-06T17:52:00.907+0000] {dag.py:4180} INFO - Setting next_dagrun for example_setup_teardown_taskflow to None, run_after=None
[2025-10-06T17:52:00.937+0000] {processor.py:208} INFO - Processing /home/airflow/.local/lib/python3.12/site-packages/airflow/example_dags/example_setup_teardown_taskflow.py took 0.107 seconds
[2025-10-06T17:52:31.827+0000] {processor.py:186} INFO - Started process (PID=1477) to work on /home/airflow/.local/lib/python3.12/site-packages/airflow/example_dags/example_setup_teardown_taskflow.py
[2025-10-06T17:52:31.828+0000] {processor.py:914} INFO - Processing file /home/airflow/.local/lib/python3.12/site-packages/airflow/example_dags/example_setup_teardown_taskflow.py for tasks to queue
[2025-10-06T17:52:31.831+0000] {logging_mixin.py:190} INFO - [2025-10-06T17:52:31.830+0000] {dagbag.py:588} INFO - Filling up the DagBag from /home/airflow/.local/lib/python3.12/site-packages/airflow/example_dags/example_setup_teardown_taskflow.py
[2025-10-06T17:52:31.841+0000] {processor.py:925} INFO - DAG(s) 'example_setup_teardown_taskflow' retrieved from /home/airflow/.local/lib/python3.12/site-packages/airflow/example_dags/example_setup_teardown_taskflow.py
[2025-10-06T17:52:31.865+0000] {logging_mixin.py:190} INFO - [2025-10-06T17:52:31.864+0000] {dag.py:3239} INFO - Sync 1 DAGs
[2025-10-06T17:52:31.880+0000] {logging_mixin.py:190} INFO - [2025-10-06T17:52:31.879+0000] {dag.py:4180} INFO - Setting next_dagrun for example_setup_teardown_taskflow to None, run_after=None
[2025-10-06T17:52:31.905+0000] {processor.py:208} INFO - Processing /home/airflow/.local/lib/python3.12/site-packages/airflow/example_dags/example_setup_teardown_taskflow.py took 0.084 seconds
[2025-10-06T17:53:02.126+0000] {processor.py:186} INFO - Started process (PID=1540) to work on /home/airflow/.local/lib/python3.12/site-packages/airflow/example_dags/example_setup_teardown_taskflow.py
[2025-10-06T17:53:02.127+0000] {processor.py:914} INFO - Processing file /home/airflow/.local/lib/python3.12/site-packages/airflow/example_dags/example_setup_teardown_taskflow.py for tasks to queue
[2025-10-06T17:53:02.130+0000] {logging_mixin.py:190} INFO - [2025-10-06T17:53:02.130+0000] {dagbag.py:588} INFO - Filling up the DagBag from /home/airflow/.local/lib/python3.12/site-packages/airflow/example_dags/example_setup_teardown_taskflow.py
[2025-10-06T17:53:02.141+0000] {processor.py:925} INFO - DAG(s) 'example_setup_teardown_taskflow' retrieved from /home/airflow/.local/lib/python3.12/site-packages/airflow/example_dags/example_setup_teardown_taskflow.py
[2025-10-06T17:53:02.166+0000] {logging_mixin.py:190} INFO - [2025-10-06T17:53:02.166+0000] {dag.py:3239} INFO - Sync 1 DAGs
[2025-10-06T17:53:02.181+0000] {logging_mixin.py:190} INFO - [2025-10-06T17:53:02.181+0000] {dag.py:4180} INFO - Setting next_dagrun for example_setup_teardown_taskflow to None, run_after=None
[2025-10-06T17:53:02.204+0000] {processor.py:208} INFO - Processing /home/airflow/.local/lib/python3.12/site-packages/airflow/example_dags/example_setup_teardown_taskflow.py took 0.084 seconds
[2025-10-06T17:53:36.401+0000] {processor.py:186} INFO - Started process (PID=1603) to work on /home/airflow/.local/lib/python3.12/site-packages/airflow/example_dags/example_setup_teardown_taskflow.py
[2025-10-06T17:53:36.403+0000] {processor.py:914} INFO - Processing file /home/airflow/.local/lib/python3.12/site-packages/airflow/example_dags/example_setup_teardown_taskflow.py for tasks to queue
[2025-10-06T17:53:36.406+0000] {logging_mixin.py:190} INFO - [2025-10-06T17:53:36.406+0000] {dagbag.py:588} INFO - Filling up the DagBag from /home/airflow/.local/lib/python3.12/site-packages/airflow/example_dags/example_setup_teardown_taskflow.py
[2025-10-06T17:53:36.421+0000] {processor.py:925} INFO - DAG(s) 'example_setup_teardown_taskflow' retrieved from /home/airflow/.local/lib/python3.12/site-packages/airflow/example_dags/example_setup_teardown_taskflow.py
[2025-10-06T17:53:36.463+0000] {logging_mixin.py:190} INFO - [2025-10-06T17:53:36.463+0000] {dag.py:3239} INFO - Sync 1 DAGs
[2025-10-06T17:53:36.499+0000] {logging_mixin.py:190} INFO - [2025-10-06T17:53:36.498+0000] {dag.py:4180} INFO - Setting next_dagrun for example_setup_teardown_taskflow to None, run_after=None
[2025-10-06T17:53:36.538+0000] {processor.py:208} INFO - Processing /home/airflow/.local/lib/python3.12/site-packages/airflow/example_dags/example_setup_teardown_taskflow.py took 0.145 seconds
[2025-10-06T17:54:06.747+0000] {processor.py:186} INFO - Started process (PID=1663) to work on /home/airflow/.local/lib/python3.12/site-packages/airflow/example_dags/example_setup_teardown_taskflow.py
[2025-10-06T17:54:06.749+0000] {processor.py:914} INFO - Processing file /home/airflow/.local/lib/python3.12/site-packages/airflow/example_dags/example_setup_teardown_taskflow.py for tasks to queue
[2025-10-06T17:54:06.757+0000] {logging_mixin.py:190} INFO - [2025-10-06T17:54:06.756+0000] {dagbag.py:588} INFO - Filling up the DagBag from /home/airflow/.local/lib/python3.12/site-packages/airflow/example_dags/example_setup_teardown_taskflow.py
[2025-10-06T17:54:06.815+0000] {processor.py:925} INFO - DAG(s) 'example_setup_teardown_taskflow' retrieved from /home/airflow/.local/lib/python3.12/site-packages/airflow/example_dags/example_setup_teardown_taskflow.py
[2025-10-06T17:54:06.864+0000] {logging_mixin.py:190} INFO - [2025-10-06T17:54:06.864+0000] {dag.py:3239} INFO - Sync 1 DAGs
[2025-10-06T17:54:06.890+0000] {logging_mixin.py:190} INFO - [2025-10-06T17:54:06.890+0000] {dag.py:4180} INFO - Setting next_dagrun for example_setup_teardown_taskflow to None, run_after=None
[2025-10-06T17:54:06.920+0000] {processor.py:208} INFO - Processing /home/airflow/.local/lib/python3.12/site-packages/airflow/example_dags/example_setup_teardown_taskflow.py took 0.194 seconds
[2025-10-06T17:54:37.372+0000] {processor.py:186} INFO - Started process (PID=1724) to work on /home/airflow/.local/lib/python3.12/site-packages/airflow/example_dags/example_setup_teardown_taskflow.py
[2025-10-06T17:54:37.373+0000] {processor.py:914} INFO - Processing file /home/airflow/.local/lib/python3.12/site-packages/airflow/example_dags/example_setup_teardown_taskflow.py for tasks to queue
[2025-10-06T17:54:37.375+0000] {logging_mixin.py:190} INFO - [2025-10-06T17:54:37.375+0000] {dagbag.py:588} INFO - Filling up the DagBag from /home/airflow/.local/lib/python3.12/site-packages/airflow/example_dags/example_setup_teardown_taskflow.py
[2025-10-06T17:54:37.387+0000] {processor.py:925} INFO - DAG(s) 'example_setup_teardown_taskflow' retrieved from /home/airflow/.local/lib/python3.12/site-packages/airflow/example_dags/example_setup_teardown_taskflow.py
[2025-10-06T17:54:37.410+0000] {logging_mixin.py:190} INFO - [2025-10-06T17:54:37.410+0000] {dag.py:3239} INFO - Sync 1 DAGs
[2025-10-06T17:54:37.427+0000] {logging_mixin.py:190} INFO - [2025-10-06T17:54:37.427+0000] {dag.py:4180} INFO - Setting next_dagrun for example_setup_teardown_taskflow to None, run_after=None
[2025-10-06T17:54:37.449+0000] {processor.py:208} INFO - Processing /home/airflow/.local/lib/python3.12/site-packages/airflow/example_dags/example_setup_teardown_taskflow.py took 0.084 seconds
[2025-10-06T17:55:07.486+0000] {processor.py:186} INFO - Started process (PID=1787) to work on /home/airflow/.local/lib/python3.12/site-packages/airflow/example_dags/example_setup_teardown_taskflow.py
[2025-10-06T17:55:07.487+0000] {processor.py:914} INFO - Processing file /home/airflow/.local/lib/python3.12/site-packages/airflow/example_dags/example_setup_teardown_taskflow.py for tasks to queue
[2025-10-06T17:55:07.489+0000] {logging_mixin.py:190} INFO - [2025-10-06T17:55:07.489+0000] {dagbag.py:588} INFO - Filling up the DagBag from /home/airflow/.local/lib/python3.12/site-packages/airflow/example_dags/example_setup_teardown_taskflow.py
[2025-10-06T17:55:07.501+0000] {processor.py:925} INFO - DAG(s) 'example_setup_teardown_taskflow' retrieved from /home/airflow/.local/lib/python3.12/site-packages/airflow/example_dags/example_setup_teardown_taskflow.py
[2025-10-06T17:55:07.524+0000] {logging_mixin.py:190} INFO - [2025-10-06T17:55:07.523+0000] {dag.py:3239} INFO - Sync 1 DAGs
[2025-10-06T17:55:07.539+0000] {logging_mixin.py:190} INFO - [2025-10-06T17:55:07.538+0000] {dag.py:4180} INFO - Setting next_dagrun for example_setup_teardown_taskflow to None, run_after=None
[2025-10-06T17:55:07.559+0000] {processor.py:208} INFO - Processing /home/airflow/.local/lib/python3.12/site-packages/airflow/example_dags/example_setup_teardown_taskflow.py took 0.079 seconds
[2025-10-06T17:55:38.541+0000] {processor.py:186} INFO - Started process (PID=1838) to work on /home/airflow/.local/lib/python3.12/site-packages/airflow/example_dags/example_setup_teardown_taskflow.py
[2025-10-06T17:55:38.543+0000] {processor.py:914} INFO - Processing file /home/airflow/.local/lib/python3.12/site-packages/airflow/example_dags/example_setup_teardown_taskflow.py for tasks to queue
[2025-10-06T17:55:38.547+0000] {logging_mixin.py:190} INFO - [2025-10-06T17:55:38.547+0000] {dagbag.py:588} INFO - Filling up the DagBag from /home/airflow/.local/lib/python3.12/site-packages/airflow/example_dags/example_setup_teardown_taskflow.py
[2025-10-06T17:55:38.563+0000] {processor.py:925} INFO - DAG(s) 'example_setup_teardown_taskflow' retrieved from /home/airflow/.local/lib/python3.12/site-packages/airflow/example_dags/example_setup_teardown_taskflow.py
[2025-10-06T17:55:38.605+0000] {logging_mixin.py:190} INFO - [2025-10-06T17:55:38.604+0000] {dag.py:3239} INFO - Sync 1 DAGs
[2025-10-06T17:55:38.646+0000] {logging_mixin.py:190} INFO - [2025-10-06T17:55:38.646+0000] {dag.py:4180} INFO - Setting next_dagrun for example_setup_teardown_taskflow to None, run_after=None
[2025-10-06T17:55:38.692+0000] {processor.py:208} INFO - Processing /home/airflow/.local/lib/python3.12/site-packages/airflow/example_dags/example_setup_teardown_taskflow.py took 0.159 seconds
[2025-10-06T17:56:08.801+0000] {processor.py:186} INFO - Started process (PID=1901) to work on /home/airflow/.local/lib/python3.12/site-packages/airflow/example_dags/example_setup_teardown_taskflow.py
[2025-10-06T17:56:08.802+0000] {processor.py:914} INFO - Processing file /home/airflow/.local/lib/python3.12/site-packages/airflow/example_dags/example_setup_teardown_taskflow.py for tasks to queue
[2025-10-06T17:56:08.806+0000] {logging_mixin.py:190} INFO - [2025-10-06T17:56:08.806+0000] {dagbag.py:588} INFO - Filling up the DagBag from /home/airflow/.local/lib/python3.12/site-packages/airflow/example_dags/example_setup_teardown_taskflow.py
[2025-10-06T17:56:08.827+0000] {processor.py:925} INFO - DAG(s) 'example_setup_teardown_taskflow' retrieved from /home/airflow/.local/lib/python3.12/site-packages/airflow/example_dags/example_setup_teardown_taskflow.py
[2025-10-06T17:56:08.861+0000] {logging_mixin.py:190} INFO - [2025-10-06T17:56:08.860+0000] {dag.py:3239} INFO - Sync 1 DAGs
[2025-10-06T17:56:08.890+0000] {logging_mixin.py:190} INFO - [2025-10-06T17:56:08.890+0000] {dag.py:4180} INFO - Setting next_dagrun for example_setup_teardown_taskflow to None, run_after=None
[2025-10-06T17:56:08.940+0000] {processor.py:208} INFO - Processing /home/airflow/.local/lib/python3.12/site-packages/airflow/example_dags/example_setup_teardown_taskflow.py took 0.148 seconds
[2025-10-06T17:56:39.790+0000] {processor.py:186} INFO - Started process (PID=1961) to work on /home/airflow/.local/lib/python3.12/site-packages/airflow/example_dags/example_setup_teardown_taskflow.py
[2025-10-06T17:56:39.791+0000] {processor.py:914} INFO - Processing file /home/airflow/.local/lib/python3.12/site-packages/airflow/example_dags/example_setup_teardown_taskflow.py for tasks to queue
[2025-10-06T17:56:39.795+0000] {logging_mixin.py:190} INFO - [2025-10-06T17:56:39.794+0000] {dagbag.py:588} INFO - Filling up the DagBag from /home/airflow/.local/lib/python3.12/site-packages/airflow/example_dags/example_setup_teardown_taskflow.py
[2025-10-06T17:56:39.809+0000] {processor.py:925} INFO - DAG(s) 'example_setup_teardown_taskflow' retrieved from /home/airflow/.local/lib/python3.12/site-packages/airflow/example_dags/example_setup_teardown_taskflow.py
[2025-10-06T17:56:39.847+0000] {logging_mixin.py:190} INFO - [2025-10-06T17:56:39.847+0000] {dag.py:3239} INFO - Sync 1 DAGs
[2025-10-06T17:56:39.880+0000] {logging_mixin.py:190} INFO - [2025-10-06T17:56:39.879+0000] {dag.py:4180} INFO - Setting next_dagrun for example_setup_teardown_taskflow to None, run_after=None
[2025-10-06T17:56:39.917+0000] {processor.py:208} INFO - Processing /home/airflow/.local/lib/python3.12/site-packages/airflow/example_dags/example_setup_teardown_taskflow.py took 0.134 seconds
[2025-10-06T17:57:11.207+0000] {processor.py:186} INFO - Started process (PID=2024) to work on /home/airflow/.local/lib/python3.12/site-packages/airflow/example_dags/example_setup_teardown_taskflow.py
[2025-10-06T17:57:11.208+0000] {processor.py:914} INFO - Processing file /home/airflow/.local/lib/python3.12/site-packages/airflow/example_dags/example_setup_teardown_taskflow.py for tasks to queue
[2025-10-06T17:57:11.211+0000] {logging_mixin.py:190} INFO - [2025-10-06T17:57:11.211+0000] {dagbag.py:588} INFO - Filling up the DagBag from /home/airflow/.local/lib/python3.12/site-packages/airflow/example_dags/example_setup_teardown_taskflow.py
[2025-10-06T17:57:11.224+0000] {processor.py:925} INFO - DAG(s) 'example_setup_teardown_taskflow' retrieved from /home/airflow/.local/lib/python3.12/site-packages/airflow/example_dags/example_setup_teardown_taskflow.py
[2025-10-06T17:57:11.248+0000] {logging_mixin.py:190} INFO - [2025-10-06T17:57:11.248+0000] {dag.py:3239} INFO - Sync 1 DAGs
[2025-10-06T17:57:11.265+0000] {logging_mixin.py:190} INFO - [2025-10-06T17:57:11.265+0000] {dag.py:4180} INFO - Setting next_dagrun for example_setup_teardown_taskflow to None, run_after=None
[2025-10-06T17:57:11.291+0000] {processor.py:208} INFO - Processing /home/airflow/.local/lib/python3.12/site-packages/airflow/example_dags/example_setup_teardown_taskflow.py took 0.092 seconds
[2025-10-06T17:57:44.769+0000] {processor.py:186} INFO - Started process (PID=2088) to work on /home/airflow/.local/lib/python3.12/site-packages/airflow/example_dags/example_setup_teardown_taskflow.py
[2025-10-06T17:57:44.772+0000] {processor.py:914} INFO - Processing file /home/airflow/.local/lib/python3.12/site-packages/airflow/example_dags/example_setup_teardown_taskflow.py for tasks to queue
[2025-10-06T17:57:44.777+0000] {logging_mixin.py:190} INFO - [2025-10-06T17:57:44.776+0000] {dagbag.py:588} INFO - Filling up the DagBag from /home/airflow/.local/lib/python3.12/site-packages/airflow/example_dags/example_setup_teardown_taskflow.py
[2025-10-06T17:57:44.798+0000] {processor.py:925} INFO - DAG(s) 'example_setup_teardown_taskflow' retrieved from /home/airflow/.local/lib/python3.12/site-packages/airflow/example_dags/example_setup_teardown_taskflow.py
[2025-10-06T17:57:44.840+0000] {logging_mixin.py:190} INFO - [2025-10-06T17:57:44.839+0000] {dag.py:3239} INFO - Sync 1 DAGs
[2025-10-06T17:57:44.868+0000] {logging_mixin.py:190} INFO - [2025-10-06T17:57:44.868+0000] {dag.py:4180} INFO - Setting next_dagrun for example_setup_teardown_taskflow to None, run_after=None
[2025-10-06T17:57:44.910+0000] {processor.py:208} INFO - Processing /home/airflow/.local/lib/python3.12/site-packages/airflow/example_dags/example_setup_teardown_taskflow.py took 0.155 seconds
[2025-10-06T17:58:17.418+0000] {processor.py:186} INFO - Started process (PID=2151) to work on /home/airflow/.local/lib/python3.12/site-packages/airflow/example_dags/example_setup_teardown_taskflow.py
[2025-10-06T17:58:17.421+0000] {processor.py:914} INFO - Processing file /home/airflow/.local/lib/python3.12/site-packages/airflow/example_dags/example_setup_teardown_taskflow.py for tasks to queue
[2025-10-06T17:58:17.427+0000] {logging_mixin.py:190} INFO - [2025-10-06T17:58:17.426+0000] {dagbag.py:588} INFO - Filling up the DagBag from /home/airflow/.local/lib/python3.12/site-packages/airflow/example_dags/example_setup_teardown_taskflow.py
[2025-10-06T17:58:17.456+0000] {processor.py:925} INFO - DAG(s) 'example_setup_teardown_taskflow' retrieved from /home/airflow/.local/lib/python3.12/site-packages/airflow/example_dags/example_setup_teardown_taskflow.py
[2025-10-06T17:58:17.500+0000] {logging_mixin.py:190} INFO - [2025-10-06T17:58:17.500+0000] {dag.py:3239} INFO - Sync 1 DAGs
[2025-10-06T17:58:17.534+0000] {logging_mixin.py:190} INFO - [2025-10-06T17:58:17.534+0000] {dag.py:4180} INFO - Setting next_dagrun for example_setup_teardown_taskflow to None, run_after=None
[2025-10-06T17:58:17.576+0000] {processor.py:208} INFO - Processing /home/airflow/.local/lib/python3.12/site-packages/airflow/example_dags/example_setup_teardown_taskflow.py took 0.173 seconds
[2025-10-06T17:58:47.884+0000] {processor.py:186} INFO - Started process (PID=2214) to work on /home/airflow/.local/lib/python3.12/site-packages/airflow/example_dags/example_setup_teardown_taskflow.py
[2025-10-06T17:58:47.885+0000] {processor.py:914} INFO - Processing file /home/airflow/.local/lib/python3.12/site-packages/airflow/example_dags/example_setup_teardown_taskflow.py for tasks to queue
[2025-10-06T17:58:47.889+0000] {logging_mixin.py:190} INFO - [2025-10-06T17:58:47.888+0000] {dagbag.py:588} INFO - Filling up the DagBag from /home/airflow/.local/lib/python3.12/site-packages/airflow/example_dags/example_setup_teardown_taskflow.py
[2025-10-06T17:58:47.902+0000] {processor.py:925} INFO - DAG(s) 'example_setup_teardown_taskflow' retrieved from /home/airflow/.local/lib/python3.12/site-packages/airflow/example_dags/example_setup_teardown_taskflow.py
[2025-10-06T17:58:47.932+0000] {logging_mixin.py:190} INFO - [2025-10-06T17:58:47.932+0000] {dag.py:3239} INFO - Sync 1 DAGs
[2025-10-06T17:58:47.953+0000] {logging_mixin.py:190} INFO - [2025-10-06T17:58:47.953+0000] {dag.py:4180} INFO - Setting next_dagrun for example_setup_teardown_taskflow to None, run_after=None
[2025-10-06T17:58:47.980+0000] {processor.py:208} INFO - Processing /home/airflow/.local/lib/python3.12/site-packages/airflow/example_dags/example_setup_teardown_taskflow.py took 0.105 seconds
[2025-10-06T17:59:18.617+0000] {processor.py:186} INFO - Started process (PID=2277) to work on /home/airflow/.local/lib/python3.12/site-packages/airflow/example_dags/example_setup_teardown_taskflow.py
[2025-10-06T17:59:18.618+0000] {processor.py:914} INFO - Processing file /home/airflow/.local/lib/python3.12/site-packages/airflow/example_dags/example_setup_teardown_taskflow.py for tasks to queue
[2025-10-06T17:59:18.621+0000] {logging_mixin.py:190} INFO - [2025-10-06T17:59:18.620+0000] {dagbag.py:588} INFO - Filling up the DagBag from /home/airflow/.local/lib/python3.12/site-packages/airflow/example_dags/example_setup_teardown_taskflow.py
[2025-10-06T17:59:18.633+0000] {processor.py:925} INFO - DAG(s) 'example_setup_teardown_taskflow' retrieved from /home/airflow/.local/lib/python3.12/site-packages/airflow/example_dags/example_setup_teardown_taskflow.py
[2025-10-06T17:59:18.657+0000] {logging_mixin.py:190} INFO - [2025-10-06T17:59:18.656+0000] {dag.py:3239} INFO - Sync 1 DAGs
[2025-10-06T17:59:18.674+0000] {logging_mixin.py:190} INFO - [2025-10-06T17:59:18.674+0000] {dag.py:4180} INFO - Setting next_dagrun for example_setup_teardown_taskflow to None, run_after=None
[2025-10-06T17:59:18.707+0000] {processor.py:208} INFO - Processing /home/airflow/.local/lib/python3.12/site-packages/airflow/example_dags/example_setup_teardown_taskflow.py took 0.097 seconds
[2025-10-06T17:59:49.752+0000] {processor.py:186} INFO - Started process (PID=2341) to work on /home/airflow/.local/lib/python3.12/site-packages/airflow/example_dags/example_setup_teardown_taskflow.py
[2025-10-06T17:59:49.753+0000] {processor.py:914} INFO - Processing file /home/airflow/.local/lib/python3.12/site-packages/airflow/example_dags/example_setup_teardown_taskflow.py for tasks to queue
[2025-10-06T17:59:49.756+0000] {logging_mixin.py:190} INFO - [2025-10-06T17:59:49.756+0000] {dagbag.py:588} INFO - Filling up the DagBag from /home/airflow/.local/lib/python3.12/site-packages/airflow/example_dags/example_setup_teardown_taskflow.py
[2025-10-06T17:59:49.770+0000] {processor.py:925} INFO - DAG(s) 'example_setup_teardown_taskflow' retrieved from /home/airflow/.local/lib/python3.12/site-packages/airflow/example_dags/example_setup_teardown_taskflow.py
[2025-10-06T17:59:49.797+0000] {logging_mixin.py:190} INFO - [2025-10-06T17:59:49.796+0000] {dag.py:3239} INFO - Sync 1 DAGs
[2025-10-06T17:59:49.817+0000] {logging_mixin.py:190} INFO - [2025-10-06T17:59:49.817+0000] {dag.py:4180} INFO - Setting next_dagrun for example_setup_teardown_taskflow to None, run_after=None
[2025-10-06T17:59:49.844+0000] {processor.py:208} INFO - Processing /home/airflow/.local/lib/python3.12/site-packages/airflow/example_dags/example_setup_teardown_taskflow.py took 0.098 seconds
[2025-10-06T18:00:20.546+0000] {processor.py:186} INFO - Started process (PID=2404) to work on /home/airflow/.local/lib/python3.12/site-packages/airflow/example_dags/example_setup_teardown_taskflow.py
[2025-10-06T18:00:20.548+0000] {processor.py:914} INFO - Processing file /home/airflow/.local/lib/python3.12/site-packages/airflow/example_dags/example_setup_teardown_taskflow.py for tasks to queue
[2025-10-06T18:00:20.552+0000] {logging_mixin.py:190} INFO - [2025-10-06T18:00:20.551+0000] {dagbag.py:588} INFO - Filling up the DagBag from /home/airflow/.local/lib/python3.12/site-packages/airflow/example_dags/example_setup_teardown_taskflow.py
[2025-10-06T18:00:20.566+0000] {processor.py:925} INFO - DAG(s) 'example_setup_teardown_taskflow' retrieved from /home/airflow/.local/lib/python3.12/site-packages/airflow/example_dags/example_setup_teardown_taskflow.py
[2025-10-06T18:00:20.591+0000] {logging_mixin.py:190} INFO - [2025-10-06T18:00:20.591+0000] {dag.py:3239} INFO - Sync 1 DAGs
[2025-10-06T18:00:20.610+0000] {logging_mixin.py:190} INFO - [2025-10-06T18:00:20.610+0000] {dag.py:4180} INFO - Setting next_dagrun for example_setup_teardown_taskflow to None, run_after=None
[2025-10-06T18:00:20.637+0000] {processor.py:208} INFO - Processing /home/airflow/.local/lib/python3.12/site-packages/airflow/example_dags/example_setup_teardown_taskflow.py took 0.102 seconds
[2025-10-06T18:00:54.395+0000] {processor.py:186} INFO - Started process (PID=2468) to work on /home/airflow/.local/lib/python3.12/site-packages/airflow/example_dags/example_setup_teardown_taskflow.py
[2025-10-06T18:00:54.397+0000] {processor.py:914} INFO - Processing file /home/airflow/.local/lib/python3.12/site-packages/airflow/example_dags/example_setup_teardown_taskflow.py for tasks to queue
[2025-10-06T18:00:54.401+0000] {logging_mixin.py:190} INFO - [2025-10-06T18:00:54.401+0000] {dagbag.py:588} INFO - Filling up the DagBag from /home/airflow/.local/lib/python3.12/site-packages/airflow/example_dags/example_setup_teardown_taskflow.py
[2025-10-06T18:00:54.423+0000] {processor.py:925} INFO - DAG(s) 'example_setup_teardown_taskflow' retrieved from /home/airflow/.local/lib/python3.12/site-packages/airflow/example_dags/example_setup_teardown_taskflow.py
[2025-10-06T18:00:54.460+0000] {logging_mixin.py:190} INFO - [2025-10-06T18:00:54.460+0000] {dag.py:3239} INFO - Sync 1 DAGs
[2025-10-06T18:00:54.492+0000] {logging_mixin.py:190} INFO - [2025-10-06T18:00:54.492+0000] {dag.py:4180} INFO - Setting next_dagrun for example_setup_teardown_taskflow to None, run_after=None
[2025-10-06T18:00:54.534+0000] {processor.py:208} INFO - Processing /home/airflow/.local/lib/python3.12/site-packages/airflow/example_dags/example_setup_teardown_taskflow.py took 0.149 seconds
[2025-10-06T18:01:24.714+0000] {processor.py:186} INFO - Started process (PID=2531) to work on /home/airflow/.local/lib/python3.12/site-packages/airflow/example_dags/example_setup_teardown_taskflow.py
[2025-10-06T18:01:24.715+0000] {processor.py:914} INFO - Processing file /home/airflow/.local/lib/python3.12/site-packages/airflow/example_dags/example_setup_teardown_taskflow.py for tasks to queue
[2025-10-06T18:01:24.718+0000] {logging_mixin.py:190} INFO - [2025-10-06T18:01:24.717+0000] {dagbag.py:588} INFO - Filling up the DagBag from /home/airflow/.local/lib/python3.12/site-packages/airflow/example_dags/example_setup_teardown_taskflow.py
[2025-10-06T18:01:24.729+0000] {processor.py:925} INFO - DAG(s) 'example_setup_teardown_taskflow' retrieved from /home/airflow/.local/lib/python3.12/site-packages/airflow/example_dags/example_setup_teardown_taskflow.py
[2025-10-06T18:01:24.752+0000] {logging_mixin.py:190} INFO - [2025-10-06T18:01:24.751+0000] {dag.py:3239} INFO - Sync 1 DAGs
[2025-10-06T18:01:24.767+0000] {logging_mixin.py:190} INFO - [2025-10-06T18:01:24.766+0000] {dag.py:4180} INFO - Setting next_dagrun for example_setup_teardown_taskflow to None, run_after=None
[2025-10-06T18:01:24.787+0000] {processor.py:208} INFO - Processing /home/airflow/.local/lib/python3.12/site-packages/airflow/example_dags/example_setup_teardown_taskflow.py took 0.081 seconds
[2025-10-06T18:01:56.416+0000] {processor.py:186} INFO - Started process (PID=2595) to work on /home/airflow/.local/lib/python3.12/site-packages/airflow/example_dags/example_setup_teardown_taskflow.py
[2025-10-06T18:01:56.418+0000] {processor.py:914} INFO - Processing file /home/airflow/.local/lib/python3.12/site-packages/airflow/example_dags/example_setup_teardown_taskflow.py for tasks to queue
[2025-10-06T18:01:56.421+0000] {logging_mixin.py:190} INFO - [2025-10-06T18:01:56.420+0000] {dagbag.py:588} INFO - Filling up the DagBag from /home/airflow/.local/lib/python3.12/site-packages/airflow/example_dags/example_setup_teardown_taskflow.py
[2025-10-06T18:01:56.436+0000] {processor.py:925} INFO - DAG(s) 'example_setup_teardown_taskflow' retrieved from /home/airflow/.local/lib/python3.12/site-packages/airflow/example_dags/example_setup_teardown_taskflow.py
[2025-10-06T18:01:56.462+0000] {logging_mixin.py:190} INFO - [2025-10-06T18:01:56.461+0000] {dag.py:3239} INFO - Sync 1 DAGs
[2025-10-06T18:01:56.479+0000] {logging_mixin.py:190} INFO - [2025-10-06T18:01:56.478+0000] {dag.py:4180} INFO - Setting next_dagrun for example_setup_teardown_taskflow to None, run_after=None
[2025-10-06T18:01:56.501+0000] {processor.py:208} INFO - Processing /home/airflow/.local/lib/python3.12/site-packages/airflow/example_dags/example_setup_teardown_taskflow.py took 0.092 seconds
[2025-10-06T18:02:26.922+0000] {processor.py:186} INFO - Started process (PID=2652) to work on /home/airflow/.local/lib/python3.12/site-packages/airflow/example_dags/example_setup_teardown_taskflow.py
[2025-10-06T18:02:26.923+0000] {processor.py:914} INFO - Processing file /home/airflow/.local/lib/python3.12/site-packages/airflow/example_dags/example_setup_teardown_taskflow.py for tasks to queue
[2025-10-06T18:02:26.926+0000] {logging_mixin.py:190} INFO - [2025-10-06T18:02:26.925+0000] {dagbag.py:588} INFO - Filling up the DagBag from /home/airflow/.local/lib/python3.12/site-packages/airflow/example_dags/example_setup_teardown_taskflow.py
[2025-10-06T18:02:26.938+0000] {processor.py:925} INFO - DAG(s) 'example_setup_teardown_taskflow' retrieved from /home/airflow/.local/lib/python3.12/site-packages/airflow/example_dags/example_setup_teardown_taskflow.py
[2025-10-06T18:02:26.963+0000] {logging_mixin.py:190} INFO - [2025-10-06T18:02:26.963+0000] {dag.py:3239} INFO - Sync 1 DAGs
[2025-10-06T18:02:26.979+0000] {logging_mixin.py:190} INFO - [2025-10-06T18:02:26.979+0000] {dag.py:4180} INFO - Setting next_dagrun for example_setup_teardown_taskflow to None, run_after=None
[2025-10-06T18:02:27.002+0000] {processor.py:208} INFO - Processing /home/airflow/.local/lib/python3.12/site-packages/airflow/example_dags/example_setup_teardown_taskflow.py took 0.088 seconds
[2025-10-06T18:02:59.522+0000] {processor.py:186} INFO - Started process (PID=2721) to work on /home/airflow/.local/lib/python3.12/site-packages/airflow/example_dags/example_setup_teardown_taskflow.py
[2025-10-06T18:02:59.524+0000] {processor.py:914} INFO - Processing file /home/airflow/.local/lib/python3.12/site-packages/airflow/example_dags/example_setup_teardown_taskflow.py for tasks to queue
[2025-10-06T18:02:59.530+0000] {logging_mixin.py:190} INFO - [2025-10-06T18:02:59.529+0000] {dagbag.py:588} INFO - Filling up the DagBag from /home/airflow/.local/lib/python3.12/site-packages/airflow/example_dags/example_setup_teardown_taskflow.py
[2025-10-06T18:02:59.562+0000] {processor.py:925} INFO - DAG(s) 'example_setup_teardown_taskflow' retrieved from /home/airflow/.local/lib/python3.12/site-packages/airflow/example_dags/example_setup_teardown_taskflow.py
[2025-10-06T18:02:59.627+0000] {logging_mixin.py:190} INFO - [2025-10-06T18:02:59.627+0000] {dag.py:3239} INFO - Sync 1 DAGs
[2025-10-06T18:02:59.675+0000] {logging_mixin.py:190} INFO - [2025-10-06T18:02:59.675+0000] {dag.py:4180} INFO - Setting next_dagrun for example_setup_teardown_taskflow to None, run_after=None
[2025-10-06T18:02:59.740+0000] {processor.py:208} INFO - Processing /home/airflow/.local/lib/python3.12/site-packages/airflow/example_dags/example_setup_teardown_taskflow.py took 0.229 seconds
[2025-10-06T18:03:33.685+0000] {processor.py:186} INFO - Started process (PID=2784) to work on /home/airflow/.local/lib/python3.12/site-packages/airflow/example_dags/example_setup_teardown_taskflow.py
[2025-10-06T18:03:33.686+0000] {processor.py:914} INFO - Processing file /home/airflow/.local/lib/python3.12/site-packages/airflow/example_dags/example_setup_teardown_taskflow.py for tasks to queue
[2025-10-06T18:03:33.688+0000] {logging_mixin.py:190} INFO - [2025-10-06T18:03:33.688+0000] {dagbag.py:588} INFO - Filling up the DagBag from /home/airflow/.local/lib/python3.12/site-packages/airflow/example_dags/example_setup_teardown_taskflow.py
[2025-10-06T18:03:33.701+0000] {processor.py:925} INFO - DAG(s) 'example_setup_teardown_taskflow' retrieved from /home/airflow/.local/lib/python3.12/site-packages/airflow/example_dags/example_setup_teardown_taskflow.py
[2025-10-06T18:03:33.724+0000] {logging_mixin.py:190} INFO - [2025-10-06T18:03:33.723+0000] {dag.py:3239} INFO - Sync 1 DAGs
[2025-10-06T18:03:33.740+0000] {logging_mixin.py:190} INFO - [2025-10-06T18:03:33.740+0000] {dag.py:4180} INFO - Setting next_dagrun for example_setup_teardown_taskflow to None, run_after=None
[2025-10-06T18:03:33.765+0000] {processor.py:208} INFO - Processing /home/airflow/.local/lib/python3.12/site-packages/airflow/example_dags/example_setup_teardown_taskflow.py took 0.086 seconds
[2025-10-06T18:04:04.610+0000] {processor.py:186} INFO - Started process (PID=2848) to work on /home/airflow/.local/lib/python3.12/site-packages/airflow/example_dags/example_setup_teardown_taskflow.py
[2025-10-06T18:04:04.611+0000] {processor.py:914} INFO - Processing file /home/airflow/.local/lib/python3.12/site-packages/airflow/example_dags/example_setup_teardown_taskflow.py for tasks to queue
[2025-10-06T18:04:04.614+0000] {logging_mixin.py:190} INFO - [2025-10-06T18:04:04.614+0000] {dagbag.py:588} INFO - Filling up the DagBag from /home/airflow/.local/lib/python3.12/site-packages/airflow/example_dags/example_setup_teardown_taskflow.py
[2025-10-06T18:04:04.626+0000] {processor.py:925} INFO - DAG(s) 'example_setup_teardown_taskflow' retrieved from /home/airflow/.local/lib/python3.12/site-packages/airflow/example_dags/example_setup_teardown_taskflow.py
[2025-10-06T18:04:04.648+0000] {logging_mixin.py:190} INFO - [2025-10-06T18:04:04.648+0000] {dag.py:3239} INFO - Sync 1 DAGs
[2025-10-06T18:04:04.663+0000] {logging_mixin.py:190} INFO - [2025-10-06T18:04:04.663+0000] {dag.py:4180} INFO - Setting next_dagrun for example_setup_teardown_taskflow to None, run_after=None
[2025-10-06T18:04:04.686+0000] {processor.py:208} INFO - Processing /home/airflow/.local/lib/python3.12/site-packages/airflow/example_dags/example_setup_teardown_taskflow.py took 0.082 seconds
[2025-10-06T18:04:36.328+0000] {processor.py:186} INFO - Started process (PID=2905) to work on /home/airflow/.local/lib/python3.12/site-packages/airflow/example_dags/example_setup_teardown_taskflow.py
[2025-10-06T18:04:36.330+0000] {processor.py:914} INFO - Processing file /home/airflow/.local/lib/python3.12/site-packages/airflow/example_dags/example_setup_teardown_taskflow.py for tasks to queue
[2025-10-06T18:04:36.333+0000] {logging_mixin.py:190} INFO - [2025-10-06T18:04:36.333+0000] {dagbag.py:588} INFO - Filling up the DagBag from /home/airflow/.local/lib/python3.12/site-packages/airflow/example_dags/example_setup_teardown_taskflow.py
[2025-10-06T18:04:36.356+0000] {processor.py:925} INFO - DAG(s) 'example_setup_teardown_taskflow' retrieved from /home/airflow/.local/lib/python3.12/site-packages/airflow/example_dags/example_setup_teardown_taskflow.py
[2025-10-06T18:04:36.385+0000] {logging_mixin.py:190} INFO - [2025-10-06T18:04:36.385+0000] {dag.py:3239} INFO - Sync 1 DAGs
[2025-10-06T18:04:36.405+0000] {logging_mixin.py:190} INFO - [2025-10-06T18:04:36.405+0000] {dag.py:4180} INFO - Setting next_dagrun for example_setup_teardown_taskflow to None, run_after=None
[2025-10-06T18:04:36.487+0000] {processor.py:208} INFO - Processing /home/airflow/.local/lib/python3.12/site-packages/airflow/example_dags/example_setup_teardown_taskflow.py took 0.167 seconds
[2025-10-06T18:14:27.265+0000] {processor.py:186} INFO - Started process (PID=91) to work on /home/airflow/.local/lib/python3.12/site-packages/airflow/example_dags/example_setup_teardown_taskflow.py
[2025-10-06T18:14:27.270+0000] {processor.py:914} INFO - Processing file /home/airflow/.local/lib/python3.12/site-packages/airflow/example_dags/example_setup_teardown_taskflow.py for tasks to queue
[2025-10-06T18:14:27.277+0000] {logging_mixin.py:190} INFO - [2025-10-06T18:14:27.276+0000] {dagbag.py:588} INFO - Filling up the DagBag from /home/airflow/.local/lib/python3.12/site-packages/airflow/example_dags/example_setup_teardown_taskflow.py
[2025-10-06T18:14:27.316+0000] {processor.py:925} INFO - DAG(s) 'example_setup_teardown_taskflow' retrieved from /home/airflow/.local/lib/python3.12/site-packages/airflow/example_dags/example_setup_teardown_taskflow.py
[2025-10-06T18:14:27.403+0000] {logging_mixin.py:190} INFO - [2025-10-06T18:14:27.403+0000] {dag.py:3239} INFO - Sync 1 DAGs
[2025-10-06T18:14:27.446+0000] {logging_mixin.py:190} INFO - [2025-10-06T18:14:27.446+0000] {dag.py:4180} INFO - Setting next_dagrun for example_setup_teardown_taskflow to None, run_after=None
[2025-10-06T18:14:27.500+0000] {processor.py:208} INFO - Processing /home/airflow/.local/lib/python3.12/site-packages/airflow/example_dags/example_setup_teardown_taskflow.py took 0.247 seconds
[2025-10-06T18:15:25.391+0000] {processor.py:186} INFO - Started process (PID=160) to work on /home/airflow/.local/lib/python3.12/site-packages/airflow/example_dags/example_setup_teardown_taskflow.py
[2025-10-06T18:15:25.409+0000] {processor.py:914} INFO - Processing file /home/airflow/.local/lib/python3.12/site-packages/airflow/example_dags/example_setup_teardown_taskflow.py for tasks to queue
[2025-10-06T18:15:25.413+0000] {logging_mixin.py:190} INFO - [2025-10-06T18:15:25.412+0000] {dagbag.py:588} INFO - Filling up the DagBag from /home/airflow/.local/lib/python3.12/site-packages/airflow/example_dags/example_setup_teardown_taskflow.py
[2025-10-06T18:15:25.428+0000] {processor.py:925} INFO - DAG(s) 'example_setup_teardown_taskflow' retrieved from /home/airflow/.local/lib/python3.12/site-packages/airflow/example_dags/example_setup_teardown_taskflow.py
[2025-10-06T18:15:25.458+0000] {logging_mixin.py:190} INFO - [2025-10-06T18:15:25.458+0000] {dag.py:3239} INFO - Sync 1 DAGs
[2025-10-06T18:15:25.477+0000] {logging_mixin.py:190} INFO - [2025-10-06T18:15:25.477+0000] {dag.py:4180} INFO - Setting next_dagrun for example_setup_teardown_taskflow to None, run_after=None
[2025-10-06T18:15:25.608+0000] {processor.py:208} INFO - Processing /home/airflow/.local/lib/python3.12/site-packages/airflow/example_dags/example_setup_teardown_taskflow.py took 0.227 seconds
[2025-10-06T18:15:55.973+0000] {processor.py:186} INFO - Started process (PID=223) to work on /home/airflow/.local/lib/python3.12/site-packages/airflow/example_dags/example_setup_teardown_taskflow.py
[2025-10-06T18:15:55.974+0000] {processor.py:914} INFO - Processing file /home/airflow/.local/lib/python3.12/site-packages/airflow/example_dags/example_setup_teardown_taskflow.py for tasks to queue
[2025-10-06T18:15:55.978+0000] {logging_mixin.py:190} INFO - [2025-10-06T18:15:55.978+0000] {dagbag.py:588} INFO - Filling up the DagBag from /home/airflow/.local/lib/python3.12/site-packages/airflow/example_dags/example_setup_teardown_taskflow.py
[2025-10-06T18:15:55.995+0000] {processor.py:925} INFO - DAG(s) 'example_setup_teardown_taskflow' retrieved from /home/airflow/.local/lib/python3.12/site-packages/airflow/example_dags/example_setup_teardown_taskflow.py
[2025-10-06T18:15:56.023+0000] {logging_mixin.py:190} INFO - [2025-10-06T18:15:56.022+0000] {dag.py:3239} INFO - Sync 1 DAGs
[2025-10-06T18:15:56.041+0000] {logging_mixin.py:190} INFO - [2025-10-06T18:15:56.041+0000] {dag.py:4180} INFO - Setting next_dagrun for example_setup_teardown_taskflow to None, run_after=None
[2025-10-06T18:15:56.066+0000] {processor.py:208} INFO - Processing /home/airflow/.local/lib/python3.12/site-packages/airflow/example_dags/example_setup_teardown_taskflow.py took 0.101 seconds
[2025-10-06T18:16:28.612+0000] {processor.py:186} INFO - Started process (PID=291) to work on /home/airflow/.local/lib/python3.12/site-packages/airflow/example_dags/example_setup_teardown_taskflow.py
[2025-10-06T18:16:28.614+0000] {processor.py:914} INFO - Processing file /home/airflow/.local/lib/python3.12/site-packages/airflow/example_dags/example_setup_teardown_taskflow.py for tasks to queue
[2025-10-06T18:16:28.618+0000] {logging_mixin.py:190} INFO - [2025-10-06T18:16:28.618+0000] {dagbag.py:588} INFO - Filling up the DagBag from /home/airflow/.local/lib/python3.12/site-packages/airflow/example_dags/example_setup_teardown_taskflow.py
[2025-10-06T18:16:28.636+0000] {processor.py:925} INFO - DAG(s) 'example_setup_teardown_taskflow' retrieved from /home/airflow/.local/lib/python3.12/site-packages/airflow/example_dags/example_setup_teardown_taskflow.py
[2025-10-06T18:16:28.680+0000] {logging_mixin.py:190} INFO - [2025-10-06T18:16:28.679+0000] {dag.py:3239} INFO - Sync 1 DAGs
[2025-10-06T18:16:28.703+0000] {logging_mixin.py:190} INFO - [2025-10-06T18:16:28.703+0000] {dag.py:4180} INFO - Setting next_dagrun for example_setup_teardown_taskflow to None, run_after=None
[2025-10-06T18:16:28.737+0000] {processor.py:208} INFO - Processing /home/airflow/.local/lib/python3.12/site-packages/airflow/example_dags/example_setup_teardown_taskflow.py took 0.134 seconds
[2025-10-06T18:17:01.349+0000] {processor.py:186} INFO - Started process (PID=354) to work on /home/airflow/.local/lib/python3.12/site-packages/airflow/example_dags/example_setup_teardown_taskflow.py
[2025-10-06T18:17:01.351+0000] {processor.py:914} INFO - Processing file /home/airflow/.local/lib/python3.12/site-packages/airflow/example_dags/example_setup_teardown_taskflow.py for tasks to queue
[2025-10-06T18:17:01.359+0000] {logging_mixin.py:190} INFO - [2025-10-06T18:17:01.358+0000] {dagbag.py:588} INFO - Filling up the DagBag from /home/airflow/.local/lib/python3.12/site-packages/airflow/example_dags/example_setup_teardown_taskflow.py
[2025-10-06T18:17:01.388+0000] {processor.py:925} INFO - DAG(s) 'example_setup_teardown_taskflow' retrieved from /home/airflow/.local/lib/python3.12/site-packages/airflow/example_dags/example_setup_teardown_taskflow.py
[2025-10-06T18:17:01.464+0000] {logging_mixin.py:190} INFO - [2025-10-06T18:17:01.463+0000] {dag.py:3239} INFO - Sync 1 DAGs
[2025-10-06T18:17:01.507+0000] {logging_mixin.py:190} INFO - [2025-10-06T18:17:01.507+0000] {dag.py:4180} INFO - Setting next_dagrun for example_setup_teardown_taskflow to None, run_after=None
[2025-10-06T18:17:01.554+0000] {processor.py:208} INFO - Processing /home/airflow/.local/lib/python3.12/site-packages/airflow/example_dags/example_setup_teardown_taskflow.py took 0.219 seconds
[2025-10-06T18:17:32.599+0000] {processor.py:186} INFO - Started process (PID=417) to work on /home/airflow/.local/lib/python3.12/site-packages/airflow/example_dags/example_setup_teardown_taskflow.py
[2025-10-06T18:17:32.614+0000] {processor.py:914} INFO - Processing file /home/airflow/.local/lib/python3.12/site-packages/airflow/example_dags/example_setup_teardown_taskflow.py for tasks to queue
[2025-10-06T18:17:32.621+0000] {logging_mixin.py:190} INFO - [2025-10-06T18:17:32.620+0000] {dagbag.py:588} INFO - Filling up the DagBag from /home/airflow/.local/lib/python3.12/site-packages/airflow/example_dags/example_setup_teardown_taskflow.py
[2025-10-06T18:17:32.648+0000] {processor.py:925} INFO - DAG(s) 'example_setup_teardown_taskflow' retrieved from /home/airflow/.local/lib/python3.12/site-packages/airflow/example_dags/example_setup_teardown_taskflow.py
[2025-10-06T18:17:32.750+0000] {logging_mixin.py:190} INFO - [2025-10-06T18:17:32.749+0000] {dag.py:3239} INFO - Sync 1 DAGs
[2025-10-06T18:17:32.836+0000] {logging_mixin.py:190} INFO - [2025-10-06T18:17:32.835+0000] {dag.py:4180} INFO - Setting next_dagrun for example_setup_teardown_taskflow to None, run_after=None
[2025-10-06T18:17:32.865+0000] {processor.py:208} INFO - Processing /home/airflow/.local/lib/python3.12/site-packages/airflow/example_dags/example_setup_teardown_taskflow.py took 0.301 seconds
[2025-10-06T18:18:03.247+0000] {processor.py:186} INFO - Started process (PID=474) to work on /home/airflow/.local/lib/python3.12/site-packages/airflow/example_dags/example_setup_teardown_taskflow.py
[2025-10-06T18:18:03.248+0000] {processor.py:914} INFO - Processing file /home/airflow/.local/lib/python3.12/site-packages/airflow/example_dags/example_setup_teardown_taskflow.py for tasks to queue
[2025-10-06T18:18:03.251+0000] {logging_mixin.py:190} INFO - [2025-10-06T18:18:03.251+0000] {dagbag.py:588} INFO - Filling up the DagBag from /home/airflow/.local/lib/python3.12/site-packages/airflow/example_dags/example_setup_teardown_taskflow.py
[2025-10-06T18:18:03.265+0000] {processor.py:925} INFO - DAG(s) 'example_setup_teardown_taskflow' retrieved from /home/airflow/.local/lib/python3.12/site-packages/airflow/example_dags/example_setup_teardown_taskflow.py
[2025-10-06T18:18:03.295+0000] {logging_mixin.py:190} INFO - [2025-10-06T18:18:03.294+0000] {dag.py:3239} INFO - Sync 1 DAGs
[2025-10-06T18:18:03.313+0000] {logging_mixin.py:190} INFO - [2025-10-06T18:18:03.313+0000] {dag.py:4180} INFO - Setting next_dagrun for example_setup_teardown_taskflow to None, run_after=None
[2025-10-06T18:18:03.343+0000] {processor.py:208} INFO - Processing /home/airflow/.local/lib/python3.12/site-packages/airflow/example_dags/example_setup_teardown_taskflow.py took 0.103 seconds
[2025-10-06T18:18:35.512+0000] {processor.py:186} INFO - Started process (PID=544) to work on /home/airflow/.local/lib/python3.12/site-packages/airflow/example_dags/example_setup_teardown_taskflow.py
[2025-10-06T18:18:35.515+0000] {processor.py:914} INFO - Processing file /home/airflow/.local/lib/python3.12/site-packages/airflow/example_dags/example_setup_teardown_taskflow.py for tasks to queue
[2025-10-06T18:18:35.522+0000] {logging_mixin.py:190} INFO - [2025-10-06T18:18:35.521+0000] {dagbag.py:588} INFO - Filling up the DagBag from /home/airflow/.local/lib/python3.12/site-packages/airflow/example_dags/example_setup_teardown_taskflow.py
[2025-10-06T18:18:35.546+0000] {processor.py:925} INFO - DAG(s) 'example_setup_teardown_taskflow' retrieved from /home/airflow/.local/lib/python3.12/site-packages/airflow/example_dags/example_setup_teardown_taskflow.py
[2025-10-06T18:18:35.589+0000] {logging_mixin.py:190} INFO - [2025-10-06T18:18:35.589+0000] {dag.py:3239} INFO - Sync 1 DAGs
[2025-10-06T18:18:35.624+0000] {logging_mixin.py:190} INFO - [2025-10-06T18:18:35.623+0000] {dag.py:4180} INFO - Setting next_dagrun for example_setup_teardown_taskflow to None, run_after=None
[2025-10-06T18:18:35.667+0000] {processor.py:208} INFO - Processing /home/airflow/.local/lib/python3.12/site-packages/airflow/example_dags/example_setup_teardown_taskflow.py took 0.166 seconds
[2025-10-06T18:19:05.818+0000] {processor.py:186} INFO - Started process (PID=601) to work on /home/airflow/.local/lib/python3.12/site-packages/airflow/example_dags/example_setup_teardown_taskflow.py
[2025-10-06T18:19:05.819+0000] {processor.py:914} INFO - Processing file /home/airflow/.local/lib/python3.12/site-packages/airflow/example_dags/example_setup_teardown_taskflow.py for tasks to queue
[2025-10-06T18:19:05.823+0000] {logging_mixin.py:190} INFO - [2025-10-06T18:19:05.823+0000] {dagbag.py:588} INFO - Filling up the DagBag from /home/airflow/.local/lib/python3.12/site-packages/airflow/example_dags/example_setup_teardown_taskflow.py
[2025-10-06T18:19:05.837+0000] {processor.py:925} INFO - DAG(s) 'example_setup_teardown_taskflow' retrieved from /home/airflow/.local/lib/python3.12/site-packages/airflow/example_dags/example_setup_teardown_taskflow.py
[2025-10-06T18:19:05.865+0000] {logging_mixin.py:190} INFO - [2025-10-06T18:19:05.864+0000] {dag.py:3239} INFO - Sync 1 DAGs
[2025-10-06T18:19:05.884+0000] {logging_mixin.py:190} INFO - [2025-10-06T18:19:05.884+0000] {dag.py:4180} INFO - Setting next_dagrun for example_setup_teardown_taskflow to None, run_after=None
[2025-10-06T18:19:05.907+0000] {processor.py:208} INFO - Processing /home/airflow/.local/lib/python3.12/site-packages/airflow/example_dags/example_setup_teardown_taskflow.py took 0.097 seconds
[2025-10-06T18:19:38.299+0000] {processor.py:186} INFO - Started process (PID=664) to work on /home/airflow/.local/lib/python3.12/site-packages/airflow/example_dags/example_setup_teardown_taskflow.py
[2025-10-06T18:19:38.302+0000] {processor.py:914} INFO - Processing file /home/airflow/.local/lib/python3.12/site-packages/airflow/example_dags/example_setup_teardown_taskflow.py for tasks to queue
[2025-10-06T18:19:38.326+0000] {logging_mixin.py:190} INFO - [2025-10-06T18:19:38.325+0000] {dagbag.py:588} INFO - Filling up the DagBag from /home/airflow/.local/lib/python3.12/site-packages/airflow/example_dags/example_setup_teardown_taskflow.py
[2025-10-06T18:19:38.395+0000] {processor.py:925} INFO - DAG(s) 'example_setup_teardown_taskflow' retrieved from /home/airflow/.local/lib/python3.12/site-packages/airflow/example_dags/example_setup_teardown_taskflow.py
[2025-10-06T18:19:38.490+0000] {logging_mixin.py:190} INFO - [2025-10-06T18:19:38.489+0000] {dag.py:3239} INFO - Sync 1 DAGs
[2025-10-06T18:19:38.631+0000] {logging_mixin.py:190} INFO - [2025-10-06T18:19:38.630+0000] {dag.py:4180} INFO - Setting next_dagrun for example_setup_teardown_taskflow to None, run_after=None
[2025-10-06T18:19:38.757+0000] {processor.py:208} INFO - Processing /home/airflow/.local/lib/python3.12/site-packages/airflow/example_dags/example_setup_teardown_taskflow.py took 0.478 seconds
[2025-10-06T18:20:09.532+0000] {processor.py:186} INFO - Started process (PID=727) to work on /home/airflow/.local/lib/python3.12/site-packages/airflow/example_dags/example_setup_teardown_taskflow.py
[2025-10-06T18:20:09.534+0000] {processor.py:914} INFO - Processing file /home/airflow/.local/lib/python3.12/site-packages/airflow/example_dags/example_setup_teardown_taskflow.py for tasks to queue
[2025-10-06T18:20:09.537+0000] {logging_mixin.py:190} INFO - [2025-10-06T18:20:09.537+0000] {dagbag.py:588} INFO - Filling up the DagBag from /home/airflow/.local/lib/python3.12/site-packages/airflow/example_dags/example_setup_teardown_taskflow.py
[2025-10-06T18:20:09.549+0000] {processor.py:925} INFO - DAG(s) 'example_setup_teardown_taskflow' retrieved from /home/airflow/.local/lib/python3.12/site-packages/airflow/example_dags/example_setup_teardown_taskflow.py
[2025-10-06T18:20:09.573+0000] {logging_mixin.py:190} INFO - [2025-10-06T18:20:09.573+0000] {dag.py:3239} INFO - Sync 1 DAGs
[2025-10-06T18:20:09.588+0000] {logging_mixin.py:190} INFO - [2025-10-06T18:20:09.588+0000] {dag.py:4180} INFO - Setting next_dagrun for example_setup_teardown_taskflow to None, run_after=None
[2025-10-06T18:20:09.610+0000] {processor.py:208} INFO - Processing /home/airflow/.local/lib/python3.12/site-packages/airflow/example_dags/example_setup_teardown_taskflow.py took 0.084 seconds
[2025-10-06T18:20:39.669+0000] {processor.py:186} INFO - Started process (PID=789) to work on /home/airflow/.local/lib/python3.12/site-packages/airflow/example_dags/example_setup_teardown_taskflow.py
[2025-10-06T18:20:39.671+0000] {processor.py:914} INFO - Processing file /home/airflow/.local/lib/python3.12/site-packages/airflow/example_dags/example_setup_teardown_taskflow.py for tasks to queue
[2025-10-06T18:20:39.675+0000] {logging_mixin.py:190} INFO - [2025-10-06T18:20:39.674+0000] {dagbag.py:588} INFO - Filling up the DagBag from /home/airflow/.local/lib/python3.12/site-packages/airflow/example_dags/example_setup_teardown_taskflow.py
[2025-10-06T18:20:39.702+0000] {processor.py:925} INFO - DAG(s) 'example_setup_teardown_taskflow' retrieved from /home/airflow/.local/lib/python3.12/site-packages/airflow/example_dags/example_setup_teardown_taskflow.py
[2025-10-06T18:20:39.752+0000] {logging_mixin.py:190} INFO - [2025-10-06T18:20:39.752+0000] {dag.py:3239} INFO - Sync 1 DAGs
[2025-10-06T18:20:39.779+0000] {logging_mixin.py:190} INFO - [2025-10-06T18:20:39.779+0000] {dag.py:4180} INFO - Setting next_dagrun for example_setup_teardown_taskflow to None, run_after=None
[2025-10-06T18:20:39.812+0000] {processor.py:208} INFO - Processing /home/airflow/.local/lib/python3.12/site-packages/airflow/example_dags/example_setup_teardown_taskflow.py took 0.151 seconds
[2025-10-06T18:21:33.751+0000] {processor.py:186} INFO - Started process (PID=79) to work on /home/airflow/.local/lib/python3.12/site-packages/airflow/example_dags/example_setup_teardown_taskflow.py
[2025-10-06T18:21:33.753+0000] {processor.py:914} INFO - Processing file /home/airflow/.local/lib/python3.12/site-packages/airflow/example_dags/example_setup_teardown_taskflow.py for tasks to queue
[2025-10-06T18:21:33.756+0000] {logging_mixin.py:190} INFO - [2025-10-06T18:21:33.756+0000] {dagbag.py:588} INFO - Filling up the DagBag from /home/airflow/.local/lib/python3.12/site-packages/airflow/example_dags/example_setup_teardown_taskflow.py
[2025-10-06T18:21:33.773+0000] {processor.py:925} INFO - DAG(s) 'example_setup_teardown_taskflow' retrieved from /home/airflow/.local/lib/python3.12/site-packages/airflow/example_dags/example_setup_teardown_taskflow.py
[2025-10-06T18:21:33.820+0000] {logging_mixin.py:190} INFO - [2025-10-06T18:21:33.819+0000] {dag.py:3239} INFO - Sync 1 DAGs
[2025-10-06T18:21:33.845+0000] {logging_mixin.py:190} INFO - [2025-10-06T18:21:33.845+0000] {dag.py:4180} INFO - Setting next_dagrun for example_setup_teardown_taskflow to None, run_after=None
[2025-10-06T18:21:33.887+0000] {processor.py:208} INFO - Processing /home/airflow/.local/lib/python3.12/site-packages/airflow/example_dags/example_setup_teardown_taskflow.py took 0.146 seconds
[2025-10-06T18:22:04.631+0000] {processor.py:186} INFO - Started process (PID=142) to work on /home/airflow/.local/lib/python3.12/site-packages/airflow/example_dags/example_setup_teardown_taskflow.py
[2025-10-06T18:22:04.633+0000] {processor.py:914} INFO - Processing file /home/airflow/.local/lib/python3.12/site-packages/airflow/example_dags/example_setup_teardown_taskflow.py for tasks to queue
[2025-10-06T18:22:04.636+0000] {logging_mixin.py:190} INFO - [2025-10-06T18:22:04.636+0000] {dagbag.py:588} INFO - Filling up the DagBag from /home/airflow/.local/lib/python3.12/site-packages/airflow/example_dags/example_setup_teardown_taskflow.py
[2025-10-06T18:22:04.650+0000] {processor.py:925} INFO - DAG(s) 'example_setup_teardown_taskflow' retrieved from /home/airflow/.local/lib/python3.12/site-packages/airflow/example_dags/example_setup_teardown_taskflow.py
[2025-10-06T18:22:04.676+0000] {logging_mixin.py:190} INFO - [2025-10-06T18:22:04.676+0000] {dag.py:3239} INFO - Sync 1 DAGs
[2025-10-06T18:22:04.693+0000] {logging_mixin.py:190} INFO - [2025-10-06T18:22:04.692+0000] {dag.py:4180} INFO - Setting next_dagrun for example_setup_teardown_taskflow to None, run_after=None
[2025-10-06T18:22:04.716+0000] {processor.py:208} INFO - Processing /home/airflow/.local/lib/python3.12/site-packages/airflow/example_dags/example_setup_teardown_taskflow.py took 0.092 seconds
[2025-10-06T18:22:35.036+0000] {processor.py:186} INFO - Started process (PID=204) to work on /home/airflow/.local/lib/python3.12/site-packages/airflow/example_dags/example_setup_teardown_taskflow.py
[2025-10-06T18:22:35.038+0000] {processor.py:914} INFO - Processing file /home/airflow/.local/lib/python3.12/site-packages/airflow/example_dags/example_setup_teardown_taskflow.py for tasks to queue
[2025-10-06T18:22:35.042+0000] {logging_mixin.py:190} INFO - [2025-10-06T18:22:35.041+0000] {dagbag.py:588} INFO - Filling up the DagBag from /home/airflow/.local/lib/python3.12/site-packages/airflow/example_dags/example_setup_teardown_taskflow.py
[2025-10-06T18:22:35.066+0000] {processor.py:925} INFO - DAG(s) 'example_setup_teardown_taskflow' retrieved from /home/airflow/.local/lib/python3.12/site-packages/airflow/example_dags/example_setup_teardown_taskflow.py
[2025-10-06T18:22:35.105+0000] {logging_mixin.py:190} INFO - [2025-10-06T18:22:35.105+0000] {dag.py:3239} INFO - Sync 1 DAGs
[2025-10-06T18:22:35.127+0000] {logging_mixin.py:190} INFO - [2025-10-06T18:22:35.127+0000] {dag.py:4180} INFO - Setting next_dagrun for example_setup_teardown_taskflow to None, run_after=None
[2025-10-06T18:22:35.161+0000] {processor.py:208} INFO - Processing /home/airflow/.local/lib/python3.12/site-packages/airflow/example_dags/example_setup_teardown_taskflow.py took 0.142 seconds
[2025-10-06T18:23:06.157+0000] {processor.py:186} INFO - Started process (PID=267) to work on /home/airflow/.local/lib/python3.12/site-packages/airflow/example_dags/example_setup_teardown_taskflow.py
[2025-10-06T18:23:06.158+0000] {processor.py:914} INFO - Processing file /home/airflow/.local/lib/python3.12/site-packages/airflow/example_dags/example_setup_teardown_taskflow.py for tasks to queue
[2025-10-06T18:23:06.163+0000] {logging_mixin.py:190} INFO - [2025-10-06T18:23:06.163+0000] {dagbag.py:588} INFO - Filling up the DagBag from /home/airflow/.local/lib/python3.12/site-packages/airflow/example_dags/example_setup_teardown_taskflow.py
[2025-10-06T18:23:06.184+0000] {processor.py:925} INFO - DAG(s) 'example_setup_teardown_taskflow' retrieved from /home/airflow/.local/lib/python3.12/site-packages/airflow/example_dags/example_setup_teardown_taskflow.py
[2025-10-06T18:23:06.218+0000] {logging_mixin.py:190} INFO - [2025-10-06T18:23:06.218+0000] {dag.py:3239} INFO - Sync 1 DAGs
[2025-10-06T18:23:06.240+0000] {logging_mixin.py:190} INFO - [2025-10-06T18:23:06.240+0000] {dag.py:4180} INFO - Setting next_dagrun for example_setup_teardown_taskflow to None, run_after=None
[2025-10-06T18:23:06.269+0000] {processor.py:208} INFO - Processing /home/airflow/.local/lib/python3.12/site-packages/airflow/example_dags/example_setup_teardown_taskflow.py took 0.123 seconds
[2025-10-06T18:23:38.487+0000] {processor.py:186} INFO - Started process (PID=330) to work on /home/airflow/.local/lib/python3.12/site-packages/airflow/example_dags/example_setup_teardown_taskflow.py
[2025-10-06T18:23:38.489+0000] {processor.py:914} INFO - Processing file /home/airflow/.local/lib/python3.12/site-packages/airflow/example_dags/example_setup_teardown_taskflow.py for tasks to queue
[2025-10-06T18:23:38.493+0000] {logging_mixin.py:190} INFO - [2025-10-06T18:23:38.492+0000] {dagbag.py:588} INFO - Filling up the DagBag from /home/airflow/.local/lib/python3.12/site-packages/airflow/example_dags/example_setup_teardown_taskflow.py
[2025-10-06T18:23:38.510+0000] {processor.py:925} INFO - DAG(s) 'example_setup_teardown_taskflow' retrieved from /home/airflow/.local/lib/python3.12/site-packages/airflow/example_dags/example_setup_teardown_taskflow.py
[2025-10-06T18:23:38.546+0000] {logging_mixin.py:190} INFO - [2025-10-06T18:23:38.545+0000] {dag.py:3239} INFO - Sync 1 DAGs
[2025-10-06T18:23:38.570+0000] {logging_mixin.py:190} INFO - [2025-10-06T18:23:38.570+0000] {dag.py:4180} INFO - Setting next_dagrun for example_setup_teardown_taskflow to None, run_after=None
[2025-10-06T18:23:38.607+0000] {processor.py:208} INFO - Processing /home/airflow/.local/lib/python3.12/site-packages/airflow/example_dags/example_setup_teardown_taskflow.py took 0.134 seconds
[2025-10-06T18:24:09.955+0000] {processor.py:186} INFO - Started process (PID=393) to work on /home/airflow/.local/lib/python3.12/site-packages/airflow/example_dags/example_setup_teardown_taskflow.py
[2025-10-06T18:24:09.958+0000] {processor.py:914} INFO - Processing file /home/airflow/.local/lib/python3.12/site-packages/airflow/example_dags/example_setup_teardown_taskflow.py for tasks to queue
[2025-10-06T18:24:09.963+0000] {logging_mixin.py:190} INFO - [2025-10-06T18:24:09.962+0000] {dagbag.py:588} INFO - Filling up the DagBag from /home/airflow/.local/lib/python3.12/site-packages/airflow/example_dags/example_setup_teardown_taskflow.py
[2025-10-06T18:24:09.984+0000] {processor.py:925} INFO - DAG(s) 'example_setup_teardown_taskflow' retrieved from /home/airflow/.local/lib/python3.12/site-packages/airflow/example_dags/example_setup_teardown_taskflow.py
[2025-10-06T18:24:10.027+0000] {logging_mixin.py:190} INFO - [2025-10-06T18:24:10.027+0000] {dag.py:3239} INFO - Sync 1 DAGs
[2025-10-06T18:24:10.055+0000] {logging_mixin.py:190} INFO - [2025-10-06T18:24:10.055+0000] {dag.py:4180} INFO - Setting next_dagrun for example_setup_teardown_taskflow to None, run_after=None
[2025-10-06T18:24:10.103+0000] {processor.py:208} INFO - Processing /home/airflow/.local/lib/python3.12/site-packages/airflow/example_dags/example_setup_teardown_taskflow.py took 0.158 seconds
[2025-10-06T18:24:40.758+0000] {processor.py:186} INFO - Started process (PID=457) to work on /home/airflow/.local/lib/python3.12/site-packages/airflow/example_dags/example_setup_teardown_taskflow.py
[2025-10-06T18:24:40.759+0000] {processor.py:914} INFO - Processing file /home/airflow/.local/lib/python3.12/site-packages/airflow/example_dags/example_setup_teardown_taskflow.py for tasks to queue
[2025-10-06T18:24:40.764+0000] {logging_mixin.py:190} INFO - [2025-10-06T18:24:40.763+0000] {dagbag.py:588} INFO - Filling up the DagBag from /home/airflow/.local/lib/python3.12/site-packages/airflow/example_dags/example_setup_teardown_taskflow.py
[2025-10-06T18:24:40.780+0000] {processor.py:925} INFO - DAG(s) 'example_setup_teardown_taskflow' retrieved from /home/airflow/.local/lib/python3.12/site-packages/airflow/example_dags/example_setup_teardown_taskflow.py
[2025-10-06T18:24:40.812+0000] {logging_mixin.py:190} INFO - [2025-10-06T18:24:40.811+0000] {dag.py:3239} INFO - Sync 1 DAGs
[2025-10-06T18:24:40.834+0000] {logging_mixin.py:190} INFO - [2025-10-06T18:24:40.834+0000] {dag.py:4180} INFO - Setting next_dagrun for example_setup_teardown_taskflow to None, run_after=None
[2025-10-06T18:24:40.866+0000] {processor.py:208} INFO - Processing /home/airflow/.local/lib/python3.12/site-packages/airflow/example_dags/example_setup_teardown_taskflow.py took 0.116 seconds
[2025-10-06T18:25:13.701+0000] {processor.py:186} INFO - Started process (PID=521) to work on /home/airflow/.local/lib/python3.12/site-packages/airflow/example_dags/example_setup_teardown_taskflow.py
[2025-10-06T18:25:13.702+0000] {processor.py:914} INFO - Processing file /home/airflow/.local/lib/python3.12/site-packages/airflow/example_dags/example_setup_teardown_taskflow.py for tasks to queue
[2025-10-06T18:25:13.705+0000] {logging_mixin.py:190} INFO - [2025-10-06T18:25:13.704+0000] {dagbag.py:588} INFO - Filling up the DagBag from /home/airflow/.local/lib/python3.12/site-packages/airflow/example_dags/example_setup_teardown_taskflow.py
[2025-10-06T18:25:13.717+0000] {processor.py:925} INFO - DAG(s) 'example_setup_teardown_taskflow' retrieved from /home/airflow/.local/lib/python3.12/site-packages/airflow/example_dags/example_setup_teardown_taskflow.py
[2025-10-06T18:25:13.741+0000] {logging_mixin.py:190} INFO - [2025-10-06T18:25:13.741+0000] {dag.py:3239} INFO - Sync 1 DAGs
[2025-10-06T18:25:13.757+0000] {logging_mixin.py:190} INFO - [2025-10-06T18:25:13.757+0000] {dag.py:4180} INFO - Setting next_dagrun for example_setup_teardown_taskflow to None, run_after=None
[2025-10-06T18:25:13.778+0000] {processor.py:208} INFO - Processing /home/airflow/.local/lib/python3.12/site-packages/airflow/example_dags/example_setup_teardown_taskflow.py took 0.084 seconds
[2025-10-06T18:25:44.875+0000] {processor.py:186} INFO - Started process (PID=585) to work on /home/airflow/.local/lib/python3.12/site-packages/airflow/example_dags/example_setup_teardown_taskflow.py
[2025-10-06T18:25:44.876+0000] {processor.py:914} INFO - Processing file /home/airflow/.local/lib/python3.12/site-packages/airflow/example_dags/example_setup_teardown_taskflow.py for tasks to queue
[2025-10-06T18:25:44.880+0000] {logging_mixin.py:190} INFO - [2025-10-06T18:25:44.880+0000] {dagbag.py:588} INFO - Filling up the DagBag from /home/airflow/.local/lib/python3.12/site-packages/airflow/example_dags/example_setup_teardown_taskflow.py
[2025-10-06T18:25:44.893+0000] {processor.py:925} INFO - DAG(s) 'example_setup_teardown_taskflow' retrieved from /home/airflow/.local/lib/python3.12/site-packages/airflow/example_dags/example_setup_teardown_taskflow.py
[2025-10-06T18:25:44.921+0000] {logging_mixin.py:190} INFO - [2025-10-06T18:25:44.921+0000] {dag.py:3239} INFO - Sync 1 DAGs
[2025-10-06T18:25:44.943+0000] {logging_mixin.py:190} INFO - [2025-10-06T18:25:44.942+0000] {dag.py:4180} INFO - Setting next_dagrun for example_setup_teardown_taskflow to None, run_after=None
[2025-10-06T18:25:44.968+0000] {processor.py:208} INFO - Processing /home/airflow/.local/lib/python3.12/site-packages/airflow/example_dags/example_setup_teardown_taskflow.py took 0.103 seconds
[2025-10-06T18:26:17.227+0000] {processor.py:186} INFO - Started process (PID=647) to work on /home/airflow/.local/lib/python3.12/site-packages/airflow/example_dags/example_setup_teardown_taskflow.py
[2025-10-06T18:26:17.228+0000] {processor.py:914} INFO - Processing file /home/airflow/.local/lib/python3.12/site-packages/airflow/example_dags/example_setup_teardown_taskflow.py for tasks to queue
[2025-10-06T18:26:17.232+0000] {logging_mixin.py:190} INFO - [2025-10-06T18:26:17.231+0000] {dagbag.py:588} INFO - Filling up the DagBag from /home/airflow/.local/lib/python3.12/site-packages/airflow/example_dags/example_setup_teardown_taskflow.py
[2025-10-06T18:26:17.247+0000] {processor.py:925} INFO - DAG(s) 'example_setup_teardown_taskflow' retrieved from /home/airflow/.local/lib/python3.12/site-packages/airflow/example_dags/example_setup_teardown_taskflow.py
[2025-10-06T18:26:17.276+0000] {logging_mixin.py:190} INFO - [2025-10-06T18:26:17.275+0000] {dag.py:3239} INFO - Sync 1 DAGs
[2025-10-06T18:26:17.297+0000] {logging_mixin.py:190} INFO - [2025-10-06T18:26:17.297+0000] {dag.py:4180} INFO - Setting next_dagrun for example_setup_teardown_taskflow to None, run_after=None
[2025-10-06T18:26:17.325+0000] {processor.py:208} INFO - Processing /home/airflow/.local/lib/python3.12/site-packages/airflow/example_dags/example_setup_teardown_taskflow.py took 0.107 seconds
[2025-10-06T18:26:47.560+0000] {processor.py:186} INFO - Started process (PID=710) to work on /home/airflow/.local/lib/python3.12/site-packages/airflow/example_dags/example_setup_teardown_taskflow.py
[2025-10-06T18:26:47.562+0000] {processor.py:914} INFO - Processing file /home/airflow/.local/lib/python3.12/site-packages/airflow/example_dags/example_setup_teardown_taskflow.py for tasks to queue
[2025-10-06T18:26:47.568+0000] {logging_mixin.py:190} INFO - [2025-10-06T18:26:47.566+0000] {dagbag.py:588} INFO - Filling up the DagBag from /home/airflow/.local/lib/python3.12/site-packages/airflow/example_dags/example_setup_teardown_taskflow.py
[2025-10-06T18:26:47.590+0000] {processor.py:925} INFO - DAG(s) 'example_setup_teardown_taskflow' retrieved from /home/airflow/.local/lib/python3.12/site-packages/airflow/example_dags/example_setup_teardown_taskflow.py
[2025-10-06T18:26:47.627+0000] {logging_mixin.py:190} INFO - [2025-10-06T18:26:47.627+0000] {dag.py:3239} INFO - Sync 1 DAGs
[2025-10-06T18:26:47.652+0000] {logging_mixin.py:190} INFO - [2025-10-06T18:26:47.652+0000] {dag.py:4180} INFO - Setting next_dagrun for example_setup_teardown_taskflow to None, run_after=None
[2025-10-06T18:26:47.689+0000] {processor.py:208} INFO - Processing /home/airflow/.local/lib/python3.12/site-packages/airflow/example_dags/example_setup_teardown_taskflow.py took 0.139 seconds
[2025-10-06T18:27:19.898+0000] {processor.py:186} INFO - Started process (PID=773) to work on /home/airflow/.local/lib/python3.12/site-packages/airflow/example_dags/example_setup_teardown_taskflow.py
[2025-10-06T18:27:19.899+0000] {processor.py:914} INFO - Processing file /home/airflow/.local/lib/python3.12/site-packages/airflow/example_dags/example_setup_teardown_taskflow.py for tasks to queue
[2025-10-06T18:27:19.903+0000] {logging_mixin.py:190} INFO - [2025-10-06T18:27:19.902+0000] {dagbag.py:588} INFO - Filling up the DagBag from /home/airflow/.local/lib/python3.12/site-packages/airflow/example_dags/example_setup_teardown_taskflow.py
[2025-10-06T18:27:19.918+0000] {processor.py:925} INFO - DAG(s) 'example_setup_teardown_taskflow' retrieved from /home/airflow/.local/lib/python3.12/site-packages/airflow/example_dags/example_setup_teardown_taskflow.py
[2025-10-06T18:27:19.948+0000] {logging_mixin.py:190} INFO - [2025-10-06T18:27:19.947+0000] {dag.py:3239} INFO - Sync 1 DAGs
[2025-10-06T18:27:19.968+0000] {logging_mixin.py:190} INFO - [2025-10-06T18:27:19.968+0000] {dag.py:4180} INFO - Setting next_dagrun for example_setup_teardown_taskflow to None, run_after=None
[2025-10-06T18:27:20.003+0000] {processor.py:208} INFO - Processing /home/airflow/.local/lib/python3.12/site-packages/airflow/example_dags/example_setup_teardown_taskflow.py took 0.118 seconds
[2025-10-06T18:27:50.581+0000] {processor.py:186} INFO - Started process (PID=836) to work on /home/airflow/.local/lib/python3.12/site-packages/airflow/example_dags/example_setup_teardown_taskflow.py
[2025-10-06T18:27:50.583+0000] {processor.py:914} INFO - Processing file /home/airflow/.local/lib/python3.12/site-packages/airflow/example_dags/example_setup_teardown_taskflow.py for tasks to queue
[2025-10-06T18:27:50.586+0000] {logging_mixin.py:190} INFO - [2025-10-06T18:27:50.586+0000] {dagbag.py:588} INFO - Filling up the DagBag from /home/airflow/.local/lib/python3.12/site-packages/airflow/example_dags/example_setup_teardown_taskflow.py
[2025-10-06T18:27:50.599+0000] {processor.py:925} INFO - DAG(s) 'example_setup_teardown_taskflow' retrieved from /home/airflow/.local/lib/python3.12/site-packages/airflow/example_dags/example_setup_teardown_taskflow.py
[2025-10-06T18:27:50.623+0000] {logging_mixin.py:190} INFO - [2025-10-06T18:27:50.622+0000] {dag.py:3239} INFO - Sync 1 DAGs
[2025-10-06T18:27:50.640+0000] {logging_mixin.py:190} INFO - [2025-10-06T18:27:50.640+0000] {dag.py:4180} INFO - Setting next_dagrun for example_setup_teardown_taskflow to None, run_after=None
[2025-10-06T18:27:50.663+0000] {processor.py:208} INFO - Processing /home/airflow/.local/lib/python3.12/site-packages/airflow/example_dags/example_setup_teardown_taskflow.py took 0.090 seconds
[2025-10-06T18:28:22.269+0000] {processor.py:186} INFO - Started process (PID=900) to work on /home/airflow/.local/lib/python3.12/site-packages/airflow/example_dags/example_setup_teardown_taskflow.py
[2025-10-06T18:28:22.270+0000] {processor.py:914} INFO - Processing file /home/airflow/.local/lib/python3.12/site-packages/airflow/example_dags/example_setup_teardown_taskflow.py for tasks to queue
[2025-10-06T18:28:22.274+0000] {logging_mixin.py:190} INFO - [2025-10-06T18:28:22.273+0000] {dagbag.py:588} INFO - Filling up the DagBag from /home/airflow/.local/lib/python3.12/site-packages/airflow/example_dags/example_setup_teardown_taskflow.py
[2025-10-06T18:28:22.290+0000] {processor.py:925} INFO - DAG(s) 'example_setup_teardown_taskflow' retrieved from /home/airflow/.local/lib/python3.12/site-packages/airflow/example_dags/example_setup_teardown_taskflow.py
[2025-10-06T18:28:22.321+0000] {logging_mixin.py:190} INFO - [2025-10-06T18:28:22.320+0000] {dag.py:3239} INFO - Sync 1 DAGs
[2025-10-06T18:28:22.342+0000] {logging_mixin.py:190} INFO - [2025-10-06T18:28:22.342+0000] {dag.py:4180} INFO - Setting next_dagrun for example_setup_teardown_taskflow to None, run_after=None
[2025-10-06T18:28:22.384+0000] {processor.py:208} INFO - Processing /home/airflow/.local/lib/python3.12/site-packages/airflow/example_dags/example_setup_teardown_taskflow.py took 0.124 seconds
[2025-10-06T18:28:53.664+0000] {processor.py:186} INFO - Started process (PID=964) to work on /home/airflow/.local/lib/python3.12/site-packages/airflow/example_dags/example_setup_teardown_taskflow.py
[2025-10-06T18:28:53.666+0000] {processor.py:914} INFO - Processing file /home/airflow/.local/lib/python3.12/site-packages/airflow/example_dags/example_setup_teardown_taskflow.py for tasks to queue
[2025-10-06T18:28:53.669+0000] {logging_mixin.py:190} INFO - [2025-10-06T18:28:53.668+0000] {dagbag.py:588} INFO - Filling up the DagBag from /home/airflow/.local/lib/python3.12/site-packages/airflow/example_dags/example_setup_teardown_taskflow.py
[2025-10-06T18:28:53.682+0000] {processor.py:925} INFO - DAG(s) 'example_setup_teardown_taskflow' retrieved from /home/airflow/.local/lib/python3.12/site-packages/airflow/example_dags/example_setup_teardown_taskflow.py
[2025-10-06T18:28:53.706+0000] {logging_mixin.py:190} INFO - [2025-10-06T18:28:53.706+0000] {dag.py:3239} INFO - Sync 1 DAGs
[2025-10-06T18:28:53.725+0000] {logging_mixin.py:190} INFO - [2025-10-06T18:28:53.725+0000] {dag.py:4180} INFO - Setting next_dagrun for example_setup_teardown_taskflow to None, run_after=None
[2025-10-06T18:28:53.752+0000] {processor.py:208} INFO - Processing /home/airflow/.local/lib/python3.12/site-packages/airflow/example_dags/example_setup_teardown_taskflow.py took 0.094 seconds
[2025-10-06T18:29:27.524+0000] {processor.py:186} INFO - Started process (PID=1027) to work on /home/airflow/.local/lib/python3.12/site-packages/airflow/example_dags/example_setup_teardown_taskflow.py
[2025-10-06T18:29:27.525+0000] {processor.py:914} INFO - Processing file /home/airflow/.local/lib/python3.12/site-packages/airflow/example_dags/example_setup_teardown_taskflow.py for tasks to queue
[2025-10-06T18:29:27.531+0000] {logging_mixin.py:190} INFO - [2025-10-06T18:29:27.530+0000] {dagbag.py:588} INFO - Filling up the DagBag from /home/airflow/.local/lib/python3.12/site-packages/airflow/example_dags/example_setup_teardown_taskflow.py
[2025-10-06T18:29:27.550+0000] {processor.py:925} INFO - DAG(s) 'example_setup_teardown_taskflow' retrieved from /home/airflow/.local/lib/python3.12/site-packages/airflow/example_dags/example_setup_teardown_taskflow.py
[2025-10-06T18:29:27.587+0000] {logging_mixin.py:190} INFO - [2025-10-06T18:29:27.587+0000] {dag.py:3239} INFO - Sync 1 DAGs
[2025-10-06T18:29:27.611+0000] {logging_mixin.py:190} INFO - [2025-10-06T18:29:27.610+0000] {dag.py:4180} INFO - Setting next_dagrun for example_setup_teardown_taskflow to None, run_after=None
[2025-10-06T18:29:27.658+0000] {processor.py:208} INFO - Processing /home/airflow/.local/lib/python3.12/site-packages/airflow/example_dags/example_setup_teardown_taskflow.py took 0.146 seconds
[2025-10-06T18:29:59.223+0000] {processor.py:186} INFO - Started process (PID=1090) to work on /home/airflow/.local/lib/python3.12/site-packages/airflow/example_dags/example_setup_teardown_taskflow.py
[2025-10-06T18:29:59.225+0000] {processor.py:914} INFO - Processing file /home/airflow/.local/lib/python3.12/site-packages/airflow/example_dags/example_setup_teardown_taskflow.py for tasks to queue
[2025-10-06T18:29:59.228+0000] {logging_mixin.py:190} INFO - [2025-10-06T18:29:59.228+0000] {dagbag.py:588} INFO - Filling up the DagBag from /home/airflow/.local/lib/python3.12/site-packages/airflow/example_dags/example_setup_teardown_taskflow.py
[2025-10-06T18:29:59.246+0000] {processor.py:925} INFO - DAG(s) 'example_setup_teardown_taskflow' retrieved from /home/airflow/.local/lib/python3.12/site-packages/airflow/example_dags/example_setup_teardown_taskflow.py
[2025-10-06T18:29:59.280+0000] {logging_mixin.py:190} INFO - [2025-10-06T18:29:59.279+0000] {dag.py:3239} INFO - Sync 1 DAGs
[2025-10-06T18:29:59.299+0000] {logging_mixin.py:190} INFO - [2025-10-06T18:29:59.299+0000] {dag.py:4180} INFO - Setting next_dagrun for example_setup_teardown_taskflow to None, run_after=None
[2025-10-06T18:29:59.329+0000] {processor.py:208} INFO - Processing /home/airflow/.local/lib/python3.12/site-packages/airflow/example_dags/example_setup_teardown_taskflow.py took 0.116 seconds
[2025-10-06T18:30:29.759+0000] {processor.py:186} INFO - Started process (PID=1154) to work on /home/airflow/.local/lib/python3.12/site-packages/airflow/example_dags/example_setup_teardown_taskflow.py
[2025-10-06T18:30:29.760+0000] {processor.py:914} INFO - Processing file /home/airflow/.local/lib/python3.12/site-packages/airflow/example_dags/example_setup_teardown_taskflow.py for tasks to queue
[2025-10-06T18:30:29.764+0000] {logging_mixin.py:190} INFO - [2025-10-06T18:30:29.764+0000] {dagbag.py:588} INFO - Filling up the DagBag from /home/airflow/.local/lib/python3.12/site-packages/airflow/example_dags/example_setup_teardown_taskflow.py
[2025-10-06T18:30:29.779+0000] {processor.py:925} INFO - DAG(s) 'example_setup_teardown_taskflow' retrieved from /home/airflow/.local/lib/python3.12/site-packages/airflow/example_dags/example_setup_teardown_taskflow.py
[2025-10-06T18:30:29.804+0000] {logging_mixin.py:190} INFO - [2025-10-06T18:30:29.804+0000] {dag.py:3239} INFO - Sync 1 DAGs
[2025-10-06T18:30:29.820+0000] {logging_mixin.py:190} INFO - [2025-10-06T18:30:29.820+0000] {dag.py:4180} INFO - Setting next_dagrun for example_setup_teardown_taskflow to None, run_after=None
[2025-10-06T18:30:29.848+0000] {processor.py:208} INFO - Processing /home/airflow/.local/lib/python3.12/site-packages/airflow/example_dags/example_setup_teardown_taskflow.py took 0.098 seconds
[2025-10-06T18:31:00.583+0000] {processor.py:186} INFO - Started process (PID=1216) to work on /home/airflow/.local/lib/python3.12/site-packages/airflow/example_dags/example_setup_teardown_taskflow.py
[2025-10-06T18:31:00.585+0000] {processor.py:914} INFO - Processing file /home/airflow/.local/lib/python3.12/site-packages/airflow/example_dags/example_setup_teardown_taskflow.py for tasks to queue
[2025-10-06T18:31:00.588+0000] {logging_mixin.py:190} INFO - [2025-10-06T18:31:00.588+0000] {dagbag.py:588} INFO - Filling up the DagBag from /home/airflow/.local/lib/python3.12/site-packages/airflow/example_dags/example_setup_teardown_taskflow.py
[2025-10-06T18:31:00.601+0000] {processor.py:925} INFO - DAG(s) 'example_setup_teardown_taskflow' retrieved from /home/airflow/.local/lib/python3.12/site-packages/airflow/example_dags/example_setup_teardown_taskflow.py
[2025-10-06T18:31:00.625+0000] {logging_mixin.py:190} INFO - [2025-10-06T18:31:00.624+0000] {dag.py:3239} INFO - Sync 1 DAGs
[2025-10-06T18:31:00.640+0000] {logging_mixin.py:190} INFO - [2025-10-06T18:31:00.640+0000] {dag.py:4180} INFO - Setting next_dagrun for example_setup_teardown_taskflow to None, run_after=None
[2025-10-06T18:31:00.667+0000] {processor.py:208} INFO - Processing /home/airflow/.local/lib/python3.12/site-packages/airflow/example_dags/example_setup_teardown_taskflow.py took 0.092 seconds
[2025-10-06T18:31:32.215+0000] {processor.py:186} INFO - Started process (PID=1273) to work on /home/airflow/.local/lib/python3.12/site-packages/airflow/example_dags/example_setup_teardown_taskflow.py
[2025-10-06T18:31:32.217+0000] {processor.py:914} INFO - Processing file /home/airflow/.local/lib/python3.12/site-packages/airflow/example_dags/example_setup_teardown_taskflow.py for tasks to queue
[2025-10-06T18:31:32.222+0000] {logging_mixin.py:190} INFO - [2025-10-06T18:31:32.220+0000] {dagbag.py:588} INFO - Filling up the DagBag from /home/airflow/.local/lib/python3.12/site-packages/airflow/example_dags/example_setup_teardown_taskflow.py
[2025-10-06T18:31:32.243+0000] {processor.py:925} INFO - DAG(s) 'example_setup_teardown_taskflow' retrieved from /home/airflow/.local/lib/python3.12/site-packages/airflow/example_dags/example_setup_teardown_taskflow.py
[2025-10-06T18:31:32.280+0000] {logging_mixin.py:190} INFO - [2025-10-06T18:31:32.279+0000] {dag.py:3239} INFO - Sync 1 DAGs
[2025-10-06T18:31:32.304+0000] {logging_mixin.py:190} INFO - [2025-10-06T18:31:32.304+0000] {dag.py:4180} INFO - Setting next_dagrun for example_setup_teardown_taskflow to None, run_after=None
[2025-10-06T18:31:32.339+0000] {processor.py:208} INFO - Processing /home/airflow/.local/lib/python3.12/site-packages/airflow/example_dags/example_setup_teardown_taskflow.py took 0.130 seconds
[2025-10-06T18:32:04.638+0000] {processor.py:186} INFO - Started process (PID=1342) to work on /home/airflow/.local/lib/python3.12/site-packages/airflow/example_dags/example_setup_teardown_taskflow.py
[2025-10-06T18:32:04.640+0000] {processor.py:914} INFO - Processing file /home/airflow/.local/lib/python3.12/site-packages/airflow/example_dags/example_setup_teardown_taskflow.py for tasks to queue
[2025-10-06T18:32:04.645+0000] {logging_mixin.py:190} INFO - [2025-10-06T18:32:04.644+0000] {dagbag.py:588} INFO - Filling up the DagBag from /home/airflow/.local/lib/python3.12/site-packages/airflow/example_dags/example_setup_teardown_taskflow.py
[2025-10-06T18:32:04.661+0000] {processor.py:925} INFO - DAG(s) 'example_setup_teardown_taskflow' retrieved from /home/airflow/.local/lib/python3.12/site-packages/airflow/example_dags/example_setup_teardown_taskflow.py
[2025-10-06T18:32:04.703+0000] {logging_mixin.py:190} INFO - [2025-10-06T18:32:04.703+0000] {dag.py:3239} INFO - Sync 1 DAGs
[2025-10-06T18:32:04.724+0000] {logging_mixin.py:190} INFO - [2025-10-06T18:32:04.724+0000] {dag.py:4180} INFO - Setting next_dagrun for example_setup_teardown_taskflow to None, run_after=None
[2025-10-06T18:32:04.755+0000] {processor.py:208} INFO - Processing /home/airflow/.local/lib/python3.12/site-packages/airflow/example_dags/example_setup_teardown_taskflow.py took 0.125 seconds
[2025-10-06T18:32:36.502+0000] {processor.py:186} INFO - Started process (PID=1405) to work on /home/airflow/.local/lib/python3.12/site-packages/airflow/example_dags/example_setup_teardown_taskflow.py
[2025-10-06T18:32:36.505+0000] {processor.py:914} INFO - Processing file /home/airflow/.local/lib/python3.12/site-packages/airflow/example_dags/example_setup_teardown_taskflow.py for tasks to queue
[2025-10-06T18:32:36.510+0000] {logging_mixin.py:190} INFO - [2025-10-06T18:32:36.510+0000] {dagbag.py:588} INFO - Filling up the DagBag from /home/airflow/.local/lib/python3.12/site-packages/airflow/example_dags/example_setup_teardown_taskflow.py
[2025-10-06T18:32:36.533+0000] {processor.py:925} INFO - DAG(s) 'example_setup_teardown_taskflow' retrieved from /home/airflow/.local/lib/python3.12/site-packages/airflow/example_dags/example_setup_teardown_taskflow.py
[2025-10-06T18:32:36.572+0000] {logging_mixin.py:190} INFO - [2025-10-06T18:32:36.572+0000] {dag.py:3239} INFO - Sync 1 DAGs
[2025-10-06T18:32:36.590+0000] {logging_mixin.py:190} INFO - [2025-10-06T18:32:36.589+0000] {dag.py:4180} INFO - Setting next_dagrun for example_setup_teardown_taskflow to None, run_after=None
[2025-10-06T18:32:36.615+0000] {processor.py:208} INFO - Processing /home/airflow/.local/lib/python3.12/site-packages/airflow/example_dags/example_setup_teardown_taskflow.py took 0.123 seconds
[2025-10-06T18:33:08.317+0000] {processor.py:186} INFO - Started process (PID=1468) to work on /home/airflow/.local/lib/python3.12/site-packages/airflow/example_dags/example_setup_teardown_taskflow.py
[2025-10-06T18:33:08.321+0000] {processor.py:914} INFO - Processing file /home/airflow/.local/lib/python3.12/site-packages/airflow/example_dags/example_setup_teardown_taskflow.py for tasks to queue
[2025-10-06T18:33:08.325+0000] {logging_mixin.py:190} INFO - [2025-10-06T18:33:08.325+0000] {dagbag.py:588} INFO - Filling up the DagBag from /home/airflow/.local/lib/python3.12/site-packages/airflow/example_dags/example_setup_teardown_taskflow.py
[2025-10-06T18:33:08.344+0000] {processor.py:925} INFO - DAG(s) 'example_setup_teardown_taskflow' retrieved from /home/airflow/.local/lib/python3.12/site-packages/airflow/example_dags/example_setup_teardown_taskflow.py
[2025-10-06T18:33:08.386+0000] {logging_mixin.py:190} INFO - [2025-10-06T18:33:08.386+0000] {dag.py:3239} INFO - Sync 1 DAGs
[2025-10-06T18:33:08.416+0000] {logging_mixin.py:190} INFO - [2025-10-06T18:33:08.415+0000] {dag.py:4180} INFO - Setting next_dagrun for example_setup_teardown_taskflow to None, run_after=None
[2025-10-06T18:33:08.455+0000] {processor.py:208} INFO - Processing /home/airflow/.local/lib/python3.12/site-packages/airflow/example_dags/example_setup_teardown_taskflow.py took 0.148 seconds
[2025-10-06T18:33:39.939+0000] {processor.py:186} INFO - Started process (PID=1531) to work on /home/airflow/.local/lib/python3.12/site-packages/airflow/example_dags/example_setup_teardown_taskflow.py
[2025-10-06T18:33:39.940+0000] {processor.py:914} INFO - Processing file /home/airflow/.local/lib/python3.12/site-packages/airflow/example_dags/example_setup_teardown_taskflow.py for tasks to queue
[2025-10-06T18:33:39.944+0000] {logging_mixin.py:190} INFO - [2025-10-06T18:33:39.944+0000] {dagbag.py:588} INFO - Filling up the DagBag from /home/airflow/.local/lib/python3.12/site-packages/airflow/example_dags/example_setup_teardown_taskflow.py
[2025-10-06T18:33:39.962+0000] {processor.py:925} INFO - DAG(s) 'example_setup_teardown_taskflow' retrieved from /home/airflow/.local/lib/python3.12/site-packages/airflow/example_dags/example_setup_teardown_taskflow.py
[2025-10-06T18:33:40.000+0000] {logging_mixin.py:190} INFO - [2025-10-06T18:33:39.999+0000] {dag.py:3239} INFO - Sync 1 DAGs
[2025-10-06T18:33:40.028+0000] {logging_mixin.py:190} INFO - [2025-10-06T18:33:40.028+0000] {dag.py:4180} INFO - Setting next_dagrun for example_setup_teardown_taskflow to None, run_after=None
[2025-10-06T18:33:40.062+0000] {processor.py:208} INFO - Processing /home/airflow/.local/lib/python3.12/site-packages/airflow/example_dags/example_setup_teardown_taskflow.py took 0.134 seconds
[2025-10-06T18:34:11.828+0000] {processor.py:186} INFO - Started process (PID=1594) to work on /home/airflow/.local/lib/python3.12/site-packages/airflow/example_dags/example_setup_teardown_taskflow.py
[2025-10-06T18:34:11.830+0000] {processor.py:914} INFO - Processing file /home/airflow/.local/lib/python3.12/site-packages/airflow/example_dags/example_setup_teardown_taskflow.py for tasks to queue
[2025-10-06T18:34:11.838+0000] {logging_mixin.py:190} INFO - [2025-10-06T18:34:11.837+0000] {dagbag.py:588} INFO - Filling up the DagBag from /home/airflow/.local/lib/python3.12/site-packages/airflow/example_dags/example_setup_teardown_taskflow.py
[2025-10-06T18:34:11.869+0000] {processor.py:925} INFO - DAG(s) 'example_setup_teardown_taskflow' retrieved from /home/airflow/.local/lib/python3.12/site-packages/airflow/example_dags/example_setup_teardown_taskflow.py
[2025-10-06T18:34:11.922+0000] {logging_mixin.py:190} INFO - [2025-10-06T18:34:11.921+0000] {dag.py:3239} INFO - Sync 1 DAGs
[2025-10-06T18:34:11.957+0000] {logging_mixin.py:190} INFO - [2025-10-06T18:34:11.956+0000] {dag.py:4180} INFO - Setting next_dagrun for example_setup_teardown_taskflow to None, run_after=None
[2025-10-06T18:34:12.006+0000] {processor.py:208} INFO - Processing /home/airflow/.local/lib/python3.12/site-packages/airflow/example_dags/example_setup_teardown_taskflow.py took 0.197 seconds
[2025-10-06T18:34:44.942+0000] {processor.py:186} INFO - Started process (PID=1657) to work on /home/airflow/.local/lib/python3.12/site-packages/airflow/example_dags/example_setup_teardown_taskflow.py
[2025-10-06T18:34:44.944+0000] {processor.py:914} INFO - Processing file /home/airflow/.local/lib/python3.12/site-packages/airflow/example_dags/example_setup_teardown_taskflow.py for tasks to queue
[2025-10-06T18:34:44.947+0000] {logging_mixin.py:190} INFO - [2025-10-06T18:34:44.946+0000] {dagbag.py:588} INFO - Filling up the DagBag from /home/airflow/.local/lib/python3.12/site-packages/airflow/example_dags/example_setup_teardown_taskflow.py
[2025-10-06T18:34:44.958+0000] {processor.py:925} INFO - DAG(s) 'example_setup_teardown_taskflow' retrieved from /home/airflow/.local/lib/python3.12/site-packages/airflow/example_dags/example_setup_teardown_taskflow.py
[2025-10-06T18:34:44.983+0000] {logging_mixin.py:190} INFO - [2025-10-06T18:34:44.983+0000] {dag.py:3239} INFO - Sync 1 DAGs
[2025-10-06T18:34:44.999+0000] {logging_mixin.py:190} INFO - [2025-10-06T18:34:44.999+0000] {dag.py:4180} INFO - Setting next_dagrun for example_setup_teardown_taskflow to None, run_after=None
[2025-10-06T18:34:45.023+0000] {processor.py:208} INFO - Processing /home/airflow/.local/lib/python3.12/site-packages/airflow/example_dags/example_setup_teardown_taskflow.py took 0.089 seconds
[2025-10-06T18:35:15.471+0000] {processor.py:186} INFO - Started process (PID=1719) to work on /home/airflow/.local/lib/python3.12/site-packages/airflow/example_dags/example_setup_teardown_taskflow.py
[2025-10-06T18:35:15.473+0000] {processor.py:914} INFO - Processing file /home/airflow/.local/lib/python3.12/site-packages/airflow/example_dags/example_setup_teardown_taskflow.py for tasks to queue
[2025-10-06T18:35:15.476+0000] {logging_mixin.py:190} INFO - [2025-10-06T18:35:15.475+0000] {dagbag.py:588} INFO - Filling up the DagBag from /home/airflow/.local/lib/python3.12/site-packages/airflow/example_dags/example_setup_teardown_taskflow.py
[2025-10-06T18:35:15.489+0000] {processor.py:925} INFO - DAG(s) 'example_setup_teardown_taskflow' retrieved from /home/airflow/.local/lib/python3.12/site-packages/airflow/example_dags/example_setup_teardown_taskflow.py
[2025-10-06T18:35:15.517+0000] {logging_mixin.py:190} INFO - [2025-10-06T18:35:15.516+0000] {dag.py:3239} INFO - Sync 1 DAGs
[2025-10-06T18:35:15.534+0000] {logging_mixin.py:190} INFO - [2025-10-06T18:35:15.534+0000] {dag.py:4180} INFO - Setting next_dagrun for example_setup_teardown_taskflow to None, run_after=None
[2025-10-06T18:35:15.567+0000] {processor.py:208} INFO - Processing /home/airflow/.local/lib/python3.12/site-packages/airflow/example_dags/example_setup_teardown_taskflow.py took 0.103 seconds
[2025-10-06T18:35:46.100+0000] {processor.py:186} INFO - Started process (PID=1775) to work on /home/airflow/.local/lib/python3.12/site-packages/airflow/example_dags/example_setup_teardown_taskflow.py
[2025-10-06T18:35:46.102+0000] {processor.py:914} INFO - Processing file /home/airflow/.local/lib/python3.12/site-packages/airflow/example_dags/example_setup_teardown_taskflow.py for tasks to queue
[2025-10-06T18:35:46.106+0000] {logging_mixin.py:190} INFO - [2025-10-06T18:35:46.106+0000] {dagbag.py:588} INFO - Filling up the DagBag from /home/airflow/.local/lib/python3.12/site-packages/airflow/example_dags/example_setup_teardown_taskflow.py
[2025-10-06T18:35:46.134+0000] {processor.py:925} INFO - DAG(s) 'example_setup_teardown_taskflow' retrieved from /home/airflow/.local/lib/python3.12/site-packages/airflow/example_dags/example_setup_teardown_taskflow.py
[2025-10-06T18:35:46.167+0000] {logging_mixin.py:190} INFO - [2025-10-06T18:35:46.166+0000] {dag.py:3239} INFO - Sync 1 DAGs
[2025-10-06T18:35:46.189+0000] {logging_mixin.py:190} INFO - [2025-10-06T18:35:46.189+0000] {dag.py:4180} INFO - Setting next_dagrun for example_setup_teardown_taskflow to None, run_after=None
[2025-10-06T18:35:46.219+0000] {processor.py:208} INFO - Processing /home/airflow/.local/lib/python3.12/site-packages/airflow/example_dags/example_setup_teardown_taskflow.py took 0.130 seconds
[2025-10-06T18:36:19.806+0000] {processor.py:186} INFO - Started process (PID=1845) to work on /home/airflow/.local/lib/python3.12/site-packages/airflow/example_dags/example_setup_teardown_taskflow.py
[2025-10-06T18:36:19.808+0000] {processor.py:914} INFO - Processing file /home/airflow/.local/lib/python3.12/site-packages/airflow/example_dags/example_setup_teardown_taskflow.py for tasks to queue
[2025-10-06T18:36:19.813+0000] {logging_mixin.py:190} INFO - [2025-10-06T18:36:19.812+0000] {dagbag.py:588} INFO - Filling up the DagBag from /home/airflow/.local/lib/python3.12/site-packages/airflow/example_dags/example_setup_teardown_taskflow.py
[2025-10-06T18:36:19.838+0000] {processor.py:925} INFO - DAG(s) 'example_setup_teardown_taskflow' retrieved from /home/airflow/.local/lib/python3.12/site-packages/airflow/example_dags/example_setup_teardown_taskflow.py
[2025-10-06T18:36:19.882+0000] {logging_mixin.py:190} INFO - [2025-10-06T18:36:19.881+0000] {dag.py:3239} INFO - Sync 1 DAGs
[2025-10-06T18:36:19.912+0000] {logging_mixin.py:190} INFO - [2025-10-06T18:36:19.912+0000] {dag.py:4180} INFO - Setting next_dagrun for example_setup_teardown_taskflow to None, run_after=None
[2025-10-06T18:36:19.957+0000] {processor.py:208} INFO - Processing /home/airflow/.local/lib/python3.12/site-packages/airflow/example_dags/example_setup_teardown_taskflow.py took 0.161 seconds
[2025-10-06T18:36:50.052+0000] {processor.py:186} INFO - Started process (PID=1901) to work on /home/airflow/.local/lib/python3.12/site-packages/airflow/example_dags/example_setup_teardown_taskflow.py
[2025-10-06T18:36:50.053+0000] {processor.py:914} INFO - Processing file /home/airflow/.local/lib/python3.12/site-packages/airflow/example_dags/example_setup_teardown_taskflow.py for tasks to queue
[2025-10-06T18:36:50.056+0000] {logging_mixin.py:190} INFO - [2025-10-06T18:36:50.056+0000] {dagbag.py:588} INFO - Filling up the DagBag from /home/airflow/.local/lib/python3.12/site-packages/airflow/example_dags/example_setup_teardown_taskflow.py
[2025-10-06T18:36:50.069+0000] {processor.py:925} INFO - DAG(s) 'example_setup_teardown_taskflow' retrieved from /home/airflow/.local/lib/python3.12/site-packages/airflow/example_dags/example_setup_teardown_taskflow.py
[2025-10-06T18:36:50.097+0000] {logging_mixin.py:190} INFO - [2025-10-06T18:36:50.096+0000] {dag.py:3239} INFO - Sync 1 DAGs
[2025-10-06T18:36:50.116+0000] {logging_mixin.py:190} INFO - [2025-10-06T18:36:50.115+0000] {dag.py:4180} INFO - Setting next_dagrun for example_setup_teardown_taskflow to None, run_after=None
[2025-10-06T18:36:50.140+0000] {processor.py:208} INFO - Processing /home/airflow/.local/lib/python3.12/site-packages/airflow/example_dags/example_setup_teardown_taskflow.py took 0.098 seconds
[2025-10-06T18:37:20.681+0000] {processor.py:186} INFO - Started process (PID=1965) to work on /home/airflow/.local/lib/python3.12/site-packages/airflow/example_dags/example_setup_teardown_taskflow.py
[2025-10-06T18:37:20.682+0000] {processor.py:914} INFO - Processing file /home/airflow/.local/lib/python3.12/site-packages/airflow/example_dags/example_setup_teardown_taskflow.py for tasks to queue
[2025-10-06T18:37:20.686+0000] {logging_mixin.py:190} INFO - [2025-10-06T18:37:20.685+0000] {dagbag.py:588} INFO - Filling up the DagBag from /home/airflow/.local/lib/python3.12/site-packages/airflow/example_dags/example_setup_teardown_taskflow.py
[2025-10-06T18:37:20.699+0000] {processor.py:925} INFO - DAG(s) 'example_setup_teardown_taskflow' retrieved from /home/airflow/.local/lib/python3.12/site-packages/airflow/example_dags/example_setup_teardown_taskflow.py
[2025-10-06T18:37:20.723+0000] {logging_mixin.py:190} INFO - [2025-10-06T18:37:20.722+0000] {dag.py:3239} INFO - Sync 1 DAGs
[2025-10-06T18:37:20.738+0000] {logging_mixin.py:190} INFO - [2025-10-06T18:37:20.738+0000] {dag.py:4180} INFO - Setting next_dagrun for example_setup_teardown_taskflow to None, run_after=None
[2025-10-06T18:37:20.769+0000] {processor.py:208} INFO - Processing /home/airflow/.local/lib/python3.12/site-packages/airflow/example_dags/example_setup_teardown_taskflow.py took 0.094 seconds
[2025-10-06T18:37:53.431+0000] {processor.py:186} INFO - Started process (PID=2028) to work on /home/airflow/.local/lib/python3.12/site-packages/airflow/example_dags/example_setup_teardown_taskflow.py
[2025-10-06T18:37:53.432+0000] {processor.py:914} INFO - Processing file /home/airflow/.local/lib/python3.12/site-packages/airflow/example_dags/example_setup_teardown_taskflow.py for tasks to queue
[2025-10-06T18:37:53.435+0000] {logging_mixin.py:190} INFO - [2025-10-06T18:37:53.434+0000] {dagbag.py:588} INFO - Filling up the DagBag from /home/airflow/.local/lib/python3.12/site-packages/airflow/example_dags/example_setup_teardown_taskflow.py
[2025-10-06T18:37:53.447+0000] {processor.py:925} INFO - DAG(s) 'example_setup_teardown_taskflow' retrieved from /home/airflow/.local/lib/python3.12/site-packages/airflow/example_dags/example_setup_teardown_taskflow.py
[2025-10-06T18:37:53.470+0000] {logging_mixin.py:190} INFO - [2025-10-06T18:37:53.469+0000] {dag.py:3239} INFO - Sync 1 DAGs
[2025-10-06T18:37:53.485+0000] {logging_mixin.py:190} INFO - [2025-10-06T18:37:53.485+0000] {dag.py:4180} INFO - Setting next_dagrun for example_setup_teardown_taskflow to None, run_after=None
[2025-10-06T18:37:53.509+0000] {processor.py:208} INFO - Processing /home/airflow/.local/lib/python3.12/site-packages/airflow/example_dags/example_setup_teardown_taskflow.py took 0.088 seconds
[2025-10-06T18:38:24.312+0000] {processor.py:186} INFO - Started process (PID=2090) to work on /home/airflow/.local/lib/python3.12/site-packages/airflow/example_dags/example_setup_teardown_taskflow.py
[2025-10-06T18:38:24.315+0000] {processor.py:914} INFO - Processing file /home/airflow/.local/lib/python3.12/site-packages/airflow/example_dags/example_setup_teardown_taskflow.py for tasks to queue
[2025-10-06T18:38:24.320+0000] {logging_mixin.py:190} INFO - [2025-10-06T18:38:24.319+0000] {dagbag.py:588} INFO - Filling up the DagBag from /home/airflow/.local/lib/python3.12/site-packages/airflow/example_dags/example_setup_teardown_taskflow.py
[2025-10-06T18:38:24.340+0000] {processor.py:925} INFO - DAG(s) 'example_setup_teardown_taskflow' retrieved from /home/airflow/.local/lib/python3.12/site-packages/airflow/example_dags/example_setup_teardown_taskflow.py
[2025-10-06T18:38:24.389+0000] {logging_mixin.py:190} INFO - [2025-10-06T18:38:24.388+0000] {dag.py:3239} INFO - Sync 1 DAGs
[2025-10-06T18:38:24.414+0000] {logging_mixin.py:190} INFO - [2025-10-06T18:38:24.414+0000] {dag.py:4180} INFO - Setting next_dagrun for example_setup_teardown_taskflow to None, run_after=None
[2025-10-06T18:38:24.442+0000] {processor.py:208} INFO - Processing /home/airflow/.local/lib/python3.12/site-packages/airflow/example_dags/example_setup_teardown_taskflow.py took 0.140 seconds
[2025-10-06T18:38:56.058+0000] {processor.py:186} INFO - Started process (PID=2155) to work on /home/airflow/.local/lib/python3.12/site-packages/airflow/example_dags/example_setup_teardown_taskflow.py
[2025-10-06T18:38:56.059+0000] {processor.py:914} INFO - Processing file /home/airflow/.local/lib/python3.12/site-packages/airflow/example_dags/example_setup_teardown_taskflow.py for tasks to queue
[2025-10-06T18:38:56.063+0000] {logging_mixin.py:190} INFO - [2025-10-06T18:38:56.062+0000] {dagbag.py:588} INFO - Filling up the DagBag from /home/airflow/.local/lib/python3.12/site-packages/airflow/example_dags/example_setup_teardown_taskflow.py
[2025-10-06T18:38:56.076+0000] {processor.py:925} INFO - DAG(s) 'example_setup_teardown_taskflow' retrieved from /home/airflow/.local/lib/python3.12/site-packages/airflow/example_dags/example_setup_teardown_taskflow.py
[2025-10-06T18:38:56.099+0000] {logging_mixin.py:190} INFO - [2025-10-06T18:38:56.099+0000] {dag.py:3239} INFO - Sync 1 DAGs
[2025-10-06T18:38:56.116+0000] {logging_mixin.py:190} INFO - [2025-10-06T18:38:56.116+0000] {dag.py:4180} INFO - Setting next_dagrun for example_setup_teardown_taskflow to None, run_after=None
[2025-10-06T18:38:56.147+0000] {processor.py:208} INFO - Processing /home/airflow/.local/lib/python3.12/site-packages/airflow/example_dags/example_setup_teardown_taskflow.py took 0.096 seconds
[2025-10-06T18:39:29.198+0000] {processor.py:186} INFO - Started process (PID=2218) to work on /home/airflow/.local/lib/python3.12/site-packages/airflow/example_dags/example_setup_teardown_taskflow.py
[2025-10-06T18:39:29.200+0000] {processor.py:914} INFO - Processing file /home/airflow/.local/lib/python3.12/site-packages/airflow/example_dags/example_setup_teardown_taskflow.py for tasks to queue
[2025-10-06T18:39:29.203+0000] {logging_mixin.py:190} INFO - [2025-10-06T18:39:29.203+0000] {dagbag.py:588} INFO - Filling up the DagBag from /home/airflow/.local/lib/python3.12/site-packages/airflow/example_dags/example_setup_teardown_taskflow.py
[2025-10-06T18:39:29.225+0000] {processor.py:925} INFO - DAG(s) 'example_setup_teardown_taskflow' retrieved from /home/airflow/.local/lib/python3.12/site-packages/airflow/example_dags/example_setup_teardown_taskflow.py
[2025-10-06T18:39:29.262+0000] {logging_mixin.py:190} INFO - [2025-10-06T18:39:29.262+0000] {dag.py:3239} INFO - Sync 1 DAGs
[2025-10-06T18:39:29.295+0000] {logging_mixin.py:190} INFO - [2025-10-06T18:39:29.294+0000] {dag.py:4180} INFO - Setting next_dagrun for example_setup_teardown_taskflow to None, run_after=None
[2025-10-06T18:39:29.340+0000] {processor.py:208} INFO - Processing /home/airflow/.local/lib/python3.12/site-packages/airflow/example_dags/example_setup_teardown_taskflow.py took 0.153 seconds
[2025-10-06T18:40:01.590+0000] {processor.py:186} INFO - Started process (PID=2283) to work on /home/airflow/.local/lib/python3.12/site-packages/airflow/example_dags/example_setup_teardown_taskflow.py
[2025-10-06T18:40:01.592+0000] {processor.py:914} INFO - Processing file /home/airflow/.local/lib/python3.12/site-packages/airflow/example_dags/example_setup_teardown_taskflow.py for tasks to queue
[2025-10-06T18:40:01.598+0000] {logging_mixin.py:190} INFO - [2025-10-06T18:40:01.598+0000] {dagbag.py:588} INFO - Filling up the DagBag from /home/airflow/.local/lib/python3.12/site-packages/airflow/example_dags/example_setup_teardown_taskflow.py
[2025-10-06T18:40:01.618+0000] {processor.py:925} INFO - DAG(s) 'example_setup_teardown_taskflow' retrieved from /home/airflow/.local/lib/python3.12/site-packages/airflow/example_dags/example_setup_teardown_taskflow.py
[2025-10-06T18:40:01.654+0000] {logging_mixin.py:190} INFO - [2025-10-06T18:40:01.654+0000] {dag.py:3239} INFO - Sync 1 DAGs
[2025-10-06T18:40:01.701+0000] {logging_mixin.py:190} INFO - [2025-10-06T18:40:01.700+0000] {dag.py:4180} INFO - Setting next_dagrun for example_setup_teardown_taskflow to None, run_after=None
[2025-10-06T18:40:01.753+0000] {processor.py:208} INFO - Processing /home/airflow/.local/lib/python3.12/site-packages/airflow/example_dags/example_setup_teardown_taskflow.py took 0.173 seconds
[2025-10-06T18:40:32.303+0000] {processor.py:186} INFO - Started process (PID=2346) to work on /home/airflow/.local/lib/python3.12/site-packages/airflow/example_dags/example_setup_teardown_taskflow.py
[2025-10-06T18:40:32.305+0000] {processor.py:914} INFO - Processing file /home/airflow/.local/lib/python3.12/site-packages/airflow/example_dags/example_setup_teardown_taskflow.py for tasks to queue
[2025-10-06T18:40:32.310+0000] {logging_mixin.py:190} INFO - [2025-10-06T18:40:32.309+0000] {dagbag.py:588} INFO - Filling up the DagBag from /home/airflow/.local/lib/python3.12/site-packages/airflow/example_dags/example_setup_teardown_taskflow.py
[2025-10-06T18:40:32.335+0000] {processor.py:925} INFO - DAG(s) 'example_setup_teardown_taskflow' retrieved from /home/airflow/.local/lib/python3.12/site-packages/airflow/example_dags/example_setup_teardown_taskflow.py
[2025-10-06T18:40:32.376+0000] {logging_mixin.py:190} INFO - [2025-10-06T18:40:32.375+0000] {dag.py:3239} INFO - Sync 1 DAGs
[2025-10-06T18:40:32.415+0000] {logging_mixin.py:190} INFO - [2025-10-06T18:40:32.415+0000] {dag.py:4180} INFO - Setting next_dagrun for example_setup_teardown_taskflow to None, run_after=None
[2025-10-06T18:40:32.464+0000] {processor.py:208} INFO - Processing /home/airflow/.local/lib/python3.12/site-packages/airflow/example_dags/example_setup_teardown_taskflow.py took 0.174 seconds
[2025-10-06T18:41:04.749+0000] {processor.py:186} INFO - Started process (PID=2409) to work on /home/airflow/.local/lib/python3.12/site-packages/airflow/example_dags/example_setup_teardown_taskflow.py
[2025-10-06T18:41:04.752+0000] {processor.py:914} INFO - Processing file /home/airflow/.local/lib/python3.12/site-packages/airflow/example_dags/example_setup_teardown_taskflow.py for tasks to queue
[2025-10-06T18:41:04.760+0000] {logging_mixin.py:190} INFO - [2025-10-06T18:41:04.759+0000] {dagbag.py:588} INFO - Filling up the DagBag from /home/airflow/.local/lib/python3.12/site-packages/airflow/example_dags/example_setup_teardown_taskflow.py
[2025-10-06T18:41:04.788+0000] {processor.py:925} INFO - DAG(s) 'example_setup_teardown_taskflow' retrieved from /home/airflow/.local/lib/python3.12/site-packages/airflow/example_dags/example_setup_teardown_taskflow.py
[2025-10-06T18:41:04.830+0000] {logging_mixin.py:190} INFO - [2025-10-06T18:41:04.830+0000] {dag.py:3239} INFO - Sync 1 DAGs
[2025-10-06T18:41:04.856+0000] {logging_mixin.py:190} INFO - [2025-10-06T18:41:04.855+0000] {dag.py:4180} INFO - Setting next_dagrun for example_setup_teardown_taskflow to None, run_after=None
[2025-10-06T18:41:04.883+0000] {processor.py:208} INFO - Processing /home/airflow/.local/lib/python3.12/site-packages/airflow/example_dags/example_setup_teardown_taskflow.py took 0.151 seconds
[2025-10-06T18:41:37.069+0000] {processor.py:186} INFO - Started process (PID=2472) to work on /home/airflow/.local/lib/python3.12/site-packages/airflow/example_dags/example_setup_teardown_taskflow.py
[2025-10-06T18:41:37.072+0000] {processor.py:914} INFO - Processing file /home/airflow/.local/lib/python3.12/site-packages/airflow/example_dags/example_setup_teardown_taskflow.py for tasks to queue
[2025-10-06T18:41:37.079+0000] {logging_mixin.py:190} INFO - [2025-10-06T18:41:37.078+0000] {dagbag.py:588} INFO - Filling up the DagBag from /home/airflow/.local/lib/python3.12/site-packages/airflow/example_dags/example_setup_teardown_taskflow.py
[2025-10-06T18:41:37.116+0000] {processor.py:925} INFO - DAG(s) 'example_setup_teardown_taskflow' retrieved from /home/airflow/.local/lib/python3.12/site-packages/airflow/example_dags/example_setup_teardown_taskflow.py
[2025-10-06T18:41:37.203+0000] {logging_mixin.py:190} INFO - [2025-10-06T18:41:37.203+0000] {dag.py:3239} INFO - Sync 1 DAGs
[2025-10-06T18:41:37.237+0000] {logging_mixin.py:190} INFO - [2025-10-06T18:41:37.237+0000] {dag.py:4180} INFO - Setting next_dagrun for example_setup_teardown_taskflow to None, run_after=None
[2025-10-06T18:41:37.299+0000] {processor.py:208} INFO - Processing /home/airflow/.local/lib/python3.12/site-packages/airflow/example_dags/example_setup_teardown_taskflow.py took 0.246 seconds
[2025-10-06T18:42:07.822+0000] {processor.py:186} INFO - Started process (PID=2535) to work on /home/airflow/.local/lib/python3.12/site-packages/airflow/example_dags/example_setup_teardown_taskflow.py
[2025-10-06T18:42:07.824+0000] {processor.py:914} INFO - Processing file /home/airflow/.local/lib/python3.12/site-packages/airflow/example_dags/example_setup_teardown_taskflow.py for tasks to queue
[2025-10-06T18:42:07.827+0000] {logging_mixin.py:190} INFO - [2025-10-06T18:42:07.827+0000] {dagbag.py:588} INFO - Filling up the DagBag from /home/airflow/.local/lib/python3.12/site-packages/airflow/example_dags/example_setup_teardown_taskflow.py
[2025-10-06T18:42:07.843+0000] {processor.py:925} INFO - DAG(s) 'example_setup_teardown_taskflow' retrieved from /home/airflow/.local/lib/python3.12/site-packages/airflow/example_dags/example_setup_teardown_taskflow.py
[2025-10-06T18:42:07.877+0000] {logging_mixin.py:190} INFO - [2025-10-06T18:42:07.876+0000] {dag.py:3239} INFO - Sync 1 DAGs
[2025-10-06T18:42:07.896+0000] {logging_mixin.py:190} INFO - [2025-10-06T18:42:07.896+0000] {dag.py:4180} INFO - Setting next_dagrun for example_setup_teardown_taskflow to None, run_after=None
[2025-10-06T18:42:07.926+0000] {processor.py:208} INFO - Processing /home/airflow/.local/lib/python3.12/site-packages/airflow/example_dags/example_setup_teardown_taskflow.py took 0.114 seconds
[2025-10-06T18:42:40.887+0000] {processor.py:186} INFO - Started process (PID=2599) to work on /home/airflow/.local/lib/python3.12/site-packages/airflow/example_dags/example_setup_teardown_taskflow.py
[2025-10-06T18:42:40.889+0000] {processor.py:914} INFO - Processing file /home/airflow/.local/lib/python3.12/site-packages/airflow/example_dags/example_setup_teardown_taskflow.py for tasks to queue
[2025-10-06T18:42:40.895+0000] {logging_mixin.py:190} INFO - [2025-10-06T18:42:40.894+0000] {dagbag.py:588} INFO - Filling up the DagBag from /home/airflow/.local/lib/python3.12/site-packages/airflow/example_dags/example_setup_teardown_taskflow.py
[2025-10-06T18:42:40.923+0000] {processor.py:925} INFO - DAG(s) 'example_setup_teardown_taskflow' retrieved from /home/airflow/.local/lib/python3.12/site-packages/airflow/example_dags/example_setup_teardown_taskflow.py
[2025-10-06T18:42:40.969+0000] {logging_mixin.py:190} INFO - [2025-10-06T18:42:40.968+0000] {dag.py:3239} INFO - Sync 1 DAGs
[2025-10-06T18:42:40.997+0000] {logging_mixin.py:190} INFO - [2025-10-06T18:42:40.997+0000] {dag.py:4180} INFO - Setting next_dagrun for example_setup_teardown_taskflow to None, run_after=None
[2025-10-06T18:42:41.047+0000] {processor.py:208} INFO - Processing /home/airflow/.local/lib/python3.12/site-packages/airflow/example_dags/example_setup_teardown_taskflow.py took 0.174 seconds
[2025-10-06T18:43:11.372+0000] {processor.py:186} INFO - Started process (PID=2662) to work on /home/airflow/.local/lib/python3.12/site-packages/airflow/example_dags/example_setup_teardown_taskflow.py
[2025-10-06T18:43:11.374+0000] {processor.py:914} INFO - Processing file /home/airflow/.local/lib/python3.12/site-packages/airflow/example_dags/example_setup_teardown_taskflow.py for tasks to queue
[2025-10-06T18:43:11.377+0000] {logging_mixin.py:190} INFO - [2025-10-06T18:43:11.376+0000] {dagbag.py:588} INFO - Filling up the DagBag from /home/airflow/.local/lib/python3.12/site-packages/airflow/example_dags/example_setup_teardown_taskflow.py
[2025-10-06T18:43:11.391+0000] {processor.py:925} INFO - DAG(s) 'example_setup_teardown_taskflow' retrieved from /home/airflow/.local/lib/python3.12/site-packages/airflow/example_dags/example_setup_teardown_taskflow.py
[2025-10-06T18:43:11.419+0000] {logging_mixin.py:190} INFO - [2025-10-06T18:43:11.418+0000] {dag.py:3239} INFO - Sync 1 DAGs
[2025-10-06T18:43:11.436+0000] {logging_mixin.py:190} INFO - [2025-10-06T18:43:11.436+0000] {dag.py:4180} INFO - Setting next_dagrun for example_setup_teardown_taskflow to None, run_after=None
[2025-10-06T18:43:11.466+0000] {processor.py:208} INFO - Processing /home/airflow/.local/lib/python3.12/site-packages/airflow/example_dags/example_setup_teardown_taskflow.py took 0.101 seconds
[2025-10-06T18:43:43.430+0000] {processor.py:186} INFO - Started process (PID=2725) to work on /home/airflow/.local/lib/python3.12/site-packages/airflow/example_dags/example_setup_teardown_taskflow.py
[2025-10-06T18:43:43.431+0000] {processor.py:914} INFO - Processing file /home/airflow/.local/lib/python3.12/site-packages/airflow/example_dags/example_setup_teardown_taskflow.py for tasks to queue
[2025-10-06T18:43:43.435+0000] {logging_mixin.py:190} INFO - [2025-10-06T18:43:43.435+0000] {dagbag.py:588} INFO - Filling up the DagBag from /home/airflow/.local/lib/python3.12/site-packages/airflow/example_dags/example_setup_teardown_taskflow.py
[2025-10-06T18:43:43.449+0000] {processor.py:925} INFO - DAG(s) 'example_setup_teardown_taskflow' retrieved from /home/airflow/.local/lib/python3.12/site-packages/airflow/example_dags/example_setup_teardown_taskflow.py
[2025-10-06T18:43:43.476+0000] {logging_mixin.py:190} INFO - [2025-10-06T18:43:43.476+0000] {dag.py:3239} INFO - Sync 1 DAGs
[2025-10-06T18:43:43.495+0000] {logging_mixin.py:190} INFO - [2025-10-06T18:43:43.494+0000] {dag.py:4180} INFO - Setting next_dagrun for example_setup_teardown_taskflow to None, run_after=None
[2025-10-06T18:43:43.530+0000] {processor.py:208} INFO - Processing /home/airflow/.local/lib/python3.12/site-packages/airflow/example_dags/example_setup_teardown_taskflow.py took 0.108 seconds
[2025-10-06T18:44:15.313+0000] {processor.py:186} INFO - Started process (PID=2788) to work on /home/airflow/.local/lib/python3.12/site-packages/airflow/example_dags/example_setup_teardown_taskflow.py
[2025-10-06T18:44:15.314+0000] {processor.py:914} INFO - Processing file /home/airflow/.local/lib/python3.12/site-packages/airflow/example_dags/example_setup_teardown_taskflow.py for tasks to queue
[2025-10-06T18:44:15.318+0000] {logging_mixin.py:190} INFO - [2025-10-06T18:44:15.317+0000] {dagbag.py:588} INFO - Filling up the DagBag from /home/airflow/.local/lib/python3.12/site-packages/airflow/example_dags/example_setup_teardown_taskflow.py
[2025-10-06T18:44:15.330+0000] {processor.py:925} INFO - DAG(s) 'example_setup_teardown_taskflow' retrieved from /home/airflow/.local/lib/python3.12/site-packages/airflow/example_dags/example_setup_teardown_taskflow.py
[2025-10-06T18:44:15.359+0000] {logging_mixin.py:190} INFO - [2025-10-06T18:44:15.359+0000] {dag.py:3239} INFO - Sync 1 DAGs
[2025-10-06T18:44:15.377+0000] {logging_mixin.py:190} INFO - [2025-10-06T18:44:15.377+0000] {dag.py:4180} INFO - Setting next_dagrun for example_setup_teardown_taskflow to None, run_after=None
[2025-10-06T18:44:15.403+0000] {processor.py:208} INFO - Processing /home/airflow/.local/lib/python3.12/site-packages/airflow/example_dags/example_setup_teardown_taskflow.py took 0.098 seconds
[2025-10-06T18:44:46.487+0000] {processor.py:186} INFO - Started process (PID=2851) to work on /home/airflow/.local/lib/python3.12/site-packages/airflow/example_dags/example_setup_teardown_taskflow.py
[2025-10-06T18:44:46.491+0000] {processor.py:914} INFO - Processing file /home/airflow/.local/lib/python3.12/site-packages/airflow/example_dags/example_setup_teardown_taskflow.py for tasks to queue
[2025-10-06T18:44:46.496+0000] {logging_mixin.py:190} INFO - [2025-10-06T18:44:46.495+0000] {dagbag.py:588} INFO - Filling up the DagBag from /home/airflow/.local/lib/python3.12/site-packages/airflow/example_dags/example_setup_teardown_taskflow.py
[2025-10-06T18:44:46.521+0000] {processor.py:925} INFO - DAG(s) 'example_setup_teardown_taskflow' retrieved from /home/airflow/.local/lib/python3.12/site-packages/airflow/example_dags/example_setup_teardown_taskflow.py
[2025-10-06T18:44:46.566+0000] {logging_mixin.py:190} INFO - [2025-10-06T18:44:46.565+0000] {dag.py:3239} INFO - Sync 1 DAGs
[2025-10-06T18:44:46.588+0000] {logging_mixin.py:190} INFO - [2025-10-06T18:44:46.588+0000] {dag.py:4180} INFO - Setting next_dagrun for example_setup_teardown_taskflow to None, run_after=None
[2025-10-06T18:44:46.620+0000] {processor.py:208} INFO - Processing /home/airflow/.local/lib/python3.12/site-packages/airflow/example_dags/example_setup_teardown_taskflow.py took 0.150 seconds
[2025-10-06T18:45:18.624+0000] {processor.py:186} INFO - Started process (PID=2914) to work on /home/airflow/.local/lib/python3.12/site-packages/airflow/example_dags/example_setup_teardown_taskflow.py
[2025-10-06T18:45:18.625+0000] {processor.py:914} INFO - Processing file /home/airflow/.local/lib/python3.12/site-packages/airflow/example_dags/example_setup_teardown_taskflow.py for tasks to queue
[2025-10-06T18:45:18.628+0000] {logging_mixin.py:190} INFO - [2025-10-06T18:45:18.627+0000] {dagbag.py:588} INFO - Filling up the DagBag from /home/airflow/.local/lib/python3.12/site-packages/airflow/example_dags/example_setup_teardown_taskflow.py
[2025-10-06T18:45:18.641+0000] {processor.py:925} INFO - DAG(s) 'example_setup_teardown_taskflow' retrieved from /home/airflow/.local/lib/python3.12/site-packages/airflow/example_dags/example_setup_teardown_taskflow.py
[2025-10-06T18:45:18.667+0000] {logging_mixin.py:190} INFO - [2025-10-06T18:45:18.667+0000] {dag.py:3239} INFO - Sync 1 DAGs
[2025-10-06T18:45:18.685+0000] {logging_mixin.py:190} INFO - [2025-10-06T18:45:18.685+0000] {dag.py:4180} INFO - Setting next_dagrun for example_setup_teardown_taskflow to None, run_after=None
[2025-10-06T18:45:18.710+0000] {processor.py:208} INFO - Processing /home/airflow/.local/lib/python3.12/site-packages/airflow/example_dags/example_setup_teardown_taskflow.py took 0.093 seconds
[2025-10-06T18:45:52.221+0000] {processor.py:186} INFO - Started process (PID=2977) to work on /home/airflow/.local/lib/python3.12/site-packages/airflow/example_dags/example_setup_teardown_taskflow.py
[2025-10-06T18:45:52.222+0000] {processor.py:914} INFO - Processing file /home/airflow/.local/lib/python3.12/site-packages/airflow/example_dags/example_setup_teardown_taskflow.py for tasks to queue
[2025-10-06T18:45:52.226+0000] {logging_mixin.py:190} INFO - [2025-10-06T18:45:52.225+0000] {dagbag.py:588} INFO - Filling up the DagBag from /home/airflow/.local/lib/python3.12/site-packages/airflow/example_dags/example_setup_teardown_taskflow.py
[2025-10-06T18:45:52.241+0000] {processor.py:925} INFO - DAG(s) 'example_setup_teardown_taskflow' retrieved from /home/airflow/.local/lib/python3.12/site-packages/airflow/example_dags/example_setup_teardown_taskflow.py
[2025-10-06T18:45:52.266+0000] {logging_mixin.py:190} INFO - [2025-10-06T18:45:52.266+0000] {dag.py:3239} INFO - Sync 1 DAGs
[2025-10-06T18:45:52.283+0000] {logging_mixin.py:190} INFO - [2025-10-06T18:45:52.283+0000] {dag.py:4180} INFO - Setting next_dagrun for example_setup_teardown_taskflow to None, run_after=None
[2025-10-06T18:45:52.307+0000] {processor.py:208} INFO - Processing /home/airflow/.local/lib/python3.12/site-packages/airflow/example_dags/example_setup_teardown_taskflow.py took 0.094 seconds
[2025-10-06T18:46:23.824+0000] {processor.py:186} INFO - Started process (PID=3040) to work on /home/airflow/.local/lib/python3.12/site-packages/airflow/example_dags/example_setup_teardown_taskflow.py
[2025-10-06T18:46:23.826+0000] {processor.py:914} INFO - Processing file /home/airflow/.local/lib/python3.12/site-packages/airflow/example_dags/example_setup_teardown_taskflow.py for tasks to queue
[2025-10-06T18:46:23.831+0000] {logging_mixin.py:190} INFO - [2025-10-06T18:46:23.830+0000] {dagbag.py:588} INFO - Filling up the DagBag from /home/airflow/.local/lib/python3.12/site-packages/airflow/example_dags/example_setup_teardown_taskflow.py
[2025-10-06T18:46:23.855+0000] {processor.py:925} INFO - DAG(s) 'example_setup_teardown_taskflow' retrieved from /home/airflow/.local/lib/python3.12/site-packages/airflow/example_dags/example_setup_teardown_taskflow.py
[2025-10-06T18:46:23.898+0000] {logging_mixin.py:190} INFO - [2025-10-06T18:46:23.898+0000] {dag.py:3239} INFO - Sync 1 DAGs
[2025-10-06T18:46:24.354+0000] {logging_mixin.py:190} INFO - [2025-10-06T18:46:24.353+0000] {dag.py:4180} INFO - Setting next_dagrun for example_setup_teardown_taskflow to None, run_after=None
[2025-10-06T18:46:24.453+0000] {processor.py:208} INFO - Processing /home/airflow/.local/lib/python3.12/site-packages/airflow/example_dags/example_setup_teardown_taskflow.py took 0.642 seconds
[2025-10-06T18:46:55.245+0000] {processor.py:186} INFO - Started process (PID=3103) to work on /home/airflow/.local/lib/python3.12/site-packages/airflow/example_dags/example_setup_teardown_taskflow.py
[2025-10-06T18:46:55.246+0000] {processor.py:914} INFO - Processing file /home/airflow/.local/lib/python3.12/site-packages/airflow/example_dags/example_setup_teardown_taskflow.py for tasks to queue
[2025-10-06T18:46:55.250+0000] {logging_mixin.py:190} INFO - [2025-10-06T18:46:55.249+0000] {dagbag.py:588} INFO - Filling up the DagBag from /home/airflow/.local/lib/python3.12/site-packages/airflow/example_dags/example_setup_teardown_taskflow.py
[2025-10-06T18:46:55.266+0000] {processor.py:925} INFO - DAG(s) 'example_setup_teardown_taskflow' retrieved from /home/airflow/.local/lib/python3.12/site-packages/airflow/example_dags/example_setup_teardown_taskflow.py
[2025-10-06T18:46:55.289+0000] {logging_mixin.py:190} INFO - [2025-10-06T18:46:55.289+0000] {dag.py:3239} INFO - Sync 1 DAGs
[2025-10-06T18:46:55.307+0000] {logging_mixin.py:190} INFO - [2025-10-06T18:46:55.306+0000] {dag.py:4180} INFO - Setting next_dagrun for example_setup_teardown_taskflow to None, run_after=None
[2025-10-06T18:46:55.521+0000] {processor.py:208} INFO - Processing /home/airflow/.local/lib/python3.12/site-packages/airflow/example_dags/example_setup_teardown_taskflow.py took 0.284 seconds
[2025-10-06T18:47:25.621+0000] {processor.py:186} INFO - Started process (PID=3166) to work on /home/airflow/.local/lib/python3.12/site-packages/airflow/example_dags/example_setup_teardown_taskflow.py
[2025-10-06T18:47:25.622+0000] {processor.py:914} INFO - Processing file /home/airflow/.local/lib/python3.12/site-packages/airflow/example_dags/example_setup_teardown_taskflow.py for tasks to queue
[2025-10-06T18:47:25.625+0000] {logging_mixin.py:190} INFO - [2025-10-06T18:47:25.625+0000] {dagbag.py:588} INFO - Filling up the DagBag from /home/airflow/.local/lib/python3.12/site-packages/airflow/example_dags/example_setup_teardown_taskflow.py
[2025-10-06T18:47:25.639+0000] {processor.py:925} INFO - DAG(s) 'example_setup_teardown_taskflow' retrieved from /home/airflow/.local/lib/python3.12/site-packages/airflow/example_dags/example_setup_teardown_taskflow.py
[2025-10-06T18:47:25.672+0000] {logging_mixin.py:190} INFO - [2025-10-06T18:47:25.671+0000] {dag.py:3239} INFO - Sync 1 DAGs
[2025-10-06T18:47:25.698+0000] {logging_mixin.py:190} INFO - [2025-10-06T18:47:25.697+0000] {dag.py:4180} INFO - Setting next_dagrun for example_setup_teardown_taskflow to None, run_after=None
[2025-10-06T18:47:25.735+0000] {processor.py:208} INFO - Processing /home/airflow/.local/lib/python3.12/site-packages/airflow/example_dags/example_setup_teardown_taskflow.py took 0.121 seconds
[2025-10-06T18:47:57.801+0000] {processor.py:186} INFO - Started process (PID=3229) to work on /home/airflow/.local/lib/python3.12/site-packages/airflow/example_dags/example_setup_teardown_taskflow.py
[2025-10-06T18:47:57.803+0000] {processor.py:914} INFO - Processing file /home/airflow/.local/lib/python3.12/site-packages/airflow/example_dags/example_setup_teardown_taskflow.py for tasks to queue
[2025-10-06T18:47:57.806+0000] {logging_mixin.py:190} INFO - [2025-10-06T18:47:57.805+0000] {dagbag.py:588} INFO - Filling up the DagBag from /home/airflow/.local/lib/python3.12/site-packages/airflow/example_dags/example_setup_teardown_taskflow.py
[2025-10-06T18:47:57.818+0000] {processor.py:925} INFO - DAG(s) 'example_setup_teardown_taskflow' retrieved from /home/airflow/.local/lib/python3.12/site-packages/airflow/example_dags/example_setup_teardown_taskflow.py
[2025-10-06T18:47:57.845+0000] {logging_mixin.py:190} INFO - [2025-10-06T18:47:57.845+0000] {dag.py:3239} INFO - Sync 1 DAGs
[2025-10-06T18:47:57.861+0000] {logging_mixin.py:190} INFO - [2025-10-06T18:47:57.860+0000] {dag.py:4180} INFO - Setting next_dagrun for example_setup_teardown_taskflow to None, run_after=None
[2025-10-06T18:47:57.883+0000] {processor.py:208} INFO - Processing /home/airflow/.local/lib/python3.12/site-packages/airflow/example_dags/example_setup_teardown_taskflow.py took 0.089 seconds
[2025-10-06T18:57:09.122+0000] {processor.py:186} INFO - Started process (PID=3299) to work on /home/airflow/.local/lib/python3.12/site-packages/airflow/example_dags/example_setup_teardown_taskflow.py
[2025-10-06T18:57:09.124+0000] {processor.py:914} INFO - Processing file /home/airflow/.local/lib/python3.12/site-packages/airflow/example_dags/example_setup_teardown_taskflow.py for tasks to queue
[2025-10-06T18:57:09.128+0000] {logging_mixin.py:190} INFO - [2025-10-06T18:57:09.127+0000] {dagbag.py:588} INFO - Filling up the DagBag from /home/airflow/.local/lib/python3.12/site-packages/airflow/example_dags/example_setup_teardown_taskflow.py
[2025-10-06T18:57:09.155+0000] {processor.py:925} INFO - DAG(s) 'example_setup_teardown_taskflow' retrieved from /home/airflow/.local/lib/python3.12/site-packages/airflow/example_dags/example_setup_teardown_taskflow.py
[2025-10-06T18:57:09.204+0000] {logging_mixin.py:190} INFO - [2025-10-06T18:57:09.204+0000] {dag.py:3239} INFO - Sync 1 DAGs
[2025-10-06T18:57:09.239+0000] {logging_mixin.py:190} INFO - [2025-10-06T18:57:09.239+0000] {dag.py:4180} INFO - Setting next_dagrun for example_setup_teardown_taskflow to None, run_after=None
[2025-10-06T18:57:09.287+0000] {processor.py:208} INFO - Processing /home/airflow/.local/lib/python3.12/site-packages/airflow/example_dags/example_setup_teardown_taskflow.py took 0.177 seconds
[2025-10-06T18:57:40.386+0000] {processor.py:186} INFO - Started process (PID=3363) to work on /home/airflow/.local/lib/python3.12/site-packages/airflow/example_dags/example_setup_teardown_taskflow.py
[2025-10-06T18:57:40.387+0000] {processor.py:914} INFO - Processing file /home/airflow/.local/lib/python3.12/site-packages/airflow/example_dags/example_setup_teardown_taskflow.py for tasks to queue
[2025-10-06T18:57:40.388+0000] {logging_mixin.py:190} INFO - [2025-10-06T18:57:40.388+0000] {dagbag.py:588} INFO - Filling up the DagBag from /home/airflow/.local/lib/python3.12/site-packages/airflow/example_dags/example_setup_teardown_taskflow.py
[2025-10-06T18:57:40.404+0000] {processor.py:925} INFO - DAG(s) 'example_setup_teardown_taskflow' retrieved from /home/airflow/.local/lib/python3.12/site-packages/airflow/example_dags/example_setup_teardown_taskflow.py
[2025-10-06T18:57:40.427+0000] {logging_mixin.py:190} INFO - [2025-10-06T18:57:40.427+0000] {dag.py:3239} INFO - Sync 1 DAGs
[2025-10-06T18:57:40.446+0000] {logging_mixin.py:190} INFO - [2025-10-06T18:57:40.445+0000] {dag.py:4180} INFO - Setting next_dagrun for example_setup_teardown_taskflow to None, run_after=None
[2025-10-06T18:57:40.467+0000] {processor.py:208} INFO - Processing /home/airflow/.local/lib/python3.12/site-packages/airflow/example_dags/example_setup_teardown_taskflow.py took 0.088 seconds
[2025-10-06T18:58:11.692+0000] {processor.py:186} INFO - Started process (PID=3426) to work on /home/airflow/.local/lib/python3.12/site-packages/airflow/example_dags/example_setup_teardown_taskflow.py
[2025-10-06T18:58:11.694+0000] {processor.py:914} INFO - Processing file /home/airflow/.local/lib/python3.12/site-packages/airflow/example_dags/example_setup_teardown_taskflow.py for tasks to queue
[2025-10-06T18:58:11.695+0000] {logging_mixin.py:190} INFO - [2025-10-06T18:58:11.695+0000] {dagbag.py:588} INFO - Filling up the DagBag from /home/airflow/.local/lib/python3.12/site-packages/airflow/example_dags/example_setup_teardown_taskflow.py
[2025-10-06T18:58:11.708+0000] {processor.py:925} INFO - DAG(s) 'example_setup_teardown_taskflow' retrieved from /home/airflow/.local/lib/python3.12/site-packages/airflow/example_dags/example_setup_teardown_taskflow.py
[2025-10-06T18:58:11.734+0000] {logging_mixin.py:190} INFO - [2025-10-06T18:58:11.734+0000] {dag.py:3239} INFO - Sync 1 DAGs
[2025-10-06T18:58:11.751+0000] {logging_mixin.py:190} INFO - [2025-10-06T18:58:11.750+0000] {dag.py:4180} INFO - Setting next_dagrun for example_setup_teardown_taskflow to None, run_after=None
[2025-10-06T18:58:11.774+0000] {processor.py:208} INFO - Processing /home/airflow/.local/lib/python3.12/site-packages/airflow/example_dags/example_setup_teardown_taskflow.py took 0.088 seconds
[2025-10-06T18:58:43.561+0000] {processor.py:186} INFO - Started process (PID=3489) to work on /home/airflow/.local/lib/python3.12/site-packages/airflow/example_dags/example_setup_teardown_taskflow.py
[2025-10-06T18:58:43.563+0000] {processor.py:914} INFO - Processing file /home/airflow/.local/lib/python3.12/site-packages/airflow/example_dags/example_setup_teardown_taskflow.py for tasks to queue
[2025-10-06T18:58:43.564+0000] {logging_mixin.py:190} INFO - [2025-10-06T18:58:43.564+0000] {dagbag.py:588} INFO - Filling up the DagBag from /home/airflow/.local/lib/python3.12/site-packages/airflow/example_dags/example_setup_teardown_taskflow.py
[2025-10-06T18:58:43.578+0000] {processor.py:925} INFO - DAG(s) 'example_setup_teardown_taskflow' retrieved from /home/airflow/.local/lib/python3.12/site-packages/airflow/example_dags/example_setup_teardown_taskflow.py
[2025-10-06T18:58:43.609+0000] {logging_mixin.py:190} INFO - [2025-10-06T18:58:43.609+0000] {dag.py:3239} INFO - Sync 1 DAGs
[2025-10-06T18:58:43.629+0000] {logging_mixin.py:190} INFO - [2025-10-06T18:58:43.628+0000] {dag.py:4180} INFO - Setting next_dagrun for example_setup_teardown_taskflow to None, run_after=None
[2025-10-06T18:58:43.661+0000] {processor.py:208} INFO - Processing /home/airflow/.local/lib/python3.12/site-packages/airflow/example_dags/example_setup_teardown_taskflow.py took 0.107 seconds
[2025-10-06T18:59:14.267+0000] {processor.py:186} INFO - Started process (PID=3552) to work on /home/airflow/.local/lib/python3.12/site-packages/airflow/example_dags/example_setup_teardown_taskflow.py
[2025-10-06T18:59:14.269+0000] {processor.py:914} INFO - Processing file /home/airflow/.local/lib/python3.12/site-packages/airflow/example_dags/example_setup_teardown_taskflow.py for tasks to queue
[2025-10-06T18:59:14.270+0000] {logging_mixin.py:190} INFO - [2025-10-06T18:59:14.270+0000] {dagbag.py:588} INFO - Filling up the DagBag from /home/airflow/.local/lib/python3.12/site-packages/airflow/example_dags/example_setup_teardown_taskflow.py
[2025-10-06T18:59:14.283+0000] {processor.py:925} INFO - DAG(s) 'example_setup_teardown_taskflow' retrieved from /home/airflow/.local/lib/python3.12/site-packages/airflow/example_dags/example_setup_teardown_taskflow.py
[2025-10-06T18:59:14.308+0000] {logging_mixin.py:190} INFO - [2025-10-06T18:59:14.307+0000] {dag.py:3239} INFO - Sync 1 DAGs
[2025-10-06T18:59:14.326+0000] {logging_mixin.py:190} INFO - [2025-10-06T18:59:14.326+0000] {dag.py:4180} INFO - Setting next_dagrun for example_setup_teardown_taskflow to None, run_after=None
[2025-10-06T18:59:14.355+0000] {processor.py:208} INFO - Processing /home/airflow/.local/lib/python3.12/site-packages/airflow/example_dags/example_setup_teardown_taskflow.py took 0.094 seconds
[2025-10-06T18:59:45.090+0000] {processor.py:186} INFO - Started process (PID=3615) to work on /home/airflow/.local/lib/python3.12/site-packages/airflow/example_dags/example_setup_teardown_taskflow.py
[2025-10-06T18:59:45.092+0000] {processor.py:914} INFO - Processing file /home/airflow/.local/lib/python3.12/site-packages/airflow/example_dags/example_setup_teardown_taskflow.py for tasks to queue
[2025-10-06T18:59:45.093+0000] {logging_mixin.py:190} INFO - [2025-10-06T18:59:45.093+0000] {dagbag.py:588} INFO - Filling up the DagBag from /home/airflow/.local/lib/python3.12/site-packages/airflow/example_dags/example_setup_teardown_taskflow.py
[2025-10-06T18:59:45.112+0000] {processor.py:925} INFO - DAG(s) 'example_setup_teardown_taskflow' retrieved from /home/airflow/.local/lib/python3.12/site-packages/airflow/example_dags/example_setup_teardown_taskflow.py
[2025-10-06T18:59:45.140+0000] {logging_mixin.py:190} INFO - [2025-10-06T18:59:45.140+0000] {dag.py:3239} INFO - Sync 1 DAGs
[2025-10-06T18:59:45.162+0000] {logging_mixin.py:190} INFO - [2025-10-06T18:59:45.161+0000] {dag.py:4180} INFO - Setting next_dagrun for example_setup_teardown_taskflow to None, run_after=None
[2025-10-06T18:59:45.198+0000] {processor.py:208} INFO - Processing /home/airflow/.local/lib/python3.12/site-packages/airflow/example_dags/example_setup_teardown_taskflow.py took 0.114 seconds
[2025-10-06T19:00:16.030+0000] {processor.py:186} INFO - Started process (PID=3678) to work on /home/airflow/.local/lib/python3.12/site-packages/airflow/example_dags/example_setup_teardown_taskflow.py
[2025-10-06T19:00:16.032+0000] {processor.py:914} INFO - Processing file /home/airflow/.local/lib/python3.12/site-packages/airflow/example_dags/example_setup_teardown_taskflow.py for tasks to queue
[2025-10-06T19:00:16.033+0000] {logging_mixin.py:190} INFO - [2025-10-06T19:00:16.033+0000] {dagbag.py:588} INFO - Filling up the DagBag from /home/airflow/.local/lib/python3.12/site-packages/airflow/example_dags/example_setup_teardown_taskflow.py
[2025-10-06T19:00:16.047+0000] {processor.py:925} INFO - DAG(s) 'example_setup_teardown_taskflow' retrieved from /home/airflow/.local/lib/python3.12/site-packages/airflow/example_dags/example_setup_teardown_taskflow.py
[2025-10-06T19:00:16.073+0000] {logging_mixin.py:190} INFO - [2025-10-06T19:00:16.073+0000] {dag.py:3239} INFO - Sync 1 DAGs
[2025-10-06T19:00:16.091+0000] {logging_mixin.py:190} INFO - [2025-10-06T19:00:16.091+0000] {dag.py:4180} INFO - Setting next_dagrun for example_setup_teardown_taskflow to None, run_after=None
[2025-10-06T19:00:16.116+0000] {processor.py:208} INFO - Processing /home/airflow/.local/lib/python3.12/site-packages/airflow/example_dags/example_setup_teardown_taskflow.py took 0.095 seconds
[2025-10-06T19:00:46.504+0000] {processor.py:186} INFO - Started process (PID=3741) to work on /home/airflow/.local/lib/python3.12/site-packages/airflow/example_dags/example_setup_teardown_taskflow.py
[2025-10-06T19:00:46.506+0000] {processor.py:914} INFO - Processing file /home/airflow/.local/lib/python3.12/site-packages/airflow/example_dags/example_setup_teardown_taskflow.py for tasks to queue
[2025-10-06T19:00:46.508+0000] {logging_mixin.py:190} INFO - [2025-10-06T19:00:46.508+0000] {dagbag.py:588} INFO - Filling up the DagBag from /home/airflow/.local/lib/python3.12/site-packages/airflow/example_dags/example_setup_teardown_taskflow.py
[2025-10-06T19:00:46.527+0000] {processor.py:925} INFO - DAG(s) 'example_setup_teardown_taskflow' retrieved from /home/airflow/.local/lib/python3.12/site-packages/airflow/example_dags/example_setup_teardown_taskflow.py
[2025-10-06T19:00:46.562+0000] {logging_mixin.py:190} INFO - [2025-10-06T19:00:46.562+0000] {dag.py:3239} INFO - Sync 1 DAGs
[2025-10-06T19:00:46.588+0000] {logging_mixin.py:190} INFO - [2025-10-06T19:00:46.587+0000] {dag.py:4180} INFO - Setting next_dagrun for example_setup_teardown_taskflow to None, run_after=None
[2025-10-06T19:00:46.624+0000] {processor.py:208} INFO - Processing /home/airflow/.local/lib/python3.12/site-packages/airflow/example_dags/example_setup_teardown_taskflow.py took 0.128 seconds
[2025-10-06T19:01:16.921+0000] {processor.py:186} INFO - Started process (PID=3804) to work on /home/airflow/.local/lib/python3.12/site-packages/airflow/example_dags/example_setup_teardown_taskflow.py
[2025-10-06T19:01:16.922+0000] {processor.py:914} INFO - Processing file /home/airflow/.local/lib/python3.12/site-packages/airflow/example_dags/example_setup_teardown_taskflow.py for tasks to queue
[2025-10-06T19:01:16.925+0000] {logging_mixin.py:190} INFO - [2025-10-06T19:01:16.924+0000] {dagbag.py:588} INFO - Filling up the DagBag from /home/airflow/.local/lib/python3.12/site-packages/airflow/example_dags/example_setup_teardown_taskflow.py
[2025-10-06T19:01:16.940+0000] {processor.py:925} INFO - DAG(s) 'example_setup_teardown_taskflow' retrieved from /home/airflow/.local/lib/python3.12/site-packages/airflow/example_dags/example_setup_teardown_taskflow.py
[2025-10-06T19:01:16.966+0000] {logging_mixin.py:190} INFO - [2025-10-06T19:01:16.966+0000] {dag.py:3239} INFO - Sync 1 DAGs
[2025-10-06T19:01:16.987+0000] {logging_mixin.py:190} INFO - [2025-10-06T19:01:16.987+0000] {dag.py:4180} INFO - Setting next_dagrun for example_setup_teardown_taskflow to None, run_after=None
[2025-10-06T19:01:17.016+0000] {processor.py:208} INFO - Processing /home/airflow/.local/lib/python3.12/site-packages/airflow/example_dags/example_setup_teardown_taskflow.py took 0.105 seconds
[2025-10-06T19:01:47.596+0000] {processor.py:186} INFO - Started process (PID=3867) to work on /home/airflow/.local/lib/python3.12/site-packages/airflow/example_dags/example_setup_teardown_taskflow.py
[2025-10-06T19:01:47.597+0000] {processor.py:914} INFO - Processing file /home/airflow/.local/lib/python3.12/site-packages/airflow/example_dags/example_setup_teardown_taskflow.py for tasks to queue
[2025-10-06T19:01:47.599+0000] {logging_mixin.py:190} INFO - [2025-10-06T19:01:47.599+0000] {dagbag.py:588} INFO - Filling up the DagBag from /home/airflow/.local/lib/python3.12/site-packages/airflow/example_dags/example_setup_teardown_taskflow.py
[2025-10-06T19:01:47.615+0000] {processor.py:925} INFO - DAG(s) 'example_setup_teardown_taskflow' retrieved from /home/airflow/.local/lib/python3.12/site-packages/airflow/example_dags/example_setup_teardown_taskflow.py
[2025-10-06T19:01:47.643+0000] {logging_mixin.py:190} INFO - [2025-10-06T19:01:47.643+0000] {dag.py:3239} INFO - Sync 1 DAGs
[2025-10-06T19:01:47.663+0000] {logging_mixin.py:190} INFO - [2025-10-06T19:01:47.663+0000] {dag.py:4180} INFO - Setting next_dagrun for example_setup_teardown_taskflow to None, run_after=None
[2025-10-06T19:01:47.689+0000] {processor.py:208} INFO - Processing /home/airflow/.local/lib/python3.12/site-packages/airflow/example_dags/example_setup_teardown_taskflow.py took 0.103 seconds
[2025-10-06T19:02:16.886+0000] {processor.py:186} INFO - Started process (PID=3931) to work on /home/airflow/.local/lib/python3.12/site-packages/airflow/example_dags/example_setup_teardown_taskflow.py
[2025-10-06T19:02:16.887+0000] {processor.py:914} INFO - Processing file /home/airflow/.local/lib/python3.12/site-packages/airflow/example_dags/example_setup_teardown_taskflow.py for tasks to queue
[2025-10-06T19:02:16.889+0000] {logging_mixin.py:190} INFO - [2025-10-06T19:02:16.889+0000] {dagbag.py:588} INFO - Filling up the DagBag from /home/airflow/.local/lib/python3.12/site-packages/airflow/example_dags/example_setup_teardown_taskflow.py
[2025-10-06T19:02:16.903+0000] {processor.py:925} INFO - DAG(s) 'example_setup_teardown_taskflow' retrieved from /home/airflow/.local/lib/python3.12/site-packages/airflow/example_dags/example_setup_teardown_taskflow.py
[2025-10-06T19:02:17.995+0000] {logging_mixin.py:190} INFO - [2025-10-06T19:02:17.995+0000] {dag.py:3239} INFO - Sync 1 DAGs
[2025-10-06T19:02:18.014+0000] {logging_mixin.py:190} INFO - [2025-10-06T19:02:18.013+0000] {dag.py:4180} INFO - Setting next_dagrun for example_setup_teardown_taskflow to None, run_after=None
[2025-10-06T19:02:18.040+0000] {processor.py:208} INFO - Processing /home/airflow/.local/lib/python3.12/site-packages/airflow/example_dags/example_setup_teardown_taskflow.py took 0.097 seconds
[2025-10-06T19:02:50.096+0000] {processor.py:186} INFO - Started process (PID=3994) to work on /home/airflow/.local/lib/python3.12/site-packages/airflow/example_dags/example_setup_teardown_taskflow.py
[2025-10-06T19:02:50.097+0000] {processor.py:914} INFO - Processing file /home/airflow/.local/lib/python3.12/site-packages/airflow/example_dags/example_setup_teardown_taskflow.py for tasks to queue
[2025-10-06T19:02:50.099+0000] {logging_mixin.py:190} INFO - [2025-10-06T19:02:50.098+0000] {dagbag.py:588} INFO - Filling up the DagBag from /home/airflow/.local/lib/python3.12/site-packages/airflow/example_dags/example_setup_teardown_taskflow.py
[2025-10-06T19:02:50.112+0000] {processor.py:925} INFO - DAG(s) 'example_setup_teardown_taskflow' retrieved from /home/airflow/.local/lib/python3.12/site-packages/airflow/example_dags/example_setup_teardown_taskflow.py
[2025-10-06T19:02:50.138+0000] {logging_mixin.py:190} INFO - [2025-10-06T19:02:50.138+0000] {dag.py:3239} INFO - Sync 1 DAGs
[2025-10-06T19:02:50.158+0000] {logging_mixin.py:190} INFO - [2025-10-06T19:02:50.158+0000] {dag.py:4180} INFO - Setting next_dagrun for example_setup_teardown_taskflow to None, run_after=None
[2025-10-06T19:02:50.195+0000] {processor.py:208} INFO - Processing /home/airflow/.local/lib/python3.12/site-packages/airflow/example_dags/example_setup_teardown_taskflow.py took 0.107 seconds
[2025-10-06T19:03:22.141+0000] {processor.py:186} INFO - Started process (PID=4057) to work on /home/airflow/.local/lib/python3.12/site-packages/airflow/example_dags/example_setup_teardown_taskflow.py
[2025-10-06T19:03:22.142+0000] {processor.py:914} INFO - Processing file /home/airflow/.local/lib/python3.12/site-packages/airflow/example_dags/example_setup_teardown_taskflow.py for tasks to queue
[2025-10-06T19:03:22.143+0000] {logging_mixin.py:190} INFO - [2025-10-06T19:03:22.143+0000] {dagbag.py:588} INFO - Filling up the DagBag from /home/airflow/.local/lib/python3.12/site-packages/airflow/example_dags/example_setup_teardown_taskflow.py
[2025-10-06T19:03:22.156+0000] {processor.py:925} INFO - DAG(s) 'example_setup_teardown_taskflow' retrieved from /home/airflow/.local/lib/python3.12/site-packages/airflow/example_dags/example_setup_teardown_taskflow.py
[2025-10-06T19:03:22.181+0000] {logging_mixin.py:190} INFO - [2025-10-06T19:03:22.181+0000] {dag.py:3239} INFO - Sync 1 DAGs
[2025-10-06T19:03:22.201+0000] {logging_mixin.py:190} INFO - [2025-10-06T19:03:22.200+0000] {dag.py:4180} INFO - Setting next_dagrun for example_setup_teardown_taskflow to None, run_after=None
[2025-10-06T19:03:22.226+0000] {processor.py:208} INFO - Processing /home/airflow/.local/lib/python3.12/site-packages/airflow/example_dags/example_setup_teardown_taskflow.py took 0.093 seconds
[2025-10-06T19:03:53.759+0000] {processor.py:186} INFO - Started process (PID=4120) to work on /home/airflow/.local/lib/python3.12/site-packages/airflow/example_dags/example_setup_teardown_taskflow.py
[2025-10-06T19:03:53.761+0000] {processor.py:914} INFO - Processing file /home/airflow/.local/lib/python3.12/site-packages/airflow/example_dags/example_setup_teardown_taskflow.py for tasks to queue
[2025-10-06T19:03:53.762+0000] {logging_mixin.py:190} INFO - [2025-10-06T19:03:53.762+0000] {dagbag.py:588} INFO - Filling up the DagBag from /home/airflow/.local/lib/python3.12/site-packages/airflow/example_dags/example_setup_teardown_taskflow.py
[2025-10-06T19:03:53.774+0000] {processor.py:925} INFO - DAG(s) 'example_setup_teardown_taskflow' retrieved from /home/airflow/.local/lib/python3.12/site-packages/airflow/example_dags/example_setup_teardown_taskflow.py
[2025-10-06T19:03:53.800+0000] {logging_mixin.py:190} INFO - [2025-10-06T19:03:53.799+0000] {dag.py:3239} INFO - Sync 1 DAGs
[2025-10-06T19:03:53.817+0000] {logging_mixin.py:190} INFO - [2025-10-06T19:03:53.817+0000] {dag.py:4180} INFO - Setting next_dagrun for example_setup_teardown_taskflow to None, run_after=None
[2025-10-06T19:03:53.840+0000] {processor.py:208} INFO - Processing /home/airflow/.local/lib/python3.12/site-packages/airflow/example_dags/example_setup_teardown_taskflow.py took 0.088 seconds
[2025-10-06T19:04:26.423+0000] {processor.py:186} INFO - Started process (PID=4183) to work on /home/airflow/.local/lib/python3.12/site-packages/airflow/example_dags/example_setup_teardown_taskflow.py
[2025-10-06T19:04:26.425+0000] {processor.py:914} INFO - Processing file /home/airflow/.local/lib/python3.12/site-packages/airflow/example_dags/example_setup_teardown_taskflow.py for tasks to queue
[2025-10-06T19:04:26.426+0000] {logging_mixin.py:190} INFO - [2025-10-06T19:04:26.426+0000] {dagbag.py:588} INFO - Filling up the DagBag from /home/airflow/.local/lib/python3.12/site-packages/airflow/example_dags/example_setup_teardown_taskflow.py
[2025-10-06T19:04:26.439+0000] {processor.py:925} INFO - DAG(s) 'example_setup_teardown_taskflow' retrieved from /home/airflow/.local/lib/python3.12/site-packages/airflow/example_dags/example_setup_teardown_taskflow.py
[2025-10-06T19:04:26.468+0000] {logging_mixin.py:190} INFO - [2025-10-06T19:04:26.467+0000] {dag.py:3239} INFO - Sync 1 DAGs
[2025-10-06T19:04:26.489+0000] {logging_mixin.py:190} INFO - [2025-10-06T19:04:26.489+0000] {dag.py:4180} INFO - Setting next_dagrun for example_setup_teardown_taskflow to None, run_after=None
[2025-10-06T19:04:26.516+0000] {processor.py:208} INFO - Processing /home/airflow/.local/lib/python3.12/site-packages/airflow/example_dags/example_setup_teardown_taskflow.py took 0.101 seconds
[2025-10-06T19:04:57.239+0000] {processor.py:186} INFO - Started process (PID=4246) to work on /home/airflow/.local/lib/python3.12/site-packages/airflow/example_dags/example_setup_teardown_taskflow.py
[2025-10-06T19:04:57.241+0000] {processor.py:914} INFO - Processing file /home/airflow/.local/lib/python3.12/site-packages/airflow/example_dags/example_setup_teardown_taskflow.py for tasks to queue
[2025-10-06T19:04:57.243+0000] {logging_mixin.py:190} INFO - [2025-10-06T19:04:57.242+0000] {dagbag.py:588} INFO - Filling up the DagBag from /home/airflow/.local/lib/python3.12/site-packages/airflow/example_dags/example_setup_teardown_taskflow.py
[2025-10-06T19:04:57.264+0000] {processor.py:925} INFO - DAG(s) 'example_setup_teardown_taskflow' retrieved from /home/airflow/.local/lib/python3.12/site-packages/airflow/example_dags/example_setup_teardown_taskflow.py
[2025-10-06T19:04:57.305+0000] {logging_mixin.py:190} INFO - [2025-10-06T19:04:57.305+0000] {dag.py:3239} INFO - Sync 1 DAGs
[2025-10-06T19:04:57.332+0000] {logging_mixin.py:190} INFO - [2025-10-06T19:04:57.332+0000] {dag.py:4180} INFO - Setting next_dagrun for example_setup_teardown_taskflow to None, run_after=None
[2025-10-06T19:04:57.364+0000] {processor.py:208} INFO - Processing /home/airflow/.local/lib/python3.12/site-packages/airflow/example_dags/example_setup_teardown_taskflow.py took 0.132 seconds
[2025-10-06T19:05:29.589+0000] {processor.py:186} INFO - Started process (PID=4310) to work on /home/airflow/.local/lib/python3.12/site-packages/airflow/example_dags/example_setup_teardown_taskflow.py
[2025-10-06T19:05:29.590+0000] {processor.py:914} INFO - Processing file /home/airflow/.local/lib/python3.12/site-packages/airflow/example_dags/example_setup_teardown_taskflow.py for tasks to queue
[2025-10-06T19:05:29.592+0000] {logging_mixin.py:190} INFO - [2025-10-06T19:05:29.591+0000] {dagbag.py:588} INFO - Filling up the DagBag from /home/airflow/.local/lib/python3.12/site-packages/airflow/example_dags/example_setup_teardown_taskflow.py
[2025-10-06T19:05:29.604+0000] {processor.py:925} INFO - DAG(s) 'example_setup_teardown_taskflow' retrieved from /home/airflow/.local/lib/python3.12/site-packages/airflow/example_dags/example_setup_teardown_taskflow.py
[2025-10-06T19:05:29.632+0000] {logging_mixin.py:190} INFO - [2025-10-06T19:05:29.631+0000] {dag.py:3239} INFO - Sync 1 DAGs
[2025-10-06T19:05:29.651+0000] {logging_mixin.py:190} INFO - [2025-10-06T19:05:29.651+0000] {dag.py:4180} INFO - Setting next_dagrun for example_setup_teardown_taskflow to None, run_after=None
[2025-10-06T19:05:29.679+0000] {processor.py:208} INFO - Processing /home/airflow/.local/lib/python3.12/site-packages/airflow/example_dags/example_setup_teardown_taskflow.py took 0.098 seconds
[2025-10-06T19:06:01.976+0000] {processor.py:186} INFO - Started process (PID=4375) to work on /home/airflow/.local/lib/python3.12/site-packages/airflow/example_dags/example_setup_teardown_taskflow.py
[2025-10-06T19:06:01.978+0000] {processor.py:914} INFO - Processing file /home/airflow/.local/lib/python3.12/site-packages/airflow/example_dags/example_setup_teardown_taskflow.py for tasks to queue
[2025-10-06T19:06:01.980+0000] {logging_mixin.py:190} INFO - [2025-10-06T19:06:01.979+0000] {dagbag.py:588} INFO - Filling up the DagBag from /home/airflow/.local/lib/python3.12/site-packages/airflow/example_dags/example_setup_teardown_taskflow.py
[2025-10-06T19:06:01.995+0000] {processor.py:925} INFO - DAG(s) 'example_setup_teardown_taskflow' retrieved from /home/airflow/.local/lib/python3.12/site-packages/airflow/example_dags/example_setup_teardown_taskflow.py
[2025-10-06T19:06:02.027+0000] {logging_mixin.py:190} INFO - [2025-10-06T19:06:02.026+0000] {dag.py:3239} INFO - Sync 1 DAGs
[2025-10-06T19:06:02.045+0000] {logging_mixin.py:190} INFO - [2025-10-06T19:06:02.045+0000] {dag.py:4180} INFO - Setting next_dagrun for example_setup_teardown_taskflow to None, run_after=None
[2025-10-06T19:06:02.080+0000] {processor.py:208} INFO - Processing /home/airflow/.local/lib/python3.12/site-packages/airflow/example_dags/example_setup_teardown_taskflow.py took 0.113 seconds
[2025-10-06T19:06:32.921+0000] {processor.py:186} INFO - Started process (PID=4438) to work on /home/airflow/.local/lib/python3.12/site-packages/airflow/example_dags/example_setup_teardown_taskflow.py
[2025-10-06T19:06:32.922+0000] {processor.py:914} INFO - Processing file /home/airflow/.local/lib/python3.12/site-packages/airflow/example_dags/example_setup_teardown_taskflow.py for tasks to queue
[2025-10-06T19:06:32.925+0000] {logging_mixin.py:190} INFO - [2025-10-06T19:06:32.924+0000] {dagbag.py:588} INFO - Filling up the DagBag from /home/airflow/.local/lib/python3.12/site-packages/airflow/example_dags/example_setup_teardown_taskflow.py
[2025-10-06T19:06:32.940+0000] {processor.py:925} INFO - DAG(s) 'example_setup_teardown_taskflow' retrieved from /home/airflow/.local/lib/python3.12/site-packages/airflow/example_dags/example_setup_teardown_taskflow.py
[2025-10-06T19:06:32.970+0000] {logging_mixin.py:190} INFO - [2025-10-06T19:06:32.970+0000] {dag.py:3239} INFO - Sync 1 DAGs
[2025-10-06T19:06:32.997+0000] {logging_mixin.py:190} INFO - [2025-10-06T19:06:32.997+0000] {dag.py:4180} INFO - Setting next_dagrun for example_setup_teardown_taskflow to None, run_after=None
[2025-10-06T19:06:33.027+0000] {processor.py:208} INFO - Processing /home/airflow/.local/lib/python3.12/site-packages/airflow/example_dags/example_setup_teardown_taskflow.py took 0.116 seconds
[2025-10-06T19:07:04.369+0000] {processor.py:186} INFO - Started process (PID=4501) to work on /home/airflow/.local/lib/python3.12/site-packages/airflow/example_dags/example_setup_teardown_taskflow.py
[2025-10-06T19:07:04.370+0000] {processor.py:914} INFO - Processing file /home/airflow/.local/lib/python3.12/site-packages/airflow/example_dags/example_setup_teardown_taskflow.py for tasks to queue
[2025-10-06T19:07:04.372+0000] {logging_mixin.py:190} INFO - [2025-10-06T19:07:04.372+0000] {dagbag.py:588} INFO - Filling up the DagBag from /home/airflow/.local/lib/python3.12/site-packages/airflow/example_dags/example_setup_teardown_taskflow.py
[2025-10-06T19:07:04.385+0000] {processor.py:925} INFO - DAG(s) 'example_setup_teardown_taskflow' retrieved from /home/airflow/.local/lib/python3.12/site-packages/airflow/example_dags/example_setup_teardown_taskflow.py
[2025-10-06T19:07:04.407+0000] {logging_mixin.py:190} INFO - [2025-10-06T19:07:04.407+0000] {dag.py:3239} INFO - Sync 1 DAGs
[2025-10-06T19:07:04.424+0000] {logging_mixin.py:190} INFO - [2025-10-06T19:07:04.424+0000] {dag.py:4180} INFO - Setting next_dagrun for example_setup_teardown_taskflow to None, run_after=None
[2025-10-06T19:07:04.451+0000] {processor.py:208} INFO - Processing /home/airflow/.local/lib/python3.12/site-packages/airflow/example_dags/example_setup_teardown_taskflow.py took 0.088 seconds
[2025-10-06T19:07:36.726+0000] {processor.py:186} INFO - Started process (PID=4571) to work on /home/airflow/.local/lib/python3.12/site-packages/airflow/example_dags/example_setup_teardown_taskflow.py
[2025-10-06T19:07:36.728+0000] {processor.py:914} INFO - Processing file /home/airflow/.local/lib/python3.12/site-packages/airflow/example_dags/example_setup_teardown_taskflow.py for tasks to queue
[2025-10-06T19:07:36.729+0000] {logging_mixin.py:190} INFO - [2025-10-06T19:07:36.729+0000] {dagbag.py:588} INFO - Filling up the DagBag from /home/airflow/.local/lib/python3.12/site-packages/airflow/example_dags/example_setup_teardown_taskflow.py
[2025-10-06T19:07:36.740+0000] {processor.py:925} INFO - DAG(s) 'example_setup_teardown_taskflow' retrieved from /home/airflow/.local/lib/python3.12/site-packages/airflow/example_dags/example_setup_teardown_taskflow.py
[2025-10-06T19:07:36.764+0000] {logging_mixin.py:190} INFO - [2025-10-06T19:07:36.764+0000] {dag.py:3239} INFO - Sync 1 DAGs
[2025-10-06T19:07:36.781+0000] {logging_mixin.py:190} INFO - [2025-10-06T19:07:36.781+0000] {dag.py:4180} INFO - Setting next_dagrun for example_setup_teardown_taskflow to None, run_after=None
[2025-10-06T19:07:36.804+0000] {processor.py:208} INFO - Processing /home/airflow/.local/lib/python3.12/site-packages/airflow/example_dags/example_setup_teardown_taskflow.py took 0.085 seconds
[2025-10-06T19:08:08.320+0000] {processor.py:186} INFO - Started process (PID=4636) to work on /home/airflow/.local/lib/python3.12/site-packages/airflow/example_dags/example_setup_teardown_taskflow.py
[2025-10-06T19:08:08.321+0000] {processor.py:914} INFO - Processing file /home/airflow/.local/lib/python3.12/site-packages/airflow/example_dags/example_setup_teardown_taskflow.py for tasks to queue
[2025-10-06T19:08:08.323+0000] {logging_mixin.py:190} INFO - [2025-10-06T19:08:08.323+0000] {dagbag.py:588} INFO - Filling up the DagBag from /home/airflow/.local/lib/python3.12/site-packages/airflow/example_dags/example_setup_teardown_taskflow.py
[2025-10-06T19:08:08.337+0000] {processor.py:925} INFO - DAG(s) 'example_setup_teardown_taskflow' retrieved from /home/airflow/.local/lib/python3.12/site-packages/airflow/example_dags/example_setup_teardown_taskflow.py
[2025-10-06T19:08:08.360+0000] {logging_mixin.py:190} INFO - [2025-10-06T19:08:08.360+0000] {dag.py:3239} INFO - Sync 1 DAGs
[2025-10-06T19:08:08.377+0000] {logging_mixin.py:190} INFO - [2025-10-06T19:08:08.376+0000] {dag.py:4180} INFO - Setting next_dagrun for example_setup_teardown_taskflow to None, run_after=None
[2025-10-06T19:08:08.399+0000] {processor.py:208} INFO - Processing /home/airflow/.local/lib/python3.12/site-packages/airflow/example_dags/example_setup_teardown_taskflow.py took 0.088 seconds
[2025-10-06T19:08:40.913+0000] {processor.py:186} INFO - Started process (PID=4700) to work on /home/airflow/.local/lib/python3.12/site-packages/airflow/example_dags/example_setup_teardown_taskflow.py
[2025-10-06T19:08:40.914+0000] {processor.py:914} INFO - Processing file /home/airflow/.local/lib/python3.12/site-packages/airflow/example_dags/example_setup_teardown_taskflow.py for tasks to queue
[2025-10-06T19:08:40.916+0000] {logging_mixin.py:190} INFO - [2025-10-06T19:08:40.915+0000] {dagbag.py:588} INFO - Filling up the DagBag from /home/airflow/.local/lib/python3.12/site-packages/airflow/example_dags/example_setup_teardown_taskflow.py
[2025-10-06T19:08:40.927+0000] {processor.py:925} INFO - DAG(s) 'example_setup_teardown_taskflow' retrieved from /home/airflow/.local/lib/python3.12/site-packages/airflow/example_dags/example_setup_teardown_taskflow.py
[2025-10-06T19:08:40.952+0000] {logging_mixin.py:190} INFO - [2025-10-06T19:08:40.951+0000] {dag.py:3239} INFO - Sync 1 DAGs
[2025-10-06T19:08:40.968+0000] {logging_mixin.py:190} INFO - [2025-10-06T19:08:40.967+0000] {dag.py:4180} INFO - Setting next_dagrun for example_setup_teardown_taskflow to None, run_after=None
[2025-10-06T19:08:40.988+0000] {processor.py:208} INFO - Processing /home/airflow/.local/lib/python3.12/site-packages/airflow/example_dags/example_setup_teardown_taskflow.py took 0.082 seconds
[2025-10-06T19:09:12.591+0000] {processor.py:186} INFO - Started process (PID=4764) to work on /home/airflow/.local/lib/python3.12/site-packages/airflow/example_dags/example_setup_teardown_taskflow.py
[2025-10-06T19:09:12.593+0000] {processor.py:914} INFO - Processing file /home/airflow/.local/lib/python3.12/site-packages/airflow/example_dags/example_setup_teardown_taskflow.py for tasks to queue
[2025-10-06T19:09:12.594+0000] {logging_mixin.py:190} INFO - [2025-10-06T19:09:12.594+0000] {dagbag.py:588} INFO - Filling up the DagBag from /home/airflow/.local/lib/python3.12/site-packages/airflow/example_dags/example_setup_teardown_taskflow.py
[2025-10-06T19:09:12.606+0000] {processor.py:925} INFO - DAG(s) 'example_setup_teardown_taskflow' retrieved from /home/airflow/.local/lib/python3.12/site-packages/airflow/example_dags/example_setup_teardown_taskflow.py
[2025-10-06T19:09:12.634+0000] {logging_mixin.py:190} INFO - [2025-10-06T19:09:12.633+0000] {dag.py:3239} INFO - Sync 1 DAGs
[2025-10-06T19:09:12.654+0000] {logging_mixin.py:190} INFO - [2025-10-06T19:09:12.653+0000] {dag.py:4180} INFO - Setting next_dagrun for example_setup_teardown_taskflow to None, run_after=None
[2025-10-06T19:09:12.685+0000] {processor.py:208} INFO - Processing /home/airflow/.local/lib/python3.12/site-packages/airflow/example_dags/example_setup_teardown_taskflow.py took 0.100 seconds
[2025-10-06T19:09:44.604+0000] {processor.py:186} INFO - Started process (PID=4827) to work on /home/airflow/.local/lib/python3.12/site-packages/airflow/example_dags/example_setup_teardown_taskflow.py
[2025-10-06T19:09:44.605+0000] {processor.py:914} INFO - Processing file /home/airflow/.local/lib/python3.12/site-packages/airflow/example_dags/example_setup_teardown_taskflow.py for tasks to queue
[2025-10-06T19:09:44.608+0000] {logging_mixin.py:190} INFO - [2025-10-06T19:09:44.607+0000] {dagbag.py:588} INFO - Filling up the DagBag from /home/airflow/.local/lib/python3.12/site-packages/airflow/example_dags/example_setup_teardown_taskflow.py
[2025-10-06T19:09:44.625+0000] {processor.py:925} INFO - DAG(s) 'example_setup_teardown_taskflow' retrieved from /home/airflow/.local/lib/python3.12/site-packages/airflow/example_dags/example_setup_teardown_taskflow.py
[2025-10-06T19:09:44.653+0000] {logging_mixin.py:190} INFO - [2025-10-06T19:09:44.652+0000] {dag.py:3239} INFO - Sync 1 DAGs
[2025-10-06T19:09:44.671+0000] {logging_mixin.py:190} INFO - [2025-10-06T19:09:44.671+0000] {dag.py:4180} INFO - Setting next_dagrun for example_setup_teardown_taskflow to None, run_after=None
[2025-10-06T19:09:44.702+0000] {processor.py:208} INFO - Processing /home/airflow/.local/lib/python3.12/site-packages/airflow/example_dags/example_setup_teardown_taskflow.py took 0.107 seconds
[2025-10-06T19:10:18.117+0000] {processor.py:186} INFO - Started process (PID=4890) to work on /home/airflow/.local/lib/python3.12/site-packages/airflow/example_dags/example_setup_teardown_taskflow.py
[2025-10-06T19:10:18.118+0000] {processor.py:914} INFO - Processing file /home/airflow/.local/lib/python3.12/site-packages/airflow/example_dags/example_setup_teardown_taskflow.py for tasks to queue
[2025-10-06T19:10:18.121+0000] {logging_mixin.py:190} INFO - [2025-10-06T19:10:18.120+0000] {dagbag.py:588} INFO - Filling up the DagBag from /home/airflow/.local/lib/python3.12/site-packages/airflow/example_dags/example_setup_teardown_taskflow.py
[2025-10-06T19:10:18.134+0000] {processor.py:925} INFO - DAG(s) 'example_setup_teardown_taskflow' retrieved from /home/airflow/.local/lib/python3.12/site-packages/airflow/example_dags/example_setup_teardown_taskflow.py
[2025-10-06T19:10:18.161+0000] {logging_mixin.py:190} INFO - [2025-10-06T19:10:18.161+0000] {dag.py:3239} INFO - Sync 1 DAGs
[2025-10-06T19:10:18.178+0000] {logging_mixin.py:190} INFO - [2025-10-06T19:10:18.178+0000] {dag.py:4180} INFO - Setting next_dagrun for example_setup_teardown_taskflow to None, run_after=None
[2025-10-06T19:10:18.206+0000] {processor.py:208} INFO - Processing /home/airflow/.local/lib/python3.12/site-packages/airflow/example_dags/example_setup_teardown_taskflow.py took 0.097 seconds
[2025-10-06T19:10:50.327+0000] {processor.py:186} INFO - Started process (PID=4954) to work on /home/airflow/.local/lib/python3.12/site-packages/airflow/example_dags/example_setup_teardown_taskflow.py
[2025-10-06T19:10:50.329+0000] {processor.py:914} INFO - Processing file /home/airflow/.local/lib/python3.12/site-packages/airflow/example_dags/example_setup_teardown_taskflow.py for tasks to queue
[2025-10-06T19:10:50.332+0000] {logging_mixin.py:190} INFO - [2025-10-06T19:10:50.331+0000] {dagbag.py:588} INFO - Filling up the DagBag from /home/airflow/.local/lib/python3.12/site-packages/airflow/example_dags/example_setup_teardown_taskflow.py
[2025-10-06T19:10:50.361+0000] {processor.py:925} INFO - DAG(s) 'example_setup_teardown_taskflow' retrieved from /home/airflow/.local/lib/python3.12/site-packages/airflow/example_dags/example_setup_teardown_taskflow.py
[2025-10-06T19:10:50.404+0000] {logging_mixin.py:190} INFO - [2025-10-06T19:10:50.403+0000] {dag.py:3239} INFO - Sync 1 DAGs
[2025-10-06T19:10:50.437+0000] {logging_mixin.py:190} INFO - [2025-10-06T19:10:50.437+0000] {dag.py:4180} INFO - Setting next_dagrun for example_setup_teardown_taskflow to None, run_after=None
[2025-10-06T19:10:50.476+0000] {processor.py:208} INFO - Processing /home/airflow/.local/lib/python3.12/site-packages/airflow/example_dags/example_setup_teardown_taskflow.py took 0.163 seconds
[2025-10-06T19:11:20.536+0000] {processor.py:186} INFO - Started process (PID=5017) to work on /home/airflow/.local/lib/python3.12/site-packages/airflow/example_dags/example_setup_teardown_taskflow.py
[2025-10-06T19:11:20.537+0000] {processor.py:914} INFO - Processing file /home/airflow/.local/lib/python3.12/site-packages/airflow/example_dags/example_setup_teardown_taskflow.py for tasks to queue
[2025-10-06T19:11:20.540+0000] {logging_mixin.py:190} INFO - [2025-10-06T19:11:20.539+0000] {dagbag.py:588} INFO - Filling up the DagBag from /home/airflow/.local/lib/python3.12/site-packages/airflow/example_dags/example_setup_teardown_taskflow.py
[2025-10-06T19:11:20.553+0000] {processor.py:925} INFO - DAG(s) 'example_setup_teardown_taskflow' retrieved from /home/airflow/.local/lib/python3.12/site-packages/airflow/example_dags/example_setup_teardown_taskflow.py
[2025-10-06T19:11:20.576+0000] {logging_mixin.py:190} INFO - [2025-10-06T19:11:20.576+0000] {dag.py:3239} INFO - Sync 1 DAGs
[2025-10-06T19:11:20.592+0000] {logging_mixin.py:190} INFO - [2025-10-06T19:11:20.592+0000] {dag.py:4180} INFO - Setting next_dagrun for example_setup_teardown_taskflow to None, run_after=None
[2025-10-06T19:11:20.620+0000] {processor.py:208} INFO - Processing /home/airflow/.local/lib/python3.12/site-packages/airflow/example_dags/example_setup_teardown_taskflow.py took 0.091 seconds
[2025-10-06T19:11:51.135+0000] {processor.py:186} INFO - Started process (PID=5080) to work on /home/airflow/.local/lib/python3.12/site-packages/airflow/example_dags/example_setup_teardown_taskflow.py
[2025-10-06T19:11:51.136+0000] {processor.py:914} INFO - Processing file /home/airflow/.local/lib/python3.12/site-packages/airflow/example_dags/example_setup_teardown_taskflow.py for tasks to queue
[2025-10-06T19:11:51.138+0000] {logging_mixin.py:190} INFO - [2025-10-06T19:11:51.138+0000] {dagbag.py:588} INFO - Filling up the DagBag from /home/airflow/.local/lib/python3.12/site-packages/airflow/example_dags/example_setup_teardown_taskflow.py
[2025-10-06T19:11:51.158+0000] {processor.py:925} INFO - DAG(s) 'example_setup_teardown_taskflow' retrieved from /home/airflow/.local/lib/python3.12/site-packages/airflow/example_dags/example_setup_teardown_taskflow.py
[2025-10-06T19:11:51.198+0000] {logging_mixin.py:190} INFO - [2025-10-06T19:11:51.198+0000] {dag.py:3239} INFO - Sync 1 DAGs
[2025-10-06T19:11:51.221+0000] {logging_mixin.py:190} INFO - [2025-10-06T19:11:51.221+0000] {dag.py:4180} INFO - Setting next_dagrun for example_setup_teardown_taskflow to None, run_after=None
[2025-10-06T19:11:51.251+0000] {processor.py:208} INFO - Processing /home/airflow/.local/lib/python3.12/site-packages/airflow/example_dags/example_setup_teardown_taskflow.py took 0.125 seconds
[2025-10-06T19:12:22.882+0000] {processor.py:186} INFO - Started process (PID=5143) to work on /home/airflow/.local/lib/python3.12/site-packages/airflow/example_dags/example_setup_teardown_taskflow.py
[2025-10-06T19:12:22.884+0000] {processor.py:914} INFO - Processing file /home/airflow/.local/lib/python3.12/site-packages/airflow/example_dags/example_setup_teardown_taskflow.py for tasks to queue
[2025-10-06T19:12:22.885+0000] {logging_mixin.py:190} INFO - [2025-10-06T19:12:22.885+0000] {dagbag.py:588} INFO - Filling up the DagBag from /home/airflow/.local/lib/python3.12/site-packages/airflow/example_dags/example_setup_teardown_taskflow.py
[2025-10-06T19:12:22.902+0000] {processor.py:925} INFO - DAG(s) 'example_setup_teardown_taskflow' retrieved from /home/airflow/.local/lib/python3.12/site-packages/airflow/example_dags/example_setup_teardown_taskflow.py
[2025-10-06T19:12:22.939+0000] {logging_mixin.py:190} INFO - [2025-10-06T19:12:22.938+0000] {dag.py:3239} INFO - Sync 1 DAGs
[2025-10-06T19:12:22.959+0000] {logging_mixin.py:190} INFO - [2025-10-06T19:12:22.959+0000] {dag.py:4180} INFO - Setting next_dagrun for example_setup_teardown_taskflow to None, run_after=None
[2025-10-06T19:12:22.992+0000] {processor.py:208} INFO - Processing /home/airflow/.local/lib/python3.12/site-packages/airflow/example_dags/example_setup_teardown_taskflow.py took 0.117 seconds
[2025-10-06T19:12:54.909+0000] {processor.py:186} INFO - Started process (PID=5206) to work on /home/airflow/.local/lib/python3.12/site-packages/airflow/example_dags/example_setup_teardown_taskflow.py
[2025-10-06T19:12:54.911+0000] {processor.py:914} INFO - Processing file /home/airflow/.local/lib/python3.12/site-packages/airflow/example_dags/example_setup_teardown_taskflow.py for tasks to queue
[2025-10-06T19:12:54.912+0000] {logging_mixin.py:190} INFO - [2025-10-06T19:12:54.912+0000] {dagbag.py:588} INFO - Filling up the DagBag from /home/airflow/.local/lib/python3.12/site-packages/airflow/example_dags/example_setup_teardown_taskflow.py
[2025-10-06T19:12:54.928+0000] {processor.py:925} INFO - DAG(s) 'example_setup_teardown_taskflow' retrieved from /home/airflow/.local/lib/python3.12/site-packages/airflow/example_dags/example_setup_teardown_taskflow.py
[2025-10-06T19:12:54.952+0000] {logging_mixin.py:190} INFO - [2025-10-06T19:12:54.951+0000] {dag.py:3239} INFO - Sync 1 DAGs
[2025-10-06T19:12:54.969+0000] {logging_mixin.py:190} INFO - [2025-10-06T19:12:54.968+0000] {dag.py:4180} INFO - Setting next_dagrun for example_setup_teardown_taskflow to None, run_after=None
[2025-10-06T19:12:54.994+0000] {processor.py:208} INFO - Processing /home/airflow/.local/lib/python3.12/site-packages/airflow/example_dags/example_setup_teardown_taskflow.py took 0.092 seconds
[2025-10-06T19:13:26.971+0000] {processor.py:186} INFO - Started process (PID=5269) to work on /home/airflow/.local/lib/python3.12/site-packages/airflow/example_dags/example_setup_teardown_taskflow.py
[2025-10-06T19:13:26.972+0000] {processor.py:914} INFO - Processing file /home/airflow/.local/lib/python3.12/site-packages/airflow/example_dags/example_setup_teardown_taskflow.py for tasks to queue
[2025-10-06T19:13:26.974+0000] {logging_mixin.py:190} INFO - [2025-10-06T19:13:26.973+0000] {dagbag.py:588} INFO - Filling up the DagBag from /home/airflow/.local/lib/python3.12/site-packages/airflow/example_dags/example_setup_teardown_taskflow.py
[2025-10-06T19:13:26.986+0000] {processor.py:925} INFO - DAG(s) 'example_setup_teardown_taskflow' retrieved from /home/airflow/.local/lib/python3.12/site-packages/airflow/example_dags/example_setup_teardown_taskflow.py
[2025-10-06T19:13:27.008+0000] {logging_mixin.py:190} INFO - [2025-10-06T19:13:27.008+0000] {dag.py:3239} INFO - Sync 1 DAGs
[2025-10-06T19:13:27.025+0000] {logging_mixin.py:190} INFO - [2025-10-06T19:13:27.025+0000] {dag.py:4180} INFO - Setting next_dagrun for example_setup_teardown_taskflow to None, run_after=None
[2025-10-06T19:13:27.049+0000] {processor.py:208} INFO - Processing /home/airflow/.local/lib/python3.12/site-packages/airflow/example_dags/example_setup_teardown_taskflow.py took 0.085 seconds
[2025-10-06T19:13:58.530+0000] {processor.py:186} INFO - Started process (PID=5332) to work on /home/airflow/.local/lib/python3.12/site-packages/airflow/example_dags/example_setup_teardown_taskflow.py
[2025-10-06T19:13:58.531+0000] {processor.py:914} INFO - Processing file /home/airflow/.local/lib/python3.12/site-packages/airflow/example_dags/example_setup_teardown_taskflow.py for tasks to queue
[2025-10-06T19:13:58.533+0000] {logging_mixin.py:190} INFO - [2025-10-06T19:13:58.532+0000] {dagbag.py:588} INFO - Filling up the DagBag from /home/airflow/.local/lib/python3.12/site-packages/airflow/example_dags/example_setup_teardown_taskflow.py
[2025-10-06T19:13:58.545+0000] {processor.py:925} INFO - DAG(s) 'example_setup_teardown_taskflow' retrieved from /home/airflow/.local/lib/python3.12/site-packages/airflow/example_dags/example_setup_teardown_taskflow.py
[2025-10-06T19:13:58.571+0000] {logging_mixin.py:190} INFO - [2025-10-06T19:13:58.571+0000] {dag.py:3239} INFO - Sync 1 DAGs
[2025-10-06T19:13:58.591+0000] {logging_mixin.py:190} INFO - [2025-10-06T19:13:58.591+0000] {dag.py:4180} INFO - Setting next_dagrun for example_setup_teardown_taskflow to None, run_after=None
[2025-10-06T19:13:58.619+0000] {processor.py:208} INFO - Processing /home/airflow/.local/lib/python3.12/site-packages/airflow/example_dags/example_setup_teardown_taskflow.py took 0.096 seconds
[2025-10-06T19:14:29.807+0000] {processor.py:186} INFO - Started process (PID=5395) to work on /home/airflow/.local/lib/python3.12/site-packages/airflow/example_dags/example_setup_teardown_taskflow.py
[2025-10-06T19:14:29.809+0000] {processor.py:914} INFO - Processing file /home/airflow/.local/lib/python3.12/site-packages/airflow/example_dags/example_setup_teardown_taskflow.py for tasks to queue
[2025-10-06T19:14:29.810+0000] {logging_mixin.py:190} INFO - [2025-10-06T19:14:29.810+0000] {dagbag.py:588} INFO - Filling up the DagBag from /home/airflow/.local/lib/python3.12/site-packages/airflow/example_dags/example_setup_teardown_taskflow.py
[2025-10-06T19:14:29.823+0000] {processor.py:925} INFO - DAG(s) 'example_setup_teardown_taskflow' retrieved from /home/airflow/.local/lib/python3.12/site-packages/airflow/example_dags/example_setup_teardown_taskflow.py
[2025-10-06T19:14:29.846+0000] {logging_mixin.py:190} INFO - [2025-10-06T19:14:29.846+0000] {dag.py:3239} INFO - Sync 1 DAGs
[2025-10-06T19:14:29.862+0000] {logging_mixin.py:190} INFO - [2025-10-06T19:14:29.862+0000] {dag.py:4180} INFO - Setting next_dagrun for example_setup_teardown_taskflow to None, run_after=None
[2025-10-06T19:14:29.884+0000] {processor.py:208} INFO - Processing /home/airflow/.local/lib/python3.12/site-packages/airflow/example_dags/example_setup_teardown_taskflow.py took 0.083 seconds
[2025-10-06T19:15:02.343+0000] {processor.py:186} INFO - Started process (PID=5458) to work on /home/airflow/.local/lib/python3.12/site-packages/airflow/example_dags/example_setup_teardown_taskflow.py
[2025-10-06T19:15:02.344+0000] {processor.py:914} INFO - Processing file /home/airflow/.local/lib/python3.12/site-packages/airflow/example_dags/example_setup_teardown_taskflow.py for tasks to queue
[2025-10-06T19:15:02.346+0000] {logging_mixin.py:190} INFO - [2025-10-06T19:15:02.346+0000] {dagbag.py:588} INFO - Filling up the DagBag from /home/airflow/.local/lib/python3.12/site-packages/airflow/example_dags/example_setup_teardown_taskflow.py
[2025-10-06T19:15:02.361+0000] {processor.py:925} INFO - DAG(s) 'example_setup_teardown_taskflow' retrieved from /home/airflow/.local/lib/python3.12/site-packages/airflow/example_dags/example_setup_teardown_taskflow.py
[2025-10-06T19:15:02.388+0000] {logging_mixin.py:190} INFO - [2025-10-06T19:15:02.388+0000] {dag.py:3239} INFO - Sync 1 DAGs
[2025-10-06T19:15:02.409+0000] {logging_mixin.py:190} INFO - [2025-10-06T19:15:02.408+0000] {dag.py:4180} INFO - Setting next_dagrun for example_setup_teardown_taskflow to None, run_after=None
[2025-10-06T19:15:02.436+0000] {processor.py:208} INFO - Processing /home/airflow/.local/lib/python3.12/site-packages/airflow/example_dags/example_setup_teardown_taskflow.py took 0.099 seconds
[2025-10-06T19:15:34.427+0000] {processor.py:186} INFO - Started process (PID=5522) to work on /home/airflow/.local/lib/python3.12/site-packages/airflow/example_dags/example_setup_teardown_taskflow.py
[2025-10-06T19:15:34.428+0000] {processor.py:914} INFO - Processing file /home/airflow/.local/lib/python3.12/site-packages/airflow/example_dags/example_setup_teardown_taskflow.py for tasks to queue
[2025-10-06T19:15:34.430+0000] {logging_mixin.py:190} INFO - [2025-10-06T19:15:34.429+0000] {dagbag.py:588} INFO - Filling up the DagBag from /home/airflow/.local/lib/python3.12/site-packages/airflow/example_dags/example_setup_teardown_taskflow.py
[2025-10-06T19:15:34.444+0000] {processor.py:925} INFO - DAG(s) 'example_setup_teardown_taskflow' retrieved from /home/airflow/.local/lib/python3.12/site-packages/airflow/example_dags/example_setup_teardown_taskflow.py
[2025-10-06T19:15:34.473+0000] {logging_mixin.py:190} INFO - [2025-10-06T19:15:34.472+0000] {dag.py:3239} INFO - Sync 1 DAGs
[2025-10-06T19:15:34.492+0000] {logging_mixin.py:190} INFO - [2025-10-06T19:15:34.491+0000] {dag.py:4180} INFO - Setting next_dagrun for example_setup_teardown_taskflow to None, run_after=None
[2025-10-06T19:15:34.516+0000] {processor.py:208} INFO - Processing /home/airflow/.local/lib/python3.12/site-packages/airflow/example_dags/example_setup_teardown_taskflow.py took 0.096 seconds
[2025-10-06T19:16:05.717+0000] {processor.py:186} INFO - Started process (PID=5585) to work on /home/airflow/.local/lib/python3.12/site-packages/airflow/example_dags/example_setup_teardown_taskflow.py
[2025-10-06T19:16:05.718+0000] {processor.py:914} INFO - Processing file /home/airflow/.local/lib/python3.12/site-packages/airflow/example_dags/example_setup_teardown_taskflow.py for tasks to queue
[2025-10-06T19:16:05.720+0000] {logging_mixin.py:190} INFO - [2025-10-06T19:16:05.719+0000] {dagbag.py:588} INFO - Filling up the DagBag from /home/airflow/.local/lib/python3.12/site-packages/airflow/example_dags/example_setup_teardown_taskflow.py
[2025-10-06T19:16:05.731+0000] {processor.py:925} INFO - DAG(s) 'example_setup_teardown_taskflow' retrieved from /home/airflow/.local/lib/python3.12/site-packages/airflow/example_dags/example_setup_teardown_taskflow.py
[2025-10-06T19:16:05.755+0000] {logging_mixin.py:190} INFO - [2025-10-06T19:16:05.755+0000] {dag.py:3239} INFO - Sync 1 DAGs
[2025-10-06T19:16:05.771+0000] {logging_mixin.py:190} INFO - [2025-10-06T19:16:05.771+0000] {dag.py:4180} INFO - Setting next_dagrun for example_setup_teardown_taskflow to None, run_after=None
[2025-10-06T19:16:05.798+0000] {processor.py:208} INFO - Processing /home/airflow/.local/lib/python3.12/site-packages/airflow/example_dags/example_setup_teardown_taskflow.py took 0.087 seconds
[2025-10-06T19:16:37.354+0000] {processor.py:186} INFO - Started process (PID=5648) to work on /home/airflow/.local/lib/python3.12/site-packages/airflow/example_dags/example_setup_teardown_taskflow.py
[2025-10-06T19:16:37.355+0000] {processor.py:914} INFO - Processing file /home/airflow/.local/lib/python3.12/site-packages/airflow/example_dags/example_setup_teardown_taskflow.py for tasks to queue
[2025-10-06T19:16:37.357+0000] {logging_mixin.py:190} INFO - [2025-10-06T19:16:37.356+0000] {dagbag.py:588} INFO - Filling up the DagBag from /home/airflow/.local/lib/python3.12/site-packages/airflow/example_dags/example_setup_teardown_taskflow.py
[2025-10-06T19:16:37.369+0000] {processor.py:925} INFO - DAG(s) 'example_setup_teardown_taskflow' retrieved from /home/airflow/.local/lib/python3.12/site-packages/airflow/example_dags/example_setup_teardown_taskflow.py
[2025-10-06T19:16:37.392+0000] {logging_mixin.py:190} INFO - [2025-10-06T19:16:37.392+0000] {dag.py:3239} INFO - Sync 1 DAGs
[2025-10-06T19:16:37.409+0000] {logging_mixin.py:190} INFO - [2025-10-06T19:16:37.408+0000] {dag.py:4180} INFO - Setting next_dagrun for example_setup_teardown_taskflow to None, run_after=None
[2025-10-06T19:16:37.430+0000] {processor.py:208} INFO - Processing /home/airflow/.local/lib/python3.12/site-packages/airflow/example_dags/example_setup_teardown_taskflow.py took 0.084 seconds
[2025-10-06T19:17:09.240+0000] {processor.py:186} INFO - Started process (PID=5711) to work on /home/airflow/.local/lib/python3.12/site-packages/airflow/example_dags/example_setup_teardown_taskflow.py
[2025-10-06T19:17:09.242+0000] {processor.py:914} INFO - Processing file /home/airflow/.local/lib/python3.12/site-packages/airflow/example_dags/example_setup_teardown_taskflow.py for tasks to queue
[2025-10-06T19:17:09.243+0000] {logging_mixin.py:190} INFO - [2025-10-06T19:17:09.243+0000] {dagbag.py:588} INFO - Filling up the DagBag from /home/airflow/.local/lib/python3.12/site-packages/airflow/example_dags/example_setup_teardown_taskflow.py
[2025-10-06T19:17:09.255+0000] {processor.py:925} INFO - DAG(s) 'example_setup_teardown_taskflow' retrieved from /home/airflow/.local/lib/python3.12/site-packages/airflow/example_dags/example_setup_teardown_taskflow.py
[2025-10-06T19:17:09.280+0000] {logging_mixin.py:190} INFO - [2025-10-06T19:17:09.280+0000] {dag.py:3239} INFO - Sync 1 DAGs
[2025-10-06T19:17:09.298+0000] {logging_mixin.py:190} INFO - [2025-10-06T19:17:09.298+0000] {dag.py:4180} INFO - Setting next_dagrun for example_setup_teardown_taskflow to None, run_after=None
[2025-10-06T19:17:09.322+0000] {processor.py:208} INFO - Processing /home/airflow/.local/lib/python3.12/site-packages/airflow/example_dags/example_setup_teardown_taskflow.py took 0.088 seconds
[2025-10-06T19:17:40.974+0000] {processor.py:186} INFO - Started process (PID=5774) to work on /home/airflow/.local/lib/python3.12/site-packages/airflow/example_dags/example_setup_teardown_taskflow.py
[2025-10-06T19:17:40.975+0000] {processor.py:914} INFO - Processing file /home/airflow/.local/lib/python3.12/site-packages/airflow/example_dags/example_setup_teardown_taskflow.py for tasks to queue
[2025-10-06T19:17:40.976+0000] {logging_mixin.py:190} INFO - [2025-10-06T19:17:40.976+0000] {dagbag.py:588} INFO - Filling up the DagBag from /home/airflow/.local/lib/python3.12/site-packages/airflow/example_dags/example_setup_teardown_taskflow.py
[2025-10-06T19:17:40.988+0000] {processor.py:925} INFO - DAG(s) 'example_setup_teardown_taskflow' retrieved from /home/airflow/.local/lib/python3.12/site-packages/airflow/example_dags/example_setup_teardown_taskflow.py
[2025-10-06T19:17:41.011+0000] {logging_mixin.py:190} INFO - [2025-10-06T19:17:41.011+0000] {dag.py:3239} INFO - Sync 1 DAGs
[2025-10-06T19:17:41.029+0000] {logging_mixin.py:190} INFO - [2025-10-06T19:17:41.029+0000] {dag.py:4180} INFO - Setting next_dagrun for example_setup_teardown_taskflow to None, run_after=None
[2025-10-06T19:17:41.053+0000] {processor.py:208} INFO - Processing /home/airflow/.local/lib/python3.12/site-packages/airflow/example_dags/example_setup_teardown_taskflow.py took 0.086 seconds
[2025-10-06T19:18:13.476+0000] {processor.py:186} INFO - Started process (PID=5837) to work on /home/airflow/.local/lib/python3.12/site-packages/airflow/example_dags/example_setup_teardown_taskflow.py
[2025-10-06T19:18:13.478+0000] {processor.py:914} INFO - Processing file /home/airflow/.local/lib/python3.12/site-packages/airflow/example_dags/example_setup_teardown_taskflow.py for tasks to queue
[2025-10-06T19:18:13.479+0000] {logging_mixin.py:190} INFO - [2025-10-06T19:18:13.479+0000] {dagbag.py:588} INFO - Filling up the DagBag from /home/airflow/.local/lib/python3.12/site-packages/airflow/example_dags/example_setup_teardown_taskflow.py
[2025-10-06T19:18:13.492+0000] {processor.py:925} INFO - DAG(s) 'example_setup_teardown_taskflow' retrieved from /home/airflow/.local/lib/python3.12/site-packages/airflow/example_dags/example_setup_teardown_taskflow.py
[2025-10-06T19:18:13.519+0000] {logging_mixin.py:190} INFO - [2025-10-06T19:18:13.518+0000] {dag.py:3239} INFO - Sync 1 DAGs
[2025-10-06T19:18:13.535+0000] {logging_mixin.py:190} INFO - [2025-10-06T19:18:13.535+0000] {dag.py:4180} INFO - Setting next_dagrun for example_setup_teardown_taskflow to None, run_after=None
[2025-10-06T19:18:13.559+0000] {processor.py:208} INFO - Processing /home/airflow/.local/lib/python3.12/site-packages/airflow/example_dags/example_setup_teardown_taskflow.py took 0.090 seconds
[2025-10-06T19:18:45.274+0000] {processor.py:186} INFO - Started process (PID=5900) to work on /home/airflow/.local/lib/python3.12/site-packages/airflow/example_dags/example_setup_teardown_taskflow.py
[2025-10-06T19:18:45.275+0000] {processor.py:914} INFO - Processing file /home/airflow/.local/lib/python3.12/site-packages/airflow/example_dags/example_setup_teardown_taskflow.py for tasks to queue
[2025-10-06T19:18:45.277+0000] {logging_mixin.py:190} INFO - [2025-10-06T19:18:45.276+0000] {dagbag.py:588} INFO - Filling up the DagBag from /home/airflow/.local/lib/python3.12/site-packages/airflow/example_dags/example_setup_teardown_taskflow.py
[2025-10-06T19:18:45.289+0000] {processor.py:925} INFO - DAG(s) 'example_setup_teardown_taskflow' retrieved from /home/airflow/.local/lib/python3.12/site-packages/airflow/example_dags/example_setup_teardown_taskflow.py
[2025-10-06T19:18:45.314+0000] {logging_mixin.py:190} INFO - [2025-10-06T19:18:45.314+0000] {dag.py:3239} INFO - Sync 1 DAGs
[2025-10-06T19:18:45.333+0000] {logging_mixin.py:190} INFO - [2025-10-06T19:18:45.333+0000] {dag.py:4180} INFO - Setting next_dagrun for example_setup_teardown_taskflow to None, run_after=None
[2025-10-06T19:18:45.355+0000] {processor.py:208} INFO - Processing /home/airflow/.local/lib/python3.12/site-packages/airflow/example_dags/example_setup_teardown_taskflow.py took 0.089 seconds
[2025-10-06T20:45:10.547+0000] {processor.py:186} INFO - Started process (PID=5969) to work on /home/airflow/.local/lib/python3.12/site-packages/airflow/example_dags/example_setup_teardown_taskflow.py
[2025-10-06T20:45:10.549+0000] {processor.py:914} INFO - Processing file /home/airflow/.local/lib/python3.12/site-packages/airflow/example_dags/example_setup_teardown_taskflow.py for tasks to queue
[2025-10-06T20:45:10.553+0000] {logging_mixin.py:190} INFO - [2025-10-06T20:45:10.552+0000] {dagbag.py:588} INFO - Filling up the DagBag from /home/airflow/.local/lib/python3.12/site-packages/airflow/example_dags/example_setup_teardown_taskflow.py
[2025-10-06T20:45:10.580+0000] {processor.py:925} INFO - DAG(s) 'example_setup_teardown_taskflow' retrieved from /home/airflow/.local/lib/python3.12/site-packages/airflow/example_dags/example_setup_teardown_taskflow.py
[2025-10-06T20:45:10.635+0000] {logging_mixin.py:190} INFO - [2025-10-06T20:45:10.634+0000] {dag.py:3239} INFO - Sync 1 DAGs
[2025-10-06T20:45:10.705+0000] {logging_mixin.py:190} INFO - [2025-10-06T20:45:10.705+0000] {dag.py:4180} INFO - Setting next_dagrun for example_setup_teardown_taskflow to None, run_after=None
[2025-10-06T20:45:10.756+0000] {processor.py:208} INFO - Processing /home/airflow/.local/lib/python3.12/site-packages/airflow/example_dags/example_setup_teardown_taskflow.py took 0.222 seconds
[2025-10-06T20:45:41.037+0000] {processor.py:186} INFO - Started process (PID=6026) to work on /home/airflow/.local/lib/python3.12/site-packages/airflow/example_dags/example_setup_teardown_taskflow.py
[2025-10-06T20:45:41.038+0000] {processor.py:914} INFO - Processing file /home/airflow/.local/lib/python3.12/site-packages/airflow/example_dags/example_setup_teardown_taskflow.py for tasks to queue
[2025-10-06T20:45:41.039+0000] {logging_mixin.py:190} INFO - [2025-10-06T20:45:41.039+0000] {dagbag.py:588} INFO - Filling up the DagBag from /home/airflow/.local/lib/python3.12/site-packages/airflow/example_dags/example_setup_teardown_taskflow.py
[2025-10-06T20:45:41.053+0000] {processor.py:925} INFO - DAG(s) 'example_setup_teardown_taskflow' retrieved from /home/airflow/.local/lib/python3.12/site-packages/airflow/example_dags/example_setup_teardown_taskflow.py
[2025-10-06T20:45:41.080+0000] {logging_mixin.py:190} INFO - [2025-10-06T20:45:41.080+0000] {dag.py:3239} INFO - Sync 1 DAGs
[2025-10-06T20:45:41.097+0000] {logging_mixin.py:190} INFO - [2025-10-06T20:45:41.097+0000] {dag.py:4180} INFO - Setting next_dagrun for example_setup_teardown_taskflow to None, run_after=None
[2025-10-06T20:45:41.130+0000] {processor.py:208} INFO - Processing /home/airflow/.local/lib/python3.12/site-packages/airflow/example_dags/example_setup_teardown_taskflow.py took 0.100 seconds
[2025-10-06T20:46:11.496+0000] {processor.py:186} INFO - Started process (PID=6089) to work on /home/airflow/.local/lib/python3.12/site-packages/airflow/example_dags/example_setup_teardown_taskflow.py
[2025-10-06T20:46:11.498+0000] {processor.py:914} INFO - Processing file /home/airflow/.local/lib/python3.12/site-packages/airflow/example_dags/example_setup_teardown_taskflow.py for tasks to queue
[2025-10-06T20:46:11.500+0000] {logging_mixin.py:190} INFO - [2025-10-06T20:46:11.499+0000] {dagbag.py:588} INFO - Filling up the DagBag from /home/airflow/.local/lib/python3.12/site-packages/airflow/example_dags/example_setup_teardown_taskflow.py
[2025-10-06T20:46:11.514+0000] {processor.py:925} INFO - DAG(s) 'example_setup_teardown_taskflow' retrieved from /home/airflow/.local/lib/python3.12/site-packages/airflow/example_dags/example_setup_teardown_taskflow.py
[2025-10-06T20:46:11.541+0000] {logging_mixin.py:190} INFO - [2025-10-06T20:46:11.541+0000] {dag.py:3239} INFO - Sync 1 DAGs
[2025-10-06T20:46:11.561+0000] {logging_mixin.py:190} INFO - [2025-10-06T20:46:11.561+0000] {dag.py:4180} INFO - Setting next_dagrun for example_setup_teardown_taskflow to None, run_after=None
[2025-10-06T20:46:11.598+0000] {processor.py:208} INFO - Processing /home/airflow/.local/lib/python3.12/site-packages/airflow/example_dags/example_setup_teardown_taskflow.py took 0.110 seconds
[2025-10-06T20:46:42.142+0000] {processor.py:186} INFO - Started process (PID=6152) to work on /home/airflow/.local/lib/python3.12/site-packages/airflow/example_dags/example_setup_teardown_taskflow.py
[2025-10-06T20:46:42.145+0000] {processor.py:914} INFO - Processing file /home/airflow/.local/lib/python3.12/site-packages/airflow/example_dags/example_setup_teardown_taskflow.py for tasks to queue
[2025-10-06T20:46:42.148+0000] {logging_mixin.py:190} INFO - [2025-10-06T20:46:42.147+0000] {dagbag.py:588} INFO - Filling up the DagBag from /home/airflow/.local/lib/python3.12/site-packages/airflow/example_dags/example_setup_teardown_taskflow.py
[2025-10-06T20:46:42.172+0000] {processor.py:925} INFO - DAG(s) 'example_setup_teardown_taskflow' retrieved from /home/airflow/.local/lib/python3.12/site-packages/airflow/example_dags/example_setup_teardown_taskflow.py
[2025-10-06T20:46:42.206+0000] {logging_mixin.py:190} INFO - [2025-10-06T20:46:42.205+0000] {dag.py:3239} INFO - Sync 1 DAGs
[2025-10-06T20:46:42.233+0000] {logging_mixin.py:190} INFO - [2025-10-06T20:46:42.233+0000] {dag.py:4180} INFO - Setting next_dagrun for example_setup_teardown_taskflow to None, run_after=None
[2025-10-06T20:46:42.276+0000] {processor.py:208} INFO - Processing /home/airflow/.local/lib/python3.12/site-packages/airflow/example_dags/example_setup_teardown_taskflow.py took 0.142 seconds
[2025-10-06T20:47:12.512+0000] {processor.py:186} INFO - Started process (PID=6215) to work on /home/airflow/.local/lib/python3.12/site-packages/airflow/example_dags/example_setup_teardown_taskflow.py
[2025-10-06T20:47:12.513+0000] {processor.py:914} INFO - Processing file /home/airflow/.local/lib/python3.12/site-packages/airflow/example_dags/example_setup_teardown_taskflow.py for tasks to queue
[2025-10-06T20:47:12.515+0000] {logging_mixin.py:190} INFO - [2025-10-06T20:47:12.514+0000] {dagbag.py:588} INFO - Filling up the DagBag from /home/airflow/.local/lib/python3.12/site-packages/airflow/example_dags/example_setup_teardown_taskflow.py
[2025-10-06T20:47:12.530+0000] {processor.py:925} INFO - DAG(s) 'example_setup_teardown_taskflow' retrieved from /home/airflow/.local/lib/python3.12/site-packages/airflow/example_dags/example_setup_teardown_taskflow.py
[2025-10-06T20:47:12.553+0000] {logging_mixin.py:190} INFO - [2025-10-06T20:47:12.553+0000] {dag.py:3239} INFO - Sync 1 DAGs
[2025-10-06T20:47:12.570+0000] {logging_mixin.py:190} INFO - [2025-10-06T20:47:12.570+0000] {dag.py:4180} INFO - Setting next_dagrun for example_setup_teardown_taskflow to None, run_after=None
[2025-10-06T20:47:12.592+0000] {processor.py:208} INFO - Processing /home/airflow/.local/lib/python3.12/site-packages/airflow/example_dags/example_setup_teardown_taskflow.py took 0.088 seconds
[2025-10-06T20:47:43.371+0000] {processor.py:186} INFO - Started process (PID=6278) to work on /home/airflow/.local/lib/python3.12/site-packages/airflow/example_dags/example_setup_teardown_taskflow.py
[2025-10-06T20:47:43.372+0000] {processor.py:914} INFO - Processing file /home/airflow/.local/lib/python3.12/site-packages/airflow/example_dags/example_setup_teardown_taskflow.py for tasks to queue
[2025-10-06T20:47:43.374+0000] {logging_mixin.py:190} INFO - [2025-10-06T20:47:43.373+0000] {dagbag.py:588} INFO - Filling up the DagBag from /home/airflow/.local/lib/python3.12/site-packages/airflow/example_dags/example_setup_teardown_taskflow.py
[2025-10-06T20:47:43.385+0000] {processor.py:925} INFO - DAG(s) 'example_setup_teardown_taskflow' retrieved from /home/airflow/.local/lib/python3.12/site-packages/airflow/example_dags/example_setup_teardown_taskflow.py
[2025-10-06T20:47:43.410+0000] {logging_mixin.py:190} INFO - [2025-10-06T20:47:43.409+0000] {dag.py:3239} INFO - Sync 1 DAGs
[2025-10-06T20:47:43.425+0000] {logging_mixin.py:190} INFO - [2025-10-06T20:47:43.425+0000] {dag.py:4180} INFO - Setting next_dagrun for example_setup_teardown_taskflow to None, run_after=None
[2025-10-06T20:47:43.454+0000] {processor.py:208} INFO - Processing /home/airflow/.local/lib/python3.12/site-packages/airflow/example_dags/example_setup_teardown_taskflow.py took 0.089 seconds
[2025-10-06T20:48:13.682+0000] {processor.py:186} INFO - Started process (PID=6341) to work on /home/airflow/.local/lib/python3.12/site-packages/airflow/example_dags/example_setup_teardown_taskflow.py
[2025-10-06T20:48:13.683+0000] {processor.py:914} INFO - Processing file /home/airflow/.local/lib/python3.12/site-packages/airflow/example_dags/example_setup_teardown_taskflow.py for tasks to queue
[2025-10-06T20:48:13.685+0000] {logging_mixin.py:190} INFO - [2025-10-06T20:48:13.684+0000] {dagbag.py:588} INFO - Filling up the DagBag from /home/airflow/.local/lib/python3.12/site-packages/airflow/example_dags/example_setup_teardown_taskflow.py
[2025-10-06T20:48:13.699+0000] {processor.py:925} INFO - DAG(s) 'example_setup_teardown_taskflow' retrieved from /home/airflow/.local/lib/python3.12/site-packages/airflow/example_dags/example_setup_teardown_taskflow.py
[2025-10-06T20:48:13.721+0000] {logging_mixin.py:190} INFO - [2025-10-06T20:48:13.721+0000] {dag.py:3239} INFO - Sync 1 DAGs
[2025-10-06T20:48:13.737+0000] {logging_mixin.py:190} INFO - [2025-10-06T20:48:13.737+0000] {dag.py:4180} INFO - Setting next_dagrun for example_setup_teardown_taskflow to None, run_after=None
[2025-10-06T20:48:13.760+0000] {processor.py:208} INFO - Processing /home/airflow/.local/lib/python3.12/site-packages/airflow/example_dags/example_setup_teardown_taskflow.py took 0.086 seconds
[2025-10-06T20:48:44.979+0000] {processor.py:186} INFO - Started process (PID=6404) to work on /home/airflow/.local/lib/python3.12/site-packages/airflow/example_dags/example_setup_teardown_taskflow.py
[2025-10-06T20:48:44.980+0000] {processor.py:914} INFO - Processing file /home/airflow/.local/lib/python3.12/site-packages/airflow/example_dags/example_setup_teardown_taskflow.py for tasks to queue
[2025-10-06T20:48:44.982+0000] {logging_mixin.py:190} INFO - [2025-10-06T20:48:44.981+0000] {dagbag.py:588} INFO - Filling up the DagBag from /home/airflow/.local/lib/python3.12/site-packages/airflow/example_dags/example_setup_teardown_taskflow.py
[2025-10-06T20:48:44.994+0000] {processor.py:925} INFO - DAG(s) 'example_setup_teardown_taskflow' retrieved from /home/airflow/.local/lib/python3.12/site-packages/airflow/example_dags/example_setup_teardown_taskflow.py
[2025-10-06T20:48:45.017+0000] {logging_mixin.py:190} INFO - [2025-10-06T20:48:45.017+0000] {dag.py:3239} INFO - Sync 1 DAGs
[2025-10-06T20:48:45.034+0000] {logging_mixin.py:190} INFO - [2025-10-06T20:48:45.033+0000] {dag.py:4180} INFO - Setting next_dagrun for example_setup_teardown_taskflow to None, run_after=None
[2025-10-06T20:48:45.056+0000] {processor.py:208} INFO - Processing /home/airflow/.local/lib/python3.12/site-packages/airflow/example_dags/example_setup_teardown_taskflow.py took 0.083 seconds
[2025-10-06T20:49:15.188+0000] {processor.py:186} INFO - Started process (PID=6467) to work on /home/airflow/.local/lib/python3.12/site-packages/airflow/example_dags/example_setup_teardown_taskflow.py
[2025-10-06T20:49:15.189+0000] {processor.py:914} INFO - Processing file /home/airflow/.local/lib/python3.12/site-packages/airflow/example_dags/example_setup_teardown_taskflow.py for tasks to queue
[2025-10-06T20:49:15.191+0000] {logging_mixin.py:190} INFO - [2025-10-06T20:49:15.190+0000] {dagbag.py:588} INFO - Filling up the DagBag from /home/airflow/.local/lib/python3.12/site-packages/airflow/example_dags/example_setup_teardown_taskflow.py
[2025-10-06T20:49:15.203+0000] {processor.py:925} INFO - DAG(s) 'example_setup_teardown_taskflow' retrieved from /home/airflow/.local/lib/python3.12/site-packages/airflow/example_dags/example_setup_teardown_taskflow.py
[2025-10-06T20:49:15.229+0000] {logging_mixin.py:190} INFO - [2025-10-06T20:49:15.229+0000] {dag.py:3239} INFO - Sync 1 DAGs
[2025-10-06T20:49:15.247+0000] {logging_mixin.py:190} INFO - [2025-10-06T20:49:15.247+0000] {dag.py:4180} INFO - Setting next_dagrun for example_setup_teardown_taskflow to None, run_after=None
[2025-10-06T20:49:15.274+0000] {processor.py:208} INFO - Processing /home/airflow/.local/lib/python3.12/site-packages/airflow/example_dags/example_setup_teardown_taskflow.py took 0.092 seconds
[2025-10-06T20:49:46.667+0000] {processor.py:186} INFO - Started process (PID=6531) to work on /home/airflow/.local/lib/python3.12/site-packages/airflow/example_dags/example_setup_teardown_taskflow.py
[2025-10-06T20:49:46.668+0000] {processor.py:914} INFO - Processing file /home/airflow/.local/lib/python3.12/site-packages/airflow/example_dags/example_setup_teardown_taskflow.py for tasks to queue
[2025-10-06T20:49:46.670+0000] {logging_mixin.py:190} INFO - [2025-10-06T20:49:46.670+0000] {dagbag.py:588} INFO - Filling up the DagBag from /home/airflow/.local/lib/python3.12/site-packages/airflow/example_dags/example_setup_teardown_taskflow.py
[2025-10-06T20:49:46.683+0000] {processor.py:925} INFO - DAG(s) 'example_setup_teardown_taskflow' retrieved from /home/airflow/.local/lib/python3.12/site-packages/airflow/example_dags/example_setup_teardown_taskflow.py
[2025-10-06T20:49:46.707+0000] {logging_mixin.py:190} INFO - [2025-10-06T20:49:46.707+0000] {dag.py:3239} INFO - Sync 1 DAGs
[2025-10-06T20:49:46.723+0000] {logging_mixin.py:190} INFO - [2025-10-06T20:49:46.723+0000] {dag.py:4180} INFO - Setting next_dagrun for example_setup_teardown_taskflow to None, run_after=None
[2025-10-06T20:49:46.746+0000] {processor.py:208} INFO - Processing /home/airflow/.local/lib/python3.12/site-packages/airflow/example_dags/example_setup_teardown_taskflow.py took 0.086 seconds
[2025-10-06T20:50:18.446+0000] {processor.py:186} INFO - Started process (PID=6595) to work on /home/airflow/.local/lib/python3.12/site-packages/airflow/example_dags/example_setup_teardown_taskflow.py
[2025-10-06T20:50:18.448+0000] {processor.py:914} INFO - Processing file /home/airflow/.local/lib/python3.12/site-packages/airflow/example_dags/example_setup_teardown_taskflow.py for tasks to queue
[2025-10-06T20:50:18.449+0000] {logging_mixin.py:190} INFO - [2025-10-06T20:50:18.449+0000] {dagbag.py:588} INFO - Filling up the DagBag from /home/airflow/.local/lib/python3.12/site-packages/airflow/example_dags/example_setup_teardown_taskflow.py
[2025-10-06T20:50:18.462+0000] {processor.py:925} INFO - DAG(s) 'example_setup_teardown_taskflow' retrieved from /home/airflow/.local/lib/python3.12/site-packages/airflow/example_dags/example_setup_teardown_taskflow.py
[2025-10-06T20:50:18.485+0000] {logging_mixin.py:190} INFO - [2025-10-06T20:50:18.485+0000] {dag.py:3239} INFO - Sync 1 DAGs
[2025-10-06T20:50:18.506+0000] {logging_mixin.py:190} INFO - [2025-10-06T20:50:18.505+0000] {dag.py:4180} INFO - Setting next_dagrun for example_setup_teardown_taskflow to None, run_after=None
[2025-10-06T20:50:18.528+0000] {processor.py:208} INFO - Processing /home/airflow/.local/lib/python3.12/site-packages/airflow/example_dags/example_setup_teardown_taskflow.py took 0.089 seconds
[2025-10-06T20:50:49.671+0000] {processor.py:186} INFO - Started process (PID=6658) to work on /home/airflow/.local/lib/python3.12/site-packages/airflow/example_dags/example_setup_teardown_taskflow.py
[2025-10-06T20:50:49.673+0000] {processor.py:914} INFO - Processing file /home/airflow/.local/lib/python3.12/site-packages/airflow/example_dags/example_setup_teardown_taskflow.py for tasks to queue
[2025-10-06T20:50:49.675+0000] {logging_mixin.py:190} INFO - [2025-10-06T20:50:49.674+0000] {dagbag.py:588} INFO - Filling up the DagBag from /home/airflow/.local/lib/python3.12/site-packages/airflow/example_dags/example_setup_teardown_taskflow.py
[2025-10-06T20:50:49.691+0000] {processor.py:925} INFO - DAG(s) 'example_setup_teardown_taskflow' retrieved from /home/airflow/.local/lib/python3.12/site-packages/airflow/example_dags/example_setup_teardown_taskflow.py
[2025-10-06T20:50:49.722+0000] {logging_mixin.py:190} INFO - [2025-10-06T20:50:49.722+0000] {dag.py:3239} INFO - Sync 1 DAGs
[2025-10-06T20:50:49.742+0000] {logging_mixin.py:190} INFO - [2025-10-06T20:50:49.742+0000] {dag.py:4180} INFO - Setting next_dagrun for example_setup_teardown_taskflow to None, run_after=None
[2025-10-06T20:50:49.763+0000] {processor.py:208} INFO - Processing /home/airflow/.local/lib/python3.12/site-packages/airflow/example_dags/example_setup_teardown_taskflow.py took 0.101 seconds
[2025-10-06T20:53:29.374+0000] {processor.py:186} INFO - Started process (PID=90) to work on /home/airflow/.local/lib/python3.12/site-packages/airflow/example_dags/example_setup_teardown_taskflow.py
[2025-10-06T20:53:29.376+0000] {processor.py:914} INFO - Processing file /home/airflow/.local/lib/python3.12/site-packages/airflow/example_dags/example_setup_teardown_taskflow.py for tasks to queue
[2025-10-06T20:53:29.382+0000] {logging_mixin.py:190} INFO - [2025-10-06T20:53:29.381+0000] {dagbag.py:588} INFO - Filling up the DagBag from /home/airflow/.local/lib/python3.12/site-packages/airflow/example_dags/example_setup_teardown_taskflow.py
[2025-10-06T20:53:29.409+0000] {processor.py:925} INFO - DAG(s) 'example_setup_teardown_taskflow' retrieved from /home/airflow/.local/lib/python3.12/site-packages/airflow/example_dags/example_setup_teardown_taskflow.py
[2025-10-06T20:53:29.485+0000] {logging_mixin.py:190} INFO - [2025-10-06T20:53:29.484+0000] {dag.py:3239} INFO - Sync 1 DAGs
[2025-10-06T20:53:29.528+0000] {logging_mixin.py:190} INFO - [2025-10-06T20:53:29.528+0000] {dag.py:4180} INFO - Setting next_dagrun for example_setup_teardown_taskflow to None, run_after=None
[2025-10-06T20:53:29.577+0000] {processor.py:208} INFO - Processing /home/airflow/.local/lib/python3.12/site-packages/airflow/example_dags/example_setup_teardown_taskflow.py took 0.218 seconds
[2025-10-06T20:54:01.070+0000] {processor.py:186} INFO - Started process (PID=153) to work on /home/airflow/.local/lib/python3.12/site-packages/airflow/example_dags/example_setup_teardown_taskflow.py
[2025-10-06T20:54:01.075+0000] {processor.py:914} INFO - Processing file /home/airflow/.local/lib/python3.12/site-packages/airflow/example_dags/example_setup_teardown_taskflow.py for tasks to queue
[2025-10-06T20:54:01.082+0000] {logging_mixin.py:190} INFO - [2025-10-06T20:54:01.081+0000] {dagbag.py:588} INFO - Filling up the DagBag from /home/airflow/.local/lib/python3.12/site-packages/airflow/example_dags/example_setup_teardown_taskflow.py
[2025-10-06T20:54:01.136+0000] {processor.py:925} INFO - DAG(s) 'example_setup_teardown_taskflow' retrieved from /home/airflow/.local/lib/python3.12/site-packages/airflow/example_dags/example_setup_teardown_taskflow.py
[2025-10-06T20:54:01.204+0000] {logging_mixin.py:190} INFO - [2025-10-06T20:54:01.203+0000] {dag.py:3239} INFO - Sync 1 DAGs
[2025-10-06T20:54:01.256+0000] {logging_mixin.py:190} INFO - [2025-10-06T20:54:01.255+0000] {dag.py:4180} INFO - Setting next_dagrun for example_setup_teardown_taskflow to None, run_after=None
[2025-10-06T20:54:01.325+0000] {processor.py:208} INFO - Processing /home/airflow/.local/lib/python3.12/site-packages/airflow/example_dags/example_setup_teardown_taskflow.py took 0.281 seconds
[2025-10-06T20:54:33.098+0000] {processor.py:186} INFO - Started process (PID=216) to work on /home/airflow/.local/lib/python3.12/site-packages/airflow/example_dags/example_setup_teardown_taskflow.py
[2025-10-06T20:54:33.100+0000] {processor.py:914} INFO - Processing file /home/airflow/.local/lib/python3.12/site-packages/airflow/example_dags/example_setup_teardown_taskflow.py for tasks to queue
[2025-10-06T20:54:33.103+0000] {logging_mixin.py:190} INFO - [2025-10-06T20:54:33.102+0000] {dagbag.py:588} INFO - Filling up the DagBag from /home/airflow/.local/lib/python3.12/site-packages/airflow/example_dags/example_setup_teardown_taskflow.py
[2025-10-06T20:54:33.115+0000] {processor.py:925} INFO - DAG(s) 'example_setup_teardown_taskflow' retrieved from /home/airflow/.local/lib/python3.12/site-packages/airflow/example_dags/example_setup_teardown_taskflow.py
[2025-10-06T20:54:33.151+0000] {logging_mixin.py:190} INFO - [2025-10-06T20:54:33.150+0000] {dag.py:3239} INFO - Sync 1 DAGs
[2025-10-06T20:54:33.195+0000] {logging_mixin.py:190} INFO - [2025-10-06T20:54:33.194+0000] {dag.py:4180} INFO - Setting next_dagrun for example_setup_teardown_taskflow to None, run_after=None
[2025-10-06T20:54:33.288+0000] {processor.py:208} INFO - Processing /home/airflow/.local/lib/python3.12/site-packages/airflow/example_dags/example_setup_teardown_taskflow.py took 0.196 seconds
[2025-10-06T20:55:06.907+0000] {processor.py:186} INFO - Started process (PID=280) to work on /home/airflow/.local/lib/python3.12/site-packages/airflow/example_dags/example_setup_teardown_taskflow.py
[2025-10-06T20:55:06.911+0000] {processor.py:914} INFO - Processing file /home/airflow/.local/lib/python3.12/site-packages/airflow/example_dags/example_setup_teardown_taskflow.py for tasks to queue
[2025-10-06T20:55:06.934+0000] {logging_mixin.py:190} INFO - [2025-10-06T20:55:06.932+0000] {dagbag.py:588} INFO - Filling up the DagBag from /home/airflow/.local/lib/python3.12/site-packages/airflow/example_dags/example_setup_teardown_taskflow.py
[2025-10-06T20:55:07.028+0000] {processor.py:925} INFO - DAG(s) 'example_setup_teardown_taskflow' retrieved from /home/airflow/.local/lib/python3.12/site-packages/airflow/example_dags/example_setup_teardown_taskflow.py
[2025-10-06T20:55:07.518+0000] {logging_mixin.py:190} INFO - [2025-10-06T20:55:07.517+0000] {dag.py:3239} INFO - Sync 1 DAGs
[2025-10-06T20:55:07.587+0000] {logging_mixin.py:190} INFO - [2025-10-06T20:55:07.586+0000] {dag.py:4180} INFO - Setting next_dagrun for example_setup_teardown_taskflow to None, run_after=None
[2025-10-06T20:55:07.726+0000] {processor.py:208} INFO - Processing /home/airflow/.local/lib/python3.12/site-packages/airflow/example_dags/example_setup_teardown_taskflow.py took 0.874 seconds
[2025-10-06T20:55:38.423+0000] {processor.py:186} INFO - Started process (PID=343) to work on /home/airflow/.local/lib/python3.12/site-packages/airflow/example_dags/example_setup_teardown_taskflow.py
[2025-10-06T20:55:38.434+0000] {processor.py:914} INFO - Processing file /home/airflow/.local/lib/python3.12/site-packages/airflow/example_dags/example_setup_teardown_taskflow.py for tasks to queue
[2025-10-06T20:55:38.454+0000] {logging_mixin.py:190} INFO - [2025-10-06T20:55:38.447+0000] {dagbag.py:588} INFO - Filling up the DagBag from /home/airflow/.local/lib/python3.12/site-packages/airflow/example_dags/example_setup_teardown_taskflow.py
[2025-10-06T20:55:38.569+0000] {processor.py:925} INFO - DAG(s) 'example_setup_teardown_taskflow' retrieved from /home/airflow/.local/lib/python3.12/site-packages/airflow/example_dags/example_setup_teardown_taskflow.py
[2025-10-06T20:55:38.764+0000] {logging_mixin.py:190} INFO - [2025-10-06T20:55:38.763+0000] {dag.py:3239} INFO - Sync 1 DAGs
[2025-10-06T20:55:38.893+0000] {logging_mixin.py:190} INFO - [2025-10-06T20:55:38.892+0000] {dag.py:4180} INFO - Setting next_dagrun for example_setup_teardown_taskflow to None, run_after=None
[2025-10-06T20:55:39.029+0000] {processor.py:208} INFO - Processing /home/airflow/.local/lib/python3.12/site-packages/airflow/example_dags/example_setup_teardown_taskflow.py took 0.663 seconds
[2025-10-06T20:56:09.884+0000] {processor.py:186} INFO - Started process (PID=407) to work on /home/airflow/.local/lib/python3.12/site-packages/airflow/example_dags/example_setup_teardown_taskflow.py
[2025-10-06T20:56:09.886+0000] {processor.py:914} INFO - Processing file /home/airflow/.local/lib/python3.12/site-packages/airflow/example_dags/example_setup_teardown_taskflow.py for tasks to queue
[2025-10-06T20:56:09.889+0000] {logging_mixin.py:190} INFO - [2025-10-06T20:56:09.889+0000] {dagbag.py:588} INFO - Filling up the DagBag from /home/airflow/.local/lib/python3.12/site-packages/airflow/example_dags/example_setup_teardown_taskflow.py
[2025-10-06T20:56:09.902+0000] {processor.py:925} INFO - DAG(s) 'example_setup_teardown_taskflow' retrieved from /home/airflow/.local/lib/python3.12/site-packages/airflow/example_dags/example_setup_teardown_taskflow.py
[2025-10-06T20:56:09.935+0000] {logging_mixin.py:190} INFO - [2025-10-06T20:56:09.935+0000] {dag.py:3239} INFO - Sync 1 DAGs
[2025-10-06T20:56:09.954+0000] {logging_mixin.py:190} INFO - [2025-10-06T20:56:09.954+0000] {dag.py:4180} INFO - Setting next_dagrun for example_setup_teardown_taskflow to None, run_after=None
[2025-10-06T20:56:09.981+0000] {processor.py:208} INFO - Processing /home/airflow/.local/lib/python3.12/site-packages/airflow/example_dags/example_setup_teardown_taskflow.py took 0.105 seconds
[2025-10-06T20:56:40.229+0000] {processor.py:186} INFO - Started process (PID=470) to work on /home/airflow/.local/lib/python3.12/site-packages/airflow/example_dags/example_setup_teardown_taskflow.py
[2025-10-06T20:56:40.231+0000] {processor.py:914} INFO - Processing file /home/airflow/.local/lib/python3.12/site-packages/airflow/example_dags/example_setup_teardown_taskflow.py for tasks to queue
[2025-10-06T20:56:40.234+0000] {logging_mixin.py:190} INFO - [2025-10-06T20:56:40.234+0000] {dagbag.py:588} INFO - Filling up the DagBag from /home/airflow/.local/lib/python3.12/site-packages/airflow/example_dags/example_setup_teardown_taskflow.py
[2025-10-06T20:56:40.246+0000] {processor.py:925} INFO - DAG(s) 'example_setup_teardown_taskflow' retrieved from /home/airflow/.local/lib/python3.12/site-packages/airflow/example_dags/example_setup_teardown_taskflow.py
[2025-10-06T20:56:40.270+0000] {logging_mixin.py:190} INFO - [2025-10-06T20:56:40.270+0000] {dag.py:3239} INFO - Sync 1 DAGs
[2025-10-06T20:56:40.285+0000] {logging_mixin.py:190} INFO - [2025-10-06T20:56:40.285+0000] {dag.py:4180} INFO - Setting next_dagrun for example_setup_teardown_taskflow to None, run_after=None
[2025-10-06T20:56:40.310+0000] {processor.py:208} INFO - Processing /home/airflow/.local/lib/python3.12/site-packages/airflow/example_dags/example_setup_teardown_taskflow.py took 0.086 seconds
[2025-10-06T20:57:11.026+0000] {processor.py:186} INFO - Started process (PID=533) to work on /home/airflow/.local/lib/python3.12/site-packages/airflow/example_dags/example_setup_teardown_taskflow.py
[2025-10-06T20:57:11.027+0000] {processor.py:914} INFO - Processing file /home/airflow/.local/lib/python3.12/site-packages/airflow/example_dags/example_setup_teardown_taskflow.py for tasks to queue
[2025-10-06T20:57:11.031+0000] {logging_mixin.py:190} INFO - [2025-10-06T20:57:11.030+0000] {dagbag.py:588} INFO - Filling up the DagBag from /home/airflow/.local/lib/python3.12/site-packages/airflow/example_dags/example_setup_teardown_taskflow.py
[2025-10-06T20:57:11.045+0000] {processor.py:925} INFO - DAG(s) 'example_setup_teardown_taskflow' retrieved from /home/airflow/.local/lib/python3.12/site-packages/airflow/example_dags/example_setup_teardown_taskflow.py
[2025-10-06T20:57:11.075+0000] {logging_mixin.py:190} INFO - [2025-10-06T20:57:11.075+0000] {dag.py:3239} INFO - Sync 1 DAGs
[2025-10-06T20:57:11.094+0000] {logging_mixin.py:190} INFO - [2025-10-06T20:57:11.094+0000] {dag.py:4180} INFO - Setting next_dagrun for example_setup_teardown_taskflow to None, run_after=None
[2025-10-06T20:57:11.119+0000] {processor.py:208} INFO - Processing /home/airflow/.local/lib/python3.12/site-packages/airflow/example_dags/example_setup_teardown_taskflow.py took 0.101 seconds
[2025-10-06T20:57:41.282+0000] {processor.py:186} INFO - Started process (PID=596) to work on /home/airflow/.local/lib/python3.12/site-packages/airflow/example_dags/example_setup_teardown_taskflow.py
[2025-10-06T20:57:41.283+0000] {processor.py:914} INFO - Processing file /home/airflow/.local/lib/python3.12/site-packages/airflow/example_dags/example_setup_teardown_taskflow.py for tasks to queue
[2025-10-06T20:57:41.287+0000] {logging_mixin.py:190} INFO - [2025-10-06T20:57:41.286+0000] {dagbag.py:588} INFO - Filling up the DagBag from /home/airflow/.local/lib/python3.12/site-packages/airflow/example_dags/example_setup_teardown_taskflow.py
[2025-10-06T20:57:41.310+0000] {processor.py:925} INFO - DAG(s) 'example_setup_teardown_taskflow' retrieved from /home/airflow/.local/lib/python3.12/site-packages/airflow/example_dags/example_setup_teardown_taskflow.py
[2025-10-06T20:57:41.348+0000] {logging_mixin.py:190} INFO - [2025-10-06T20:57:41.347+0000] {dag.py:3239} INFO - Sync 1 DAGs
[2025-10-06T20:57:41.375+0000] {logging_mixin.py:190} INFO - [2025-10-06T20:57:41.374+0000] {dag.py:4180} INFO - Setting next_dagrun for example_setup_teardown_taskflow to None, run_after=None
[2025-10-06T20:57:41.410+0000] {processor.py:208} INFO - Processing /home/airflow/.local/lib/python3.12/site-packages/airflow/example_dags/example_setup_teardown_taskflow.py took 0.137 seconds
[2025-10-06T20:58:12.054+0000] {processor.py:186} INFO - Started process (PID=660) to work on /home/airflow/.local/lib/python3.12/site-packages/airflow/example_dags/example_setup_teardown_taskflow.py
[2025-10-06T20:58:12.128+0000] {processor.py:914} INFO - Processing file /home/airflow/.local/lib/python3.12/site-packages/airflow/example_dags/example_setup_teardown_taskflow.py for tasks to queue
[2025-10-06T20:58:12.131+0000] {logging_mixin.py:190} INFO - [2025-10-06T20:58:12.130+0000] {dagbag.py:588} INFO - Filling up the DagBag from /home/airflow/.local/lib/python3.12/site-packages/airflow/example_dags/example_setup_teardown_taskflow.py
[2025-10-06T20:58:12.143+0000] {processor.py:925} INFO - DAG(s) 'example_setup_teardown_taskflow' retrieved from /home/airflow/.local/lib/python3.12/site-packages/airflow/example_dags/example_setup_teardown_taskflow.py
[2025-10-06T20:58:12.166+0000] {logging_mixin.py:190} INFO - [2025-10-06T20:58:12.166+0000] {dag.py:3239} INFO - Sync 1 DAGs
[2025-10-06T20:58:12.185+0000] {logging_mixin.py:190} INFO - [2025-10-06T20:58:12.184+0000] {dag.py:4180} INFO - Setting next_dagrun for example_setup_teardown_taskflow to None, run_after=None
[2025-10-06T20:58:12.510+0000] {processor.py:208} INFO - Processing /home/airflow/.local/lib/python3.12/site-packages/airflow/example_dags/example_setup_teardown_taskflow.py took 0.463 seconds
[2025-10-06T20:58:43.306+0000] {processor.py:186} INFO - Started process (PID=723) to work on /home/airflow/.local/lib/python3.12/site-packages/airflow/example_dags/example_setup_teardown_taskflow.py
[2025-10-06T20:58:43.307+0000] {processor.py:914} INFO - Processing file /home/airflow/.local/lib/python3.12/site-packages/airflow/example_dags/example_setup_teardown_taskflow.py for tasks to queue
[2025-10-06T20:58:43.311+0000] {logging_mixin.py:190} INFO - [2025-10-06T20:58:43.311+0000] {dagbag.py:588} INFO - Filling up the DagBag from /home/airflow/.local/lib/python3.12/site-packages/airflow/example_dags/example_setup_teardown_taskflow.py
[2025-10-06T20:58:43.324+0000] {processor.py:925} INFO - DAG(s) 'example_setup_teardown_taskflow' retrieved from /home/airflow/.local/lib/python3.12/site-packages/airflow/example_dags/example_setup_teardown_taskflow.py
[2025-10-06T20:58:43.354+0000] {logging_mixin.py:190} INFO - [2025-10-06T20:58:43.354+0000] {dag.py:3239} INFO - Sync 1 DAGs
[2025-10-06T20:58:43.390+0000] {logging_mixin.py:190} INFO - [2025-10-06T20:58:43.389+0000] {dag.py:4180} INFO - Setting next_dagrun for example_setup_teardown_taskflow to None, run_after=None
[2025-10-06T20:58:43.423+0000] {processor.py:208} INFO - Processing /home/airflow/.local/lib/python3.12/site-packages/airflow/example_dags/example_setup_teardown_taskflow.py took 0.127 seconds
[2025-10-06T20:59:13.729+0000] {processor.py:186} INFO - Started process (PID=786) to work on /home/airflow/.local/lib/python3.12/site-packages/airflow/example_dags/example_setup_teardown_taskflow.py
[2025-10-06T20:59:13.732+0000] {processor.py:914} INFO - Processing file /home/airflow/.local/lib/python3.12/site-packages/airflow/example_dags/example_setup_teardown_taskflow.py for tasks to queue
[2025-10-06T20:59:13.739+0000] {logging_mixin.py:190} INFO - [2025-10-06T20:59:13.738+0000] {dagbag.py:588} INFO - Filling up the DagBag from /home/airflow/.local/lib/python3.12/site-packages/airflow/example_dags/example_setup_teardown_taskflow.py
[2025-10-06T20:59:13.772+0000] {processor.py:925} INFO - DAG(s) 'example_setup_teardown_taskflow' retrieved from /home/airflow/.local/lib/python3.12/site-packages/airflow/example_dags/example_setup_teardown_taskflow.py
[2025-10-06T20:59:13.799+0000] {logging_mixin.py:190} INFO - [2025-10-06T20:59:13.799+0000] {dag.py:3239} INFO - Sync 1 DAGs
[2025-10-06T20:59:13.826+0000] {logging_mixin.py:190} INFO - [2025-10-06T20:59:13.826+0000] {dag.py:4180} INFO - Setting next_dagrun for example_setup_teardown_taskflow to None, run_after=None
[2025-10-06T20:59:13.873+0000] {processor.py:208} INFO - Processing /home/airflow/.local/lib/python3.12/site-packages/airflow/example_dags/example_setup_teardown_taskflow.py took 0.156 seconds
[2025-10-06T20:59:44.811+0000] {processor.py:186} INFO - Started process (PID=849) to work on /home/airflow/.local/lib/python3.12/site-packages/airflow/example_dags/example_setup_teardown_taskflow.py
[2025-10-06T20:59:44.814+0000] {processor.py:914} INFO - Processing file /home/airflow/.local/lib/python3.12/site-packages/airflow/example_dags/example_setup_teardown_taskflow.py for tasks to queue
[2025-10-06T20:59:44.819+0000] {logging_mixin.py:190} INFO - [2025-10-06T20:59:44.818+0000] {dagbag.py:588} INFO - Filling up the DagBag from /home/airflow/.local/lib/python3.12/site-packages/airflow/example_dags/example_setup_teardown_taskflow.py
[2025-10-06T20:59:44.840+0000] {processor.py:925} INFO - DAG(s) 'example_setup_teardown_taskflow' retrieved from /home/airflow/.local/lib/python3.12/site-packages/airflow/example_dags/example_setup_teardown_taskflow.py
[2025-10-06T20:59:44.923+0000] {logging_mixin.py:190} INFO - [2025-10-06T20:59:44.922+0000] {dag.py:3239} INFO - Sync 1 DAGs
[2025-10-06T20:59:44.962+0000] {logging_mixin.py:190} INFO - [2025-10-06T20:59:44.962+0000] {dag.py:4180} INFO - Setting next_dagrun for example_setup_teardown_taskflow to None, run_after=None
[2025-10-06T20:59:45.014+0000] {processor.py:208} INFO - Processing /home/airflow/.local/lib/python3.12/site-packages/airflow/example_dags/example_setup_teardown_taskflow.py took 0.218 seconds
[2025-10-06T21:00:18.261+0000] {processor.py:186} INFO - Started process (PID=912) to work on /home/airflow/.local/lib/python3.12/site-packages/airflow/example_dags/example_setup_teardown_taskflow.py
[2025-10-06T21:00:18.263+0000] {processor.py:914} INFO - Processing file /home/airflow/.local/lib/python3.12/site-packages/airflow/example_dags/example_setup_teardown_taskflow.py for tasks to queue
[2025-10-06T21:00:18.267+0000] {logging_mixin.py:190} INFO - [2025-10-06T21:00:18.267+0000] {dagbag.py:588} INFO - Filling up the DagBag from /home/airflow/.local/lib/python3.12/site-packages/airflow/example_dags/example_setup_teardown_taskflow.py
[2025-10-06T21:00:18.287+0000] {processor.py:925} INFO - DAG(s) 'example_setup_teardown_taskflow' retrieved from /home/airflow/.local/lib/python3.12/site-packages/airflow/example_dags/example_setup_teardown_taskflow.py
[2025-10-06T21:00:18.320+0000] {logging_mixin.py:190} INFO - [2025-10-06T21:00:18.320+0000] {dag.py:3239} INFO - Sync 1 DAGs
[2025-10-06T21:00:18.343+0000] {logging_mixin.py:190} INFO - [2025-10-06T21:00:18.343+0000] {dag.py:4180} INFO - Setting next_dagrun for example_setup_teardown_taskflow to None, run_after=None
[2025-10-06T21:00:18.375+0000] {processor.py:208} INFO - Processing /home/airflow/.local/lib/python3.12/site-packages/airflow/example_dags/example_setup_teardown_taskflow.py took 0.123 seconds
[2025-10-06T21:00:48.913+0000] {processor.py:186} INFO - Started process (PID=971) to work on /home/airflow/.local/lib/python3.12/site-packages/airflow/example_dags/example_setup_teardown_taskflow.py
[2025-10-06T21:00:48.914+0000] {processor.py:914} INFO - Processing file /home/airflow/.local/lib/python3.12/site-packages/airflow/example_dags/example_setup_teardown_taskflow.py for tasks to queue
[2025-10-06T21:00:48.918+0000] {logging_mixin.py:190} INFO - [2025-10-06T21:00:48.917+0000] {dagbag.py:588} INFO - Filling up the DagBag from /home/airflow/.local/lib/python3.12/site-packages/airflow/example_dags/example_setup_teardown_taskflow.py
[2025-10-06T21:00:48.929+0000] {processor.py:925} INFO - DAG(s) 'example_setup_teardown_taskflow' retrieved from /home/airflow/.local/lib/python3.12/site-packages/airflow/example_dags/example_setup_teardown_taskflow.py
[2025-10-06T21:00:48.949+0000] {logging_mixin.py:190} INFO - [2025-10-06T21:00:48.949+0000] {dag.py:3239} INFO - Sync 1 DAGs
[2025-10-06T21:00:48.963+0000] {logging_mixin.py:190} INFO - [2025-10-06T21:00:48.963+0000] {dag.py:4180} INFO - Setting next_dagrun for example_setup_teardown_taskflow to None, run_after=None
[2025-10-06T21:00:48.985+0000] {processor.py:208} INFO - Processing /home/airflow/.local/lib/python3.12/site-packages/airflow/example_dags/example_setup_teardown_taskflow.py took 0.078 seconds
[2025-10-06T21:01:19.095+0000] {processor.py:186} INFO - Started process (PID=1034) to work on /home/airflow/.local/lib/python3.12/site-packages/airflow/example_dags/example_setup_teardown_taskflow.py
[2025-10-06T21:01:19.097+0000] {processor.py:914} INFO - Processing file /home/airflow/.local/lib/python3.12/site-packages/airflow/example_dags/example_setup_teardown_taskflow.py for tasks to queue
[2025-10-06T21:01:19.100+0000] {logging_mixin.py:190} INFO - [2025-10-06T21:01:19.099+0000] {dagbag.py:588} INFO - Filling up the DagBag from /home/airflow/.local/lib/python3.12/site-packages/airflow/example_dags/example_setup_teardown_taskflow.py
[2025-10-06T21:01:19.116+0000] {processor.py:925} INFO - DAG(s) 'example_setup_teardown_taskflow' retrieved from /home/airflow/.local/lib/python3.12/site-packages/airflow/example_dags/example_setup_teardown_taskflow.py
[2025-10-06T21:01:19.141+0000] {logging_mixin.py:190} INFO - [2025-10-06T21:01:19.141+0000] {dag.py:3239} INFO - Sync 1 DAGs
[2025-10-06T21:01:19.161+0000] {logging_mixin.py:190} INFO - [2025-10-06T21:01:19.161+0000] {dag.py:4180} INFO - Setting next_dagrun for example_setup_teardown_taskflow to None, run_after=None
[2025-10-06T21:01:19.185+0000] {processor.py:208} INFO - Processing /home/airflow/.local/lib/python3.12/site-packages/airflow/example_dags/example_setup_teardown_taskflow.py took 0.095 seconds
[2025-10-06T21:01:49.369+0000] {processor.py:186} INFO - Started process (PID=1097) to work on /home/airflow/.local/lib/python3.12/site-packages/airflow/example_dags/example_setup_teardown_taskflow.py
[2025-10-06T21:01:49.370+0000] {processor.py:914} INFO - Processing file /home/airflow/.local/lib/python3.12/site-packages/airflow/example_dags/example_setup_teardown_taskflow.py for tasks to queue
[2025-10-06T21:01:49.372+0000] {logging_mixin.py:190} INFO - [2025-10-06T21:01:49.372+0000] {dagbag.py:588} INFO - Filling up the DagBag from /home/airflow/.local/lib/python3.12/site-packages/airflow/example_dags/example_setup_teardown_taskflow.py
[2025-10-06T21:01:49.383+0000] {processor.py:925} INFO - DAG(s) 'example_setup_teardown_taskflow' retrieved from /home/airflow/.local/lib/python3.12/site-packages/airflow/example_dags/example_setup_teardown_taskflow.py
[2025-10-06T21:01:49.406+0000] {logging_mixin.py:190} INFO - [2025-10-06T21:01:49.405+0000] {dag.py:3239} INFO - Sync 1 DAGs
[2025-10-06T21:01:49.422+0000] {logging_mixin.py:190} INFO - [2025-10-06T21:01:49.421+0000] {dag.py:4180} INFO - Setting next_dagrun for example_setup_teardown_taskflow to None, run_after=None
[2025-10-06T21:01:49.445+0000] {processor.py:208} INFO - Processing /home/airflow/.local/lib/python3.12/site-packages/airflow/example_dags/example_setup_teardown_taskflow.py took 0.082 seconds
[2025-10-06T21:02:20.213+0000] {processor.py:186} INFO - Started process (PID=1160) to work on /home/airflow/.local/lib/python3.12/site-packages/airflow/example_dags/example_setup_teardown_taskflow.py
[2025-10-06T21:02:20.215+0000] {processor.py:914} INFO - Processing file /home/airflow/.local/lib/python3.12/site-packages/airflow/example_dags/example_setup_teardown_taskflow.py for tasks to queue
[2025-10-06T21:02:20.219+0000] {logging_mixin.py:190} INFO - [2025-10-06T21:02:20.218+0000] {dagbag.py:588} INFO - Filling up the DagBag from /home/airflow/.local/lib/python3.12/site-packages/airflow/example_dags/example_setup_teardown_taskflow.py
[2025-10-06T21:02:20.233+0000] {processor.py:925} INFO - DAG(s) 'example_setup_teardown_taskflow' retrieved from /home/airflow/.local/lib/python3.12/site-packages/airflow/example_dags/example_setup_teardown_taskflow.py
[2025-10-06T21:02:20.265+0000] {logging_mixin.py:190} INFO - [2025-10-06T21:02:20.265+0000] {dag.py:3239} INFO - Sync 1 DAGs
[2025-10-06T21:02:20.284+0000] {logging_mixin.py:190} INFO - [2025-10-06T21:02:20.284+0000] {dag.py:4180} INFO - Setting next_dagrun for example_setup_teardown_taskflow to None, run_after=None
[2025-10-06T21:02:20.310+0000] {processor.py:208} INFO - Processing /home/airflow/.local/lib/python3.12/site-packages/airflow/example_dags/example_setup_teardown_taskflow.py took 0.107 seconds
[2025-10-06T21:02:54.259+0000] {processor.py:186} INFO - Started process (PID=1224) to work on /home/airflow/.local/lib/python3.12/site-packages/airflow/example_dags/example_setup_teardown_taskflow.py
[2025-10-06T21:02:54.263+0000] {processor.py:914} INFO - Processing file /home/airflow/.local/lib/python3.12/site-packages/airflow/example_dags/example_setup_teardown_taskflow.py for tasks to queue
[2025-10-06T21:02:54.267+0000] {logging_mixin.py:190} INFO - [2025-10-06T21:02:54.267+0000] {dagbag.py:588} INFO - Filling up the DagBag from /home/airflow/.local/lib/python3.12/site-packages/airflow/example_dags/example_setup_teardown_taskflow.py
[2025-10-06T21:02:54.283+0000] {processor.py:925} INFO - DAG(s) 'example_setup_teardown_taskflow' retrieved from /home/airflow/.local/lib/python3.12/site-packages/airflow/example_dags/example_setup_teardown_taskflow.py
[2025-10-06T21:02:54.314+0000] {logging_mixin.py:190} INFO - [2025-10-06T21:02:54.314+0000] {dag.py:3239} INFO - Sync 1 DAGs
[2025-10-06T21:02:54.337+0000] {logging_mixin.py:190} INFO - [2025-10-06T21:02:54.337+0000] {dag.py:4180} INFO - Setting next_dagrun for example_setup_teardown_taskflow to None, run_after=None
[2025-10-06T21:02:54.368+0000] {processor.py:208} INFO - Processing /home/airflow/.local/lib/python3.12/site-packages/airflow/example_dags/example_setup_teardown_taskflow.py took 0.120 seconds
[2025-10-06T21:03:25.516+0000] {processor.py:186} INFO - Started process (PID=1287) to work on /home/airflow/.local/lib/python3.12/site-packages/airflow/example_dags/example_setup_teardown_taskflow.py
[2025-10-06T21:03:25.517+0000] {processor.py:914} INFO - Processing file /home/airflow/.local/lib/python3.12/site-packages/airflow/example_dags/example_setup_teardown_taskflow.py for tasks to queue
[2025-10-06T21:03:25.522+0000] {logging_mixin.py:190} INFO - [2025-10-06T21:03:25.521+0000] {dagbag.py:588} INFO - Filling up the DagBag from /home/airflow/.local/lib/python3.12/site-packages/airflow/example_dags/example_setup_teardown_taskflow.py
[2025-10-06T21:03:25.543+0000] {processor.py:925} INFO - DAG(s) 'example_setup_teardown_taskflow' retrieved from /home/airflow/.local/lib/python3.12/site-packages/airflow/example_dags/example_setup_teardown_taskflow.py
[2025-10-06T21:03:25.593+0000] {logging_mixin.py:190} INFO - [2025-10-06T21:03:25.592+0000] {dag.py:3239} INFO - Sync 1 DAGs
[2025-10-06T21:03:25.633+0000] {logging_mixin.py:190} INFO - [2025-10-06T21:03:25.633+0000] {dag.py:4180} INFO - Setting next_dagrun for example_setup_teardown_taskflow to None, run_after=None
[2025-10-06T21:03:25.683+0000] {processor.py:208} INFO - Processing /home/airflow/.local/lib/python3.12/site-packages/airflow/example_dags/example_setup_teardown_taskflow.py took 0.179 seconds
[2025-10-06T21:03:55.903+0000] {processor.py:186} INFO - Started process (PID=1350) to work on /home/airflow/.local/lib/python3.12/site-packages/airflow/example_dags/example_setup_teardown_taskflow.py
[2025-10-06T21:03:55.904+0000] {processor.py:914} INFO - Processing file /home/airflow/.local/lib/python3.12/site-packages/airflow/example_dags/example_setup_teardown_taskflow.py for tasks to queue
[2025-10-06T21:03:55.907+0000] {logging_mixin.py:190} INFO - [2025-10-06T21:03:55.907+0000] {dagbag.py:588} INFO - Filling up the DagBag from /home/airflow/.local/lib/python3.12/site-packages/airflow/example_dags/example_setup_teardown_taskflow.py
[2025-10-06T21:03:55.919+0000] {processor.py:925} INFO - DAG(s) 'example_setup_teardown_taskflow' retrieved from /home/airflow/.local/lib/python3.12/site-packages/airflow/example_dags/example_setup_teardown_taskflow.py
[2025-10-06T21:03:55.942+0000] {logging_mixin.py:190} INFO - [2025-10-06T21:03:55.942+0000] {dag.py:3239} INFO - Sync 1 DAGs
[2025-10-06T21:03:55.958+0000] {logging_mixin.py:190} INFO - [2025-10-06T21:03:55.957+0000] {dag.py:4180} INFO - Setting next_dagrun for example_setup_teardown_taskflow to None, run_after=None
[2025-10-06T21:03:55.989+0000] {processor.py:208} INFO - Processing /home/airflow/.local/lib/python3.12/site-packages/airflow/example_dags/example_setup_teardown_taskflow.py took 0.092 seconds
[2025-10-06T21:04:26.257+0000] {processor.py:186} INFO - Started process (PID=1413) to work on /home/airflow/.local/lib/python3.12/site-packages/airflow/example_dags/example_setup_teardown_taskflow.py
[2025-10-06T21:04:26.258+0000] {processor.py:914} INFO - Processing file /home/airflow/.local/lib/python3.12/site-packages/airflow/example_dags/example_setup_teardown_taskflow.py for tasks to queue
[2025-10-06T21:04:26.261+0000] {logging_mixin.py:190} INFO - [2025-10-06T21:04:26.261+0000] {dagbag.py:588} INFO - Filling up the DagBag from /home/airflow/.local/lib/python3.12/site-packages/airflow/example_dags/example_setup_teardown_taskflow.py
[2025-10-06T21:04:26.273+0000] {processor.py:925} INFO - DAG(s) 'example_setup_teardown_taskflow' retrieved from /home/airflow/.local/lib/python3.12/site-packages/airflow/example_dags/example_setup_teardown_taskflow.py
[2025-10-06T21:04:26.296+0000] {logging_mixin.py:190} INFO - [2025-10-06T21:04:26.295+0000] {dag.py:3239} INFO - Sync 1 DAGs
[2025-10-06T21:04:26.310+0000] {logging_mixin.py:190} INFO - [2025-10-06T21:04:26.310+0000] {dag.py:4180} INFO - Setting next_dagrun for example_setup_teardown_taskflow to None, run_after=None
[2025-10-06T21:04:26.331+0000] {processor.py:208} INFO - Processing /home/airflow/.local/lib/python3.12/site-packages/airflow/example_dags/example_setup_teardown_taskflow.py took 0.081 seconds
[2025-10-06T21:04:56.742+0000] {processor.py:186} INFO - Started process (PID=1476) to work on /home/airflow/.local/lib/python3.12/site-packages/airflow/example_dags/example_setup_teardown_taskflow.py
[2025-10-06T21:04:56.743+0000] {processor.py:914} INFO - Processing file /home/airflow/.local/lib/python3.12/site-packages/airflow/example_dags/example_setup_teardown_taskflow.py for tasks to queue
[2025-10-06T21:04:56.746+0000] {logging_mixin.py:190} INFO - [2025-10-06T21:04:56.746+0000] {dagbag.py:588} INFO - Filling up the DagBag from /home/airflow/.local/lib/python3.12/site-packages/airflow/example_dags/example_setup_teardown_taskflow.py
[2025-10-06T21:04:56.760+0000] {processor.py:925} INFO - DAG(s) 'example_setup_teardown_taskflow' retrieved from /home/airflow/.local/lib/python3.12/site-packages/airflow/example_dags/example_setup_teardown_taskflow.py
[2025-10-06T21:04:56.789+0000] {logging_mixin.py:190} INFO - [2025-10-06T21:04:56.789+0000] {dag.py:3239} INFO - Sync 1 DAGs
[2025-10-06T21:04:56.806+0000] {logging_mixin.py:190} INFO - [2025-10-06T21:04:56.806+0000] {dag.py:4180} INFO - Setting next_dagrun for example_setup_teardown_taskflow to None, run_after=None
[2025-10-06T21:04:56.829+0000] {processor.py:208} INFO - Processing /home/airflow/.local/lib/python3.12/site-packages/airflow/example_dags/example_setup_teardown_taskflow.py took 0.094 seconds
[2025-10-06T21:05:26.892+0000] {processor.py:186} INFO - Started process (PID=1539) to work on /home/airflow/.local/lib/python3.12/site-packages/airflow/example_dags/example_setup_teardown_taskflow.py
[2025-10-06T21:05:26.894+0000] {processor.py:914} INFO - Processing file /home/airflow/.local/lib/python3.12/site-packages/airflow/example_dags/example_setup_teardown_taskflow.py for tasks to queue
[2025-10-06T21:05:26.897+0000] {logging_mixin.py:190} INFO - [2025-10-06T21:05:26.896+0000] {dagbag.py:588} INFO - Filling up the DagBag from /home/airflow/.local/lib/python3.12/site-packages/airflow/example_dags/example_setup_teardown_taskflow.py
[2025-10-06T21:05:26.908+0000] {processor.py:925} INFO - DAG(s) 'example_setup_teardown_taskflow' retrieved from /home/airflow/.local/lib/python3.12/site-packages/airflow/example_dags/example_setup_teardown_taskflow.py
[2025-10-06T21:05:26.932+0000] {logging_mixin.py:190} INFO - [2025-10-06T21:05:26.932+0000] {dag.py:3239} INFO - Sync 1 DAGs
[2025-10-06T21:05:26.949+0000] {logging_mixin.py:190} INFO - [2025-10-06T21:05:26.949+0000] {dag.py:4180} INFO - Setting next_dagrun for example_setup_teardown_taskflow to None, run_after=None
[2025-10-06T21:05:26.971+0000] {processor.py:208} INFO - Processing /home/airflow/.local/lib/python3.12/site-packages/airflow/example_dags/example_setup_teardown_taskflow.py took 0.085 seconds
[2025-10-06T21:05:57.084+0000] {processor.py:186} INFO - Started process (PID=1604) to work on /home/airflow/.local/lib/python3.12/site-packages/airflow/example_dags/example_setup_teardown_taskflow.py
[2025-10-06T21:05:57.085+0000] {processor.py:914} INFO - Processing file /home/airflow/.local/lib/python3.12/site-packages/airflow/example_dags/example_setup_teardown_taskflow.py for tasks to queue
[2025-10-06T21:05:57.088+0000] {logging_mixin.py:190} INFO - [2025-10-06T21:05:57.087+0000] {dagbag.py:588} INFO - Filling up the DagBag from /home/airflow/.local/lib/python3.12/site-packages/airflow/example_dags/example_setup_teardown_taskflow.py
[2025-10-06T21:05:57.099+0000] {processor.py:925} INFO - DAG(s) 'example_setup_teardown_taskflow' retrieved from /home/airflow/.local/lib/python3.12/site-packages/airflow/example_dags/example_setup_teardown_taskflow.py
[2025-10-06T21:05:57.125+0000] {logging_mixin.py:190} INFO - [2025-10-06T21:05:57.125+0000] {dag.py:3239} INFO - Sync 1 DAGs
[2025-10-06T21:05:57.141+0000] {logging_mixin.py:190} INFO - [2025-10-06T21:05:57.141+0000] {dag.py:4180} INFO - Setting next_dagrun for example_setup_teardown_taskflow to None, run_after=None
[2025-10-06T21:05:57.164+0000] {processor.py:208} INFO - Processing /home/airflow/.local/lib/python3.12/site-packages/airflow/example_dags/example_setup_teardown_taskflow.py took 0.089 seconds
[2025-10-06T21:06:28.644+0000] {processor.py:186} INFO - Started process (PID=1662) to work on /home/airflow/.local/lib/python3.12/site-packages/airflow/example_dags/example_setup_teardown_taskflow.py
[2025-10-06T21:06:28.645+0000] {processor.py:914} INFO - Processing file /home/airflow/.local/lib/python3.12/site-packages/airflow/example_dags/example_setup_teardown_taskflow.py for tasks to queue
[2025-10-06T21:06:28.649+0000] {logging_mixin.py:190} INFO - [2025-10-06T21:06:28.648+0000] {dagbag.py:588} INFO - Filling up the DagBag from /home/airflow/.local/lib/python3.12/site-packages/airflow/example_dags/example_setup_teardown_taskflow.py
[2025-10-06T21:06:28.671+0000] {processor.py:925} INFO - DAG(s) 'example_setup_teardown_taskflow' retrieved from /home/airflow/.local/lib/python3.12/site-packages/airflow/example_dags/example_setup_teardown_taskflow.py
[2025-10-06T21:06:28.711+0000] {logging_mixin.py:190} INFO - [2025-10-06T21:06:28.711+0000] {dag.py:3239} INFO - Sync 1 DAGs
[2025-10-06T21:06:28.738+0000] {logging_mixin.py:190} INFO - [2025-10-06T21:06:28.737+0000] {dag.py:4180} INFO - Setting next_dagrun for example_setup_teardown_taskflow to None, run_after=None
[2025-10-06T21:06:28.766+0000] {processor.py:208} INFO - Processing /home/airflow/.local/lib/python3.12/site-packages/airflow/example_dags/example_setup_teardown_taskflow.py took 0.131 seconds
[2025-10-06T21:07:04.331+0000] {processor.py:186} INFO - Started process (PID=1725) to work on /home/airflow/.local/lib/python3.12/site-packages/airflow/example_dags/example_setup_teardown_taskflow.py
[2025-10-06T21:07:04.340+0000] {processor.py:914} INFO - Processing file /home/airflow/.local/lib/python3.12/site-packages/airflow/example_dags/example_setup_teardown_taskflow.py for tasks to queue
[2025-10-06T21:07:04.380+0000] {logging_mixin.py:190} INFO - [2025-10-06T21:07:04.379+0000] {dagbag.py:588} INFO - Filling up the DagBag from /home/airflow/.local/lib/python3.12/site-packages/airflow/example_dags/example_setup_teardown_taskflow.py
[2025-10-06T21:07:04.421+0000] {processor.py:925} INFO - DAG(s) 'example_setup_teardown_taskflow' retrieved from /home/airflow/.local/lib/python3.12/site-packages/airflow/example_dags/example_setup_teardown_taskflow.py
[2025-10-06T21:07:04.553+0000] {logging_mixin.py:190} INFO - [2025-10-06T21:07:04.551+0000] {dag.py:3239} INFO - Sync 1 DAGs
[2025-10-06T21:07:04.615+0000] {logging_mixin.py:190} INFO - [2025-10-06T21:07:04.614+0000] {dag.py:4180} INFO - Setting next_dagrun for example_setup_teardown_taskflow to None, run_after=None
[2025-10-06T21:07:04.712+0000] {processor.py:208} INFO - Processing /home/airflow/.local/lib/python3.12/site-packages/airflow/example_dags/example_setup_teardown_taskflow.py took 0.404 seconds
[2025-10-06T21:07:35.399+0000] {processor.py:186} INFO - Started process (PID=1788) to work on /home/airflow/.local/lib/python3.12/site-packages/airflow/example_dags/example_setup_teardown_taskflow.py
[2025-10-06T21:07:35.400+0000] {processor.py:914} INFO - Processing file /home/airflow/.local/lib/python3.12/site-packages/airflow/example_dags/example_setup_teardown_taskflow.py for tasks to queue
[2025-10-06T21:07:35.404+0000] {logging_mixin.py:190} INFO - [2025-10-06T21:07:35.403+0000] {dagbag.py:588} INFO - Filling up the DagBag from /home/airflow/.local/lib/python3.12/site-packages/airflow/example_dags/example_setup_teardown_taskflow.py
[2025-10-06T21:07:35.421+0000] {processor.py:925} INFO - DAG(s) 'example_setup_teardown_taskflow' retrieved from /home/airflow/.local/lib/python3.12/site-packages/airflow/example_dags/example_setup_teardown_taskflow.py
[2025-10-06T21:07:35.449+0000] {logging_mixin.py:190} INFO - [2025-10-06T21:07:35.449+0000] {dag.py:3239} INFO - Sync 1 DAGs
[2025-10-06T21:07:35.465+0000] {logging_mixin.py:190} INFO - [2025-10-06T21:07:35.465+0000] {dag.py:4180} INFO - Setting next_dagrun for example_setup_teardown_taskflow to None, run_after=None
[2025-10-06T21:07:35.491+0000] {processor.py:208} INFO - Processing /home/airflow/.local/lib/python3.12/site-packages/airflow/example_dags/example_setup_teardown_taskflow.py took 0.101 seconds
[2025-10-06T21:08:05.536+0000] {processor.py:186} INFO - Started process (PID=1850) to work on /home/airflow/.local/lib/python3.12/site-packages/airflow/example_dags/example_setup_teardown_taskflow.py
[2025-10-06T21:08:05.537+0000] {processor.py:914} INFO - Processing file /home/airflow/.local/lib/python3.12/site-packages/airflow/example_dags/example_setup_teardown_taskflow.py for tasks to queue
[2025-10-06T21:08:05.540+0000] {logging_mixin.py:190} INFO - [2025-10-06T21:08:05.539+0000] {dagbag.py:588} INFO - Filling up the DagBag from /home/airflow/.local/lib/python3.12/site-packages/airflow/example_dags/example_setup_teardown_taskflow.py
[2025-10-06T21:08:05.552+0000] {processor.py:925} INFO - DAG(s) 'example_setup_teardown_taskflow' retrieved from /home/airflow/.local/lib/python3.12/site-packages/airflow/example_dags/example_setup_teardown_taskflow.py
[2025-10-06T21:08:05.575+0000] {logging_mixin.py:190} INFO - [2025-10-06T21:08:05.575+0000] {dag.py:3239} INFO - Sync 1 DAGs
[2025-10-06T21:08:05.589+0000] {logging_mixin.py:190} INFO - [2025-10-06T21:08:05.589+0000] {dag.py:4180} INFO - Setting next_dagrun for example_setup_teardown_taskflow to None, run_after=None
[2025-10-06T21:08:05.610+0000] {processor.py:208} INFO - Processing /home/airflow/.local/lib/python3.12/site-packages/airflow/example_dags/example_setup_teardown_taskflow.py took 0.079 seconds
[2025-10-06T21:08:36.125+0000] {processor.py:186} INFO - Started process (PID=1913) to work on /home/airflow/.local/lib/python3.12/site-packages/airflow/example_dags/example_setup_teardown_taskflow.py
[2025-10-06T21:08:36.126+0000] {processor.py:914} INFO - Processing file /home/airflow/.local/lib/python3.12/site-packages/airflow/example_dags/example_setup_teardown_taskflow.py for tasks to queue
[2025-10-06T21:08:36.130+0000] {logging_mixin.py:190} INFO - [2025-10-06T21:08:36.130+0000] {dagbag.py:588} INFO - Filling up the DagBag from /home/airflow/.local/lib/python3.12/site-packages/airflow/example_dags/example_setup_teardown_taskflow.py
[2025-10-06T21:08:36.145+0000] {processor.py:925} INFO - DAG(s) 'example_setup_teardown_taskflow' retrieved from /home/airflow/.local/lib/python3.12/site-packages/airflow/example_dags/example_setup_teardown_taskflow.py
[2025-10-06T21:08:36.170+0000] {logging_mixin.py:190} INFO - [2025-10-06T21:08:36.170+0000] {dag.py:3239} INFO - Sync 1 DAGs
[2025-10-06T21:08:36.186+0000] {logging_mixin.py:190} INFO - [2025-10-06T21:08:36.186+0000] {dag.py:4180} INFO - Setting next_dagrun for example_setup_teardown_taskflow to None, run_after=None
[2025-10-06T21:08:36.208+0000] {processor.py:208} INFO - Processing /home/airflow/.local/lib/python3.12/site-packages/airflow/example_dags/example_setup_teardown_taskflow.py took 0.090 seconds
[2025-10-06T21:09:06.416+0000] {processor.py:186} INFO - Started process (PID=1976) to work on /home/airflow/.local/lib/python3.12/site-packages/airflow/example_dags/example_setup_teardown_taskflow.py
[2025-10-06T21:09:06.418+0000] {processor.py:914} INFO - Processing file /home/airflow/.local/lib/python3.12/site-packages/airflow/example_dags/example_setup_teardown_taskflow.py for tasks to queue
[2025-10-06T21:09:06.421+0000] {logging_mixin.py:190} INFO - [2025-10-06T21:09:06.421+0000] {dagbag.py:588} INFO - Filling up the DagBag from /home/airflow/.local/lib/python3.12/site-packages/airflow/example_dags/example_setup_teardown_taskflow.py
[2025-10-06T21:09:06.433+0000] {processor.py:925} INFO - DAG(s) 'example_setup_teardown_taskflow' retrieved from /home/airflow/.local/lib/python3.12/site-packages/airflow/example_dags/example_setup_teardown_taskflow.py
[2025-10-06T21:09:06.460+0000] {logging_mixin.py:190} INFO - [2025-10-06T21:09:06.460+0000] {dag.py:3239} INFO - Sync 1 DAGs
[2025-10-06T21:09:06.485+0000] {logging_mixin.py:190} INFO - [2025-10-06T21:09:06.484+0000] {dag.py:4180} INFO - Setting next_dagrun for example_setup_teardown_taskflow to None, run_after=None
[2025-10-06T21:09:06.539+0000] {processor.py:208} INFO - Processing /home/airflow/.local/lib/python3.12/site-packages/airflow/example_dags/example_setup_teardown_taskflow.py took 0.130 seconds
[2025-10-06T21:09:37.414+0000] {processor.py:186} INFO - Started process (PID=2040) to work on /home/airflow/.local/lib/python3.12/site-packages/airflow/example_dags/example_setup_teardown_taskflow.py
[2025-10-06T21:09:37.415+0000] {processor.py:914} INFO - Processing file /home/airflow/.local/lib/python3.12/site-packages/airflow/example_dags/example_setup_teardown_taskflow.py for tasks to queue
[2025-10-06T21:09:37.420+0000] {logging_mixin.py:190} INFO - [2025-10-06T21:09:37.419+0000] {dagbag.py:588} INFO - Filling up the DagBag from /home/airflow/.local/lib/python3.12/site-packages/airflow/example_dags/example_setup_teardown_taskflow.py
[2025-10-06T21:09:37.434+0000] {processor.py:925} INFO - DAG(s) 'example_setup_teardown_taskflow' retrieved from /home/airflow/.local/lib/python3.12/site-packages/airflow/example_dags/example_setup_teardown_taskflow.py
[2025-10-06T21:09:37.463+0000] {logging_mixin.py:190} INFO - [2025-10-06T21:09:37.462+0000] {dag.py:3239} INFO - Sync 1 DAGs
[2025-10-06T21:09:37.484+0000] {logging_mixin.py:190} INFO - [2025-10-06T21:09:37.484+0000] {dag.py:4180} INFO - Setting next_dagrun for example_setup_teardown_taskflow to None, run_after=None
[2025-10-06T21:09:37.510+0000] {processor.py:208} INFO - Processing /home/airflow/.local/lib/python3.12/site-packages/airflow/example_dags/example_setup_teardown_taskflow.py took 0.104 seconds
[2025-10-06T21:10:08.567+0000] {processor.py:186} INFO - Started process (PID=2103) to work on /home/airflow/.local/lib/python3.12/site-packages/airflow/example_dags/example_setup_teardown_taskflow.py
[2025-10-06T21:10:08.568+0000] {processor.py:914} INFO - Processing file /home/airflow/.local/lib/python3.12/site-packages/airflow/example_dags/example_setup_teardown_taskflow.py for tasks to queue
[2025-10-06T21:10:08.571+0000] {logging_mixin.py:190} INFO - [2025-10-06T21:10:08.570+0000] {dagbag.py:588} INFO - Filling up the DagBag from /home/airflow/.local/lib/python3.12/site-packages/airflow/example_dags/example_setup_teardown_taskflow.py
[2025-10-06T21:10:08.584+0000] {processor.py:925} INFO - DAG(s) 'example_setup_teardown_taskflow' retrieved from /home/airflow/.local/lib/python3.12/site-packages/airflow/example_dags/example_setup_teardown_taskflow.py
[2025-10-06T21:10:08.611+0000] {logging_mixin.py:190} INFO - [2025-10-06T21:10:08.610+0000] {dag.py:3239} INFO - Sync 1 DAGs
[2025-10-06T21:10:08.631+0000] {logging_mixin.py:190} INFO - [2025-10-06T21:10:08.630+0000] {dag.py:4180} INFO - Setting next_dagrun for example_setup_teardown_taskflow to None, run_after=None
[2025-10-06T21:10:08.657+0000] {processor.py:208} INFO - Processing /home/airflow/.local/lib/python3.12/site-packages/airflow/example_dags/example_setup_teardown_taskflow.py took 0.097 seconds
[2025-10-06T21:10:41.100+0000] {processor.py:186} INFO - Started process (PID=2166) to work on /home/airflow/.local/lib/python3.12/site-packages/airflow/example_dags/example_setup_teardown_taskflow.py
[2025-10-06T21:10:41.102+0000] {processor.py:914} INFO - Processing file /home/airflow/.local/lib/python3.12/site-packages/airflow/example_dags/example_setup_teardown_taskflow.py for tasks to queue
[2025-10-06T21:10:41.106+0000] {logging_mixin.py:190} INFO - [2025-10-06T21:10:41.105+0000] {dagbag.py:588} INFO - Filling up the DagBag from /home/airflow/.local/lib/python3.12/site-packages/airflow/example_dags/example_setup_teardown_taskflow.py
[2025-10-06T21:10:41.119+0000] {processor.py:925} INFO - DAG(s) 'example_setup_teardown_taskflow' retrieved from /home/airflow/.local/lib/python3.12/site-packages/airflow/example_dags/example_setup_teardown_taskflow.py
[2025-10-06T21:10:41.153+0000] {logging_mixin.py:190} INFO - [2025-10-06T21:10:41.152+0000] {dag.py:3239} INFO - Sync 1 DAGs
[2025-10-06T21:10:41.171+0000] {logging_mixin.py:190} INFO - [2025-10-06T21:10:41.171+0000] {dag.py:4180} INFO - Setting next_dagrun for example_setup_teardown_taskflow to None, run_after=None
[2025-10-06T21:10:41.196+0000] {processor.py:208} INFO - Processing /home/airflow/.local/lib/python3.12/site-packages/airflow/example_dags/example_setup_teardown_taskflow.py took 0.105 seconds
[2025-10-06T21:11:11.943+0000] {processor.py:186} INFO - Started process (PID=2230) to work on /home/airflow/.local/lib/python3.12/site-packages/airflow/example_dags/example_setup_teardown_taskflow.py
[2025-10-06T21:11:11.944+0000] {processor.py:914} INFO - Processing file /home/airflow/.local/lib/python3.12/site-packages/airflow/example_dags/example_setup_teardown_taskflow.py for tasks to queue
[2025-10-06T21:11:11.947+0000] {logging_mixin.py:190} INFO - [2025-10-06T21:11:11.946+0000] {dagbag.py:588} INFO - Filling up the DagBag from /home/airflow/.local/lib/python3.12/site-packages/airflow/example_dags/example_setup_teardown_taskflow.py
[2025-10-06T21:11:11.958+0000] {processor.py:925} INFO - DAG(s) 'example_setup_teardown_taskflow' retrieved from /home/airflow/.local/lib/python3.12/site-packages/airflow/example_dags/example_setup_teardown_taskflow.py
[2025-10-06T21:11:11.984+0000] {logging_mixin.py:190} INFO - [2025-10-06T21:11:11.984+0000] {dag.py:3239} INFO - Sync 1 DAGs
[2025-10-06T21:11:12.000+0000] {logging_mixin.py:190} INFO - [2025-10-06T21:11:12.000+0000] {dag.py:4180} INFO - Setting next_dagrun for example_setup_teardown_taskflow to None, run_after=None
[2025-10-06T21:11:12.023+0000] {processor.py:208} INFO - Processing /home/airflow/.local/lib/python3.12/site-packages/airflow/example_dags/example_setup_teardown_taskflow.py took 0.089 seconds
[2025-10-06T21:11:43.722+0000] {processor.py:186} INFO - Started process (PID=2293) to work on /home/airflow/.local/lib/python3.12/site-packages/airflow/example_dags/example_setup_teardown_taskflow.py
[2025-10-06T21:11:43.723+0000] {processor.py:914} INFO - Processing file /home/airflow/.local/lib/python3.12/site-packages/airflow/example_dags/example_setup_teardown_taskflow.py for tasks to queue
[2025-10-06T21:11:43.726+0000] {logging_mixin.py:190} INFO - [2025-10-06T21:11:43.726+0000] {dagbag.py:588} INFO - Filling up the DagBag from /home/airflow/.local/lib/python3.12/site-packages/airflow/example_dags/example_setup_teardown_taskflow.py
[2025-10-06T21:11:43.738+0000] {processor.py:925} INFO - DAG(s) 'example_setup_teardown_taskflow' retrieved from /home/airflow/.local/lib/python3.12/site-packages/airflow/example_dags/example_setup_teardown_taskflow.py
[2025-10-06T21:11:43.765+0000] {logging_mixin.py:190} INFO - [2025-10-06T21:11:43.765+0000] {dag.py:3239} INFO - Sync 1 DAGs
[2025-10-06T21:11:43.783+0000] {logging_mixin.py:190} INFO - [2025-10-06T21:11:43.783+0000] {dag.py:4180} INFO - Setting next_dagrun for example_setup_teardown_taskflow to None, run_after=None
[2025-10-06T21:11:43.807+0000] {processor.py:208} INFO - Processing /home/airflow/.local/lib/python3.12/site-packages/airflow/example_dags/example_setup_teardown_taskflow.py took 0.091 seconds
[2025-10-06T21:12:15.466+0000] {processor.py:186} INFO - Started process (PID=2356) to work on /home/airflow/.local/lib/python3.12/site-packages/airflow/example_dags/example_setup_teardown_taskflow.py
[2025-10-06T21:12:15.467+0000] {processor.py:914} INFO - Processing file /home/airflow/.local/lib/python3.12/site-packages/airflow/example_dags/example_setup_teardown_taskflow.py for tasks to queue
[2025-10-06T21:12:15.470+0000] {logging_mixin.py:190} INFO - [2025-10-06T21:12:15.470+0000] {dagbag.py:588} INFO - Filling up the DagBag from /home/airflow/.local/lib/python3.12/site-packages/airflow/example_dags/example_setup_teardown_taskflow.py
[2025-10-06T21:12:15.484+0000] {processor.py:925} INFO - DAG(s) 'example_setup_teardown_taskflow' retrieved from /home/airflow/.local/lib/python3.12/site-packages/airflow/example_dags/example_setup_teardown_taskflow.py
[2025-10-06T21:12:15.515+0000] {logging_mixin.py:190} INFO - [2025-10-06T21:12:15.514+0000] {dag.py:3239} INFO - Sync 1 DAGs
[2025-10-06T21:12:15.535+0000] {logging_mixin.py:190} INFO - [2025-10-06T21:12:15.534+0000] {dag.py:4180} INFO - Setting next_dagrun for example_setup_teardown_taskflow to None, run_after=None
[2025-10-06T21:12:15.560+0000] {processor.py:208} INFO - Processing /home/airflow/.local/lib/python3.12/site-packages/airflow/example_dags/example_setup_teardown_taskflow.py took 0.101 seconds
[2025-10-06T21:12:50.526+0000] {processor.py:186} INFO - Started process (PID=2419) to work on /home/airflow/.local/lib/python3.12/site-packages/airflow/example_dags/example_setup_teardown_taskflow.py
[2025-10-06T21:12:50.530+0000] {processor.py:914} INFO - Processing file /home/airflow/.local/lib/python3.12/site-packages/airflow/example_dags/example_setup_teardown_taskflow.py for tasks to queue
[2025-10-06T21:12:50.536+0000] {logging_mixin.py:190} INFO - [2025-10-06T21:12:50.536+0000] {dagbag.py:588} INFO - Filling up the DagBag from /home/airflow/.local/lib/python3.12/site-packages/airflow/example_dags/example_setup_teardown_taskflow.py
[2025-10-06T21:12:50.559+0000] {processor.py:925} INFO - DAG(s) 'example_setup_teardown_taskflow' retrieved from /home/airflow/.local/lib/python3.12/site-packages/airflow/example_dags/example_setup_teardown_taskflow.py
[2025-10-06T21:12:50.606+0000] {logging_mixin.py:190} INFO - [2025-10-06T21:12:50.605+0000] {dag.py:3239} INFO - Sync 1 DAGs
[2025-10-06T21:12:50.636+0000] {logging_mixin.py:190} INFO - [2025-10-06T21:12:50.635+0000] {dag.py:4180} INFO - Setting next_dagrun for example_setup_teardown_taskflow to None, run_after=None
[2025-10-06T21:12:50.673+0000] {processor.py:208} INFO - Processing /home/airflow/.local/lib/python3.12/site-packages/airflow/example_dags/example_setup_teardown_taskflow.py took 0.159 seconds
[2025-10-06T21:13:20.880+0000] {processor.py:186} INFO - Started process (PID=2482) to work on /home/airflow/.local/lib/python3.12/site-packages/airflow/example_dags/example_setup_teardown_taskflow.py
[2025-10-06T21:13:20.881+0000] {processor.py:914} INFO - Processing file /home/airflow/.local/lib/python3.12/site-packages/airflow/example_dags/example_setup_teardown_taskflow.py for tasks to queue
[2025-10-06T21:13:20.884+0000] {logging_mixin.py:190} INFO - [2025-10-06T21:13:20.883+0000] {dagbag.py:588} INFO - Filling up the DagBag from /home/airflow/.local/lib/python3.12/site-packages/airflow/example_dags/example_setup_teardown_taskflow.py
[2025-10-06T21:13:20.897+0000] {processor.py:925} INFO - DAG(s) 'example_setup_teardown_taskflow' retrieved from /home/airflow/.local/lib/python3.12/site-packages/airflow/example_dags/example_setup_teardown_taskflow.py
[2025-10-06T21:13:20.921+0000] {logging_mixin.py:190} INFO - [2025-10-06T21:13:20.921+0000] {dag.py:3239} INFO - Sync 1 DAGs
[2025-10-06T21:13:20.939+0000] {logging_mixin.py:190} INFO - [2025-10-06T21:13:20.938+0000] {dag.py:4180} INFO - Setting next_dagrun for example_setup_teardown_taskflow to None, run_after=None
[2025-10-06T21:13:20.965+0000] {processor.py:208} INFO - Processing /home/airflow/.local/lib/python3.12/site-packages/airflow/example_dags/example_setup_teardown_taskflow.py took 0.093 seconds
[2025-10-06T21:13:51.609+0000] {processor.py:186} INFO - Started process (PID=2545) to work on /home/airflow/.local/lib/python3.12/site-packages/airflow/example_dags/example_setup_teardown_taskflow.py
[2025-10-06T21:13:51.610+0000] {processor.py:914} INFO - Processing file /home/airflow/.local/lib/python3.12/site-packages/airflow/example_dags/example_setup_teardown_taskflow.py for tasks to queue
[2025-10-06T21:13:51.614+0000] {logging_mixin.py:190} INFO - [2025-10-06T21:13:51.614+0000] {dagbag.py:588} INFO - Filling up the DagBag from /home/airflow/.local/lib/python3.12/site-packages/airflow/example_dags/example_setup_teardown_taskflow.py
[2025-10-06T21:13:51.632+0000] {processor.py:925} INFO - DAG(s) 'example_setup_teardown_taskflow' retrieved from /home/airflow/.local/lib/python3.12/site-packages/airflow/example_dags/example_setup_teardown_taskflow.py
[2025-10-06T21:13:51.664+0000] {logging_mixin.py:190} INFO - [2025-10-06T21:13:51.664+0000] {dag.py:3239} INFO - Sync 1 DAGs
[2025-10-06T21:13:51.685+0000] {logging_mixin.py:190} INFO - [2025-10-06T21:13:51.685+0000] {dag.py:4180} INFO - Setting next_dagrun for example_setup_teardown_taskflow to None, run_after=None
[2025-10-06T21:13:51.722+0000] {processor.py:208} INFO - Processing /home/airflow/.local/lib/python3.12/site-packages/airflow/example_dags/example_setup_teardown_taskflow.py took 0.124 seconds
[2025-10-06T21:14:21.915+0000] {processor.py:186} INFO - Started process (PID=2608) to work on /home/airflow/.local/lib/python3.12/site-packages/airflow/example_dags/example_setup_teardown_taskflow.py
[2025-10-06T21:14:21.917+0000] {processor.py:914} INFO - Processing file /home/airflow/.local/lib/python3.12/site-packages/airflow/example_dags/example_setup_teardown_taskflow.py for tasks to queue
[2025-10-06T21:14:21.921+0000] {logging_mixin.py:190} INFO - [2025-10-06T21:14:21.920+0000] {dagbag.py:588} INFO - Filling up the DagBag from /home/airflow/.local/lib/python3.12/site-packages/airflow/example_dags/example_setup_teardown_taskflow.py
[2025-10-06T21:14:21.934+0000] {processor.py:925} INFO - DAG(s) 'example_setup_teardown_taskflow' retrieved from /home/airflow/.local/lib/python3.12/site-packages/airflow/example_dags/example_setup_teardown_taskflow.py
[2025-10-06T21:14:21.959+0000] {logging_mixin.py:190} INFO - [2025-10-06T21:14:21.959+0000] {dag.py:3239} INFO - Sync 1 DAGs
[2025-10-06T21:14:21.975+0000] {logging_mixin.py:190} INFO - [2025-10-06T21:14:21.975+0000] {dag.py:4180} INFO - Setting next_dagrun for example_setup_teardown_taskflow to None, run_after=None
[2025-10-06T21:14:21.998+0000] {processor.py:208} INFO - Processing /home/airflow/.local/lib/python3.12/site-packages/airflow/example_dags/example_setup_teardown_taskflow.py took 0.090 seconds
[2025-10-06T21:14:52.371+0000] {processor.py:186} INFO - Started process (PID=2670) to work on /home/airflow/.local/lib/python3.12/site-packages/airflow/example_dags/example_setup_teardown_taskflow.py
[2025-10-06T21:14:52.372+0000] {processor.py:914} INFO - Processing file /home/airflow/.local/lib/python3.12/site-packages/airflow/example_dags/example_setup_teardown_taskflow.py for tasks to queue
[2025-10-06T21:14:52.376+0000] {logging_mixin.py:190} INFO - [2025-10-06T21:14:52.375+0000] {dagbag.py:588} INFO - Filling up the DagBag from /home/airflow/.local/lib/python3.12/site-packages/airflow/example_dags/example_setup_teardown_taskflow.py
[2025-10-06T21:14:52.390+0000] {processor.py:925} INFO - DAG(s) 'example_setup_teardown_taskflow' retrieved from /home/airflow/.local/lib/python3.12/site-packages/airflow/example_dags/example_setup_teardown_taskflow.py
[2025-10-06T21:14:52.419+0000] {logging_mixin.py:190} INFO - [2025-10-06T21:14:52.418+0000] {dag.py:3239} INFO - Sync 1 DAGs
[2025-10-06T21:14:52.441+0000] {logging_mixin.py:190} INFO - [2025-10-06T21:14:52.440+0000] {dag.py:4180} INFO - Setting next_dagrun for example_setup_teardown_taskflow to None, run_after=None
[2025-10-06T21:14:52.468+0000] {processor.py:208} INFO - Processing /home/airflow/.local/lib/python3.12/site-packages/airflow/example_dags/example_setup_teardown_taskflow.py took 0.106 seconds
[2025-10-06T21:15:23.384+0000] {processor.py:186} INFO - Started process (PID=2733) to work on /home/airflow/.local/lib/python3.12/site-packages/airflow/example_dags/example_setup_teardown_taskflow.py
[2025-10-06T21:15:23.387+0000] {processor.py:914} INFO - Processing file /home/airflow/.local/lib/python3.12/site-packages/airflow/example_dags/example_setup_teardown_taskflow.py for tasks to queue
[2025-10-06T21:15:23.394+0000] {logging_mixin.py:190} INFO - [2025-10-06T21:15:23.393+0000] {dagbag.py:588} INFO - Filling up the DagBag from /home/airflow/.local/lib/python3.12/site-packages/airflow/example_dags/example_setup_teardown_taskflow.py
[2025-10-06T21:15:23.416+0000] {processor.py:925} INFO - DAG(s) 'example_setup_teardown_taskflow' retrieved from /home/airflow/.local/lib/python3.12/site-packages/airflow/example_dags/example_setup_teardown_taskflow.py
[2025-10-06T21:15:23.453+0000] {logging_mixin.py:190} INFO - [2025-10-06T21:15:23.453+0000] {dag.py:3239} INFO - Sync 1 DAGs
[2025-10-06T21:15:23.486+0000] {logging_mixin.py:190} INFO - [2025-10-06T21:15:23.485+0000] {dag.py:4180} INFO - Setting next_dagrun for example_setup_teardown_taskflow to None, run_after=None
[2025-10-06T21:15:23.524+0000] {processor.py:208} INFO - Processing /home/airflow/.local/lib/python3.12/site-packages/airflow/example_dags/example_setup_teardown_taskflow.py took 0.151 seconds
[2025-10-06T21:15:54.291+0000] {processor.py:186} INFO - Started process (PID=2796) to work on /home/airflow/.local/lib/python3.12/site-packages/airflow/example_dags/example_setup_teardown_taskflow.py
[2025-10-06T21:15:54.293+0000] {processor.py:914} INFO - Processing file /home/airflow/.local/lib/python3.12/site-packages/airflow/example_dags/example_setup_teardown_taskflow.py for tasks to queue
[2025-10-06T21:15:54.296+0000] {logging_mixin.py:190} INFO - [2025-10-06T21:15:54.295+0000] {dagbag.py:588} INFO - Filling up the DagBag from /home/airflow/.local/lib/python3.12/site-packages/airflow/example_dags/example_setup_teardown_taskflow.py
[2025-10-06T21:15:54.311+0000] {processor.py:925} INFO - DAG(s) 'example_setup_teardown_taskflow' retrieved from /home/airflow/.local/lib/python3.12/site-packages/airflow/example_dags/example_setup_teardown_taskflow.py
[2025-10-06T21:15:54.348+0000] {logging_mixin.py:190} INFO - [2025-10-06T21:15:54.348+0000] {dag.py:3239} INFO - Sync 1 DAGs
[2025-10-06T21:15:54.366+0000] {logging_mixin.py:190} INFO - [2025-10-06T21:15:54.366+0000] {dag.py:4180} INFO - Setting next_dagrun for example_setup_teardown_taskflow to None, run_after=None
[2025-10-06T21:15:54.401+0000] {processor.py:208} INFO - Processing /home/airflow/.local/lib/python3.12/site-packages/airflow/example_dags/example_setup_teardown_taskflow.py took 0.117 seconds
[2025-10-06T21:16:26.480+0000] {processor.py:186} INFO - Started process (PID=2860) to work on /home/airflow/.local/lib/python3.12/site-packages/airflow/example_dags/example_setup_teardown_taskflow.py
[2025-10-06T21:16:26.482+0000] {processor.py:914} INFO - Processing file /home/airflow/.local/lib/python3.12/site-packages/airflow/example_dags/example_setup_teardown_taskflow.py for tasks to queue
[2025-10-06T21:16:26.485+0000] {logging_mixin.py:190} INFO - [2025-10-06T21:16:26.484+0000] {dagbag.py:588} INFO - Filling up the DagBag from /home/airflow/.local/lib/python3.12/site-packages/airflow/example_dags/example_setup_teardown_taskflow.py
[2025-10-06T21:16:26.499+0000] {processor.py:925} INFO - DAG(s) 'example_setup_teardown_taskflow' retrieved from /home/airflow/.local/lib/python3.12/site-packages/airflow/example_dags/example_setup_teardown_taskflow.py
[2025-10-06T21:16:26.523+0000] {logging_mixin.py:190} INFO - [2025-10-06T21:16:26.523+0000] {dag.py:3239} INFO - Sync 1 DAGs
[2025-10-06T21:16:26.540+0000] {logging_mixin.py:190} INFO - [2025-10-06T21:16:26.540+0000] {dag.py:4180} INFO - Setting next_dagrun for example_setup_teardown_taskflow to None, run_after=None
[2025-10-06T21:16:26.563+0000] {processor.py:208} INFO - Processing /home/airflow/.local/lib/python3.12/site-packages/airflow/example_dags/example_setup_teardown_taskflow.py took 0.091 seconds
[2025-10-06T21:17:00.104+0000] {processor.py:186} INFO - Started process (PID=2923) to work on /home/airflow/.local/lib/python3.12/site-packages/airflow/example_dags/example_setup_teardown_taskflow.py
[2025-10-06T21:17:00.106+0000] {processor.py:914} INFO - Processing file /home/airflow/.local/lib/python3.12/site-packages/airflow/example_dags/example_setup_teardown_taskflow.py for tasks to queue
[2025-10-06T21:17:00.109+0000] {logging_mixin.py:190} INFO - [2025-10-06T21:17:00.109+0000] {dagbag.py:588} INFO - Filling up the DagBag from /home/airflow/.local/lib/python3.12/site-packages/airflow/example_dags/example_setup_teardown_taskflow.py
[2025-10-06T21:17:00.127+0000] {processor.py:925} INFO - DAG(s) 'example_setup_teardown_taskflow' retrieved from /home/airflow/.local/lib/python3.12/site-packages/airflow/example_dags/example_setup_teardown_taskflow.py
[2025-10-06T21:17:00.158+0000] {logging_mixin.py:190} INFO - [2025-10-06T21:17:00.158+0000] {dag.py:3239} INFO - Sync 1 DAGs
[2025-10-06T21:17:00.175+0000] {logging_mixin.py:190} INFO - [2025-10-06T21:17:00.175+0000] {dag.py:4180} INFO - Setting next_dagrun for example_setup_teardown_taskflow to None, run_after=None
[2025-10-06T21:17:00.197+0000] {processor.py:208} INFO - Processing /home/airflow/.local/lib/python3.12/site-packages/airflow/example_dags/example_setup_teardown_taskflow.py took 0.102 seconds
[2025-10-06T21:17:30.712+0000] {processor.py:186} INFO - Started process (PID=2986) to work on /home/airflow/.local/lib/python3.12/site-packages/airflow/example_dags/example_setup_teardown_taskflow.py
[2025-10-06T21:17:30.714+0000] {processor.py:914} INFO - Processing file /home/airflow/.local/lib/python3.12/site-packages/airflow/example_dags/example_setup_teardown_taskflow.py for tasks to queue
[2025-10-06T21:17:30.718+0000] {logging_mixin.py:190} INFO - [2025-10-06T21:17:30.717+0000] {dagbag.py:588} INFO - Filling up the DagBag from /home/airflow/.local/lib/python3.12/site-packages/airflow/example_dags/example_setup_teardown_taskflow.py
[2025-10-06T21:17:30.737+0000] {processor.py:925} INFO - DAG(s) 'example_setup_teardown_taskflow' retrieved from /home/airflow/.local/lib/python3.12/site-packages/airflow/example_dags/example_setup_teardown_taskflow.py
[2025-10-06T21:17:30.768+0000] {logging_mixin.py:190} INFO - [2025-10-06T21:17:30.768+0000] {dag.py:3239} INFO - Sync 1 DAGs
[2025-10-06T21:17:30.787+0000] {logging_mixin.py:190} INFO - [2025-10-06T21:17:30.787+0000] {dag.py:4180} INFO - Setting next_dagrun for example_setup_teardown_taskflow to None, run_after=None
[2025-10-06T21:17:30.819+0000] {processor.py:208} INFO - Processing /home/airflow/.local/lib/python3.12/site-packages/airflow/example_dags/example_setup_teardown_taskflow.py took 0.118 seconds
[2025-10-06T21:18:01.349+0000] {processor.py:186} INFO - Started process (PID=3050) to work on /home/airflow/.local/lib/python3.12/site-packages/airflow/example_dags/example_setup_teardown_taskflow.py
[2025-10-06T21:18:01.350+0000] {processor.py:914} INFO - Processing file /home/airflow/.local/lib/python3.12/site-packages/airflow/example_dags/example_setup_teardown_taskflow.py for tasks to queue
[2025-10-06T21:18:01.355+0000] {logging_mixin.py:190} INFO - [2025-10-06T21:18:01.354+0000] {dagbag.py:588} INFO - Filling up the DagBag from /home/airflow/.local/lib/python3.12/site-packages/airflow/example_dags/example_setup_teardown_taskflow.py
[2025-10-06T21:18:01.367+0000] {processor.py:925} INFO - DAG(s) 'example_setup_teardown_taskflow' retrieved from /home/airflow/.local/lib/python3.12/site-packages/airflow/example_dags/example_setup_teardown_taskflow.py
[2025-10-06T21:18:01.394+0000] {logging_mixin.py:190} INFO - [2025-10-06T21:18:01.394+0000] {dag.py:3239} INFO - Sync 1 DAGs
[2025-10-06T21:18:01.414+0000] {logging_mixin.py:190} INFO - [2025-10-06T21:18:01.413+0000] {dag.py:4180} INFO - Setting next_dagrun for example_setup_teardown_taskflow to None, run_after=None
[2025-10-06T21:18:01.445+0000] {processor.py:208} INFO - Processing /home/airflow/.local/lib/python3.12/site-packages/airflow/example_dags/example_setup_teardown_taskflow.py took 0.102 seconds
[2025-10-06T21:18:34.086+0000] {processor.py:186} INFO - Started process (PID=3113) to work on /home/airflow/.local/lib/python3.12/site-packages/airflow/example_dags/example_setup_teardown_taskflow.py
[2025-10-06T21:18:34.088+0000] {processor.py:914} INFO - Processing file /home/airflow/.local/lib/python3.12/site-packages/airflow/example_dags/example_setup_teardown_taskflow.py for tasks to queue
[2025-10-06T21:18:34.094+0000] {logging_mixin.py:190} INFO - [2025-10-06T21:18:34.093+0000] {dagbag.py:588} INFO - Filling up the DagBag from /home/airflow/.local/lib/python3.12/site-packages/airflow/example_dags/example_setup_teardown_taskflow.py
[2025-10-06T21:18:34.112+0000] {processor.py:925} INFO - DAG(s) 'example_setup_teardown_taskflow' retrieved from /home/airflow/.local/lib/python3.12/site-packages/airflow/example_dags/example_setup_teardown_taskflow.py
[2025-10-06T21:18:34.490+0000] {logging_mixin.py:190} INFO - [2025-10-06T21:18:34.490+0000] {dag.py:3239} INFO - Sync 1 DAGs
[2025-10-06T21:18:34.531+0000] {logging_mixin.py:190} INFO - [2025-10-06T21:18:34.530+0000] {dag.py:4180} INFO - Setting next_dagrun for example_setup_teardown_taskflow to None, run_after=None
[2025-10-06T21:18:34.575+0000] {processor.py:208} INFO - Processing /home/airflow/.local/lib/python3.12/site-packages/airflow/example_dags/example_setup_teardown_taskflow.py took 0.502 seconds
[2025-10-06T21:20:20.172+0000] {processor.py:186} INFO - Started process (PID=3166) to work on /home/airflow/.local/lib/python3.12/site-packages/airflow/example_dags/example_setup_teardown_taskflow.py
[2025-10-06T21:20:20.174+0000] {processor.py:914} INFO - Processing file /home/airflow/.local/lib/python3.12/site-packages/airflow/example_dags/example_setup_teardown_taskflow.py for tasks to queue
[2025-10-06T21:20:20.175+0000] {logging_mixin.py:190} INFO - [2025-10-06T21:20:20.175+0000] {dagbag.py:588} INFO - Filling up the DagBag from /home/airflow/.local/lib/python3.12/site-packages/airflow/example_dags/example_setup_teardown_taskflow.py
[2025-10-06T21:20:20.189+0000] {processor.py:925} INFO - DAG(s) 'example_setup_teardown_taskflow' retrieved from /home/airflow/.local/lib/python3.12/site-packages/airflow/example_dags/example_setup_teardown_taskflow.py
[2025-10-06T21:20:20.214+0000] {logging_mixin.py:190} INFO - [2025-10-06T21:20:20.214+0000] {dag.py:3239} INFO - Sync 1 DAGs
[2025-10-06T21:20:20.232+0000] {logging_mixin.py:190} INFO - [2025-10-06T21:20:20.231+0000] {dag.py:4180} INFO - Setting next_dagrun for example_setup_teardown_taskflow to None, run_after=None
[2025-10-06T21:20:20.260+0000] {processor.py:208} INFO - Processing /home/airflow/.local/lib/python3.12/site-packages/airflow/example_dags/example_setup_teardown_taskflow.py took 0.095 seconds
[2025-10-06T21:20:51.132+0000] {processor.py:186} INFO - Started process (PID=3230) to work on /home/airflow/.local/lib/python3.12/site-packages/airflow/example_dags/example_setup_teardown_taskflow.py
[2025-10-06T21:20:51.134+0000] {processor.py:914} INFO - Processing file /home/airflow/.local/lib/python3.12/site-packages/airflow/example_dags/example_setup_teardown_taskflow.py for tasks to queue
[2025-10-06T21:20:51.137+0000] {logging_mixin.py:190} INFO - [2025-10-06T21:20:51.136+0000] {dagbag.py:588} INFO - Filling up the DagBag from /home/airflow/.local/lib/python3.12/site-packages/airflow/example_dags/example_setup_teardown_taskflow.py
[2025-10-06T21:20:51.163+0000] {processor.py:925} INFO - DAG(s) 'example_setup_teardown_taskflow' retrieved from /home/airflow/.local/lib/python3.12/site-packages/airflow/example_dags/example_setup_teardown_taskflow.py
[2025-10-06T21:20:51.214+0000] {logging_mixin.py:190} INFO - [2025-10-06T21:20:51.213+0000] {dag.py:3239} INFO - Sync 1 DAGs
[2025-10-06T21:20:51.244+0000] {logging_mixin.py:190} INFO - [2025-10-06T21:20:51.244+0000] {dag.py:4180} INFO - Setting next_dagrun for example_setup_teardown_taskflow to None, run_after=None
[2025-10-06T21:20:51.289+0000] {processor.py:208} INFO - Processing /home/airflow/.local/lib/python3.12/site-packages/airflow/example_dags/example_setup_teardown_taskflow.py took 0.168 seconds
[2025-10-06T21:21:21.578+0000] {processor.py:186} INFO - Started process (PID=3293) to work on /home/airflow/.local/lib/python3.12/site-packages/airflow/example_dags/example_setup_teardown_taskflow.py
[2025-10-06T21:21:21.580+0000] {processor.py:914} INFO - Processing file /home/airflow/.local/lib/python3.12/site-packages/airflow/example_dags/example_setup_teardown_taskflow.py for tasks to queue
[2025-10-06T21:21:21.582+0000] {logging_mixin.py:190} INFO - [2025-10-06T21:21:21.582+0000] {dagbag.py:588} INFO - Filling up the DagBag from /home/airflow/.local/lib/python3.12/site-packages/airflow/example_dags/example_setup_teardown_taskflow.py
[2025-10-06T21:21:21.598+0000] {processor.py:925} INFO - DAG(s) 'example_setup_teardown_taskflow' retrieved from /home/airflow/.local/lib/python3.12/site-packages/airflow/example_dags/example_setup_teardown_taskflow.py
[2025-10-06T21:21:21.628+0000] {logging_mixin.py:190} INFO - [2025-10-06T21:21:21.628+0000] {dag.py:3239} INFO - Sync 1 DAGs
[2025-10-06T21:21:21.648+0000] {logging_mixin.py:190} INFO - [2025-10-06T21:21:21.648+0000] {dag.py:4180} INFO - Setting next_dagrun for example_setup_teardown_taskflow to None, run_after=None
[2025-10-06T21:21:21.677+0000] {processor.py:208} INFO - Processing /home/airflow/.local/lib/python3.12/site-packages/airflow/example_dags/example_setup_teardown_taskflow.py took 0.109 seconds
[2025-10-06T21:21:52.057+0000] {processor.py:186} INFO - Started process (PID=3356) to work on /home/airflow/.local/lib/python3.12/site-packages/airflow/example_dags/example_setup_teardown_taskflow.py
[2025-10-06T21:21:52.059+0000] {processor.py:914} INFO - Processing file /home/airflow/.local/lib/python3.12/site-packages/airflow/example_dags/example_setup_teardown_taskflow.py for tasks to queue
[2025-10-06T21:21:52.060+0000] {logging_mixin.py:190} INFO - [2025-10-06T21:21:52.060+0000] {dagbag.py:588} INFO - Filling up the DagBag from /home/airflow/.local/lib/python3.12/site-packages/airflow/example_dags/example_setup_teardown_taskflow.py
[2025-10-06T21:21:52.075+0000] {processor.py:925} INFO - DAG(s) 'example_setup_teardown_taskflow' retrieved from /home/airflow/.local/lib/python3.12/site-packages/airflow/example_dags/example_setup_teardown_taskflow.py
[2025-10-06T21:21:52.103+0000] {logging_mixin.py:190} INFO - [2025-10-06T21:21:52.102+0000] {dag.py:3239} INFO - Sync 1 DAGs
[2025-10-06T21:21:52.122+0000] {logging_mixin.py:190} INFO - [2025-10-06T21:21:52.122+0000] {dag.py:4180} INFO - Setting next_dagrun for example_setup_teardown_taskflow to None, run_after=None
[2025-10-06T21:21:52.144+0000] {processor.py:208} INFO - Processing /home/airflow/.local/lib/python3.12/site-packages/airflow/example_dags/example_setup_teardown_taskflow.py took 0.094 seconds
[2025-10-06T21:22:23.713+0000] {processor.py:186} INFO - Started process (PID=3420) to work on /home/airflow/.local/lib/python3.12/site-packages/airflow/example_dags/example_setup_teardown_taskflow.py
[2025-10-06T21:22:23.714+0000] {processor.py:914} INFO - Processing file /home/airflow/.local/lib/python3.12/site-packages/airflow/example_dags/example_setup_teardown_taskflow.py for tasks to queue
[2025-10-06T21:22:23.716+0000] {logging_mixin.py:190} INFO - [2025-10-06T21:22:23.715+0000] {dagbag.py:588} INFO - Filling up the DagBag from /home/airflow/.local/lib/python3.12/site-packages/airflow/example_dags/example_setup_teardown_taskflow.py
[2025-10-06T21:22:23.729+0000] {processor.py:925} INFO - DAG(s) 'example_setup_teardown_taskflow' retrieved from /home/airflow/.local/lib/python3.12/site-packages/airflow/example_dags/example_setup_teardown_taskflow.py
[2025-10-06T21:22:23.753+0000] {logging_mixin.py:190} INFO - [2025-10-06T21:22:23.752+0000] {dag.py:3239} INFO - Sync 1 DAGs
[2025-10-06T21:22:23.768+0000] {logging_mixin.py:190} INFO - [2025-10-06T21:22:23.768+0000] {dag.py:4180} INFO - Setting next_dagrun for example_setup_teardown_taskflow to None, run_after=None
[2025-10-06T21:22:23.788+0000] {processor.py:208} INFO - Processing /home/airflow/.local/lib/python3.12/site-packages/airflow/example_dags/example_setup_teardown_taskflow.py took 0.082 seconds
[2025-10-06T21:22:54.894+0000] {processor.py:186} INFO - Started process (PID=3483) to work on /home/airflow/.local/lib/python3.12/site-packages/airflow/example_dags/example_setup_teardown_taskflow.py
[2025-10-06T21:22:54.895+0000] {processor.py:914} INFO - Processing file /home/airflow/.local/lib/python3.12/site-packages/airflow/example_dags/example_setup_teardown_taskflow.py for tasks to queue
[2025-10-06T21:22:54.897+0000] {logging_mixin.py:190} INFO - [2025-10-06T21:22:54.897+0000] {dagbag.py:588} INFO - Filling up the DagBag from /home/airflow/.local/lib/python3.12/site-packages/airflow/example_dags/example_setup_teardown_taskflow.py
[2025-10-06T21:22:54.909+0000] {processor.py:925} INFO - DAG(s) 'example_setup_teardown_taskflow' retrieved from /home/airflow/.local/lib/python3.12/site-packages/airflow/example_dags/example_setup_teardown_taskflow.py
[2025-10-06T21:22:54.936+0000] {logging_mixin.py:190} INFO - [2025-10-06T21:22:54.935+0000] {dag.py:3239} INFO - Sync 1 DAGs
[2025-10-06T21:22:54.952+0000] {logging_mixin.py:190} INFO - [2025-10-06T21:22:54.952+0000] {dag.py:4180} INFO - Setting next_dagrun for example_setup_teardown_taskflow to None, run_after=None
[2025-10-06T21:22:54.974+0000] {processor.py:208} INFO - Processing /home/airflow/.local/lib/python3.12/site-packages/airflow/example_dags/example_setup_teardown_taskflow.py took 0.086 seconds
[2025-10-06T21:23:26.166+0000] {processor.py:186} INFO - Started process (PID=3544) to work on /home/airflow/.local/lib/python3.12/site-packages/airflow/example_dags/example_setup_teardown_taskflow.py
[2025-10-06T21:23:26.167+0000] {processor.py:914} INFO - Processing file /home/airflow/.local/lib/python3.12/site-packages/airflow/example_dags/example_setup_teardown_taskflow.py for tasks to queue
[2025-10-06T21:23:26.168+0000] {logging_mixin.py:190} INFO - [2025-10-06T21:23:26.168+0000] {dagbag.py:588} INFO - Filling up the DagBag from /home/airflow/.local/lib/python3.12/site-packages/airflow/example_dags/example_setup_teardown_taskflow.py
[2025-10-06T21:23:26.180+0000] {processor.py:925} INFO - DAG(s) 'example_setup_teardown_taskflow' retrieved from /home/airflow/.local/lib/python3.12/site-packages/airflow/example_dags/example_setup_teardown_taskflow.py
[2025-10-06T21:23:26.203+0000] {logging_mixin.py:190} INFO - [2025-10-06T21:23:26.203+0000] {dag.py:3239} INFO - Sync 1 DAGs
[2025-10-06T21:23:26.219+0000] {logging_mixin.py:190} INFO - [2025-10-06T21:23:26.218+0000] {dag.py:4180} INFO - Setting next_dagrun for example_setup_teardown_taskflow to None, run_after=None
[2025-10-06T21:23:26.243+0000] {processor.py:208} INFO - Processing /home/airflow/.local/lib/python3.12/site-packages/airflow/example_dags/example_setup_teardown_taskflow.py took 0.084 seconds
[2025-10-06T21:23:57.892+0000] {processor.py:186} INFO - Started process (PID=3607) to work on /home/airflow/.local/lib/python3.12/site-packages/airflow/example_dags/example_setup_teardown_taskflow.py
[2025-10-06T21:23:57.894+0000] {processor.py:914} INFO - Processing file /home/airflow/.local/lib/python3.12/site-packages/airflow/example_dags/example_setup_teardown_taskflow.py for tasks to queue
[2025-10-06T21:23:57.896+0000] {logging_mixin.py:190} INFO - [2025-10-06T21:23:57.895+0000] {dagbag.py:588} INFO - Filling up the DagBag from /home/airflow/.local/lib/python3.12/site-packages/airflow/example_dags/example_setup_teardown_taskflow.py
[2025-10-06T21:23:57.912+0000] {processor.py:925} INFO - DAG(s) 'example_setup_teardown_taskflow' retrieved from /home/airflow/.local/lib/python3.12/site-packages/airflow/example_dags/example_setup_teardown_taskflow.py
[2025-10-06T21:23:57.943+0000] {logging_mixin.py:190} INFO - [2025-10-06T21:23:57.943+0000] {dag.py:3239} INFO - Sync 1 DAGs
[2025-10-06T21:23:57.966+0000] {logging_mixin.py:190} INFO - [2025-10-06T21:23:57.966+0000] {dag.py:4180} INFO - Setting next_dagrun for example_setup_teardown_taskflow to None, run_after=None
[2025-10-06T21:23:57.990+0000] {processor.py:208} INFO - Processing /home/airflow/.local/lib/python3.12/site-packages/airflow/example_dags/example_setup_teardown_taskflow.py took 0.109 seconds
[2025-10-06T21:24:30.115+0000] {processor.py:186} INFO - Started process (PID=3666) to work on /home/airflow/.local/lib/python3.12/site-packages/airflow/example_dags/example_setup_teardown_taskflow.py
[2025-10-06T21:24:30.117+0000] {processor.py:914} INFO - Processing file /home/airflow/.local/lib/python3.12/site-packages/airflow/example_dags/example_setup_teardown_taskflow.py for tasks to queue
[2025-10-06T21:24:30.121+0000] {logging_mixin.py:190} INFO - [2025-10-06T21:24:30.120+0000] {dagbag.py:588} INFO - Filling up the DagBag from /home/airflow/.local/lib/python3.12/site-packages/airflow/example_dags/example_setup_teardown_taskflow.py
[2025-10-06T21:24:30.151+0000] {processor.py:925} INFO - DAG(s) 'example_setup_teardown_taskflow' retrieved from /home/airflow/.local/lib/python3.12/site-packages/airflow/example_dags/example_setup_teardown_taskflow.py
[2025-10-06T21:24:30.193+0000] {logging_mixin.py:190} INFO - [2025-10-06T21:24:30.193+0000] {dag.py:3239} INFO - Sync 1 DAGs
[2025-10-06T21:24:30.229+0000] {logging_mixin.py:190} INFO - [2025-10-06T21:24:30.229+0000] {dag.py:4180} INFO - Setting next_dagrun for example_setup_teardown_taskflow to None, run_after=None
[2025-10-06T21:24:30.273+0000] {processor.py:208} INFO - Processing /home/airflow/.local/lib/python3.12/site-packages/airflow/example_dags/example_setup_teardown_taskflow.py took 0.172 seconds
[2025-10-06T21:25:00.739+0000] {processor.py:186} INFO - Started process (PID=3723) to work on /home/airflow/.local/lib/python3.12/site-packages/airflow/example_dags/example_setup_teardown_taskflow.py
[2025-10-06T21:25:00.740+0000] {processor.py:914} INFO - Processing file /home/airflow/.local/lib/python3.12/site-packages/airflow/example_dags/example_setup_teardown_taskflow.py for tasks to queue
[2025-10-06T21:25:00.742+0000] {logging_mixin.py:190} INFO - [2025-10-06T21:25:00.741+0000] {dagbag.py:588} INFO - Filling up the DagBag from /home/airflow/.local/lib/python3.12/site-packages/airflow/example_dags/example_setup_teardown_taskflow.py
[2025-10-06T21:25:00.760+0000] {processor.py:925} INFO - DAG(s) 'example_setup_teardown_taskflow' retrieved from /home/airflow/.local/lib/python3.12/site-packages/airflow/example_dags/example_setup_teardown_taskflow.py
[2025-10-06T21:25:00.792+0000] {logging_mixin.py:190} INFO - [2025-10-06T21:25:00.791+0000] {dag.py:3239} INFO - Sync 1 DAGs
[2025-10-06T21:25:00.812+0000] {logging_mixin.py:190} INFO - [2025-10-06T21:25:00.812+0000] {dag.py:4180} INFO - Setting next_dagrun for example_setup_teardown_taskflow to None, run_after=None
[2025-10-06T21:25:00.844+0000] {processor.py:208} INFO - Processing /home/airflow/.local/lib/python3.12/site-packages/airflow/example_dags/example_setup_teardown_taskflow.py took 0.113 seconds
[2025-10-06T21:25:32.677+0000] {processor.py:186} INFO - Started process (PID=3792) to work on /home/airflow/.local/lib/python3.12/site-packages/airflow/example_dags/example_setup_teardown_taskflow.py
[2025-10-06T21:25:32.678+0000] {processor.py:914} INFO - Processing file /home/airflow/.local/lib/python3.12/site-packages/airflow/example_dags/example_setup_teardown_taskflow.py for tasks to queue
[2025-10-06T21:25:32.680+0000] {logging_mixin.py:190} INFO - [2025-10-06T21:25:32.680+0000] {dagbag.py:588} INFO - Filling up the DagBag from /home/airflow/.local/lib/python3.12/site-packages/airflow/example_dags/example_setup_teardown_taskflow.py
[2025-10-06T21:25:32.693+0000] {processor.py:925} INFO - DAG(s) 'example_setup_teardown_taskflow' retrieved from /home/airflow/.local/lib/python3.12/site-packages/airflow/example_dags/example_setup_teardown_taskflow.py
[2025-10-06T21:25:32.721+0000] {logging_mixin.py:190} INFO - [2025-10-06T21:25:32.721+0000] {dag.py:3239} INFO - Sync 1 DAGs
[2025-10-06T21:25:32.739+0000] {logging_mixin.py:190} INFO - [2025-10-06T21:25:32.738+0000] {dag.py:4180} INFO - Setting next_dagrun for example_setup_teardown_taskflow to None, run_after=None
[2025-10-06T21:25:32.763+0000] {processor.py:208} INFO - Processing /home/airflow/.local/lib/python3.12/site-packages/airflow/example_dags/example_setup_teardown_taskflow.py took 0.093 seconds
[2025-10-06T21:26:03.714+0000] {processor.py:186} INFO - Started process (PID=3849) to work on /home/airflow/.local/lib/python3.12/site-packages/airflow/example_dags/example_setup_teardown_taskflow.py
[2025-10-06T21:26:03.715+0000] {processor.py:914} INFO - Processing file /home/airflow/.local/lib/python3.12/site-packages/airflow/example_dags/example_setup_teardown_taskflow.py for tasks to queue
[2025-10-06T21:26:03.717+0000] {logging_mixin.py:190} INFO - [2025-10-06T21:26:03.716+0000] {dagbag.py:588} INFO - Filling up the DagBag from /home/airflow/.local/lib/python3.12/site-packages/airflow/example_dags/example_setup_teardown_taskflow.py
[2025-10-06T21:26:03.728+0000] {processor.py:925} INFO - DAG(s) 'example_setup_teardown_taskflow' retrieved from /home/airflow/.local/lib/python3.12/site-packages/airflow/example_dags/example_setup_teardown_taskflow.py
[2025-10-06T21:26:03.753+0000] {logging_mixin.py:190} INFO - [2025-10-06T21:26:03.753+0000] {dag.py:3239} INFO - Sync 1 DAGs
[2025-10-06T21:26:03.769+0000] {logging_mixin.py:190} INFO - [2025-10-06T21:26:03.769+0000] {dag.py:4180} INFO - Setting next_dagrun for example_setup_teardown_taskflow to None, run_after=None
[2025-10-06T21:26:03.801+0000] {processor.py:208} INFO - Processing /home/airflow/.local/lib/python3.12/site-packages/airflow/example_dags/example_setup_teardown_taskflow.py took 0.093 seconds
[2025-10-06T21:26:35.581+0000] {processor.py:186} INFO - Started process (PID=3910) to work on /home/airflow/.local/lib/python3.12/site-packages/airflow/example_dags/example_setup_teardown_taskflow.py
[2025-10-06T21:26:35.582+0000] {processor.py:914} INFO - Processing file /home/airflow/.local/lib/python3.12/site-packages/airflow/example_dags/example_setup_teardown_taskflow.py for tasks to queue
[2025-10-06T21:26:35.583+0000] {logging_mixin.py:190} INFO - [2025-10-06T21:26:35.583+0000] {dagbag.py:588} INFO - Filling up the DagBag from /home/airflow/.local/lib/python3.12/site-packages/airflow/example_dags/example_setup_teardown_taskflow.py
[2025-10-06T21:26:35.595+0000] {processor.py:925} INFO - DAG(s) 'example_setup_teardown_taskflow' retrieved from /home/airflow/.local/lib/python3.12/site-packages/airflow/example_dags/example_setup_teardown_taskflow.py
[2025-10-06T21:26:35.618+0000] {logging_mixin.py:190} INFO - [2025-10-06T21:26:35.617+0000] {dag.py:3239} INFO - Sync 1 DAGs
[2025-10-06T21:26:35.632+0000] {logging_mixin.py:190} INFO - [2025-10-06T21:26:35.632+0000] {dag.py:4180} INFO - Setting next_dagrun for example_setup_teardown_taskflow to None, run_after=None
[2025-10-06T21:26:35.658+0000] {processor.py:208} INFO - Processing /home/airflow/.local/lib/python3.12/site-packages/airflow/example_dags/example_setup_teardown_taskflow.py took 0.084 seconds
[2025-10-06T21:27:06.911+0000] {processor.py:186} INFO - Started process (PID=3973) to work on /home/airflow/.local/lib/python3.12/site-packages/airflow/example_dags/example_setup_teardown_taskflow.py
[2025-10-06T21:27:06.914+0000] {processor.py:914} INFO - Processing file /home/airflow/.local/lib/python3.12/site-packages/airflow/example_dags/example_setup_teardown_taskflow.py for tasks to queue
[2025-10-06T21:27:06.918+0000] {logging_mixin.py:190} INFO - [2025-10-06T21:27:06.917+0000] {dagbag.py:588} INFO - Filling up the DagBag from /home/airflow/.local/lib/python3.12/site-packages/airflow/example_dags/example_setup_teardown_taskflow.py
[2025-10-06T21:27:06.949+0000] {processor.py:925} INFO - DAG(s) 'example_setup_teardown_taskflow' retrieved from /home/airflow/.local/lib/python3.12/site-packages/airflow/example_dags/example_setup_teardown_taskflow.py
[2025-10-06T21:27:06.990+0000] {logging_mixin.py:190} INFO - [2025-10-06T21:27:06.990+0000] {dag.py:3239} INFO - Sync 1 DAGs
[2025-10-06T21:27:07.027+0000] {logging_mixin.py:190} INFO - [2025-10-06T21:27:07.026+0000] {dag.py:4180} INFO - Setting next_dagrun for example_setup_teardown_taskflow to None, run_after=None
[2025-10-06T21:27:07.065+0000] {processor.py:208} INFO - Processing /home/airflow/.local/lib/python3.12/site-packages/airflow/example_dags/example_setup_teardown_taskflow.py took 0.177 seconds
[2025-10-06T21:27:39.215+0000] {processor.py:186} INFO - Started process (PID=4037) to work on /home/airflow/.local/lib/python3.12/site-packages/airflow/example_dags/example_setup_teardown_taskflow.py
[2025-10-06T21:27:39.217+0000] {processor.py:914} INFO - Processing file /home/airflow/.local/lib/python3.12/site-packages/airflow/example_dags/example_setup_teardown_taskflow.py for tasks to queue
[2025-10-06T21:27:39.218+0000] {logging_mixin.py:190} INFO - [2025-10-06T21:27:39.218+0000] {dagbag.py:588} INFO - Filling up the DagBag from /home/airflow/.local/lib/python3.12/site-packages/airflow/example_dags/example_setup_teardown_taskflow.py
[2025-10-06T21:27:39.230+0000] {processor.py:925} INFO - DAG(s) 'example_setup_teardown_taskflow' retrieved from /home/airflow/.local/lib/python3.12/site-packages/airflow/example_dags/example_setup_teardown_taskflow.py
[2025-10-06T21:27:39.252+0000] {logging_mixin.py:190} INFO - [2025-10-06T21:27:39.252+0000] {dag.py:3239} INFO - Sync 1 DAGs
[2025-10-06T21:27:39.267+0000] {logging_mixin.py:190} INFO - [2025-10-06T21:27:39.267+0000] {dag.py:4180} INFO - Setting next_dagrun for example_setup_teardown_taskflow to None, run_after=None
[2025-10-06T21:27:39.297+0000] {processor.py:208} INFO - Processing /home/airflow/.local/lib/python3.12/site-packages/airflow/example_dags/example_setup_teardown_taskflow.py took 0.092 seconds
[2025-10-06T21:28:10.106+0000] {processor.py:186} INFO - Started process (PID=4100) to work on /home/airflow/.local/lib/python3.12/site-packages/airflow/example_dags/example_setup_teardown_taskflow.py
[2025-10-06T21:28:10.107+0000] {processor.py:914} INFO - Processing file /home/airflow/.local/lib/python3.12/site-packages/airflow/example_dags/example_setup_teardown_taskflow.py for tasks to queue
[2025-10-06T21:28:10.109+0000] {logging_mixin.py:190} INFO - [2025-10-06T21:28:10.108+0000] {dagbag.py:588} INFO - Filling up the DagBag from /home/airflow/.local/lib/python3.12/site-packages/airflow/example_dags/example_setup_teardown_taskflow.py
[2025-10-06T21:28:10.120+0000] {processor.py:925} INFO - DAG(s) 'example_setup_teardown_taskflow' retrieved from /home/airflow/.local/lib/python3.12/site-packages/airflow/example_dags/example_setup_teardown_taskflow.py
[2025-10-06T21:28:10.142+0000] {logging_mixin.py:190} INFO - [2025-10-06T21:28:10.142+0000] {dag.py:3239} INFO - Sync 1 DAGs
[2025-10-06T21:28:10.158+0000] {logging_mixin.py:190} INFO - [2025-10-06T21:28:10.157+0000] {dag.py:4180} INFO - Setting next_dagrun for example_setup_teardown_taskflow to None, run_after=None
[2025-10-06T21:28:10.205+0000] {processor.py:208} INFO - Processing /home/airflow/.local/lib/python3.12/site-packages/airflow/example_dags/example_setup_teardown_taskflow.py took 0.105 seconds
[2025-10-06T21:28:41.953+0000] {processor.py:186} INFO - Started process (PID=4163) to work on /home/airflow/.local/lib/python3.12/site-packages/airflow/example_dags/example_setup_teardown_taskflow.py
[2025-10-06T21:28:41.955+0000] {processor.py:914} INFO - Processing file /home/airflow/.local/lib/python3.12/site-packages/airflow/example_dags/example_setup_teardown_taskflow.py for tasks to queue
[2025-10-06T21:28:41.957+0000] {logging_mixin.py:190} INFO - [2025-10-06T21:28:41.956+0000] {dagbag.py:588} INFO - Filling up the DagBag from /home/airflow/.local/lib/python3.12/site-packages/airflow/example_dags/example_setup_teardown_taskflow.py
[2025-10-06T21:28:41.969+0000] {processor.py:925} INFO - DAG(s) 'example_setup_teardown_taskflow' retrieved from /home/airflow/.local/lib/python3.12/site-packages/airflow/example_dags/example_setup_teardown_taskflow.py
[2025-10-06T21:28:41.993+0000] {logging_mixin.py:190} INFO - [2025-10-06T21:28:41.992+0000] {dag.py:3239} INFO - Sync 1 DAGs
[2025-10-06T21:28:42.009+0000] {logging_mixin.py:190} INFO - [2025-10-06T21:28:42.009+0000] {dag.py:4180} INFO - Setting next_dagrun for example_setup_teardown_taskflow to None, run_after=None
[2025-10-06T21:28:42.029+0000] {processor.py:208} INFO - Processing /home/airflow/.local/lib/python3.12/site-packages/airflow/example_dags/example_setup_teardown_taskflow.py took 0.086 seconds
[2025-10-06T21:29:13.126+0000] {processor.py:186} INFO - Started process (PID=4226) to work on /home/airflow/.local/lib/python3.12/site-packages/airflow/example_dags/example_setup_teardown_taskflow.py
[2025-10-06T21:29:13.128+0000] {processor.py:914} INFO - Processing file /home/airflow/.local/lib/python3.12/site-packages/airflow/example_dags/example_setup_teardown_taskflow.py for tasks to queue
[2025-10-06T21:29:13.131+0000] {logging_mixin.py:190} INFO - [2025-10-06T21:29:13.131+0000] {dagbag.py:588} INFO - Filling up the DagBag from /home/airflow/.local/lib/python3.12/site-packages/airflow/example_dags/example_setup_teardown_taskflow.py
[2025-10-06T21:29:13.153+0000] {processor.py:925} INFO - DAG(s) 'example_setup_teardown_taskflow' retrieved from /home/airflow/.local/lib/python3.12/site-packages/airflow/example_dags/example_setup_teardown_taskflow.py
[2025-10-06T21:29:13.203+0000] {logging_mixin.py:190} INFO - [2025-10-06T21:29:13.202+0000] {dag.py:3239} INFO - Sync 1 DAGs
[2025-10-06T21:29:13.233+0000] {logging_mixin.py:190} INFO - [2025-10-06T21:29:13.232+0000] {dag.py:4180} INFO - Setting next_dagrun for example_setup_teardown_taskflow to None, run_after=None
[2025-10-06T21:29:13.278+0000] {processor.py:208} INFO - Processing /home/airflow/.local/lib/python3.12/site-packages/airflow/example_dags/example_setup_teardown_taskflow.py took 0.163 seconds
[2025-10-06T21:29:44.697+0000] {processor.py:186} INFO - Started process (PID=4289) to work on /home/airflow/.local/lib/python3.12/site-packages/airflow/example_dags/example_setup_teardown_taskflow.py
[2025-10-06T21:29:44.698+0000] {processor.py:914} INFO - Processing file /home/airflow/.local/lib/python3.12/site-packages/airflow/example_dags/example_setup_teardown_taskflow.py for tasks to queue
[2025-10-06T21:29:44.700+0000] {logging_mixin.py:190} INFO - [2025-10-06T21:29:44.700+0000] {dagbag.py:588} INFO - Filling up the DagBag from /home/airflow/.local/lib/python3.12/site-packages/airflow/example_dags/example_setup_teardown_taskflow.py
[2025-10-06T21:29:44.711+0000] {processor.py:925} INFO - DAG(s) 'example_setup_teardown_taskflow' retrieved from /home/airflow/.local/lib/python3.12/site-packages/airflow/example_dags/example_setup_teardown_taskflow.py
[2025-10-06T21:29:44.733+0000] {logging_mixin.py:190} INFO - [2025-10-06T21:29:44.732+0000] {dag.py:3239} INFO - Sync 1 DAGs
[2025-10-06T21:29:44.749+0000] {logging_mixin.py:190} INFO - [2025-10-06T21:29:44.748+0000] {dag.py:4180} INFO - Setting next_dagrun for example_setup_teardown_taskflow to None, run_after=None
[2025-10-06T21:29:44.774+0000] {processor.py:208} INFO - Processing /home/airflow/.local/lib/python3.12/site-packages/airflow/example_dags/example_setup_teardown_taskflow.py took 0.084 seconds
[2025-10-06T21:30:17.115+0000] {processor.py:186} INFO - Started process (PID=4352) to work on /home/airflow/.local/lib/python3.12/site-packages/airflow/example_dags/example_setup_teardown_taskflow.py
[2025-10-06T21:30:17.119+0000] {processor.py:914} INFO - Processing file /home/airflow/.local/lib/python3.12/site-packages/airflow/example_dags/example_setup_teardown_taskflow.py for tasks to queue
[2025-10-06T21:30:17.122+0000] {logging_mixin.py:190} INFO - [2025-10-06T21:30:17.121+0000] {dagbag.py:588} INFO - Filling up the DagBag from /home/airflow/.local/lib/python3.12/site-packages/airflow/example_dags/example_setup_teardown_taskflow.py
[2025-10-06T21:30:17.144+0000] {processor.py:925} INFO - DAG(s) 'example_setup_teardown_taskflow' retrieved from /home/airflow/.local/lib/python3.12/site-packages/airflow/example_dags/example_setup_teardown_taskflow.py
[2025-10-06T21:30:17.175+0000] {logging_mixin.py:190} INFO - [2025-10-06T21:30:17.175+0000] {dag.py:3239} INFO - Sync 1 DAGs
[2025-10-06T21:30:17.202+0000] {logging_mixin.py:190} INFO - [2025-10-06T21:30:17.201+0000] {dag.py:4180} INFO - Setting next_dagrun for example_setup_teardown_taskflow to None, run_after=None
[2025-10-06T21:30:17.228+0000] {processor.py:208} INFO - Processing /home/airflow/.local/lib/python3.12/site-packages/airflow/example_dags/example_setup_teardown_taskflow.py took 0.131 seconds
[2025-10-06T21:30:48.645+0000] {processor.py:186} INFO - Started process (PID=4415) to work on /home/airflow/.local/lib/python3.12/site-packages/airflow/example_dags/example_setup_teardown_taskflow.py
[2025-10-06T21:30:48.647+0000] {processor.py:914} INFO - Processing file /home/airflow/.local/lib/python3.12/site-packages/airflow/example_dags/example_setup_teardown_taskflow.py for tasks to queue
[2025-10-06T21:30:48.649+0000] {logging_mixin.py:190} INFO - [2025-10-06T21:30:48.648+0000] {dagbag.py:588} INFO - Filling up the DagBag from /home/airflow/.local/lib/python3.12/site-packages/airflow/example_dags/example_setup_teardown_taskflow.py
[2025-10-06T21:30:48.664+0000] {processor.py:925} INFO - DAG(s) 'example_setup_teardown_taskflow' retrieved from /home/airflow/.local/lib/python3.12/site-packages/airflow/example_dags/example_setup_teardown_taskflow.py
[2025-10-06T21:30:48.689+0000] {logging_mixin.py:190} INFO - [2025-10-06T21:30:48.689+0000] {dag.py:3239} INFO - Sync 1 DAGs
[2025-10-06T21:30:48.708+0000] {logging_mixin.py:190} INFO - [2025-10-06T21:30:48.707+0000] {dag.py:4180} INFO - Setting next_dagrun for example_setup_teardown_taskflow to None, run_after=None
[2025-10-06T21:30:48.730+0000] {processor.py:208} INFO - Processing /home/airflow/.local/lib/python3.12/site-packages/airflow/example_dags/example_setup_teardown_taskflow.py took 0.093 seconds
[2025-10-06T21:31:19.545+0000] {processor.py:186} INFO - Started process (PID=4479) to work on /home/airflow/.local/lib/python3.12/site-packages/airflow/example_dags/example_setup_teardown_taskflow.py
[2025-10-06T21:31:19.546+0000] {processor.py:914} INFO - Processing file /home/airflow/.local/lib/python3.12/site-packages/airflow/example_dags/example_setup_teardown_taskflow.py for tasks to queue
[2025-10-06T21:31:19.548+0000] {logging_mixin.py:190} INFO - [2025-10-06T21:31:19.547+0000] {dagbag.py:588} INFO - Filling up the DagBag from /home/airflow/.local/lib/python3.12/site-packages/airflow/example_dags/example_setup_teardown_taskflow.py
[2025-10-06T21:31:19.562+0000] {processor.py:925} INFO - DAG(s) 'example_setup_teardown_taskflow' retrieved from /home/airflow/.local/lib/python3.12/site-packages/airflow/example_dags/example_setup_teardown_taskflow.py
[2025-10-06T21:31:19.586+0000] {logging_mixin.py:190} INFO - [2025-10-06T21:31:19.586+0000] {dag.py:3239} INFO - Sync 1 DAGs
[2025-10-06T21:31:19.603+0000] {logging_mixin.py:190} INFO - [2025-10-06T21:31:19.602+0000] {dag.py:4180} INFO - Setting next_dagrun for example_setup_teardown_taskflow to None, run_after=None
[2025-10-06T21:31:19.626+0000] {processor.py:208} INFO - Processing /home/airflow/.local/lib/python3.12/site-packages/airflow/example_dags/example_setup_teardown_taskflow.py took 0.089 seconds
[2025-10-06T21:31:53.393+0000] {processor.py:186} INFO - Started process (PID=4542) to work on /home/airflow/.local/lib/python3.12/site-packages/airflow/example_dags/example_setup_teardown_taskflow.py
[2025-10-06T21:31:53.395+0000] {processor.py:914} INFO - Processing file /home/airflow/.local/lib/python3.12/site-packages/airflow/example_dags/example_setup_teardown_taskflow.py for tasks to queue
[2025-10-06T21:31:53.397+0000] {logging_mixin.py:190} INFO - [2025-10-06T21:31:53.396+0000] {dagbag.py:588} INFO - Filling up the DagBag from /home/airflow/.local/lib/python3.12/site-packages/airflow/example_dags/example_setup_teardown_taskflow.py
[2025-10-06T21:31:53.416+0000] {processor.py:925} INFO - DAG(s) 'example_setup_teardown_taskflow' retrieved from /home/airflow/.local/lib/python3.12/site-packages/airflow/example_dags/example_setup_teardown_taskflow.py
[2025-10-06T21:31:53.449+0000] {logging_mixin.py:190} INFO - [2025-10-06T21:31:53.449+0000] {dag.py:3239} INFO - Sync 1 DAGs
[2025-10-06T21:31:53.476+0000] {logging_mixin.py:190} INFO - [2025-10-06T21:31:53.476+0000] {dag.py:4180} INFO - Setting next_dagrun for example_setup_teardown_taskflow to None, run_after=None
[2025-10-06T21:31:53.505+0000] {processor.py:208} INFO - Processing /home/airflow/.local/lib/python3.12/site-packages/airflow/example_dags/example_setup_teardown_taskflow.py took 0.120 seconds
[2025-10-06T21:32:24.412+0000] {processor.py:186} INFO - Started process (PID=4605) to work on /home/airflow/.local/lib/python3.12/site-packages/airflow/example_dags/example_setup_teardown_taskflow.py
[2025-10-06T21:32:24.414+0000] {processor.py:914} INFO - Processing file /home/airflow/.local/lib/python3.12/site-packages/airflow/example_dags/example_setup_teardown_taskflow.py for tasks to queue
[2025-10-06T21:32:24.416+0000] {logging_mixin.py:190} INFO - [2025-10-06T21:32:24.415+0000] {dagbag.py:588} INFO - Filling up the DagBag from /home/airflow/.local/lib/python3.12/site-packages/airflow/example_dags/example_setup_teardown_taskflow.py
[2025-10-06T21:32:24.444+0000] {processor.py:925} INFO - DAG(s) 'example_setup_teardown_taskflow' retrieved from /home/airflow/.local/lib/python3.12/site-packages/airflow/example_dags/example_setup_teardown_taskflow.py
[2025-10-06T21:32:24.497+0000] {logging_mixin.py:190} INFO - [2025-10-06T21:32:24.496+0000] {dag.py:3239} INFO - Sync 1 DAGs
[2025-10-06T21:32:24.528+0000] {logging_mixin.py:190} INFO - [2025-10-06T21:32:24.528+0000] {dag.py:4180} INFO - Setting next_dagrun for example_setup_teardown_taskflow to None, run_after=None
[2025-10-06T21:32:24.562+0000] {processor.py:208} INFO - Processing /home/airflow/.local/lib/python3.12/site-packages/airflow/example_dags/example_setup_teardown_taskflow.py took 0.165 seconds
[2025-10-06T21:32:55.149+0000] {processor.py:186} INFO - Started process (PID=4669) to work on /home/airflow/.local/lib/python3.12/site-packages/airflow/example_dags/example_setup_teardown_taskflow.py
[2025-10-06T21:32:55.150+0000] {processor.py:914} INFO - Processing file /home/airflow/.local/lib/python3.12/site-packages/airflow/example_dags/example_setup_teardown_taskflow.py for tasks to queue
[2025-10-06T21:32:55.151+0000] {logging_mixin.py:190} INFO - [2025-10-06T21:32:55.151+0000] {dagbag.py:588} INFO - Filling up the DagBag from /home/airflow/.local/lib/python3.12/site-packages/airflow/example_dags/example_setup_teardown_taskflow.py
[2025-10-06T21:32:55.165+0000] {processor.py:925} INFO - DAG(s) 'example_setup_teardown_taskflow' retrieved from /home/airflow/.local/lib/python3.12/site-packages/airflow/example_dags/example_setup_teardown_taskflow.py
[2025-10-06T21:32:55.192+0000] {logging_mixin.py:190} INFO - [2025-10-06T21:32:55.192+0000] {dag.py:3239} INFO - Sync 1 DAGs
[2025-10-06T21:32:55.209+0000] {logging_mixin.py:190} INFO - [2025-10-06T21:32:55.208+0000] {dag.py:4180} INFO - Setting next_dagrun for example_setup_teardown_taskflow to None, run_after=None
[2025-10-06T21:32:55.232+0000] {processor.py:208} INFO - Processing /home/airflow/.local/lib/python3.12/site-packages/airflow/example_dags/example_setup_teardown_taskflow.py took 0.091 seconds
[2025-10-06T21:33:27.426+0000] {processor.py:186} INFO - Started process (PID=4732) to work on /home/airflow/.local/lib/python3.12/site-packages/airflow/example_dags/example_setup_teardown_taskflow.py
[2025-10-06T21:33:27.431+0000] {processor.py:914} INFO - Processing file /home/airflow/.local/lib/python3.12/site-packages/airflow/example_dags/example_setup_teardown_taskflow.py for tasks to queue
[2025-10-06T21:33:27.435+0000] {logging_mixin.py:190} INFO - [2025-10-06T21:33:27.435+0000] {dagbag.py:588} INFO - Filling up the DagBag from /home/airflow/.local/lib/python3.12/site-packages/airflow/example_dags/example_setup_teardown_taskflow.py
[2025-10-06T21:33:27.485+0000] {processor.py:925} INFO - DAG(s) 'example_setup_teardown_taskflow' retrieved from /home/airflow/.local/lib/python3.12/site-packages/airflow/example_dags/example_setup_teardown_taskflow.py
[2025-10-06T21:33:27.543+0000] {logging_mixin.py:190} INFO - [2025-10-06T21:33:27.543+0000] {dag.py:3239} INFO - Sync 1 DAGs
[2025-10-06T21:33:27.586+0000] {logging_mixin.py:190} INFO - [2025-10-06T21:33:27.586+0000] {dag.py:4180} INFO - Setting next_dagrun for example_setup_teardown_taskflow to None, run_after=None
[2025-10-06T21:33:27.638+0000] {processor.py:208} INFO - Processing /home/airflow/.local/lib/python3.12/site-packages/airflow/example_dags/example_setup_teardown_taskflow.py took 0.232 seconds
[2025-10-06T21:33:58.611+0000] {processor.py:186} INFO - Started process (PID=4796) to work on /home/airflow/.local/lib/python3.12/site-packages/airflow/example_dags/example_setup_teardown_taskflow.py
[2025-10-06T21:33:58.612+0000] {processor.py:914} INFO - Processing file /home/airflow/.local/lib/python3.12/site-packages/airflow/example_dags/example_setup_teardown_taskflow.py for tasks to queue
[2025-10-06T21:33:58.613+0000] {logging_mixin.py:190} INFO - [2025-10-06T21:33:58.613+0000] {dagbag.py:588} INFO - Filling up the DagBag from /home/airflow/.local/lib/python3.12/site-packages/airflow/example_dags/example_setup_teardown_taskflow.py
[2025-10-06T21:33:58.627+0000] {processor.py:925} INFO - DAG(s) 'example_setup_teardown_taskflow' retrieved from /home/airflow/.local/lib/python3.12/site-packages/airflow/example_dags/example_setup_teardown_taskflow.py
[2025-10-06T21:33:58.650+0000] {logging_mixin.py:190} INFO - [2025-10-06T21:33:58.649+0000] {dag.py:3239} INFO - Sync 1 DAGs
[2025-10-06T21:33:58.668+0000] {logging_mixin.py:190} INFO - [2025-10-06T21:33:58.668+0000] {dag.py:4180} INFO - Setting next_dagrun for example_setup_teardown_taskflow to None, run_after=None
[2025-10-06T21:33:58.698+0000] {processor.py:208} INFO - Processing /home/airflow/.local/lib/python3.12/site-packages/airflow/example_dags/example_setup_teardown_taskflow.py took 0.095 seconds
[2025-10-06T21:34:30.998+0000] {processor.py:186} INFO - Started process (PID=4859) to work on /home/airflow/.local/lib/python3.12/site-packages/airflow/example_dags/example_setup_teardown_taskflow.py
[2025-10-06T21:34:30.999+0000] {processor.py:914} INFO - Processing file /home/airflow/.local/lib/python3.12/site-packages/airflow/example_dags/example_setup_teardown_taskflow.py for tasks to queue
[2025-10-06T21:34:31.001+0000] {logging_mixin.py:190} INFO - [2025-10-06T21:34:31.000+0000] {dagbag.py:588} INFO - Filling up the DagBag from /home/airflow/.local/lib/python3.12/site-packages/airflow/example_dags/example_setup_teardown_taskflow.py
[2025-10-06T21:34:31.013+0000] {processor.py:925} INFO - DAG(s) 'example_setup_teardown_taskflow' retrieved from /home/airflow/.local/lib/python3.12/site-packages/airflow/example_dags/example_setup_teardown_taskflow.py
[2025-10-06T21:34:31.036+0000] {logging_mixin.py:190} INFO - [2025-10-06T21:34:31.036+0000] {dag.py:3239} INFO - Sync 1 DAGs
[2025-10-06T21:34:31.054+0000] {logging_mixin.py:190} INFO - [2025-10-06T21:34:31.053+0000] {dag.py:4180} INFO - Setting next_dagrun for example_setup_teardown_taskflow to None, run_after=None
[2025-10-06T21:34:31.081+0000] {processor.py:208} INFO - Processing /home/airflow/.local/lib/python3.12/site-packages/airflow/example_dags/example_setup_teardown_taskflow.py took 0.090 seconds
[2025-10-06T21:35:01.599+0000] {processor.py:186} INFO - Started process (PID=4922) to work on /home/airflow/.local/lib/python3.12/site-packages/airflow/example_dags/example_setup_teardown_taskflow.py
[2025-10-06T21:35:01.601+0000] {processor.py:914} INFO - Processing file /home/airflow/.local/lib/python3.12/site-packages/airflow/example_dags/example_setup_teardown_taskflow.py for tasks to queue
[2025-10-06T21:35:01.603+0000] {logging_mixin.py:190} INFO - [2025-10-06T21:35:01.602+0000] {dagbag.py:588} INFO - Filling up the DagBag from /home/airflow/.local/lib/python3.12/site-packages/airflow/example_dags/example_setup_teardown_taskflow.py
[2025-10-06T21:35:01.615+0000] {processor.py:925} INFO - DAG(s) 'example_setup_teardown_taskflow' retrieved from /home/airflow/.local/lib/python3.12/site-packages/airflow/example_dags/example_setup_teardown_taskflow.py
[2025-10-06T21:35:01.640+0000] {logging_mixin.py:190} INFO - [2025-10-06T21:35:01.639+0000] {dag.py:3239} INFO - Sync 1 DAGs
[2025-10-06T21:35:01.657+0000] {logging_mixin.py:190} INFO - [2025-10-06T21:35:01.657+0000] {dag.py:4180} INFO - Setting next_dagrun for example_setup_teardown_taskflow to None, run_after=None
[2025-10-06T21:35:01.681+0000] {processor.py:208} INFO - Processing /home/airflow/.local/lib/python3.12/site-packages/airflow/example_dags/example_setup_teardown_taskflow.py took 0.089 seconds
[2025-10-06T21:35:33.689+0000] {processor.py:186} INFO - Started process (PID=4985) to work on /home/airflow/.local/lib/python3.12/site-packages/airflow/example_dags/example_setup_teardown_taskflow.py
[2025-10-06T21:35:33.690+0000] {processor.py:914} INFO - Processing file /home/airflow/.local/lib/python3.12/site-packages/airflow/example_dags/example_setup_teardown_taskflow.py for tasks to queue
[2025-10-06T21:35:33.692+0000] {logging_mixin.py:190} INFO - [2025-10-06T21:35:33.691+0000] {dagbag.py:588} INFO - Filling up the DagBag from /home/airflow/.local/lib/python3.12/site-packages/airflow/example_dags/example_setup_teardown_taskflow.py
[2025-10-06T21:35:33.704+0000] {processor.py:925} INFO - DAG(s) 'example_setup_teardown_taskflow' retrieved from /home/airflow/.local/lib/python3.12/site-packages/airflow/example_dags/example_setup_teardown_taskflow.py
[2025-10-06T21:35:33.731+0000] {logging_mixin.py:190} INFO - [2025-10-06T21:35:33.730+0000] {dag.py:3239} INFO - Sync 1 DAGs
[2025-10-06T21:35:33.750+0000] {logging_mixin.py:190} INFO - [2025-10-06T21:35:33.750+0000] {dag.py:4180} INFO - Setting next_dagrun for example_setup_teardown_taskflow to None, run_after=None
[2025-10-06T21:35:33.772+0000] {processor.py:208} INFO - Processing /home/airflow/.local/lib/python3.12/site-packages/airflow/example_dags/example_setup_teardown_taskflow.py took 0.090 seconds
[2025-10-06T21:36:41.409+0000] {processor.py:186} INFO - Started process (PID=5067) to work on /home/airflow/.local/lib/python3.12/site-packages/airflow/example_dags/example_setup_teardown_taskflow.py
[2025-10-06T21:36:41.411+0000] {processor.py:914} INFO - Processing file /home/airflow/.local/lib/python3.12/site-packages/airflow/example_dags/example_setup_teardown_taskflow.py for tasks to queue
[2025-10-06T21:36:41.413+0000] {logging_mixin.py:190} INFO - [2025-10-06T21:36:41.413+0000] {dagbag.py:588} INFO - Filling up the DagBag from /home/airflow/.local/lib/python3.12/site-packages/airflow/example_dags/example_setup_teardown_taskflow.py
[2025-10-06T21:36:41.435+0000] {processor.py:925} INFO - DAG(s) 'example_setup_teardown_taskflow' retrieved from /home/airflow/.local/lib/python3.12/site-packages/airflow/example_dags/example_setup_teardown_taskflow.py
[2025-10-06T21:36:41.483+0000] {logging_mixin.py:190} INFO - [2025-10-06T21:36:41.482+0000] {dag.py:3239} INFO - Sync 1 DAGs
[2025-10-06T21:36:41.515+0000] {logging_mixin.py:190} INFO - [2025-10-06T21:36:41.515+0000] {dag.py:4180} INFO - Setting next_dagrun for example_setup_teardown_taskflow to None, run_after=None
[2025-10-06T21:36:41.558+0000] {processor.py:208} INFO - Processing /home/airflow/.local/lib/python3.12/site-packages/airflow/example_dags/example_setup_teardown_taskflow.py took 0.162 seconds
[2025-10-06T21:37:22.563+0000] {processor.py:186} INFO - Started process (PID=5130) to work on /home/airflow/.local/lib/python3.12/site-packages/airflow/example_dags/example_setup_teardown_taskflow.py
[2025-10-06T21:37:22.565+0000] {processor.py:914} INFO - Processing file /home/airflow/.local/lib/python3.12/site-packages/airflow/example_dags/example_setup_teardown_taskflow.py for tasks to queue
[2025-10-06T21:37:22.568+0000] {logging_mixin.py:190} INFO - [2025-10-06T21:37:22.567+0000] {dagbag.py:588} INFO - Filling up the DagBag from /home/airflow/.local/lib/python3.12/site-packages/airflow/example_dags/example_setup_teardown_taskflow.py
[2025-10-06T21:37:22.591+0000] {processor.py:925} INFO - DAG(s) 'example_setup_teardown_taskflow' retrieved from /home/airflow/.local/lib/python3.12/site-packages/airflow/example_dags/example_setup_teardown_taskflow.py
[2025-10-06T21:37:22.639+0000] {logging_mixin.py:190} INFO - [2025-10-06T21:37:22.638+0000] {dag.py:3239} INFO - Sync 1 DAGs
[2025-10-06T21:37:22.669+0000] {logging_mixin.py:190} INFO - [2025-10-06T21:37:22.669+0000] {dag.py:4180} INFO - Setting next_dagrun for example_setup_teardown_taskflow to None, run_after=None
[2025-10-06T21:37:22.703+0000] {processor.py:208} INFO - Processing /home/airflow/.local/lib/python3.12/site-packages/airflow/example_dags/example_setup_teardown_taskflow.py took 0.154 seconds
[2025-10-06T21:37:53.619+0000] {processor.py:186} INFO - Started process (PID=5193) to work on /home/airflow/.local/lib/python3.12/site-packages/airflow/example_dags/example_setup_teardown_taskflow.py
[2025-10-06T21:37:53.620+0000] {processor.py:914} INFO - Processing file /home/airflow/.local/lib/python3.12/site-packages/airflow/example_dags/example_setup_teardown_taskflow.py for tasks to queue
[2025-10-06T21:37:53.622+0000] {logging_mixin.py:190} INFO - [2025-10-06T21:37:53.621+0000] {dagbag.py:588} INFO - Filling up the DagBag from /home/airflow/.local/lib/python3.12/site-packages/airflow/example_dags/example_setup_teardown_taskflow.py
[2025-10-06T21:37:53.636+0000] {processor.py:925} INFO - DAG(s) 'example_setup_teardown_taskflow' retrieved from /home/airflow/.local/lib/python3.12/site-packages/airflow/example_dags/example_setup_teardown_taskflow.py
[2025-10-06T21:37:53.663+0000] {logging_mixin.py:190} INFO - [2025-10-06T21:37:53.662+0000] {dag.py:3239} INFO - Sync 1 DAGs
[2025-10-06T21:37:53.683+0000] {logging_mixin.py:190} INFO - [2025-10-06T21:37:53.683+0000] {dag.py:4180} INFO - Setting next_dagrun for example_setup_teardown_taskflow to None, run_after=None
[2025-10-06T21:37:53.710+0000] {processor.py:208} INFO - Processing /home/airflow/.local/lib/python3.12/site-packages/airflow/example_dags/example_setup_teardown_taskflow.py took 0.101 seconds
[2025-10-06T21:38:24.913+0000] {processor.py:186} INFO - Started process (PID=5256) to work on /home/airflow/.local/lib/python3.12/site-packages/airflow/example_dags/example_setup_teardown_taskflow.py
[2025-10-06T21:38:24.914+0000] {processor.py:914} INFO - Processing file /home/airflow/.local/lib/python3.12/site-packages/airflow/example_dags/example_setup_teardown_taskflow.py for tasks to queue
[2025-10-06T21:38:24.915+0000] {logging_mixin.py:190} INFO - [2025-10-06T21:38:24.915+0000] {dagbag.py:588} INFO - Filling up the DagBag from /home/airflow/.local/lib/python3.12/site-packages/airflow/example_dags/example_setup_teardown_taskflow.py
[2025-10-06T21:38:24.928+0000] {processor.py:925} INFO - DAG(s) 'example_setup_teardown_taskflow' retrieved from /home/airflow/.local/lib/python3.12/site-packages/airflow/example_dags/example_setup_teardown_taskflow.py
[2025-10-06T21:38:24.952+0000] {logging_mixin.py:190} INFO - [2025-10-06T21:38:24.952+0000] {dag.py:3239} INFO - Sync 1 DAGs
[2025-10-06T21:38:24.970+0000] {logging_mixin.py:190} INFO - [2025-10-06T21:38:24.970+0000] {dag.py:4180} INFO - Setting next_dagrun for example_setup_teardown_taskflow to None, run_after=None
[2025-10-06T21:38:25.001+0000] {processor.py:208} INFO - Processing /home/airflow/.local/lib/python3.12/site-packages/airflow/example_dags/example_setup_teardown_taskflow.py took 0.095 seconds
[2025-10-06T21:38:56.522+0000] {processor.py:186} INFO - Started process (PID=5320) to work on /home/airflow/.local/lib/python3.12/site-packages/airflow/example_dags/example_setup_teardown_taskflow.py
[2025-10-06T21:38:56.524+0000] {processor.py:914} INFO - Processing file /home/airflow/.local/lib/python3.12/site-packages/airflow/example_dags/example_setup_teardown_taskflow.py for tasks to queue
[2025-10-06T21:38:56.525+0000] {logging_mixin.py:190} INFO - [2025-10-06T21:38:56.525+0000] {dagbag.py:588} INFO - Filling up the DagBag from /home/airflow/.local/lib/python3.12/site-packages/airflow/example_dags/example_setup_teardown_taskflow.py
[2025-10-06T21:38:56.538+0000] {processor.py:925} INFO - DAG(s) 'example_setup_teardown_taskflow' retrieved from /home/airflow/.local/lib/python3.12/site-packages/airflow/example_dags/example_setup_teardown_taskflow.py
[2025-10-06T21:38:56.564+0000] {logging_mixin.py:190} INFO - [2025-10-06T21:38:56.564+0000] {dag.py:3239} INFO - Sync 1 DAGs
[2025-10-06T21:38:56.580+0000] {logging_mixin.py:190} INFO - [2025-10-06T21:38:56.580+0000] {dag.py:4180} INFO - Setting next_dagrun for example_setup_teardown_taskflow to None, run_after=None
[2025-10-06T21:38:56.608+0000] {processor.py:208} INFO - Processing /home/airflow/.local/lib/python3.12/site-packages/airflow/example_dags/example_setup_teardown_taskflow.py took 0.093 seconds
[2025-10-06T21:39:28.803+0000] {processor.py:186} INFO - Started process (PID=5383) to work on /home/airflow/.local/lib/python3.12/site-packages/airflow/example_dags/example_setup_teardown_taskflow.py
[2025-10-06T21:39:28.804+0000] {processor.py:914} INFO - Processing file /home/airflow/.local/lib/python3.12/site-packages/airflow/example_dags/example_setup_teardown_taskflow.py for tasks to queue
[2025-10-06T21:39:28.806+0000] {logging_mixin.py:190} INFO - [2025-10-06T21:39:28.805+0000] {dagbag.py:588} INFO - Filling up the DagBag from /home/airflow/.local/lib/python3.12/site-packages/airflow/example_dags/example_setup_teardown_taskflow.py
[2025-10-06T21:39:28.818+0000] {processor.py:925} INFO - DAG(s) 'example_setup_teardown_taskflow' retrieved from /home/airflow/.local/lib/python3.12/site-packages/airflow/example_dags/example_setup_teardown_taskflow.py
[2025-10-06T21:39:28.842+0000] {logging_mixin.py:190} INFO - [2025-10-06T21:39:28.842+0000] {dag.py:3239} INFO - Sync 1 DAGs
[2025-10-06T21:39:28.859+0000] {logging_mixin.py:190} INFO - [2025-10-06T21:39:28.859+0000] {dag.py:4180} INFO - Setting next_dagrun for example_setup_teardown_taskflow to None, run_after=None
[2025-10-06T21:39:28.881+0000] {processor.py:208} INFO - Processing /home/airflow/.local/lib/python3.12/site-packages/airflow/example_dags/example_setup_teardown_taskflow.py took 0.085 seconds
[2025-10-06T21:40:00.166+0000] {processor.py:186} INFO - Started process (PID=5445) to work on /home/airflow/.local/lib/python3.12/site-packages/airflow/example_dags/example_setup_teardown_taskflow.py
[2025-10-06T21:40:00.167+0000] {processor.py:914} INFO - Processing file /home/airflow/.local/lib/python3.12/site-packages/airflow/example_dags/example_setup_teardown_taskflow.py for tasks to queue
[2025-10-06T21:40:00.169+0000] {logging_mixin.py:190} INFO - [2025-10-06T21:40:00.168+0000] {dagbag.py:588} INFO - Filling up the DagBag from /home/airflow/.local/lib/python3.12/site-packages/airflow/example_dags/example_setup_teardown_taskflow.py
[2025-10-06T21:40:00.181+0000] {processor.py:925} INFO - DAG(s) 'example_setup_teardown_taskflow' retrieved from /home/airflow/.local/lib/python3.12/site-packages/airflow/example_dags/example_setup_teardown_taskflow.py
[2025-10-06T21:40:00.204+0000] {logging_mixin.py:190} INFO - [2025-10-06T21:40:00.203+0000] {dag.py:3239} INFO - Sync 1 DAGs
[2025-10-06T21:40:00.221+0000] {logging_mixin.py:190} INFO - [2025-10-06T21:40:00.221+0000] {dag.py:4180} INFO - Setting next_dagrun for example_setup_teardown_taskflow to None, run_after=None
[2025-10-06T21:40:00.243+0000] {processor.py:208} INFO - Processing /home/airflow/.local/lib/python3.12/site-packages/airflow/example_dags/example_setup_teardown_taskflow.py took 0.084 seconds
[2025-10-06T21:40:31.792+0000] {processor.py:186} INFO - Started process (PID=5506) to work on /home/airflow/.local/lib/python3.12/site-packages/airflow/example_dags/example_setup_teardown_taskflow.py
[2025-10-06T21:40:31.794+0000] {processor.py:914} INFO - Processing file /home/airflow/.local/lib/python3.12/site-packages/airflow/example_dags/example_setup_teardown_taskflow.py for tasks to queue
[2025-10-06T21:40:31.796+0000] {logging_mixin.py:190} INFO - [2025-10-06T21:40:31.795+0000] {dagbag.py:588} INFO - Filling up the DagBag from /home/airflow/.local/lib/python3.12/site-packages/airflow/example_dags/example_setup_teardown_taskflow.py
[2025-10-06T21:40:31.814+0000] {processor.py:925} INFO - DAG(s) 'example_setup_teardown_taskflow' retrieved from /home/airflow/.local/lib/python3.12/site-packages/airflow/example_dags/example_setup_teardown_taskflow.py
[2025-10-06T21:40:31.850+0000] {logging_mixin.py:190} INFO - [2025-10-06T21:40:31.850+0000] {dag.py:3239} INFO - Sync 1 DAGs
[2025-10-06T21:40:31.877+0000] {logging_mixin.py:190} INFO - [2025-10-06T21:40:31.876+0000] {dag.py:4180} INFO - Setting next_dagrun for example_setup_teardown_taskflow to None, run_after=None
[2025-10-06T21:40:31.911+0000] {processor.py:208} INFO - Processing /home/airflow/.local/lib/python3.12/site-packages/airflow/example_dags/example_setup_teardown_taskflow.py took 0.130 seconds
[2025-10-06T21:41:03.495+0000] {processor.py:186} INFO - Started process (PID=5570) to work on /home/airflow/.local/lib/python3.12/site-packages/airflow/example_dags/example_setup_teardown_taskflow.py
[2025-10-06T21:41:03.496+0000] {processor.py:914} INFO - Processing file /home/airflow/.local/lib/python3.12/site-packages/airflow/example_dags/example_setup_teardown_taskflow.py for tasks to queue
[2025-10-06T21:41:03.498+0000] {logging_mixin.py:190} INFO - [2025-10-06T21:41:03.497+0000] {dagbag.py:588} INFO - Filling up the DagBag from /home/airflow/.local/lib/python3.12/site-packages/airflow/example_dags/example_setup_teardown_taskflow.py
[2025-10-06T21:41:03.511+0000] {processor.py:925} INFO - DAG(s) 'example_setup_teardown_taskflow' retrieved from /home/airflow/.local/lib/python3.12/site-packages/airflow/example_dags/example_setup_teardown_taskflow.py
[2025-10-06T21:41:03.537+0000] {logging_mixin.py:190} INFO - [2025-10-06T21:41:03.537+0000] {dag.py:3239} INFO - Sync 1 DAGs
[2025-10-06T21:41:03.554+0000] {logging_mixin.py:190} INFO - [2025-10-06T21:41:03.554+0000] {dag.py:4180} INFO - Setting next_dagrun for example_setup_teardown_taskflow to None, run_after=None
[2025-10-06T21:41:03.575+0000] {processor.py:208} INFO - Processing /home/airflow/.local/lib/python3.12/site-packages/airflow/example_dags/example_setup_teardown_taskflow.py took 0.087 seconds
[2025-10-06T21:41:34.122+0000] {processor.py:186} INFO - Started process (PID=5624) to work on /home/airflow/.local/lib/python3.12/site-packages/airflow/example_dags/example_setup_teardown_taskflow.py
[2025-10-06T21:41:34.123+0000] {processor.py:914} INFO - Processing file /home/airflow/.local/lib/python3.12/site-packages/airflow/example_dags/example_setup_teardown_taskflow.py for tasks to queue
[2025-10-06T21:41:34.125+0000] {logging_mixin.py:190} INFO - [2025-10-06T21:41:34.124+0000] {dagbag.py:588} INFO - Filling up the DagBag from /home/airflow/.local/lib/python3.12/site-packages/airflow/example_dags/example_setup_teardown_taskflow.py
[2025-10-06T21:41:34.137+0000] {processor.py:925} INFO - DAG(s) 'example_setup_teardown_taskflow' retrieved from /home/airflow/.local/lib/python3.12/site-packages/airflow/example_dags/example_setup_teardown_taskflow.py
[2025-10-06T21:41:34.162+0000] {logging_mixin.py:190} INFO - [2025-10-06T21:41:34.161+0000] {dag.py:3239} INFO - Sync 1 DAGs
[2025-10-06T21:41:34.178+0000] {logging_mixin.py:190} INFO - [2025-10-06T21:41:34.178+0000] {dag.py:4180} INFO - Setting next_dagrun for example_setup_teardown_taskflow to None, run_after=None
[2025-10-06T21:41:34.199+0000] {processor.py:208} INFO - Processing /home/airflow/.local/lib/python3.12/site-packages/airflow/example_dags/example_setup_teardown_taskflow.py took 0.085 seconds
[2025-10-06T21:42:07.951+0000] {processor.py:186} INFO - Started process (PID=5686) to work on /home/airflow/.local/lib/python3.12/site-packages/airflow/example_dags/example_setup_teardown_taskflow.py
[2025-10-06T21:42:07.953+0000] {processor.py:914} INFO - Processing file /home/airflow/.local/lib/python3.12/site-packages/airflow/example_dags/example_setup_teardown_taskflow.py for tasks to queue
[2025-10-06T21:42:07.956+0000] {logging_mixin.py:190} INFO - [2025-10-06T21:42:07.955+0000] {dagbag.py:588} INFO - Filling up the DagBag from /home/airflow/.local/lib/python3.12/site-packages/airflow/example_dags/example_setup_teardown_taskflow.py
[2025-10-06T21:42:07.983+0000] {processor.py:925} INFO - DAG(s) 'example_setup_teardown_taskflow' retrieved from /home/airflow/.local/lib/python3.12/site-packages/airflow/example_dags/example_setup_teardown_taskflow.py
[2025-10-06T21:42:08.033+0000] {logging_mixin.py:190} INFO - [2025-10-06T21:42:08.033+0000] {dag.py:3239} INFO - Sync 1 DAGs
[2025-10-06T21:42:08.069+0000] {logging_mixin.py:190} INFO - [2025-10-06T21:42:08.069+0000] {dag.py:4180} INFO - Setting next_dagrun for example_setup_teardown_taskflow to None, run_after=None
[2025-10-06T21:42:08.110+0000] {processor.py:208} INFO - Processing /home/airflow/.local/lib/python3.12/site-packages/airflow/example_dags/example_setup_teardown_taskflow.py took 0.172 seconds
[2025-10-06T21:42:38.412+0000] {processor.py:186} INFO - Started process (PID=5743) to work on /home/airflow/.local/lib/python3.12/site-packages/airflow/example_dags/example_setup_teardown_taskflow.py
[2025-10-06T21:42:38.413+0000] {processor.py:914} INFO - Processing file /home/airflow/.local/lib/python3.12/site-packages/airflow/example_dags/example_setup_teardown_taskflow.py for tasks to queue
[2025-10-06T21:42:38.415+0000] {logging_mixin.py:190} INFO - [2025-10-06T21:42:38.415+0000] {dagbag.py:588} INFO - Filling up the DagBag from /home/airflow/.local/lib/python3.12/site-packages/airflow/example_dags/example_setup_teardown_taskflow.py
[2025-10-06T21:42:38.427+0000] {processor.py:925} INFO - DAG(s) 'example_setup_teardown_taskflow' retrieved from /home/airflow/.local/lib/python3.12/site-packages/airflow/example_dags/example_setup_teardown_taskflow.py
[2025-10-06T21:42:38.450+0000] {logging_mixin.py:190} INFO - [2025-10-06T21:42:38.450+0000] {dag.py:3239} INFO - Sync 1 DAGs
[2025-10-06T21:42:38.466+0000] {logging_mixin.py:190} INFO - [2025-10-06T21:42:38.466+0000] {dag.py:4180} INFO - Setting next_dagrun for example_setup_teardown_taskflow to None, run_after=None
[2025-10-06T21:42:38.487+0000] {processor.py:208} INFO - Processing /home/airflow/.local/lib/python3.12/site-packages/airflow/example_dags/example_setup_teardown_taskflow.py took 0.082 seconds
[2025-10-06T21:43:11.170+0000] {processor.py:186} INFO - Started process (PID=5812) to work on /home/airflow/.local/lib/python3.12/site-packages/airflow/example_dags/example_setup_teardown_taskflow.py
[2025-10-06T21:43:11.172+0000] {processor.py:914} INFO - Processing file /home/airflow/.local/lib/python3.12/site-packages/airflow/example_dags/example_setup_teardown_taskflow.py for tasks to queue
[2025-10-06T21:43:11.176+0000] {logging_mixin.py:190} INFO - [2025-10-06T21:43:11.175+0000] {dagbag.py:588} INFO - Filling up the DagBag from /home/airflow/.local/lib/python3.12/site-packages/airflow/example_dags/example_setup_teardown_taskflow.py
[2025-10-06T21:43:11.196+0000] {processor.py:925} INFO - DAG(s) 'example_setup_teardown_taskflow' retrieved from /home/airflow/.local/lib/python3.12/site-packages/airflow/example_dags/example_setup_teardown_taskflow.py
[2025-10-06T21:43:11.232+0000] {logging_mixin.py:190} INFO - [2025-10-06T21:43:11.232+0000] {dag.py:3239} INFO - Sync 1 DAGs
[2025-10-06T21:43:11.265+0000] {logging_mixin.py:190} INFO - [2025-10-06T21:43:11.265+0000] {dag.py:4180} INFO - Setting next_dagrun for example_setup_teardown_taskflow to None, run_after=None
[2025-10-06T21:43:11.300+0000] {processor.py:208} INFO - Processing /home/airflow/.local/lib/python3.12/site-packages/airflow/example_dags/example_setup_teardown_taskflow.py took 0.139 seconds
[2025-10-06T21:43:43.078+0000] {processor.py:186} INFO - Started process (PID=5874) to work on /home/airflow/.local/lib/python3.12/site-packages/airflow/example_dags/example_setup_teardown_taskflow.py
[2025-10-06T21:43:43.079+0000] {processor.py:914} INFO - Processing file /home/airflow/.local/lib/python3.12/site-packages/airflow/example_dags/example_setup_teardown_taskflow.py for tasks to queue
[2025-10-06T21:43:43.081+0000] {logging_mixin.py:190} INFO - [2025-10-06T21:43:43.081+0000] {dagbag.py:588} INFO - Filling up the DagBag from /home/airflow/.local/lib/python3.12/site-packages/airflow/example_dags/example_setup_teardown_taskflow.py
[2025-10-06T21:43:43.096+0000] {processor.py:925} INFO - DAG(s) 'example_setup_teardown_taskflow' retrieved from /home/airflow/.local/lib/python3.12/site-packages/airflow/example_dags/example_setup_teardown_taskflow.py
[2025-10-06T21:43:43.133+0000] {logging_mixin.py:190} INFO - [2025-10-06T21:43:43.132+0000] {dag.py:3239} INFO - Sync 1 DAGs
[2025-10-06T21:43:43.156+0000] {logging_mixin.py:190} INFO - [2025-10-06T21:43:43.156+0000] {dag.py:4180} INFO - Setting next_dagrun for example_setup_teardown_taskflow to None, run_after=None
[2025-10-06T21:43:43.192+0000] {processor.py:208} INFO - Processing /home/airflow/.local/lib/python3.12/site-packages/airflow/example_dags/example_setup_teardown_taskflow.py took 0.125 seconds
[2025-10-06T21:44:13.723+0000] {processor.py:186} INFO - Started process (PID=5931) to work on /home/airflow/.local/lib/python3.12/site-packages/airflow/example_dags/example_setup_teardown_taskflow.py
[2025-10-06T21:44:13.724+0000] {processor.py:914} INFO - Processing file /home/airflow/.local/lib/python3.12/site-packages/airflow/example_dags/example_setup_teardown_taskflow.py for tasks to queue
[2025-10-06T21:44:13.725+0000] {logging_mixin.py:190} INFO - [2025-10-06T21:44:13.725+0000] {dagbag.py:588} INFO - Filling up the DagBag from /home/airflow/.local/lib/python3.12/site-packages/airflow/example_dags/example_setup_teardown_taskflow.py
[2025-10-06T21:44:13.738+0000] {processor.py:925} INFO - DAG(s) 'example_setup_teardown_taskflow' retrieved from /home/airflow/.local/lib/python3.12/site-packages/airflow/example_dags/example_setup_teardown_taskflow.py
[2025-10-06T21:44:13.765+0000] {logging_mixin.py:190} INFO - [2025-10-06T21:44:13.764+0000] {dag.py:3239} INFO - Sync 1 DAGs
[2025-10-06T21:44:13.783+0000] {logging_mixin.py:190} INFO - [2025-10-06T21:44:13.782+0000] {dag.py:4180} INFO - Setting next_dagrun for example_setup_teardown_taskflow to None, run_after=None
[2025-10-06T21:44:13.806+0000] {processor.py:208} INFO - Processing /home/airflow/.local/lib/python3.12/site-packages/airflow/example_dags/example_setup_teardown_taskflow.py took 0.090 seconds
[2025-10-06T21:44:45.198+0000] {processor.py:186} INFO - Started process (PID=5994) to work on /home/airflow/.local/lib/python3.12/site-packages/airflow/example_dags/example_setup_teardown_taskflow.py
[2025-10-06T21:44:45.199+0000] {processor.py:914} INFO - Processing file /home/airflow/.local/lib/python3.12/site-packages/airflow/example_dags/example_setup_teardown_taskflow.py for tasks to queue
[2025-10-06T21:44:45.201+0000] {logging_mixin.py:190} INFO - [2025-10-06T21:44:45.201+0000] {dagbag.py:588} INFO - Filling up the DagBag from /home/airflow/.local/lib/python3.12/site-packages/airflow/example_dags/example_setup_teardown_taskflow.py
[2025-10-06T21:44:45.213+0000] {processor.py:925} INFO - DAG(s) 'example_setup_teardown_taskflow' retrieved from /home/airflow/.local/lib/python3.12/site-packages/airflow/example_dags/example_setup_teardown_taskflow.py
[2025-10-06T21:44:45.238+0000] {logging_mixin.py:190} INFO - [2025-10-06T21:44:45.238+0000] {dag.py:3239} INFO - Sync 1 DAGs
[2025-10-06T21:44:45.254+0000] {logging_mixin.py:190} INFO - [2025-10-06T21:44:45.254+0000] {dag.py:4180} INFO - Setting next_dagrun for example_setup_teardown_taskflow to None, run_after=None
[2025-10-06T21:44:45.275+0000] {processor.py:208} INFO - Processing /home/airflow/.local/lib/python3.12/site-packages/airflow/example_dags/example_setup_teardown_taskflow.py took 0.083 seconds
[2025-10-06T21:45:17.157+0000] {processor.py:186} INFO - Started process (PID=6057) to work on /home/airflow/.local/lib/python3.12/site-packages/airflow/example_dags/example_setup_teardown_taskflow.py
[2025-10-06T21:45:17.158+0000] {processor.py:914} INFO - Processing file /home/airflow/.local/lib/python3.12/site-packages/airflow/example_dags/example_setup_teardown_taskflow.py for tasks to queue
[2025-10-06T21:45:17.160+0000] {logging_mixin.py:190} INFO - [2025-10-06T21:45:17.160+0000] {dagbag.py:588} INFO - Filling up the DagBag from /home/airflow/.local/lib/python3.12/site-packages/airflow/example_dags/example_setup_teardown_taskflow.py
[2025-10-06T21:45:17.174+0000] {processor.py:925} INFO - DAG(s) 'example_setup_teardown_taskflow' retrieved from /home/airflow/.local/lib/python3.12/site-packages/airflow/example_dags/example_setup_teardown_taskflow.py
[2025-10-06T21:45:17.201+0000] {logging_mixin.py:190} INFO - [2025-10-06T21:45:17.200+0000] {dag.py:3239} INFO - Sync 1 DAGs
[2025-10-06T21:45:17.219+0000] {logging_mixin.py:190} INFO - [2025-10-06T21:45:17.219+0000] {dag.py:4180} INFO - Setting next_dagrun for example_setup_teardown_taskflow to None, run_after=None
[2025-10-06T21:45:17.244+0000] {processor.py:208} INFO - Processing /home/airflow/.local/lib/python3.12/site-packages/airflow/example_dags/example_setup_teardown_taskflow.py took 0.094 seconds
[2025-10-06T21:45:49.238+0000] {processor.py:186} INFO - Started process (PID=6120) to work on /home/airflow/.local/lib/python3.12/site-packages/airflow/example_dags/example_setup_teardown_taskflow.py
[2025-10-06T21:45:49.239+0000] {processor.py:914} INFO - Processing file /home/airflow/.local/lib/python3.12/site-packages/airflow/example_dags/example_setup_teardown_taskflow.py for tasks to queue
[2025-10-06T21:45:49.241+0000] {logging_mixin.py:190} INFO - [2025-10-06T21:45:49.241+0000] {dagbag.py:588} INFO - Filling up the DagBag from /home/airflow/.local/lib/python3.12/site-packages/airflow/example_dags/example_setup_teardown_taskflow.py
[2025-10-06T21:45:49.253+0000] {processor.py:925} INFO - DAG(s) 'example_setup_teardown_taskflow' retrieved from /home/airflow/.local/lib/python3.12/site-packages/airflow/example_dags/example_setup_teardown_taskflow.py
[2025-10-06T21:45:49.276+0000] {logging_mixin.py:190} INFO - [2025-10-06T21:45:49.275+0000] {dag.py:3239} INFO - Sync 1 DAGs
[2025-10-06T21:45:49.291+0000] {logging_mixin.py:190} INFO - [2025-10-06T21:45:49.291+0000] {dag.py:4180} INFO - Setting next_dagrun for example_setup_teardown_taskflow to None, run_after=None
[2025-10-06T21:45:49.313+0000] {processor.py:208} INFO - Processing /home/airflow/.local/lib/python3.12/site-packages/airflow/example_dags/example_setup_teardown_taskflow.py took 0.081 seconds
[2025-10-06T21:46:20.969+0000] {processor.py:186} INFO - Started process (PID=6183) to work on /home/airflow/.local/lib/python3.12/site-packages/airflow/example_dags/example_setup_teardown_taskflow.py
[2025-10-06T21:46:20.971+0000] {processor.py:914} INFO - Processing file /home/airflow/.local/lib/python3.12/site-packages/airflow/example_dags/example_setup_teardown_taskflow.py for tasks to queue
[2025-10-06T21:46:20.972+0000] {logging_mixin.py:190} INFO - [2025-10-06T21:46:20.972+0000] {dagbag.py:588} INFO - Filling up the DagBag from /home/airflow/.local/lib/python3.12/site-packages/airflow/example_dags/example_setup_teardown_taskflow.py
[2025-10-06T21:46:20.987+0000] {processor.py:925} INFO - DAG(s) 'example_setup_teardown_taskflow' retrieved from /home/airflow/.local/lib/python3.12/site-packages/airflow/example_dags/example_setup_teardown_taskflow.py
[2025-10-06T21:46:21.051+0000] {logging_mixin.py:190} INFO - [2025-10-06T21:46:21.051+0000] {dag.py:3239} INFO - Sync 1 DAGs
[2025-10-06T21:46:21.141+0000] {logging_mixin.py:190} INFO - [2025-10-06T21:46:21.141+0000] {dag.py:4180} INFO - Setting next_dagrun for example_setup_teardown_taskflow to None, run_after=None
[2025-10-06T21:46:21.214+0000] {processor.py:208} INFO - Processing /home/airflow/.local/lib/python3.12/site-packages/airflow/example_dags/example_setup_teardown_taskflow.py took 0.251 seconds
[2025-10-06T21:46:53.293+0000] {processor.py:186} INFO - Started process (PID=6246) to work on /home/airflow/.local/lib/python3.12/site-packages/airflow/example_dags/example_setup_teardown_taskflow.py
[2025-10-06T21:46:53.294+0000] {processor.py:914} INFO - Processing file /home/airflow/.local/lib/python3.12/site-packages/airflow/example_dags/example_setup_teardown_taskflow.py for tasks to queue
[2025-10-06T21:46:53.296+0000] {logging_mixin.py:190} INFO - [2025-10-06T21:46:53.296+0000] {dagbag.py:588} INFO - Filling up the DagBag from /home/airflow/.local/lib/python3.12/site-packages/airflow/example_dags/example_setup_teardown_taskflow.py
[2025-10-06T21:46:53.324+0000] {processor.py:925} INFO - DAG(s) 'example_setup_teardown_taskflow' retrieved from /home/airflow/.local/lib/python3.12/site-packages/airflow/example_dags/example_setup_teardown_taskflow.py
[2025-10-06T21:46:53.373+0000] {logging_mixin.py:190} INFO - [2025-10-06T21:46:53.373+0000] {dag.py:3239} INFO - Sync 1 DAGs
[2025-10-06T21:46:53.406+0000] {logging_mixin.py:190} INFO - [2025-10-06T21:46:53.405+0000] {dag.py:4180} INFO - Setting next_dagrun for example_setup_teardown_taskflow to None, run_after=None
[2025-10-06T21:46:53.439+0000] {processor.py:208} INFO - Processing /home/airflow/.local/lib/python3.12/site-packages/airflow/example_dags/example_setup_teardown_taskflow.py took 0.159 seconds
[2025-10-06T21:47:25.283+0000] {processor.py:186} INFO - Started process (PID=6309) to work on /home/airflow/.local/lib/python3.12/site-packages/airflow/example_dags/example_setup_teardown_taskflow.py
[2025-10-06T21:47:25.285+0000] {processor.py:914} INFO - Processing file /home/airflow/.local/lib/python3.12/site-packages/airflow/example_dags/example_setup_teardown_taskflow.py for tasks to queue
[2025-10-06T21:47:25.286+0000] {logging_mixin.py:190} INFO - [2025-10-06T21:47:25.286+0000] {dagbag.py:588} INFO - Filling up the DagBag from /home/airflow/.local/lib/python3.12/site-packages/airflow/example_dags/example_setup_teardown_taskflow.py
[2025-10-06T21:47:25.300+0000] {processor.py:925} INFO - DAG(s) 'example_setup_teardown_taskflow' retrieved from /home/airflow/.local/lib/python3.12/site-packages/airflow/example_dags/example_setup_teardown_taskflow.py
[2025-10-06T21:47:25.339+0000] {logging_mixin.py:190} INFO - [2025-10-06T21:47:25.339+0000] {dag.py:3239} INFO - Sync 1 DAGs
[2025-10-06T21:47:25.365+0000] {logging_mixin.py:190} INFO - [2025-10-06T21:47:25.364+0000] {dag.py:4180} INFO - Setting next_dagrun for example_setup_teardown_taskflow to None, run_after=None
[2025-10-06T21:47:25.388+0000] {processor.py:208} INFO - Processing /home/airflow/.local/lib/python3.12/site-packages/airflow/example_dags/example_setup_teardown_taskflow.py took 0.113 seconds
[2025-10-06T21:47:55.776+0000] {processor.py:186} INFO - Started process (PID=6373) to work on /home/airflow/.local/lib/python3.12/site-packages/airflow/example_dags/example_setup_teardown_taskflow.py
[2025-10-06T21:47:55.778+0000] {processor.py:914} INFO - Processing file /home/airflow/.local/lib/python3.12/site-packages/airflow/example_dags/example_setup_teardown_taskflow.py for tasks to queue
[2025-10-06T21:47:55.780+0000] {logging_mixin.py:190} INFO - [2025-10-06T21:47:55.780+0000] {dagbag.py:588} INFO - Filling up the DagBag from /home/airflow/.local/lib/python3.12/site-packages/airflow/example_dags/example_setup_teardown_taskflow.py
[2025-10-06T21:47:55.801+0000] {processor.py:925} INFO - DAG(s) 'example_setup_teardown_taskflow' retrieved from /home/airflow/.local/lib/python3.12/site-packages/airflow/example_dags/example_setup_teardown_taskflow.py
[2025-10-06T21:47:55.843+0000] {logging_mixin.py:190} INFO - [2025-10-06T21:47:55.843+0000] {dag.py:3239} INFO - Sync 1 DAGs
[2025-10-06T21:47:55.878+0000] {logging_mixin.py:190} INFO - [2025-10-06T21:47:55.876+0000] {dag.py:4180} INFO - Setting next_dagrun for example_setup_teardown_taskflow to None, run_after=None
[2025-10-06T21:47:55.916+0000] {processor.py:208} INFO - Processing /home/airflow/.local/lib/python3.12/site-packages/airflow/example_dags/example_setup_teardown_taskflow.py took 0.149 seconds
[2025-10-06T21:48:28.257+0000] {processor.py:186} INFO - Started process (PID=6436) to work on /home/airflow/.local/lib/python3.12/site-packages/airflow/example_dags/example_setup_teardown_taskflow.py
[2025-10-06T21:48:28.258+0000] {processor.py:914} INFO - Processing file /home/airflow/.local/lib/python3.12/site-packages/airflow/example_dags/example_setup_teardown_taskflow.py for tasks to queue
[2025-10-06T21:48:28.259+0000] {logging_mixin.py:190} INFO - [2025-10-06T21:48:28.259+0000] {dagbag.py:588} INFO - Filling up the DagBag from /home/airflow/.local/lib/python3.12/site-packages/airflow/example_dags/example_setup_teardown_taskflow.py
[2025-10-06T21:48:28.270+0000] {processor.py:925} INFO - DAG(s) 'example_setup_teardown_taskflow' retrieved from /home/airflow/.local/lib/python3.12/site-packages/airflow/example_dags/example_setup_teardown_taskflow.py
[2025-10-06T21:48:28.293+0000] {logging_mixin.py:190} INFO - [2025-10-06T21:48:28.293+0000] {dag.py:3239} INFO - Sync 1 DAGs
[2025-10-06T21:48:28.310+0000] {logging_mixin.py:190} INFO - [2025-10-06T21:48:28.310+0000] {dag.py:4180} INFO - Setting next_dagrun for example_setup_teardown_taskflow to None, run_after=None
[2025-10-06T21:48:28.337+0000] {processor.py:208} INFO - Processing /home/airflow/.local/lib/python3.12/site-packages/airflow/example_dags/example_setup_teardown_taskflow.py took 0.086 seconds
[2025-10-06T21:49:00.391+0000] {processor.py:186} INFO - Started process (PID=6499) to work on /home/airflow/.local/lib/python3.12/site-packages/airflow/example_dags/example_setup_teardown_taskflow.py
[2025-10-06T21:49:00.393+0000] {processor.py:914} INFO - Processing file /home/airflow/.local/lib/python3.12/site-packages/airflow/example_dags/example_setup_teardown_taskflow.py for tasks to queue
[2025-10-06T21:49:00.394+0000] {logging_mixin.py:190} INFO - [2025-10-06T21:49:00.394+0000] {dagbag.py:588} INFO - Filling up the DagBag from /home/airflow/.local/lib/python3.12/site-packages/airflow/example_dags/example_setup_teardown_taskflow.py
[2025-10-06T21:49:00.407+0000] {processor.py:925} INFO - DAG(s) 'example_setup_teardown_taskflow' retrieved from /home/airflow/.local/lib/python3.12/site-packages/airflow/example_dags/example_setup_teardown_taskflow.py
[2025-10-06T21:49:00.430+0000] {logging_mixin.py:190} INFO - [2025-10-06T21:49:00.430+0000] {dag.py:3239} INFO - Sync 1 DAGs
[2025-10-06T21:49:00.447+0000] {logging_mixin.py:190} INFO - [2025-10-06T21:49:00.447+0000] {dag.py:4180} INFO - Setting next_dagrun for example_setup_teardown_taskflow to None, run_after=None
[2025-10-06T21:49:00.471+0000] {processor.py:208} INFO - Processing /home/airflow/.local/lib/python3.12/site-packages/airflow/example_dags/example_setup_teardown_taskflow.py took 0.086 seconds
[2025-10-06T21:49:32.560+0000] {processor.py:186} INFO - Started process (PID=6562) to work on /home/airflow/.local/lib/python3.12/site-packages/airflow/example_dags/example_setup_teardown_taskflow.py
[2025-10-06T21:49:32.561+0000] {processor.py:914} INFO - Processing file /home/airflow/.local/lib/python3.12/site-packages/airflow/example_dags/example_setup_teardown_taskflow.py for tasks to queue
[2025-10-06T21:49:32.562+0000] {logging_mixin.py:190} INFO - [2025-10-06T21:49:32.562+0000] {dagbag.py:588} INFO - Filling up the DagBag from /home/airflow/.local/lib/python3.12/site-packages/airflow/example_dags/example_setup_teardown_taskflow.py
[2025-10-06T21:49:32.575+0000] {processor.py:925} INFO - DAG(s) 'example_setup_teardown_taskflow' retrieved from /home/airflow/.local/lib/python3.12/site-packages/airflow/example_dags/example_setup_teardown_taskflow.py
[2025-10-06T21:49:32.601+0000] {logging_mixin.py:190} INFO - [2025-10-06T21:49:32.601+0000] {dag.py:3239} INFO - Sync 1 DAGs
[2025-10-06T21:49:32.617+0000] {logging_mixin.py:190} INFO - [2025-10-06T21:49:32.617+0000] {dag.py:4180} INFO - Setting next_dagrun for example_setup_teardown_taskflow to None, run_after=None
[2025-10-06T21:49:32.638+0000] {processor.py:208} INFO - Processing /home/airflow/.local/lib/python3.12/site-packages/airflow/example_dags/example_setup_teardown_taskflow.py took 0.085 seconds
[2025-10-06T21:50:04.338+0000] {processor.py:186} INFO - Started process (PID=6625) to work on /home/airflow/.local/lib/python3.12/site-packages/airflow/example_dags/example_setup_teardown_taskflow.py
[2025-10-06T21:50:04.341+0000] {processor.py:914} INFO - Processing file /home/airflow/.local/lib/python3.12/site-packages/airflow/example_dags/example_setup_teardown_taskflow.py for tasks to queue
[2025-10-06T21:50:04.345+0000] {logging_mixin.py:190} INFO - [2025-10-06T21:50:04.344+0000] {dagbag.py:588} INFO - Filling up the DagBag from /home/airflow/.local/lib/python3.12/site-packages/airflow/example_dags/example_setup_teardown_taskflow.py
[2025-10-06T21:50:04.381+0000] {processor.py:925} INFO - DAG(s) 'example_setup_teardown_taskflow' retrieved from /home/airflow/.local/lib/python3.12/site-packages/airflow/example_dags/example_setup_teardown_taskflow.py
[2025-10-06T21:50:04.473+0000] {logging_mixin.py:190} INFO - [2025-10-06T21:50:04.472+0000] {dag.py:3239} INFO - Sync 1 DAGs
[2025-10-06T21:50:04.512+0000] {logging_mixin.py:190} INFO - [2025-10-06T21:50:04.511+0000] {dag.py:4180} INFO - Setting next_dagrun for example_setup_teardown_taskflow to None, run_after=None
[2025-10-06T21:50:04.548+0000] {processor.py:208} INFO - Processing /home/airflow/.local/lib/python3.12/site-packages/airflow/example_dags/example_setup_teardown_taskflow.py took 0.224 seconds
[2025-10-06T21:51:30.219+0000] {processor.py:186} INFO - Started process (PID=86) to work on /home/airflow/.local/lib/python3.12/site-packages/airflow/example_dags/example_setup_teardown_taskflow.py
[2025-10-06T21:51:30.221+0000] {processor.py:914} INFO - Processing file /home/airflow/.local/lib/python3.12/site-packages/airflow/example_dags/example_setup_teardown_taskflow.py for tasks to queue
[2025-10-06T21:51:30.225+0000] {logging_mixin.py:190} INFO - [2025-10-06T21:51:30.224+0000] {dagbag.py:588} INFO - Filling up the DagBag from /home/airflow/.local/lib/python3.12/site-packages/airflow/example_dags/example_setup_teardown_taskflow.py
[2025-10-06T21:51:30.248+0000] {processor.py:925} INFO - DAG(s) 'example_setup_teardown_taskflow' retrieved from /home/airflow/.local/lib/python3.12/site-packages/airflow/example_dags/example_setup_teardown_taskflow.py
[2025-10-06T21:51:30.296+0000] {logging_mixin.py:190} INFO - [2025-10-06T21:51:30.295+0000] {dag.py:3239} INFO - Sync 1 DAGs
[2025-10-06T21:51:30.318+0000] {logging_mixin.py:190} INFO - [2025-10-06T21:51:30.318+0000] {dag.py:4180} INFO - Setting next_dagrun for example_setup_teardown_taskflow to None, run_after=None
[2025-10-06T21:51:30.350+0000] {processor.py:208} INFO - Processing /home/airflow/.local/lib/python3.12/site-packages/airflow/example_dags/example_setup_teardown_taskflow.py took 0.142 seconds
[2025-10-06T21:52:01.024+0000] {processor.py:186} INFO - Started process (PID=149) to work on /home/airflow/.local/lib/python3.12/site-packages/airflow/example_dags/example_setup_teardown_taskflow.py
[2025-10-06T21:52:01.025+0000] {processor.py:914} INFO - Processing file /home/airflow/.local/lib/python3.12/site-packages/airflow/example_dags/example_setup_teardown_taskflow.py for tasks to queue
[2025-10-06T21:52:01.029+0000] {logging_mixin.py:190} INFO - [2025-10-06T21:52:01.029+0000] {dagbag.py:588} INFO - Filling up the DagBag from /home/airflow/.local/lib/python3.12/site-packages/airflow/example_dags/example_setup_teardown_taskflow.py
[2025-10-06T21:52:01.049+0000] {processor.py:925} INFO - DAG(s) 'example_setup_teardown_taskflow' retrieved from /home/airflow/.local/lib/python3.12/site-packages/airflow/example_dags/example_setup_teardown_taskflow.py
[2025-10-06T21:52:01.090+0000] {logging_mixin.py:190} INFO - [2025-10-06T21:52:01.090+0000] {dag.py:3239} INFO - Sync 1 DAGs
[2025-10-06T21:52:01.110+0000] {logging_mixin.py:190} INFO - [2025-10-06T21:52:01.109+0000] {dag.py:4180} INFO - Setting next_dagrun for example_setup_teardown_taskflow to None, run_after=None
[2025-10-06T21:52:01.131+0000] {processor.py:208} INFO - Processing /home/airflow/.local/lib/python3.12/site-packages/airflow/example_dags/example_setup_teardown_taskflow.py took 0.114 seconds
[2025-10-06T21:52:31.511+0000] {processor.py:186} INFO - Started process (PID=206) to work on /home/airflow/.local/lib/python3.12/site-packages/airflow/example_dags/example_setup_teardown_taskflow.py
[2025-10-06T21:52:31.512+0000] {processor.py:914} INFO - Processing file /home/airflow/.local/lib/python3.12/site-packages/airflow/example_dags/example_setup_teardown_taskflow.py for tasks to queue
[2025-10-06T21:52:31.515+0000] {logging_mixin.py:190} INFO - [2025-10-06T21:52:31.514+0000] {dagbag.py:588} INFO - Filling up the DagBag from /home/airflow/.local/lib/python3.12/site-packages/airflow/example_dags/example_setup_teardown_taskflow.py
[2025-10-06T21:52:31.526+0000] {processor.py:925} INFO - DAG(s) 'example_setup_teardown_taskflow' retrieved from /home/airflow/.local/lib/python3.12/site-packages/airflow/example_dags/example_setup_teardown_taskflow.py
[2025-10-06T21:52:31.550+0000] {logging_mixin.py:190} INFO - [2025-10-06T21:52:31.549+0000] {dag.py:3239} INFO - Sync 1 DAGs
[2025-10-06T21:52:31.565+0000] {logging_mixin.py:190} INFO - [2025-10-06T21:52:31.565+0000] {dag.py:4180} INFO - Setting next_dagrun for example_setup_teardown_taskflow to None, run_after=None
[2025-10-06T21:52:31.588+0000] {processor.py:208} INFO - Processing /home/airflow/.local/lib/python3.12/site-packages/airflow/example_dags/example_setup_teardown_taskflow.py took 0.084 seconds
[2025-10-06T21:53:01.655+0000] {processor.py:186} INFO - Started process (PID=269) to work on /home/airflow/.local/lib/python3.12/site-packages/airflow/example_dags/example_setup_teardown_taskflow.py
[2025-10-06T21:53:01.656+0000] {processor.py:914} INFO - Processing file /home/airflow/.local/lib/python3.12/site-packages/airflow/example_dags/example_setup_teardown_taskflow.py for tasks to queue
[2025-10-06T21:53:01.659+0000] {logging_mixin.py:190} INFO - [2025-10-06T21:53:01.659+0000] {dagbag.py:588} INFO - Filling up the DagBag from /home/airflow/.local/lib/python3.12/site-packages/airflow/example_dags/example_setup_teardown_taskflow.py
[2025-10-06T21:53:01.670+0000] {processor.py:925} INFO - DAG(s) 'example_setup_teardown_taskflow' retrieved from /home/airflow/.local/lib/python3.12/site-packages/airflow/example_dags/example_setup_teardown_taskflow.py
[2025-10-06T21:53:01.691+0000] {logging_mixin.py:190} INFO - [2025-10-06T21:53:01.691+0000] {dag.py:3239} INFO - Sync 1 DAGs
[2025-10-06T21:53:01.706+0000] {logging_mixin.py:190} INFO - [2025-10-06T21:53:01.706+0000] {dag.py:4180} INFO - Setting next_dagrun for example_setup_teardown_taskflow to None, run_after=None
[2025-10-06T21:53:01.726+0000] {processor.py:208} INFO - Processing /home/airflow/.local/lib/python3.12/site-packages/airflow/example_dags/example_setup_teardown_taskflow.py took 0.077 seconds
[2025-10-06T21:53:33.532+0000] {processor.py:186} INFO - Started process (PID=333) to work on /home/airflow/.local/lib/python3.12/site-packages/airflow/example_dags/example_setup_teardown_taskflow.py
[2025-10-06T21:53:33.534+0000] {processor.py:914} INFO - Processing file /home/airflow/.local/lib/python3.12/site-packages/airflow/example_dags/example_setup_teardown_taskflow.py for tasks to queue
[2025-10-06T21:53:33.536+0000] {logging_mixin.py:190} INFO - [2025-10-06T21:53:33.536+0000] {dagbag.py:588} INFO - Filling up the DagBag from /home/airflow/.local/lib/python3.12/site-packages/airflow/example_dags/example_setup_teardown_taskflow.py
[2025-10-06T21:53:33.549+0000] {processor.py:925} INFO - DAG(s) 'example_setup_teardown_taskflow' retrieved from /home/airflow/.local/lib/python3.12/site-packages/airflow/example_dags/example_setup_teardown_taskflow.py
[2025-10-06T21:53:33.572+0000] {logging_mixin.py:190} INFO - [2025-10-06T21:53:33.572+0000] {dag.py:3239} INFO - Sync 1 DAGs
[2025-10-06T21:53:33.587+0000] {logging_mixin.py:190} INFO - [2025-10-06T21:53:33.587+0000] {dag.py:4180} INFO - Setting next_dagrun for example_setup_teardown_taskflow to None, run_after=None
[2025-10-06T21:53:33.633+0000] {processor.py:208} INFO - Processing /home/airflow/.local/lib/python3.12/site-packages/airflow/example_dags/example_setup_teardown_taskflow.py took 0.107 seconds
[2025-10-06T21:54:05.623+0000] {processor.py:186} INFO - Started process (PID=396) to work on /home/airflow/.local/lib/python3.12/site-packages/airflow/example_dags/example_setup_teardown_taskflow.py
[2025-10-06T21:54:05.625+0000] {processor.py:914} INFO - Processing file /home/airflow/.local/lib/python3.12/site-packages/airflow/example_dags/example_setup_teardown_taskflow.py for tasks to queue
[2025-10-06T21:54:05.629+0000] {logging_mixin.py:190} INFO - [2025-10-06T21:54:05.628+0000] {dagbag.py:588} INFO - Filling up the DagBag from /home/airflow/.local/lib/python3.12/site-packages/airflow/example_dags/example_setup_teardown_taskflow.py
[2025-10-06T21:54:05.644+0000] {processor.py:925} INFO - DAG(s) 'example_setup_teardown_taskflow' retrieved from /home/airflow/.local/lib/python3.12/site-packages/airflow/example_dags/example_setup_teardown_taskflow.py
[2025-10-06T21:54:05.673+0000] {logging_mixin.py:190} INFO - [2025-10-06T21:54:05.672+0000] {dag.py:3239} INFO - Sync 1 DAGs
[2025-10-06T21:54:05.699+0000] {logging_mixin.py:190} INFO - [2025-10-06T21:54:05.698+0000] {dag.py:4180} INFO - Setting next_dagrun for example_setup_teardown_taskflow to None, run_after=None
[2025-10-06T21:54:05.725+0000] {processor.py:208} INFO - Processing /home/airflow/.local/lib/python3.12/site-packages/airflow/example_dags/example_setup_teardown_taskflow.py took 0.109 seconds
[2025-10-06T21:54:37.458+0000] {processor.py:186} INFO - Started process (PID=459) to work on /home/airflow/.local/lib/python3.12/site-packages/airflow/example_dags/example_setup_teardown_taskflow.py
[2025-10-06T21:54:37.461+0000] {processor.py:914} INFO - Processing file /home/airflow/.local/lib/python3.12/site-packages/airflow/example_dags/example_setup_teardown_taskflow.py for tasks to queue
[2025-10-06T21:54:37.465+0000] {logging_mixin.py:190} INFO - [2025-10-06T21:54:37.465+0000] {dagbag.py:588} INFO - Filling up the DagBag from /home/airflow/.local/lib/python3.12/site-packages/airflow/example_dags/example_setup_teardown_taskflow.py
[2025-10-06T21:54:37.485+0000] {processor.py:925} INFO - DAG(s) 'example_setup_teardown_taskflow' retrieved from /home/airflow/.local/lib/python3.12/site-packages/airflow/example_dags/example_setup_teardown_taskflow.py
[2025-10-06T21:54:37.521+0000] {logging_mixin.py:190} INFO - [2025-10-06T21:54:37.520+0000] {dag.py:3239} INFO - Sync 1 DAGs
[2025-10-06T21:54:37.546+0000] {logging_mixin.py:190} INFO - [2025-10-06T21:54:37.546+0000] {dag.py:4180} INFO - Setting next_dagrun for example_setup_teardown_taskflow to None, run_after=None
[2025-10-06T21:54:37.573+0000] {processor.py:208} INFO - Processing /home/airflow/.local/lib/python3.12/site-packages/airflow/example_dags/example_setup_teardown_taskflow.py took 0.123 seconds
[2025-10-06T21:55:08.999+0000] {processor.py:186} INFO - Started process (PID=523) to work on /home/airflow/.local/lib/python3.12/site-packages/airflow/example_dags/example_setup_teardown_taskflow.py
[2025-10-06T21:55:09.000+0000] {processor.py:914} INFO - Processing file /home/airflow/.local/lib/python3.12/site-packages/airflow/example_dags/example_setup_teardown_taskflow.py for tasks to queue
[2025-10-06T21:55:09.003+0000] {logging_mixin.py:190} INFO - [2025-10-06T21:55:09.002+0000] {dagbag.py:588} INFO - Filling up the DagBag from /home/airflow/.local/lib/python3.12/site-packages/airflow/example_dags/example_setup_teardown_taskflow.py
[2025-10-06T21:55:09.016+0000] {processor.py:925} INFO - DAG(s) 'example_setup_teardown_taskflow' retrieved from /home/airflow/.local/lib/python3.12/site-packages/airflow/example_dags/example_setup_teardown_taskflow.py
[2025-10-06T21:55:09.045+0000] {logging_mixin.py:190} INFO - [2025-10-06T21:55:09.044+0000] {dag.py:3239} INFO - Sync 1 DAGs
[2025-10-06T21:55:09.064+0000] {logging_mixin.py:190} INFO - [2025-10-06T21:55:09.064+0000] {dag.py:4180} INFO - Setting next_dagrun for example_setup_teardown_taskflow to None, run_after=None
[2025-10-06T21:55:09.086+0000] {processor.py:208} INFO - Processing /home/airflow/.local/lib/python3.12/site-packages/airflow/example_dags/example_setup_teardown_taskflow.py took 0.093 seconds
[2025-10-06T21:55:40.517+0000] {processor.py:186} INFO - Started process (PID=586) to work on /home/airflow/.local/lib/python3.12/site-packages/airflow/example_dags/example_setup_teardown_taskflow.py
[2025-10-06T21:55:40.518+0000] {processor.py:914} INFO - Processing file /home/airflow/.local/lib/python3.12/site-packages/airflow/example_dags/example_setup_teardown_taskflow.py for tasks to queue
[2025-10-06T21:55:40.522+0000] {logging_mixin.py:190} INFO - [2025-10-06T21:55:40.521+0000] {dagbag.py:588} INFO - Filling up the DagBag from /home/airflow/.local/lib/python3.12/site-packages/airflow/example_dags/example_setup_teardown_taskflow.py
[2025-10-06T21:55:40.536+0000] {processor.py:925} INFO - DAG(s) 'example_setup_teardown_taskflow' retrieved from /home/airflow/.local/lib/python3.12/site-packages/airflow/example_dags/example_setup_teardown_taskflow.py
[2025-10-06T21:55:40.561+0000] {logging_mixin.py:190} INFO - [2025-10-06T21:55:40.560+0000] {dag.py:3239} INFO - Sync 1 DAGs
[2025-10-06T21:55:40.576+0000] {logging_mixin.py:190} INFO - [2025-10-06T21:55:40.575+0000] {dag.py:4180} INFO - Setting next_dagrun for example_setup_teardown_taskflow to None, run_after=None
[2025-10-06T21:55:40.596+0000] {processor.py:208} INFO - Processing /home/airflow/.local/lib/python3.12/site-packages/airflow/example_dags/example_setup_teardown_taskflow.py took 0.086 seconds
[2025-10-06T21:56:11.808+0000] {processor.py:186} INFO - Started process (PID=649) to work on /home/airflow/.local/lib/python3.12/site-packages/airflow/example_dags/example_setup_teardown_taskflow.py
[2025-10-06T21:56:11.810+0000] {processor.py:914} INFO - Processing file /home/airflow/.local/lib/python3.12/site-packages/airflow/example_dags/example_setup_teardown_taskflow.py for tasks to queue
[2025-10-06T21:56:11.814+0000] {logging_mixin.py:190} INFO - [2025-10-06T21:56:11.813+0000] {dagbag.py:588} INFO - Filling up the DagBag from /home/airflow/.local/lib/python3.12/site-packages/airflow/example_dags/example_setup_teardown_taskflow.py
[2025-10-06T21:56:11.828+0000] {processor.py:925} INFO - DAG(s) 'example_setup_teardown_taskflow' retrieved from /home/airflow/.local/lib/python3.12/site-packages/airflow/example_dags/example_setup_teardown_taskflow.py
[2025-10-06T21:56:11.855+0000] {logging_mixin.py:190} INFO - [2025-10-06T21:56:11.855+0000] {dag.py:3239} INFO - Sync 1 DAGs
[2025-10-06T21:56:11.877+0000] {logging_mixin.py:190} INFO - [2025-10-06T21:56:11.877+0000] {dag.py:4180} INFO - Setting next_dagrun for example_setup_teardown_taskflow to None, run_after=None
[2025-10-06T21:56:11.901+0000] {processor.py:208} INFO - Processing /home/airflow/.local/lib/python3.12/site-packages/airflow/example_dags/example_setup_teardown_taskflow.py took 0.103 seconds
[2025-10-06T21:56:43.704+0000] {processor.py:186} INFO - Started process (PID=712) to work on /home/airflow/.local/lib/python3.12/site-packages/airflow/example_dags/example_setup_teardown_taskflow.py
[2025-10-06T21:56:43.706+0000] {processor.py:914} INFO - Processing file /home/airflow/.local/lib/python3.12/site-packages/airflow/example_dags/example_setup_teardown_taskflow.py for tasks to queue
[2025-10-06T21:56:43.708+0000] {logging_mixin.py:190} INFO - [2025-10-06T21:56:43.708+0000] {dagbag.py:588} INFO - Filling up the DagBag from /home/airflow/.local/lib/python3.12/site-packages/airflow/example_dags/example_setup_teardown_taskflow.py
[2025-10-06T21:56:43.721+0000] {processor.py:925} INFO - DAG(s) 'example_setup_teardown_taskflow' retrieved from /home/airflow/.local/lib/python3.12/site-packages/airflow/example_dags/example_setup_teardown_taskflow.py
[2025-10-06T21:56:43.746+0000] {logging_mixin.py:190} INFO - [2025-10-06T21:56:43.746+0000] {dag.py:3239} INFO - Sync 1 DAGs
[2025-10-06T21:56:43.763+0000] {logging_mixin.py:190} INFO - [2025-10-06T21:56:43.762+0000] {dag.py:4180} INFO - Setting next_dagrun for example_setup_teardown_taskflow to None, run_after=None
[2025-10-06T21:56:43.785+0000] {processor.py:208} INFO - Processing /home/airflow/.local/lib/python3.12/site-packages/airflow/example_dags/example_setup_teardown_taskflow.py took 0.088 seconds
[2025-10-06T21:57:16.162+0000] {processor.py:186} INFO - Started process (PID=776) to work on /home/airflow/.local/lib/python3.12/site-packages/airflow/example_dags/example_setup_teardown_taskflow.py
[2025-10-06T21:57:16.164+0000] {processor.py:914} INFO - Processing file /home/airflow/.local/lib/python3.12/site-packages/airflow/example_dags/example_setup_teardown_taskflow.py for tasks to queue
[2025-10-06T21:57:16.172+0000] {logging_mixin.py:190} INFO - [2025-10-06T21:57:16.171+0000] {dagbag.py:588} INFO - Filling up the DagBag from /home/airflow/.local/lib/python3.12/site-packages/airflow/example_dags/example_setup_teardown_taskflow.py
[2025-10-06T21:57:16.199+0000] {processor.py:925} INFO - DAG(s) 'example_setup_teardown_taskflow' retrieved from /home/airflow/.local/lib/python3.12/site-packages/airflow/example_dags/example_setup_teardown_taskflow.py
[2025-10-06T21:57:16.255+0000] {logging_mixin.py:190} INFO - [2025-10-06T21:57:16.255+0000] {dag.py:3239} INFO - Sync 1 DAGs
[2025-10-06T21:57:16.292+0000] {logging_mixin.py:190} INFO - [2025-10-06T21:57:16.292+0000] {dag.py:4180} INFO - Setting next_dagrun for example_setup_teardown_taskflow to None, run_after=None
[2025-10-06T21:57:16.334+0000] {processor.py:208} INFO - Processing /home/airflow/.local/lib/python3.12/site-packages/airflow/example_dags/example_setup_teardown_taskflow.py took 0.188 seconds
[2025-10-06T21:57:47.418+0000] {processor.py:186} INFO - Started process (PID=839) to work on /home/airflow/.local/lib/python3.12/site-packages/airflow/example_dags/example_setup_teardown_taskflow.py
[2025-10-06T21:57:47.419+0000] {processor.py:914} INFO - Processing file /home/airflow/.local/lib/python3.12/site-packages/airflow/example_dags/example_setup_teardown_taskflow.py for tasks to queue
[2025-10-06T21:57:47.422+0000] {logging_mixin.py:190} INFO - [2025-10-06T21:57:47.422+0000] {dagbag.py:588} INFO - Filling up the DagBag from /home/airflow/.local/lib/python3.12/site-packages/airflow/example_dags/example_setup_teardown_taskflow.py
[2025-10-06T21:57:47.434+0000] {processor.py:925} INFO - DAG(s) 'example_setup_teardown_taskflow' retrieved from /home/airflow/.local/lib/python3.12/site-packages/airflow/example_dags/example_setup_teardown_taskflow.py
[2025-10-06T21:57:47.456+0000] {logging_mixin.py:190} INFO - [2025-10-06T21:57:47.456+0000] {dag.py:3239} INFO - Sync 1 DAGs
[2025-10-06T21:57:47.474+0000] {logging_mixin.py:190} INFO - [2025-10-06T21:57:47.474+0000] {dag.py:4180} INFO - Setting next_dagrun for example_setup_teardown_taskflow to None, run_after=None
[2025-10-06T21:57:47.495+0000] {processor.py:208} INFO - Processing /home/airflow/.local/lib/python3.12/site-packages/airflow/example_dags/example_setup_teardown_taskflow.py took 0.084 seconds
[2025-10-06T21:58:19.898+0000] {processor.py:186} INFO - Started process (PID=903) to work on /home/airflow/.local/lib/python3.12/site-packages/airflow/example_dags/example_setup_teardown_taskflow.py
[2025-10-06T21:58:19.899+0000] {processor.py:914} INFO - Processing file /home/airflow/.local/lib/python3.12/site-packages/airflow/example_dags/example_setup_teardown_taskflow.py for tasks to queue
[2025-10-06T21:58:19.902+0000] {logging_mixin.py:190} INFO - [2025-10-06T21:58:19.902+0000] {dagbag.py:588} INFO - Filling up the DagBag from /home/airflow/.local/lib/python3.12/site-packages/airflow/example_dags/example_setup_teardown_taskflow.py
[2025-10-06T21:58:19.915+0000] {processor.py:925} INFO - DAG(s) 'example_setup_teardown_taskflow' retrieved from /home/airflow/.local/lib/python3.12/site-packages/airflow/example_dags/example_setup_teardown_taskflow.py
[2025-10-06T21:58:19.937+0000] {logging_mixin.py:190} INFO - [2025-10-06T21:58:19.937+0000] {dag.py:3239} INFO - Sync 1 DAGs
[2025-10-06T21:58:19.953+0000] {logging_mixin.py:190} INFO - [2025-10-06T21:58:19.953+0000] {dag.py:4180} INFO - Setting next_dagrun for example_setup_teardown_taskflow to None, run_after=None
[2025-10-06T21:58:19.979+0000] {processor.py:208} INFO - Processing /home/airflow/.local/lib/python3.12/site-packages/airflow/example_dags/example_setup_teardown_taskflow.py took 0.089 seconds
[2025-10-06T21:58:51.028+0000] {processor.py:186} INFO - Started process (PID=966) to work on /home/airflow/.local/lib/python3.12/site-packages/airflow/example_dags/example_setup_teardown_taskflow.py
[2025-10-06T21:58:51.029+0000] {processor.py:914} INFO - Processing file /home/airflow/.local/lib/python3.12/site-packages/airflow/example_dags/example_setup_teardown_taskflow.py for tasks to queue
[2025-10-06T21:58:51.032+0000] {logging_mixin.py:190} INFO - [2025-10-06T21:58:51.031+0000] {dagbag.py:588} INFO - Filling up the DagBag from /home/airflow/.local/lib/python3.12/site-packages/airflow/example_dags/example_setup_teardown_taskflow.py
[2025-10-06T21:58:51.043+0000] {processor.py:925} INFO - DAG(s) 'example_setup_teardown_taskflow' retrieved from /home/airflow/.local/lib/python3.12/site-packages/airflow/example_dags/example_setup_teardown_taskflow.py
[2025-10-06T21:58:51.066+0000] {logging_mixin.py:190} INFO - [2025-10-06T21:58:51.065+0000] {dag.py:3239} INFO - Sync 1 DAGs
[2025-10-06T21:58:51.081+0000] {logging_mixin.py:190} INFO - [2025-10-06T21:58:51.080+0000] {dag.py:4180} INFO - Setting next_dagrun for example_setup_teardown_taskflow to None, run_after=None
[2025-10-06T21:58:51.103+0000] {processor.py:208} INFO - Processing /home/airflow/.local/lib/python3.12/site-packages/airflow/example_dags/example_setup_teardown_taskflow.py took 0.081 seconds
[2025-10-06T21:59:22.675+0000] {processor.py:186} INFO - Started process (PID=1029) to work on /home/airflow/.local/lib/python3.12/site-packages/airflow/example_dags/example_setup_teardown_taskflow.py
[2025-10-06T21:59:22.677+0000] {processor.py:914} INFO - Processing file /home/airflow/.local/lib/python3.12/site-packages/airflow/example_dags/example_setup_teardown_taskflow.py for tasks to queue
[2025-10-06T21:59:22.681+0000] {logging_mixin.py:190} INFO - [2025-10-06T21:59:22.680+0000] {dagbag.py:588} INFO - Filling up the DagBag from /home/airflow/.local/lib/python3.12/site-packages/airflow/example_dags/example_setup_teardown_taskflow.py
[2025-10-06T21:59:22.695+0000] {processor.py:925} INFO - DAG(s) 'example_setup_teardown_taskflow' retrieved from /home/airflow/.local/lib/python3.12/site-packages/airflow/example_dags/example_setup_teardown_taskflow.py
[2025-10-06T21:59:22.723+0000] {logging_mixin.py:190} INFO - [2025-10-06T21:59:22.723+0000] {dag.py:3239} INFO - Sync 1 DAGs
[2025-10-06T21:59:22.739+0000] {logging_mixin.py:190} INFO - [2025-10-06T21:59:22.738+0000] {dag.py:4180} INFO - Setting next_dagrun for example_setup_teardown_taskflow to None, run_after=None
[2025-10-06T21:59:22.761+0000] {processor.py:208} INFO - Processing /home/airflow/.local/lib/python3.12/site-packages/airflow/example_dags/example_setup_teardown_taskflow.py took 0.094 seconds
[2025-10-06T21:59:56.774+0000] {processor.py:186} INFO - Started process (PID=1092) to work on /home/airflow/.local/lib/python3.12/site-packages/airflow/example_dags/example_setup_teardown_taskflow.py
[2025-10-06T21:59:56.776+0000] {processor.py:914} INFO - Processing file /home/airflow/.local/lib/python3.12/site-packages/airflow/example_dags/example_setup_teardown_taskflow.py for tasks to queue
[2025-10-06T21:59:56.781+0000] {logging_mixin.py:190} INFO - [2025-10-06T21:59:56.779+0000] {dagbag.py:588} INFO - Filling up the DagBag from /home/airflow/.local/lib/python3.12/site-packages/airflow/example_dags/example_setup_teardown_taskflow.py
[2025-10-06T21:59:56.797+0000] {processor.py:925} INFO - DAG(s) 'example_setup_teardown_taskflow' retrieved from /home/airflow/.local/lib/python3.12/site-packages/airflow/example_dags/example_setup_teardown_taskflow.py
[2025-10-06T21:59:56.828+0000] {logging_mixin.py:190} INFO - [2025-10-06T21:59:56.828+0000] {dag.py:3239} INFO - Sync 1 DAGs
[2025-10-06T21:59:56.849+0000] {logging_mixin.py:190} INFO - [2025-10-06T21:59:56.848+0000] {dag.py:4180} INFO - Setting next_dagrun for example_setup_teardown_taskflow to None, run_after=None
[2025-10-06T21:59:56.877+0000] {processor.py:208} INFO - Processing /home/airflow/.local/lib/python3.12/site-packages/airflow/example_dags/example_setup_teardown_taskflow.py took 0.111 seconds
[2025-10-06T22:00:27.071+0000] {processor.py:186} INFO - Started process (PID=1156) to work on /home/airflow/.local/lib/python3.12/site-packages/airflow/example_dags/example_setup_teardown_taskflow.py
[2025-10-06T22:00:27.072+0000] {processor.py:914} INFO - Processing file /home/airflow/.local/lib/python3.12/site-packages/airflow/example_dags/example_setup_teardown_taskflow.py for tasks to queue
[2025-10-06T22:00:27.075+0000] {logging_mixin.py:190} INFO - [2025-10-06T22:00:27.074+0000] {dagbag.py:588} INFO - Filling up the DagBag from /home/airflow/.local/lib/python3.12/site-packages/airflow/example_dags/example_setup_teardown_taskflow.py
[2025-10-06T22:00:27.087+0000] {processor.py:925} INFO - DAG(s) 'example_setup_teardown_taskflow' retrieved from /home/airflow/.local/lib/python3.12/site-packages/airflow/example_dags/example_setup_teardown_taskflow.py
[2025-10-06T22:00:27.110+0000] {logging_mixin.py:190} INFO - [2025-10-06T22:00:27.110+0000] {dag.py:3239} INFO - Sync 1 DAGs
[2025-10-06T22:00:27.126+0000] {logging_mixin.py:190} INFO - [2025-10-06T22:00:27.126+0000] {dag.py:4180} INFO - Setting next_dagrun for example_setup_teardown_taskflow to None, run_after=None
[2025-10-06T22:00:27.150+0000] {processor.py:208} INFO - Processing /home/airflow/.local/lib/python3.12/site-packages/airflow/example_dags/example_setup_teardown_taskflow.py took 0.085 seconds
[2025-10-06T22:00:58.088+0000] {processor.py:186} INFO - Started process (PID=1219) to work on /home/airflow/.local/lib/python3.12/site-packages/airflow/example_dags/example_setup_teardown_taskflow.py
[2025-10-06T22:00:58.089+0000] {processor.py:914} INFO - Processing file /home/airflow/.local/lib/python3.12/site-packages/airflow/example_dags/example_setup_teardown_taskflow.py for tasks to queue
[2025-10-06T22:00:58.092+0000] {logging_mixin.py:190} INFO - [2025-10-06T22:00:58.092+0000] {dagbag.py:588} INFO - Filling up the DagBag from /home/airflow/.local/lib/python3.12/site-packages/airflow/example_dags/example_setup_teardown_taskflow.py
[2025-10-06T22:00:58.104+0000] {processor.py:925} INFO - DAG(s) 'example_setup_teardown_taskflow' retrieved from /home/airflow/.local/lib/python3.12/site-packages/airflow/example_dags/example_setup_teardown_taskflow.py
[2025-10-06T22:00:58.127+0000] {logging_mixin.py:190} INFO - [2025-10-06T22:00:58.127+0000] {dag.py:3239} INFO - Sync 1 DAGs
[2025-10-06T22:00:58.143+0000] {logging_mixin.py:190} INFO - [2025-10-06T22:00:58.143+0000] {dag.py:4180} INFO - Setting next_dagrun for example_setup_teardown_taskflow to None, run_after=None
[2025-10-06T22:00:58.169+0000] {processor.py:208} INFO - Processing /home/airflow/.local/lib/python3.12/site-packages/airflow/example_dags/example_setup_teardown_taskflow.py took 0.088 seconds
[2025-10-06T22:01:29.644+0000] {processor.py:186} INFO - Started process (PID=1282) to work on /home/airflow/.local/lib/python3.12/site-packages/airflow/example_dags/example_setup_teardown_taskflow.py
[2025-10-06T22:01:29.646+0000] {processor.py:914} INFO - Processing file /home/airflow/.local/lib/python3.12/site-packages/airflow/example_dags/example_setup_teardown_taskflow.py for tasks to queue
[2025-10-06T22:01:29.649+0000] {logging_mixin.py:190} INFO - [2025-10-06T22:01:29.649+0000] {dagbag.py:588} INFO - Filling up the DagBag from /home/airflow/.local/lib/python3.12/site-packages/airflow/example_dags/example_setup_teardown_taskflow.py
[2025-10-06T22:01:29.663+0000] {processor.py:925} INFO - DAG(s) 'example_setup_teardown_taskflow' retrieved from /home/airflow/.local/lib/python3.12/site-packages/airflow/example_dags/example_setup_teardown_taskflow.py
[2025-10-06T22:01:29.689+0000] {logging_mixin.py:190} INFO - [2025-10-06T22:01:29.689+0000] {dag.py:3239} INFO - Sync 1 DAGs
[2025-10-06T22:01:29.707+0000] {logging_mixin.py:190} INFO - [2025-10-06T22:01:29.707+0000] {dag.py:4180} INFO - Setting next_dagrun for example_setup_teardown_taskflow to None, run_after=None
[2025-10-06T22:01:29.735+0000] {processor.py:208} INFO - Processing /home/airflow/.local/lib/python3.12/site-packages/airflow/example_dags/example_setup_teardown_taskflow.py took 0.098 seconds
[2025-10-06T22:02:01.088+0000] {processor.py:186} INFO - Started process (PID=1345) to work on /home/airflow/.local/lib/python3.12/site-packages/airflow/example_dags/example_setup_teardown_taskflow.py
[2025-10-06T22:02:01.090+0000] {processor.py:914} INFO - Processing file /home/airflow/.local/lib/python3.12/site-packages/airflow/example_dags/example_setup_teardown_taskflow.py for tasks to queue
[2025-10-06T22:02:01.093+0000] {logging_mixin.py:190} INFO - [2025-10-06T22:02:01.092+0000] {dagbag.py:588} INFO - Filling up the DagBag from /home/airflow/.local/lib/python3.12/site-packages/airflow/example_dags/example_setup_teardown_taskflow.py
[2025-10-06T22:02:01.104+0000] {processor.py:925} INFO - DAG(s) 'example_setup_teardown_taskflow' retrieved from /home/airflow/.local/lib/python3.12/site-packages/airflow/example_dags/example_setup_teardown_taskflow.py
[2025-10-06T22:02:01.129+0000] {logging_mixin.py:190} INFO - [2025-10-06T22:02:01.129+0000] {dag.py:3239} INFO - Sync 1 DAGs
[2025-10-06T22:02:01.147+0000] {logging_mixin.py:190} INFO - [2025-10-06T22:02:01.147+0000] {dag.py:4180} INFO - Setting next_dagrun for example_setup_teardown_taskflow to None, run_after=None
[2025-10-06T22:02:01.172+0000] {processor.py:208} INFO - Processing /home/airflow/.local/lib/python3.12/site-packages/airflow/example_dags/example_setup_teardown_taskflow.py took 0.090 seconds
[2025-10-06T22:02:33.068+0000] {processor.py:186} INFO - Started process (PID=1408) to work on /home/airflow/.local/lib/python3.12/site-packages/airflow/example_dags/example_setup_teardown_taskflow.py
[2025-10-06T22:02:33.069+0000] {processor.py:914} INFO - Processing file /home/airflow/.local/lib/python3.12/site-packages/airflow/example_dags/example_setup_teardown_taskflow.py for tasks to queue
[2025-10-06T22:02:33.072+0000] {logging_mixin.py:190} INFO - [2025-10-06T22:02:33.071+0000] {dagbag.py:588} INFO - Filling up the DagBag from /home/airflow/.local/lib/python3.12/site-packages/airflow/example_dags/example_setup_teardown_taskflow.py
[2025-10-06T22:02:33.084+0000] {processor.py:925} INFO - DAG(s) 'example_setup_teardown_taskflow' retrieved from /home/airflow/.local/lib/python3.12/site-packages/airflow/example_dags/example_setup_teardown_taskflow.py
[2025-10-06T22:02:33.109+0000] {logging_mixin.py:190} INFO - [2025-10-06T22:02:33.109+0000] {dag.py:3239} INFO - Sync 1 DAGs
[2025-10-06T22:02:33.126+0000] {logging_mixin.py:190} INFO - [2025-10-06T22:02:33.126+0000] {dag.py:4180} INFO - Setting next_dagrun for example_setup_teardown_taskflow to None, run_after=None
[2025-10-06T22:02:33.155+0000] {processor.py:208} INFO - Processing /home/airflow/.local/lib/python3.12/site-packages/airflow/example_dags/example_setup_teardown_taskflow.py took 0.094 seconds
[2025-10-06T22:03:05.535+0000] {processor.py:186} INFO - Started process (PID=1471) to work on /home/airflow/.local/lib/python3.12/site-packages/airflow/example_dags/example_setup_teardown_taskflow.py
[2025-10-06T22:03:05.537+0000] {processor.py:914} INFO - Processing file /home/airflow/.local/lib/python3.12/site-packages/airflow/example_dags/example_setup_teardown_taskflow.py for tasks to queue
[2025-10-06T22:03:05.542+0000] {logging_mixin.py:190} INFO - [2025-10-06T22:03:05.541+0000] {dagbag.py:588} INFO - Filling up the DagBag from /home/airflow/.local/lib/python3.12/site-packages/airflow/example_dags/example_setup_teardown_taskflow.py
[2025-10-06T22:03:05.564+0000] {processor.py:925} INFO - DAG(s) 'example_setup_teardown_taskflow' retrieved from /home/airflow/.local/lib/python3.12/site-packages/airflow/example_dags/example_setup_teardown_taskflow.py
[2025-10-06T22:03:05.611+0000] {logging_mixin.py:190} INFO - [2025-10-06T22:03:05.610+0000] {dag.py:3239} INFO - Sync 1 DAGs
[2025-10-06T22:03:05.636+0000] {logging_mixin.py:190} INFO - [2025-10-06T22:03:05.636+0000] {dag.py:4180} INFO - Setting next_dagrun for example_setup_teardown_taskflow to None, run_after=None
[2025-10-06T22:03:05.667+0000] {processor.py:208} INFO - Processing /home/airflow/.local/lib/python3.12/site-packages/airflow/example_dags/example_setup_teardown_taskflow.py took 0.143 seconds
[2025-10-06T22:03:39.586+0000] {processor.py:186} INFO - Started process (PID=1534) to work on /home/airflow/.local/lib/python3.12/site-packages/airflow/example_dags/example_setup_teardown_taskflow.py
[2025-10-06T22:03:39.590+0000] {processor.py:914} INFO - Processing file /home/airflow/.local/lib/python3.12/site-packages/airflow/example_dags/example_setup_teardown_taskflow.py for tasks to queue
[2025-10-06T22:03:39.598+0000] {logging_mixin.py:190} INFO - [2025-10-06T22:03:39.597+0000] {dagbag.py:588} INFO - Filling up the DagBag from /home/airflow/.local/lib/python3.12/site-packages/airflow/example_dags/example_setup_teardown_taskflow.py
[2025-10-06T22:03:39.640+0000] {processor.py:925} INFO - DAG(s) 'example_setup_teardown_taskflow' retrieved from /home/airflow/.local/lib/python3.12/site-packages/airflow/example_dags/example_setup_teardown_taskflow.py
[2025-10-06T22:03:39.745+0000] {logging_mixin.py:190} INFO - [2025-10-06T22:03:39.744+0000] {dag.py:3239} INFO - Sync 1 DAGs
[2025-10-06T22:03:39.797+0000] {logging_mixin.py:190} INFO - [2025-10-06T22:03:39.797+0000] {dag.py:4180} INFO - Setting next_dagrun for example_setup_teardown_taskflow to None, run_after=None
[2025-10-06T22:03:39.854+0000] {processor.py:208} INFO - Processing /home/airflow/.local/lib/python3.12/site-packages/airflow/example_dags/example_setup_teardown_taskflow.py took 0.291 seconds
[2025-10-06T22:04:12.231+0000] {processor.py:186} INFO - Started process (PID=1597) to work on /home/airflow/.local/lib/python3.12/site-packages/airflow/example_dags/example_setup_teardown_taskflow.py
[2025-10-06T22:04:12.248+0000] {processor.py:914} INFO - Processing file /home/airflow/.local/lib/python3.12/site-packages/airflow/example_dags/example_setup_teardown_taskflow.py for tasks to queue
[2025-10-06T22:04:12.266+0000] {logging_mixin.py:190} INFO - [2025-10-06T22:04:12.265+0000] {dagbag.py:588} INFO - Filling up the DagBag from /home/airflow/.local/lib/python3.12/site-packages/airflow/example_dags/example_setup_teardown_taskflow.py
[2025-10-06T22:04:12.319+0000] {processor.py:925} INFO - DAG(s) 'example_setup_teardown_taskflow' retrieved from /home/airflow/.local/lib/python3.12/site-packages/airflow/example_dags/example_setup_teardown_taskflow.py
[2025-10-06T22:04:12.410+0000] {logging_mixin.py:190} INFO - [2025-10-06T22:04:12.409+0000] {dag.py:3239} INFO - Sync 1 DAGs
[2025-10-06T22:04:12.477+0000] {logging_mixin.py:190} INFO - [2025-10-06T22:04:12.476+0000] {dag.py:4180} INFO - Setting next_dagrun for example_setup_teardown_taskflow to None, run_after=None
[2025-10-06T22:04:12.563+0000] {processor.py:208} INFO - Processing /home/airflow/.local/lib/python3.12/site-packages/airflow/example_dags/example_setup_teardown_taskflow.py took 0.354 seconds
[2025-10-06T22:04:43.425+0000] {processor.py:186} INFO - Started process (PID=1661) to work on /home/airflow/.local/lib/python3.12/site-packages/airflow/example_dags/example_setup_teardown_taskflow.py
[2025-10-06T22:04:43.428+0000] {processor.py:914} INFO - Processing file /home/airflow/.local/lib/python3.12/site-packages/airflow/example_dags/example_setup_teardown_taskflow.py for tasks to queue
[2025-10-06T22:04:43.434+0000] {logging_mixin.py:190} INFO - [2025-10-06T22:04:43.433+0000] {dagbag.py:588} INFO - Filling up the DagBag from /home/airflow/.local/lib/python3.12/site-packages/airflow/example_dags/example_setup_teardown_taskflow.py
[2025-10-06T22:04:43.472+0000] {processor.py:925} INFO - DAG(s) 'example_setup_teardown_taskflow' retrieved from /home/airflow/.local/lib/python3.12/site-packages/airflow/example_dags/example_setup_teardown_taskflow.py
[2025-10-06T22:04:43.585+0000] {logging_mixin.py:190} INFO - [2025-10-06T22:04:43.580+0000] {dag.py:3239} INFO - Sync 1 DAGs
[2025-10-06T22:04:43.683+0000] {logging_mixin.py:190} INFO - [2025-10-06T22:04:43.682+0000] {dag.py:4180} INFO - Setting next_dagrun for example_setup_teardown_taskflow to None, run_after=None
[2025-10-06T22:04:43.763+0000] {processor.py:208} INFO - Processing /home/airflow/.local/lib/python3.12/site-packages/airflow/example_dags/example_setup_teardown_taskflow.py took 0.353 seconds
[2025-10-06T22:05:15.067+0000] {processor.py:186} INFO - Started process (PID=1724) to work on /home/airflow/.local/lib/python3.12/site-packages/airflow/example_dags/example_setup_teardown_taskflow.py
[2025-10-06T22:05:15.069+0000] {processor.py:914} INFO - Processing file /home/airflow/.local/lib/python3.12/site-packages/airflow/example_dags/example_setup_teardown_taskflow.py for tasks to queue
[2025-10-06T22:05:15.075+0000] {logging_mixin.py:190} INFO - [2025-10-06T22:05:15.074+0000] {dagbag.py:588} INFO - Filling up the DagBag from /home/airflow/.local/lib/python3.12/site-packages/airflow/example_dags/example_setup_teardown_taskflow.py
[2025-10-06T22:05:15.097+0000] {processor.py:925} INFO - DAG(s) 'example_setup_teardown_taskflow' retrieved from /home/airflow/.local/lib/python3.12/site-packages/airflow/example_dags/example_setup_teardown_taskflow.py
[2025-10-06T22:05:15.140+0000] {logging_mixin.py:190} INFO - [2025-10-06T22:05:15.140+0000] {dag.py:3239} INFO - Sync 1 DAGs
[2025-10-06T22:05:15.171+0000] {logging_mixin.py:190} INFO - [2025-10-06T22:05:15.170+0000] {dag.py:4180} INFO - Setting next_dagrun for example_setup_teardown_taskflow to None, run_after=None
[2025-10-06T22:05:15.220+0000] {processor.py:208} INFO - Processing /home/airflow/.local/lib/python3.12/site-packages/airflow/example_dags/example_setup_teardown_taskflow.py took 0.166 seconds
[2025-10-06T22:05:45.761+0000] {processor.py:186} INFO - Started process (PID=1787) to work on /home/airflow/.local/lib/python3.12/site-packages/airflow/example_dags/example_setup_teardown_taskflow.py
[2025-10-06T22:05:45.763+0000] {processor.py:914} INFO - Processing file /home/airflow/.local/lib/python3.12/site-packages/airflow/example_dags/example_setup_teardown_taskflow.py for tasks to queue
[2025-10-06T22:05:45.769+0000] {logging_mixin.py:190} INFO - [2025-10-06T22:05:45.768+0000] {dagbag.py:588} INFO - Filling up the DagBag from /home/airflow/.local/lib/python3.12/site-packages/airflow/example_dags/example_setup_teardown_taskflow.py
[2025-10-06T22:05:45.796+0000] {processor.py:925} INFO - DAG(s) 'example_setup_teardown_taskflow' retrieved from /home/airflow/.local/lib/python3.12/site-packages/airflow/example_dags/example_setup_teardown_taskflow.py
[2025-10-06T22:05:45.845+0000] {logging_mixin.py:190} INFO - [2025-10-06T22:05:45.844+0000] {dag.py:3239} INFO - Sync 1 DAGs
[2025-10-06T22:05:45.882+0000] {logging_mixin.py:190} INFO - [2025-10-06T22:05:45.881+0000] {dag.py:4180} INFO - Setting next_dagrun for example_setup_teardown_taskflow to None, run_after=None
[2025-10-06T22:05:45.922+0000] {processor.py:208} INFO - Processing /home/airflow/.local/lib/python3.12/site-packages/airflow/example_dags/example_setup_teardown_taskflow.py took 0.180 seconds
[2025-10-06T22:06:18.435+0000] {processor.py:186} INFO - Started process (PID=1850) to work on /home/airflow/.local/lib/python3.12/site-packages/airflow/example_dags/example_setup_teardown_taskflow.py
[2025-10-06T22:06:18.445+0000] {processor.py:914} INFO - Processing file /home/airflow/.local/lib/python3.12/site-packages/airflow/example_dags/example_setup_teardown_taskflow.py for tasks to queue
[2025-10-06T22:06:18.457+0000] {logging_mixin.py:190} INFO - [2025-10-06T22:06:18.456+0000] {dagbag.py:588} INFO - Filling up the DagBag from /home/airflow/.local/lib/python3.12/site-packages/airflow/example_dags/example_setup_teardown_taskflow.py
[2025-10-06T22:06:18.513+0000] {processor.py:925} INFO - DAG(s) 'example_setup_teardown_taskflow' retrieved from /home/airflow/.local/lib/python3.12/site-packages/airflow/example_dags/example_setup_teardown_taskflow.py
[2025-10-06T22:06:18.572+0000] {logging_mixin.py:190} INFO - [2025-10-06T22:06:18.572+0000] {dag.py:3239} INFO - Sync 1 DAGs
[2025-10-06T22:06:18.619+0000] {logging_mixin.py:190} INFO - [2025-10-06T22:06:18.618+0000] {dag.py:4180} INFO - Setting next_dagrun for example_setup_teardown_taskflow to None, run_after=None
[2025-10-06T22:06:18.672+0000] {processor.py:208} INFO - Processing /home/airflow/.local/lib/python3.12/site-packages/airflow/example_dags/example_setup_teardown_taskflow.py took 0.260 seconds
[2025-10-06T22:06:50.631+0000] {processor.py:186} INFO - Started process (PID=1913) to work on /home/airflow/.local/lib/python3.12/site-packages/airflow/example_dags/example_setup_teardown_taskflow.py
[2025-10-06T22:06:50.635+0000] {processor.py:914} INFO - Processing file /home/airflow/.local/lib/python3.12/site-packages/airflow/example_dags/example_setup_teardown_taskflow.py for tasks to queue
[2025-10-06T22:06:50.643+0000] {logging_mixin.py:190} INFO - [2025-10-06T22:06:50.642+0000] {dagbag.py:588} INFO - Filling up the DagBag from /home/airflow/.local/lib/python3.12/site-packages/airflow/example_dags/example_setup_teardown_taskflow.py
[2025-10-06T22:06:50.676+0000] {processor.py:925} INFO - DAG(s) 'example_setup_teardown_taskflow' retrieved from /home/airflow/.local/lib/python3.12/site-packages/airflow/example_dags/example_setup_teardown_taskflow.py
[2025-10-06T22:06:50.734+0000] {logging_mixin.py:190} INFO - [2025-10-06T22:06:50.733+0000] {dag.py:3239} INFO - Sync 1 DAGs
[2025-10-06T22:06:50.787+0000] {logging_mixin.py:190} INFO - [2025-10-06T22:06:50.786+0000] {dag.py:4180} INFO - Setting next_dagrun for example_setup_teardown_taskflow to None, run_after=None
[2025-10-06T22:06:50.844+0000] {processor.py:208} INFO - Processing /home/airflow/.local/lib/python3.12/site-packages/airflow/example_dags/example_setup_teardown_taskflow.py took 0.230 seconds
[2025-10-06T22:07:22.675+0000] {processor.py:186} INFO - Started process (PID=1976) to work on /home/airflow/.local/lib/python3.12/site-packages/airflow/example_dags/example_setup_teardown_taskflow.py
[2025-10-06T22:07:22.678+0000] {processor.py:914} INFO - Processing file /home/airflow/.local/lib/python3.12/site-packages/airflow/example_dags/example_setup_teardown_taskflow.py for tasks to queue
[2025-10-06T22:07:22.683+0000] {logging_mixin.py:190} INFO - [2025-10-06T22:07:22.683+0000] {dagbag.py:588} INFO - Filling up the DagBag from /home/airflow/.local/lib/python3.12/site-packages/airflow/example_dags/example_setup_teardown_taskflow.py
[2025-10-06T22:07:22.709+0000] {processor.py:925} INFO - DAG(s) 'example_setup_teardown_taskflow' retrieved from /home/airflow/.local/lib/python3.12/site-packages/airflow/example_dags/example_setup_teardown_taskflow.py
[2025-10-06T22:07:22.759+0000] {logging_mixin.py:190} INFO - [2025-10-06T22:07:22.758+0000] {dag.py:3239} INFO - Sync 1 DAGs
[2025-10-06T22:07:22.792+0000] {logging_mixin.py:190} INFO - [2025-10-06T22:07:22.792+0000] {dag.py:4180} INFO - Setting next_dagrun for example_setup_teardown_taskflow to None, run_after=None
[2025-10-06T22:07:22.850+0000] {processor.py:208} INFO - Processing /home/airflow/.local/lib/python3.12/site-packages/airflow/example_dags/example_setup_teardown_taskflow.py took 0.189 seconds
[2025-10-06T22:07:53.626+0000] {processor.py:186} INFO - Started process (PID=2039) to work on /home/airflow/.local/lib/python3.12/site-packages/airflow/example_dags/example_setup_teardown_taskflow.py
[2025-10-06T22:07:53.629+0000] {processor.py:914} INFO - Processing file /home/airflow/.local/lib/python3.12/site-packages/airflow/example_dags/example_setup_teardown_taskflow.py for tasks to queue
[2025-10-06T22:07:53.636+0000] {logging_mixin.py:190} INFO - [2025-10-06T22:07:53.635+0000] {dagbag.py:588} INFO - Filling up the DagBag from /home/airflow/.local/lib/python3.12/site-packages/airflow/example_dags/example_setup_teardown_taskflow.py
[2025-10-06T22:07:53.675+0000] {processor.py:925} INFO - DAG(s) 'example_setup_teardown_taskflow' retrieved from /home/airflow/.local/lib/python3.12/site-packages/airflow/example_dags/example_setup_teardown_taskflow.py
[2025-10-06T22:07:53.756+0000] {logging_mixin.py:190} INFO - [2025-10-06T22:07:53.755+0000] {dag.py:3239} INFO - Sync 1 DAGs
[2025-10-06T22:07:53.787+0000] {logging_mixin.py:190} INFO - [2025-10-06T22:07:53.787+0000] {dag.py:4180} INFO - Setting next_dagrun for example_setup_teardown_taskflow to None, run_after=None
[2025-10-06T22:07:53.829+0000] {processor.py:208} INFO - Processing /home/airflow/.local/lib/python3.12/site-packages/airflow/example_dags/example_setup_teardown_taskflow.py took 0.219 seconds
[2025-10-06T22:08:25.085+0000] {processor.py:186} INFO - Started process (PID=2103) to work on /home/airflow/.local/lib/python3.12/site-packages/airflow/example_dags/example_setup_teardown_taskflow.py
[2025-10-06T22:08:25.088+0000] {processor.py:914} INFO - Processing file /home/airflow/.local/lib/python3.12/site-packages/airflow/example_dags/example_setup_teardown_taskflow.py for tasks to queue
[2025-10-06T22:08:25.096+0000] {logging_mixin.py:190} INFO - [2025-10-06T22:08:25.094+0000] {dagbag.py:588} INFO - Filling up the DagBag from /home/airflow/.local/lib/python3.12/site-packages/airflow/example_dags/example_setup_teardown_taskflow.py
[2025-10-06T22:08:25.132+0000] {processor.py:925} INFO - DAG(s) 'example_setup_teardown_taskflow' retrieved from /home/airflow/.local/lib/python3.12/site-packages/airflow/example_dags/example_setup_teardown_taskflow.py
[2025-10-06T22:08:25.197+0000] {logging_mixin.py:190} INFO - [2025-10-06T22:08:25.197+0000] {dag.py:3239} INFO - Sync 1 DAGs
[2025-10-06T22:08:25.237+0000] {logging_mixin.py:190} INFO - [2025-10-06T22:08:25.237+0000] {dag.py:4180} INFO - Setting next_dagrun for example_setup_teardown_taskflow to None, run_after=None
[2025-10-06T22:08:25.285+0000] {processor.py:208} INFO - Processing /home/airflow/.local/lib/python3.12/site-packages/airflow/example_dags/example_setup_teardown_taskflow.py took 0.219 seconds
[2025-10-06T22:08:56.298+0000] {processor.py:186} INFO - Started process (PID=2166) to work on /home/airflow/.local/lib/python3.12/site-packages/airflow/example_dags/example_setup_teardown_taskflow.py
[2025-10-06T22:08:56.301+0000] {processor.py:914} INFO - Processing file /home/airflow/.local/lib/python3.12/site-packages/airflow/example_dags/example_setup_teardown_taskflow.py for tasks to queue
[2025-10-06T22:08:56.308+0000] {logging_mixin.py:190} INFO - [2025-10-06T22:08:56.306+0000] {dagbag.py:588} INFO - Filling up the DagBag from /home/airflow/.local/lib/python3.12/site-packages/airflow/example_dags/example_setup_teardown_taskflow.py
[2025-10-06T22:08:56.336+0000] {processor.py:925} INFO - DAG(s) 'example_setup_teardown_taskflow' retrieved from /home/airflow/.local/lib/python3.12/site-packages/airflow/example_dags/example_setup_teardown_taskflow.py
[2025-10-06T22:08:56.390+0000] {logging_mixin.py:190} INFO - [2025-10-06T22:08:56.389+0000] {dag.py:3239} INFO - Sync 1 DAGs
[2025-10-06T22:08:56.428+0000] {logging_mixin.py:190} INFO - [2025-10-06T22:08:56.428+0000] {dag.py:4180} INFO - Setting next_dagrun for example_setup_teardown_taskflow to None, run_after=None
[2025-10-06T22:08:56.489+0000] {processor.py:208} INFO - Processing /home/airflow/.local/lib/python3.12/site-packages/airflow/example_dags/example_setup_teardown_taskflow.py took 0.205 seconds
[2025-10-06T22:09:29.976+0000] {processor.py:186} INFO - Started process (PID=2229) to work on /home/airflow/.local/lib/python3.12/site-packages/airflow/example_dags/example_setup_teardown_taskflow.py
[2025-10-06T22:09:29.979+0000] {processor.py:914} INFO - Processing file /home/airflow/.local/lib/python3.12/site-packages/airflow/example_dags/example_setup_teardown_taskflow.py for tasks to queue
[2025-10-06T22:09:29.986+0000] {logging_mixin.py:190} INFO - [2025-10-06T22:09:29.985+0000] {dagbag.py:588} INFO - Filling up the DagBag from /home/airflow/.local/lib/python3.12/site-packages/airflow/example_dags/example_setup_teardown_taskflow.py
[2025-10-06T22:09:30.023+0000] {processor.py:925} INFO - DAG(s) 'example_setup_teardown_taskflow' retrieved from /home/airflow/.local/lib/python3.12/site-packages/airflow/example_dags/example_setup_teardown_taskflow.py
[2025-10-06T22:09:30.085+0000] {logging_mixin.py:190} INFO - [2025-10-06T22:09:30.084+0000] {dag.py:3239} INFO - Sync 1 DAGs
[2025-10-06T22:09:30.136+0000] {logging_mixin.py:190} INFO - [2025-10-06T22:09:30.136+0000] {dag.py:4180} INFO - Setting next_dagrun for example_setup_teardown_taskflow to None, run_after=None
[2025-10-06T22:09:30.193+0000] {processor.py:208} INFO - Processing /home/airflow/.local/lib/python3.12/site-packages/airflow/example_dags/example_setup_teardown_taskflow.py took 0.233 seconds
[2025-10-06T22:10:00.586+0000] {processor.py:186} INFO - Started process (PID=2292) to work on /home/airflow/.local/lib/python3.12/site-packages/airflow/example_dags/example_setup_teardown_taskflow.py
[2025-10-06T22:10:00.589+0000] {processor.py:914} INFO - Processing file /home/airflow/.local/lib/python3.12/site-packages/airflow/example_dags/example_setup_teardown_taskflow.py for tasks to queue
[2025-10-06T22:10:00.597+0000] {logging_mixin.py:190} INFO - [2025-10-06T22:10:00.596+0000] {dagbag.py:588} INFO - Filling up the DagBag from /home/airflow/.local/lib/python3.12/site-packages/airflow/example_dags/example_setup_teardown_taskflow.py
[2025-10-06T22:10:00.622+0000] {processor.py:925} INFO - DAG(s) 'example_setup_teardown_taskflow' retrieved from /home/airflow/.local/lib/python3.12/site-packages/airflow/example_dags/example_setup_teardown_taskflow.py
[2025-10-06T22:10:00.678+0000] {logging_mixin.py:190} INFO - [2025-10-06T22:10:00.677+0000] {dag.py:3239} INFO - Sync 1 DAGs
[2025-10-06T22:10:00.718+0000] {logging_mixin.py:190} INFO - [2025-10-06T22:10:00.718+0000] {dag.py:4180} INFO - Setting next_dagrun for example_setup_teardown_taskflow to None, run_after=None
[2025-10-06T22:10:00.766+0000] {processor.py:208} INFO - Processing /home/airflow/.local/lib/python3.12/site-packages/airflow/example_dags/example_setup_teardown_taskflow.py took 0.198 seconds
[2025-10-06T22:10:32.507+0000] {processor.py:186} INFO - Started process (PID=2355) to work on /home/airflow/.local/lib/python3.12/site-packages/airflow/example_dags/example_setup_teardown_taskflow.py
[2025-10-06T22:10:32.510+0000] {processor.py:914} INFO - Processing file /home/airflow/.local/lib/python3.12/site-packages/airflow/example_dags/example_setup_teardown_taskflow.py for tasks to queue
[2025-10-06T22:10:32.516+0000] {logging_mixin.py:190} INFO - [2025-10-06T22:10:32.515+0000] {dagbag.py:588} INFO - Filling up the DagBag from /home/airflow/.local/lib/python3.12/site-packages/airflow/example_dags/example_setup_teardown_taskflow.py
[2025-10-06T22:10:32.547+0000] {processor.py:925} INFO - DAG(s) 'example_setup_teardown_taskflow' retrieved from /home/airflow/.local/lib/python3.12/site-packages/airflow/example_dags/example_setup_teardown_taskflow.py
[2025-10-06T22:10:32.598+0000] {logging_mixin.py:190} INFO - [2025-10-06T22:10:32.598+0000] {dag.py:3239} INFO - Sync 1 DAGs
[2025-10-06T22:10:32.631+0000] {logging_mixin.py:190} INFO - [2025-10-06T22:10:32.630+0000] {dag.py:4180} INFO - Setting next_dagrun for example_setup_teardown_taskflow to None, run_after=None
[2025-10-06T22:10:32.678+0000] {processor.py:208} INFO - Processing /home/airflow/.local/lib/python3.12/site-packages/airflow/example_dags/example_setup_teardown_taskflow.py took 0.187 seconds
[2025-10-06T22:11:04.020+0000] {processor.py:186} INFO - Started process (PID=2418) to work on /home/airflow/.local/lib/python3.12/site-packages/airflow/example_dags/example_setup_teardown_taskflow.py
[2025-10-06T22:11:04.024+0000] {processor.py:914} INFO - Processing file /home/airflow/.local/lib/python3.12/site-packages/airflow/example_dags/example_setup_teardown_taskflow.py for tasks to queue
[2025-10-06T22:11:04.035+0000] {logging_mixin.py:190} INFO - [2025-10-06T22:11:04.034+0000] {dagbag.py:588} INFO - Filling up the DagBag from /home/airflow/.local/lib/python3.12/site-packages/airflow/example_dags/example_setup_teardown_taskflow.py
[2025-10-06T22:11:04.083+0000] {processor.py:925} INFO - DAG(s) 'example_setup_teardown_taskflow' retrieved from /home/airflow/.local/lib/python3.12/site-packages/airflow/example_dags/example_setup_teardown_taskflow.py
[2025-10-06T22:11:04.168+0000] {logging_mixin.py:190} INFO - [2025-10-06T22:11:04.167+0000] {dag.py:3239} INFO - Sync 1 DAGs
[2025-10-06T22:11:04.228+0000] {logging_mixin.py:190} INFO - [2025-10-06T22:11:04.227+0000] {dag.py:4180} INFO - Setting next_dagrun for example_setup_teardown_taskflow to None, run_after=None
[2025-10-06T22:11:04.350+0000] {processor.py:208} INFO - Processing /home/airflow/.local/lib/python3.12/site-packages/airflow/example_dags/example_setup_teardown_taskflow.py took 0.356 seconds
[2025-10-06T22:11:35.731+0000] {processor.py:186} INFO - Started process (PID=2481) to work on /home/airflow/.local/lib/python3.12/site-packages/airflow/example_dags/example_setup_teardown_taskflow.py
[2025-10-06T22:11:35.734+0000] {processor.py:914} INFO - Processing file /home/airflow/.local/lib/python3.12/site-packages/airflow/example_dags/example_setup_teardown_taskflow.py for tasks to queue
[2025-10-06T22:11:35.740+0000] {logging_mixin.py:190} INFO - [2025-10-06T22:11:35.739+0000] {dagbag.py:588} INFO - Filling up the DagBag from /home/airflow/.local/lib/python3.12/site-packages/airflow/example_dags/example_setup_teardown_taskflow.py
[2025-10-06T22:11:35.768+0000] {processor.py:925} INFO - DAG(s) 'example_setup_teardown_taskflow' retrieved from /home/airflow/.local/lib/python3.12/site-packages/airflow/example_dags/example_setup_teardown_taskflow.py
[2025-10-06T22:11:35.827+0000] {logging_mixin.py:190} INFO - [2025-10-06T22:11:35.826+0000] {dag.py:3239} INFO - Sync 1 DAGs
[2025-10-06T22:11:35.863+0000] {logging_mixin.py:190} INFO - [2025-10-06T22:11:35.863+0000] {dag.py:4180} INFO - Setting next_dagrun for example_setup_teardown_taskflow to None, run_after=None
[2025-10-06T22:11:35.918+0000] {processor.py:208} INFO - Processing /home/airflow/.local/lib/python3.12/site-packages/airflow/example_dags/example_setup_teardown_taskflow.py took 0.204 seconds
[2025-10-06T22:18:57.045+0000] {processor.py:186} INFO - Started process (PID=2545) to work on /home/airflow/.local/lib/python3.12/site-packages/airflow/example_dags/example_setup_teardown_taskflow.py
[2025-10-06T22:18:57.212+0000] {processor.py:914} INFO - Processing file /home/airflow/.local/lib/python3.12/site-packages/airflow/example_dags/example_setup_teardown_taskflow.py for tasks to queue
[2025-10-06T22:18:57.847+0000] {logging_mixin.py:190} INFO - [2025-10-06T22:18:57.832+0000] {dagbag.py:588} INFO - Filling up the DagBag from /home/airflow/.local/lib/python3.12/site-packages/airflow/example_dags/example_setup_teardown_taskflow.py
[2025-10-06T22:18:58.889+0000] {processor.py:925} INFO - DAG(s) 'example_setup_teardown_taskflow' retrieved from /home/airflow/.local/lib/python3.12/site-packages/airflow/example_dags/example_setup_teardown_taskflow.py
[2025-10-06T22:19:00.286+0000] {logging_mixin.py:190} INFO - [2025-10-06T22:19:00.286+0000] {dag.py:3239} INFO - Sync 1 DAGs
[2025-10-06T22:19:00.677+0000] {logging_mixin.py:190} INFO - [2025-10-06T22:19:00.675+0000] {dag.py:4180} INFO - Setting next_dagrun for example_setup_teardown_taskflow to None, run_after=None
[2025-10-06T22:19:00.953+0000] {processor.py:208} INFO - Processing /home/airflow/.local/lib/python3.12/site-packages/airflow/example_dags/example_setup_teardown_taskflow.py took 4.133 seconds
[2025-10-06T22:19:31.446+0000] {processor.py:186} INFO - Started process (PID=2608) to work on /home/airflow/.local/lib/python3.12/site-packages/airflow/example_dags/example_setup_teardown_taskflow.py
[2025-10-06T22:19:31.452+0000] {processor.py:914} INFO - Processing file /home/airflow/.local/lib/python3.12/site-packages/airflow/example_dags/example_setup_teardown_taskflow.py for tasks to queue
[2025-10-06T22:19:31.458+0000] {logging_mixin.py:190} INFO - [2025-10-06T22:19:31.457+0000] {dagbag.py:588} INFO - Filling up the DagBag from /home/airflow/.local/lib/python3.12/site-packages/airflow/example_dags/example_setup_teardown_taskflow.py
[2025-10-06T22:19:31.519+0000] {processor.py:925} INFO - DAG(s) 'example_setup_teardown_taskflow' retrieved from /home/airflow/.local/lib/python3.12/site-packages/airflow/example_dags/example_setup_teardown_taskflow.py
[2025-10-06T22:19:31.617+0000] {logging_mixin.py:190} INFO - [2025-10-06T22:19:31.616+0000] {dag.py:3239} INFO - Sync 1 DAGs
[2025-10-06T22:19:31.694+0000] {logging_mixin.py:190} INFO - [2025-10-06T22:19:31.694+0000] {dag.py:4180} INFO - Setting next_dagrun for example_setup_teardown_taskflow to None, run_after=None
[2025-10-06T22:19:31.776+0000] {processor.py:208} INFO - Processing /home/airflow/.local/lib/python3.12/site-packages/airflow/example_dags/example_setup_teardown_taskflow.py took 0.359 seconds
[2025-10-06T22:20:02.367+0000] {processor.py:186} INFO - Started process (PID=2671) to work on /home/airflow/.local/lib/python3.12/site-packages/airflow/example_dags/example_setup_teardown_taskflow.py
[2025-10-06T22:20:02.370+0000] {processor.py:914} INFO - Processing file /home/airflow/.local/lib/python3.12/site-packages/airflow/example_dags/example_setup_teardown_taskflow.py for tasks to queue
[2025-10-06T22:20:02.373+0000] {logging_mixin.py:190} INFO - [2025-10-06T22:20:02.372+0000] {dagbag.py:588} INFO - Filling up the DagBag from /home/airflow/.local/lib/python3.12/site-packages/airflow/example_dags/example_setup_teardown_taskflow.py
[2025-10-06T22:20:02.399+0000] {processor.py:925} INFO - DAG(s) 'example_setup_teardown_taskflow' retrieved from /home/airflow/.local/lib/python3.12/site-packages/airflow/example_dags/example_setup_teardown_taskflow.py
[2025-10-06T22:20:02.457+0000] {logging_mixin.py:190} INFO - [2025-10-06T22:20:02.456+0000] {dag.py:3239} INFO - Sync 1 DAGs
[2025-10-06T22:20:02.500+0000] {logging_mixin.py:190} INFO - [2025-10-06T22:20:02.500+0000] {dag.py:4180} INFO - Setting next_dagrun for example_setup_teardown_taskflow to None, run_after=None
[2025-10-06T22:20:02.558+0000] {processor.py:208} INFO - Processing /home/airflow/.local/lib/python3.12/site-packages/airflow/example_dags/example_setup_teardown_taskflow.py took 0.204 seconds
[2025-10-06T22:20:33.371+0000] {processor.py:186} INFO - Started process (PID=2734) to work on /home/airflow/.local/lib/python3.12/site-packages/airflow/example_dags/example_setup_teardown_taskflow.py
[2025-10-06T22:20:33.374+0000] {processor.py:914} INFO - Processing file /home/airflow/.local/lib/python3.12/site-packages/airflow/example_dags/example_setup_teardown_taskflow.py for tasks to queue
[2025-10-06T22:20:33.378+0000] {logging_mixin.py:190} INFO - [2025-10-06T22:20:33.377+0000] {dagbag.py:588} INFO - Filling up the DagBag from /home/airflow/.local/lib/python3.12/site-packages/airflow/example_dags/example_setup_teardown_taskflow.py
[2025-10-06T22:20:33.415+0000] {processor.py:925} INFO - DAG(s) 'example_setup_teardown_taskflow' retrieved from /home/airflow/.local/lib/python3.12/site-packages/airflow/example_dags/example_setup_teardown_taskflow.py
[2025-10-06T22:20:33.473+0000] {logging_mixin.py:190} INFO - [2025-10-06T22:20:33.472+0000] {dag.py:3239} INFO - Sync 1 DAGs
[2025-10-06T22:20:33.522+0000] {logging_mixin.py:190} INFO - [2025-10-06T22:20:33.521+0000] {dag.py:4180} INFO - Setting next_dagrun for example_setup_teardown_taskflow to None, run_after=None
[2025-10-06T22:20:33.579+0000] {processor.py:208} INFO - Processing /home/airflow/.local/lib/python3.12/site-packages/airflow/example_dags/example_setup_teardown_taskflow.py took 0.227 seconds
[2025-10-06T22:21:03.936+0000] {processor.py:186} INFO - Started process (PID=2797) to work on /home/airflow/.local/lib/python3.12/site-packages/airflow/example_dags/example_setup_teardown_taskflow.py
[2025-10-06T22:21:03.940+0000] {processor.py:914} INFO - Processing file /home/airflow/.local/lib/python3.12/site-packages/airflow/example_dags/example_setup_teardown_taskflow.py for tasks to queue
[2025-10-06T22:21:03.945+0000] {logging_mixin.py:190} INFO - [2025-10-06T22:21:03.944+0000] {dagbag.py:588} INFO - Filling up the DagBag from /home/airflow/.local/lib/python3.12/site-packages/airflow/example_dags/example_setup_teardown_taskflow.py
[2025-10-06T22:21:04.007+0000] {processor.py:925} INFO - DAG(s) 'example_setup_teardown_taskflow' retrieved from /home/airflow/.local/lib/python3.12/site-packages/airflow/example_dags/example_setup_teardown_taskflow.py
[2025-10-06T22:21:04.081+0000] {logging_mixin.py:190} INFO - [2025-10-06T22:21:04.080+0000] {dag.py:3239} INFO - Sync 1 DAGs
[2025-10-06T22:21:04.527+0000] {logging_mixin.py:190} INFO - [2025-10-06T22:21:04.526+0000] {dag.py:4180} INFO - Setting next_dagrun for example_setup_teardown_taskflow to None, run_after=None
[2025-10-06T22:21:04.586+0000] {processor.py:208} INFO - Processing /home/airflow/.local/lib/python3.12/site-packages/airflow/example_dags/example_setup_teardown_taskflow.py took 0.672 seconds
[2025-10-06T22:21:35.595+0000] {processor.py:186} INFO - Started process (PID=2860) to work on /home/airflow/.local/lib/python3.12/site-packages/airflow/example_dags/example_setup_teardown_taskflow.py
[2025-10-06T22:21:35.600+0000] {processor.py:914} INFO - Processing file /home/airflow/.local/lib/python3.12/site-packages/airflow/example_dags/example_setup_teardown_taskflow.py for tasks to queue
[2025-10-06T22:21:35.607+0000] {logging_mixin.py:190} INFO - [2025-10-06T22:21:35.605+0000] {dagbag.py:588} INFO - Filling up the DagBag from /home/airflow/.local/lib/python3.12/site-packages/airflow/example_dags/example_setup_teardown_taskflow.py
[2025-10-06T22:21:35.664+0000] {processor.py:925} INFO - DAG(s) 'example_setup_teardown_taskflow' retrieved from /home/airflow/.local/lib/python3.12/site-packages/airflow/example_dags/example_setup_teardown_taskflow.py
[2025-10-06T22:21:35.768+0000] {logging_mixin.py:190} INFO - [2025-10-06T22:21:35.767+0000] {dag.py:3239} INFO - Sync 1 DAGs
[2025-10-06T22:21:35.844+0000] {logging_mixin.py:190} INFO - [2025-10-06T22:21:35.843+0000] {dag.py:4180} INFO - Setting next_dagrun for example_setup_teardown_taskflow to None, run_after=None
[2025-10-06T22:21:36.239+0000] {processor.py:208} INFO - Processing /home/airflow/.local/lib/python3.12/site-packages/airflow/example_dags/example_setup_teardown_taskflow.py took 0.677 seconds
[2025-10-06T22:22:06.806+0000] {processor.py:186} INFO - Started process (PID=2923) to work on /home/airflow/.local/lib/python3.12/site-packages/airflow/example_dags/example_setup_teardown_taskflow.py
[2025-10-06T22:22:06.809+0000] {processor.py:914} INFO - Processing file /home/airflow/.local/lib/python3.12/site-packages/airflow/example_dags/example_setup_teardown_taskflow.py for tasks to queue
[2025-10-06T22:22:06.813+0000] {logging_mixin.py:190} INFO - [2025-10-06T22:22:06.812+0000] {dagbag.py:588} INFO - Filling up the DagBag from /home/airflow/.local/lib/python3.12/site-packages/airflow/example_dags/example_setup_teardown_taskflow.py
[2025-10-06T22:22:06.849+0000] {processor.py:925} INFO - DAG(s) 'example_setup_teardown_taskflow' retrieved from /home/airflow/.local/lib/python3.12/site-packages/airflow/example_dags/example_setup_teardown_taskflow.py
[2025-10-06T22:22:06.908+0000] {logging_mixin.py:190} INFO - [2025-10-06T22:22:06.907+0000] {dag.py:3239} INFO - Sync 1 DAGs
[2025-10-06T22:22:06.964+0000] {logging_mixin.py:190} INFO - [2025-10-06T22:22:06.963+0000] {dag.py:4180} INFO - Setting next_dagrun for example_setup_teardown_taskflow to None, run_after=None
[2025-10-06T22:22:07.036+0000] {processor.py:208} INFO - Processing /home/airflow/.local/lib/python3.12/site-packages/airflow/example_dags/example_setup_teardown_taskflow.py took 0.251 seconds
[2025-10-06T22:22:37.424+0000] {processor.py:186} INFO - Started process (PID=2984) to work on /home/airflow/.local/lib/python3.12/site-packages/airflow/example_dags/example_setup_teardown_taskflow.py
[2025-10-06T22:22:37.427+0000] {processor.py:914} INFO - Processing file /home/airflow/.local/lib/python3.12/site-packages/airflow/example_dags/example_setup_teardown_taskflow.py for tasks to queue
[2025-10-06T22:22:37.431+0000] {logging_mixin.py:190} INFO - [2025-10-06T22:22:37.430+0000] {dagbag.py:588} INFO - Filling up the DagBag from /home/airflow/.local/lib/python3.12/site-packages/airflow/example_dags/example_setup_teardown_taskflow.py
[2025-10-06T22:22:37.492+0000] {processor.py:925} INFO - DAG(s) 'example_setup_teardown_taskflow' retrieved from /home/airflow/.local/lib/python3.12/site-packages/airflow/example_dags/example_setup_teardown_taskflow.py
[2025-10-06T22:22:37.577+0000] {logging_mixin.py:190} INFO - [2025-10-06T22:22:37.576+0000] {dag.py:3239} INFO - Sync 1 DAGs
[2025-10-06T22:22:37.617+0000] {logging_mixin.py:190} INFO - [2025-10-06T22:22:37.616+0000] {dag.py:4180} INFO - Setting next_dagrun for example_setup_teardown_taskflow to None, run_after=None
[2025-10-06T22:22:37.668+0000] {processor.py:208} INFO - Processing /home/airflow/.local/lib/python3.12/site-packages/airflow/example_dags/example_setup_teardown_taskflow.py took 0.264 seconds
[2025-10-06T22:23:08.233+0000] {processor.py:186} INFO - Started process (PID=3047) to work on /home/airflow/.local/lib/python3.12/site-packages/airflow/example_dags/example_setup_teardown_taskflow.py
[2025-10-06T22:23:08.237+0000] {processor.py:914} INFO - Processing file /home/airflow/.local/lib/python3.12/site-packages/airflow/example_dags/example_setup_teardown_taskflow.py for tasks to queue
[2025-10-06T22:23:08.242+0000] {logging_mixin.py:190} INFO - [2025-10-06T22:23:08.241+0000] {dagbag.py:588} INFO - Filling up the DagBag from /home/airflow/.local/lib/python3.12/site-packages/airflow/example_dags/example_setup_teardown_taskflow.py
[2025-10-06T22:23:08.293+0000] {processor.py:925} INFO - DAG(s) 'example_setup_teardown_taskflow' retrieved from /home/airflow/.local/lib/python3.12/site-packages/airflow/example_dags/example_setup_teardown_taskflow.py
[2025-10-06T22:23:08.381+0000] {logging_mixin.py:190} INFO - [2025-10-06T22:23:08.380+0000] {dag.py:3239} INFO - Sync 1 DAGs
[2025-10-06T22:23:08.455+0000] {logging_mixin.py:190} INFO - [2025-10-06T22:23:08.454+0000] {dag.py:4180} INFO - Setting next_dagrun for example_setup_teardown_taskflow to None, run_after=None
[2025-10-06T22:23:08.589+0000] {processor.py:208} INFO - Processing /home/airflow/.local/lib/python3.12/site-packages/airflow/example_dags/example_setup_teardown_taskflow.py took 0.381 seconds
[2025-10-06T22:23:39.340+0000] {processor.py:186} INFO - Started process (PID=3110) to work on /home/airflow/.local/lib/python3.12/site-packages/airflow/example_dags/example_setup_teardown_taskflow.py
[2025-10-06T22:23:39.343+0000] {processor.py:914} INFO - Processing file /home/airflow/.local/lib/python3.12/site-packages/airflow/example_dags/example_setup_teardown_taskflow.py for tasks to queue
[2025-10-06T22:23:39.349+0000] {logging_mixin.py:190} INFO - [2025-10-06T22:23:39.348+0000] {dagbag.py:588} INFO - Filling up the DagBag from /home/airflow/.local/lib/python3.12/site-packages/airflow/example_dags/example_setup_teardown_taskflow.py
[2025-10-06T22:23:39.409+0000] {processor.py:925} INFO - DAG(s) 'example_setup_teardown_taskflow' retrieved from /home/airflow/.local/lib/python3.12/site-packages/airflow/example_dags/example_setup_teardown_taskflow.py
[2025-10-06T22:23:39.482+0000] {logging_mixin.py:190} INFO - [2025-10-06T22:23:39.481+0000] {dag.py:3239} INFO - Sync 1 DAGs
[2025-10-06T22:23:39.547+0000] {logging_mixin.py:190} INFO - [2025-10-06T22:23:39.546+0000] {dag.py:4180} INFO - Setting next_dagrun for example_setup_teardown_taskflow to None, run_after=None
[2025-10-06T22:23:39.607+0000] {processor.py:208} INFO - Processing /home/airflow/.local/lib/python3.12/site-packages/airflow/example_dags/example_setup_teardown_taskflow.py took 0.308 seconds
[2025-10-06T22:24:10.252+0000] {processor.py:186} INFO - Started process (PID=3174) to work on /home/airflow/.local/lib/python3.12/site-packages/airflow/example_dags/example_setup_teardown_taskflow.py
[2025-10-06T22:24:10.257+0000] {processor.py:914} INFO - Processing file /home/airflow/.local/lib/python3.12/site-packages/airflow/example_dags/example_setup_teardown_taskflow.py for tasks to queue
[2025-10-06T22:24:10.264+0000] {logging_mixin.py:190} INFO - [2025-10-06T22:24:10.262+0000] {dagbag.py:588} INFO - Filling up the DagBag from /home/airflow/.local/lib/python3.12/site-packages/airflow/example_dags/example_setup_teardown_taskflow.py
[2025-10-06T22:24:10.320+0000] {processor.py:925} INFO - DAG(s) 'example_setup_teardown_taskflow' retrieved from /home/airflow/.local/lib/python3.12/site-packages/airflow/example_dags/example_setup_teardown_taskflow.py
[2025-10-06T22:24:10.441+0000] {logging_mixin.py:190} INFO - [2025-10-06T22:24:10.440+0000] {dag.py:3239} INFO - Sync 1 DAGs
[2025-10-06T22:24:10.533+0000] {logging_mixin.py:190} INFO - [2025-10-06T22:24:10.532+0000] {dag.py:4180} INFO - Setting next_dagrun for example_setup_teardown_taskflow to None, run_after=None
[2025-10-06T22:24:10.631+0000] {processor.py:208} INFO - Processing /home/airflow/.local/lib/python3.12/site-packages/airflow/example_dags/example_setup_teardown_taskflow.py took 0.410 seconds
[2025-10-06T22:24:41.400+0000] {processor.py:186} INFO - Started process (PID=3237) to work on /home/airflow/.local/lib/python3.12/site-packages/airflow/example_dags/example_setup_teardown_taskflow.py
[2025-10-06T22:24:41.403+0000] {processor.py:914} INFO - Processing file /home/airflow/.local/lib/python3.12/site-packages/airflow/example_dags/example_setup_teardown_taskflow.py for tasks to queue
[2025-10-06T22:24:41.408+0000] {logging_mixin.py:190} INFO - [2025-10-06T22:24:41.407+0000] {dagbag.py:588} INFO - Filling up the DagBag from /home/airflow/.local/lib/python3.12/site-packages/airflow/example_dags/example_setup_teardown_taskflow.py
[2025-10-06T22:24:41.446+0000] {processor.py:925} INFO - DAG(s) 'example_setup_teardown_taskflow' retrieved from /home/airflow/.local/lib/python3.12/site-packages/airflow/example_dags/example_setup_teardown_taskflow.py
[2025-10-06T22:24:41.504+0000] {logging_mixin.py:190} INFO - [2025-10-06T22:24:41.504+0000] {dag.py:3239} INFO - Sync 1 DAGs
[2025-10-06T22:24:41.541+0000] {logging_mixin.py:190} INFO - [2025-10-06T22:24:41.540+0000] {dag.py:4180} INFO - Setting next_dagrun for example_setup_teardown_taskflow to None, run_after=None
[2025-10-06T22:24:41.591+0000] {processor.py:208} INFO - Processing /home/airflow/.local/lib/python3.12/site-packages/airflow/example_dags/example_setup_teardown_taskflow.py took 0.211 seconds
[2025-10-06T22:25:12.580+0000] {processor.py:186} INFO - Started process (PID=3300) to work on /home/airflow/.local/lib/python3.12/site-packages/airflow/example_dags/example_setup_teardown_taskflow.py
[2025-10-06T22:25:12.585+0000] {processor.py:914} INFO - Processing file /home/airflow/.local/lib/python3.12/site-packages/airflow/example_dags/example_setup_teardown_taskflow.py for tasks to queue
[2025-10-06T22:25:12.592+0000] {logging_mixin.py:190} INFO - [2025-10-06T22:25:12.590+0000] {dagbag.py:588} INFO - Filling up the DagBag from /home/airflow/.local/lib/python3.12/site-packages/airflow/example_dags/example_setup_teardown_taskflow.py
[2025-10-06T22:25:12.646+0000] {processor.py:925} INFO - DAG(s) 'example_setup_teardown_taskflow' retrieved from /home/airflow/.local/lib/python3.12/site-packages/airflow/example_dags/example_setup_teardown_taskflow.py
[2025-10-06T22:25:12.750+0000] {logging_mixin.py:190} INFO - [2025-10-06T22:25:12.748+0000] {dag.py:3239} INFO - Sync 1 DAGs
[2025-10-06T22:25:12.837+0000] {logging_mixin.py:190} INFO - [2025-10-06T22:25:12.835+0000] {dag.py:4180} INFO - Setting next_dagrun for example_setup_teardown_taskflow to None, run_after=None
[2025-10-06T22:25:12.944+0000] {processor.py:208} INFO - Processing /home/airflow/.local/lib/python3.12/site-packages/airflow/example_dags/example_setup_teardown_taskflow.py took 0.396 seconds
[2025-10-06T22:25:43.188+0000] {processor.py:186} INFO - Started process (PID=3363) to work on /home/airflow/.local/lib/python3.12/site-packages/airflow/example_dags/example_setup_teardown_taskflow.py
[2025-10-06T22:25:43.191+0000] {processor.py:914} INFO - Processing file /home/airflow/.local/lib/python3.12/site-packages/airflow/example_dags/example_setup_teardown_taskflow.py for tasks to queue
[2025-10-06T22:25:43.195+0000] {logging_mixin.py:190} INFO - [2025-10-06T22:25:43.194+0000] {dagbag.py:588} INFO - Filling up the DagBag from /home/airflow/.local/lib/python3.12/site-packages/airflow/example_dags/example_setup_teardown_taskflow.py
[2025-10-06T22:25:43.225+0000] {processor.py:925} INFO - DAG(s) 'example_setup_teardown_taskflow' retrieved from /home/airflow/.local/lib/python3.12/site-packages/airflow/example_dags/example_setup_teardown_taskflow.py
[2025-10-06T22:25:43.269+0000] {logging_mixin.py:190} INFO - [2025-10-06T22:25:43.269+0000] {dag.py:3239} INFO - Sync 1 DAGs
[2025-10-06T22:25:43.306+0000] {logging_mixin.py:190} INFO - [2025-10-06T22:25:43.305+0000] {dag.py:4180} INFO - Setting next_dagrun for example_setup_teardown_taskflow to None, run_after=None
[2025-10-06T22:25:43.354+0000] {processor.py:208} INFO - Processing /home/airflow/.local/lib/python3.12/site-packages/airflow/example_dags/example_setup_teardown_taskflow.py took 0.184 seconds
[2025-10-06T22:26:13.876+0000] {processor.py:186} INFO - Started process (PID=3426) to work on /home/airflow/.local/lib/python3.12/site-packages/airflow/example_dags/example_setup_teardown_taskflow.py
[2025-10-06T22:26:13.881+0000] {processor.py:914} INFO - Processing file /home/airflow/.local/lib/python3.12/site-packages/airflow/example_dags/example_setup_teardown_taskflow.py for tasks to queue
[2025-10-06T22:26:13.887+0000] {logging_mixin.py:190} INFO - [2025-10-06T22:26:13.885+0000] {dagbag.py:588} INFO - Filling up the DagBag from /home/airflow/.local/lib/python3.12/site-packages/airflow/example_dags/example_setup_teardown_taskflow.py
[2025-10-06T22:26:13.940+0000] {processor.py:925} INFO - DAG(s) 'example_setup_teardown_taskflow' retrieved from /home/airflow/.local/lib/python3.12/site-packages/airflow/example_dags/example_setup_teardown_taskflow.py
[2025-10-06T22:26:14.041+0000] {logging_mixin.py:190} INFO - [2025-10-06T22:26:14.040+0000] {dag.py:3239} INFO - Sync 1 DAGs
[2025-10-06T22:26:14.124+0000] {logging_mixin.py:190} INFO - [2025-10-06T22:26:14.123+0000] {dag.py:4180} INFO - Setting next_dagrun for example_setup_teardown_taskflow to None, run_after=None
[2025-10-06T22:26:14.213+0000] {processor.py:208} INFO - Processing /home/airflow/.local/lib/python3.12/site-packages/airflow/example_dags/example_setup_teardown_taskflow.py took 0.364 seconds
[2025-10-06T22:26:44.983+0000] {processor.py:186} INFO - Started process (PID=3489) to work on /home/airflow/.local/lib/python3.12/site-packages/airflow/example_dags/example_setup_teardown_taskflow.py
[2025-10-06T22:26:44.985+0000] {processor.py:914} INFO - Processing file /home/airflow/.local/lib/python3.12/site-packages/airflow/example_dags/example_setup_teardown_taskflow.py for tasks to queue
[2025-10-06T22:26:44.990+0000] {logging_mixin.py:190} INFO - [2025-10-06T22:26:44.988+0000] {dagbag.py:588} INFO - Filling up the DagBag from /home/airflow/.local/lib/python3.12/site-packages/airflow/example_dags/example_setup_teardown_taskflow.py
[2025-10-06T22:26:45.024+0000] {processor.py:925} INFO - DAG(s) 'example_setup_teardown_taskflow' retrieved from /home/airflow/.local/lib/python3.12/site-packages/airflow/example_dags/example_setup_teardown_taskflow.py
[2025-10-06T22:26:45.085+0000] {logging_mixin.py:190} INFO - [2025-10-06T22:26:45.085+0000] {dag.py:3239} INFO - Sync 1 DAGs
[2025-10-06T22:26:45.120+0000] {logging_mixin.py:190} INFO - [2025-10-06T22:26:45.119+0000] {dag.py:4180} INFO - Setting next_dagrun for example_setup_teardown_taskflow to None, run_after=None
[2025-10-06T22:26:45.169+0000] {processor.py:208} INFO - Processing /home/airflow/.local/lib/python3.12/site-packages/airflow/example_dags/example_setup_teardown_taskflow.py took 0.204 seconds
[2025-10-06T22:27:16.052+0000] {processor.py:186} INFO - Started process (PID=3552) to work on /home/airflow/.local/lib/python3.12/site-packages/airflow/example_dags/example_setup_teardown_taskflow.py
[2025-10-06T22:27:16.058+0000] {processor.py:914} INFO - Processing file /home/airflow/.local/lib/python3.12/site-packages/airflow/example_dags/example_setup_teardown_taskflow.py for tasks to queue
[2025-10-06T22:27:16.064+0000] {logging_mixin.py:190} INFO - [2025-10-06T22:27:16.063+0000] {dagbag.py:588} INFO - Filling up the DagBag from /home/airflow/.local/lib/python3.12/site-packages/airflow/example_dags/example_setup_teardown_taskflow.py
[2025-10-06T22:27:16.118+0000] {processor.py:925} INFO - DAG(s) 'example_setup_teardown_taskflow' retrieved from /home/airflow/.local/lib/python3.12/site-packages/airflow/example_dags/example_setup_teardown_taskflow.py
[2025-10-06T22:27:16.221+0000] {logging_mixin.py:190} INFO - [2025-10-06T22:27:16.220+0000] {dag.py:3239} INFO - Sync 1 DAGs
[2025-10-06T22:27:16.298+0000] {logging_mixin.py:190} INFO - [2025-10-06T22:27:16.297+0000] {dag.py:4180} INFO - Setting next_dagrun for example_setup_teardown_taskflow to None, run_after=None
[2025-10-06T22:27:16.401+0000] {processor.py:208} INFO - Processing /home/airflow/.local/lib/python3.12/site-packages/airflow/example_dags/example_setup_teardown_taskflow.py took 0.375 seconds
[2025-10-06T22:27:46.752+0000] {processor.py:186} INFO - Started process (PID=3616) to work on /home/airflow/.local/lib/python3.12/site-packages/airflow/example_dags/example_setup_teardown_taskflow.py
[2025-10-06T22:27:46.757+0000] {processor.py:914} INFO - Processing file /home/airflow/.local/lib/python3.12/site-packages/airflow/example_dags/example_setup_teardown_taskflow.py for tasks to queue
[2025-10-06T22:27:46.763+0000] {logging_mixin.py:190} INFO - [2025-10-06T22:27:46.762+0000] {dagbag.py:588} INFO - Filling up the DagBag from /home/airflow/.local/lib/python3.12/site-packages/airflow/example_dags/example_setup_teardown_taskflow.py
[2025-10-06T22:27:46.815+0000] {processor.py:925} INFO - DAG(s) 'example_setup_teardown_taskflow' retrieved from /home/airflow/.local/lib/python3.12/site-packages/airflow/example_dags/example_setup_teardown_taskflow.py
[2025-10-06T22:27:46.895+0000] {logging_mixin.py:190} INFO - [2025-10-06T22:27:46.895+0000] {dag.py:3239} INFO - Sync 1 DAGs
[2025-10-06T22:27:46.936+0000] {logging_mixin.py:190} INFO - [2025-10-06T22:27:46.935+0000] {dag.py:4180} INFO - Setting next_dagrun for example_setup_teardown_taskflow to None, run_after=None
[2025-10-06T22:27:46.983+0000] {processor.py:208} INFO - Processing /home/airflow/.local/lib/python3.12/site-packages/airflow/example_dags/example_setup_teardown_taskflow.py took 0.259 seconds
[2025-10-06T22:28:17.276+0000] {processor.py:186} INFO - Started process (PID=3679) to work on /home/airflow/.local/lib/python3.12/site-packages/airflow/example_dags/example_setup_teardown_taskflow.py
[2025-10-06T22:28:17.281+0000] {processor.py:914} INFO - Processing file /home/airflow/.local/lib/python3.12/site-packages/airflow/example_dags/example_setup_teardown_taskflow.py for tasks to queue
[2025-10-06T22:28:17.287+0000] {logging_mixin.py:190} INFO - [2025-10-06T22:28:17.286+0000] {dagbag.py:588} INFO - Filling up the DagBag from /home/airflow/.local/lib/python3.12/site-packages/airflow/example_dags/example_setup_teardown_taskflow.py
[2025-10-06T22:28:17.339+0000] {processor.py:925} INFO - DAG(s) 'example_setup_teardown_taskflow' retrieved from /home/airflow/.local/lib/python3.12/site-packages/airflow/example_dags/example_setup_teardown_taskflow.py
[2025-10-06T22:28:17.461+0000] {logging_mixin.py:190} INFO - [2025-10-06T22:28:17.460+0000] {dag.py:3239} INFO - Sync 1 DAGs
[2025-10-06T22:28:17.530+0000] {logging_mixin.py:190} INFO - [2025-10-06T22:28:17.530+0000] {dag.py:4180} INFO - Setting next_dagrun for example_setup_teardown_taskflow to None, run_after=None
[2025-10-06T22:28:17.595+0000] {processor.py:208} INFO - Processing /home/airflow/.local/lib/python3.12/site-packages/airflow/example_dags/example_setup_teardown_taskflow.py took 0.346 seconds
[2025-10-06T22:28:47.889+0000] {processor.py:186} INFO - Started process (PID=3742) to work on /home/airflow/.local/lib/python3.12/site-packages/airflow/example_dags/example_setup_teardown_taskflow.py
[2025-10-06T22:28:47.892+0000] {processor.py:914} INFO - Processing file /home/airflow/.local/lib/python3.12/site-packages/airflow/example_dags/example_setup_teardown_taskflow.py for tasks to queue
[2025-10-06T22:28:47.896+0000] {logging_mixin.py:190} INFO - [2025-10-06T22:28:47.894+0000] {dagbag.py:588} INFO - Filling up the DagBag from /home/airflow/.local/lib/python3.12/site-packages/airflow/example_dags/example_setup_teardown_taskflow.py
[2025-10-06T22:28:47.924+0000] {processor.py:925} INFO - DAG(s) 'example_setup_teardown_taskflow' retrieved from /home/airflow/.local/lib/python3.12/site-packages/airflow/example_dags/example_setup_teardown_taskflow.py
[2025-10-06T22:28:47.974+0000] {logging_mixin.py:190} INFO - [2025-10-06T22:28:47.974+0000] {dag.py:3239} INFO - Sync 1 DAGs
[2025-10-06T22:28:48.014+0000] {logging_mixin.py:190} INFO - [2025-10-06T22:28:48.013+0000] {dag.py:4180} INFO - Setting next_dagrun for example_setup_teardown_taskflow to None, run_after=None
[2025-10-06T22:28:48.064+0000] {processor.py:208} INFO - Processing /home/airflow/.local/lib/python3.12/site-packages/airflow/example_dags/example_setup_teardown_taskflow.py took 0.190 seconds
[2025-10-06T22:29:19.724+0000] {processor.py:186} INFO - Started process (PID=3803) to work on /home/airflow/.local/lib/python3.12/site-packages/airflow/example_dags/example_setup_teardown_taskflow.py
[2025-10-06T22:29:19.738+0000] {processor.py:914} INFO - Processing file /home/airflow/.local/lib/python3.12/site-packages/airflow/example_dags/example_setup_teardown_taskflow.py for tasks to queue
[2025-10-06T22:29:19.744+0000] {logging_mixin.py:190} INFO - [2025-10-06T22:29:19.742+0000] {dagbag.py:588} INFO - Filling up the DagBag from /home/airflow/.local/lib/python3.12/site-packages/airflow/example_dags/example_setup_teardown_taskflow.py
[2025-10-06T22:29:19.840+0000] {processor.py:925} INFO - DAG(s) 'example_setup_teardown_taskflow' retrieved from /home/airflow/.local/lib/python3.12/site-packages/airflow/example_dags/example_setup_teardown_taskflow.py
[2025-10-06T22:29:19.928+0000] {logging_mixin.py:190} INFO - [2025-10-06T22:29:19.927+0000] {dag.py:3239} INFO - Sync 1 DAGs
[2025-10-06T22:29:20.004+0000] {logging_mixin.py:190} INFO - [2025-10-06T22:29:20.003+0000] {dag.py:4180} INFO - Setting next_dagrun for example_setup_teardown_taskflow to None, run_after=None
[2025-10-06T22:29:20.104+0000] {processor.py:208} INFO - Processing /home/airflow/.local/lib/python3.12/site-packages/airflow/example_dags/example_setup_teardown_taskflow.py took 0.445 seconds
[2025-10-06T22:29:59.440+0000] {processor.py:186} INFO - Started process (PID=3837) to work on /home/airflow/.local/lib/python3.12/site-packages/airflow/example_dags/example_setup_teardown_taskflow.py
[2025-10-06T22:29:59.443+0000] {processor.py:914} INFO - Processing file /home/airflow/.local/lib/python3.12/site-packages/airflow/example_dags/example_setup_teardown_taskflow.py for tasks to queue
[2025-10-06T22:29:59.448+0000] {logging_mixin.py:190} INFO - [2025-10-06T22:29:59.447+0000] {dagbag.py:588} INFO - Filling up the DagBag from /home/airflow/.local/lib/python3.12/site-packages/airflow/example_dags/example_setup_teardown_taskflow.py
[2025-10-06T22:29:59.488+0000] {processor.py:925} INFO - DAG(s) 'example_setup_teardown_taskflow' retrieved from /home/airflow/.local/lib/python3.12/site-packages/airflow/example_dags/example_setup_teardown_taskflow.py
[2025-10-06T22:29:59.567+0000] {logging_mixin.py:190} INFO - [2025-10-06T22:29:59.566+0000] {dag.py:3239} INFO - Sync 1 DAGs
[2025-10-06T22:29:59.639+0000] {logging_mixin.py:190} INFO - [2025-10-06T22:29:59.638+0000] {dag.py:4180} INFO - Setting next_dagrun for example_setup_teardown_taskflow to None, run_after=None
[2025-10-06T22:29:59.719+0000] {processor.py:208} INFO - Processing /home/airflow/.local/lib/python3.12/site-packages/airflow/example_dags/example_setup_teardown_taskflow.py took 0.304 seconds
[2025-10-06T22:30:31.044+0000] {processor.py:186} INFO - Started process (PID=3900) to work on /home/airflow/.local/lib/python3.12/site-packages/airflow/example_dags/example_setup_teardown_taskflow.py
[2025-10-06T22:30:31.046+0000] {processor.py:914} INFO - Processing file /home/airflow/.local/lib/python3.12/site-packages/airflow/example_dags/example_setup_teardown_taskflow.py for tasks to queue
[2025-10-06T22:30:31.049+0000] {logging_mixin.py:190} INFO - [2025-10-06T22:30:31.048+0000] {dagbag.py:588} INFO - Filling up the DagBag from /home/airflow/.local/lib/python3.12/site-packages/airflow/example_dags/example_setup_teardown_taskflow.py
[2025-10-06T22:30:31.080+0000] {processor.py:925} INFO - DAG(s) 'example_setup_teardown_taskflow' retrieved from /home/airflow/.local/lib/python3.12/site-packages/airflow/example_dags/example_setup_teardown_taskflow.py
[2025-10-06T22:30:31.135+0000] {logging_mixin.py:190} INFO - [2025-10-06T22:30:31.134+0000] {dag.py:3239} INFO - Sync 1 DAGs
[2025-10-06T22:30:31.173+0000] {logging_mixin.py:190} INFO - [2025-10-06T22:30:31.172+0000] {dag.py:4180} INFO - Setting next_dagrun for example_setup_teardown_taskflow to None, run_after=None
[2025-10-06T22:30:31.227+0000] {processor.py:208} INFO - Processing /home/airflow/.local/lib/python3.12/site-packages/airflow/example_dags/example_setup_teardown_taskflow.py took 0.198 seconds
[2025-10-06T22:31:02.126+0000] {processor.py:186} INFO - Started process (PID=3965) to work on /home/airflow/.local/lib/python3.12/site-packages/airflow/example_dags/example_setup_teardown_taskflow.py
[2025-10-06T22:31:02.128+0000] {processor.py:914} INFO - Processing file /home/airflow/.local/lib/python3.12/site-packages/airflow/example_dags/example_setup_teardown_taskflow.py for tasks to queue
[2025-10-06T22:31:02.132+0000] {logging_mixin.py:190} INFO - [2025-10-06T22:31:02.131+0000] {dagbag.py:588} INFO - Filling up the DagBag from /home/airflow/.local/lib/python3.12/site-packages/airflow/example_dags/example_setup_teardown_taskflow.py
[2025-10-06T22:31:02.163+0000] {processor.py:925} INFO - DAG(s) 'example_setup_teardown_taskflow' retrieved from /home/airflow/.local/lib/python3.12/site-packages/airflow/example_dags/example_setup_teardown_taskflow.py
[2025-10-06T22:31:02.226+0000] {logging_mixin.py:190} INFO - [2025-10-06T22:31:02.225+0000] {dag.py:3239} INFO - Sync 1 DAGs
[2025-10-06T22:31:02.280+0000] {logging_mixin.py:190} INFO - [2025-10-06T22:31:02.279+0000] {dag.py:4180} INFO - Setting next_dagrun for example_setup_teardown_taskflow to None, run_after=None
[2025-10-06T22:31:02.337+0000] {processor.py:208} INFO - Processing /home/airflow/.local/lib/python3.12/site-packages/airflow/example_dags/example_setup_teardown_taskflow.py took 0.228 seconds
[2025-10-06T22:31:35.050+0000] {processor.py:186} INFO - Started process (PID=4028) to work on /home/airflow/.local/lib/python3.12/site-packages/airflow/example_dags/example_setup_teardown_taskflow.py
[2025-10-06T22:31:35.052+0000] {processor.py:914} INFO - Processing file /home/airflow/.local/lib/python3.12/site-packages/airflow/example_dags/example_setup_teardown_taskflow.py for tasks to queue
[2025-10-06T22:31:35.056+0000] {logging_mixin.py:190} INFO - [2025-10-06T22:31:35.055+0000] {dagbag.py:588} INFO - Filling up the DagBag from /home/airflow/.local/lib/python3.12/site-packages/airflow/example_dags/example_setup_teardown_taskflow.py
[2025-10-06T22:31:35.085+0000] {processor.py:925} INFO - DAG(s) 'example_setup_teardown_taskflow' retrieved from /home/airflow/.local/lib/python3.12/site-packages/airflow/example_dags/example_setup_teardown_taskflow.py
[2025-10-06T22:31:35.144+0000] {logging_mixin.py:190} INFO - [2025-10-06T22:31:35.144+0000] {dag.py:3239} INFO - Sync 1 DAGs
[2025-10-06T22:31:35.184+0000] {logging_mixin.py:190} INFO - [2025-10-06T22:31:35.183+0000] {dag.py:4180} INFO - Setting next_dagrun for example_setup_teardown_taskflow to None, run_after=None
[2025-10-06T22:31:35.275+0000] {processor.py:208} INFO - Processing /home/airflow/.local/lib/python3.12/site-packages/airflow/example_dags/example_setup_teardown_taskflow.py took 0.241 seconds
[2025-10-06T22:32:09.130+0000] {processor.py:186} INFO - Started process (PID=4091) to work on /home/airflow/.local/lib/python3.12/site-packages/airflow/example_dags/example_setup_teardown_taskflow.py
[2025-10-06T22:32:09.133+0000] {processor.py:914} INFO - Processing file /home/airflow/.local/lib/python3.12/site-packages/airflow/example_dags/example_setup_teardown_taskflow.py for tasks to queue
[2025-10-06T22:32:09.137+0000] {logging_mixin.py:190} INFO - [2025-10-06T22:32:09.136+0000] {dagbag.py:588} INFO - Filling up the DagBag from /home/airflow/.local/lib/python3.12/site-packages/airflow/example_dags/example_setup_teardown_taskflow.py
[2025-10-06T22:32:09.166+0000] {processor.py:925} INFO - DAG(s) 'example_setup_teardown_taskflow' retrieved from /home/airflow/.local/lib/python3.12/site-packages/airflow/example_dags/example_setup_teardown_taskflow.py
[2025-10-06T22:32:09.221+0000] {logging_mixin.py:190} INFO - [2025-10-06T22:32:09.220+0000] {dag.py:3239} INFO - Sync 1 DAGs
[2025-10-06T22:32:09.263+0000] {logging_mixin.py:190} INFO - [2025-10-06T22:32:09.263+0000] {dag.py:4180} INFO - Setting next_dagrun for example_setup_teardown_taskflow to None, run_after=None
[2025-10-06T22:32:09.312+0000] {processor.py:208} INFO - Processing /home/airflow/.local/lib/python3.12/site-packages/airflow/example_dags/example_setup_teardown_taskflow.py took 0.199 seconds
[2025-10-06T22:32:39.900+0000] {processor.py:186} INFO - Started process (PID=4154) to work on /home/airflow/.local/lib/python3.12/site-packages/airflow/example_dags/example_setup_teardown_taskflow.py
[2025-10-06T22:32:39.903+0000] {processor.py:914} INFO - Processing file /home/airflow/.local/lib/python3.12/site-packages/airflow/example_dags/example_setup_teardown_taskflow.py for tasks to queue
[2025-10-06T22:32:39.908+0000] {logging_mixin.py:190} INFO - [2025-10-06T22:32:39.907+0000] {dagbag.py:588} INFO - Filling up the DagBag from /home/airflow/.local/lib/python3.12/site-packages/airflow/example_dags/example_setup_teardown_taskflow.py
[2025-10-06T22:32:39.942+0000] {processor.py:925} INFO - DAG(s) 'example_setup_teardown_taskflow' retrieved from /home/airflow/.local/lib/python3.12/site-packages/airflow/example_dags/example_setup_teardown_taskflow.py
[2025-10-06T22:32:40.003+0000] {logging_mixin.py:190} INFO - [2025-10-06T22:32:40.002+0000] {dag.py:3239} INFO - Sync 1 DAGs
[2025-10-06T22:32:40.055+0000] {logging_mixin.py:190} INFO - [2025-10-06T22:32:40.054+0000] {dag.py:4180} INFO - Setting next_dagrun for example_setup_teardown_taskflow to None, run_after=None
[2025-10-06T22:32:40.109+0000] {processor.py:208} INFO - Processing /home/airflow/.local/lib/python3.12/site-packages/airflow/example_dags/example_setup_teardown_taskflow.py took 0.228 seconds
[2025-10-06T22:33:10.446+0000] {processor.py:186} INFO - Started process (PID=4216) to work on /home/airflow/.local/lib/python3.12/site-packages/airflow/example_dags/example_setup_teardown_taskflow.py
[2025-10-06T22:33:10.450+0000] {processor.py:914} INFO - Processing file /home/airflow/.local/lib/python3.12/site-packages/airflow/example_dags/example_setup_teardown_taskflow.py for tasks to queue
[2025-10-06T22:33:10.458+0000] {logging_mixin.py:190} INFO - [2025-10-06T22:33:10.456+0000] {dagbag.py:588} INFO - Filling up the DagBag from /home/airflow/.local/lib/python3.12/site-packages/airflow/example_dags/example_setup_teardown_taskflow.py
[2025-10-06T22:33:10.508+0000] {processor.py:925} INFO - DAG(s) 'example_setup_teardown_taskflow' retrieved from /home/airflow/.local/lib/python3.12/site-packages/airflow/example_dags/example_setup_teardown_taskflow.py
[2025-10-06T22:33:10.579+0000] {logging_mixin.py:190} INFO - [2025-10-06T22:33:10.578+0000] {dag.py:3239} INFO - Sync 1 DAGs
[2025-10-06T22:33:10.643+0000] {logging_mixin.py:190} INFO - [2025-10-06T22:33:10.642+0000] {dag.py:4180} INFO - Setting next_dagrun for example_setup_teardown_taskflow to None, run_after=None
[2025-10-06T22:33:10.698+0000] {processor.py:208} INFO - Processing /home/airflow/.local/lib/python3.12/site-packages/airflow/example_dags/example_setup_teardown_taskflow.py took 0.275 seconds
[2025-10-06T22:33:46.157+0000] {processor.py:186} INFO - Started process (PID=4280) to work on /home/airflow/.local/lib/python3.12/site-packages/airflow/example_dags/example_setup_teardown_taskflow.py
[2025-10-06T22:33:46.160+0000] {processor.py:914} INFO - Processing file /home/airflow/.local/lib/python3.12/site-packages/airflow/example_dags/example_setup_teardown_taskflow.py for tasks to queue
[2025-10-06T22:33:46.173+0000] {logging_mixin.py:190} INFO - [2025-10-06T22:33:46.172+0000] {dagbag.py:588} INFO - Filling up the DagBag from /home/airflow/.local/lib/python3.12/site-packages/airflow/example_dags/example_setup_teardown_taskflow.py
[2025-10-06T22:33:46.242+0000] {processor.py:925} INFO - DAG(s) 'example_setup_teardown_taskflow' retrieved from /home/airflow/.local/lib/python3.12/site-packages/airflow/example_dags/example_setup_teardown_taskflow.py
[2025-10-06T22:33:46.345+0000] {logging_mixin.py:190} INFO - [2025-10-06T22:33:46.344+0000] {dag.py:3239} INFO - Sync 1 DAGs
[2025-10-06T22:33:46.392+0000] {logging_mixin.py:190} INFO - [2025-10-06T22:33:46.391+0000] {dag.py:4180} INFO - Setting next_dagrun for example_setup_teardown_taskflow to None, run_after=None
[2025-10-06T22:33:46.460+0000] {processor.py:208} INFO - Processing /home/airflow/.local/lib/python3.12/site-packages/airflow/example_dags/example_setup_teardown_taskflow.py took 0.334 seconds
[2025-10-06T22:34:18.453+0000] {processor.py:186} INFO - Started process (PID=4339) to work on /home/airflow/.local/lib/python3.12/site-packages/airflow/example_dags/example_setup_teardown_taskflow.py
[2025-10-06T22:34:18.456+0000] {processor.py:914} INFO - Processing file /home/airflow/.local/lib/python3.12/site-packages/airflow/example_dags/example_setup_teardown_taskflow.py for tasks to queue
[2025-10-06T22:34:18.461+0000] {logging_mixin.py:190} INFO - [2025-10-06T22:34:18.459+0000] {dagbag.py:588} INFO - Filling up the DagBag from /home/airflow/.local/lib/python3.12/site-packages/airflow/example_dags/example_setup_teardown_taskflow.py
[2025-10-06T22:34:18.492+0000] {processor.py:925} INFO - DAG(s) 'example_setup_teardown_taskflow' retrieved from /home/airflow/.local/lib/python3.12/site-packages/airflow/example_dags/example_setup_teardown_taskflow.py
[2025-10-06T22:34:18.554+0000] {logging_mixin.py:190} INFO - [2025-10-06T22:34:18.553+0000] {dag.py:3239} INFO - Sync 1 DAGs
[2025-10-06T22:34:18.600+0000] {logging_mixin.py:190} INFO - [2025-10-06T22:34:18.599+0000] {dag.py:4180} INFO - Setting next_dagrun for example_setup_teardown_taskflow to None, run_after=None
[2025-10-06T22:34:18.653+0000] {processor.py:208} INFO - Processing /home/airflow/.local/lib/python3.12/site-packages/airflow/example_dags/example_setup_teardown_taskflow.py took 0.220 seconds
[2025-10-06T22:34:50.478+0000] {processor.py:186} INFO - Started process (PID=4402) to work on /home/airflow/.local/lib/python3.12/site-packages/airflow/example_dags/example_setup_teardown_taskflow.py
[2025-10-06T22:34:50.489+0000] {processor.py:914} INFO - Processing file /home/airflow/.local/lib/python3.12/site-packages/airflow/example_dags/example_setup_teardown_taskflow.py for tasks to queue
[2025-10-06T22:34:50.495+0000] {logging_mixin.py:190} INFO - [2025-10-06T22:34:50.494+0000] {dagbag.py:588} INFO - Filling up the DagBag from /home/airflow/.local/lib/python3.12/site-packages/airflow/example_dags/example_setup_teardown_taskflow.py
[2025-10-06T22:34:50.559+0000] {processor.py:925} INFO - DAG(s) 'example_setup_teardown_taskflow' retrieved from /home/airflow/.local/lib/python3.12/site-packages/airflow/example_dags/example_setup_teardown_taskflow.py
[2025-10-06T22:34:50.661+0000] {logging_mixin.py:190} INFO - [2025-10-06T22:34:50.659+0000] {dag.py:3239} INFO - Sync 1 DAGs
[2025-10-06T22:34:50.720+0000] {logging_mixin.py:190} INFO - [2025-10-06T22:34:50.720+0000] {dag.py:4180} INFO - Setting next_dagrun for example_setup_teardown_taskflow to None, run_after=None
[2025-10-06T22:34:50.831+0000] {processor.py:208} INFO - Processing /home/airflow/.local/lib/python3.12/site-packages/airflow/example_dags/example_setup_teardown_taskflow.py took 0.391 seconds
[2025-10-06T22:35:21.672+0000] {processor.py:186} INFO - Started process (PID=4465) to work on /home/airflow/.local/lib/python3.12/site-packages/airflow/example_dags/example_setup_teardown_taskflow.py
[2025-10-06T22:35:21.675+0000] {processor.py:914} INFO - Processing file /home/airflow/.local/lib/python3.12/site-packages/airflow/example_dags/example_setup_teardown_taskflow.py for tasks to queue
[2025-10-06T22:35:21.678+0000] {logging_mixin.py:190} INFO - [2025-10-06T22:35:21.678+0000] {dagbag.py:588} INFO - Filling up the DagBag from /home/airflow/.local/lib/python3.12/site-packages/airflow/example_dags/example_setup_teardown_taskflow.py
[2025-10-06T22:35:21.708+0000] {processor.py:925} INFO - DAG(s) 'example_setup_teardown_taskflow' retrieved from /home/airflow/.local/lib/python3.12/site-packages/airflow/example_dags/example_setup_teardown_taskflow.py
[2025-10-06T22:35:21.775+0000] {logging_mixin.py:190} INFO - [2025-10-06T22:35:21.774+0000] {dag.py:3239} INFO - Sync 1 DAGs
[2025-10-06T22:35:21.816+0000] {logging_mixin.py:190} INFO - [2025-10-06T22:35:21.816+0000] {dag.py:4180} INFO - Setting next_dagrun for example_setup_teardown_taskflow to None, run_after=None
[2025-10-06T22:35:21.868+0000] {processor.py:208} INFO - Processing /home/airflow/.local/lib/python3.12/site-packages/airflow/example_dags/example_setup_teardown_taskflow.py took 0.209 seconds
[2025-10-06T22:40:51.559+0000] {processor.py:186} INFO - Started process (PID=98) to work on /home/airflow/.local/lib/python3.12/site-packages/airflow/example_dags/example_setup_teardown_taskflow.py
[2025-10-06T22:40:51.568+0000] {processor.py:914} INFO - Processing file /home/airflow/.local/lib/python3.12/site-packages/airflow/example_dags/example_setup_teardown_taskflow.py for tasks to queue
[2025-10-06T22:40:51.578+0000] {logging_mixin.py:190} INFO - [2025-10-06T22:40:51.577+0000] {dagbag.py:588} INFO - Filling up the DagBag from /home/airflow/.local/lib/python3.12/site-packages/airflow/example_dags/example_setup_teardown_taskflow.py
[2025-10-06T22:40:51.623+0000] {processor.py:925} INFO - DAG(s) 'example_setup_teardown_taskflow' retrieved from /home/airflow/.local/lib/python3.12/site-packages/airflow/example_dags/example_setup_teardown_taskflow.py
[2025-10-06T22:40:51.710+0000] {logging_mixin.py:190} INFO - [2025-10-06T22:40:51.709+0000] {dag.py:3239} INFO - Sync 1 DAGs
[2025-10-06T22:40:51.752+0000] {logging_mixin.py:190} INFO - [2025-10-06T22:40:51.751+0000] {dag.py:4180} INFO - Setting next_dagrun for example_setup_teardown_taskflow to None, run_after=None
[2025-10-06T22:40:51.934+0000] {processor.py:208} INFO - Processing /home/airflow/.local/lib/python3.12/site-packages/airflow/example_dags/example_setup_teardown_taskflow.py took 0.405 seconds
[2025-10-06T22:41:22.997+0000] {processor.py:186} INFO - Started process (PID=161) to work on /home/airflow/.local/lib/python3.12/site-packages/airflow/example_dags/example_setup_teardown_taskflow.py
[2025-10-06T22:41:23.000+0000] {processor.py:914} INFO - Processing file /home/airflow/.local/lib/python3.12/site-packages/airflow/example_dags/example_setup_teardown_taskflow.py for tasks to queue
[2025-10-06T22:41:23.007+0000] {logging_mixin.py:190} INFO - [2025-10-06T22:41:23.006+0000] {dagbag.py:588} INFO - Filling up the DagBag from /home/airflow/.local/lib/python3.12/site-packages/airflow/example_dags/example_setup_teardown_taskflow.py
[2025-10-06T22:41:23.043+0000] {processor.py:925} INFO - DAG(s) 'example_setup_teardown_taskflow' retrieved from /home/airflow/.local/lib/python3.12/site-packages/airflow/example_dags/example_setup_teardown_taskflow.py
[2025-10-06T22:41:23.103+0000] {logging_mixin.py:190} INFO - [2025-10-06T22:41:23.102+0000] {dag.py:3239} INFO - Sync 1 DAGs
[2025-10-06T22:41:23.139+0000] {logging_mixin.py:190} INFO - [2025-10-06T22:41:23.139+0000] {dag.py:4180} INFO - Setting next_dagrun for example_setup_teardown_taskflow to None, run_after=None
[2025-10-06T22:41:23.186+0000] {processor.py:208} INFO - Processing /home/airflow/.local/lib/python3.12/site-packages/airflow/example_dags/example_setup_teardown_taskflow.py took 0.209 seconds
[2025-10-06T22:41:53.815+0000] {processor.py:186} INFO - Started process (PID=224) to work on /home/airflow/.local/lib/python3.12/site-packages/airflow/example_dags/example_setup_teardown_taskflow.py
[2025-10-06T22:41:53.818+0000] {processor.py:914} INFO - Processing file /home/airflow/.local/lib/python3.12/site-packages/airflow/example_dags/example_setup_teardown_taskflow.py for tasks to queue
[2025-10-06T22:41:53.823+0000] {logging_mixin.py:190} INFO - [2025-10-06T22:41:53.822+0000] {dagbag.py:588} INFO - Filling up the DagBag from /home/airflow/.local/lib/python3.12/site-packages/airflow/example_dags/example_setup_teardown_taskflow.py
[2025-10-06T22:41:53.849+0000] {processor.py:925} INFO - DAG(s) 'example_setup_teardown_taskflow' retrieved from /home/airflow/.local/lib/python3.12/site-packages/airflow/example_dags/example_setup_teardown_taskflow.py
[2025-10-06T22:41:53.928+0000] {logging_mixin.py:190} INFO - [2025-10-06T22:41:53.928+0000] {dag.py:3239} INFO - Sync 1 DAGs
[2025-10-06T22:41:53.964+0000] {logging_mixin.py:190} INFO - [2025-10-06T22:41:53.964+0000] {dag.py:4180} INFO - Setting next_dagrun for example_setup_teardown_taskflow to None, run_after=None
[2025-10-06T22:41:54.086+0000] {processor.py:208} INFO - Processing /home/airflow/.local/lib/python3.12/site-packages/airflow/example_dags/example_setup_teardown_taskflow.py took 0.289 seconds
[2025-10-06T22:42:24.426+0000] {processor.py:186} INFO - Started process (PID=286) to work on /home/airflow/.local/lib/python3.12/site-packages/airflow/example_dags/example_setup_teardown_taskflow.py
[2025-10-06T22:42:24.432+0000] {processor.py:914} INFO - Processing file /home/airflow/.local/lib/python3.12/site-packages/airflow/example_dags/example_setup_teardown_taskflow.py for tasks to queue
[2025-10-06T22:42:24.446+0000] {logging_mixin.py:190} INFO - [2025-10-06T22:42:24.443+0000] {dagbag.py:588} INFO - Filling up the DagBag from /home/airflow/.local/lib/python3.12/site-packages/airflow/example_dags/example_setup_teardown_taskflow.py
[2025-10-06T22:42:24.516+0000] {processor.py:925} INFO - DAG(s) 'example_setup_teardown_taskflow' retrieved from /home/airflow/.local/lib/python3.12/site-packages/airflow/example_dags/example_setup_teardown_taskflow.py
[2025-10-06T22:42:24.635+0000] {logging_mixin.py:190} INFO - [2025-10-06T22:42:24.634+0000] {dag.py:3239} INFO - Sync 1 DAGs
[2025-10-06T22:42:24.735+0000] {logging_mixin.py:190} INFO - [2025-10-06T22:42:24.734+0000] {dag.py:4180} INFO - Setting next_dagrun for example_setup_teardown_taskflow to None, run_after=None
[2025-10-06T22:42:24.804+0000] {processor.py:208} INFO - Processing /home/airflow/.local/lib/python3.12/site-packages/airflow/example_dags/example_setup_teardown_taskflow.py took 0.429 seconds
[2025-10-06T22:42:55.207+0000] {processor.py:186} INFO - Started process (PID=351) to work on /home/airflow/.local/lib/python3.12/site-packages/airflow/example_dags/example_setup_teardown_taskflow.py
[2025-10-06T22:42:55.213+0000] {processor.py:914} INFO - Processing file /home/airflow/.local/lib/python3.12/site-packages/airflow/example_dags/example_setup_teardown_taskflow.py for tasks to queue
[2025-10-06T22:42:55.226+0000] {logging_mixin.py:190} INFO - [2025-10-06T22:42:55.225+0000] {dagbag.py:588} INFO - Filling up the DagBag from /home/airflow/.local/lib/python3.12/site-packages/airflow/example_dags/example_setup_teardown_taskflow.py
[2025-10-06T22:42:55.275+0000] {processor.py:925} INFO - DAG(s) 'example_setup_teardown_taskflow' retrieved from /home/airflow/.local/lib/python3.12/site-packages/airflow/example_dags/example_setup_teardown_taskflow.py
[2025-10-06T22:42:55.373+0000] {logging_mixin.py:190} INFO - [2025-10-06T22:42:55.372+0000] {dag.py:3239} INFO - Sync 1 DAGs
[2025-10-06T22:42:55.444+0000] {logging_mixin.py:190} INFO - [2025-10-06T22:42:55.443+0000] {dag.py:4180} INFO - Setting next_dagrun for example_setup_teardown_taskflow to None, run_after=None
[2025-10-06T22:42:55.531+0000] {processor.py:208} INFO - Processing /home/airflow/.local/lib/python3.12/site-packages/airflow/example_dags/example_setup_teardown_taskflow.py took 0.357 seconds
[2025-10-06T22:43:26.656+0000] {processor.py:186} INFO - Started process (PID=415) to work on /home/airflow/.local/lib/python3.12/site-packages/airflow/example_dags/example_setup_teardown_taskflow.py
[2025-10-06T22:43:26.659+0000] {processor.py:914} INFO - Processing file /home/airflow/.local/lib/python3.12/site-packages/airflow/example_dags/example_setup_teardown_taskflow.py for tasks to queue
[2025-10-06T22:43:26.665+0000] {logging_mixin.py:190} INFO - [2025-10-06T22:43:26.664+0000] {dagbag.py:588} INFO - Filling up the DagBag from /home/airflow/.local/lib/python3.12/site-packages/airflow/example_dags/example_setup_teardown_taskflow.py
[2025-10-06T22:43:26.691+0000] {processor.py:925} INFO - DAG(s) 'example_setup_teardown_taskflow' retrieved from /home/airflow/.local/lib/python3.12/site-packages/airflow/example_dags/example_setup_teardown_taskflow.py
[2025-10-06T22:43:26.744+0000] {logging_mixin.py:190} INFO - [2025-10-06T22:43:26.744+0000] {dag.py:3239} INFO - Sync 1 DAGs
[2025-10-06T22:43:26.787+0000] {logging_mixin.py:190} INFO - [2025-10-06T22:43:26.787+0000] {dag.py:4180} INFO - Setting next_dagrun for example_setup_teardown_taskflow to None, run_after=None
[2025-10-06T22:43:26.844+0000] {processor.py:208} INFO - Processing /home/airflow/.local/lib/python3.12/site-packages/airflow/example_dags/example_setup_teardown_taskflow.py took 0.209 seconds
[2025-10-06T22:43:57.546+0000] {processor.py:186} INFO - Started process (PID=478) to work on /home/airflow/.local/lib/python3.12/site-packages/airflow/example_dags/example_setup_teardown_taskflow.py
[2025-10-06T22:43:57.549+0000] {processor.py:914} INFO - Processing file /home/airflow/.local/lib/python3.12/site-packages/airflow/example_dags/example_setup_teardown_taskflow.py for tasks to queue
[2025-10-06T22:43:57.555+0000] {logging_mixin.py:190} INFO - [2025-10-06T22:43:57.554+0000] {dagbag.py:588} INFO - Filling up the DagBag from /home/airflow/.local/lib/python3.12/site-packages/airflow/example_dags/example_setup_teardown_taskflow.py
[2025-10-06T22:43:57.582+0000] {processor.py:925} INFO - DAG(s) 'example_setup_teardown_taskflow' retrieved from /home/airflow/.local/lib/python3.12/site-packages/airflow/example_dags/example_setup_teardown_taskflow.py
[2025-10-06T22:43:57.631+0000] {logging_mixin.py:190} INFO - [2025-10-06T22:43:57.630+0000] {dag.py:3239} INFO - Sync 1 DAGs
[2025-10-06T22:43:57.670+0000] {logging_mixin.py:190} INFO - [2025-10-06T22:43:57.669+0000] {dag.py:4180} INFO - Setting next_dagrun for example_setup_teardown_taskflow to None, run_after=None
[2025-10-06T22:43:57.720+0000] {processor.py:208} INFO - Processing /home/airflow/.local/lib/python3.12/site-packages/airflow/example_dags/example_setup_teardown_taskflow.py took 0.189 seconds
[2025-10-06T22:44:31.027+0000] {processor.py:186} INFO - Started process (PID=541) to work on /home/airflow/.local/lib/python3.12/site-packages/airflow/example_dags/example_setup_teardown_taskflow.py
[2025-10-06T22:44:31.032+0000] {processor.py:914} INFO - Processing file /home/airflow/.local/lib/python3.12/site-packages/airflow/example_dags/example_setup_teardown_taskflow.py for tasks to queue
[2025-10-06T22:44:31.046+0000] {logging_mixin.py:190} INFO - [2025-10-06T22:44:31.043+0000] {dagbag.py:588} INFO - Filling up the DagBag from /home/airflow/.local/lib/python3.12/site-packages/airflow/example_dags/example_setup_teardown_taskflow.py
[2025-10-06T22:44:31.106+0000] {processor.py:925} INFO - DAG(s) 'example_setup_teardown_taskflow' retrieved from /home/airflow/.local/lib/python3.12/site-packages/airflow/example_dags/example_setup_teardown_taskflow.py
[2025-10-06T22:44:31.199+0000] {logging_mixin.py:190} INFO - [2025-10-06T22:44:31.198+0000] {dag.py:3239} INFO - Sync 1 DAGs
[2025-10-06T22:44:31.239+0000] {logging_mixin.py:190} INFO - [2025-10-06T22:44:31.239+0000] {dag.py:4180} INFO - Setting next_dagrun for example_setup_teardown_taskflow to None, run_after=None
[2025-10-06T22:44:31.292+0000] {processor.py:208} INFO - Processing /home/airflow/.local/lib/python3.12/site-packages/airflow/example_dags/example_setup_teardown_taskflow.py took 0.295 seconds
[2025-10-06T22:45:02.110+0000] {processor.py:186} INFO - Started process (PID=604) to work on /home/airflow/.local/lib/python3.12/site-packages/airflow/example_dags/example_setup_teardown_taskflow.py
[2025-10-06T22:45:02.112+0000] {processor.py:914} INFO - Processing file /home/airflow/.local/lib/python3.12/site-packages/airflow/example_dags/example_setup_teardown_taskflow.py for tasks to queue
[2025-10-06T22:45:02.117+0000] {logging_mixin.py:190} INFO - [2025-10-06T22:45:02.117+0000] {dagbag.py:588} INFO - Filling up the DagBag from /home/airflow/.local/lib/python3.12/site-packages/airflow/example_dags/example_setup_teardown_taskflow.py
[2025-10-06T22:45:02.141+0000] {processor.py:925} INFO - DAG(s) 'example_setup_teardown_taskflow' retrieved from /home/airflow/.local/lib/python3.12/site-packages/airflow/example_dags/example_setup_teardown_taskflow.py
[2025-10-06T22:45:02.189+0000] {logging_mixin.py:190} INFO - [2025-10-06T22:45:02.188+0000] {dag.py:3239} INFO - Sync 1 DAGs
[2025-10-06T22:45:02.225+0000] {logging_mixin.py:190} INFO - [2025-10-06T22:45:02.224+0000] {dag.py:4180} INFO - Setting next_dagrun for example_setup_teardown_taskflow to None, run_after=None
[2025-10-06T22:45:02.270+0000] {processor.py:208} INFO - Processing /home/airflow/.local/lib/python3.12/site-packages/airflow/example_dags/example_setup_teardown_taskflow.py took 0.173 seconds
[2025-10-06T22:45:33.424+0000] {processor.py:186} INFO - Started process (PID=667) to work on /home/airflow/.local/lib/python3.12/site-packages/airflow/example_dags/example_setup_teardown_taskflow.py
[2025-10-06T22:45:33.428+0000] {processor.py:914} INFO - Processing file /home/airflow/.local/lib/python3.12/site-packages/airflow/example_dags/example_setup_teardown_taskflow.py for tasks to queue
[2025-10-06T22:45:33.438+0000] {logging_mixin.py:190} INFO - [2025-10-06T22:45:33.437+0000] {dagbag.py:588} INFO - Filling up the DagBag from /home/airflow/.local/lib/python3.12/site-packages/airflow/example_dags/example_setup_teardown_taskflow.py
[2025-10-06T22:45:33.481+0000] {processor.py:925} INFO - DAG(s) 'example_setup_teardown_taskflow' retrieved from /home/airflow/.local/lib/python3.12/site-packages/airflow/example_dags/example_setup_teardown_taskflow.py
[2025-10-06T22:45:33.576+0000] {logging_mixin.py:190} INFO - [2025-10-06T22:45:33.574+0000] {dag.py:3239} INFO - Sync 1 DAGs
[2025-10-06T22:45:33.652+0000] {logging_mixin.py:190} INFO - [2025-10-06T22:45:33.651+0000] {dag.py:4180} INFO - Setting next_dagrun for example_setup_teardown_taskflow to None, run_after=None
[2025-10-06T22:45:33.751+0000] {processor.py:208} INFO - Processing /home/airflow/.local/lib/python3.12/site-packages/airflow/example_dags/example_setup_teardown_taskflow.py took 0.355 seconds
[2025-10-06T22:46:04.191+0000] {processor.py:186} INFO - Started process (PID=731) to work on /home/airflow/.local/lib/python3.12/site-packages/airflow/example_dags/example_setup_teardown_taskflow.py
[2025-10-06T22:46:04.197+0000] {processor.py:914} INFO - Processing file /home/airflow/.local/lib/python3.12/site-packages/airflow/example_dags/example_setup_teardown_taskflow.py for tasks to queue
[2025-10-06T22:46:04.203+0000] {logging_mixin.py:190} INFO - [2025-10-06T22:46:04.202+0000] {dagbag.py:588} INFO - Filling up the DagBag from /home/airflow/.local/lib/python3.12/site-packages/airflow/example_dags/example_setup_teardown_taskflow.py
[2025-10-06T22:46:04.237+0000] {processor.py:925} INFO - DAG(s) 'example_setup_teardown_taskflow' retrieved from /home/airflow/.local/lib/python3.12/site-packages/airflow/example_dags/example_setup_teardown_taskflow.py
[2025-10-06T22:46:04.298+0000] {logging_mixin.py:190} INFO - [2025-10-06T22:46:04.297+0000] {dag.py:3239} INFO - Sync 1 DAGs
[2025-10-06T22:46:04.337+0000] {logging_mixin.py:190} INFO - [2025-10-06T22:46:04.337+0000] {dag.py:4180} INFO - Setting next_dagrun for example_setup_teardown_taskflow to None, run_after=None
[2025-10-06T22:46:04.379+0000] {processor.py:208} INFO - Processing /home/airflow/.local/lib/python3.12/site-packages/airflow/example_dags/example_setup_teardown_taskflow.py took 0.202 seconds
[2025-10-06T22:46:36.352+0000] {processor.py:186} INFO - Started process (PID=795) to work on /home/airflow/.local/lib/python3.12/site-packages/airflow/example_dags/example_setup_teardown_taskflow.py
[2025-10-06T22:46:36.355+0000] {processor.py:914} INFO - Processing file /home/airflow/.local/lib/python3.12/site-packages/airflow/example_dags/example_setup_teardown_taskflow.py for tasks to queue
[2025-10-06T22:46:36.361+0000] {logging_mixin.py:190} INFO - [2025-10-06T22:46:36.361+0000] {dagbag.py:588} INFO - Filling up the DagBag from /home/airflow/.local/lib/python3.12/site-packages/airflow/example_dags/example_setup_teardown_taskflow.py
[2025-10-06T22:46:36.395+0000] {processor.py:925} INFO - DAG(s) 'example_setup_teardown_taskflow' retrieved from /home/airflow/.local/lib/python3.12/site-packages/airflow/example_dags/example_setup_teardown_taskflow.py
[2025-10-06T22:46:36.445+0000] {logging_mixin.py:190} INFO - [2025-10-06T22:46:36.444+0000] {dag.py:3239} INFO - Sync 1 DAGs
[2025-10-06T22:46:36.484+0000] {logging_mixin.py:190} INFO - [2025-10-06T22:46:36.484+0000] {dag.py:4180} INFO - Setting next_dagrun for example_setup_teardown_taskflow to None, run_after=None
[2025-10-06T22:46:36.530+0000] {processor.py:208} INFO - Processing /home/airflow/.local/lib/python3.12/site-packages/airflow/example_dags/example_setup_teardown_taskflow.py took 0.196 seconds
[2025-10-06T22:47:09.050+0000] {processor.py:186} INFO - Started process (PID=858) to work on /home/airflow/.local/lib/python3.12/site-packages/airflow/example_dags/example_setup_teardown_taskflow.py
[2025-10-06T22:47:09.053+0000] {processor.py:914} INFO - Processing file /home/airflow/.local/lib/python3.12/site-packages/airflow/example_dags/example_setup_teardown_taskflow.py for tasks to queue
[2025-10-06T22:47:09.060+0000] {logging_mixin.py:190} INFO - [2025-10-06T22:47:09.059+0000] {dagbag.py:588} INFO - Filling up the DagBag from /home/airflow/.local/lib/python3.12/site-packages/airflow/example_dags/example_setup_teardown_taskflow.py
[2025-10-06T22:47:09.091+0000] {processor.py:925} INFO - DAG(s) 'example_setup_teardown_taskflow' retrieved from /home/airflow/.local/lib/python3.12/site-packages/airflow/example_dags/example_setup_teardown_taskflow.py
[2025-10-06T22:47:09.190+0000] {logging_mixin.py:190} INFO - [2025-10-06T22:47:09.189+0000] {dag.py:3239} INFO - Sync 1 DAGs
[2025-10-06T22:47:09.265+0000] {logging_mixin.py:190} INFO - [2025-10-06T22:47:09.264+0000] {dag.py:4180} INFO - Setting next_dagrun for example_setup_teardown_taskflow to None, run_after=None
[2025-10-06T22:47:09.359+0000] {processor.py:208} INFO - Processing /home/airflow/.local/lib/python3.12/site-packages/airflow/example_dags/example_setup_teardown_taskflow.py took 0.321 seconds
[2025-10-06T22:47:41.351+0000] {processor.py:186} INFO - Started process (PID=921) to work on /home/airflow/.local/lib/python3.12/site-packages/airflow/example_dags/example_setup_teardown_taskflow.py
[2025-10-06T22:47:41.359+0000] {processor.py:914} INFO - Processing file /home/airflow/.local/lib/python3.12/site-packages/airflow/example_dags/example_setup_teardown_taskflow.py for tasks to queue
[2025-10-06T22:47:41.373+0000] {logging_mixin.py:190} INFO - [2025-10-06T22:47:41.371+0000] {dagbag.py:588} INFO - Filling up the DagBag from /home/airflow/.local/lib/python3.12/site-packages/airflow/example_dags/example_setup_teardown_taskflow.py
[2025-10-06T22:47:41.437+0000] {processor.py:925} INFO - DAG(s) 'example_setup_teardown_taskflow' retrieved from /home/airflow/.local/lib/python3.12/site-packages/airflow/example_dags/example_setup_teardown_taskflow.py
[2025-10-06T22:47:41.536+0000] {logging_mixin.py:190} INFO - [2025-10-06T22:47:41.535+0000] {dag.py:3239} INFO - Sync 1 DAGs
[2025-10-06T22:47:41.598+0000] {logging_mixin.py:190} INFO - [2025-10-06T22:47:41.597+0000] {dag.py:4180} INFO - Setting next_dagrun for example_setup_teardown_taskflow to None, run_after=None
[2025-10-06T22:47:41.647+0000] {processor.py:208} INFO - Processing /home/airflow/.local/lib/python3.12/site-packages/airflow/example_dags/example_setup_teardown_taskflow.py took 0.329 seconds
[2025-10-06T22:48:25.432+0000] {processor.py:186} INFO - Started process (PID=985) to work on /home/airflow/.local/lib/python3.12/site-packages/airflow/example_dags/example_setup_teardown_taskflow.py
[2025-10-06T22:48:25.434+0000] {processor.py:914} INFO - Processing file /home/airflow/.local/lib/python3.12/site-packages/airflow/example_dags/example_setup_teardown_taskflow.py for tasks to queue
[2025-10-06T22:48:25.444+0000] {logging_mixin.py:190} INFO - [2025-10-06T22:48:25.442+0000] {dagbag.py:588} INFO - Filling up the DagBag from /home/airflow/.local/lib/python3.12/site-packages/airflow/example_dags/example_setup_teardown_taskflow.py
[2025-10-06T22:48:25.482+0000] {processor.py:925} INFO - DAG(s) 'example_setup_teardown_taskflow' retrieved from /home/airflow/.local/lib/python3.12/site-packages/airflow/example_dags/example_setup_teardown_taskflow.py
[2025-10-06T22:48:25.535+0000] {logging_mixin.py:190} INFO - [2025-10-06T22:48:25.535+0000] {dag.py:3239} INFO - Sync 1 DAGs
[2025-10-06T22:48:25.568+0000] {logging_mixin.py:190} INFO - [2025-10-06T22:48:25.567+0000] {dag.py:4180} INFO - Setting next_dagrun for example_setup_teardown_taskflow to None, run_after=None
[2025-10-06T22:48:25.616+0000] {processor.py:208} INFO - Processing /home/airflow/.local/lib/python3.12/site-packages/airflow/example_dags/example_setup_teardown_taskflow.py took 0.203 seconds
[2025-10-06T22:48:56.044+0000] {processor.py:186} INFO - Started process (PID=1047) to work on /home/airflow/.local/lib/python3.12/site-packages/airflow/example_dags/example_setup_teardown_taskflow.py
[2025-10-06T22:48:56.047+0000] {processor.py:914} INFO - Processing file /home/airflow/.local/lib/python3.12/site-packages/airflow/example_dags/example_setup_teardown_taskflow.py for tasks to queue
[2025-10-06T22:48:56.055+0000] {logging_mixin.py:190} INFO - [2025-10-06T22:48:56.054+0000] {dagbag.py:588} INFO - Filling up the DagBag from /home/airflow/.local/lib/python3.12/site-packages/airflow/example_dags/example_setup_teardown_taskflow.py
[2025-10-06T22:48:56.085+0000] {processor.py:925} INFO - DAG(s) 'example_setup_teardown_taskflow' retrieved from /home/airflow/.local/lib/python3.12/site-packages/airflow/example_dags/example_setup_teardown_taskflow.py
[2025-10-06T22:48:56.153+0000] {logging_mixin.py:190} INFO - [2025-10-06T22:48:56.152+0000] {dag.py:3239} INFO - Sync 1 DAGs
[2025-10-06T22:48:56.208+0000] {logging_mixin.py:190} INFO - [2025-10-06T22:48:56.208+0000] {dag.py:4180} INFO - Setting next_dagrun for example_setup_teardown_taskflow to None, run_after=None
[2025-10-06T22:48:56.256+0000] {processor.py:208} INFO - Processing /home/airflow/.local/lib/python3.12/site-packages/airflow/example_dags/example_setup_teardown_taskflow.py took 0.228 seconds
[2025-10-06T22:49:27.673+0000] {processor.py:186} INFO - Started process (PID=1111) to work on /home/airflow/.local/lib/python3.12/site-packages/airflow/example_dags/example_setup_teardown_taskflow.py
[2025-10-06T22:49:27.676+0000] {processor.py:914} INFO - Processing file /home/airflow/.local/lib/python3.12/site-packages/airflow/example_dags/example_setup_teardown_taskflow.py for tasks to queue
[2025-10-06T22:49:27.682+0000] {logging_mixin.py:190} INFO - [2025-10-06T22:49:27.681+0000] {dagbag.py:588} INFO - Filling up the DagBag from /home/airflow/.local/lib/python3.12/site-packages/airflow/example_dags/example_setup_teardown_taskflow.py
[2025-10-06T22:49:27.715+0000] {processor.py:925} INFO - DAG(s) 'example_setup_teardown_taskflow' retrieved from /home/airflow/.local/lib/python3.12/site-packages/airflow/example_dags/example_setup_teardown_taskflow.py
[2025-10-06T22:49:27.795+0000] {logging_mixin.py:190} INFO - [2025-10-06T22:49:27.794+0000] {dag.py:3239} INFO - Sync 1 DAGs
[2025-10-06T22:49:27.853+0000] {logging_mixin.py:190} INFO - [2025-10-06T22:49:27.852+0000] {dag.py:4180} INFO - Setting next_dagrun for example_setup_teardown_taskflow to None, run_after=None
[2025-10-06T22:49:27.930+0000] {processor.py:208} INFO - Processing /home/airflow/.local/lib/python3.12/site-packages/airflow/example_dags/example_setup_teardown_taskflow.py took 0.269 seconds
[2025-10-06T22:49:59.235+0000] {processor.py:186} INFO - Started process (PID=1174) to work on /home/airflow/.local/lib/python3.12/site-packages/airflow/example_dags/example_setup_teardown_taskflow.py
[2025-10-06T22:49:59.241+0000] {processor.py:914} INFO - Processing file /home/airflow/.local/lib/python3.12/site-packages/airflow/example_dags/example_setup_teardown_taskflow.py for tasks to queue
[2025-10-06T22:49:59.257+0000] {logging_mixin.py:190} INFO - [2025-10-06T22:49:59.255+0000] {dagbag.py:588} INFO - Filling up the DagBag from /home/airflow/.local/lib/python3.12/site-packages/airflow/example_dags/example_setup_teardown_taskflow.py
[2025-10-06T22:49:59.327+0000] {processor.py:925} INFO - DAG(s) 'example_setup_teardown_taskflow' retrieved from /home/airflow/.local/lib/python3.12/site-packages/airflow/example_dags/example_setup_teardown_taskflow.py
[2025-10-06T22:49:59.427+0000] {logging_mixin.py:190} INFO - [2025-10-06T22:49:59.427+0000] {dag.py:3239} INFO - Sync 1 DAGs
[2025-10-06T22:49:59.461+0000] {logging_mixin.py:190} INFO - [2025-10-06T22:49:59.461+0000] {dag.py:4180} INFO - Setting next_dagrun for example_setup_teardown_taskflow to None, run_after=None
[2025-10-06T22:49:59.505+0000] {processor.py:208} INFO - Processing /home/airflow/.local/lib/python3.12/site-packages/airflow/example_dags/example_setup_teardown_taskflow.py took 0.306 seconds
[2025-10-06T22:50:29.838+0000] {processor.py:186} INFO - Started process (PID=1237) to work on /home/airflow/.local/lib/python3.12/site-packages/airflow/example_dags/example_setup_teardown_taskflow.py
[2025-10-06T22:50:29.841+0000] {processor.py:914} INFO - Processing file /home/airflow/.local/lib/python3.12/site-packages/airflow/example_dags/example_setup_teardown_taskflow.py for tasks to queue
[2025-10-06T22:50:29.847+0000] {logging_mixin.py:190} INFO - [2025-10-06T22:50:29.846+0000] {dagbag.py:588} INFO - Filling up the DagBag from /home/airflow/.local/lib/python3.12/site-packages/airflow/example_dags/example_setup_teardown_taskflow.py
[2025-10-06T22:50:29.871+0000] {processor.py:925} INFO - DAG(s) 'example_setup_teardown_taskflow' retrieved from /home/airflow/.local/lib/python3.12/site-packages/airflow/example_dags/example_setup_teardown_taskflow.py
[2025-10-06T22:50:29.922+0000] {logging_mixin.py:190} INFO - [2025-10-06T22:50:29.922+0000] {dag.py:3239} INFO - Sync 1 DAGs
[2025-10-06T22:50:29.955+0000] {logging_mixin.py:190} INFO - [2025-10-06T22:50:29.954+0000] {dag.py:4180} INFO - Setting next_dagrun for example_setup_teardown_taskflow to None, run_after=None
[2025-10-06T22:50:30.002+0000] {processor.py:208} INFO - Processing /home/airflow/.local/lib/python3.12/site-packages/airflow/example_dags/example_setup_teardown_taskflow.py took 0.177 seconds
[2025-10-06T22:51:00.728+0000] {processor.py:186} INFO - Started process (PID=1300) to work on /home/airflow/.local/lib/python3.12/site-packages/airflow/example_dags/example_setup_teardown_taskflow.py
[2025-10-06T22:51:00.731+0000] {processor.py:914} INFO - Processing file /home/airflow/.local/lib/python3.12/site-packages/airflow/example_dags/example_setup_teardown_taskflow.py for tasks to queue
[2025-10-06T22:51:00.740+0000] {logging_mixin.py:190} INFO - [2025-10-06T22:51:00.739+0000] {dagbag.py:588} INFO - Filling up the DagBag from /home/airflow/.local/lib/python3.12/site-packages/airflow/example_dags/example_setup_teardown_taskflow.py
[2025-10-06T22:51:00.776+0000] {processor.py:925} INFO - DAG(s) 'example_setup_teardown_taskflow' retrieved from /home/airflow/.local/lib/python3.12/site-packages/airflow/example_dags/example_setup_teardown_taskflow.py
[2025-10-06T22:51:00.836+0000] {logging_mixin.py:190} INFO - [2025-10-06T22:51:00.835+0000] {dag.py:3239} INFO - Sync 1 DAGs
[2025-10-06T22:51:00.871+0000] {logging_mixin.py:190} INFO - [2025-10-06T22:51:00.871+0000] {dag.py:4180} INFO - Setting next_dagrun for example_setup_teardown_taskflow to None, run_after=None
[2025-10-06T22:51:00.914+0000] {processor.py:208} INFO - Processing /home/airflow/.local/lib/python3.12/site-packages/airflow/example_dags/example_setup_teardown_taskflow.py took 0.206 seconds
[2025-10-06T22:51:31.986+0000] {processor.py:186} INFO - Started process (PID=1363) to work on /home/airflow/.local/lib/python3.12/site-packages/airflow/example_dags/example_setup_teardown_taskflow.py
[2025-10-06T22:51:31.990+0000] {processor.py:914} INFO - Processing file /home/airflow/.local/lib/python3.12/site-packages/airflow/example_dags/example_setup_teardown_taskflow.py for tasks to queue
[2025-10-06T22:51:32.003+0000] {logging_mixin.py:190} INFO - [2025-10-06T22:51:32.002+0000] {dagbag.py:588} INFO - Filling up the DagBag from /home/airflow/.local/lib/python3.12/site-packages/airflow/example_dags/example_setup_teardown_taskflow.py
[2025-10-06T22:51:32.042+0000] {processor.py:925} INFO - DAG(s) 'example_setup_teardown_taskflow' retrieved from /home/airflow/.local/lib/python3.12/site-packages/airflow/example_dags/example_setup_teardown_taskflow.py
[2025-10-06T22:51:32.114+0000] {logging_mixin.py:190} INFO - [2025-10-06T22:51:32.114+0000] {dag.py:3239} INFO - Sync 1 DAGs
[2025-10-06T22:51:32.160+0000] {logging_mixin.py:190} INFO - [2025-10-06T22:51:32.160+0000] {dag.py:4180} INFO - Setting next_dagrun for example_setup_teardown_taskflow to None, run_after=None
[2025-10-06T22:51:32.216+0000] {processor.py:208} INFO - Processing /home/airflow/.local/lib/python3.12/site-packages/airflow/example_dags/example_setup_teardown_taskflow.py took 0.253 seconds
[2025-10-06T22:52:02.901+0000] {processor.py:186} INFO - Started process (PID=1426) to work on /home/airflow/.local/lib/python3.12/site-packages/airflow/example_dags/example_setup_teardown_taskflow.py
[2025-10-06T22:52:02.904+0000] {processor.py:914} INFO - Processing file /home/airflow/.local/lib/python3.12/site-packages/airflow/example_dags/example_setup_teardown_taskflow.py for tasks to queue
[2025-10-06T22:52:02.912+0000] {logging_mixin.py:190} INFO - [2025-10-06T22:52:02.911+0000] {dagbag.py:588} INFO - Filling up the DagBag from /home/airflow/.local/lib/python3.12/site-packages/airflow/example_dags/example_setup_teardown_taskflow.py
[2025-10-06T22:52:02.947+0000] {processor.py:925} INFO - DAG(s) 'example_setup_teardown_taskflow' retrieved from /home/airflow/.local/lib/python3.12/site-packages/airflow/example_dags/example_setup_teardown_taskflow.py
[2025-10-06T22:52:02.999+0000] {logging_mixin.py:190} INFO - [2025-10-06T22:52:02.998+0000] {dag.py:3239} INFO - Sync 1 DAGs
[2025-10-06T22:52:03.044+0000] {logging_mixin.py:190} INFO - [2025-10-06T22:52:03.043+0000] {dag.py:4180} INFO - Setting next_dagrun for example_setup_teardown_taskflow to None, run_after=None
[2025-10-06T22:52:03.094+0000] {processor.py:208} INFO - Processing /home/airflow/.local/lib/python3.12/site-packages/airflow/example_dags/example_setup_teardown_taskflow.py took 0.212 seconds
[2025-10-06T22:52:37.353+0000] {processor.py:186} INFO - Started process (PID=1490) to work on /home/airflow/.local/lib/python3.12/site-packages/airflow/example_dags/example_setup_teardown_taskflow.py
[2025-10-06T22:52:37.360+0000] {processor.py:914} INFO - Processing file /home/airflow/.local/lib/python3.12/site-packages/airflow/example_dags/example_setup_teardown_taskflow.py for tasks to queue
[2025-10-06T22:52:37.374+0000] {logging_mixin.py:190} INFO - [2025-10-06T22:52:37.370+0000] {dagbag.py:588} INFO - Filling up the DagBag from /home/airflow/.local/lib/python3.12/site-packages/airflow/example_dags/example_setup_teardown_taskflow.py
[2025-10-06T22:52:37.442+0000] {processor.py:925} INFO - DAG(s) 'example_setup_teardown_taskflow' retrieved from /home/airflow/.local/lib/python3.12/site-packages/airflow/example_dags/example_setup_teardown_taskflow.py
[2025-10-06T22:52:37.525+0000] {logging_mixin.py:190} INFO - [2025-10-06T22:52:37.524+0000] {dag.py:3239} INFO - Sync 1 DAGs
[2025-10-06T22:52:37.579+0000] {logging_mixin.py:190} INFO - [2025-10-06T22:52:37.578+0000] {dag.py:4180} INFO - Setting next_dagrun for example_setup_teardown_taskflow to None, run_after=None
[2025-10-06T22:52:37.642+0000] {processor.py:208} INFO - Processing /home/airflow/.local/lib/python3.12/site-packages/airflow/example_dags/example_setup_teardown_taskflow.py took 0.325 seconds
[2025-10-06T22:53:07.826+0000] {processor.py:186} INFO - Started process (PID=1553) to work on /home/airflow/.local/lib/python3.12/site-packages/airflow/example_dags/example_setup_teardown_taskflow.py
[2025-10-06T22:53:07.829+0000] {processor.py:914} INFO - Processing file /home/airflow/.local/lib/python3.12/site-packages/airflow/example_dags/example_setup_teardown_taskflow.py for tasks to queue
[2025-10-06T22:53:07.836+0000] {logging_mixin.py:190} INFO - [2025-10-06T22:53:07.835+0000] {dagbag.py:588} INFO - Filling up the DagBag from /home/airflow/.local/lib/python3.12/site-packages/airflow/example_dags/example_setup_teardown_taskflow.py
[2025-10-06T22:53:07.859+0000] {processor.py:925} INFO - DAG(s) 'example_setup_teardown_taskflow' retrieved from /home/airflow/.local/lib/python3.12/site-packages/airflow/example_dags/example_setup_teardown_taskflow.py
[2025-10-06T22:53:07.904+0000] {logging_mixin.py:190} INFO - [2025-10-06T22:53:07.903+0000] {dag.py:3239} INFO - Sync 1 DAGs
[2025-10-06T22:53:07.934+0000] {logging_mixin.py:190} INFO - [2025-10-06T22:53:07.933+0000] {dag.py:4180} INFO - Setting next_dagrun for example_setup_teardown_taskflow to None, run_after=None
[2025-10-06T22:53:07.981+0000] {processor.py:208} INFO - Processing /home/airflow/.local/lib/python3.12/site-packages/airflow/example_dags/example_setup_teardown_taskflow.py took 0.169 seconds
[2025-10-06T22:53:52.731+0000] {processor.py:186} INFO - Started process (PID=1616) to work on /home/airflow/.local/lib/python3.12/site-packages/airflow/example_dags/example_setup_teardown_taskflow.py
[2025-10-06T22:53:52.736+0000] {processor.py:914} INFO - Processing file /home/airflow/.local/lib/python3.12/site-packages/airflow/example_dags/example_setup_teardown_taskflow.py for tasks to queue
[2025-10-06T22:53:52.742+0000] {logging_mixin.py:190} INFO - [2025-10-06T22:53:52.741+0000] {dagbag.py:588} INFO - Filling up the DagBag from /home/airflow/.local/lib/python3.12/site-packages/airflow/example_dags/example_setup_teardown_taskflow.py
[2025-10-06T22:53:52.767+0000] {processor.py:925} INFO - DAG(s) 'example_setup_teardown_taskflow' retrieved from /home/airflow/.local/lib/python3.12/site-packages/airflow/example_dags/example_setup_teardown_taskflow.py
[2025-10-06T22:53:52.813+0000] {logging_mixin.py:190} INFO - [2025-10-06T22:53:52.812+0000] {dag.py:3239} INFO - Sync 1 DAGs
[2025-10-06T22:53:52.848+0000] {logging_mixin.py:190} INFO - [2025-10-06T22:53:52.848+0000] {dag.py:4180} INFO - Setting next_dagrun for example_setup_teardown_taskflow to None, run_after=None
[2025-10-06T22:53:52.897+0000] {processor.py:208} INFO - Processing /home/airflow/.local/lib/python3.12/site-packages/airflow/example_dags/example_setup_teardown_taskflow.py took 0.180 seconds
[2025-10-06T22:54:25.233+0000] {processor.py:186} INFO - Started process (PID=1679) to work on /home/airflow/.local/lib/python3.12/site-packages/airflow/example_dags/example_setup_teardown_taskflow.py
[2025-10-06T22:54:25.236+0000] {processor.py:914} INFO - Processing file /home/airflow/.local/lib/python3.12/site-packages/airflow/example_dags/example_setup_teardown_taskflow.py for tasks to queue
[2025-10-06T22:54:25.253+0000] {logging_mixin.py:190} INFO - [2025-10-06T22:54:25.252+0000] {dagbag.py:588} INFO - Filling up the DagBag from /home/airflow/.local/lib/python3.12/site-packages/airflow/example_dags/example_setup_teardown_taskflow.py
[2025-10-06T22:54:25.294+0000] {processor.py:925} INFO - DAG(s) 'example_setup_teardown_taskflow' retrieved from /home/airflow/.local/lib/python3.12/site-packages/airflow/example_dags/example_setup_teardown_taskflow.py
[2025-10-06T22:54:25.367+0000] {logging_mixin.py:190} INFO - [2025-10-06T22:54:25.366+0000] {dag.py:3239} INFO - Sync 1 DAGs
[2025-10-06T22:54:25.414+0000] {logging_mixin.py:190} INFO - [2025-10-06T22:54:25.413+0000] {dag.py:4180} INFO - Setting next_dagrun for example_setup_teardown_taskflow to None, run_after=None
[2025-10-06T22:54:25.479+0000] {processor.py:208} INFO - Processing /home/airflow/.local/lib/python3.12/site-packages/airflow/example_dags/example_setup_teardown_taskflow.py took 0.275 seconds
[2025-10-06T22:55:04.647+0000] {processor.py:186} INFO - Started process (PID=1732) to work on /home/airflow/.local/lib/python3.12/site-packages/airflow/example_dags/example_setup_teardown_taskflow.py
[2025-10-06T22:55:04.649+0000] {processor.py:914} INFO - Processing file /home/airflow/.local/lib/python3.12/site-packages/airflow/example_dags/example_setup_teardown_taskflow.py for tasks to queue
[2025-10-06T22:55:04.656+0000] {logging_mixin.py:190} INFO - [2025-10-06T22:55:04.655+0000] {dagbag.py:588} INFO - Filling up the DagBag from /home/airflow/.local/lib/python3.12/site-packages/airflow/example_dags/example_setup_teardown_taskflow.py
[2025-10-06T22:55:04.686+0000] {processor.py:925} INFO - DAG(s) 'example_setup_teardown_taskflow' retrieved from /home/airflow/.local/lib/python3.12/site-packages/airflow/example_dags/example_setup_teardown_taskflow.py
[2025-10-06T22:55:04.738+0000] {logging_mixin.py:190} INFO - [2025-10-06T22:55:04.738+0000] {dag.py:3239} INFO - Sync 1 DAGs
[2025-10-06T22:55:04.775+0000] {logging_mixin.py:190} INFO - [2025-10-06T22:55:04.775+0000] {dag.py:4180} INFO - Setting next_dagrun for example_setup_teardown_taskflow to None, run_after=None
[2025-10-06T22:55:04.824+0000] {processor.py:208} INFO - Processing /home/airflow/.local/lib/python3.12/site-packages/airflow/example_dags/example_setup_teardown_taskflow.py took 0.190 seconds
[2025-10-06T22:55:37.275+0000] {processor.py:186} INFO - Started process (PID=1796) to work on /home/airflow/.local/lib/python3.12/site-packages/airflow/example_dags/example_setup_teardown_taskflow.py
[2025-10-06T22:55:37.277+0000] {processor.py:914} INFO - Processing file /home/airflow/.local/lib/python3.12/site-packages/airflow/example_dags/example_setup_teardown_taskflow.py for tasks to queue
[2025-10-06T22:55:37.284+0000] {logging_mixin.py:190} INFO - [2025-10-06T22:55:37.283+0000] {dagbag.py:588} INFO - Filling up the DagBag from /home/airflow/.local/lib/python3.12/site-packages/airflow/example_dags/example_setup_teardown_taskflow.py
[2025-10-06T22:55:37.321+0000] {processor.py:925} INFO - DAG(s) 'example_setup_teardown_taskflow' retrieved from /home/airflow/.local/lib/python3.12/site-packages/airflow/example_dags/example_setup_teardown_taskflow.py
[2025-10-06T22:55:37.384+0000] {logging_mixin.py:190} INFO - [2025-10-06T22:55:37.384+0000] {dag.py:3239} INFO - Sync 1 DAGs
[2025-10-06T22:55:37.422+0000] {logging_mixin.py:190} INFO - [2025-10-06T22:55:37.422+0000] {dag.py:4180} INFO - Setting next_dagrun for example_setup_teardown_taskflow to None, run_after=None
[2025-10-06T22:55:37.473+0000] {processor.py:208} INFO - Processing /home/airflow/.local/lib/python3.12/site-packages/airflow/example_dags/example_setup_teardown_taskflow.py took 0.214 seconds
[2025-10-06T22:56:08.052+0000] {processor.py:186} INFO - Started process (PID=1859) to work on /home/airflow/.local/lib/python3.12/site-packages/airflow/example_dags/example_setup_teardown_taskflow.py
[2025-10-06T22:56:08.056+0000] {processor.py:914} INFO - Processing file /home/airflow/.local/lib/python3.12/site-packages/airflow/example_dags/example_setup_teardown_taskflow.py for tasks to queue
[2025-10-06T22:56:08.066+0000] {logging_mixin.py:190} INFO - [2025-10-06T22:56:08.065+0000] {dagbag.py:588} INFO - Filling up the DagBag from /home/airflow/.local/lib/python3.12/site-packages/airflow/example_dags/example_setup_teardown_taskflow.py
[2025-10-06T22:56:08.096+0000] {processor.py:925} INFO - DAG(s) 'example_setup_teardown_taskflow' retrieved from /home/airflow/.local/lib/python3.12/site-packages/airflow/example_dags/example_setup_teardown_taskflow.py
[2025-10-06T22:56:08.166+0000] {logging_mixin.py:190} INFO - [2025-10-06T22:56:08.165+0000] {dag.py:3239} INFO - Sync 1 DAGs
[2025-10-06T22:56:08.219+0000] {logging_mixin.py:190} INFO - [2025-10-06T22:56:08.219+0000] {dag.py:4180} INFO - Setting next_dagrun for example_setup_teardown_taskflow to None, run_after=None
[2025-10-06T22:56:08.276+0000] {processor.py:208} INFO - Processing /home/airflow/.local/lib/python3.12/site-packages/airflow/example_dags/example_setup_teardown_taskflow.py took 0.243 seconds
[2025-10-06T22:56:40.260+0000] {processor.py:186} INFO - Started process (PID=1923) to work on /home/airflow/.local/lib/python3.12/site-packages/airflow/example_dags/example_setup_teardown_taskflow.py
[2025-10-06T22:56:40.263+0000] {processor.py:914} INFO - Processing file /home/airflow/.local/lib/python3.12/site-packages/airflow/example_dags/example_setup_teardown_taskflow.py for tasks to queue
[2025-10-06T22:56:40.269+0000] {logging_mixin.py:190} INFO - [2025-10-06T22:56:40.268+0000] {dagbag.py:588} INFO - Filling up the DagBag from /home/airflow/.local/lib/python3.12/site-packages/airflow/example_dags/example_setup_teardown_taskflow.py
[2025-10-06T22:56:40.299+0000] {processor.py:925} INFO - DAG(s) 'example_setup_teardown_taskflow' retrieved from /home/airflow/.local/lib/python3.12/site-packages/airflow/example_dags/example_setup_teardown_taskflow.py
[2025-10-06T22:56:40.349+0000] {logging_mixin.py:190} INFO - [2025-10-06T22:56:40.349+0000] {dag.py:3239} INFO - Sync 1 DAGs
[2025-10-06T22:56:40.386+0000] {logging_mixin.py:190} INFO - [2025-10-06T22:56:40.386+0000] {dag.py:4180} INFO - Setting next_dagrun for example_setup_teardown_taskflow to None, run_after=None
[2025-10-06T22:56:40.431+0000] {processor.py:208} INFO - Processing /home/airflow/.local/lib/python3.12/site-packages/airflow/example_dags/example_setup_teardown_taskflow.py took 0.192 seconds
[2025-10-06T22:57:34.919+0000] {processor.py:186} INFO - Started process (PID=1987) to work on /home/airflow/.local/lib/python3.12/site-packages/airflow/example_dags/example_setup_teardown_taskflow.py
[2025-10-06T22:57:34.924+0000] {processor.py:914} INFO - Processing file /home/airflow/.local/lib/python3.12/site-packages/airflow/example_dags/example_setup_teardown_taskflow.py for tasks to queue
[2025-10-06T22:57:34.942+0000] {logging_mixin.py:190} INFO - [2025-10-06T22:57:34.941+0000] {dagbag.py:588} INFO - Filling up the DagBag from /home/airflow/.local/lib/python3.12/site-packages/airflow/example_dags/example_setup_teardown_taskflow.py
[2025-10-06T22:57:35.033+0000] {processor.py:925} INFO - DAG(s) 'example_setup_teardown_taskflow' retrieved from /home/airflow/.local/lib/python3.12/site-packages/airflow/example_dags/example_setup_teardown_taskflow.py
[2025-10-06T22:57:35.115+0000] {logging_mixin.py:190} INFO - [2025-10-06T22:57:35.114+0000] {dag.py:3239} INFO - Sync 1 DAGs
[2025-10-06T22:57:35.161+0000] {logging_mixin.py:190} INFO - [2025-10-06T22:57:35.161+0000] {dag.py:4180} INFO - Setting next_dagrun for example_setup_teardown_taskflow to None, run_after=None
[2025-10-06T22:57:35.221+0000] {processor.py:208} INFO - Processing /home/airflow/.local/lib/python3.12/site-packages/airflow/example_dags/example_setup_teardown_taskflow.py took 0.338 seconds
[2025-10-06T22:58:06.212+0000] {processor.py:186} INFO - Started process (PID=2051) to work on /home/airflow/.local/lib/python3.12/site-packages/airflow/example_dags/example_setup_teardown_taskflow.py
[2025-10-06T22:58:06.214+0000] {processor.py:914} INFO - Processing file /home/airflow/.local/lib/python3.12/site-packages/airflow/example_dags/example_setup_teardown_taskflow.py for tasks to queue
[2025-10-06T22:58:06.217+0000] {logging_mixin.py:190} INFO - [2025-10-06T22:58:06.217+0000] {dagbag.py:588} INFO - Filling up the DagBag from /home/airflow/.local/lib/python3.12/site-packages/airflow/example_dags/example_setup_teardown_taskflow.py
[2025-10-06T22:58:06.242+0000] {processor.py:925} INFO - DAG(s) 'example_setup_teardown_taskflow' retrieved from /home/airflow/.local/lib/python3.12/site-packages/airflow/example_dags/example_setup_teardown_taskflow.py
[2025-10-06T22:58:06.291+0000] {logging_mixin.py:190} INFO - [2025-10-06T22:58:06.290+0000] {dag.py:3239} INFO - Sync 1 DAGs
[2025-10-06T22:58:06.325+0000] {logging_mixin.py:190} INFO - [2025-10-06T22:58:06.325+0000] {dag.py:4180} INFO - Setting next_dagrun for example_setup_teardown_taskflow to None, run_after=None
[2025-10-06T22:58:06.374+0000] {processor.py:208} INFO - Processing /home/airflow/.local/lib/python3.12/site-packages/airflow/example_dags/example_setup_teardown_taskflow.py took 0.176 seconds
[2025-10-06T22:58:38.768+0000] {processor.py:186} INFO - Started process (PID=2113) to work on /home/airflow/.local/lib/python3.12/site-packages/airflow/example_dags/example_setup_teardown_taskflow.py
[2025-10-06T22:58:38.771+0000] {processor.py:914} INFO - Processing file /home/airflow/.local/lib/python3.12/site-packages/airflow/example_dags/example_setup_teardown_taskflow.py for tasks to queue
[2025-10-06T22:58:38.775+0000] {logging_mixin.py:190} INFO - [2025-10-06T22:58:38.774+0000] {dagbag.py:588} INFO - Filling up the DagBag from /home/airflow/.local/lib/python3.12/site-packages/airflow/example_dags/example_setup_teardown_taskflow.py
[2025-10-06T22:58:38.812+0000] {processor.py:925} INFO - DAG(s) 'example_setup_teardown_taskflow' retrieved from /home/airflow/.local/lib/python3.12/site-packages/airflow/example_dags/example_setup_teardown_taskflow.py
[2025-10-06T22:58:38.862+0000] {logging_mixin.py:190} INFO - [2025-10-06T22:58:38.861+0000] {dag.py:3239} INFO - Sync 1 DAGs
[2025-10-06T22:58:38.903+0000] {logging_mixin.py:190} INFO - [2025-10-06T22:58:38.903+0000] {dag.py:4180} INFO - Setting next_dagrun for example_setup_teardown_taskflow to None, run_after=None
[2025-10-06T22:58:38.960+0000] {processor.py:208} INFO - Processing /home/airflow/.local/lib/python3.12/site-packages/airflow/example_dags/example_setup_teardown_taskflow.py took 0.209 seconds
[2025-10-06T22:59:11.475+0000] {processor.py:186} INFO - Started process (PID=2175) to work on /home/airflow/.local/lib/python3.12/site-packages/airflow/example_dags/example_setup_teardown_taskflow.py
[2025-10-06T22:59:11.477+0000] {processor.py:914} INFO - Processing file /home/airflow/.local/lib/python3.12/site-packages/airflow/example_dags/example_setup_teardown_taskflow.py for tasks to queue
[2025-10-06T22:59:11.480+0000] {logging_mixin.py:190} INFO - [2025-10-06T22:59:11.480+0000] {dagbag.py:588} INFO - Filling up the DagBag from /home/airflow/.local/lib/python3.12/site-packages/airflow/example_dags/example_setup_teardown_taskflow.py
[2025-10-06T22:59:11.519+0000] {processor.py:925} INFO - DAG(s) 'example_setup_teardown_taskflow' retrieved from /home/airflow/.local/lib/python3.12/site-packages/airflow/example_dags/example_setup_teardown_taskflow.py
[2025-10-06T22:59:11.594+0000] {logging_mixin.py:190} INFO - [2025-10-06T22:59:11.593+0000] {dag.py:3239} INFO - Sync 1 DAGs
[2025-10-06T22:59:11.662+0000] {logging_mixin.py:190} INFO - [2025-10-06T22:59:11.661+0000] {dag.py:4180} INFO - Setting next_dagrun for example_setup_teardown_taskflow to None, run_after=None
[2025-10-06T22:59:11.735+0000] {processor.py:208} INFO - Processing /home/airflow/.local/lib/python3.12/site-packages/airflow/example_dags/example_setup_teardown_taskflow.py took 0.275 seconds
[2025-10-06T22:59:42.690+0000] {processor.py:186} INFO - Started process (PID=2238) to work on /home/airflow/.local/lib/python3.12/site-packages/airflow/example_dags/example_setup_teardown_taskflow.py
[2025-10-06T22:59:42.693+0000] {processor.py:914} INFO - Processing file /home/airflow/.local/lib/python3.12/site-packages/airflow/example_dags/example_setup_teardown_taskflow.py for tasks to queue
[2025-10-06T22:59:42.697+0000] {logging_mixin.py:190} INFO - [2025-10-06T22:59:42.696+0000] {dagbag.py:588} INFO - Filling up the DagBag from /home/airflow/.local/lib/python3.12/site-packages/airflow/example_dags/example_setup_teardown_taskflow.py
[2025-10-06T22:59:42.726+0000] {processor.py:925} INFO - DAG(s) 'example_setup_teardown_taskflow' retrieved from /home/airflow/.local/lib/python3.12/site-packages/airflow/example_dags/example_setup_teardown_taskflow.py
[2025-10-06T22:59:42.779+0000] {logging_mixin.py:190} INFO - [2025-10-06T22:59:42.778+0000] {dag.py:3239} INFO - Sync 1 DAGs
[2025-10-06T22:59:42.824+0000] {logging_mixin.py:190} INFO - [2025-10-06T22:59:42.823+0000] {dag.py:4180} INFO - Setting next_dagrun for example_setup_teardown_taskflow to None, run_after=None
[2025-10-06T22:59:42.868+0000] {processor.py:208} INFO - Processing /home/airflow/.local/lib/python3.12/site-packages/airflow/example_dags/example_setup_teardown_taskflow.py took 0.192 seconds
[2025-10-06T23:00:14.589+0000] {processor.py:186} INFO - Started process (PID=2302) to work on /home/airflow/.local/lib/python3.12/site-packages/airflow/example_dags/example_setup_teardown_taskflow.py
[2025-10-06T23:00:14.591+0000] {processor.py:914} INFO - Processing file /home/airflow/.local/lib/python3.12/site-packages/airflow/example_dags/example_setup_teardown_taskflow.py for tasks to queue
[2025-10-06T23:00:14.595+0000] {logging_mixin.py:190} INFO - [2025-10-06T23:00:14.594+0000] {dagbag.py:588} INFO - Filling up the DagBag from /home/airflow/.local/lib/python3.12/site-packages/airflow/example_dags/example_setup_teardown_taskflow.py
[2025-10-06T23:00:14.629+0000] {processor.py:925} INFO - DAG(s) 'example_setup_teardown_taskflow' retrieved from /home/airflow/.local/lib/python3.12/site-packages/airflow/example_dags/example_setup_teardown_taskflow.py
[2025-10-06T23:00:14.704+0000] {logging_mixin.py:190} INFO - [2025-10-06T23:00:14.703+0000] {dag.py:3239} INFO - Sync 1 DAGs
[2025-10-06T23:00:14.753+0000] {logging_mixin.py:190} INFO - [2025-10-06T23:00:14.752+0000] {dag.py:4180} INFO - Setting next_dagrun for example_setup_teardown_taskflow to None, run_after=None
[2025-10-06T23:00:14.800+0000] {processor.py:208} INFO - Processing /home/airflow/.local/lib/python3.12/site-packages/airflow/example_dags/example_setup_teardown_taskflow.py took 0.227 seconds
[2025-10-06T23:00:46.621+0000] {processor.py:186} INFO - Started process (PID=2365) to work on /home/airflow/.local/lib/python3.12/site-packages/airflow/example_dags/example_setup_teardown_taskflow.py
[2025-10-06T23:00:46.624+0000] {processor.py:914} INFO - Processing file /home/airflow/.local/lib/python3.12/site-packages/airflow/example_dags/example_setup_teardown_taskflow.py for tasks to queue
[2025-10-06T23:00:46.631+0000] {logging_mixin.py:190} INFO - [2025-10-06T23:00:46.629+0000] {dagbag.py:588} INFO - Filling up the DagBag from /home/airflow/.local/lib/python3.12/site-packages/airflow/example_dags/example_setup_teardown_taskflow.py
[2025-10-06T23:00:46.666+0000] {processor.py:925} INFO - DAG(s) 'example_setup_teardown_taskflow' retrieved from /home/airflow/.local/lib/python3.12/site-packages/airflow/example_dags/example_setup_teardown_taskflow.py
[2025-10-06T23:00:46.727+0000] {logging_mixin.py:190} INFO - [2025-10-06T23:00:46.727+0000] {dag.py:3239} INFO - Sync 1 DAGs
[2025-10-06T23:00:46.776+0000] {logging_mixin.py:190} INFO - [2025-10-06T23:00:46.775+0000] {dag.py:4180} INFO - Setting next_dagrun for example_setup_teardown_taskflow to None, run_after=None
[2025-10-06T23:00:46.816+0000] {processor.py:208} INFO - Processing /home/airflow/.local/lib/python3.12/site-packages/airflow/example_dags/example_setup_teardown_taskflow.py took 0.217 seconds
[2025-10-06T23:01:19.170+0000] {processor.py:186} INFO - Started process (PID=2428) to work on /home/airflow/.local/lib/python3.12/site-packages/airflow/example_dags/example_setup_teardown_taskflow.py
[2025-10-06T23:01:19.173+0000] {processor.py:914} INFO - Processing file /home/airflow/.local/lib/python3.12/site-packages/airflow/example_dags/example_setup_teardown_taskflow.py for tasks to queue
[2025-10-06T23:01:19.177+0000] {logging_mixin.py:190} INFO - [2025-10-06T23:01:19.176+0000] {dagbag.py:588} INFO - Filling up the DagBag from /home/airflow/.local/lib/python3.12/site-packages/airflow/example_dags/example_setup_teardown_taskflow.py
[2025-10-06T23:01:19.211+0000] {processor.py:925} INFO - DAG(s) 'example_setup_teardown_taskflow' retrieved from /home/airflow/.local/lib/python3.12/site-packages/airflow/example_dags/example_setup_teardown_taskflow.py
[2025-10-06T23:01:19.283+0000] {logging_mixin.py:190} INFO - [2025-10-06T23:01:19.283+0000] {dag.py:3239} INFO - Sync 1 DAGs
[2025-10-06T23:01:19.333+0000] {logging_mixin.py:190} INFO - [2025-10-06T23:01:19.333+0000] {dag.py:4180} INFO - Setting next_dagrun for example_setup_teardown_taskflow to None, run_after=None
[2025-10-06T23:01:19.393+0000] {processor.py:208} INFO - Processing /home/airflow/.local/lib/python3.12/site-packages/airflow/example_dags/example_setup_teardown_taskflow.py took 0.241 seconds
[2025-10-06T23:01:50.823+0000] {processor.py:186} INFO - Started process (PID=2485) to work on /home/airflow/.local/lib/python3.12/site-packages/airflow/example_dags/example_setup_teardown_taskflow.py
[2025-10-06T23:01:50.825+0000] {processor.py:914} INFO - Processing file /home/airflow/.local/lib/python3.12/site-packages/airflow/example_dags/example_setup_teardown_taskflow.py for tasks to queue
[2025-10-06T23:01:50.829+0000] {logging_mixin.py:190} INFO - [2025-10-06T23:01:50.828+0000] {dagbag.py:588} INFO - Filling up the DagBag from /home/airflow/.local/lib/python3.12/site-packages/airflow/example_dags/example_setup_teardown_taskflow.py
[2025-10-06T23:01:50.866+0000] {processor.py:925} INFO - DAG(s) 'example_setup_teardown_taskflow' retrieved from /home/airflow/.local/lib/python3.12/site-packages/airflow/example_dags/example_setup_teardown_taskflow.py
[2025-10-06T23:01:50.918+0000] {logging_mixin.py:190} INFO - [2025-10-06T23:01:50.918+0000] {dag.py:3239} INFO - Sync 1 DAGs
[2025-10-06T23:01:50.962+0000] {logging_mixin.py:190} INFO - [2025-10-06T23:01:50.962+0000] {dag.py:4180} INFO - Setting next_dagrun for example_setup_teardown_taskflow to None, run_after=None
[2025-10-06T23:01:51.000+0000] {processor.py:208} INFO - Processing /home/airflow/.local/lib/python3.12/site-packages/airflow/example_dags/example_setup_teardown_taskflow.py took 0.201 seconds
