[2025-10-09T00:25:40.814+0000] {processor.py:186} INFO - Started process (PID=9232) to work on /home/airflow/.local/lib/python3.12/site-packages/airflow/example_dags/example_inlet_event_extra.py
[2025-10-09T00:25:40.817+0000] {processor.py:914} INFO - Processing file /home/airflow/.local/lib/python3.12/site-packages/airflow/example_dags/example_inlet_event_extra.py for tasks to queue
[2025-10-09T00:25:40.822+0000] {logging_mixin.py:190} INFO - [2025-10-09T00:25:40.821+0000] {dagbag.py:588} INFO - Filling up the DagBag from /home/airflow/.local/lib/python3.12/site-packages/airflow/example_dags/example_inlet_event_extra.py
[2025-10-09T00:25:42.022+0000] {processor.py:925} INFO - DAG(s) 'read_dataset_event', 'read_dataset_event_from_classic' retrieved from /home/airflow/.local/lib/python3.12/site-packages/airflow/example_dags/example_inlet_event_extra.py
[2025-10-09T00:25:42.222+0000] {logging_mixin.py:190} INFO - [2025-10-09T00:25:42.207+0000] {dag.py:3239} INFO - Sync 2 DAGs
[2025-10-09T00:25:42.332+0000] {logging_mixin.py:190} INFO - [2025-10-09T00:25:42.332+0000] {dag.py:4180} INFO - Setting next_dagrun for read_dataset_event to 2025-10-08 00:00:00+00:00, run_after=2025-10-09 00:00:00+00:00
[2025-10-09T00:25:42.343+0000] {logging_mixin.py:190} INFO - [2025-10-09T00:25:42.343+0000] {dag.py:4180} INFO - Setting next_dagrun for read_dataset_event_from_classic to 2025-10-08 00:00:00+00:00, run_after=2025-10-09 00:00:00+00:00
[2025-10-09T00:25:42.452+0000] {processor.py:208} INFO - Processing /home/airflow/.local/lib/python3.12/site-packages/airflow/example_dags/example_inlet_event_extra.py took 1.675 seconds
[2025-10-09T00:26:26.207+0000] {processor.py:186} INFO - Started process (PID=9295) to work on /home/airflow/.local/lib/python3.12/site-packages/airflow/example_dags/example_inlet_event_extra.py
[2025-10-09T00:26:26.211+0000] {processor.py:914} INFO - Processing file /home/airflow/.local/lib/python3.12/site-packages/airflow/example_dags/example_inlet_event_extra.py for tasks to queue
[2025-10-09T00:26:26.215+0000] {logging_mixin.py:190} INFO - [2025-10-09T00:26:26.214+0000] {dagbag.py:588} INFO - Filling up the DagBag from /home/airflow/.local/lib/python3.12/site-packages/airflow/example_dags/example_inlet_event_extra.py
[2025-10-09T00:26:36.987+0000] {processor.py:925} INFO - DAG(s) 'read_dataset_event_from_classic', 'read_dataset_event' retrieved from /home/airflow/.local/lib/python3.12/site-packages/airflow/example_dags/example_inlet_event_extra.py
[2025-10-09T00:26:37.524+0000] {logging_mixin.py:190} INFO - [2025-10-09T00:26:37.523+0000] {dag.py:3239} INFO - Sync 2 DAGs
[2025-10-09T00:26:37.663+0000] {logging_mixin.py:190} INFO - [2025-10-09T00:26:37.662+0000] {dag.py:4180} INFO - Setting next_dagrun for read_dataset_event to 2025-10-08 00:00:00+00:00, run_after=2025-10-09 00:00:00+00:00
[2025-10-09T00:26:37.681+0000] {logging_mixin.py:190} INFO - [2025-10-09T00:26:37.681+0000] {dag.py:4180} INFO - Setting next_dagrun for read_dataset_event_from_classic to 2025-10-08 00:00:00+00:00, run_after=2025-10-09 00:00:00+00:00
[2025-10-09T00:26:37.787+0000] {processor.py:208} INFO - Processing /home/airflow/.local/lib/python3.12/site-packages/airflow/example_dags/example_inlet_event_extra.py took 11.601 seconds
[2025-10-09T11:03:43.006+0000] {processor.py:186} INFO - Started process (PID=102) to work on /home/airflow/.local/lib/python3.12/site-packages/airflow/example_dags/example_inlet_event_extra.py
[2025-10-09T11:03:43.008+0000] {processor.py:914} INFO - Processing file /home/airflow/.local/lib/python3.12/site-packages/airflow/example_dags/example_inlet_event_extra.py for tasks to queue
[2025-10-09T11:03:43.011+0000] {logging_mixin.py:190} INFO - [2025-10-09T11:03:43.010+0000] {dagbag.py:588} INFO - Filling up the DagBag from /home/airflow/.local/lib/python3.12/site-packages/airflow/example_dags/example_inlet_event_extra.py
[2025-10-09T11:03:43.229+0000] {processor.py:925} INFO - DAG(s) 'read_dataset_event_from_classic', 'read_dataset_event' retrieved from /home/airflow/.local/lib/python3.12/site-packages/airflow/example_dags/example_inlet_event_extra.py
[2025-10-09T11:03:43.270+0000] {logging_mixin.py:190} INFO - [2025-10-09T11:03:43.270+0000] {dag.py:3239} INFO - Sync 2 DAGs
[2025-10-09T11:03:43.336+0000] {logging_mixin.py:190} INFO - [2025-10-09T11:03:43.335+0000] {dag.py:4180} INFO - Setting next_dagrun for read_dataset_event to 2025-10-08 00:00:00+00:00, run_after=2025-10-09 00:00:00+00:00
[2025-10-09T11:03:43.343+0000] {logging_mixin.py:190} INFO - [2025-10-09T11:03:43.343+0000] {dag.py:4180} INFO - Setting next_dagrun for read_dataset_event_from_classic to 2025-10-08 00:00:00+00:00, run_after=2025-10-09 00:00:00+00:00
[2025-10-09T11:03:43.454+0000] {processor.py:208} INFO - Processing /home/airflow/.local/lib/python3.12/site-packages/airflow/example_dags/example_inlet_event_extra.py took 0.455 seconds
[2025-10-09T11:04:28.955+0000] {processor.py:186} INFO - Started process (PID=165) to work on /home/airflow/.local/lib/python3.12/site-packages/airflow/example_dags/example_inlet_event_extra.py
[2025-10-09T11:04:28.960+0000] {processor.py:914} INFO - Processing file /home/airflow/.local/lib/python3.12/site-packages/airflow/example_dags/example_inlet_event_extra.py for tasks to queue
[2025-10-09T11:04:28.968+0000] {logging_mixin.py:190} INFO - [2025-10-09T11:04:28.967+0000] {dagbag.py:588} INFO - Filling up the DagBag from /home/airflow/.local/lib/python3.12/site-packages/airflow/example_dags/example_inlet_event_extra.py
[2025-10-09T11:04:29.383+0000] {processor.py:925} INFO - DAG(s) 'read_dataset_event_from_classic', 'read_dataset_event' retrieved from /home/airflow/.local/lib/python3.12/site-packages/airflow/example_dags/example_inlet_event_extra.py
[2025-10-09T11:04:29.509+0000] {logging_mixin.py:190} INFO - [2025-10-09T11:04:29.508+0000] {dag.py:3239} INFO - Sync 2 DAGs
[2025-10-09T11:04:29.628+0000] {logging_mixin.py:190} INFO - [2025-10-09T11:04:29.627+0000] {dag.py:4180} INFO - Setting next_dagrun for read_dataset_event to 2025-10-08 00:00:00+00:00, run_after=2025-10-09 00:00:00+00:00
[2025-10-09T11:04:29.641+0000] {logging_mixin.py:190} INFO - [2025-10-09T11:04:29.641+0000] {dag.py:4180} INFO - Setting next_dagrun for read_dataset_event_from_classic to 2025-10-08 00:00:00+00:00, run_after=2025-10-09 00:00:00+00:00
[2025-10-09T11:04:29.699+0000] {processor.py:208} INFO - Processing /home/airflow/.local/lib/python3.12/site-packages/airflow/example_dags/example_inlet_event_extra.py took 0.767 seconds
[2025-10-09T11:05:07.776+0000] {processor.py:186} INFO - Started process (PID=234) to work on /home/airflow/.local/lib/python3.12/site-packages/airflow/example_dags/example_inlet_event_extra.py
[2025-10-09T11:05:07.779+0000] {processor.py:914} INFO - Processing file /home/airflow/.local/lib/python3.12/site-packages/airflow/example_dags/example_inlet_event_extra.py for tasks to queue
[2025-10-09T11:05:07.785+0000] {logging_mixin.py:190} INFO - [2025-10-09T11:05:07.784+0000] {dagbag.py:588} INFO - Filling up the DagBag from /home/airflow/.local/lib/python3.12/site-packages/airflow/example_dags/example_inlet_event_extra.py
[2025-10-09T11:05:08.409+0000] {processor.py:925} INFO - DAG(s) 'read_dataset_event_from_classic', 'read_dataset_event' retrieved from /home/airflow/.local/lib/python3.12/site-packages/airflow/example_dags/example_inlet_event_extra.py
[2025-10-09T11:05:08.453+0000] {logging_mixin.py:190} INFO - [2025-10-09T11:05:08.453+0000] {dag.py:3239} INFO - Sync 2 DAGs
[2025-10-09T11:05:08.488+0000] {logging_mixin.py:190} INFO - [2025-10-09T11:05:08.487+0000] {dag.py:4180} INFO - Setting next_dagrun for read_dataset_event to 2025-10-08 00:00:00+00:00, run_after=2025-10-09 00:00:00+00:00
[2025-10-09T11:05:08.499+0000] {logging_mixin.py:190} INFO - [2025-10-09T11:05:08.499+0000] {dag.py:4180} INFO - Setting next_dagrun for read_dataset_event_from_classic to 2025-10-08 00:00:00+00:00, run_after=2025-10-09 00:00:00+00:00
[2025-10-09T11:05:08.531+0000] {processor.py:208} INFO - Processing /home/airflow/.local/lib/python3.12/site-packages/airflow/example_dags/example_inlet_event_extra.py took 0.766 seconds
[2025-10-09T11:05:55.280+0000] {processor.py:186} INFO - Started process (PID=282) to work on /home/airflow/.local/lib/python3.12/site-packages/airflow/example_dags/example_inlet_event_extra.py
[2025-10-09T11:05:55.284+0000] {processor.py:914} INFO - Processing file /home/airflow/.local/lib/python3.12/site-packages/airflow/example_dags/example_inlet_event_extra.py for tasks to queue
[2025-10-09T11:05:55.290+0000] {logging_mixin.py:190} INFO - [2025-10-09T11:05:55.289+0000] {dagbag.py:588} INFO - Filling up the DagBag from /home/airflow/.local/lib/python3.12/site-packages/airflow/example_dags/example_inlet_event_extra.py
[2025-10-09T11:05:55.537+0000] {processor.py:925} INFO - DAG(s) 'read_dataset_event_from_classic', 'read_dataset_event' retrieved from /home/airflow/.local/lib/python3.12/site-packages/airflow/example_dags/example_inlet_event_extra.py
[2025-10-09T11:05:55.572+0000] {logging_mixin.py:190} INFO - [2025-10-09T11:05:55.572+0000] {dag.py:3239} INFO - Sync 2 DAGs
[2025-10-09T11:05:55.610+0000] {logging_mixin.py:190} INFO - [2025-10-09T11:05:55.610+0000] {dag.py:4180} INFO - Setting next_dagrun for read_dataset_event to 2025-10-08 00:00:00+00:00, run_after=2025-10-09 00:00:00+00:00
[2025-10-09T11:05:55.618+0000] {logging_mixin.py:190} INFO - [2025-10-09T11:05:55.617+0000] {dag.py:4180} INFO - Setting next_dagrun for read_dataset_event_from_classic to 2025-10-08 00:00:00+00:00, run_after=2025-10-09 00:00:00+00:00
[2025-10-09T11:05:55.643+0000] {processor.py:208} INFO - Processing /home/airflow/.local/lib/python3.12/site-packages/airflow/example_dags/example_inlet_event_extra.py took 0.374 seconds
[2025-10-09T11:06:26.635+0000] {processor.py:186} INFO - Started process (PID=345) to work on /home/airflow/.local/lib/python3.12/site-packages/airflow/example_dags/example_inlet_event_extra.py
[2025-10-09T11:06:26.637+0000] {processor.py:914} INFO - Processing file /home/airflow/.local/lib/python3.12/site-packages/airflow/example_dags/example_inlet_event_extra.py for tasks to queue
[2025-10-09T11:06:26.642+0000] {logging_mixin.py:190} INFO - [2025-10-09T11:06:26.641+0000] {dagbag.py:588} INFO - Filling up the DagBag from /home/airflow/.local/lib/python3.12/site-packages/airflow/example_dags/example_inlet_event_extra.py
[2025-10-09T11:06:26.954+0000] {processor.py:925} INFO - DAG(s) 'read_dataset_event_from_classic', 'read_dataset_event' retrieved from /home/airflow/.local/lib/python3.12/site-packages/airflow/example_dags/example_inlet_event_extra.py
[2025-10-09T11:06:27.013+0000] {logging_mixin.py:190} INFO - [2025-10-09T11:06:27.012+0000] {dag.py:3239} INFO - Sync 2 DAGs
[2025-10-09T11:06:27.084+0000] {logging_mixin.py:190} INFO - [2025-10-09T11:06:27.084+0000] {dag.py:4180} INFO - Setting next_dagrun for read_dataset_event to 2025-10-08 00:00:00+00:00, run_after=2025-10-09 00:00:00+00:00
[2025-10-09T11:06:27.098+0000] {logging_mixin.py:190} INFO - [2025-10-09T11:06:27.098+0000] {dag.py:4180} INFO - Setting next_dagrun for read_dataset_event_from_classic to 2025-10-08 00:00:00+00:00, run_after=2025-10-09 00:00:00+00:00
[2025-10-09T11:06:27.209+0000] {processor.py:208} INFO - Processing /home/airflow/.local/lib/python3.12/site-packages/airflow/example_dags/example_inlet_event_extra.py took 0.588 seconds
[2025-10-09T11:06:58.193+0000] {processor.py:186} INFO - Started process (PID=408) to work on /home/airflow/.local/lib/python3.12/site-packages/airflow/example_dags/example_inlet_event_extra.py
[2025-10-09T11:06:58.196+0000] {processor.py:914} INFO - Processing file /home/airflow/.local/lib/python3.12/site-packages/airflow/example_dags/example_inlet_event_extra.py for tasks to queue
[2025-10-09T11:06:58.204+0000] {logging_mixin.py:190} INFO - [2025-10-09T11:06:58.201+0000] {dagbag.py:588} INFO - Filling up the DagBag from /home/airflow/.local/lib/python3.12/site-packages/airflow/example_dags/example_inlet_event_extra.py
[2025-10-09T11:06:58.668+0000] {processor.py:925} INFO - DAG(s) 'read_dataset_event', 'read_dataset_event_from_classic' retrieved from /home/airflow/.local/lib/python3.12/site-packages/airflow/example_dags/example_inlet_event_extra.py
[2025-10-09T11:06:58.766+0000] {logging_mixin.py:190} INFO - [2025-10-09T11:06:58.766+0000] {dag.py:3239} INFO - Sync 2 DAGs
[2025-10-09T11:06:58.816+0000] {logging_mixin.py:190} INFO - [2025-10-09T11:06:58.816+0000] {dag.py:4180} INFO - Setting next_dagrun for read_dataset_event to 2025-10-08 00:00:00+00:00, run_after=2025-10-09 00:00:00+00:00
[2025-10-09T11:06:58.829+0000] {logging_mixin.py:190} INFO - [2025-10-09T11:06:58.828+0000] {dag.py:4180} INFO - Setting next_dagrun for read_dataset_event_from_classic to 2025-10-08 00:00:00+00:00, run_after=2025-10-09 00:00:00+00:00
[2025-10-09T11:06:58.852+0000] {processor.py:208} INFO - Processing /home/airflow/.local/lib/python3.12/site-packages/airflow/example_dags/example_inlet_event_extra.py took 0.675 seconds
[2025-10-09T11:07:36.593+0000] {processor.py:186} INFO - Started process (PID=471) to work on /home/airflow/.local/lib/python3.12/site-packages/airflow/example_dags/example_inlet_event_extra.py
[2025-10-09T11:07:36.595+0000] {processor.py:914} INFO - Processing file /home/airflow/.local/lib/python3.12/site-packages/airflow/example_dags/example_inlet_event_extra.py for tasks to queue
[2025-10-09T11:07:36.599+0000] {logging_mixin.py:190} INFO - [2025-10-09T11:07:36.599+0000] {dagbag.py:588} INFO - Filling up the DagBag from /home/airflow/.local/lib/python3.12/site-packages/airflow/example_dags/example_inlet_event_extra.py
[2025-10-09T11:07:36.811+0000] {processor.py:925} INFO - DAG(s) 'read_dataset_event_from_classic', 'read_dataset_event' retrieved from /home/airflow/.local/lib/python3.12/site-packages/airflow/example_dags/example_inlet_event_extra.py
[2025-10-09T11:07:36.840+0000] {logging_mixin.py:190} INFO - [2025-10-09T11:07:36.839+0000] {dag.py:3239} INFO - Sync 2 DAGs
[2025-10-09T11:07:36.875+0000] {logging_mixin.py:190} INFO - [2025-10-09T11:07:36.874+0000] {dag.py:4180} INFO - Setting next_dagrun for read_dataset_event to 2025-10-08 00:00:00+00:00, run_after=2025-10-09 00:00:00+00:00
[2025-10-09T11:07:36.883+0000] {logging_mixin.py:190} INFO - [2025-10-09T11:07:36.883+0000] {dag.py:4180} INFO - Setting next_dagrun for read_dataset_event_from_classic to 2025-10-08 00:00:00+00:00, run_after=2025-10-09 00:00:00+00:00
[2025-10-09T11:07:36.907+0000] {processor.py:208} INFO - Processing /home/airflow/.local/lib/python3.12/site-packages/airflow/example_dags/example_inlet_event_extra.py took 0.325 seconds
[2025-10-09T11:08:07.608+0000] {processor.py:186} INFO - Started process (PID=534) to work on /home/airflow/.local/lib/python3.12/site-packages/airflow/example_dags/example_inlet_event_extra.py
[2025-10-09T11:08:07.610+0000] {processor.py:914} INFO - Processing file /home/airflow/.local/lib/python3.12/site-packages/airflow/example_dags/example_inlet_event_extra.py for tasks to queue
[2025-10-09T11:08:07.613+0000] {logging_mixin.py:190} INFO - [2025-10-09T11:08:07.612+0000] {dagbag.py:588} INFO - Filling up the DagBag from /home/airflow/.local/lib/python3.12/site-packages/airflow/example_dags/example_inlet_event_extra.py
[2025-10-09T11:08:07.765+0000] {processor.py:925} INFO - DAG(s) 'read_dataset_event_from_classic', 'read_dataset_event' retrieved from /home/airflow/.local/lib/python3.12/site-packages/airflow/example_dags/example_inlet_event_extra.py
[2025-10-09T11:08:07.791+0000] {logging_mixin.py:190} INFO - [2025-10-09T11:08:07.791+0000] {dag.py:3239} INFO - Sync 2 DAGs
[2025-10-09T11:08:07.822+0000] {logging_mixin.py:190} INFO - [2025-10-09T11:08:07.821+0000] {dag.py:4180} INFO - Setting next_dagrun for read_dataset_event to 2025-10-08 00:00:00+00:00, run_after=2025-10-09 00:00:00+00:00
[2025-10-09T11:08:07.828+0000] {logging_mixin.py:190} INFO - [2025-10-09T11:08:07.828+0000] {dag.py:4180} INFO - Setting next_dagrun for read_dataset_event_from_classic to 2025-10-08 00:00:00+00:00, run_after=2025-10-09 00:00:00+00:00
[2025-10-09T11:08:07.857+0000] {processor.py:208} INFO - Processing /home/airflow/.local/lib/python3.12/site-packages/airflow/example_dags/example_inlet_event_extra.py took 0.257 seconds
[2025-10-09T11:08:45.188+0000] {processor.py:186} INFO - Started process (PID=597) to work on /home/airflow/.local/lib/python3.12/site-packages/airflow/example_dags/example_inlet_event_extra.py
[2025-10-09T11:08:45.191+0000] {processor.py:914} INFO - Processing file /home/airflow/.local/lib/python3.12/site-packages/airflow/example_dags/example_inlet_event_extra.py for tasks to queue
[2025-10-09T11:08:45.201+0000] {logging_mixin.py:190} INFO - [2025-10-09T11:08:45.200+0000] {dagbag.py:588} INFO - Filling up the DagBag from /home/airflow/.local/lib/python3.12/site-packages/airflow/example_dags/example_inlet_event_extra.py
[2025-10-09T11:08:45.671+0000] {processor.py:925} INFO - DAG(s) 'read_dataset_event', 'read_dataset_event_from_classic' retrieved from /home/airflow/.local/lib/python3.12/site-packages/airflow/example_dags/example_inlet_event_extra.py
[2025-10-09T11:08:45.735+0000] {logging_mixin.py:190} INFO - [2025-10-09T11:08:45.732+0000] {dag.py:3239} INFO - Sync 2 DAGs
[2025-10-09T11:08:45.795+0000] {logging_mixin.py:190} INFO - [2025-10-09T11:08:45.795+0000] {dag.py:4180} INFO - Setting next_dagrun for read_dataset_event to 2025-10-08 00:00:00+00:00, run_after=2025-10-09 00:00:00+00:00
[2025-10-09T11:08:45.809+0000] {logging_mixin.py:190} INFO - [2025-10-09T11:08:45.808+0000] {dag.py:4180} INFO - Setting next_dagrun for read_dataset_event_from_classic to 2025-10-08 00:00:00+00:00, run_after=2025-10-09 00:00:00+00:00
[2025-10-09T11:08:46.198+0000] {processor.py:208} INFO - Processing /home/airflow/.local/lib/python3.12/site-packages/airflow/example_dags/example_inlet_event_extra.py took 1.027 seconds
[2025-10-09T11:09:16.668+0000] {processor.py:186} INFO - Started process (PID=660) to work on /home/airflow/.local/lib/python3.12/site-packages/airflow/example_dags/example_inlet_event_extra.py
[2025-10-09T11:09:16.670+0000] {processor.py:914} INFO - Processing file /home/airflow/.local/lib/python3.12/site-packages/airflow/example_dags/example_inlet_event_extra.py for tasks to queue
[2025-10-09T11:09:16.673+0000] {logging_mixin.py:190} INFO - [2025-10-09T11:09:16.673+0000] {dagbag.py:588} INFO - Filling up the DagBag from /home/airflow/.local/lib/python3.12/site-packages/airflow/example_dags/example_inlet_event_extra.py
[2025-10-09T11:09:17.021+0000] {processor.py:925} INFO - DAG(s) 'read_dataset_event_from_classic', 'read_dataset_event' retrieved from /home/airflow/.local/lib/python3.12/site-packages/airflow/example_dags/example_inlet_event_extra.py
[2025-10-09T11:09:17.048+0000] {logging_mixin.py:190} INFO - [2025-10-09T11:09:17.048+0000] {dag.py:3239} INFO - Sync 2 DAGs
[2025-10-09T11:09:17.080+0000] {logging_mixin.py:190} INFO - [2025-10-09T11:09:17.080+0000] {dag.py:4180} INFO - Setting next_dagrun for read_dataset_event to 2025-10-08 00:00:00+00:00, run_after=2025-10-09 00:00:00+00:00
[2025-10-09T11:09:17.088+0000] {logging_mixin.py:190} INFO - [2025-10-09T11:09:17.087+0000] {dag.py:4180} INFO - Setting next_dagrun for read_dataset_event_from_classic to 2025-10-08 00:00:00+00:00, run_after=2025-10-09 00:00:00+00:00
[2025-10-09T11:09:17.108+0000] {processor.py:208} INFO - Processing /home/airflow/.local/lib/python3.12/site-packages/airflow/example_dags/example_inlet_event_extra.py took 0.451 seconds
[2025-10-09T11:09:47.687+0000] {processor.py:186} INFO - Started process (PID=723) to work on /home/airflow/.local/lib/python3.12/site-packages/airflow/example_dags/example_inlet_event_extra.py
[2025-10-09T11:09:47.688+0000] {processor.py:914} INFO - Processing file /home/airflow/.local/lib/python3.12/site-packages/airflow/example_dags/example_inlet_event_extra.py for tasks to queue
[2025-10-09T11:09:47.692+0000] {logging_mixin.py:190} INFO - [2025-10-09T11:09:47.692+0000] {dagbag.py:588} INFO - Filling up the DagBag from /home/airflow/.local/lib/python3.12/site-packages/airflow/example_dags/example_inlet_event_extra.py
[2025-10-09T11:09:47.957+0000] {processor.py:925} INFO - DAG(s) 'read_dataset_event_from_classic', 'read_dataset_event' retrieved from /home/airflow/.local/lib/python3.12/site-packages/airflow/example_dags/example_inlet_event_extra.py
[2025-10-09T11:09:47.995+0000] {logging_mixin.py:190} INFO - [2025-10-09T11:09:47.995+0000] {dag.py:3239} INFO - Sync 2 DAGs
[2025-10-09T11:09:48.056+0000] {logging_mixin.py:190} INFO - [2025-10-09T11:09:48.055+0000] {dag.py:4180} INFO - Setting next_dagrun for read_dataset_event to 2025-10-08 00:00:00+00:00, run_after=2025-10-09 00:00:00+00:00
[2025-10-09T11:09:48.066+0000] {logging_mixin.py:190} INFO - [2025-10-09T11:09:48.065+0000] {dag.py:4180} INFO - Setting next_dagrun for read_dataset_event_from_classic to 2025-10-08 00:00:00+00:00, run_after=2025-10-09 00:00:00+00:00
[2025-10-09T11:09:48.095+0000] {processor.py:208} INFO - Processing /home/airflow/.local/lib/python3.12/site-packages/airflow/example_dags/example_inlet_event_extra.py took 0.415 seconds
[2025-10-09T11:10:18.282+0000] {processor.py:186} INFO - Started process (PID=786) to work on /home/airflow/.local/lib/python3.12/site-packages/airflow/example_dags/example_inlet_event_extra.py
[2025-10-09T11:10:18.284+0000] {processor.py:914} INFO - Processing file /home/airflow/.local/lib/python3.12/site-packages/airflow/example_dags/example_inlet_event_extra.py for tasks to queue
[2025-10-09T11:10:18.287+0000] {logging_mixin.py:190} INFO - [2025-10-09T11:10:18.286+0000] {dagbag.py:588} INFO - Filling up the DagBag from /home/airflow/.local/lib/python3.12/site-packages/airflow/example_dags/example_inlet_event_extra.py
[2025-10-09T11:10:18.432+0000] {processor.py:925} INFO - DAG(s) 'read_dataset_event', 'read_dataset_event_from_classic' retrieved from /home/airflow/.local/lib/python3.12/site-packages/airflow/example_dags/example_inlet_event_extra.py
[2025-10-09T11:10:18.456+0000] {logging_mixin.py:190} INFO - [2025-10-09T11:10:18.456+0000] {dag.py:3239} INFO - Sync 2 DAGs
[2025-10-09T11:10:18.484+0000] {logging_mixin.py:190} INFO - [2025-10-09T11:10:18.484+0000] {dag.py:4180} INFO - Setting next_dagrun for read_dataset_event to 2025-10-08 00:00:00+00:00, run_after=2025-10-09 00:00:00+00:00
[2025-10-09T11:10:18.492+0000] {logging_mixin.py:190} INFO - [2025-10-09T11:10:18.492+0000] {dag.py:4180} INFO - Setting next_dagrun for read_dataset_event_from_classic to 2025-10-08 00:00:00+00:00, run_after=2025-10-09 00:00:00+00:00
[2025-10-09T11:10:18.522+0000] {processor.py:208} INFO - Processing /home/airflow/.local/lib/python3.12/site-packages/airflow/example_dags/example_inlet_event_extra.py took 0.246 seconds
[2025-10-09T11:10:49.539+0000] {processor.py:186} INFO - Started process (PID=849) to work on /home/airflow/.local/lib/python3.12/site-packages/airflow/example_dags/example_inlet_event_extra.py
[2025-10-09T11:10:49.540+0000] {processor.py:914} INFO - Processing file /home/airflow/.local/lib/python3.12/site-packages/airflow/example_dags/example_inlet_event_extra.py for tasks to queue
[2025-10-09T11:10:49.543+0000] {logging_mixin.py:190} INFO - [2025-10-09T11:10:49.543+0000] {dagbag.py:588} INFO - Filling up the DagBag from /home/airflow/.local/lib/python3.12/site-packages/airflow/example_dags/example_inlet_event_extra.py
[2025-10-09T11:10:49.684+0000] {processor.py:925} INFO - DAG(s) 'read_dataset_event', 'read_dataset_event_from_classic' retrieved from /home/airflow/.local/lib/python3.12/site-packages/airflow/example_dags/example_inlet_event_extra.py
[2025-10-09T11:10:49.708+0000] {logging_mixin.py:190} INFO - [2025-10-09T11:10:49.708+0000] {dag.py:3239} INFO - Sync 2 DAGs
[2025-10-09T11:10:49.736+0000] {logging_mixin.py:190} INFO - [2025-10-09T11:10:49.735+0000] {dag.py:4180} INFO - Setting next_dagrun for read_dataset_event to 2025-10-08 00:00:00+00:00, run_after=2025-10-09 00:00:00+00:00
[2025-10-09T11:10:49.743+0000] {logging_mixin.py:190} INFO - [2025-10-09T11:10:49.742+0000] {dag.py:4180} INFO - Setting next_dagrun for read_dataset_event_from_classic to 2025-10-08 00:00:00+00:00, run_after=2025-10-09 00:00:00+00:00
[2025-10-09T11:10:49.769+0000] {processor.py:208} INFO - Processing /home/airflow/.local/lib/python3.12/site-packages/airflow/example_dags/example_inlet_event_extra.py took 0.237 seconds
[2025-10-09T11:11:19.822+0000] {processor.py:186} INFO - Started process (PID=912) to work on /home/airflow/.local/lib/python3.12/site-packages/airflow/example_dags/example_inlet_event_extra.py
[2025-10-09T11:11:19.824+0000] {processor.py:914} INFO - Processing file /home/airflow/.local/lib/python3.12/site-packages/airflow/example_dags/example_inlet_event_extra.py for tasks to queue
[2025-10-09T11:11:19.827+0000] {logging_mixin.py:190} INFO - [2025-10-09T11:11:19.826+0000] {dagbag.py:588} INFO - Filling up the DagBag from /home/airflow/.local/lib/python3.12/site-packages/airflow/example_dags/example_inlet_event_extra.py
[2025-10-09T11:11:19.991+0000] {processor.py:925} INFO - DAG(s) 'read_dataset_event', 'read_dataset_event_from_classic' retrieved from /home/airflow/.local/lib/python3.12/site-packages/airflow/example_dags/example_inlet_event_extra.py
[2025-10-09T11:11:20.015+0000] {logging_mixin.py:190} INFO - [2025-10-09T11:11:20.015+0000] {dag.py:3239} INFO - Sync 2 DAGs
[2025-10-09T11:11:20.043+0000] {logging_mixin.py:190} INFO - [2025-10-09T11:11:20.042+0000] {dag.py:4180} INFO - Setting next_dagrun for read_dataset_event to 2025-10-08 00:00:00+00:00, run_after=2025-10-09 00:00:00+00:00
[2025-10-09T11:11:20.048+0000] {logging_mixin.py:190} INFO - [2025-10-09T11:11:20.048+0000] {dag.py:4180} INFO - Setting next_dagrun for read_dataset_event_from_classic to 2025-10-08 00:00:00+00:00, run_after=2025-10-09 00:00:00+00:00
[2025-10-09T11:11:20.069+0000] {processor.py:208} INFO - Processing /home/airflow/.local/lib/python3.12/site-packages/airflow/example_dags/example_inlet_event_extra.py took 0.254 seconds
[2025-10-09T11:11:50.858+0000] {processor.py:186} INFO - Started process (PID=975) to work on /home/airflow/.local/lib/python3.12/site-packages/airflow/example_dags/example_inlet_event_extra.py
[2025-10-09T11:11:50.859+0000] {processor.py:914} INFO - Processing file /home/airflow/.local/lib/python3.12/site-packages/airflow/example_dags/example_inlet_event_extra.py for tasks to queue
[2025-10-09T11:11:50.862+0000] {logging_mixin.py:190} INFO - [2025-10-09T11:11:50.861+0000] {dagbag.py:588} INFO - Filling up the DagBag from /home/airflow/.local/lib/python3.12/site-packages/airflow/example_dags/example_inlet_event_extra.py
[2025-10-09T11:11:51.042+0000] {processor.py:925} INFO - DAG(s) 'read_dataset_event_from_classic', 'read_dataset_event' retrieved from /home/airflow/.local/lib/python3.12/site-packages/airflow/example_dags/example_inlet_event_extra.py
[2025-10-09T11:11:51.070+0000] {logging_mixin.py:190} INFO - [2025-10-09T11:11:51.070+0000] {dag.py:3239} INFO - Sync 2 DAGs
[2025-10-09T11:11:51.102+0000] {logging_mixin.py:190} INFO - [2025-10-09T11:11:51.102+0000] {dag.py:4180} INFO - Setting next_dagrun for read_dataset_event to 2025-10-08 00:00:00+00:00, run_after=2025-10-09 00:00:00+00:00
[2025-10-09T11:11:51.109+0000] {logging_mixin.py:190} INFO - [2025-10-09T11:11:51.109+0000] {dag.py:4180} INFO - Setting next_dagrun for read_dataset_event_from_classic to 2025-10-08 00:00:00+00:00, run_after=2025-10-09 00:00:00+00:00
[2025-10-09T11:11:51.130+0000] {processor.py:208} INFO - Processing /home/airflow/.local/lib/python3.12/site-packages/airflow/example_dags/example_inlet_event_extra.py took 0.279 seconds
[2025-10-09T11:12:21.933+0000] {processor.py:186} INFO - Started process (PID=1039) to work on /home/airflow/.local/lib/python3.12/site-packages/airflow/example_dags/example_inlet_event_extra.py
[2025-10-09T11:12:21.935+0000] {processor.py:914} INFO - Processing file /home/airflow/.local/lib/python3.12/site-packages/airflow/example_dags/example_inlet_event_extra.py for tasks to queue
[2025-10-09T11:12:21.954+0000] {logging_mixin.py:190} INFO - [2025-10-09T11:12:21.953+0000] {dagbag.py:588} INFO - Filling up the DagBag from /home/airflow/.local/lib/python3.12/site-packages/airflow/example_dags/example_inlet_event_extra.py
[2025-10-09T11:12:22.234+0000] {processor.py:925} INFO - DAG(s) 'read_dataset_event', 'read_dataset_event_from_classic' retrieved from /home/airflow/.local/lib/python3.12/site-packages/airflow/example_dags/example_inlet_event_extra.py
[2025-10-09T11:12:22.288+0000] {logging_mixin.py:190} INFO - [2025-10-09T11:12:22.288+0000] {dag.py:3239} INFO - Sync 2 DAGs
[2025-10-09T11:12:22.331+0000] {logging_mixin.py:190} INFO - [2025-10-09T11:12:22.331+0000] {dag.py:4180} INFO - Setting next_dagrun for read_dataset_event to 2025-10-08 00:00:00+00:00, run_after=2025-10-09 00:00:00+00:00
[2025-10-09T11:12:22.339+0000] {logging_mixin.py:190} INFO - [2025-10-09T11:12:22.338+0000] {dag.py:4180} INFO - Setting next_dagrun for read_dataset_event_from_classic to 2025-10-08 00:00:00+00:00, run_after=2025-10-09 00:00:00+00:00
[2025-10-09T11:12:22.366+0000] {processor.py:208} INFO - Processing /home/airflow/.local/lib/python3.12/site-packages/airflow/example_dags/example_inlet_event_extra.py took 0.461 seconds
[2025-10-09T11:12:52.830+0000] {processor.py:186} INFO - Started process (PID=1108) to work on /home/airflow/.local/lib/python3.12/site-packages/airflow/example_dags/example_inlet_event_extra.py
[2025-10-09T11:12:52.832+0000] {processor.py:914} INFO - Processing file /home/airflow/.local/lib/python3.12/site-packages/airflow/example_dags/example_inlet_event_extra.py for tasks to queue
[2025-10-09T11:12:52.838+0000] {logging_mixin.py:190} INFO - [2025-10-09T11:12:52.837+0000] {dagbag.py:588} INFO - Filling up the DagBag from /home/airflow/.local/lib/python3.12/site-packages/airflow/example_dags/example_inlet_event_extra.py
[2025-10-09T11:12:53.180+0000] {processor.py:925} INFO - DAG(s) 'read_dataset_event_from_classic', 'read_dataset_event' retrieved from /home/airflow/.local/lib/python3.12/site-packages/airflow/example_dags/example_inlet_event_extra.py
[2025-10-09T11:12:53.210+0000] {logging_mixin.py:190} INFO - [2025-10-09T11:12:53.209+0000] {dag.py:3239} INFO - Sync 2 DAGs
[2025-10-09T11:12:53.244+0000] {logging_mixin.py:190} INFO - [2025-10-09T11:12:53.244+0000] {dag.py:4180} INFO - Setting next_dagrun for read_dataset_event to 2025-10-08 00:00:00+00:00, run_after=2025-10-09 00:00:00+00:00
[2025-10-09T11:12:53.252+0000] {logging_mixin.py:190} INFO - [2025-10-09T11:12:53.252+0000] {dag.py:4180} INFO - Setting next_dagrun for read_dataset_event_from_classic to 2025-10-08 00:00:00+00:00, run_after=2025-10-09 00:00:00+00:00
[2025-10-09T11:12:53.283+0000] {processor.py:208} INFO - Processing /home/airflow/.local/lib/python3.12/site-packages/airflow/example_dags/example_inlet_event_extra.py took 0.465 seconds
[2025-10-09T11:13:23.341+0000] {processor.py:186} INFO - Started process (PID=1171) to work on /home/airflow/.local/lib/python3.12/site-packages/airflow/example_dags/example_inlet_event_extra.py
[2025-10-09T11:13:23.343+0000] {processor.py:914} INFO - Processing file /home/airflow/.local/lib/python3.12/site-packages/airflow/example_dags/example_inlet_event_extra.py for tasks to queue
[2025-10-09T11:13:23.348+0000] {logging_mixin.py:190} INFO - [2025-10-09T11:13:23.347+0000] {dagbag.py:588} INFO - Filling up the DagBag from /home/airflow/.local/lib/python3.12/site-packages/airflow/example_dags/example_inlet_event_extra.py
[2025-10-09T11:13:23.569+0000] {processor.py:925} INFO - DAG(s) 'read_dataset_event_from_classic', 'read_dataset_event' retrieved from /home/airflow/.local/lib/python3.12/site-packages/airflow/example_dags/example_inlet_event_extra.py
[2025-10-09T11:13:23.599+0000] {logging_mixin.py:190} INFO - [2025-10-09T11:13:23.599+0000] {dag.py:3239} INFO - Sync 2 DAGs
[2025-10-09T11:13:23.641+0000] {logging_mixin.py:190} INFO - [2025-10-09T11:13:23.640+0000] {dag.py:4180} INFO - Setting next_dagrun for read_dataset_event to 2025-10-08 00:00:00+00:00, run_after=2025-10-09 00:00:00+00:00
[2025-10-09T11:13:23.651+0000] {logging_mixin.py:190} INFO - [2025-10-09T11:13:23.651+0000] {dag.py:4180} INFO - Setting next_dagrun for read_dataset_event_from_classic to 2025-10-08 00:00:00+00:00, run_after=2025-10-09 00:00:00+00:00
[2025-10-09T11:13:23.678+0000] {processor.py:208} INFO - Processing /home/airflow/.local/lib/python3.12/site-packages/airflow/example_dags/example_inlet_event_extra.py took 0.351 seconds
[2025-10-09T11:13:54.148+0000] {processor.py:186} INFO - Started process (PID=1234) to work on /home/airflow/.local/lib/python3.12/site-packages/airflow/example_dags/example_inlet_event_extra.py
[2025-10-09T11:13:54.149+0000] {processor.py:914} INFO - Processing file /home/airflow/.local/lib/python3.12/site-packages/airflow/example_dags/example_inlet_event_extra.py for tasks to queue
[2025-10-09T11:13:54.152+0000] {logging_mixin.py:190} INFO - [2025-10-09T11:13:54.152+0000] {dagbag.py:588} INFO - Filling up the DagBag from /home/airflow/.local/lib/python3.12/site-packages/airflow/example_dags/example_inlet_event_extra.py
[2025-10-09T11:13:54.326+0000] {processor.py:925} INFO - DAG(s) 'read_dataset_event', 'read_dataset_event_from_classic' retrieved from /home/airflow/.local/lib/python3.12/site-packages/airflow/example_dags/example_inlet_event_extra.py
[2025-10-09T11:13:54.354+0000] {logging_mixin.py:190} INFO - [2025-10-09T11:13:54.354+0000] {dag.py:3239} INFO - Sync 2 DAGs
[2025-10-09T11:13:54.386+0000] {logging_mixin.py:190} INFO - [2025-10-09T11:13:54.386+0000] {dag.py:4180} INFO - Setting next_dagrun for read_dataset_event to 2025-10-08 00:00:00+00:00, run_after=2025-10-09 00:00:00+00:00
[2025-10-09T11:13:54.392+0000] {logging_mixin.py:190} INFO - [2025-10-09T11:13:54.392+0000] {dag.py:4180} INFO - Setting next_dagrun for read_dataset_event_from_classic to 2025-10-08 00:00:00+00:00, run_after=2025-10-09 00:00:00+00:00
[2025-10-09T11:13:54.415+0000] {processor.py:208} INFO - Processing /home/airflow/.local/lib/python3.12/site-packages/airflow/example_dags/example_inlet_event_extra.py took 0.273 seconds
[2025-10-09T11:14:24.658+0000] {processor.py:186} INFO - Started process (PID=1297) to work on /home/airflow/.local/lib/python3.12/site-packages/airflow/example_dags/example_inlet_event_extra.py
[2025-10-09T11:14:24.659+0000] {processor.py:914} INFO - Processing file /home/airflow/.local/lib/python3.12/site-packages/airflow/example_dags/example_inlet_event_extra.py for tasks to queue
[2025-10-09T11:14:24.663+0000] {logging_mixin.py:190} INFO - [2025-10-09T11:14:24.662+0000] {dagbag.py:588} INFO - Filling up the DagBag from /home/airflow/.local/lib/python3.12/site-packages/airflow/example_dags/example_inlet_event_extra.py
[2025-10-09T11:14:24.856+0000] {processor.py:925} INFO - DAG(s) 'read_dataset_event', 'read_dataset_event_from_classic' retrieved from /home/airflow/.local/lib/python3.12/site-packages/airflow/example_dags/example_inlet_event_extra.py
[2025-10-09T11:14:24.886+0000] {logging_mixin.py:190} INFO - [2025-10-09T11:14:24.886+0000] {dag.py:3239} INFO - Sync 2 DAGs
[2025-10-09T11:14:24.921+0000] {logging_mixin.py:190} INFO - [2025-10-09T11:14:24.920+0000] {dag.py:4180} INFO - Setting next_dagrun for read_dataset_event to 2025-10-08 00:00:00+00:00, run_after=2025-10-09 00:00:00+00:00
[2025-10-09T11:14:24.928+0000] {logging_mixin.py:190} INFO - [2025-10-09T11:14:24.928+0000] {dag.py:4180} INFO - Setting next_dagrun for read_dataset_event_from_classic to 2025-10-08 00:00:00+00:00, run_after=2025-10-09 00:00:00+00:00
[2025-10-09T11:14:24.951+0000] {processor.py:208} INFO - Processing /home/airflow/.local/lib/python3.12/site-packages/airflow/example_dags/example_inlet_event_extra.py took 0.300 seconds
[2025-10-09T11:14:55.734+0000] {processor.py:186} INFO - Started process (PID=1361) to work on /home/airflow/.local/lib/python3.12/site-packages/airflow/example_dags/example_inlet_event_extra.py
[2025-10-09T11:14:55.736+0000] {processor.py:914} INFO - Processing file /home/airflow/.local/lib/python3.12/site-packages/airflow/example_dags/example_inlet_event_extra.py for tasks to queue
[2025-10-09T11:14:55.741+0000] {logging_mixin.py:190} INFO - [2025-10-09T11:14:55.741+0000] {dagbag.py:588} INFO - Filling up the DagBag from /home/airflow/.local/lib/python3.12/site-packages/airflow/example_dags/example_inlet_event_extra.py
[2025-10-09T11:14:56.334+0000] {processor.py:925} INFO - DAG(s) 'read_dataset_event_from_classic', 'read_dataset_event' retrieved from /home/airflow/.local/lib/python3.12/site-packages/airflow/example_dags/example_inlet_event_extra.py
[2025-10-09T11:14:56.425+0000] {logging_mixin.py:190} INFO - [2025-10-09T11:14:56.424+0000] {dag.py:3239} INFO - Sync 2 DAGs
[2025-10-09T11:14:56.504+0000] {logging_mixin.py:190} INFO - [2025-10-09T11:14:56.504+0000] {dag.py:4180} INFO - Setting next_dagrun for read_dataset_event to 2025-10-08 00:00:00+00:00, run_after=2025-10-09 00:00:00+00:00
[2025-10-09T11:14:56.519+0000] {logging_mixin.py:190} INFO - [2025-10-09T11:14:56.518+0000] {dag.py:4180} INFO - Setting next_dagrun for read_dataset_event_from_classic to 2025-10-08 00:00:00+00:00, run_after=2025-10-09 00:00:00+00:00
[2025-10-09T11:14:56.561+0000] {processor.py:208} INFO - Processing /home/airflow/.local/lib/python3.12/site-packages/airflow/example_dags/example_inlet_event_extra.py took 0.839 seconds
[2025-10-09T11:15:27.244+0000] {processor.py:186} INFO - Started process (PID=1426) to work on /home/airflow/.local/lib/python3.12/site-packages/airflow/example_dags/example_inlet_event_extra.py
[2025-10-09T11:15:27.245+0000] {processor.py:914} INFO - Processing file /home/airflow/.local/lib/python3.12/site-packages/airflow/example_dags/example_inlet_event_extra.py for tasks to queue
[2025-10-09T11:15:27.248+0000] {logging_mixin.py:190} INFO - [2025-10-09T11:15:27.248+0000] {dagbag.py:588} INFO - Filling up the DagBag from /home/airflow/.local/lib/python3.12/site-packages/airflow/example_dags/example_inlet_event_extra.py
[2025-10-09T11:15:27.397+0000] {processor.py:925} INFO - DAG(s) 'read_dataset_event_from_classic', 'read_dataset_event' retrieved from /home/airflow/.local/lib/python3.12/site-packages/airflow/example_dags/example_inlet_event_extra.py
[2025-10-09T11:15:27.420+0000] {logging_mixin.py:190} INFO - [2025-10-09T11:15:27.420+0000] {dag.py:3239} INFO - Sync 2 DAGs
[2025-10-09T11:15:27.446+0000] {logging_mixin.py:190} INFO - [2025-10-09T11:15:27.446+0000] {dag.py:4180} INFO - Setting next_dagrun for read_dataset_event to 2025-10-08 00:00:00+00:00, run_after=2025-10-09 00:00:00+00:00
[2025-10-09T11:15:27.451+0000] {logging_mixin.py:190} INFO - [2025-10-09T11:15:27.451+0000] {dag.py:4180} INFO - Setting next_dagrun for read_dataset_event_from_classic to 2025-10-08 00:00:00+00:00, run_after=2025-10-09 00:00:00+00:00
[2025-10-09T11:15:27.477+0000] {processor.py:208} INFO - Processing /home/airflow/.local/lib/python3.12/site-packages/airflow/example_dags/example_inlet_event_extra.py took 0.239 seconds
[2025-10-09T11:15:57.613+0000] {processor.py:186} INFO - Started process (PID=1490) to work on /home/airflow/.local/lib/python3.12/site-packages/airflow/example_dags/example_inlet_event_extra.py
[2025-10-09T11:15:57.615+0000] {processor.py:914} INFO - Processing file /home/airflow/.local/lib/python3.12/site-packages/airflow/example_dags/example_inlet_event_extra.py for tasks to queue
[2025-10-09T11:15:57.619+0000] {logging_mixin.py:190} INFO - [2025-10-09T11:15:57.618+0000] {dagbag.py:588} INFO - Filling up the DagBag from /home/airflow/.local/lib/python3.12/site-packages/airflow/example_dags/example_inlet_event_extra.py
[2025-10-09T11:15:58.043+0000] {processor.py:925} INFO - DAG(s) 'read_dataset_event', 'read_dataset_event_from_classic' retrieved from /home/airflow/.local/lib/python3.12/site-packages/airflow/example_dags/example_inlet_event_extra.py
[2025-10-09T11:15:58.103+0000] {logging_mixin.py:190} INFO - [2025-10-09T11:15:58.102+0000] {dag.py:3239} INFO - Sync 2 DAGs
[2025-10-09T11:15:58.151+0000] {logging_mixin.py:190} INFO - [2025-10-09T11:15:58.151+0000] {dag.py:4180} INFO - Setting next_dagrun for read_dataset_event to 2025-10-08 00:00:00+00:00, run_after=2025-10-09 00:00:00+00:00
[2025-10-09T11:15:58.161+0000] {logging_mixin.py:190} INFO - [2025-10-09T11:15:58.161+0000] {dag.py:4180} INFO - Setting next_dagrun for read_dataset_event_from_classic to 2025-10-08 00:00:00+00:00, run_after=2025-10-09 00:00:00+00:00
[2025-10-09T11:15:58.194+0000] {processor.py:208} INFO - Processing /home/airflow/.local/lib/python3.12/site-packages/airflow/example_dags/example_inlet_event_extra.py took 0.590 seconds
[2025-10-09T11:16:28.572+0000] {processor.py:186} INFO - Started process (PID=1554) to work on /home/airflow/.local/lib/python3.12/site-packages/airflow/example_dags/example_inlet_event_extra.py
[2025-10-09T11:16:28.577+0000] {processor.py:914} INFO - Processing file /home/airflow/.local/lib/python3.12/site-packages/airflow/example_dags/example_inlet_event_extra.py for tasks to queue
[2025-10-09T11:16:28.592+0000] {logging_mixin.py:190} INFO - [2025-10-09T11:16:28.591+0000] {dagbag.py:588} INFO - Filling up the DagBag from /home/airflow/.local/lib/python3.12/site-packages/airflow/example_dags/example_inlet_event_extra.py
[2025-10-09T11:16:29.343+0000] {processor.py:925} INFO - DAG(s) 'read_dataset_event', 'read_dataset_event_from_classic' retrieved from /home/airflow/.local/lib/python3.12/site-packages/airflow/example_dags/example_inlet_event_extra.py
[2025-10-09T11:16:29.402+0000] {logging_mixin.py:190} INFO - [2025-10-09T11:16:29.401+0000] {dag.py:3239} INFO - Sync 2 DAGs
[2025-10-09T11:16:29.473+0000] {logging_mixin.py:190} INFO - [2025-10-09T11:16:29.472+0000] {dag.py:4180} INFO - Setting next_dagrun for read_dataset_event to 2025-10-08 00:00:00+00:00, run_after=2025-10-09 00:00:00+00:00
[2025-10-09T11:16:29.482+0000] {logging_mixin.py:190} INFO - [2025-10-09T11:16:29.481+0000] {dag.py:4180} INFO - Setting next_dagrun for read_dataset_event_from_classic to 2025-10-08 00:00:00+00:00, run_after=2025-10-09 00:00:00+00:00
[2025-10-09T11:16:29.582+0000] {processor.py:208} INFO - Processing /home/airflow/.local/lib/python3.12/site-packages/airflow/example_dags/example_inlet_event_extra.py took 1.029 seconds
[2025-10-09T11:16:59.765+0000] {processor.py:186} INFO - Started process (PID=1617) to work on /home/airflow/.local/lib/python3.12/site-packages/airflow/example_dags/example_inlet_event_extra.py
[2025-10-09T11:16:59.767+0000] {processor.py:914} INFO - Processing file /home/airflow/.local/lib/python3.12/site-packages/airflow/example_dags/example_inlet_event_extra.py for tasks to queue
[2025-10-09T11:16:59.771+0000] {logging_mixin.py:190} INFO - [2025-10-09T11:16:59.771+0000] {dagbag.py:588} INFO - Filling up the DagBag from /home/airflow/.local/lib/python3.12/site-packages/airflow/example_dags/example_inlet_event_extra.py
[2025-10-09T11:17:00.009+0000] {processor.py:925} INFO - DAG(s) 'read_dataset_event', 'read_dataset_event_from_classic' retrieved from /home/airflow/.local/lib/python3.12/site-packages/airflow/example_dags/example_inlet_event_extra.py
[2025-10-09T11:17:00.063+0000] {logging_mixin.py:190} INFO - [2025-10-09T11:17:00.062+0000] {dag.py:3239} INFO - Sync 2 DAGs
[2025-10-09T11:17:00.107+0000] {logging_mixin.py:190} INFO - [2025-10-09T11:17:00.107+0000] {dag.py:4180} INFO - Setting next_dagrun for read_dataset_event to 2025-10-08 00:00:00+00:00, run_after=2025-10-09 00:00:00+00:00
[2025-10-09T11:17:00.120+0000] {logging_mixin.py:190} INFO - [2025-10-09T11:17:00.120+0000] {dag.py:4180} INFO - Setting next_dagrun for read_dataset_event_from_classic to 2025-10-08 00:00:00+00:00, run_after=2025-10-09 00:00:00+00:00
[2025-10-09T11:17:00.467+0000] {processor.py:208} INFO - Processing /home/airflow/.local/lib/python3.12/site-packages/airflow/example_dags/example_inlet_event_extra.py took 0.716 seconds
[2025-10-09T11:17:30.873+0000] {processor.py:186} INFO - Started process (PID=1679) to work on /home/airflow/.local/lib/python3.12/site-packages/airflow/example_dags/example_inlet_event_extra.py
[2025-10-09T11:17:30.875+0000] {processor.py:914} INFO - Processing file /home/airflow/.local/lib/python3.12/site-packages/airflow/example_dags/example_inlet_event_extra.py for tasks to queue
[2025-10-09T11:17:30.880+0000] {logging_mixin.py:190} INFO - [2025-10-09T11:17:30.880+0000] {dagbag.py:588} INFO - Filling up the DagBag from /home/airflow/.local/lib/python3.12/site-packages/airflow/example_dags/example_inlet_event_extra.py
[2025-10-09T11:17:31.291+0000] {processor.py:925} INFO - DAG(s) 'read_dataset_event_from_classic', 'read_dataset_event' retrieved from /home/airflow/.local/lib/python3.12/site-packages/airflow/example_dags/example_inlet_event_extra.py
[2025-10-09T11:17:31.336+0000] {logging_mixin.py:190} INFO - [2025-10-09T11:17:31.335+0000] {dag.py:3239} INFO - Sync 2 DAGs
[2025-10-09T11:17:31.374+0000] {logging_mixin.py:190} INFO - [2025-10-09T11:17:31.374+0000] {dag.py:4180} INFO - Setting next_dagrun for read_dataset_event to 2025-10-08 00:00:00+00:00, run_after=2025-10-09 00:00:00+00:00
[2025-10-09T11:17:31.382+0000] {logging_mixin.py:190} INFO - [2025-10-09T11:17:31.382+0000] {dag.py:4180} INFO - Setting next_dagrun for read_dataset_event_from_classic to 2025-10-08 00:00:00+00:00, run_after=2025-10-09 00:00:00+00:00
[2025-10-09T11:17:31.443+0000] {processor.py:208} INFO - Processing /home/airflow/.local/lib/python3.12/site-packages/airflow/example_dags/example_inlet_event_extra.py took 0.582 seconds
[2025-10-09T11:18:07.939+0000] {processor.py:186} INFO - Started process (PID=1741) to work on /home/airflow/.local/lib/python3.12/site-packages/airflow/example_dags/example_inlet_event_extra.py
[2025-10-09T11:18:07.940+0000] {processor.py:914} INFO - Processing file /home/airflow/.local/lib/python3.12/site-packages/airflow/example_dags/example_inlet_event_extra.py for tasks to queue
[2025-10-09T11:18:07.943+0000] {logging_mixin.py:190} INFO - [2025-10-09T11:18:07.943+0000] {dagbag.py:588} INFO - Filling up the DagBag from /home/airflow/.local/lib/python3.12/site-packages/airflow/example_dags/example_inlet_event_extra.py
[2025-10-09T11:18:08.206+0000] {processor.py:925} INFO - DAG(s) 'read_dataset_event_from_classic', 'read_dataset_event' retrieved from /home/airflow/.local/lib/python3.12/site-packages/airflow/example_dags/example_inlet_event_extra.py
[2025-10-09T11:18:08.239+0000] {logging_mixin.py:190} INFO - [2025-10-09T11:18:08.239+0000] {dag.py:3239} INFO - Sync 2 DAGs
[2025-10-09T11:18:08.271+0000] {logging_mixin.py:190} INFO - [2025-10-09T11:18:08.271+0000] {dag.py:4180} INFO - Setting next_dagrun for read_dataset_event to 2025-10-08 00:00:00+00:00, run_after=2025-10-09 00:00:00+00:00
[2025-10-09T11:18:08.278+0000] {logging_mixin.py:190} INFO - [2025-10-09T11:18:08.277+0000] {dag.py:4180} INFO - Setting next_dagrun for read_dataset_event_from_classic to 2025-10-08 00:00:00+00:00, run_after=2025-10-09 00:00:00+00:00
[2025-10-09T11:18:08.304+0000] {processor.py:208} INFO - Processing /home/airflow/.local/lib/python3.12/site-packages/airflow/example_dags/example_inlet_event_extra.py took 0.374 seconds
[2025-10-09T11:18:40.559+0000] {processor.py:186} INFO - Started process (PID=1805) to work on /home/airflow/.local/lib/python3.12/site-packages/airflow/example_dags/example_inlet_event_extra.py
[2025-10-09T11:18:40.561+0000] {processor.py:914} INFO - Processing file /home/airflow/.local/lib/python3.12/site-packages/airflow/example_dags/example_inlet_event_extra.py for tasks to queue
[2025-10-09T11:18:40.564+0000] {logging_mixin.py:190} INFO - [2025-10-09T11:18:40.563+0000] {dagbag.py:588} INFO - Filling up the DagBag from /home/airflow/.local/lib/python3.12/site-packages/airflow/example_dags/example_inlet_event_extra.py
[2025-10-09T11:18:40.745+0000] {processor.py:925} INFO - DAG(s) 'read_dataset_event_from_classic', 'read_dataset_event' retrieved from /home/airflow/.local/lib/python3.12/site-packages/airflow/example_dags/example_inlet_event_extra.py
[2025-10-09T11:18:40.772+0000] {logging_mixin.py:190} INFO - [2025-10-09T11:18:40.771+0000] {dag.py:3239} INFO - Sync 2 DAGs
[2025-10-09T11:18:40.799+0000] {logging_mixin.py:190} INFO - [2025-10-09T11:18:40.799+0000] {dag.py:4180} INFO - Setting next_dagrun for read_dataset_event to 2025-10-08 00:00:00+00:00, run_after=2025-10-09 00:00:00+00:00
[2025-10-09T11:18:40.806+0000] {logging_mixin.py:190} INFO - [2025-10-09T11:18:40.805+0000] {dag.py:4180} INFO - Setting next_dagrun for read_dataset_event_from_classic to 2025-10-08 00:00:00+00:00, run_after=2025-10-09 00:00:00+00:00
[2025-10-09T11:18:40.838+0000] {processor.py:208} INFO - Processing /home/airflow/.local/lib/python3.12/site-packages/airflow/example_dags/example_inlet_event_extra.py took 0.286 seconds
[2025-10-09T11:19:12.295+0000] {processor.py:186} INFO - Started process (PID=1868) to work on /home/airflow/.local/lib/python3.12/site-packages/airflow/example_dags/example_inlet_event_extra.py
[2025-10-09T11:19:12.297+0000] {processor.py:914} INFO - Processing file /home/airflow/.local/lib/python3.12/site-packages/airflow/example_dags/example_inlet_event_extra.py for tasks to queue
[2025-10-09T11:19:12.301+0000] {logging_mixin.py:190} INFO - [2025-10-09T11:19:12.300+0000] {dagbag.py:588} INFO - Filling up the DagBag from /home/airflow/.local/lib/python3.12/site-packages/airflow/example_dags/example_inlet_event_extra.py
[2025-10-09T11:19:12.531+0000] {processor.py:925} INFO - DAG(s) 'read_dataset_event', 'read_dataset_event_from_classic' retrieved from /home/airflow/.local/lib/python3.12/site-packages/airflow/example_dags/example_inlet_event_extra.py
[2025-10-09T11:19:12.577+0000] {logging_mixin.py:190} INFO - [2025-10-09T11:19:12.576+0000] {dag.py:3239} INFO - Sync 2 DAGs
[2025-10-09T11:19:12.624+0000] {logging_mixin.py:190} INFO - [2025-10-09T11:19:12.623+0000] {dag.py:4180} INFO - Setting next_dagrun for read_dataset_event to 2025-10-08 00:00:00+00:00, run_after=2025-10-09 00:00:00+00:00
[2025-10-09T11:19:12.633+0000] {logging_mixin.py:190} INFO - [2025-10-09T11:19:12.633+0000] {dag.py:4180} INFO - Setting next_dagrun for read_dataset_event_from_classic to 2025-10-08 00:00:00+00:00, run_after=2025-10-09 00:00:00+00:00
[2025-10-09T11:19:12.659+0000] {processor.py:208} INFO - Processing /home/airflow/.local/lib/python3.12/site-packages/airflow/example_dags/example_inlet_event_extra.py took 0.372 seconds
[2025-10-09T11:19:45.277+0000] {processor.py:186} INFO - Started process (PID=1935) to work on /home/airflow/.local/lib/python3.12/site-packages/airflow/example_dags/example_inlet_event_extra.py
[2025-10-09T11:19:45.278+0000] {processor.py:914} INFO - Processing file /home/airflow/.local/lib/python3.12/site-packages/airflow/example_dags/example_inlet_event_extra.py for tasks to queue
[2025-10-09T11:19:45.281+0000] {logging_mixin.py:190} INFO - [2025-10-09T11:19:45.280+0000] {dagbag.py:588} INFO - Filling up the DagBag from /home/airflow/.local/lib/python3.12/site-packages/airflow/example_dags/example_inlet_event_extra.py
[2025-10-09T11:19:45.477+0000] {processor.py:925} INFO - DAG(s) 'read_dataset_event', 'read_dataset_event_from_classic' retrieved from /home/airflow/.local/lib/python3.12/site-packages/airflow/example_dags/example_inlet_event_extra.py
[2025-10-09T11:19:45.501+0000] {logging_mixin.py:190} INFO - [2025-10-09T11:19:45.501+0000] {dag.py:3239} INFO - Sync 2 DAGs
[2025-10-09T11:19:45.809+0000] {logging_mixin.py:190} INFO - [2025-10-09T11:19:45.808+0000] {dag.py:4180} INFO - Setting next_dagrun for read_dataset_event to 2025-10-08 00:00:00+00:00, run_after=2025-10-09 00:00:00+00:00
[2025-10-09T11:19:45.815+0000] {logging_mixin.py:190} INFO - [2025-10-09T11:19:45.815+0000] {dag.py:4180} INFO - Setting next_dagrun for read_dataset_event_from_classic to 2025-10-08 00:00:00+00:00, run_after=2025-10-09 00:00:00+00:00
[2025-10-09T11:19:45.837+0000] {processor.py:208} INFO - Processing /home/airflow/.local/lib/python3.12/site-packages/airflow/example_dags/example_inlet_event_extra.py took 0.570 seconds
[2025-10-09T11:20:16.434+0000] {processor.py:186} INFO - Started process (PID=1998) to work on /home/airflow/.local/lib/python3.12/site-packages/airflow/example_dags/example_inlet_event_extra.py
[2025-10-09T11:20:16.436+0000] {processor.py:914} INFO - Processing file /home/airflow/.local/lib/python3.12/site-packages/airflow/example_dags/example_inlet_event_extra.py for tasks to queue
[2025-10-09T11:20:16.439+0000] {logging_mixin.py:190} INFO - [2025-10-09T11:20:16.438+0000] {dagbag.py:588} INFO - Filling up the DagBag from /home/airflow/.local/lib/python3.12/site-packages/airflow/example_dags/example_inlet_event_extra.py
[2025-10-09T11:20:16.757+0000] {processor.py:925} INFO - DAG(s) 'read_dataset_event', 'read_dataset_event_from_classic' retrieved from /home/airflow/.local/lib/python3.12/site-packages/airflow/example_dags/example_inlet_event_extra.py
[2025-10-09T11:20:16.781+0000] {logging_mixin.py:190} INFO - [2025-10-09T11:20:16.781+0000] {dag.py:3239} INFO - Sync 2 DAGs
[2025-10-09T11:20:17.077+0000] {logging_mixin.py:190} INFO - [2025-10-09T11:20:17.076+0000] {dag.py:4180} INFO - Setting next_dagrun for read_dataset_event to 2025-10-08 00:00:00+00:00, run_after=2025-10-09 00:00:00+00:00
[2025-10-09T11:20:17.084+0000] {logging_mixin.py:190} INFO - [2025-10-09T11:20:17.084+0000] {dag.py:4180} INFO - Setting next_dagrun for read_dataset_event_from_classic to 2025-10-08 00:00:00+00:00, run_after=2025-10-09 00:00:00+00:00
[2025-10-09T11:20:17.115+0000] {processor.py:208} INFO - Processing /home/airflow/.local/lib/python3.12/site-packages/airflow/example_dags/example_inlet_event_extra.py took 0.686 seconds
[2025-10-09T11:20:48.386+0000] {processor.py:186} INFO - Started process (PID=2063) to work on /home/airflow/.local/lib/python3.12/site-packages/airflow/example_dags/example_inlet_event_extra.py
[2025-10-09T11:20:48.388+0000] {processor.py:914} INFO - Processing file /home/airflow/.local/lib/python3.12/site-packages/airflow/example_dags/example_inlet_event_extra.py for tasks to queue
[2025-10-09T11:20:48.394+0000] {logging_mixin.py:190} INFO - [2025-10-09T11:20:48.393+0000] {dagbag.py:588} INFO - Filling up the DagBag from /home/airflow/.local/lib/python3.12/site-packages/airflow/example_dags/example_inlet_event_extra.py
[2025-10-09T11:20:48.718+0000] {processor.py:925} INFO - DAG(s) 'read_dataset_event', 'read_dataset_event_from_classic' retrieved from /home/airflow/.local/lib/python3.12/site-packages/airflow/example_dags/example_inlet_event_extra.py
[2025-10-09T11:20:48.752+0000] {logging_mixin.py:190} INFO - [2025-10-09T11:20:48.752+0000] {dag.py:3239} INFO - Sync 2 DAGs
[2025-10-09T11:20:48.786+0000] {logging_mixin.py:190} INFO - [2025-10-09T11:20:48.786+0000] {dag.py:4180} INFO - Setting next_dagrun for read_dataset_event to 2025-10-08 00:00:00+00:00, run_after=2025-10-09 00:00:00+00:00
[2025-10-09T11:20:49.079+0000] {logging_mixin.py:190} INFO - [2025-10-09T11:20:49.071+0000] {dag.py:4180} INFO - Setting next_dagrun for read_dataset_event_from_classic to 2025-10-08 00:00:00+00:00, run_after=2025-10-09 00:00:00+00:00
[2025-10-09T11:20:49.119+0000] {processor.py:208} INFO - Processing /home/airflow/.local/lib/python3.12/site-packages/airflow/example_dags/example_inlet_event_extra.py took 0.742 seconds
[2025-10-09T11:21:19.910+0000] {processor.py:186} INFO - Started process (PID=2126) to work on /home/airflow/.local/lib/python3.12/site-packages/airflow/example_dags/example_inlet_event_extra.py
[2025-10-09T11:21:19.912+0000] {processor.py:914} INFO - Processing file /home/airflow/.local/lib/python3.12/site-packages/airflow/example_dags/example_inlet_event_extra.py for tasks to queue
[2025-10-09T11:21:19.922+0000] {logging_mixin.py:190} INFO - [2025-10-09T11:21:19.920+0000] {dagbag.py:588} INFO - Filling up the DagBag from /home/airflow/.local/lib/python3.12/site-packages/airflow/example_dags/example_inlet_event_extra.py
[2025-10-09T11:21:20.490+0000] {processor.py:925} INFO - DAG(s) 'read_dataset_event', 'read_dataset_event_from_classic' retrieved from /home/airflow/.local/lib/python3.12/site-packages/airflow/example_dags/example_inlet_event_extra.py
[2025-10-09T11:21:20.518+0000] {logging_mixin.py:190} INFO - [2025-10-09T11:21:20.518+0000] {dag.py:3239} INFO - Sync 2 DAGs
[2025-10-09T11:21:20.560+0000] {logging_mixin.py:190} INFO - [2025-10-09T11:21:20.560+0000] {dag.py:4180} INFO - Setting next_dagrun for read_dataset_event to 2025-10-08 00:00:00+00:00, run_after=2025-10-09 00:00:00+00:00
[2025-10-09T11:21:20.567+0000] {logging_mixin.py:190} INFO - [2025-10-09T11:21:20.567+0000] {dag.py:4180} INFO - Setting next_dagrun for read_dataset_event_from_classic to 2025-10-08 00:00:00+00:00, run_after=2025-10-09 00:00:00+00:00
[2025-10-09T11:21:20.589+0000] {processor.py:208} INFO - Processing /home/airflow/.local/lib/python3.12/site-packages/airflow/example_dags/example_inlet_event_extra.py took 0.690 seconds
[2025-10-09T11:21:50.843+0000] {processor.py:186} INFO - Started process (PID=2188) to work on /home/airflow/.local/lib/python3.12/site-packages/airflow/example_dags/example_inlet_event_extra.py
[2025-10-09T11:21:50.844+0000] {processor.py:914} INFO - Processing file /home/airflow/.local/lib/python3.12/site-packages/airflow/example_dags/example_inlet_event_extra.py for tasks to queue
[2025-10-09T11:21:50.848+0000] {logging_mixin.py:190} INFO - [2025-10-09T11:21:50.847+0000] {dagbag.py:588} INFO - Filling up the DagBag from /home/airflow/.local/lib/python3.12/site-packages/airflow/example_dags/example_inlet_event_extra.py
[2025-10-09T11:21:51.538+0000] {processor.py:925} INFO - DAG(s) 'read_dataset_event_from_classic', 'read_dataset_event' retrieved from /home/airflow/.local/lib/python3.12/site-packages/airflow/example_dags/example_inlet_event_extra.py
[2025-10-09T11:21:51.558+0000] {logging_mixin.py:190} INFO - [2025-10-09T11:21:51.558+0000] {dag.py:3239} INFO - Sync 2 DAGs
[2025-10-09T11:21:51.595+0000] {logging_mixin.py:190} INFO - [2025-10-09T11:21:51.594+0000] {dag.py:4180} INFO - Setting next_dagrun for read_dataset_event to 2025-10-08 00:00:00+00:00, run_after=2025-10-09 00:00:00+00:00
[2025-10-09T11:21:51.601+0000] {logging_mixin.py:190} INFO - [2025-10-09T11:21:51.601+0000] {dag.py:4180} INFO - Setting next_dagrun for read_dataset_event_from_classic to 2025-10-08 00:00:00+00:00, run_after=2025-10-09 00:00:00+00:00
[2025-10-09T11:21:51.626+0000] {processor.py:208} INFO - Processing /home/airflow/.local/lib/python3.12/site-packages/airflow/example_dags/example_inlet_event_extra.py took 0.792 seconds
[2025-10-09T11:22:22.224+0000] {processor.py:186} INFO - Started process (PID=2254) to work on /home/airflow/.local/lib/python3.12/site-packages/airflow/example_dags/example_inlet_event_extra.py
[2025-10-09T11:22:22.227+0000] {processor.py:914} INFO - Processing file /home/airflow/.local/lib/python3.12/site-packages/airflow/example_dags/example_inlet_event_extra.py for tasks to queue
[2025-10-09T11:22:22.237+0000] {logging_mixin.py:190} INFO - [2025-10-09T11:22:22.234+0000] {dagbag.py:588} INFO - Filling up the DagBag from /home/airflow/.local/lib/python3.12/site-packages/airflow/example_dags/example_inlet_event_extra.py
[2025-10-09T11:22:28.708+0000] {processor.py:925} INFO - DAG(s) 'read_dataset_event_from_classic', 'read_dataset_event' retrieved from /home/airflow/.local/lib/python3.12/site-packages/airflow/example_dags/example_inlet_event_extra.py
[2025-10-09T11:22:28.796+0000] {logging_mixin.py:190} INFO - [2025-10-09T11:22:28.794+0000] {dag.py:3239} INFO - Sync 2 DAGs
[2025-10-09T11:22:28.880+0000] {logging_mixin.py:190} INFO - [2025-10-09T11:22:28.879+0000] {dag.py:4180} INFO - Setting next_dagrun for read_dataset_event to 2025-10-08 00:00:00+00:00, run_after=2025-10-09 00:00:00+00:00
[2025-10-09T11:22:28.901+0000] {logging_mixin.py:190} INFO - [2025-10-09T11:22:28.900+0000] {dag.py:4180} INFO - Setting next_dagrun for read_dataset_event_from_classic to 2025-10-08 00:00:00+00:00, run_after=2025-10-09 00:00:00+00:00
[2025-10-09T11:22:28.973+0000] {processor.py:208} INFO - Processing /home/airflow/.local/lib/python3.12/site-packages/airflow/example_dags/example_inlet_event_extra.py took 6.766 seconds
[2025-10-09T11:22:59.880+0000] {processor.py:186} INFO - Started process (PID=2317) to work on /home/airflow/.local/lib/python3.12/site-packages/airflow/example_dags/example_inlet_event_extra.py
[2025-10-09T11:22:59.882+0000] {processor.py:914} INFO - Processing file /home/airflow/.local/lib/python3.12/site-packages/airflow/example_dags/example_inlet_event_extra.py for tasks to queue
[2025-10-09T11:22:59.885+0000] {logging_mixin.py:190} INFO - [2025-10-09T11:22:59.885+0000] {dagbag.py:588} INFO - Filling up the DagBag from /home/airflow/.local/lib/python3.12/site-packages/airflow/example_dags/example_inlet_event_extra.py
[2025-10-09T11:22:59.792+0000] {processor.py:925} INFO - DAG(s) 'read_dataset_event', 'read_dataset_event_from_classic' retrieved from /home/airflow/.local/lib/python3.12/site-packages/airflow/example_dags/example_inlet_event_extra.py
[2025-10-09T11:22:59.823+0000] {logging_mixin.py:190} INFO - [2025-10-09T11:22:59.823+0000] {dag.py:3239} INFO - Sync 2 DAGs
[2025-10-09T11:22:59.854+0000] {logging_mixin.py:190} INFO - [2025-10-09T11:22:59.854+0000] {dag.py:4180} INFO - Setting next_dagrun for read_dataset_event to 2025-10-08 00:00:00+00:00, run_after=2025-10-09 00:00:00+00:00
[2025-10-09T11:22:59.861+0000] {logging_mixin.py:190} INFO - [2025-10-09T11:22:59.861+0000] {dag.py:4180} INFO - Setting next_dagrun for read_dataset_event_from_classic to 2025-10-08 00:00:00+00:00, run_after=2025-10-09 00:00:00+00:00
[2025-10-09T11:22:59.882+0000] {processor.py:208} INFO - Processing /home/airflow/.local/lib/python3.12/site-packages/airflow/example_dags/example_inlet_event_extra.py took 0.701 seconds
[2025-10-09T11:23:30.762+0000] {processor.py:186} INFO - Started process (PID=2386) to work on /home/airflow/.local/lib/python3.12/site-packages/airflow/example_dags/example_inlet_event_extra.py
[2025-10-09T11:23:30.764+0000] {processor.py:914} INFO - Processing file /home/airflow/.local/lib/python3.12/site-packages/airflow/example_dags/example_inlet_event_extra.py for tasks to queue
[2025-10-09T11:23:30.768+0000] {logging_mixin.py:190} INFO - [2025-10-09T11:23:30.767+0000] {dagbag.py:588} INFO - Filling up the DagBag from /home/airflow/.local/lib/python3.12/site-packages/airflow/example_dags/example_inlet_event_extra.py
[2025-10-09T11:23:31.375+0000] {processor.py:925} INFO - DAG(s) 'read_dataset_event_from_classic', 'read_dataset_event' retrieved from /home/airflow/.local/lib/python3.12/site-packages/airflow/example_dags/example_inlet_event_extra.py
[2025-10-09T11:23:31.552+0000] {logging_mixin.py:190} INFO - [2025-10-09T11:23:31.552+0000] {dag.py:3239} INFO - Sync 2 DAGs
[2025-10-09T11:23:31.674+0000] {logging_mixin.py:190} INFO - [2025-10-09T11:23:31.673+0000] {dag.py:4180} INFO - Setting next_dagrun for read_dataset_event to 2025-10-08 00:00:00+00:00, run_after=2025-10-09 00:00:00+00:00
[2025-10-09T11:23:31.682+0000] {logging_mixin.py:190} INFO - [2025-10-09T11:23:31.682+0000] {dag.py:4180} INFO - Setting next_dagrun for read_dataset_event_from_classic to 2025-10-08 00:00:00+00:00, run_after=2025-10-09 00:00:00+00:00
[2025-10-09T11:23:31.909+0000] {processor.py:208} INFO - Processing /home/airflow/.local/lib/python3.12/site-packages/airflow/example_dags/example_inlet_event_extra.py took 1.155 seconds
[2025-10-09T11:24:02.616+0000] {processor.py:186} INFO - Started process (PID=2449) to work on /home/airflow/.local/lib/python3.12/site-packages/airflow/example_dags/example_inlet_event_extra.py
[2025-10-09T11:24:02.617+0000] {processor.py:914} INFO - Processing file /home/airflow/.local/lib/python3.12/site-packages/airflow/example_dags/example_inlet_event_extra.py for tasks to queue
[2025-10-09T11:24:02.620+0000] {logging_mixin.py:190} INFO - [2025-10-09T11:24:02.619+0000] {dagbag.py:588} INFO - Filling up the DagBag from /home/airflow/.local/lib/python3.12/site-packages/airflow/example_dags/example_inlet_event_extra.py
[2025-10-09T11:24:03.175+0000] {processor.py:925} INFO - DAG(s) 'read_dataset_event_from_classic', 'read_dataset_event' retrieved from /home/airflow/.local/lib/python3.12/site-packages/airflow/example_dags/example_inlet_event_extra.py
[2025-10-09T11:24:03.194+0000] {logging_mixin.py:190} INFO - [2025-10-09T11:24:03.194+0000] {dag.py:3239} INFO - Sync 2 DAGs
[2025-10-09T11:24:03.219+0000] {logging_mixin.py:190} INFO - [2025-10-09T11:24:03.219+0000] {dag.py:4180} INFO - Setting next_dagrun for read_dataset_event to 2025-10-08 00:00:00+00:00, run_after=2025-10-09 00:00:00+00:00
[2025-10-09T11:24:03.225+0000] {logging_mixin.py:190} INFO - [2025-10-09T11:24:03.225+0000] {dag.py:4180} INFO - Setting next_dagrun for read_dataset_event_from_classic to 2025-10-08 00:00:00+00:00, run_after=2025-10-09 00:00:00+00:00
[2025-10-09T11:24:03.244+0000] {processor.py:208} INFO - Processing /home/airflow/.local/lib/python3.12/site-packages/airflow/example_dags/example_inlet_event_extra.py took 0.635 seconds
[2025-10-09T11:24:34.366+0000] {processor.py:186} INFO - Started process (PID=2516) to work on /home/airflow/.local/lib/python3.12/site-packages/airflow/example_dags/example_inlet_event_extra.py
[2025-10-09T11:24:34.367+0000] {processor.py:914} INFO - Processing file /home/airflow/.local/lib/python3.12/site-packages/airflow/example_dags/example_inlet_event_extra.py for tasks to queue
[2025-10-09T11:24:34.371+0000] {logging_mixin.py:190} INFO - [2025-10-09T11:24:34.370+0000] {dagbag.py:588} INFO - Filling up the DagBag from /home/airflow/.local/lib/python3.12/site-packages/airflow/example_dags/example_inlet_event_extra.py
[2025-10-09T11:24:34.800+0000] {processor.py:925} INFO - DAG(s) 'read_dataset_event_from_classic', 'read_dataset_event' retrieved from /home/airflow/.local/lib/python3.12/site-packages/airflow/example_dags/example_inlet_event_extra.py
[2025-10-09T11:24:34.830+0000] {logging_mixin.py:190} INFO - [2025-10-09T11:24:34.830+0000] {dag.py:3239} INFO - Sync 2 DAGs
[2025-10-09T11:24:34.861+0000] {logging_mixin.py:190} INFO - [2025-10-09T11:24:34.861+0000] {dag.py:4180} INFO - Setting next_dagrun for read_dataset_event to 2025-10-08 00:00:00+00:00, run_after=2025-10-09 00:00:00+00:00
[2025-10-09T11:24:34.867+0000] {logging_mixin.py:190} INFO - [2025-10-09T11:24:34.867+0000] {dag.py:4180} INFO - Setting next_dagrun for read_dataset_event_from_classic to 2025-10-08 00:00:00+00:00, run_after=2025-10-09 00:00:00+00:00
[2025-10-09T11:24:34.903+0000] {processor.py:208} INFO - Processing /home/airflow/.local/lib/python3.12/site-packages/airflow/example_dags/example_inlet_event_extra.py took 0.545 seconds
[2025-10-09T11:25:05.597+0000] {processor.py:186} INFO - Started process (PID=2579) to work on /home/airflow/.local/lib/python3.12/site-packages/airflow/example_dags/example_inlet_event_extra.py
[2025-10-09T11:25:05.599+0000] {processor.py:914} INFO - Processing file /home/airflow/.local/lib/python3.12/site-packages/airflow/example_dags/example_inlet_event_extra.py for tasks to queue
[2025-10-09T11:25:05.602+0000] {logging_mixin.py:190} INFO - [2025-10-09T11:25:05.601+0000] {dagbag.py:588} INFO - Filling up the DagBag from /home/airflow/.local/lib/python3.12/site-packages/airflow/example_dags/example_inlet_event_extra.py
[2025-10-09T11:25:06.202+0000] {processor.py:925} INFO - DAG(s) 'read_dataset_event_from_classic', 'read_dataset_event' retrieved from /home/airflow/.local/lib/python3.12/site-packages/airflow/example_dags/example_inlet_event_extra.py
[2025-10-09T11:25:06.224+0000] {logging_mixin.py:190} INFO - [2025-10-09T11:25:06.224+0000] {dag.py:3239} INFO - Sync 2 DAGs
[2025-10-09T11:25:06.250+0000] {logging_mixin.py:190} INFO - [2025-10-09T11:25:06.250+0000] {dag.py:4180} INFO - Setting next_dagrun for read_dataset_event to 2025-10-08 00:00:00+00:00, run_after=2025-10-09 00:00:00+00:00
[2025-10-09T11:25:06.256+0000] {logging_mixin.py:190} INFO - [2025-10-09T11:25:06.256+0000] {dag.py:4180} INFO - Setting next_dagrun for read_dataset_event_from_classic to 2025-10-08 00:00:00+00:00, run_after=2025-10-09 00:00:00+00:00
[2025-10-09T11:25:06.276+0000] {processor.py:208} INFO - Processing /home/airflow/.local/lib/python3.12/site-packages/airflow/example_dags/example_inlet_event_extra.py took 0.686 seconds
[2025-10-09T11:25:37.071+0000] {processor.py:186} INFO - Started process (PID=2642) to work on /home/airflow/.local/lib/python3.12/site-packages/airflow/example_dags/example_inlet_event_extra.py
[2025-10-09T11:25:37.073+0000] {processor.py:914} INFO - Processing file /home/airflow/.local/lib/python3.12/site-packages/airflow/example_dags/example_inlet_event_extra.py for tasks to queue
[2025-10-09T11:25:37.077+0000] {logging_mixin.py:190} INFO - [2025-10-09T11:25:37.077+0000] {dagbag.py:588} INFO - Filling up the DagBag from /home/airflow/.local/lib/python3.12/site-packages/airflow/example_dags/example_inlet_event_extra.py
[2025-10-09T11:25:37.799+0000] {processor.py:925} INFO - DAG(s) 'read_dataset_event_from_classic', 'read_dataset_event' retrieved from /home/airflow/.local/lib/python3.12/site-packages/airflow/example_dags/example_inlet_event_extra.py
[2025-10-09T11:25:37.979+0000] {logging_mixin.py:190} INFO - [2025-10-09T11:25:37.977+0000] {dag.py:3239} INFO - Sync 2 DAGs
[2025-10-09T11:25:38.020+0000] {logging_mixin.py:190} INFO - [2025-10-09T11:25:38.020+0000] {dag.py:4180} INFO - Setting next_dagrun for read_dataset_event to 2025-10-08 00:00:00+00:00, run_after=2025-10-09 00:00:00+00:00
[2025-10-09T11:25:38.033+0000] {logging_mixin.py:190} INFO - [2025-10-09T11:25:38.033+0000] {dag.py:4180} INFO - Setting next_dagrun for read_dataset_event_from_classic to 2025-10-08 00:00:00+00:00, run_after=2025-10-09 00:00:00+00:00
[2025-10-09T11:25:38.068+0000] {processor.py:208} INFO - Processing /home/airflow/.local/lib/python3.12/site-packages/airflow/example_dags/example_inlet_event_extra.py took 1.007 seconds
[2025-10-09T11:26:08.393+0000] {processor.py:186} INFO - Started process (PID=2705) to work on /home/airflow/.local/lib/python3.12/site-packages/airflow/example_dags/example_inlet_event_extra.py
[2025-10-09T11:26:08.395+0000] {processor.py:914} INFO - Processing file /home/airflow/.local/lib/python3.12/site-packages/airflow/example_dags/example_inlet_event_extra.py for tasks to queue
[2025-10-09T11:26:08.397+0000] {logging_mixin.py:190} INFO - [2025-10-09T11:26:08.397+0000] {dagbag.py:588} INFO - Filling up the DagBag from /home/airflow/.local/lib/python3.12/site-packages/airflow/example_dags/example_inlet_event_extra.py
[2025-10-09T11:26:08.775+0000] {processor.py:925} INFO - DAG(s) 'read_dataset_event_from_classic', 'read_dataset_event' retrieved from /home/airflow/.local/lib/python3.12/site-packages/airflow/example_dags/example_inlet_event_extra.py
[2025-10-09T11:26:08.799+0000] {logging_mixin.py:190} INFO - [2025-10-09T11:26:08.799+0000] {dag.py:3239} INFO - Sync 2 DAGs
[2025-10-09T11:26:08.823+0000] {logging_mixin.py:190} INFO - [2025-10-09T11:26:08.822+0000] {dag.py:4180} INFO - Setting next_dagrun for read_dataset_event to 2025-10-08 00:00:00+00:00, run_after=2025-10-09 00:00:00+00:00
[2025-10-09T11:26:08.830+0000] {logging_mixin.py:190} INFO - [2025-10-09T11:26:08.829+0000] {dag.py:4180} INFO - Setting next_dagrun for read_dataset_event_from_classic to 2025-10-08 00:00:00+00:00, run_after=2025-10-09 00:00:00+00:00
[2025-10-09T11:26:08.848+0000] {processor.py:208} INFO - Processing /home/airflow/.local/lib/python3.12/site-packages/airflow/example_dags/example_inlet_event_extra.py took 0.461 seconds
[2025-10-09T11:26:39.324+0000] {processor.py:186} INFO - Started process (PID=2768) to work on /home/airflow/.local/lib/python3.12/site-packages/airflow/example_dags/example_inlet_event_extra.py
[2025-10-09T11:26:39.325+0000] {processor.py:914} INFO - Processing file /home/airflow/.local/lib/python3.12/site-packages/airflow/example_dags/example_inlet_event_extra.py for tasks to queue
[2025-10-09T11:26:39.329+0000] {logging_mixin.py:190} INFO - [2025-10-09T11:26:39.328+0000] {dagbag.py:588} INFO - Filling up the DagBag from /home/airflow/.local/lib/python3.12/site-packages/airflow/example_dags/example_inlet_event_extra.py
[2025-10-09T11:26:39.857+0000] {processor.py:925} INFO - DAG(s) 'read_dataset_event_from_classic', 'read_dataset_event' retrieved from /home/airflow/.local/lib/python3.12/site-packages/airflow/example_dags/example_inlet_event_extra.py
[2025-10-09T11:26:39.883+0000] {logging_mixin.py:190} INFO - [2025-10-09T11:26:39.883+0000] {dag.py:3239} INFO - Sync 2 DAGs
[2025-10-09T11:26:39.913+0000] {logging_mixin.py:190} INFO - [2025-10-09T11:26:39.913+0000] {dag.py:4180} INFO - Setting next_dagrun for read_dataset_event to 2025-10-08 00:00:00+00:00, run_after=2025-10-09 00:00:00+00:00
[2025-10-09T11:26:39.920+0000] {logging_mixin.py:190} INFO - [2025-10-09T11:26:39.920+0000] {dag.py:4180} INFO - Setting next_dagrun for read_dataset_event_from_classic to 2025-10-08 00:00:00+00:00, run_after=2025-10-09 00:00:00+00:00
[2025-10-09T11:26:39.945+0000] {processor.py:208} INFO - Processing /home/airflow/.local/lib/python3.12/site-packages/airflow/example_dags/example_inlet_event_extra.py took 0.627 seconds
[2025-10-09T11:27:10.928+0000] {processor.py:186} INFO - Started process (PID=2831) to work on /home/airflow/.local/lib/python3.12/site-packages/airflow/example_dags/example_inlet_event_extra.py
[2025-10-09T11:27:10.930+0000] {processor.py:914} INFO - Processing file /home/airflow/.local/lib/python3.12/site-packages/airflow/example_dags/example_inlet_event_extra.py for tasks to queue
[2025-10-09T11:27:10.933+0000] {logging_mixin.py:190} INFO - [2025-10-09T11:27:10.933+0000] {dagbag.py:588} INFO - Filling up the DagBag from /home/airflow/.local/lib/python3.12/site-packages/airflow/example_dags/example_inlet_event_extra.py
[2025-10-09T11:27:11.628+0000] {processor.py:925} INFO - DAG(s) 'read_dataset_event_from_classic', 'read_dataset_event' retrieved from /home/airflow/.local/lib/python3.12/site-packages/airflow/example_dags/example_inlet_event_extra.py
[2025-10-09T11:27:11.694+0000] {logging_mixin.py:190} INFO - [2025-10-09T11:27:11.694+0000] {dag.py:3239} INFO - Sync 2 DAGs
[2025-10-09T11:27:11.742+0000] {logging_mixin.py:190} INFO - [2025-10-09T11:27:11.742+0000] {dag.py:4180} INFO - Setting next_dagrun for read_dataset_event to 2025-10-08 00:00:00+00:00, run_after=2025-10-09 00:00:00+00:00
[2025-10-09T11:27:11.754+0000] {logging_mixin.py:190} INFO - [2025-10-09T11:27:11.754+0000] {dag.py:4180} INFO - Setting next_dagrun for read_dataset_event_from_classic to 2025-10-08 00:00:00+00:00, run_after=2025-10-09 00:00:00+00:00
[2025-10-09T11:27:11.801+0000] {processor.py:208} INFO - Processing /home/airflow/.local/lib/python3.12/site-packages/airflow/example_dags/example_inlet_event_extra.py took 0.879 seconds
[2025-10-09T11:27:42.359+0000] {processor.py:186} INFO - Started process (PID=2894) to work on /home/airflow/.local/lib/python3.12/site-packages/airflow/example_dags/example_inlet_event_extra.py
[2025-10-09T11:27:42.361+0000] {processor.py:914} INFO - Processing file /home/airflow/.local/lib/python3.12/site-packages/airflow/example_dags/example_inlet_event_extra.py for tasks to queue
[2025-10-09T11:27:42.364+0000] {logging_mixin.py:190} INFO - [2025-10-09T11:27:42.364+0000] {dagbag.py:588} INFO - Filling up the DagBag from /home/airflow/.local/lib/python3.12/site-packages/airflow/example_dags/example_inlet_event_extra.py
[2025-10-09T11:27:42.969+0000] {processor.py:925} INFO - DAG(s) 'read_dataset_event', 'read_dataset_event_from_classic' retrieved from /home/airflow/.local/lib/python3.12/site-packages/airflow/example_dags/example_inlet_event_extra.py
[2025-10-09T11:27:43.011+0000] {logging_mixin.py:190} INFO - [2025-10-09T11:27:43.010+0000] {dag.py:3239} INFO - Sync 2 DAGs
[2025-10-09T11:27:43.041+0000] {logging_mixin.py:190} INFO - [2025-10-09T11:27:43.041+0000] {dag.py:4180} INFO - Setting next_dagrun for read_dataset_event to 2025-10-08 00:00:00+00:00, run_after=2025-10-09 00:00:00+00:00
[2025-10-09T11:27:43.050+0000] {logging_mixin.py:190} INFO - [2025-10-09T11:27:43.049+0000] {dag.py:4180} INFO - Setting next_dagrun for read_dataset_event_from_classic to 2025-10-08 00:00:00+00:00, run_after=2025-10-09 00:00:00+00:00
[2025-10-09T11:27:43.072+0000] {processor.py:208} INFO - Processing /home/airflow/.local/lib/python3.12/site-packages/airflow/example_dags/example_inlet_event_extra.py took 0.722 seconds
[2025-10-09T11:28:13.265+0000] {processor.py:186} INFO - Started process (PID=2957) to work on /home/airflow/.local/lib/python3.12/site-packages/airflow/example_dags/example_inlet_event_extra.py
[2025-10-09T11:28:13.266+0000] {processor.py:914} INFO - Processing file /home/airflow/.local/lib/python3.12/site-packages/airflow/example_dags/example_inlet_event_extra.py for tasks to queue
[2025-10-09T11:28:13.270+0000] {logging_mixin.py:190} INFO - [2025-10-09T11:28:13.269+0000] {dagbag.py:588} INFO - Filling up the DagBag from /home/airflow/.local/lib/python3.12/site-packages/airflow/example_dags/example_inlet_event_extra.py
[2025-10-09T11:28:13.839+0000] {processor.py:925} INFO - DAG(s) 'read_dataset_event', 'read_dataset_event_from_classic' retrieved from /home/airflow/.local/lib/python3.12/site-packages/airflow/example_dags/example_inlet_event_extra.py
[2025-10-09T11:28:13.858+0000] {logging_mixin.py:190} INFO - [2025-10-09T11:28:13.858+0000] {dag.py:3239} INFO - Sync 2 DAGs
[2025-10-09T11:28:13.882+0000] {logging_mixin.py:190} INFO - [2025-10-09T11:28:13.882+0000] {dag.py:4180} INFO - Setting next_dagrun for read_dataset_event to 2025-10-08 00:00:00+00:00, run_after=2025-10-09 00:00:00+00:00
[2025-10-09T11:28:13.887+0000] {logging_mixin.py:190} INFO - [2025-10-09T11:28:13.887+0000] {dag.py:4180} INFO - Setting next_dagrun for read_dataset_event_from_classic to 2025-10-08 00:00:00+00:00, run_after=2025-10-09 00:00:00+00:00
[2025-10-09T11:28:13.911+0000] {processor.py:208} INFO - Processing /home/airflow/.local/lib/python3.12/site-packages/airflow/example_dags/example_inlet_event_extra.py took 0.652 seconds
[2025-10-09T11:28:44.175+0000] {processor.py:186} INFO - Started process (PID=3020) to work on /home/airflow/.local/lib/python3.12/site-packages/airflow/example_dags/example_inlet_event_extra.py
[2025-10-09T11:28:44.177+0000] {processor.py:914} INFO - Processing file /home/airflow/.local/lib/python3.12/site-packages/airflow/example_dags/example_inlet_event_extra.py for tasks to queue
[2025-10-09T11:28:44.182+0000] {logging_mixin.py:190} INFO - [2025-10-09T11:28:44.182+0000] {dagbag.py:588} INFO - Filling up the DagBag from /home/airflow/.local/lib/python3.12/site-packages/airflow/example_dags/example_inlet_event_extra.py
[2025-10-09T11:28:44.990+0000] {processor.py:925} INFO - DAG(s) 'read_dataset_event', 'read_dataset_event_from_classic' retrieved from /home/airflow/.local/lib/python3.12/site-packages/airflow/example_dags/example_inlet_event_extra.py
[2025-10-09T11:28:45.135+0000] {logging_mixin.py:190} INFO - [2025-10-09T11:28:45.133+0000] {dag.py:3239} INFO - Sync 2 DAGs
[2025-10-09T11:28:45.183+0000] {logging_mixin.py:190} INFO - [2025-10-09T11:28:45.183+0000] {dag.py:4180} INFO - Setting next_dagrun for read_dataset_event to 2025-10-08 00:00:00+00:00, run_after=2025-10-09 00:00:00+00:00
[2025-10-09T11:28:45.198+0000] {logging_mixin.py:190} INFO - [2025-10-09T11:28:45.197+0000] {dag.py:4180} INFO - Setting next_dagrun for read_dataset_event_from_classic to 2025-10-08 00:00:00+00:00, run_after=2025-10-09 00:00:00+00:00
[2025-10-09T11:28:45.230+0000] {processor.py:208} INFO - Processing /home/airflow/.local/lib/python3.12/site-packages/airflow/example_dags/example_inlet_event_extra.py took 1.064 seconds
[2025-10-09T11:38:00.711+0000] {processor.py:186} INFO - Started process (PID=3074) to work on /home/airflow/.local/lib/python3.12/site-packages/airflow/example_dags/example_inlet_event_extra.py
[2025-10-09T11:38:00.712+0000] {processor.py:914} INFO - Processing file /home/airflow/.local/lib/python3.12/site-packages/airflow/example_dags/example_inlet_event_extra.py for tasks to queue
[2025-10-09T11:38:00.717+0000] {logging_mixin.py:190} INFO - [2025-10-09T11:38:00.716+0000] {dagbag.py:588} INFO - Filling up the DagBag from /home/airflow/.local/lib/python3.12/site-packages/airflow/example_dags/example_inlet_event_extra.py
[2025-10-09T11:38:00.877+0000] {processor.py:925} INFO - DAG(s) 'read_dataset_event', 'read_dataset_event_from_classic' retrieved from /home/airflow/.local/lib/python3.12/site-packages/airflow/example_dags/example_inlet_event_extra.py
[2025-10-09T11:38:00.901+0000] {logging_mixin.py:190} INFO - [2025-10-09T11:38:00.901+0000] {dag.py:3239} INFO - Sync 2 DAGs
[2025-10-09T11:38:00.929+0000] {logging_mixin.py:190} INFO - [2025-10-09T11:38:00.928+0000] {dag.py:4180} INFO - Setting next_dagrun for read_dataset_event to 2025-10-08 00:00:00+00:00, run_after=2025-10-09 00:00:00+00:00
[2025-10-09T11:38:00.934+0000] {logging_mixin.py:190} INFO - [2025-10-09T11:38:00.934+0000] {dag.py:4180} INFO - Setting next_dagrun for read_dataset_event_from_classic to 2025-10-08 00:00:00+00:00, run_after=2025-10-09 00:00:00+00:00
[2025-10-09T11:38:00.962+0000] {processor.py:208} INFO - Processing /home/airflow/.local/lib/python3.12/site-packages/airflow/example_dags/example_inlet_event_extra.py took 0.258 seconds
[2025-10-09T11:38:50.756+0000] {processor.py:186} INFO - Started process (PID=93) to work on /home/airflow/.local/lib/python3.12/site-packages/airflow/example_dags/example_inlet_event_extra.py
[2025-10-09T11:38:50.758+0000] {processor.py:914} INFO - Processing file /home/airflow/.local/lib/python3.12/site-packages/airflow/example_dags/example_inlet_event_extra.py for tasks to queue
[2025-10-09T11:38:50.763+0000] {logging_mixin.py:190} INFO - [2025-10-09T11:38:50.762+0000] {dagbag.py:588} INFO - Filling up the DagBag from /home/airflow/.local/lib/python3.12/site-packages/airflow/example_dags/example_inlet_event_extra.py
[2025-10-09T11:38:51.129+0000] {processor.py:925} INFO - DAG(s) 'read_dataset_event_from_classic', 'read_dataset_event' retrieved from /home/airflow/.local/lib/python3.12/site-packages/airflow/example_dags/example_inlet_event_extra.py
[2025-10-09T11:38:51.170+0000] {logging_mixin.py:190} INFO - [2025-10-09T11:38:51.170+0000] {dag.py:3239} INFO - Sync 2 DAGs
[2025-10-09T11:38:51.206+0000] {logging_mixin.py:190} INFO - [2025-10-09T11:38:51.205+0000] {dag.py:4180} INFO - Setting next_dagrun for read_dataset_event to 2025-10-08 00:00:00+00:00, run_after=2025-10-09 00:00:00+00:00
[2025-10-09T11:38:51.216+0000] {logging_mixin.py:190} INFO - [2025-10-09T11:38:51.215+0000] {dag.py:4180} INFO - Setting next_dagrun for read_dataset_event_from_classic to 2025-10-08 00:00:00+00:00, run_after=2025-10-09 00:00:00+00:00
[2025-10-09T11:38:51.246+0000] {processor.py:208} INFO - Processing /home/airflow/.local/lib/python3.12/site-packages/airflow/example_dags/example_inlet_event_extra.py took 0.500 seconds
[2025-10-09T11:39:23.110+0000] {processor.py:186} INFO - Started process (PID=156) to work on /home/airflow/.local/lib/python3.12/site-packages/airflow/example_dags/example_inlet_event_extra.py
[2025-10-09T11:39:23.113+0000] {processor.py:914} INFO - Processing file /home/airflow/.local/lib/python3.12/site-packages/airflow/example_dags/example_inlet_event_extra.py for tasks to queue
[2025-10-09T11:39:23.117+0000] {logging_mixin.py:190} INFO - [2025-10-09T11:39:23.117+0000] {dagbag.py:588} INFO - Filling up the DagBag from /home/airflow/.local/lib/python3.12/site-packages/airflow/example_dags/example_inlet_event_extra.py
[2025-10-09T11:39:23.276+0000] {processor.py:925} INFO - DAG(s) 'read_dataset_event', 'read_dataset_event_from_classic' retrieved from /home/airflow/.local/lib/python3.12/site-packages/airflow/example_dags/example_inlet_event_extra.py
[2025-10-09T11:39:23.300+0000] {logging_mixin.py:190} INFO - [2025-10-09T11:39:23.300+0000] {dag.py:3239} INFO - Sync 2 DAGs
[2025-10-09T11:39:23.328+0000] {logging_mixin.py:190} INFO - [2025-10-09T11:39:23.328+0000] {dag.py:4180} INFO - Setting next_dagrun for read_dataset_event to 2025-10-08 00:00:00+00:00, run_after=2025-10-09 00:00:00+00:00
[2025-10-09T11:39:23.335+0000] {logging_mixin.py:190} INFO - [2025-10-09T11:39:23.335+0000] {dag.py:4180} INFO - Setting next_dagrun for read_dataset_event_from_classic to 2025-10-08 00:00:00+00:00, run_after=2025-10-09 00:00:00+00:00
[2025-10-09T11:39:23.544+0000] {processor.py:208} INFO - Processing /home/airflow/.local/lib/python3.12/site-packages/airflow/example_dags/example_inlet_event_extra.py took 0.441 seconds
[2025-10-09T11:39:54.182+0000] {processor.py:186} INFO - Started process (PID=219) to work on /home/airflow/.local/lib/python3.12/site-packages/airflow/example_dags/example_inlet_event_extra.py
[2025-10-09T11:39:54.183+0000] {processor.py:914} INFO - Processing file /home/airflow/.local/lib/python3.12/site-packages/airflow/example_dags/example_inlet_event_extra.py for tasks to queue
[2025-10-09T11:39:54.186+0000] {logging_mixin.py:190} INFO - [2025-10-09T11:39:54.186+0000] {dagbag.py:588} INFO - Filling up the DagBag from /home/airflow/.local/lib/python3.12/site-packages/airflow/example_dags/example_inlet_event_extra.py
[2025-10-09T11:39:54.343+0000] {processor.py:925} INFO - DAG(s) 'read_dataset_event', 'read_dataset_event_from_classic' retrieved from /home/airflow/.local/lib/python3.12/site-packages/airflow/example_dags/example_inlet_event_extra.py
[2025-10-09T11:39:54.372+0000] {logging_mixin.py:190} INFO - [2025-10-09T11:39:54.371+0000] {dag.py:3239} INFO - Sync 2 DAGs
[2025-10-09T11:39:54.401+0000] {logging_mixin.py:190} INFO - [2025-10-09T11:39:54.401+0000] {dag.py:4180} INFO - Setting next_dagrun for read_dataset_event to 2025-10-08 00:00:00+00:00, run_after=2025-10-09 00:00:00+00:00
[2025-10-09T11:39:54.408+0000] {logging_mixin.py:190} INFO - [2025-10-09T11:39:54.407+0000] {dag.py:4180} INFO - Setting next_dagrun for read_dataset_event_from_classic to 2025-10-08 00:00:00+00:00, run_after=2025-10-09 00:00:00+00:00
[2025-10-09T11:39:54.436+0000] {processor.py:208} INFO - Processing /home/airflow/.local/lib/python3.12/site-packages/airflow/example_dags/example_inlet_event_extra.py took 0.260 seconds
[2025-10-09T11:40:24.885+0000] {processor.py:186} INFO - Started process (PID=282) to work on /home/airflow/.local/lib/python3.12/site-packages/airflow/example_dags/example_inlet_event_extra.py
[2025-10-09T11:40:24.886+0000] {processor.py:914} INFO - Processing file /home/airflow/.local/lib/python3.12/site-packages/airflow/example_dags/example_inlet_event_extra.py for tasks to queue
[2025-10-09T11:40:24.889+0000] {logging_mixin.py:190} INFO - [2025-10-09T11:40:24.889+0000] {dagbag.py:588} INFO - Filling up the DagBag from /home/airflow/.local/lib/python3.12/site-packages/airflow/example_dags/example_inlet_event_extra.py
[2025-10-09T11:40:25.111+0000] {processor.py:925} INFO - DAG(s) 'read_dataset_event_from_classic', 'read_dataset_event' retrieved from /home/airflow/.local/lib/python3.12/site-packages/airflow/example_dags/example_inlet_event_extra.py
[2025-10-09T11:40:25.138+0000] {logging_mixin.py:190} INFO - [2025-10-09T11:40:25.138+0000] {dag.py:3239} INFO - Sync 2 DAGs
[2025-10-09T11:40:25.169+0000] {logging_mixin.py:190} INFO - [2025-10-09T11:40:25.169+0000] {dag.py:4180} INFO - Setting next_dagrun for read_dataset_event to 2025-10-08 00:00:00+00:00, run_after=2025-10-09 00:00:00+00:00
[2025-10-09T11:40:25.177+0000] {logging_mixin.py:190} INFO - [2025-10-09T11:40:25.176+0000] {dag.py:4180} INFO - Setting next_dagrun for read_dataset_event_from_classic to 2025-10-08 00:00:00+00:00, run_after=2025-10-09 00:00:00+00:00
[2025-10-09T11:40:25.196+0000] {processor.py:208} INFO - Processing /home/airflow/.local/lib/python3.12/site-packages/airflow/example_dags/example_inlet_event_extra.py took 0.318 seconds
[2025-10-09T11:40:56.251+0000] {processor.py:186} INFO - Started process (PID=345) to work on /home/airflow/.local/lib/python3.12/site-packages/airflow/example_dags/example_inlet_event_extra.py
[2025-10-09T11:40:56.252+0000] {processor.py:914} INFO - Processing file /home/airflow/.local/lib/python3.12/site-packages/airflow/example_dags/example_inlet_event_extra.py for tasks to queue
[2025-10-09T11:40:56.256+0000] {logging_mixin.py:190} INFO - [2025-10-09T11:40:56.255+0000] {dagbag.py:588} INFO - Filling up the DagBag from /home/airflow/.local/lib/python3.12/site-packages/airflow/example_dags/example_inlet_event_extra.py
[2025-10-09T11:40:56.403+0000] {processor.py:925} INFO - DAG(s) 'read_dataset_event_from_classic', 'read_dataset_event' retrieved from /home/airflow/.local/lib/python3.12/site-packages/airflow/example_dags/example_inlet_event_extra.py
[2025-10-09T11:40:56.433+0000] {logging_mixin.py:190} INFO - [2025-10-09T11:40:56.432+0000] {dag.py:3239} INFO - Sync 2 DAGs
[2025-10-09T11:40:56.460+0000] {logging_mixin.py:190} INFO - [2025-10-09T11:40:56.459+0000] {dag.py:4180} INFO - Setting next_dagrun for read_dataset_event to 2025-10-08 00:00:00+00:00, run_after=2025-10-09 00:00:00+00:00
[2025-10-09T11:40:56.466+0000] {logging_mixin.py:190} INFO - [2025-10-09T11:40:56.465+0000] {dag.py:4180} INFO - Setting next_dagrun for read_dataset_event_from_classic to 2025-10-08 00:00:00+00:00, run_after=2025-10-09 00:00:00+00:00
[2025-10-09T11:40:56.485+0000] {processor.py:208} INFO - Processing /home/airflow/.local/lib/python3.12/site-packages/airflow/example_dags/example_inlet_event_extra.py took 0.241 seconds
[2025-10-09T11:41:28.537+0000] {processor.py:186} INFO - Started process (PID=409) to work on /home/airflow/.local/lib/python3.12/site-packages/airflow/example_dags/example_inlet_event_extra.py
[2025-10-09T11:41:28.540+0000] {processor.py:914} INFO - Processing file /home/airflow/.local/lib/python3.12/site-packages/airflow/example_dags/example_inlet_event_extra.py for tasks to queue
[2025-10-09T11:41:28.546+0000] {logging_mixin.py:190} INFO - [2025-10-09T11:41:28.545+0000] {dagbag.py:588} INFO - Filling up the DagBag from /home/airflow/.local/lib/python3.12/site-packages/airflow/example_dags/example_inlet_event_extra.py
[2025-10-09T11:41:28.914+0000] {processor.py:925} INFO - DAG(s) 'read_dataset_event_from_classic', 'read_dataset_event' retrieved from /home/airflow/.local/lib/python3.12/site-packages/airflow/example_dags/example_inlet_event_extra.py
[2025-10-09T11:41:28.973+0000] {logging_mixin.py:190} INFO - [2025-10-09T11:41:28.972+0000] {dag.py:3239} INFO - Sync 2 DAGs
[2025-10-09T11:41:29.048+0000] {logging_mixin.py:190} INFO - [2025-10-09T11:41:29.047+0000] {dag.py:4180} INFO - Setting next_dagrun for read_dataset_event to 2025-10-08 00:00:00+00:00, run_after=2025-10-09 00:00:00+00:00
[2025-10-09T11:41:29.062+0000] {logging_mixin.py:190} INFO - [2025-10-09T11:41:29.062+0000] {dag.py:4180} INFO - Setting next_dagrun for read_dataset_event_from_classic to 2025-10-08 00:00:00+00:00, run_after=2025-10-09 00:00:00+00:00
[2025-10-09T11:41:29.108+0000] {processor.py:208} INFO - Processing /home/airflow/.local/lib/python3.12/site-packages/airflow/example_dags/example_inlet_event_extra.py took 0.584 seconds
[2025-10-09T11:41:59.754+0000] {processor.py:186} INFO - Started process (PID=472) to work on /home/airflow/.local/lib/python3.12/site-packages/airflow/example_dags/example_inlet_event_extra.py
[2025-10-09T11:41:59.756+0000] {processor.py:914} INFO - Processing file /home/airflow/.local/lib/python3.12/site-packages/airflow/example_dags/example_inlet_event_extra.py for tasks to queue
[2025-10-09T11:41:59.759+0000] {logging_mixin.py:190} INFO - [2025-10-09T11:41:59.758+0000] {dagbag.py:588} INFO - Filling up the DagBag from /home/airflow/.local/lib/python3.12/site-packages/airflow/example_dags/example_inlet_event_extra.py
[2025-10-09T11:41:59.927+0000] {processor.py:925} INFO - DAG(s) 'read_dataset_event', 'read_dataset_event_from_classic' retrieved from /home/airflow/.local/lib/python3.12/site-packages/airflow/example_dags/example_inlet_event_extra.py
[2025-10-09T11:41:59.962+0000] {logging_mixin.py:190} INFO - [2025-10-09T11:41:59.962+0000] {dag.py:3239} INFO - Sync 2 DAGs
[2025-10-09T11:42:00.014+0000] {logging_mixin.py:190} INFO - [2025-10-09T11:42:00.014+0000] {dag.py:4180} INFO - Setting next_dagrun for read_dataset_event to 2025-10-08 00:00:00+00:00, run_after=2025-10-09 00:00:00+00:00
[2025-10-09T11:42:00.021+0000] {logging_mixin.py:190} INFO - [2025-10-09T11:42:00.021+0000] {dag.py:4180} INFO - Setting next_dagrun for read_dataset_event_from_classic to 2025-10-08 00:00:00+00:00, run_after=2025-10-09 00:00:00+00:00
[2025-10-09T11:42:00.050+0000] {processor.py:208} INFO - Processing /home/airflow/.local/lib/python3.12/site-packages/airflow/example_dags/example_inlet_event_extra.py took 0.302 seconds
[2025-10-09T11:42:30.835+0000] {processor.py:186} INFO - Started process (PID=535) to work on /home/airflow/.local/lib/python3.12/site-packages/airflow/example_dags/example_inlet_event_extra.py
[2025-10-09T11:42:30.837+0000] {processor.py:914} INFO - Processing file /home/airflow/.local/lib/python3.12/site-packages/airflow/example_dags/example_inlet_event_extra.py for tasks to queue
[2025-10-09T11:42:30.843+0000] {logging_mixin.py:190} INFO - [2025-10-09T11:42:30.842+0000] {dagbag.py:588} INFO - Filling up the DagBag from /home/airflow/.local/lib/python3.12/site-packages/airflow/example_dags/example_inlet_event_extra.py
[2025-10-09T11:42:31.102+0000] {processor.py:925} INFO - DAG(s) 'read_dataset_event', 'read_dataset_event_from_classic' retrieved from /home/airflow/.local/lib/python3.12/site-packages/airflow/example_dags/example_inlet_event_extra.py
[2025-10-09T11:42:31.167+0000] {logging_mixin.py:190} INFO - [2025-10-09T11:42:31.167+0000] {dag.py:3239} INFO - Sync 2 DAGs
[2025-10-09T11:42:31.219+0000] {logging_mixin.py:190} INFO - [2025-10-09T11:42:31.218+0000] {dag.py:4180} INFO - Setting next_dagrun for read_dataset_event to 2025-10-08 00:00:00+00:00, run_after=2025-10-09 00:00:00+00:00
[2025-10-09T11:42:31.227+0000] {logging_mixin.py:190} INFO - [2025-10-09T11:42:31.227+0000] {dag.py:4180} INFO - Setting next_dagrun for read_dataset_event_from_classic to 2025-10-08 00:00:00+00:00, run_after=2025-10-09 00:00:00+00:00
[2025-10-09T11:42:31.265+0000] {processor.py:208} INFO - Processing /home/airflow/.local/lib/python3.12/site-packages/airflow/example_dags/example_inlet_event_extra.py took 0.440 seconds
[2025-10-09T11:43:01.320+0000] {processor.py:186} INFO - Started process (PID=598) to work on /home/airflow/.local/lib/python3.12/site-packages/airflow/example_dags/example_inlet_event_extra.py
[2025-10-09T11:43:01.321+0000] {processor.py:914} INFO - Processing file /home/airflow/.local/lib/python3.12/site-packages/airflow/example_dags/example_inlet_event_extra.py for tasks to queue
[2025-10-09T11:43:01.324+0000] {logging_mixin.py:190} INFO - [2025-10-09T11:43:01.323+0000] {dagbag.py:588} INFO - Filling up the DagBag from /home/airflow/.local/lib/python3.12/site-packages/airflow/example_dags/example_inlet_event_extra.py
[2025-10-09T11:43:01.460+0000] {processor.py:925} INFO - DAG(s) 'read_dataset_event', 'read_dataset_event_from_classic' retrieved from /home/airflow/.local/lib/python3.12/site-packages/airflow/example_dags/example_inlet_event_extra.py
[2025-10-09T11:43:01.484+0000] {logging_mixin.py:190} INFO - [2025-10-09T11:43:01.483+0000] {dag.py:3239} INFO - Sync 2 DAGs
[2025-10-09T11:43:01.511+0000] {logging_mixin.py:190} INFO - [2025-10-09T11:43:01.511+0000] {dag.py:4180} INFO - Setting next_dagrun for read_dataset_event to 2025-10-08 00:00:00+00:00, run_after=2025-10-09 00:00:00+00:00
[2025-10-09T11:43:01.517+0000] {logging_mixin.py:190} INFO - [2025-10-09T11:43:01.516+0000] {dag.py:4180} INFO - Setting next_dagrun for read_dataset_event_from_classic to 2025-10-08 00:00:00+00:00, run_after=2025-10-09 00:00:00+00:00
[2025-10-09T11:43:01.545+0000] {processor.py:208} INFO - Processing /home/airflow/.local/lib/python3.12/site-packages/airflow/example_dags/example_inlet_event_extra.py took 0.231 seconds
[2025-10-09T11:43:31.958+0000] {processor.py:186} INFO - Started process (PID=662) to work on /home/airflow/.local/lib/python3.12/site-packages/airflow/example_dags/example_inlet_event_extra.py
[2025-10-09T11:43:31.959+0000] {processor.py:914} INFO - Processing file /home/airflow/.local/lib/python3.12/site-packages/airflow/example_dags/example_inlet_event_extra.py for tasks to queue
[2025-10-09T11:43:31.962+0000] {logging_mixin.py:190} INFO - [2025-10-09T11:43:31.961+0000] {dagbag.py:588} INFO - Filling up the DagBag from /home/airflow/.local/lib/python3.12/site-packages/airflow/example_dags/example_inlet_event_extra.py
[2025-10-09T11:43:32.124+0000] {processor.py:925} INFO - DAG(s) 'read_dataset_event', 'read_dataset_event_from_classic' retrieved from /home/airflow/.local/lib/python3.12/site-packages/airflow/example_dags/example_inlet_event_extra.py
[2025-10-09T11:43:32.150+0000] {logging_mixin.py:190} INFO - [2025-10-09T11:43:32.149+0000] {dag.py:3239} INFO - Sync 2 DAGs
[2025-10-09T11:43:32.190+0000] {logging_mixin.py:190} INFO - [2025-10-09T11:43:32.190+0000] {dag.py:4180} INFO - Setting next_dagrun for read_dataset_event to 2025-10-08 00:00:00+00:00, run_after=2025-10-09 00:00:00+00:00
[2025-10-09T11:43:32.199+0000] {logging_mixin.py:190} INFO - [2025-10-09T11:43:32.198+0000] {dag.py:4180} INFO - Setting next_dagrun for read_dataset_event_from_classic to 2025-10-08 00:00:00+00:00, run_after=2025-10-09 00:00:00+00:00
[2025-10-09T11:43:32.234+0000] {processor.py:208} INFO - Processing /home/airflow/.local/lib/python3.12/site-packages/airflow/example_dags/example_inlet_event_extra.py took 0.283 seconds
[2025-10-09T11:44:03.044+0000] {processor.py:186} INFO - Started process (PID=725) to work on /home/airflow/.local/lib/python3.12/site-packages/airflow/example_dags/example_inlet_event_extra.py
[2025-10-09T11:44:03.046+0000] {processor.py:914} INFO - Processing file /home/airflow/.local/lib/python3.12/site-packages/airflow/example_dags/example_inlet_event_extra.py for tasks to queue
[2025-10-09T11:44:03.048+0000] {logging_mixin.py:190} INFO - [2025-10-09T11:44:03.048+0000] {dagbag.py:588} INFO - Filling up the DagBag from /home/airflow/.local/lib/python3.12/site-packages/airflow/example_dags/example_inlet_event_extra.py
[2025-10-09T11:44:03.198+0000] {processor.py:925} INFO - DAG(s) 'read_dataset_event_from_classic', 'read_dataset_event' retrieved from /home/airflow/.local/lib/python3.12/site-packages/airflow/example_dags/example_inlet_event_extra.py
[2025-10-09T11:44:03.227+0000] {logging_mixin.py:190} INFO - [2025-10-09T11:44:03.226+0000] {dag.py:3239} INFO - Sync 2 DAGs
[2025-10-09T11:44:03.258+0000] {logging_mixin.py:190} INFO - [2025-10-09T11:44:03.257+0000] {dag.py:4180} INFO - Setting next_dagrun for read_dataset_event to 2025-10-08 00:00:00+00:00, run_after=2025-10-09 00:00:00+00:00
[2025-10-09T11:44:03.264+0000] {logging_mixin.py:190} INFO - [2025-10-09T11:44:03.263+0000] {dag.py:4180} INFO - Setting next_dagrun for read_dataset_event_from_classic to 2025-10-08 00:00:00+00:00, run_after=2025-10-09 00:00:00+00:00
[2025-10-09T11:44:03.285+0000] {processor.py:208} INFO - Processing /home/airflow/.local/lib/python3.12/site-packages/airflow/example_dags/example_inlet_event_extra.py took 0.246 seconds
[2025-10-09T11:44:33.369+0000] {processor.py:186} INFO - Started process (PID=788) to work on /home/airflow/.local/lib/python3.12/site-packages/airflow/example_dags/example_inlet_event_extra.py
[2025-10-09T11:44:33.370+0000] {processor.py:914} INFO - Processing file /home/airflow/.local/lib/python3.12/site-packages/airflow/example_dags/example_inlet_event_extra.py for tasks to queue
[2025-10-09T11:44:33.373+0000] {logging_mixin.py:190} INFO - [2025-10-09T11:44:33.373+0000] {dagbag.py:588} INFO - Filling up the DagBag from /home/airflow/.local/lib/python3.12/site-packages/airflow/example_dags/example_inlet_event_extra.py
[2025-10-09T11:44:33.522+0000] {processor.py:925} INFO - DAG(s) 'read_dataset_event', 'read_dataset_event_from_classic' retrieved from /home/airflow/.local/lib/python3.12/site-packages/airflow/example_dags/example_inlet_event_extra.py
[2025-10-09T11:44:33.545+0000] {logging_mixin.py:190} INFO - [2025-10-09T11:44:33.544+0000] {dag.py:3239} INFO - Sync 2 DAGs
[2025-10-09T11:44:33.574+0000] {logging_mixin.py:190} INFO - [2025-10-09T11:44:33.574+0000] {dag.py:4180} INFO - Setting next_dagrun for read_dataset_event to 2025-10-08 00:00:00+00:00, run_after=2025-10-09 00:00:00+00:00
[2025-10-09T11:44:33.580+0000] {logging_mixin.py:190} INFO - [2025-10-09T11:44:33.579+0000] {dag.py:4180} INFO - Setting next_dagrun for read_dataset_event_from_classic to 2025-10-08 00:00:00+00:00, run_after=2025-10-09 00:00:00+00:00
[2025-10-09T11:44:33.600+0000] {processor.py:208} INFO - Processing /home/airflow/.local/lib/python3.12/site-packages/airflow/example_dags/example_inlet_event_extra.py took 0.238 seconds
[2025-10-09T11:45:04.433+0000] {processor.py:186} INFO - Started process (PID=851) to work on /home/airflow/.local/lib/python3.12/site-packages/airflow/example_dags/example_inlet_event_extra.py
[2025-10-09T11:45:04.435+0000] {processor.py:914} INFO - Processing file /home/airflow/.local/lib/python3.12/site-packages/airflow/example_dags/example_inlet_event_extra.py for tasks to queue
[2025-10-09T11:45:04.440+0000] {logging_mixin.py:190} INFO - [2025-10-09T11:45:04.439+0000] {dagbag.py:588} INFO - Filling up the DagBag from /home/airflow/.local/lib/python3.12/site-packages/airflow/example_dags/example_inlet_event_extra.py
[2025-10-09T11:45:04.716+0000] {processor.py:925} INFO - DAG(s) 'read_dataset_event', 'read_dataset_event_from_classic' retrieved from /home/airflow/.local/lib/python3.12/site-packages/airflow/example_dags/example_inlet_event_extra.py
[2025-10-09T11:45:04.743+0000] {logging_mixin.py:190} INFO - [2025-10-09T11:45:04.742+0000] {dag.py:3239} INFO - Sync 2 DAGs
[2025-10-09T11:45:04.777+0000] {logging_mixin.py:190} INFO - [2025-10-09T11:45:04.776+0000] {dag.py:4180} INFO - Setting next_dagrun for read_dataset_event to 2025-10-08 00:00:00+00:00, run_after=2025-10-09 00:00:00+00:00
[2025-10-09T11:45:04.784+0000] {logging_mixin.py:190} INFO - [2025-10-09T11:45:04.784+0000] {dag.py:4180} INFO - Setting next_dagrun for read_dataset_event_from_classic to 2025-10-08 00:00:00+00:00, run_after=2025-10-09 00:00:00+00:00
[2025-10-09T11:45:04.814+0000] {processor.py:208} INFO - Processing /home/airflow/.local/lib/python3.12/site-packages/airflow/example_dags/example_inlet_event_extra.py took 0.390 seconds
[2025-10-09T11:45:35.389+0000] {processor.py:186} INFO - Started process (PID=914) to work on /home/airflow/.local/lib/python3.12/site-packages/airflow/example_dags/example_inlet_event_extra.py
[2025-10-09T11:45:35.390+0000] {processor.py:914} INFO - Processing file /home/airflow/.local/lib/python3.12/site-packages/airflow/example_dags/example_inlet_event_extra.py for tasks to queue
[2025-10-09T11:45:35.393+0000] {logging_mixin.py:190} INFO - [2025-10-09T11:45:35.392+0000] {dagbag.py:588} INFO - Filling up the DagBag from /home/airflow/.local/lib/python3.12/site-packages/airflow/example_dags/example_inlet_event_extra.py
[2025-10-09T11:45:35.588+0000] {processor.py:925} INFO - DAG(s) 'read_dataset_event_from_classic', 'read_dataset_event' retrieved from /home/airflow/.local/lib/python3.12/site-packages/airflow/example_dags/example_inlet_event_extra.py
[2025-10-09T11:45:35.623+0000] {logging_mixin.py:190} INFO - [2025-10-09T11:45:35.622+0000] {dag.py:3239} INFO - Sync 2 DAGs
[2025-10-09T11:45:35.663+0000] {logging_mixin.py:190} INFO - [2025-10-09T11:45:35.663+0000] {dag.py:4180} INFO - Setting next_dagrun for read_dataset_event to 2025-10-08 00:00:00+00:00, run_after=2025-10-09 00:00:00+00:00
[2025-10-09T11:45:35.670+0000] {logging_mixin.py:190} INFO - [2025-10-09T11:45:35.670+0000] {dag.py:4180} INFO - Setting next_dagrun for read_dataset_event_from_classic to 2025-10-08 00:00:00+00:00, run_after=2025-10-09 00:00:00+00:00
[2025-10-09T11:45:35.695+0000] {processor.py:208} INFO - Processing /home/airflow/.local/lib/python3.12/site-packages/airflow/example_dags/example_inlet_event_extra.py took 0.314 seconds
[2025-10-09T11:46:05.792+0000] {processor.py:186} INFO - Started process (PID=978) to work on /home/airflow/.local/lib/python3.12/site-packages/airflow/example_dags/example_inlet_event_extra.py
[2025-10-09T11:46:05.793+0000] {processor.py:914} INFO - Processing file /home/airflow/.local/lib/python3.12/site-packages/airflow/example_dags/example_inlet_event_extra.py for tasks to queue
[2025-10-09T11:46:05.796+0000] {logging_mixin.py:190} INFO - [2025-10-09T11:46:05.795+0000] {dagbag.py:588} INFO - Filling up the DagBag from /home/airflow/.local/lib/python3.12/site-packages/airflow/example_dags/example_inlet_event_extra.py
[2025-10-09T11:46:05.971+0000] {processor.py:925} INFO - DAG(s) 'read_dataset_event_from_classic', 'read_dataset_event' retrieved from /home/airflow/.local/lib/python3.12/site-packages/airflow/example_dags/example_inlet_event_extra.py
[2025-10-09T11:46:06.067+0000] {logging_mixin.py:190} INFO - [2025-10-09T11:46:06.064+0000] {dag.py:3239} INFO - Sync 2 DAGs
[2025-10-09T11:46:06.133+0000] {logging_mixin.py:190} INFO - [2025-10-09T11:46:06.132+0000] {dag.py:4180} INFO - Setting next_dagrun for read_dataset_event to 2025-10-08 00:00:00+00:00, run_after=2025-10-09 00:00:00+00:00
[2025-10-09T11:46:06.139+0000] {logging_mixin.py:190} INFO - [2025-10-09T11:46:06.139+0000] {dag.py:4180} INFO - Setting next_dagrun for read_dataset_event_from_classic to 2025-10-08 00:00:00+00:00, run_after=2025-10-09 00:00:00+00:00
[2025-10-09T11:46:06.165+0000] {processor.py:208} INFO - Processing /home/airflow/.local/lib/python3.12/site-packages/airflow/example_dags/example_inlet_event_extra.py took 0.381 seconds
[2025-10-09T11:46:37.079+0000] {processor.py:186} INFO - Started process (PID=1041) to work on /home/airflow/.local/lib/python3.12/site-packages/airflow/example_dags/example_inlet_event_extra.py
[2025-10-09T11:46:37.080+0000] {processor.py:914} INFO - Processing file /home/airflow/.local/lib/python3.12/site-packages/airflow/example_dags/example_inlet_event_extra.py for tasks to queue
[2025-10-09T11:46:37.083+0000] {logging_mixin.py:190} INFO - [2025-10-09T11:46:37.083+0000] {dagbag.py:588} INFO - Filling up the DagBag from /home/airflow/.local/lib/python3.12/site-packages/airflow/example_dags/example_inlet_event_extra.py
[2025-10-09T11:46:37.280+0000] {processor.py:925} INFO - DAG(s) 'read_dataset_event', 'read_dataset_event_from_classic' retrieved from /home/airflow/.local/lib/python3.12/site-packages/airflow/example_dags/example_inlet_event_extra.py
[2025-10-09T11:46:37.330+0000] {logging_mixin.py:190} INFO - [2025-10-09T11:46:37.330+0000] {dag.py:3239} INFO - Sync 2 DAGs
[2025-10-09T11:46:37.375+0000] {logging_mixin.py:190} INFO - [2025-10-09T11:46:37.374+0000] {dag.py:4180} INFO - Setting next_dagrun for read_dataset_event to 2025-10-08 00:00:00+00:00, run_after=2025-10-09 00:00:00+00:00
[2025-10-09T11:46:37.381+0000] {logging_mixin.py:190} INFO - [2025-10-09T11:46:37.380+0000] {dag.py:4180} INFO - Setting next_dagrun for read_dataset_event_from_classic to 2025-10-08 00:00:00+00:00, run_after=2025-10-09 00:00:00+00:00
[2025-10-09T11:46:37.402+0000] {processor.py:208} INFO - Processing /home/airflow/.local/lib/python3.12/site-packages/airflow/example_dags/example_inlet_event_extra.py took 0.331 seconds
[2025-10-09T11:47:07.748+0000] {processor.py:186} INFO - Started process (PID=1104) to work on /home/airflow/.local/lib/python3.12/site-packages/airflow/example_dags/example_inlet_event_extra.py
[2025-10-09T11:47:07.749+0000] {processor.py:914} INFO - Processing file /home/airflow/.local/lib/python3.12/site-packages/airflow/example_dags/example_inlet_event_extra.py for tasks to queue
[2025-10-09T11:47:07.752+0000] {logging_mixin.py:190} INFO - [2025-10-09T11:47:07.752+0000] {dagbag.py:588} INFO - Filling up the DagBag from /home/airflow/.local/lib/python3.12/site-packages/airflow/example_dags/example_inlet_event_extra.py
[2025-10-09T11:47:07.937+0000] {processor.py:925} INFO - DAG(s) 'read_dataset_event_from_classic', 'read_dataset_event' retrieved from /home/airflow/.local/lib/python3.12/site-packages/airflow/example_dags/example_inlet_event_extra.py
[2025-10-09T11:47:07.964+0000] {logging_mixin.py:190} INFO - [2025-10-09T11:47:07.963+0000] {dag.py:3239} INFO - Sync 2 DAGs
[2025-10-09T11:47:07.993+0000] {logging_mixin.py:190} INFO - [2025-10-09T11:47:07.993+0000] {dag.py:4180} INFO - Setting next_dagrun for read_dataset_event to 2025-10-08 00:00:00+00:00, run_after=2025-10-09 00:00:00+00:00
[2025-10-09T11:47:07.999+0000] {logging_mixin.py:190} INFO - [2025-10-09T11:47:07.999+0000] {dag.py:4180} INFO - Setting next_dagrun for read_dataset_event_from_classic to 2025-10-08 00:00:00+00:00, run_after=2025-10-09 00:00:00+00:00
[2025-10-09T11:47:08.020+0000] {processor.py:208} INFO - Processing /home/airflow/.local/lib/python3.12/site-packages/airflow/example_dags/example_inlet_event_extra.py took 0.279 seconds
[2025-10-09T11:47:38.205+0000] {processor.py:186} INFO - Started process (PID=1167) to work on /home/airflow/.local/lib/python3.12/site-packages/airflow/example_dags/example_inlet_event_extra.py
[2025-10-09T11:47:38.207+0000] {processor.py:914} INFO - Processing file /home/airflow/.local/lib/python3.12/site-packages/airflow/example_dags/example_inlet_event_extra.py for tasks to queue
[2025-10-09T11:47:38.210+0000] {logging_mixin.py:190} INFO - [2025-10-09T11:47:38.210+0000] {dagbag.py:588} INFO - Filling up the DagBag from /home/airflow/.local/lib/python3.12/site-packages/airflow/example_dags/example_inlet_event_extra.py
[2025-10-09T11:47:38.395+0000] {processor.py:925} INFO - DAG(s) 'read_dataset_event', 'read_dataset_event_from_classic' retrieved from /home/airflow/.local/lib/python3.12/site-packages/airflow/example_dags/example_inlet_event_extra.py
[2025-10-09T11:47:38.423+0000] {logging_mixin.py:190} INFO - [2025-10-09T11:47:38.422+0000] {dag.py:3239} INFO - Sync 2 DAGs
[2025-10-09T11:47:38.450+0000] {logging_mixin.py:190} INFO - [2025-10-09T11:47:38.450+0000] {dag.py:4180} INFO - Setting next_dagrun for read_dataset_event to 2025-10-08 00:00:00+00:00, run_after=2025-10-09 00:00:00+00:00
[2025-10-09T11:47:38.456+0000] {logging_mixin.py:190} INFO - [2025-10-09T11:47:38.456+0000] {dag.py:4180} INFO - Setting next_dagrun for read_dataset_event_from_classic to 2025-10-08 00:00:00+00:00, run_after=2025-10-09 00:00:00+00:00
[2025-10-09T11:47:38.668+0000] {processor.py:208} INFO - Processing /home/airflow/.local/lib/python3.12/site-packages/airflow/example_dags/example_inlet_event_extra.py took 0.469 seconds
[2025-10-09T11:48:09.027+0000] {processor.py:186} INFO - Started process (PID=1231) to work on /home/airflow/.local/lib/python3.12/site-packages/airflow/example_dags/example_inlet_event_extra.py
[2025-10-09T11:48:09.028+0000] {processor.py:914} INFO - Processing file /home/airflow/.local/lib/python3.12/site-packages/airflow/example_dags/example_inlet_event_extra.py for tasks to queue
[2025-10-09T11:48:09.031+0000] {logging_mixin.py:190} INFO - [2025-10-09T11:48:09.031+0000] {dagbag.py:588} INFO - Filling up the DagBag from /home/airflow/.local/lib/python3.12/site-packages/airflow/example_dags/example_inlet_event_extra.py
[2025-10-09T11:48:09.202+0000] {processor.py:925} INFO - DAG(s) 'read_dataset_event', 'read_dataset_event_from_classic' retrieved from /home/airflow/.local/lib/python3.12/site-packages/airflow/example_dags/example_inlet_event_extra.py
[2025-10-09T11:48:09.231+0000] {logging_mixin.py:190} INFO - [2025-10-09T11:48:09.230+0000] {dag.py:3239} INFO - Sync 2 DAGs
[2025-10-09T11:48:09.260+0000] {logging_mixin.py:190} INFO - [2025-10-09T11:48:09.260+0000] {dag.py:4180} INFO - Setting next_dagrun for read_dataset_event to 2025-10-08 00:00:00+00:00, run_after=2025-10-09 00:00:00+00:00
[2025-10-09T11:48:09.267+0000] {logging_mixin.py:190} INFO - [2025-10-09T11:48:09.266+0000] {dag.py:4180} INFO - Setting next_dagrun for read_dataset_event_from_classic to 2025-10-08 00:00:00+00:00, run_after=2025-10-09 00:00:00+00:00
[2025-10-09T11:48:09.294+0000] {processor.py:208} INFO - Processing /home/airflow/.local/lib/python3.12/site-packages/airflow/example_dags/example_inlet_event_extra.py took 0.274 seconds
[2025-10-09T11:48:39.627+0000] {processor.py:186} INFO - Started process (PID=1294) to work on /home/airflow/.local/lib/python3.12/site-packages/airflow/example_dags/example_inlet_event_extra.py
[2025-10-09T11:48:39.628+0000] {processor.py:914} INFO - Processing file /home/airflow/.local/lib/python3.12/site-packages/airflow/example_dags/example_inlet_event_extra.py for tasks to queue
[2025-10-09T11:48:39.631+0000] {logging_mixin.py:190} INFO - [2025-10-09T11:48:39.631+0000] {dagbag.py:588} INFO - Filling up the DagBag from /home/airflow/.local/lib/python3.12/site-packages/airflow/example_dags/example_inlet_event_extra.py
[2025-10-09T11:48:39.828+0000] {processor.py:925} INFO - DAG(s) 'read_dataset_event_from_classic', 'read_dataset_event' retrieved from /home/airflow/.local/lib/python3.12/site-packages/airflow/example_dags/example_inlet_event_extra.py
[2025-10-09T11:48:39.864+0000] {logging_mixin.py:190} INFO - [2025-10-09T11:48:39.864+0000] {dag.py:3239} INFO - Sync 2 DAGs
[2025-10-09T11:48:39.907+0000] {logging_mixin.py:190} INFO - [2025-10-09T11:48:39.907+0000] {dag.py:4180} INFO - Setting next_dagrun for read_dataset_event to 2025-10-08 00:00:00+00:00, run_after=2025-10-09 00:00:00+00:00
[2025-10-09T11:48:39.915+0000] {logging_mixin.py:190} INFO - [2025-10-09T11:48:39.915+0000] {dag.py:4180} INFO - Setting next_dagrun for read_dataset_event_from_classic to 2025-10-08 00:00:00+00:00, run_after=2025-10-09 00:00:00+00:00
[2025-10-09T11:48:39.948+0000] {processor.py:208} INFO - Processing /home/airflow/.local/lib/python3.12/site-packages/airflow/example_dags/example_inlet_event_extra.py took 0.328 seconds
[2025-10-09T11:49:10.571+0000] {processor.py:186} INFO - Started process (PID=1357) to work on /home/airflow/.local/lib/python3.12/site-packages/airflow/example_dags/example_inlet_event_extra.py
[2025-10-09T11:49:10.572+0000] {processor.py:914} INFO - Processing file /home/airflow/.local/lib/python3.12/site-packages/airflow/example_dags/example_inlet_event_extra.py for tasks to queue
[2025-10-09T11:49:10.575+0000] {logging_mixin.py:190} INFO - [2025-10-09T11:49:10.574+0000] {dagbag.py:588} INFO - Filling up the DagBag from /home/airflow/.local/lib/python3.12/site-packages/airflow/example_dags/example_inlet_event_extra.py
[2025-10-09T11:49:10.730+0000] {processor.py:925} INFO - DAG(s) 'read_dataset_event_from_classic', 'read_dataset_event' retrieved from /home/airflow/.local/lib/python3.12/site-packages/airflow/example_dags/example_inlet_event_extra.py
[2025-10-09T11:49:10.756+0000] {logging_mixin.py:190} INFO - [2025-10-09T11:49:10.756+0000] {dag.py:3239} INFO - Sync 2 DAGs
[2025-10-09T11:49:10.784+0000] {logging_mixin.py:190} INFO - [2025-10-09T11:49:10.784+0000] {dag.py:4180} INFO - Setting next_dagrun for read_dataset_event to 2025-10-08 00:00:00+00:00, run_after=2025-10-09 00:00:00+00:00
[2025-10-09T11:49:10.790+0000] {logging_mixin.py:190} INFO - [2025-10-09T11:49:10.789+0000] {dag.py:4180} INFO - Setting next_dagrun for read_dataset_event_from_classic to 2025-10-08 00:00:00+00:00, run_after=2025-10-09 00:00:00+00:00
[2025-10-09T11:49:10.813+0000] {processor.py:208} INFO - Processing /home/airflow/.local/lib/python3.12/site-packages/airflow/example_dags/example_inlet_event_extra.py took 0.249 seconds
[2025-10-09T11:49:40.958+0000] {processor.py:186} INFO - Started process (PID=1420) to work on /home/airflow/.local/lib/python3.12/site-packages/airflow/example_dags/example_inlet_event_extra.py
[2025-10-09T11:49:40.959+0000] {processor.py:914} INFO - Processing file /home/airflow/.local/lib/python3.12/site-packages/airflow/example_dags/example_inlet_event_extra.py for tasks to queue
[2025-10-09T11:49:40.962+0000] {logging_mixin.py:190} INFO - [2025-10-09T11:49:40.962+0000] {dagbag.py:588} INFO - Filling up the DagBag from /home/airflow/.local/lib/python3.12/site-packages/airflow/example_dags/example_inlet_event_extra.py
[2025-10-09T11:49:41.105+0000] {processor.py:925} INFO - DAG(s) 'read_dataset_event_from_classic', 'read_dataset_event' retrieved from /home/airflow/.local/lib/python3.12/site-packages/airflow/example_dags/example_inlet_event_extra.py
[2025-10-09T11:49:41.132+0000] {logging_mixin.py:190} INFO - [2025-10-09T11:49:41.131+0000] {dag.py:3239} INFO - Sync 2 DAGs
[2025-10-09T11:49:41.158+0000] {logging_mixin.py:190} INFO - [2025-10-09T11:49:41.158+0000] {dag.py:4180} INFO - Setting next_dagrun for read_dataset_event to 2025-10-08 00:00:00+00:00, run_after=2025-10-09 00:00:00+00:00
[2025-10-09T11:49:41.164+0000] {logging_mixin.py:190} INFO - [2025-10-09T11:49:41.164+0000] {dag.py:4180} INFO - Setting next_dagrun for read_dataset_event_from_classic to 2025-10-08 00:00:00+00:00, run_after=2025-10-09 00:00:00+00:00
[2025-10-09T11:49:41.183+0000] {processor.py:208} INFO - Processing /home/airflow/.local/lib/python3.12/site-packages/airflow/example_dags/example_inlet_event_extra.py took 0.232 seconds
[2025-10-09T11:50:11.473+0000] {processor.py:186} INFO - Started process (PID=1483) to work on /home/airflow/.local/lib/python3.12/site-packages/airflow/example_dags/example_inlet_event_extra.py
[2025-10-09T11:50:11.475+0000] {processor.py:914} INFO - Processing file /home/airflow/.local/lib/python3.12/site-packages/airflow/example_dags/example_inlet_event_extra.py for tasks to queue
[2025-10-09T11:50:11.479+0000] {logging_mixin.py:190} INFO - [2025-10-09T11:50:11.479+0000] {dagbag.py:588} INFO - Filling up the DagBag from /home/airflow/.local/lib/python3.12/site-packages/airflow/example_dags/example_inlet_event_extra.py
[2025-10-09T11:50:11.650+0000] {processor.py:925} INFO - DAG(s) 'read_dataset_event_from_classic', 'read_dataset_event' retrieved from /home/airflow/.local/lib/python3.12/site-packages/airflow/example_dags/example_inlet_event_extra.py
[2025-10-09T11:50:11.673+0000] {logging_mixin.py:190} INFO - [2025-10-09T11:50:11.673+0000] {dag.py:3239} INFO - Sync 2 DAGs
[2025-10-09T11:50:11.702+0000] {logging_mixin.py:190} INFO - [2025-10-09T11:50:11.701+0000] {dag.py:4180} INFO - Setting next_dagrun for read_dataset_event to 2025-10-08 00:00:00+00:00, run_after=2025-10-09 00:00:00+00:00
[2025-10-09T11:50:11.708+0000] {logging_mixin.py:190} INFO - [2025-10-09T11:50:11.707+0000] {dag.py:4180} INFO - Setting next_dagrun for read_dataset_event_from_classic to 2025-10-08 00:00:00+00:00, run_after=2025-10-09 00:00:00+00:00
[2025-10-09T11:50:11.729+0000] {processor.py:208} INFO - Processing /home/airflow/.local/lib/python3.12/site-packages/airflow/example_dags/example_inlet_event_extra.py took 0.265 seconds
[2025-10-09T11:50:41.791+0000] {processor.py:186} INFO - Started process (PID=1547) to work on /home/airflow/.local/lib/python3.12/site-packages/airflow/example_dags/example_inlet_event_extra.py
[2025-10-09T11:50:41.793+0000] {processor.py:914} INFO - Processing file /home/airflow/.local/lib/python3.12/site-packages/airflow/example_dags/example_inlet_event_extra.py for tasks to queue
[2025-10-09T11:50:41.797+0000] {logging_mixin.py:190} INFO - [2025-10-09T11:50:41.796+0000] {dagbag.py:588} INFO - Filling up the DagBag from /home/airflow/.local/lib/python3.12/site-packages/airflow/example_dags/example_inlet_event_extra.py
[2025-10-09T11:50:42.098+0000] {processor.py:925} INFO - DAG(s) 'read_dataset_event', 'read_dataset_event_from_classic' retrieved from /home/airflow/.local/lib/python3.12/site-packages/airflow/example_dags/example_inlet_event_extra.py
[2025-10-09T11:50:42.131+0000] {logging_mixin.py:190} INFO - [2025-10-09T11:50:42.131+0000] {dag.py:3239} INFO - Sync 2 DAGs
[2025-10-09T11:50:42.170+0000] {logging_mixin.py:190} INFO - [2025-10-09T11:50:42.169+0000] {dag.py:4180} INFO - Setting next_dagrun for read_dataset_event to 2025-10-08 00:00:00+00:00, run_after=2025-10-09 00:00:00+00:00
[2025-10-09T11:50:42.181+0000] {logging_mixin.py:190} INFO - [2025-10-09T11:50:42.181+0000] {dag.py:4180} INFO - Setting next_dagrun for read_dataset_event_from_classic to 2025-10-08 00:00:00+00:00, run_after=2025-10-09 00:00:00+00:00
[2025-10-09T11:50:46.889+0000] {processor.py:208} INFO - Processing /home/airflow/.local/lib/python3.12/site-packages/airflow/example_dags/example_inlet_event_extra.py took 5.108 seconds
[2025-10-09T11:51:17.650+0000] {processor.py:186} INFO - Started process (PID=1621) to work on /home/airflow/.local/lib/python3.12/site-packages/airflow/example_dags/example_inlet_event_extra.py
[2025-10-09T11:51:17.651+0000] {processor.py:914} INFO - Processing file /home/airflow/.local/lib/python3.12/site-packages/airflow/example_dags/example_inlet_event_extra.py for tasks to queue
[2025-10-09T11:51:17.655+0000] {logging_mixin.py:190} INFO - [2025-10-09T11:51:17.655+0000] {dagbag.py:588} INFO - Filling up the DagBag from /home/airflow/.local/lib/python3.12/site-packages/airflow/example_dags/example_inlet_event_extra.py
[2025-10-09T11:51:17.804+0000] {processor.py:925} INFO - DAG(s) 'read_dataset_event_from_classic', 'read_dataset_event' retrieved from /home/airflow/.local/lib/python3.12/site-packages/airflow/example_dags/example_inlet_event_extra.py
[2025-10-09T11:51:17.830+0000] {logging_mixin.py:190} INFO - [2025-10-09T11:51:17.830+0000] {dag.py:3239} INFO - Sync 2 DAGs
[2025-10-09T11:51:17.858+0000] {logging_mixin.py:190} INFO - [2025-10-09T11:51:17.857+0000] {dag.py:4180} INFO - Setting next_dagrun for read_dataset_event to 2025-10-08 00:00:00+00:00, run_after=2025-10-09 00:00:00+00:00
[2025-10-09T11:51:17.863+0000] {logging_mixin.py:190} INFO - [2025-10-09T11:51:17.863+0000] {dag.py:4180} INFO - Setting next_dagrun for read_dataset_event_from_classic to 2025-10-08 00:00:00+00:00, run_after=2025-10-09 00:00:00+00:00
[2025-10-09T11:51:17.885+0000] {processor.py:208} INFO - Processing /home/airflow/.local/lib/python3.12/site-packages/airflow/example_dags/example_inlet_event_extra.py took 0.242 seconds
[2025-10-09T11:51:48.794+0000] {processor.py:186} INFO - Started process (PID=1684) to work on /home/airflow/.local/lib/python3.12/site-packages/airflow/example_dags/example_inlet_event_extra.py
[2025-10-09T11:51:48.795+0000] {processor.py:914} INFO - Processing file /home/airflow/.local/lib/python3.12/site-packages/airflow/example_dags/example_inlet_event_extra.py for tasks to queue
[2025-10-09T11:51:48.799+0000] {logging_mixin.py:190} INFO - [2025-10-09T11:51:48.798+0000] {dagbag.py:588} INFO - Filling up the DagBag from /home/airflow/.local/lib/python3.12/site-packages/airflow/example_dags/example_inlet_event_extra.py
[2025-10-09T11:51:49.030+0000] {processor.py:925} INFO - DAG(s) 'read_dataset_event', 'read_dataset_event_from_classic' retrieved from /home/airflow/.local/lib/python3.12/site-packages/airflow/example_dags/example_inlet_event_extra.py
[2025-10-09T11:51:49.109+0000] {logging_mixin.py:190} INFO - [2025-10-09T11:51:49.109+0000] {dag.py:3239} INFO - Sync 2 DAGs
[2025-10-09T11:51:49.189+0000] {logging_mixin.py:190} INFO - [2025-10-09T11:51:49.189+0000] {dag.py:4180} INFO - Setting next_dagrun for read_dataset_event to 2025-10-08 00:00:00+00:00, run_after=2025-10-09 00:00:00+00:00
[2025-10-09T11:51:49.214+0000] {logging_mixin.py:190} INFO - [2025-10-09T11:51:49.214+0000] {dag.py:4180} INFO - Setting next_dagrun for read_dataset_event_from_classic to 2025-10-08 00:00:00+00:00, run_after=2025-10-09 00:00:00+00:00
[2025-10-09T11:51:49.273+0000] {processor.py:208} INFO - Processing /home/airflow/.local/lib/python3.12/site-packages/airflow/example_dags/example_inlet_event_extra.py took 0.486 seconds
[2025-10-09T11:52:20.046+0000] {processor.py:186} INFO - Started process (PID=1747) to work on /home/airflow/.local/lib/python3.12/site-packages/airflow/example_dags/example_inlet_event_extra.py
[2025-10-09T11:52:20.048+0000] {processor.py:914} INFO - Processing file /home/airflow/.local/lib/python3.12/site-packages/airflow/example_dags/example_inlet_event_extra.py for tasks to queue
[2025-10-09T11:52:20.052+0000] {logging_mixin.py:190} INFO - [2025-10-09T11:52:20.052+0000] {dagbag.py:588} INFO - Filling up the DagBag from /home/airflow/.local/lib/python3.12/site-packages/airflow/example_dags/example_inlet_event_extra.py
[2025-10-09T11:52:20.236+0000] {processor.py:925} INFO - DAG(s) 'read_dataset_event', 'read_dataset_event_from_classic' retrieved from /home/airflow/.local/lib/python3.12/site-packages/airflow/example_dags/example_inlet_event_extra.py
[2025-10-09T11:52:20.263+0000] {logging_mixin.py:190} INFO - [2025-10-09T11:52:20.262+0000] {dag.py:3239} INFO - Sync 2 DAGs
[2025-10-09T11:52:20.293+0000] {logging_mixin.py:190} INFO - [2025-10-09T11:52:20.293+0000] {dag.py:4180} INFO - Setting next_dagrun for read_dataset_event to 2025-10-08 00:00:00+00:00, run_after=2025-10-09 00:00:00+00:00
[2025-10-09T11:52:20.300+0000] {logging_mixin.py:190} INFO - [2025-10-09T11:52:20.300+0000] {dag.py:4180} INFO - Setting next_dagrun for read_dataset_event_from_classic to 2025-10-08 00:00:00+00:00, run_after=2025-10-09 00:00:00+00:00
[2025-10-09T11:52:20.334+0000] {processor.py:208} INFO - Processing /home/airflow/.local/lib/python3.12/site-packages/airflow/example_dags/example_inlet_event_extra.py took 0.296 seconds
[2025-10-09T11:52:51.030+0000] {processor.py:186} INFO - Started process (PID=1810) to work on /home/airflow/.local/lib/python3.12/site-packages/airflow/example_dags/example_inlet_event_extra.py
[2025-10-09T11:52:51.032+0000] {processor.py:914} INFO - Processing file /home/airflow/.local/lib/python3.12/site-packages/airflow/example_dags/example_inlet_event_extra.py for tasks to queue
[2025-10-09T11:52:51.035+0000] {logging_mixin.py:190} INFO - [2025-10-09T11:52:51.034+0000] {dagbag.py:588} INFO - Filling up the DagBag from /home/airflow/.local/lib/python3.12/site-packages/airflow/example_dags/example_inlet_event_extra.py
[2025-10-09T11:52:51.184+0000] {processor.py:925} INFO - DAG(s) 'read_dataset_event_from_classic', 'read_dataset_event' retrieved from /home/airflow/.local/lib/python3.12/site-packages/airflow/example_dags/example_inlet_event_extra.py
[2025-10-09T11:52:51.388+0000] {logging_mixin.py:190} INFO - [2025-10-09T11:52:51.388+0000] {dag.py:3239} INFO - Sync 2 DAGs
[2025-10-09T11:52:51.426+0000] {logging_mixin.py:190} INFO - [2025-10-09T11:52:51.426+0000] {dag.py:4180} INFO - Setting next_dagrun for read_dataset_event to 2025-10-08 00:00:00+00:00, run_after=2025-10-09 00:00:00+00:00
[2025-10-09T11:52:51.433+0000] {logging_mixin.py:190} INFO - [2025-10-09T11:52:51.433+0000] {dag.py:4180} INFO - Setting next_dagrun for read_dataset_event_from_classic to 2025-10-08 00:00:00+00:00, run_after=2025-10-09 00:00:00+00:00
[2025-10-09T11:52:51.454+0000] {processor.py:208} INFO - Processing /home/airflow/.local/lib/python3.12/site-packages/airflow/example_dags/example_inlet_event_extra.py took 0.430 seconds
[2025-10-09T11:53:21.616+0000] {processor.py:186} INFO - Started process (PID=1873) to work on /home/airflow/.local/lib/python3.12/site-packages/airflow/example_dags/example_inlet_event_extra.py
[2025-10-09T11:53:21.618+0000] {processor.py:914} INFO - Processing file /home/airflow/.local/lib/python3.12/site-packages/airflow/example_dags/example_inlet_event_extra.py for tasks to queue
[2025-10-09T11:53:21.622+0000] {logging_mixin.py:190} INFO - [2025-10-09T11:53:21.621+0000] {dagbag.py:588} INFO - Filling up the DagBag from /home/airflow/.local/lib/python3.12/site-packages/airflow/example_dags/example_inlet_event_extra.py
[2025-10-09T11:53:21.795+0000] {processor.py:925} INFO - DAG(s) 'read_dataset_event', 'read_dataset_event_from_classic' retrieved from /home/airflow/.local/lib/python3.12/site-packages/airflow/example_dags/example_inlet_event_extra.py
[2025-10-09T11:53:21.825+0000] {logging_mixin.py:190} INFO - [2025-10-09T11:53:21.825+0000] {dag.py:3239} INFO - Sync 2 DAGs
[2025-10-09T11:53:22.059+0000] {logging_mixin.py:190} INFO - [2025-10-09T11:53:22.058+0000] {dag.py:4180} INFO - Setting next_dagrun for read_dataset_event to 2025-10-08 00:00:00+00:00, run_after=2025-10-09 00:00:00+00:00
[2025-10-09T11:53:22.068+0000] {logging_mixin.py:190} INFO - [2025-10-09T11:53:22.068+0000] {dag.py:4180} INFO - Setting next_dagrun for read_dataset_event_from_classic to 2025-10-08 00:00:00+00:00, run_after=2025-10-09 00:00:00+00:00
[2025-10-09T11:53:22.104+0000] {processor.py:208} INFO - Processing /home/airflow/.local/lib/python3.12/site-packages/airflow/example_dags/example_inlet_event_extra.py took 0.496 seconds
[2025-10-09T11:53:52.965+0000] {processor.py:186} INFO - Started process (PID=1936) to work on /home/airflow/.local/lib/python3.12/site-packages/airflow/example_dags/example_inlet_event_extra.py
[2025-10-09T11:53:52.966+0000] {processor.py:914} INFO - Processing file /home/airflow/.local/lib/python3.12/site-packages/airflow/example_dags/example_inlet_event_extra.py for tasks to queue
[2025-10-09T11:53:52.970+0000] {logging_mixin.py:190} INFO - [2025-10-09T11:53:52.969+0000] {dagbag.py:588} INFO - Filling up the DagBag from /home/airflow/.local/lib/python3.12/site-packages/airflow/example_dags/example_inlet_event_extra.py
[2025-10-09T11:53:53.134+0000] {processor.py:925} INFO - DAG(s) 'read_dataset_event_from_classic', 'read_dataset_event' retrieved from /home/airflow/.local/lib/python3.12/site-packages/airflow/example_dags/example_inlet_event_extra.py
[2025-10-09T11:53:53.160+0000] {logging_mixin.py:190} INFO - [2025-10-09T11:53:53.159+0000] {dag.py:3239} INFO - Sync 2 DAGs
[2025-10-09T11:53:53.190+0000] {logging_mixin.py:190} INFO - [2025-10-09T11:53:53.190+0000] {dag.py:4180} INFO - Setting next_dagrun for read_dataset_event to 2025-10-08 00:00:00+00:00, run_after=2025-10-09 00:00:00+00:00
[2025-10-09T11:53:53.408+0000] {logging_mixin.py:190} INFO - [2025-10-09T11:53:53.408+0000] {dag.py:4180} INFO - Setting next_dagrun for read_dataset_event_from_classic to 2025-10-08 00:00:00+00:00, run_after=2025-10-09 00:00:00+00:00
[2025-10-09T11:53:53.433+0000] {processor.py:208} INFO - Processing /home/airflow/.local/lib/python3.12/site-packages/airflow/example_dags/example_inlet_event_extra.py took 0.476 seconds
[2025-10-09T12:01:04.654+0000] {processor.py:186} INFO - Started process (PID=86) to work on /home/airflow/.local/lib/python3.12/site-packages/airflow/example_dags/example_inlet_event_extra.py
[2025-10-09T12:01:04.655+0000] {processor.py:914} INFO - Processing file /home/airflow/.local/lib/python3.12/site-packages/airflow/example_dags/example_inlet_event_extra.py for tasks to queue
[2025-10-09T12:01:04.658+0000] {logging_mixin.py:190} INFO - [2025-10-09T12:01:04.658+0000] {dagbag.py:588} INFO - Filling up the DagBag from /home/airflow/.local/lib/python3.12/site-packages/airflow/example_dags/example_inlet_event_extra.py
[2025-10-09T12:01:04.812+0000] {processor.py:925} INFO - DAG(s) 'read_dataset_event_from_classic', 'read_dataset_event' retrieved from /home/airflow/.local/lib/python3.12/site-packages/airflow/example_dags/example_inlet_event_extra.py
[2025-10-09T12:01:04.846+0000] {logging_mixin.py:190} INFO - [2025-10-09T12:01:04.845+0000] {dag.py:3239} INFO - Sync 2 DAGs
[2025-10-09T12:01:04.878+0000] {logging_mixin.py:190} INFO - [2025-10-09T12:01:04.878+0000] {dag.py:4180} INFO - Setting next_dagrun for read_dataset_event to 2025-10-08 00:00:00+00:00, run_after=2025-10-09 00:00:00+00:00
[2025-10-09T12:01:04.885+0000] {logging_mixin.py:190} INFO - [2025-10-09T12:01:04.885+0000] {dag.py:4180} INFO - Setting next_dagrun for read_dataset_event_from_classic to 2025-10-08 00:00:00+00:00, run_after=2025-10-09 00:00:00+00:00
[2025-10-09T12:01:04.908+0000] {processor.py:208} INFO - Processing /home/airflow/.local/lib/python3.12/site-packages/airflow/example_dags/example_inlet_event_extra.py took 0.262 seconds
[2025-10-09T12:01:35.948+0000] {processor.py:186} INFO - Started process (PID=149) to work on /home/airflow/.local/lib/python3.12/site-packages/airflow/example_dags/example_inlet_event_extra.py
[2025-10-09T12:01:35.950+0000] {processor.py:914} INFO - Processing file /home/airflow/.local/lib/python3.12/site-packages/airflow/example_dags/example_inlet_event_extra.py for tasks to queue
[2025-10-09T12:01:35.955+0000] {logging_mixin.py:190} INFO - [2025-10-09T12:01:35.954+0000] {dagbag.py:588} INFO - Filling up the DagBag from /home/airflow/.local/lib/python3.12/site-packages/airflow/example_dags/example_inlet_event_extra.py
[2025-10-09T12:01:36.160+0000] {processor.py:925} INFO - DAG(s) 'read_dataset_event', 'read_dataset_event_from_classic' retrieved from /home/airflow/.local/lib/python3.12/site-packages/airflow/example_dags/example_inlet_event_extra.py
[2025-10-09T12:01:36.207+0000] {logging_mixin.py:190} INFO - [2025-10-09T12:01:36.207+0000] {dag.py:3239} INFO - Sync 2 DAGs
[2025-10-09T12:01:36.257+0000] {logging_mixin.py:190} INFO - [2025-10-09T12:01:36.256+0000] {dag.py:4180} INFO - Setting next_dagrun for read_dataset_event to 2025-10-08 00:00:00+00:00, run_after=2025-10-09 00:00:00+00:00
[2025-10-09T12:01:36.266+0000] {logging_mixin.py:190} INFO - [2025-10-09T12:01:36.265+0000] {dag.py:4180} INFO - Setting next_dagrun for read_dataset_event_from_classic to 2025-10-08 00:00:00+00:00, run_after=2025-10-09 00:00:00+00:00
[2025-10-09T12:01:36.303+0000] {processor.py:208} INFO - Processing /home/airflow/.local/lib/python3.12/site-packages/airflow/example_dags/example_inlet_event_extra.py took 0.364 seconds
[2025-10-09T12:02:07.237+0000] {processor.py:186} INFO - Started process (PID=212) to work on /home/airflow/.local/lib/python3.12/site-packages/airflow/example_dags/example_inlet_event_extra.py
[2025-10-09T12:02:07.240+0000] {processor.py:914} INFO - Processing file /home/airflow/.local/lib/python3.12/site-packages/airflow/example_dags/example_inlet_event_extra.py for tasks to queue
[2025-10-09T12:02:07.245+0000] {logging_mixin.py:190} INFO - [2025-10-09T12:02:07.244+0000] {dagbag.py:588} INFO - Filling up the DagBag from /home/airflow/.local/lib/python3.12/site-packages/airflow/example_dags/example_inlet_event_extra.py
[2025-10-09T12:02:07.492+0000] {processor.py:925} INFO - DAG(s) 'read_dataset_event_from_classic', 'read_dataset_event' retrieved from /home/airflow/.local/lib/python3.12/site-packages/airflow/example_dags/example_inlet_event_extra.py
[2025-10-09T12:02:07.526+0000] {logging_mixin.py:190} INFO - [2025-10-09T12:02:07.526+0000] {dag.py:3239} INFO - Sync 2 DAGs
[2025-10-09T12:02:07.570+0000] {logging_mixin.py:190} INFO - [2025-10-09T12:02:07.569+0000] {dag.py:4180} INFO - Setting next_dagrun for read_dataset_event to 2025-10-08 00:00:00+00:00, run_after=2025-10-09 00:00:00+00:00
[2025-10-09T12:02:07.586+0000] {logging_mixin.py:190} INFO - [2025-10-09T12:02:07.586+0000] {dag.py:4180} INFO - Setting next_dagrun for read_dataset_event_from_classic to 2025-10-08 00:00:00+00:00, run_after=2025-10-09 00:00:00+00:00
[2025-10-09T12:02:07.627+0000] {processor.py:208} INFO - Processing /home/airflow/.local/lib/python3.12/site-packages/airflow/example_dags/example_inlet_event_extra.py took 0.400 seconds
[2025-10-09T12:02:37.823+0000] {processor.py:186} INFO - Started process (PID=275) to work on /home/airflow/.local/lib/python3.12/site-packages/airflow/example_dags/example_inlet_event_extra.py
[2025-10-09T12:02:37.824+0000] {processor.py:914} INFO - Processing file /home/airflow/.local/lib/python3.12/site-packages/airflow/example_dags/example_inlet_event_extra.py for tasks to queue
[2025-10-09T12:02:37.827+0000] {logging_mixin.py:190} INFO - [2025-10-09T12:02:37.827+0000] {dagbag.py:588} INFO - Filling up the DagBag from /home/airflow/.local/lib/python3.12/site-packages/airflow/example_dags/example_inlet_event_extra.py
[2025-10-09T12:02:37.972+0000] {processor.py:925} INFO - DAG(s) 'read_dataset_event_from_classic', 'read_dataset_event' retrieved from /home/airflow/.local/lib/python3.12/site-packages/airflow/example_dags/example_inlet_event_extra.py
[2025-10-09T12:02:37.994+0000] {logging_mixin.py:190} INFO - [2025-10-09T12:02:37.994+0000] {dag.py:3239} INFO - Sync 2 DAGs
[2025-10-09T12:02:38.026+0000] {logging_mixin.py:190} INFO - [2025-10-09T12:02:38.025+0000] {dag.py:4180} INFO - Setting next_dagrun for read_dataset_event to 2025-10-08 00:00:00+00:00, run_after=2025-10-09 00:00:00+00:00
[2025-10-09T12:02:38.032+0000] {logging_mixin.py:190} INFO - [2025-10-09T12:02:38.031+0000] {dag.py:4180} INFO - Setting next_dagrun for read_dataset_event_from_classic to 2025-10-08 00:00:00+00:00, run_after=2025-10-09 00:00:00+00:00
[2025-10-09T12:02:38.051+0000] {processor.py:208} INFO - Processing /home/airflow/.local/lib/python3.12/site-packages/airflow/example_dags/example_inlet_event_extra.py took 0.234 seconds
[2025-10-09T12:03:08.119+0000] {processor.py:186} INFO - Started process (PID=338) to work on /home/airflow/.local/lib/python3.12/site-packages/airflow/example_dags/example_inlet_event_extra.py
[2025-10-09T12:03:08.120+0000] {processor.py:914} INFO - Processing file /home/airflow/.local/lib/python3.12/site-packages/airflow/example_dags/example_inlet_event_extra.py for tasks to queue
[2025-10-09T12:03:08.125+0000] {logging_mixin.py:190} INFO - [2025-10-09T12:03:08.125+0000] {dagbag.py:588} INFO - Filling up the DagBag from /home/airflow/.local/lib/python3.12/site-packages/airflow/example_dags/example_inlet_event_extra.py
[2025-10-09T12:03:08.309+0000] {processor.py:925} INFO - DAG(s) 'read_dataset_event_from_classic', 'read_dataset_event' retrieved from /home/airflow/.local/lib/python3.12/site-packages/airflow/example_dags/example_inlet_event_extra.py
[2025-10-09T12:03:08.344+0000] {logging_mixin.py:190} INFO - [2025-10-09T12:03:08.344+0000] {dag.py:3239} INFO - Sync 2 DAGs
[2025-10-09T12:03:08.377+0000] {logging_mixin.py:190} INFO - [2025-10-09T12:03:08.376+0000] {dag.py:4180} INFO - Setting next_dagrun for read_dataset_event to 2025-10-08 00:00:00+00:00, run_after=2025-10-09 00:00:00+00:00
[2025-10-09T12:03:08.385+0000] {logging_mixin.py:190} INFO - [2025-10-09T12:03:08.384+0000] {dag.py:4180} INFO - Setting next_dagrun for read_dataset_event_from_classic to 2025-10-08 00:00:00+00:00, run_after=2025-10-09 00:00:00+00:00
[2025-10-09T12:03:08.408+0000] {processor.py:208} INFO - Processing /home/airflow/.local/lib/python3.12/site-packages/airflow/example_dags/example_inlet_event_extra.py took 0.297 seconds
[2025-10-09T12:03:38.510+0000] {processor.py:186} INFO - Started process (PID=402) to work on /home/airflow/.local/lib/python3.12/site-packages/airflow/example_dags/example_inlet_event_extra.py
[2025-10-09T12:03:38.511+0000] {processor.py:914} INFO - Processing file /home/airflow/.local/lib/python3.12/site-packages/airflow/example_dags/example_inlet_event_extra.py for tasks to queue
[2025-10-09T12:03:38.517+0000] {logging_mixin.py:190} INFO - [2025-10-09T12:03:38.516+0000] {dagbag.py:588} INFO - Filling up the DagBag from /home/airflow/.local/lib/python3.12/site-packages/airflow/example_dags/example_inlet_event_extra.py
[2025-10-09T12:03:38.756+0000] {processor.py:925} INFO - DAG(s) 'read_dataset_event', 'read_dataset_event_from_classic' retrieved from /home/airflow/.local/lib/python3.12/site-packages/airflow/example_dags/example_inlet_event_extra.py
[2025-10-09T12:03:38.790+0000] {logging_mixin.py:190} INFO - [2025-10-09T12:03:38.790+0000] {dag.py:3239} INFO - Sync 2 DAGs
[2025-10-09T12:03:38.832+0000] {logging_mixin.py:190} INFO - [2025-10-09T12:03:38.832+0000] {dag.py:4180} INFO - Setting next_dagrun for read_dataset_event to 2025-10-08 00:00:00+00:00, run_after=2025-10-09 00:00:00+00:00
[2025-10-09T12:03:38.841+0000] {logging_mixin.py:190} INFO - [2025-10-09T12:03:38.840+0000] {dag.py:4180} INFO - Setting next_dagrun for read_dataset_event_from_classic to 2025-10-08 00:00:00+00:00, run_after=2025-10-09 00:00:00+00:00
[2025-10-09T12:03:38.873+0000] {processor.py:208} INFO - Processing /home/airflow/.local/lib/python3.12/site-packages/airflow/example_dags/example_inlet_event_extra.py took 0.384 seconds
[2025-10-09T12:04:09.062+0000] {processor.py:186} INFO - Started process (PID=465) to work on /home/airflow/.local/lib/python3.12/site-packages/airflow/example_dags/example_inlet_event_extra.py
[2025-10-09T12:04:09.064+0000] {processor.py:914} INFO - Processing file /home/airflow/.local/lib/python3.12/site-packages/airflow/example_dags/example_inlet_event_extra.py for tasks to queue
[2025-10-09T12:04:09.069+0000] {logging_mixin.py:190} INFO - [2025-10-09T12:04:09.068+0000] {dagbag.py:588} INFO - Filling up the DagBag from /home/airflow/.local/lib/python3.12/site-packages/airflow/example_dags/example_inlet_event_extra.py
[2025-10-09T12:04:09.305+0000] {processor.py:925} INFO - DAG(s) 'read_dataset_event', 'read_dataset_event_from_classic' retrieved from /home/airflow/.local/lib/python3.12/site-packages/airflow/example_dags/example_inlet_event_extra.py
[2025-10-09T12:04:09.338+0000] {logging_mixin.py:190} INFO - [2025-10-09T12:04:09.337+0000] {dag.py:3239} INFO - Sync 2 DAGs
[2025-10-09T12:04:09.367+0000] {logging_mixin.py:190} INFO - [2025-10-09T12:04:09.366+0000] {dag.py:4180} INFO - Setting next_dagrun for read_dataset_event to 2025-10-08 00:00:00+00:00, run_after=2025-10-09 00:00:00+00:00
[2025-10-09T12:04:09.372+0000] {logging_mixin.py:190} INFO - [2025-10-09T12:04:09.372+0000] {dag.py:4180} INFO - Setting next_dagrun for read_dataset_event_from_classic to 2025-10-08 00:00:00+00:00, run_after=2025-10-09 00:00:00+00:00
[2025-10-09T12:04:09.399+0000] {processor.py:208} INFO - Processing /home/airflow/.local/lib/python3.12/site-packages/airflow/example_dags/example_inlet_event_extra.py took 0.348 seconds
