[2025-10-09T00:25:44.621+0000] {processor.py:186} INFO - Started process (PID=9238) to work on /home/airflow/.local/lib/python3.12/site-packages/airflow/example_dags/example_short_circuit_decorator.py
[2025-10-09T00:25:44.695+0000] {processor.py:914} INFO - Processing file /home/airflow/.local/lib/python3.12/site-packages/airflow/example_dags/example_short_circuit_decorator.py for tasks to queue
[2025-10-09T00:25:44.700+0000] {logging_mixin.py:190} INFO - [2025-10-09T00:25:44.699+0000] {dagbag.py:588} INFO - Filling up the DagBag from /home/airflow/.local/lib/python3.12/site-packages/airflow/example_dags/example_short_circuit_decorator.py
[2025-10-09T00:25:44.746+0000] {processor.py:925} INFO - DAG(s) 'example_short_circuit_decorator' retrieved from /home/airflow/.local/lib/python3.12/site-packages/airflow/example_dags/example_short_circuit_decorator.py
[2025-10-09T00:25:44.866+0000] {logging_mixin.py:190} INFO - [2025-10-09T00:25:44.866+0000] {dag.py:3239} INFO - Sync 1 DAGs
[2025-10-09T00:25:44.887+0000] {logging_mixin.py:190} INFO - [2025-10-09T00:25:44.887+0000] {dag.py:4180} INFO - Setting next_dagrun for example_short_circuit_decorator to None, run_after=None
[2025-10-09T00:25:44.997+0000] {processor.py:208} INFO - Processing /home/airflow/.local/lib/python3.12/site-packages/airflow/example_dags/example_short_circuit_decorator.py took 0.388 seconds
[2025-10-09T00:26:39.366+0000] {processor.py:186} INFO - Started process (PID=9301) to work on /home/airflow/.local/lib/python3.12/site-packages/airflow/example_dags/example_short_circuit_decorator.py
[2025-10-09T00:26:39.371+0000] {processor.py:914} INFO - Processing file /home/airflow/.local/lib/python3.12/site-packages/airflow/example_dags/example_short_circuit_decorator.py for tasks to queue
[2025-10-09T00:26:39.376+0000] {logging_mixin.py:190} INFO - [2025-10-09T00:26:39.374+0000] {dagbag.py:588} INFO - Filling up the DagBag from /home/airflow/.local/lib/python3.12/site-packages/airflow/example_dags/example_short_circuit_decorator.py
[2025-10-09T00:26:39.431+0000] {processor.py:925} INFO - DAG(s) 'example_short_circuit_decorator' retrieved from /home/airflow/.local/lib/python3.12/site-packages/airflow/example_dags/example_short_circuit_decorator.py
[2025-10-09T00:26:39.562+0000] {logging_mixin.py:190} INFO - [2025-10-09T00:26:39.550+0000] {dag.py:3239} INFO - Sync 1 DAGs
[2025-10-09T00:26:39.616+0000] {logging_mixin.py:190} INFO - [2025-10-09T00:26:39.616+0000] {dag.py:4180} INFO - Setting next_dagrun for example_short_circuit_decorator to None, run_after=None
[2025-10-09T00:26:39.740+0000] {processor.py:208} INFO - Processing /home/airflow/.local/lib/python3.12/site-packages/airflow/example_dags/example_short_circuit_decorator.py took 0.420 seconds
[2025-10-09T11:03:44.129+0000] {processor.py:186} INFO - Started process (PID=108) to work on /home/airflow/.local/lib/python3.12/site-packages/airflow/example_dags/example_short_circuit_decorator.py
[2025-10-09T11:03:44.131+0000] {processor.py:914} INFO - Processing file /home/airflow/.local/lib/python3.12/site-packages/airflow/example_dags/example_short_circuit_decorator.py for tasks to queue
[2025-10-09T11:03:44.137+0000] {logging_mixin.py:190} INFO - [2025-10-09T11:03:44.136+0000] {dagbag.py:588} INFO - Filling up the DagBag from /home/airflow/.local/lib/python3.12/site-packages/airflow/example_dags/example_short_circuit_decorator.py
[2025-10-09T11:03:44.171+0000] {processor.py:925} INFO - DAG(s) 'example_short_circuit_decorator' retrieved from /home/airflow/.local/lib/python3.12/site-packages/airflow/example_dags/example_short_circuit_decorator.py
[2025-10-09T11:03:44.217+0000] {logging_mixin.py:190} INFO - [2025-10-09T11:03:44.216+0000] {dag.py:3239} INFO - Sync 1 DAGs
[2025-10-09T11:03:44.253+0000] {logging_mixin.py:190} INFO - [2025-10-09T11:03:44.252+0000] {dag.py:4180} INFO - Setting next_dagrun for example_short_circuit_decorator to None, run_after=None
[2025-10-09T11:03:44.294+0000] {processor.py:208} INFO - Processing /home/airflow/.local/lib/python3.12/site-packages/airflow/example_dags/example_short_circuit_decorator.py took 0.173 seconds
[2025-10-09T11:04:35.116+0000] {processor.py:186} INFO - Started process (PID=177) to work on /home/airflow/.local/lib/python3.12/site-packages/airflow/example_dags/example_short_circuit_decorator.py
[2025-10-09T11:04:35.118+0000] {processor.py:914} INFO - Processing file /home/airflow/.local/lib/python3.12/site-packages/airflow/example_dags/example_short_circuit_decorator.py for tasks to queue
[2025-10-09T11:04:35.125+0000] {logging_mixin.py:190} INFO - [2025-10-09T11:04:35.124+0000] {dagbag.py:588} INFO - Filling up the DagBag from /home/airflow/.local/lib/python3.12/site-packages/airflow/example_dags/example_short_circuit_decorator.py
[2025-10-09T11:04:35.149+0000] {processor.py:925} INFO - DAG(s) 'example_short_circuit_decorator' retrieved from /home/airflow/.local/lib/python3.12/site-packages/airflow/example_dags/example_short_circuit_decorator.py
[2025-10-09T11:04:35.206+0000] {logging_mixin.py:190} INFO - [2025-10-09T11:04:35.206+0000] {dag.py:3239} INFO - Sync 1 DAGs
[2025-10-09T11:04:35.258+0000] {logging_mixin.py:190} INFO - [2025-10-09T11:04:35.258+0000] {dag.py:4180} INFO - Setting next_dagrun for example_short_circuit_decorator to None, run_after=None
[2025-10-09T11:04:35.311+0000] {processor.py:208} INFO - Processing /home/airflow/.local/lib/python3.12/site-packages/airflow/example_dags/example_short_circuit_decorator.py took 0.208 seconds
[2025-10-09T11:05:43.709+0000] {processor.py:186} INFO - Started process (PID=246) to work on /home/airflow/.local/lib/python3.12/site-packages/airflow/example_dags/example_short_circuit_decorator.py
[2025-10-09T11:05:43.718+0000] {processor.py:914} INFO - Processing file /home/airflow/.local/lib/python3.12/site-packages/airflow/example_dags/example_short_circuit_decorator.py for tasks to queue
[2025-10-09T11:05:43.724+0000] {logging_mixin.py:190} INFO - [2025-10-09T11:05:43.723+0000] {dagbag.py:588} INFO - Filling up the DagBag from /home/airflow/.local/lib/python3.12/site-packages/airflow/example_dags/example_short_circuit_decorator.py
[2025-10-09T11:05:43.747+0000] {processor.py:925} INFO - DAG(s) 'example_short_circuit_decorator' retrieved from /home/airflow/.local/lib/python3.12/site-packages/airflow/example_dags/example_short_circuit_decorator.py
[2025-10-09T11:05:43.807+0000] {logging_mixin.py:190} INFO - [2025-10-09T11:05:43.807+0000] {dag.py:3239} INFO - Sync 1 DAGs
[2025-10-09T11:05:43.834+0000] {logging_mixin.py:190} INFO - [2025-10-09T11:05:43.833+0000] {dag.py:4180} INFO - Setting next_dagrun for example_short_circuit_decorator to None, run_after=None
[2025-10-09T11:05:43.923+0000] {processor.py:208} INFO - Processing /home/airflow/.local/lib/python3.12/site-packages/airflow/example_dags/example_short_circuit_decorator.py took 0.226 seconds
[2025-10-09T11:06:15.498+0000] {processor.py:186} INFO - Started process (PID=309) to work on /home/airflow/.local/lib/python3.12/site-packages/airflow/example_dags/example_short_circuit_decorator.py
[2025-10-09T11:06:15.500+0000] {processor.py:914} INFO - Processing file /home/airflow/.local/lib/python3.12/site-packages/airflow/example_dags/example_short_circuit_decorator.py for tasks to queue
[2025-10-09T11:06:15.504+0000] {logging_mixin.py:190} INFO - [2025-10-09T11:06:15.504+0000] {dagbag.py:588} INFO - Filling up the DagBag from /home/airflow/.local/lib/python3.12/site-packages/airflow/example_dags/example_short_circuit_decorator.py
[2025-10-09T11:06:15.523+0000] {processor.py:925} INFO - DAG(s) 'example_short_circuit_decorator' retrieved from /home/airflow/.local/lib/python3.12/site-packages/airflow/example_dags/example_short_circuit_decorator.py
[2025-10-09T11:06:15.548+0000] {logging_mixin.py:190} INFO - [2025-10-09T11:06:15.548+0000] {dag.py:3239} INFO - Sync 1 DAGs
[2025-10-09T11:06:15.565+0000] {logging_mixin.py:190} INFO - [2025-10-09T11:06:15.564+0000] {dag.py:4180} INFO - Setting next_dagrun for example_short_circuit_decorator to None, run_after=None
[2025-10-09T11:06:15.720+0000] {processor.py:208} INFO - Processing /home/airflow/.local/lib/python3.12/site-packages/airflow/example_dags/example_short_circuit_decorator.py took 0.229 seconds
[2025-10-09T11:06:46.424+0000] {processor.py:186} INFO - Started process (PID=371) to work on /home/airflow/.local/lib/python3.12/site-packages/airflow/example_dags/example_short_circuit_decorator.py
[2025-10-09T11:06:46.426+0000] {processor.py:914} INFO - Processing file /home/airflow/.local/lib/python3.12/site-packages/airflow/example_dags/example_short_circuit_decorator.py for tasks to queue
[2025-10-09T11:06:46.431+0000] {logging_mixin.py:190} INFO - [2025-10-09T11:06:46.430+0000] {dagbag.py:588} INFO - Filling up the DagBag from /home/airflow/.local/lib/python3.12/site-packages/airflow/example_dags/example_short_circuit_decorator.py
[2025-10-09T11:06:46.453+0000] {processor.py:925} INFO - DAG(s) 'example_short_circuit_decorator' retrieved from /home/airflow/.local/lib/python3.12/site-packages/airflow/example_dags/example_short_circuit_decorator.py
[2025-10-09T11:06:46.493+0000] {logging_mixin.py:190} INFO - [2025-10-09T11:06:46.492+0000] {dag.py:3239} INFO - Sync 1 DAGs
[2025-10-09T11:06:46.524+0000] {logging_mixin.py:190} INFO - [2025-10-09T11:06:46.523+0000] {dag.py:4180} INFO - Setting next_dagrun for example_short_circuit_decorator to None, run_after=None
[2025-10-09T11:06:46.574+0000] {processor.py:208} INFO - Processing /home/airflow/.local/lib/python3.12/site-packages/airflow/example_dags/example_short_circuit_decorator.py took 0.158 seconds
[2025-10-09T11:07:17.115+0000] {processor.py:186} INFO - Started process (PID=434) to work on /home/airflow/.local/lib/python3.12/site-packages/airflow/example_dags/example_short_circuit_decorator.py
[2025-10-09T11:07:17.117+0000] {processor.py:914} INFO - Processing file /home/airflow/.local/lib/python3.12/site-packages/airflow/example_dags/example_short_circuit_decorator.py for tasks to queue
[2025-10-09T11:07:17.123+0000] {logging_mixin.py:190} INFO - [2025-10-09T11:07:17.122+0000] {dagbag.py:588} INFO - Filling up the DagBag from /home/airflow/.local/lib/python3.12/site-packages/airflow/example_dags/example_short_circuit_decorator.py
[2025-10-09T11:07:17.138+0000] {processor.py:925} INFO - DAG(s) 'example_short_circuit_decorator' retrieved from /home/airflow/.local/lib/python3.12/site-packages/airflow/example_dags/example_short_circuit_decorator.py
[2025-10-09T11:07:17.162+0000] {logging_mixin.py:190} INFO - [2025-10-09T11:07:17.162+0000] {dag.py:3239} INFO - Sync 1 DAGs
[2025-10-09T11:07:17.182+0000] {logging_mixin.py:190} INFO - [2025-10-09T11:07:17.181+0000] {dag.py:4180} INFO - Setting next_dagrun for example_short_circuit_decorator to None, run_after=None
[2025-10-09T11:07:17.206+0000] {processor.py:208} INFO - Processing /home/airflow/.local/lib/python3.12/site-packages/airflow/example_dags/example_short_circuit_decorator.py took 0.099 seconds
[2025-10-09T11:07:47.927+0000] {processor.py:186} INFO - Started process (PID=497) to work on /home/airflow/.local/lib/python3.12/site-packages/airflow/example_dags/example_short_circuit_decorator.py
[2025-10-09T11:07:47.933+0000] {processor.py:914} INFO - Processing file /home/airflow/.local/lib/python3.12/site-packages/airflow/example_dags/example_short_circuit_decorator.py for tasks to queue
[2025-10-09T11:07:47.974+0000] {logging_mixin.py:190} INFO - [2025-10-09T11:07:47.964+0000] {dagbag.py:588} INFO - Filling up the DagBag from /home/airflow/.local/lib/python3.12/site-packages/airflow/example_dags/example_short_circuit_decorator.py
[2025-10-09T11:07:48.059+0000] {processor.py:925} INFO - DAG(s) 'example_short_circuit_decorator' retrieved from /home/airflow/.local/lib/python3.12/site-packages/airflow/example_dags/example_short_circuit_decorator.py
[2025-10-09T11:07:48.105+0000] {logging_mixin.py:190} INFO - [2025-10-09T11:07:48.105+0000] {dag.py:3239} INFO - Sync 1 DAGs
[2025-10-09T11:07:48.142+0000] {logging_mixin.py:190} INFO - [2025-10-09T11:07:48.141+0000] {dag.py:4180} INFO - Setting next_dagrun for example_short_circuit_decorator to None, run_after=None
[2025-10-09T11:07:48.183+0000] {processor.py:208} INFO - Processing /home/airflow/.local/lib/python3.12/site-packages/airflow/example_dags/example_short_circuit_decorator.py took 0.301 seconds
[2025-10-09T11:08:18.521+0000] {processor.py:186} INFO - Started process (PID=560) to work on /home/airflow/.local/lib/python3.12/site-packages/airflow/example_dags/example_short_circuit_decorator.py
[2025-10-09T11:08:18.523+0000] {processor.py:914} INFO - Processing file /home/airflow/.local/lib/python3.12/site-packages/airflow/example_dags/example_short_circuit_decorator.py for tasks to queue
[2025-10-09T11:08:18.531+0000] {logging_mixin.py:190} INFO - [2025-10-09T11:08:18.530+0000] {dagbag.py:588} INFO - Filling up the DagBag from /home/airflow/.local/lib/python3.12/site-packages/airflow/example_dags/example_short_circuit_decorator.py
[2025-10-09T11:08:18.573+0000] {processor.py:925} INFO - DAG(s) 'example_short_circuit_decorator' retrieved from /home/airflow/.local/lib/python3.12/site-packages/airflow/example_dags/example_short_circuit_decorator.py
[2025-10-09T11:08:18.634+0000] {logging_mixin.py:190} INFO - [2025-10-09T11:08:18.634+0000] {dag.py:3239} INFO - Sync 1 DAGs
[2025-10-09T11:08:18.675+0000] {logging_mixin.py:190} INFO - [2025-10-09T11:08:18.674+0000] {dag.py:4180} INFO - Setting next_dagrun for example_short_circuit_decorator to None, run_after=None
[2025-10-09T11:08:18.734+0000] {processor.py:208} INFO - Processing /home/airflow/.local/lib/python3.12/site-packages/airflow/example_dags/example_short_circuit_decorator.py took 0.230 seconds
[2025-10-09T11:08:51.954+0000] {processor.py:186} INFO - Started process (PID=625) to work on /home/airflow/.local/lib/python3.12/site-packages/airflow/example_dags/example_short_circuit_decorator.py
[2025-10-09T11:08:51.956+0000] {processor.py:914} INFO - Processing file /home/airflow/.local/lib/python3.12/site-packages/airflow/example_dags/example_short_circuit_decorator.py for tasks to queue
[2025-10-09T11:08:51.960+0000] {logging_mixin.py:190} INFO - [2025-10-09T11:08:51.960+0000] {dagbag.py:588} INFO - Filling up the DagBag from /home/airflow/.local/lib/python3.12/site-packages/airflow/example_dags/example_short_circuit_decorator.py
[2025-10-09T11:08:51.987+0000] {processor.py:925} INFO - DAG(s) 'example_short_circuit_decorator' retrieved from /home/airflow/.local/lib/python3.12/site-packages/airflow/example_dags/example_short_circuit_decorator.py
[2025-10-09T11:08:52.044+0000] {logging_mixin.py:190} INFO - [2025-10-09T11:08:52.043+0000] {dag.py:3239} INFO - Sync 1 DAGs
[2025-10-09T11:08:52.089+0000] {logging_mixin.py:190} INFO - [2025-10-09T11:08:52.089+0000] {dag.py:4180} INFO - Setting next_dagrun for example_short_circuit_decorator to None, run_after=None
[2025-10-09T11:08:52.126+0000] {processor.py:208} INFO - Processing /home/airflow/.local/lib/python3.12/site-packages/airflow/example_dags/example_short_circuit_decorator.py took 0.183 seconds
[2025-10-09T11:09:23.025+0000] {processor.py:186} INFO - Started process (PID=687) to work on /home/airflow/.local/lib/python3.12/site-packages/airflow/example_dags/example_short_circuit_decorator.py
[2025-10-09T11:09:23.027+0000] {processor.py:914} INFO - Processing file /home/airflow/.local/lib/python3.12/site-packages/airflow/example_dags/example_short_circuit_decorator.py for tasks to queue
[2025-10-09T11:09:23.031+0000] {logging_mixin.py:190} INFO - [2025-10-09T11:09:23.031+0000] {dagbag.py:588} INFO - Filling up the DagBag from /home/airflow/.local/lib/python3.12/site-packages/airflow/example_dags/example_short_circuit_decorator.py
[2025-10-09T11:09:23.047+0000] {processor.py:925} INFO - DAG(s) 'example_short_circuit_decorator' retrieved from /home/airflow/.local/lib/python3.12/site-packages/airflow/example_dags/example_short_circuit_decorator.py
[2025-10-09T11:09:23.085+0000] {logging_mixin.py:190} INFO - [2025-10-09T11:09:23.084+0000] {dag.py:3239} INFO - Sync 1 DAGs
[2025-10-09T11:09:23.105+0000] {logging_mixin.py:190} INFO - [2025-10-09T11:09:23.104+0000] {dag.py:4180} INFO - Setting next_dagrun for example_short_circuit_decorator to None, run_after=None
[2025-10-09T11:09:23.131+0000] {processor.py:208} INFO - Processing /home/airflow/.local/lib/python3.12/site-packages/airflow/example_dags/example_short_circuit_decorator.py took 0.116 seconds
[2025-10-09T11:09:54.115+0000] {processor.py:186} INFO - Started process (PID=751) to work on /home/airflow/.local/lib/python3.12/site-packages/airflow/example_dags/example_short_circuit_decorator.py
[2025-10-09T11:09:54.116+0000] {processor.py:914} INFO - Processing file /home/airflow/.local/lib/python3.12/site-packages/airflow/example_dags/example_short_circuit_decorator.py for tasks to queue
[2025-10-09T11:09:54.119+0000] {logging_mixin.py:190} INFO - [2025-10-09T11:09:54.119+0000] {dagbag.py:588} INFO - Filling up the DagBag from /home/airflow/.local/lib/python3.12/site-packages/airflow/example_dags/example_short_circuit_decorator.py
[2025-10-09T11:09:54.132+0000] {processor.py:925} INFO - DAG(s) 'example_short_circuit_decorator' retrieved from /home/airflow/.local/lib/python3.12/site-packages/airflow/example_dags/example_short_circuit_decorator.py
[2025-10-09T11:09:54.158+0000] {logging_mixin.py:190} INFO - [2025-10-09T11:09:54.158+0000] {dag.py:3239} INFO - Sync 1 DAGs
[2025-10-09T11:09:54.174+0000] {logging_mixin.py:190} INFO - [2025-10-09T11:09:54.174+0000] {dag.py:4180} INFO - Setting next_dagrun for example_short_circuit_decorator to None, run_after=None
[2025-10-09T11:09:54.198+0000] {processor.py:208} INFO - Processing /home/airflow/.local/lib/python3.12/site-packages/airflow/example_dags/example_short_circuit_decorator.py took 0.090 seconds
[2025-10-09T11:10:24.524+0000] {processor.py:186} INFO - Started process (PID=814) to work on /home/airflow/.local/lib/python3.12/site-packages/airflow/example_dags/example_short_circuit_decorator.py
[2025-10-09T11:10:24.526+0000] {processor.py:914} INFO - Processing file /home/airflow/.local/lib/python3.12/site-packages/airflow/example_dags/example_short_circuit_decorator.py for tasks to queue
[2025-10-09T11:10:24.531+0000] {logging_mixin.py:190} INFO - [2025-10-09T11:10:24.530+0000] {dagbag.py:588} INFO - Filling up the DagBag from /home/airflow/.local/lib/python3.12/site-packages/airflow/example_dags/example_short_circuit_decorator.py
[2025-10-09T11:10:24.548+0000] {processor.py:925} INFO - DAG(s) 'example_short_circuit_decorator' retrieved from /home/airflow/.local/lib/python3.12/site-packages/airflow/example_dags/example_short_circuit_decorator.py
[2025-10-09T11:10:24.587+0000] {logging_mixin.py:190} INFO - [2025-10-09T11:10:24.586+0000] {dag.py:3239} INFO - Sync 1 DAGs
[2025-10-09T11:10:24.617+0000] {logging_mixin.py:190} INFO - [2025-10-09T11:10:24.616+0000] {dag.py:4180} INFO - Setting next_dagrun for example_short_circuit_decorator to None, run_after=None
[2025-10-09T11:10:24.650+0000] {processor.py:208} INFO - Processing /home/airflow/.local/lib/python3.12/site-packages/airflow/example_dags/example_short_circuit_decorator.py took 0.137 seconds
[2025-10-09T11:10:55.286+0000] {processor.py:186} INFO - Started process (PID=877) to work on /home/airflow/.local/lib/python3.12/site-packages/airflow/example_dags/example_short_circuit_decorator.py
[2025-10-09T11:10:55.287+0000] {processor.py:914} INFO - Processing file /home/airflow/.local/lib/python3.12/site-packages/airflow/example_dags/example_short_circuit_decorator.py for tasks to queue
[2025-10-09T11:10:55.290+0000] {logging_mixin.py:190} INFO - [2025-10-09T11:10:55.289+0000] {dagbag.py:588} INFO - Filling up the DagBag from /home/airflow/.local/lib/python3.12/site-packages/airflow/example_dags/example_short_circuit_decorator.py
[2025-10-09T11:10:55.308+0000] {processor.py:925} INFO - DAG(s) 'example_short_circuit_decorator' retrieved from /home/airflow/.local/lib/python3.12/site-packages/airflow/example_dags/example_short_circuit_decorator.py
[2025-10-09T11:10:55.334+0000] {logging_mixin.py:190} INFO - [2025-10-09T11:10:55.334+0000] {dag.py:3239} INFO - Sync 1 DAGs
[2025-10-09T11:10:55.350+0000] {logging_mixin.py:190} INFO - [2025-10-09T11:10:55.350+0000] {dag.py:4180} INFO - Setting next_dagrun for example_short_circuit_decorator to None, run_after=None
[2025-10-09T11:10:55.381+0000] {processor.py:208} INFO - Processing /home/airflow/.local/lib/python3.12/site-packages/airflow/example_dags/example_short_circuit_decorator.py took 0.102 seconds
[2025-10-09T11:11:25.931+0000] {processor.py:186} INFO - Started process (PID=942) to work on /home/airflow/.local/lib/python3.12/site-packages/airflow/example_dags/example_short_circuit_decorator.py
[2025-10-09T11:11:25.932+0000] {processor.py:914} INFO - Processing file /home/airflow/.local/lib/python3.12/site-packages/airflow/example_dags/example_short_circuit_decorator.py for tasks to queue
[2025-10-09T11:11:25.935+0000] {logging_mixin.py:190} INFO - [2025-10-09T11:11:25.934+0000] {dagbag.py:588} INFO - Filling up the DagBag from /home/airflow/.local/lib/python3.12/site-packages/airflow/example_dags/example_short_circuit_decorator.py
[2025-10-09T11:11:25.946+0000] {processor.py:925} INFO - DAG(s) 'example_short_circuit_decorator' retrieved from /home/airflow/.local/lib/python3.12/site-packages/airflow/example_dags/example_short_circuit_decorator.py
[2025-10-09T11:11:25.973+0000] {logging_mixin.py:190} INFO - [2025-10-09T11:11:25.972+0000] {dag.py:3239} INFO - Sync 1 DAGs
[2025-10-09T11:11:25.988+0000] {logging_mixin.py:190} INFO - [2025-10-09T11:11:25.987+0000] {dag.py:4180} INFO - Setting next_dagrun for example_short_circuit_decorator to None, run_after=None
[2025-10-09T11:11:26.009+0000] {processor.py:208} INFO - Processing /home/airflow/.local/lib/python3.12/site-packages/airflow/example_dags/example_short_circuit_decorator.py took 0.085 seconds
[2025-10-09T11:11:56.251+0000] {processor.py:186} INFO - Started process (PID=1005) to work on /home/airflow/.local/lib/python3.12/site-packages/airflow/example_dags/example_short_circuit_decorator.py
[2025-10-09T11:11:56.252+0000] {processor.py:914} INFO - Processing file /home/airflow/.local/lib/python3.12/site-packages/airflow/example_dags/example_short_circuit_decorator.py for tasks to queue
[2025-10-09T11:11:56.255+0000] {logging_mixin.py:190} INFO - [2025-10-09T11:11:56.255+0000] {dagbag.py:588} INFO - Filling up the DagBag from /home/airflow/.local/lib/python3.12/site-packages/airflow/example_dags/example_short_circuit_decorator.py
[2025-10-09T11:11:56.267+0000] {processor.py:925} INFO - DAG(s) 'example_short_circuit_decorator' retrieved from /home/airflow/.local/lib/python3.12/site-packages/airflow/example_dags/example_short_circuit_decorator.py
[2025-10-09T11:11:56.291+0000] {logging_mixin.py:190} INFO - [2025-10-09T11:11:56.291+0000] {dag.py:3239} INFO - Sync 1 DAGs
[2025-10-09T11:11:56.307+0000] {logging_mixin.py:190} INFO - [2025-10-09T11:11:56.307+0000] {dag.py:4180} INFO - Setting next_dagrun for example_short_circuit_decorator to None, run_after=None
[2025-10-09T11:11:56.329+0000] {processor.py:208} INFO - Processing /home/airflow/.local/lib/python3.12/site-packages/airflow/example_dags/example_short_circuit_decorator.py took 0.085 seconds
[2025-10-09T11:12:27.115+0000] {processor.py:186} INFO - Started process (PID=1068) to work on /home/airflow/.local/lib/python3.12/site-packages/airflow/example_dags/example_short_circuit_decorator.py
[2025-10-09T11:12:27.117+0000] {processor.py:914} INFO - Processing file /home/airflow/.local/lib/python3.12/site-packages/airflow/example_dags/example_short_circuit_decorator.py for tasks to queue
[2025-10-09T11:12:27.119+0000] {logging_mixin.py:190} INFO - [2025-10-09T11:12:27.119+0000] {dagbag.py:588} INFO - Filling up the DagBag from /home/airflow/.local/lib/python3.12/site-packages/airflow/example_dags/example_short_circuit_decorator.py
[2025-10-09T11:12:27.130+0000] {processor.py:925} INFO - DAG(s) 'example_short_circuit_decorator' retrieved from /home/airflow/.local/lib/python3.12/site-packages/airflow/example_dags/example_short_circuit_decorator.py
[2025-10-09T11:12:27.156+0000] {logging_mixin.py:190} INFO - [2025-10-09T11:12:27.155+0000] {dag.py:3239} INFO - Sync 1 DAGs
[2025-10-09T11:12:27.173+0000] {logging_mixin.py:190} INFO - [2025-10-09T11:12:27.173+0000] {dag.py:4180} INFO - Setting next_dagrun for example_short_circuit_decorator to None, run_after=None
[2025-10-09T11:12:27.216+0000] {processor.py:208} INFO - Processing /home/airflow/.local/lib/python3.12/site-packages/airflow/example_dags/example_short_circuit_decorator.py took 0.108 seconds
[2025-10-09T11:12:57.465+0000] {processor.py:186} INFO - Started process (PID=1130) to work on /home/airflow/.local/lib/python3.12/site-packages/airflow/example_dags/example_short_circuit_decorator.py
[2025-10-09T11:12:57.467+0000] {processor.py:914} INFO - Processing file /home/airflow/.local/lib/python3.12/site-packages/airflow/example_dags/example_short_circuit_decorator.py for tasks to queue
[2025-10-09T11:12:57.472+0000] {logging_mixin.py:190} INFO - [2025-10-09T11:12:57.472+0000] {dagbag.py:588} INFO - Filling up the DagBag from /home/airflow/.local/lib/python3.12/site-packages/airflow/example_dags/example_short_circuit_decorator.py
[2025-10-09T11:12:57.492+0000] {processor.py:925} INFO - DAG(s) 'example_short_circuit_decorator' retrieved from /home/airflow/.local/lib/python3.12/site-packages/airflow/example_dags/example_short_circuit_decorator.py
[2025-10-09T11:12:57.525+0000] {logging_mixin.py:190} INFO - [2025-10-09T11:12:57.524+0000] {dag.py:3239} INFO - Sync 1 DAGs
[2025-10-09T11:12:57.550+0000] {logging_mixin.py:190} INFO - [2025-10-09T11:12:57.549+0000] {dag.py:4180} INFO - Setting next_dagrun for example_short_circuit_decorator to None, run_after=None
[2025-10-09T11:12:57.591+0000] {processor.py:208} INFO - Processing /home/airflow/.local/lib/python3.12/site-packages/airflow/example_dags/example_short_circuit_decorator.py took 0.136 seconds
[2025-10-09T11:13:28.210+0000] {processor.py:186} INFO - Started process (PID=1193) to work on /home/airflow/.local/lib/python3.12/site-packages/airflow/example_dags/example_short_circuit_decorator.py
[2025-10-09T11:13:28.211+0000] {processor.py:914} INFO - Processing file /home/airflow/.local/lib/python3.12/site-packages/airflow/example_dags/example_short_circuit_decorator.py for tasks to queue
[2025-10-09T11:13:28.216+0000] {logging_mixin.py:190} INFO - [2025-10-09T11:13:28.215+0000] {dagbag.py:588} INFO - Filling up the DagBag from /home/airflow/.local/lib/python3.12/site-packages/airflow/example_dags/example_short_circuit_decorator.py
[2025-10-09T11:13:28.241+0000] {processor.py:925} INFO - DAG(s) 'example_short_circuit_decorator' retrieved from /home/airflow/.local/lib/python3.12/site-packages/airflow/example_dags/example_short_circuit_decorator.py
[2025-10-09T11:13:28.290+0000] {logging_mixin.py:190} INFO - [2025-10-09T11:13:28.290+0000] {dag.py:3239} INFO - Sync 1 DAGs
[2025-10-09T11:13:28.317+0000] {logging_mixin.py:190} INFO - [2025-10-09T11:13:28.317+0000] {dag.py:4180} INFO - Setting next_dagrun for example_short_circuit_decorator to None, run_after=None
[2025-10-09T11:13:28.355+0000] {processor.py:208} INFO - Processing /home/airflow/.local/lib/python3.12/site-packages/airflow/example_dags/example_short_circuit_decorator.py took 0.157 seconds
[2025-10-09T11:13:58.947+0000] {processor.py:186} INFO - Started process (PID=1255) to work on /home/airflow/.local/lib/python3.12/site-packages/airflow/example_dags/example_short_circuit_decorator.py
[2025-10-09T11:13:58.948+0000] {processor.py:914} INFO - Processing file /home/airflow/.local/lib/python3.12/site-packages/airflow/example_dags/example_short_circuit_decorator.py for tasks to queue
[2025-10-09T11:13:58.951+0000] {logging_mixin.py:190} INFO - [2025-10-09T11:13:58.951+0000] {dagbag.py:588} INFO - Filling up the DagBag from /home/airflow/.local/lib/python3.12/site-packages/airflow/example_dags/example_short_circuit_decorator.py
[2025-10-09T11:13:58.964+0000] {processor.py:925} INFO - DAG(s) 'example_short_circuit_decorator' retrieved from /home/airflow/.local/lib/python3.12/site-packages/airflow/example_dags/example_short_circuit_decorator.py
[2025-10-09T11:13:58.992+0000] {logging_mixin.py:190} INFO - [2025-10-09T11:13:58.992+0000] {dag.py:3239} INFO - Sync 1 DAGs
[2025-10-09T11:13:59.009+0000] {logging_mixin.py:190} INFO - [2025-10-09T11:13:59.009+0000] {dag.py:4180} INFO - Setting next_dagrun for example_short_circuit_decorator to None, run_after=None
[2025-10-09T11:13:59.032+0000] {processor.py:208} INFO - Processing /home/airflow/.local/lib/python3.12/site-packages/airflow/example_dags/example_short_circuit_decorator.py took 0.091 seconds
[2025-10-09T11:14:29.844+0000] {processor.py:186} INFO - Started process (PID=1319) to work on /home/airflow/.local/lib/python3.12/site-packages/airflow/example_dags/example_short_circuit_decorator.py
[2025-10-09T11:14:29.846+0000] {processor.py:914} INFO - Processing file /home/airflow/.local/lib/python3.12/site-packages/airflow/example_dags/example_short_circuit_decorator.py for tasks to queue
[2025-10-09T11:14:29.849+0000] {logging_mixin.py:190} INFO - [2025-10-09T11:14:29.848+0000] {dagbag.py:588} INFO - Filling up the DagBag from /home/airflow/.local/lib/python3.12/site-packages/airflow/example_dags/example_short_circuit_decorator.py
[2025-10-09T11:14:29.862+0000] {processor.py:925} INFO - DAG(s) 'example_short_circuit_decorator' retrieved from /home/airflow/.local/lib/python3.12/site-packages/airflow/example_dags/example_short_circuit_decorator.py
[2025-10-09T11:14:29.891+0000] {logging_mixin.py:190} INFO - [2025-10-09T11:14:29.891+0000] {dag.py:3239} INFO - Sync 1 DAGs
[2025-10-09T11:14:29.913+0000] {logging_mixin.py:190} INFO - [2025-10-09T11:14:29.913+0000] {dag.py:4180} INFO - Setting next_dagrun for example_short_circuit_decorator to None, run_after=None
[2025-10-09T11:14:29.936+0000] {processor.py:208} INFO - Processing /home/airflow/.local/lib/python3.12/site-packages/airflow/example_dags/example_short_circuit_decorator.py took 0.099 seconds
[2025-10-09T11:15:01.111+0000] {processor.py:186} INFO - Started process (PID=1385) to work on /home/airflow/.local/lib/python3.12/site-packages/airflow/example_dags/example_short_circuit_decorator.py
[2025-10-09T11:15:01.114+0000] {processor.py:914} INFO - Processing file /home/airflow/.local/lib/python3.12/site-packages/airflow/example_dags/example_short_circuit_decorator.py for tasks to queue
[2025-10-09T11:15:01.132+0000] {logging_mixin.py:190} INFO - [2025-10-09T11:15:01.132+0000] {dagbag.py:588} INFO - Filling up the DagBag from /home/airflow/.local/lib/python3.12/site-packages/airflow/example_dags/example_short_circuit_decorator.py
[2025-10-09T11:15:01.196+0000] {processor.py:925} INFO - DAG(s) 'example_short_circuit_decorator' retrieved from /home/airflow/.local/lib/python3.12/site-packages/airflow/example_dags/example_short_circuit_decorator.py
[2025-10-09T11:15:01.340+0000] {logging_mixin.py:190} INFO - [2025-10-09T11:15:01.339+0000] {dag.py:3239} INFO - Sync 1 DAGs
[2025-10-09T11:15:01.446+0000] {logging_mixin.py:190} INFO - [2025-10-09T11:15:01.446+0000] {dag.py:4180} INFO - Setting next_dagrun for example_short_circuit_decorator to None, run_after=None
[2025-10-09T11:15:01.575+0000] {processor.py:208} INFO - Processing /home/airflow/.local/lib/python3.12/site-packages/airflow/example_dags/example_short_circuit_decorator.py took 0.498 seconds
[2025-10-09T11:15:31.948+0000] {processor.py:186} INFO - Started process (PID=1449) to work on /home/airflow/.local/lib/python3.12/site-packages/airflow/example_dags/example_short_circuit_decorator.py
[2025-10-09T11:15:31.949+0000] {processor.py:914} INFO - Processing file /home/airflow/.local/lib/python3.12/site-packages/airflow/example_dags/example_short_circuit_decorator.py for tasks to queue
[2025-10-09T11:15:31.952+0000] {logging_mixin.py:190} INFO - [2025-10-09T11:15:31.952+0000] {dagbag.py:588} INFO - Filling up the DagBag from /home/airflow/.local/lib/python3.12/site-packages/airflow/example_dags/example_short_circuit_decorator.py
[2025-10-09T11:15:31.964+0000] {processor.py:925} INFO - DAG(s) 'example_short_circuit_decorator' retrieved from /home/airflow/.local/lib/python3.12/site-packages/airflow/example_dags/example_short_circuit_decorator.py
[2025-10-09T11:15:31.988+0000] {logging_mixin.py:190} INFO - [2025-10-09T11:15:31.988+0000] {dag.py:3239} INFO - Sync 1 DAGs
[2025-10-09T11:15:32.004+0000] {logging_mixin.py:190} INFO - [2025-10-09T11:15:32.004+0000] {dag.py:4180} INFO - Setting next_dagrun for example_short_circuit_decorator to None, run_after=None
[2025-10-09T11:15:32.027+0000] {processor.py:208} INFO - Processing /home/airflow/.local/lib/python3.12/site-packages/airflow/example_dags/example_short_circuit_decorator.py took 0.086 seconds
[2025-10-09T11:16:02.453+0000] {processor.py:186} INFO - Started process (PID=1512) to work on /home/airflow/.local/lib/python3.12/site-packages/airflow/example_dags/example_short_circuit_decorator.py
[2025-10-09T11:16:02.454+0000] {processor.py:914} INFO - Processing file /home/airflow/.local/lib/python3.12/site-packages/airflow/example_dags/example_short_circuit_decorator.py for tasks to queue
[2025-10-09T11:16:02.458+0000] {logging_mixin.py:190} INFO - [2025-10-09T11:16:02.457+0000] {dagbag.py:588} INFO - Filling up the DagBag from /home/airflow/.local/lib/python3.12/site-packages/airflow/example_dags/example_short_circuit_decorator.py
[2025-10-09T11:16:02.470+0000] {processor.py:925} INFO - DAG(s) 'example_short_circuit_decorator' retrieved from /home/airflow/.local/lib/python3.12/site-packages/airflow/example_dags/example_short_circuit_decorator.py
[2025-10-09T11:16:02.497+0000] {logging_mixin.py:190} INFO - [2025-10-09T11:16:02.497+0000] {dag.py:3239} INFO - Sync 1 DAGs
[2025-10-09T11:16:02.516+0000] {logging_mixin.py:190} INFO - [2025-10-09T11:16:02.516+0000] {dag.py:4180} INFO - Setting next_dagrun for example_short_circuit_decorator to None, run_after=None
[2025-10-09T11:16:02.541+0000] {processor.py:208} INFO - Processing /home/airflow/.local/lib/python3.12/site-packages/airflow/example_dags/example_short_circuit_decorator.py took 0.095 seconds
[2025-10-09T11:16:35.760+0000] {processor.py:186} INFO - Started process (PID=1577) to work on /home/airflow/.local/lib/python3.12/site-packages/airflow/example_dags/example_short_circuit_decorator.py
[2025-10-09T11:16:35.762+0000] {processor.py:914} INFO - Processing file /home/airflow/.local/lib/python3.12/site-packages/airflow/example_dags/example_short_circuit_decorator.py for tasks to queue
[2025-10-09T11:16:35.766+0000] {logging_mixin.py:190} INFO - [2025-10-09T11:16:35.766+0000] {dagbag.py:588} INFO - Filling up the DagBag from /home/airflow/.local/lib/python3.12/site-packages/airflow/example_dags/example_short_circuit_decorator.py
[2025-10-09T11:16:35.787+0000] {processor.py:925} INFO - DAG(s) 'example_short_circuit_decorator' retrieved from /home/airflow/.local/lib/python3.12/site-packages/airflow/example_dags/example_short_circuit_decorator.py
[2025-10-09T11:16:35.849+0000] {logging_mixin.py:190} INFO - [2025-10-09T11:16:35.849+0000] {dag.py:3239} INFO - Sync 1 DAGs
[2025-10-09T11:16:35.891+0000] {logging_mixin.py:190} INFO - [2025-10-09T11:16:35.891+0000] {dag.py:4180} INFO - Setting next_dagrun for example_short_circuit_decorator to None, run_after=None
[2025-10-09T11:16:35.953+0000] {processor.py:208} INFO - Processing /home/airflow/.local/lib/python3.12/site-packages/airflow/example_dags/example_short_circuit_decorator.py took 0.204 seconds
[2025-10-09T11:17:07.326+0000] {processor.py:186} INFO - Started process (PID=1640) to work on /home/airflow/.local/lib/python3.12/site-packages/airflow/example_dags/example_short_circuit_decorator.py
[2025-10-09T11:17:07.328+0000] {processor.py:914} INFO - Processing file /home/airflow/.local/lib/python3.12/site-packages/airflow/example_dags/example_short_circuit_decorator.py for tasks to queue
[2025-10-09T11:17:07.333+0000] {logging_mixin.py:190} INFO - [2025-10-09T11:17:07.332+0000] {dagbag.py:588} INFO - Filling up the DagBag from /home/airflow/.local/lib/python3.12/site-packages/airflow/example_dags/example_short_circuit_decorator.py
[2025-10-09T11:17:07.361+0000] {processor.py:925} INFO - DAG(s) 'example_short_circuit_decorator' retrieved from /home/airflow/.local/lib/python3.12/site-packages/airflow/example_dags/example_short_circuit_decorator.py
[2025-10-09T11:17:07.413+0000] {logging_mixin.py:190} INFO - [2025-10-09T11:17:07.413+0000] {dag.py:3239} INFO - Sync 1 DAGs
[2025-10-09T11:17:07.452+0000] {logging_mixin.py:190} INFO - [2025-10-09T11:17:07.452+0000] {dag.py:4180} INFO - Setting next_dagrun for example_short_circuit_decorator to None, run_after=None
[2025-10-09T11:17:07.538+0000] {processor.py:208} INFO - Processing /home/airflow/.local/lib/python3.12/site-packages/airflow/example_dags/example_short_circuit_decorator.py took 0.222 seconds
[2025-10-09T11:17:38.400+0000] {processor.py:186} INFO - Started process (PID=1703) to work on /home/airflow/.local/lib/python3.12/site-packages/airflow/example_dags/example_short_circuit_decorator.py
[2025-10-09T11:17:38.402+0000] {processor.py:914} INFO - Processing file /home/airflow/.local/lib/python3.12/site-packages/airflow/example_dags/example_short_circuit_decorator.py for tasks to queue
[2025-10-09T11:17:38.405+0000] {logging_mixin.py:190} INFO - [2025-10-09T11:17:38.405+0000] {dagbag.py:588} INFO - Filling up the DagBag from /home/airflow/.local/lib/python3.12/site-packages/airflow/example_dags/example_short_circuit_decorator.py
[2025-10-09T11:17:38.422+0000] {processor.py:925} INFO - DAG(s) 'example_short_circuit_decorator' retrieved from /home/airflow/.local/lib/python3.12/site-packages/airflow/example_dags/example_short_circuit_decorator.py
[2025-10-09T11:17:38.451+0000] {logging_mixin.py:190} INFO - [2025-10-09T11:17:38.450+0000] {dag.py:3239} INFO - Sync 1 DAGs
[2025-10-09T11:17:38.468+0000] {logging_mixin.py:190} INFO - [2025-10-09T11:17:38.468+0000] {dag.py:4180} INFO - Setting next_dagrun for example_short_circuit_decorator to None, run_after=None
[2025-10-09T11:17:38.496+0000] {processor.py:208} INFO - Processing /home/airflow/.local/lib/python3.12/site-packages/airflow/example_dags/example_short_circuit_decorator.py took 0.104 seconds
[2025-10-09T11:18:10.467+0000] {processor.py:186} INFO - Started process (PID=1757) to work on /home/airflow/.local/lib/python3.12/site-packages/airflow/example_dags/example_short_circuit_decorator.py
[2025-10-09T11:18:10.469+0000] {processor.py:914} INFO - Processing file /home/airflow/.local/lib/python3.12/site-packages/airflow/example_dags/example_short_circuit_decorator.py for tasks to queue
[2025-10-09T11:18:10.473+0000] {logging_mixin.py:190} INFO - [2025-10-09T11:18:10.473+0000] {dagbag.py:588} INFO - Filling up the DagBag from /home/airflow/.local/lib/python3.12/site-packages/airflow/example_dags/example_short_circuit_decorator.py
[2025-10-09T11:18:10.490+0000] {processor.py:925} INFO - DAG(s) 'example_short_circuit_decorator' retrieved from /home/airflow/.local/lib/python3.12/site-packages/airflow/example_dags/example_short_circuit_decorator.py
[2025-10-09T11:18:10.531+0000] {logging_mixin.py:190} INFO - [2025-10-09T11:18:10.530+0000] {dag.py:3239} INFO - Sync 1 DAGs
[2025-10-09T11:18:10.564+0000] {logging_mixin.py:190} INFO - [2025-10-09T11:18:10.564+0000] {dag.py:4180} INFO - Setting next_dagrun for example_short_circuit_decorator to None, run_after=None
[2025-10-09T11:18:10.601+0000] {processor.py:208} INFO - Processing /home/airflow/.local/lib/python3.12/site-packages/airflow/example_dags/example_short_circuit_decorator.py took 0.143 seconds
[2025-10-09T11:18:43.131+0000] {processor.py:186} INFO - Started process (PID=1818) to work on /home/airflow/.local/lib/python3.12/site-packages/airflow/example_dags/example_short_circuit_decorator.py
[2025-10-09T11:18:43.133+0000] {processor.py:914} INFO - Processing file /home/airflow/.local/lib/python3.12/site-packages/airflow/example_dags/example_short_circuit_decorator.py for tasks to queue
[2025-10-09T11:18:43.136+0000] {logging_mixin.py:190} INFO - [2025-10-09T11:18:43.136+0000] {dagbag.py:588} INFO - Filling up the DagBag from /home/airflow/.local/lib/python3.12/site-packages/airflow/example_dags/example_short_circuit_decorator.py
[2025-10-09T11:18:43.148+0000] {processor.py:925} INFO - DAG(s) 'example_short_circuit_decorator' retrieved from /home/airflow/.local/lib/python3.12/site-packages/airflow/example_dags/example_short_circuit_decorator.py
[2025-10-09T11:18:43.174+0000] {logging_mixin.py:190} INFO - [2025-10-09T11:18:43.173+0000] {dag.py:3239} INFO - Sync 1 DAGs
[2025-10-09T11:18:43.191+0000] {logging_mixin.py:190} INFO - [2025-10-09T11:18:43.191+0000] {dag.py:4180} INFO - Setting next_dagrun for example_short_circuit_decorator to None, run_after=None
[2025-10-09T11:18:43.217+0000] {processor.py:208} INFO - Processing /home/airflow/.local/lib/python3.12/site-packages/airflow/example_dags/example_short_circuit_decorator.py took 0.093 seconds
[2025-10-09T11:19:14.411+0000] {processor.py:186} INFO - Started process (PID=1881) to work on /home/airflow/.local/lib/python3.12/site-packages/airflow/example_dags/example_short_circuit_decorator.py
[2025-10-09T11:19:14.413+0000] {processor.py:914} INFO - Processing file /home/airflow/.local/lib/python3.12/site-packages/airflow/example_dags/example_short_circuit_decorator.py for tasks to queue
[2025-10-09T11:19:14.417+0000] {logging_mixin.py:190} INFO - [2025-10-09T11:19:14.416+0000] {dagbag.py:588} INFO - Filling up the DagBag from /home/airflow/.local/lib/python3.12/site-packages/airflow/example_dags/example_short_circuit_decorator.py
[2025-10-09T11:19:14.434+0000] {processor.py:925} INFO - DAG(s) 'example_short_circuit_decorator' retrieved from /home/airflow/.local/lib/python3.12/site-packages/airflow/example_dags/example_short_circuit_decorator.py
[2025-10-09T11:19:14.476+0000] {logging_mixin.py:190} INFO - [2025-10-09T11:19:14.475+0000] {dag.py:3239} INFO - Sync 1 DAGs
[2025-10-09T11:19:14.501+0000] {logging_mixin.py:190} INFO - [2025-10-09T11:19:14.500+0000] {dag.py:4180} INFO - Setting next_dagrun for example_short_circuit_decorator to None, run_after=None
[2025-10-09T11:19:14.537+0000] {processor.py:208} INFO - Processing /home/airflow/.local/lib/python3.12/site-packages/airflow/example_dags/example_short_circuit_decorator.py took 0.139 seconds
[2025-10-09T11:19:46.693+0000] {processor.py:186} INFO - Started process (PID=1942) to work on /home/airflow/.local/lib/python3.12/site-packages/airflow/example_dags/example_short_circuit_decorator.py
[2025-10-09T11:19:46.694+0000] {processor.py:914} INFO - Processing file /home/airflow/.local/lib/python3.12/site-packages/airflow/example_dags/example_short_circuit_decorator.py for tasks to queue
[2025-10-09T11:19:46.697+0000] {logging_mixin.py:190} INFO - [2025-10-09T11:19:46.697+0000] {dagbag.py:588} INFO - Filling up the DagBag from /home/airflow/.local/lib/python3.12/site-packages/airflow/example_dags/example_short_circuit_decorator.py
[2025-10-09T11:19:46.709+0000] {processor.py:925} INFO - DAG(s) 'example_short_circuit_decorator' retrieved from /home/airflow/.local/lib/python3.12/site-packages/airflow/example_dags/example_short_circuit_decorator.py
[2025-10-09T11:19:46.736+0000] {logging_mixin.py:190} INFO - [2025-10-09T11:19:46.736+0000] {dag.py:3239} INFO - Sync 1 DAGs
[2025-10-09T11:19:46.755+0000] {logging_mixin.py:190} INFO - [2025-10-09T11:19:46.755+0000] {dag.py:4180} INFO - Setting next_dagrun for example_short_circuit_decorator to None, run_after=None
[2025-10-09T11:19:46.779+0000] {processor.py:208} INFO - Processing /home/airflow/.local/lib/python3.12/site-packages/airflow/example_dags/example_short_circuit_decorator.py took 0.093 seconds
[2025-10-09T11:20:17.922+0000] {processor.py:186} INFO - Started process (PID=2005) to work on /home/airflow/.local/lib/python3.12/site-packages/airflow/example_dags/example_short_circuit_decorator.py
[2025-10-09T11:20:17.923+0000] {processor.py:914} INFO - Processing file /home/airflow/.local/lib/python3.12/site-packages/airflow/example_dags/example_short_circuit_decorator.py for tasks to queue
[2025-10-09T11:20:17.927+0000] {logging_mixin.py:190} INFO - [2025-10-09T11:20:17.926+0000] {dagbag.py:588} INFO - Filling up the DagBag from /home/airflow/.local/lib/python3.12/site-packages/airflow/example_dags/example_short_circuit_decorator.py
[2025-10-09T11:20:17.940+0000] {processor.py:925} INFO - DAG(s) 'example_short_circuit_decorator' retrieved from /home/airflow/.local/lib/python3.12/site-packages/airflow/example_dags/example_short_circuit_decorator.py
[2025-10-09T11:20:17.966+0000] {logging_mixin.py:190} INFO - [2025-10-09T11:20:17.965+0000] {dag.py:3239} INFO - Sync 1 DAGs
[2025-10-09T11:20:17.984+0000] {logging_mixin.py:190} INFO - [2025-10-09T11:20:17.983+0000] {dag.py:4180} INFO - Setting next_dagrun for example_short_circuit_decorator to None, run_after=None
[2025-10-09T11:20:18.018+0000] {processor.py:208} INFO - Processing /home/airflow/.local/lib/python3.12/site-packages/airflow/example_dags/example_short_circuit_decorator.py took 0.103 seconds
[2025-10-09T11:20:49.618+0000] {processor.py:186} INFO - Started process (PID=2069) to work on /home/airflow/.local/lib/python3.12/site-packages/airflow/example_dags/example_short_circuit_decorator.py
[2025-10-09T11:20:49.620+0000] {processor.py:914} INFO - Processing file /home/airflow/.local/lib/python3.12/site-packages/airflow/example_dags/example_short_circuit_decorator.py for tasks to queue
[2025-10-09T11:20:49.623+0000] {logging_mixin.py:190} INFO - [2025-10-09T11:20:49.623+0000] {dagbag.py:588} INFO - Filling up the DagBag from /home/airflow/.local/lib/python3.12/site-packages/airflow/example_dags/example_short_circuit_decorator.py
[2025-10-09T11:20:49.635+0000] {processor.py:925} INFO - DAG(s) 'example_short_circuit_decorator' retrieved from /home/airflow/.local/lib/python3.12/site-packages/airflow/example_dags/example_short_circuit_decorator.py
[2025-10-09T11:20:49.662+0000] {logging_mixin.py:190} INFO - [2025-10-09T11:20:49.662+0000] {dag.py:3239} INFO - Sync 1 DAGs
[2025-10-09T11:20:49.682+0000] {logging_mixin.py:190} INFO - [2025-10-09T11:20:49.682+0000] {dag.py:4180} INFO - Setting next_dagrun for example_short_circuit_decorator to None, run_after=None
[2025-10-09T11:20:49.705+0000] {processor.py:208} INFO - Processing /home/airflow/.local/lib/python3.12/site-packages/airflow/example_dags/example_short_circuit_decorator.py took 0.093 seconds
[2025-10-09T11:21:21.051+0000] {processor.py:186} INFO - Started process (PID=2131) to work on /home/airflow/.local/lib/python3.12/site-packages/airflow/example_dags/example_short_circuit_decorator.py
[2025-10-09T11:21:21.052+0000] {processor.py:914} INFO - Processing file /home/airflow/.local/lib/python3.12/site-packages/airflow/example_dags/example_short_circuit_decorator.py for tasks to queue
[2025-10-09T11:21:21.056+0000] {logging_mixin.py:190} INFO - [2025-10-09T11:21:21.055+0000] {dagbag.py:588} INFO - Filling up the DagBag from /home/airflow/.local/lib/python3.12/site-packages/airflow/example_dags/example_short_circuit_decorator.py
[2025-10-09T11:21:21.070+0000] {processor.py:925} INFO - DAG(s) 'example_short_circuit_decorator' retrieved from /home/airflow/.local/lib/python3.12/site-packages/airflow/example_dags/example_short_circuit_decorator.py
[2025-10-09T11:21:21.099+0000] {logging_mixin.py:190} INFO - [2025-10-09T11:21:21.099+0000] {dag.py:3239} INFO - Sync 1 DAGs
[2025-10-09T11:21:21.118+0000] {logging_mixin.py:190} INFO - [2025-10-09T11:21:21.118+0000] {dag.py:4180} INFO - Setting next_dagrun for example_short_circuit_decorator to None, run_after=None
[2025-10-09T11:21:21.144+0000] {processor.py:208} INFO - Processing /home/airflow/.local/lib/python3.12/site-packages/airflow/example_dags/example_short_circuit_decorator.py took 0.099 seconds
[2025-10-09T11:21:51.945+0000] {processor.py:186} INFO - Started process (PID=2194) to work on /home/airflow/.local/lib/python3.12/site-packages/airflow/example_dags/example_short_circuit_decorator.py
[2025-10-09T11:21:51.946+0000] {processor.py:914} INFO - Processing file /home/airflow/.local/lib/python3.12/site-packages/airflow/example_dags/example_short_circuit_decorator.py for tasks to queue
[2025-10-09T11:21:51.950+0000] {logging_mixin.py:190} INFO - [2025-10-09T11:21:51.949+0000] {dagbag.py:588} INFO - Filling up the DagBag from /home/airflow/.local/lib/python3.12/site-packages/airflow/example_dags/example_short_circuit_decorator.py
[2025-10-09T11:21:51.962+0000] {processor.py:925} INFO - DAG(s) 'example_short_circuit_decorator' retrieved from /home/airflow/.local/lib/python3.12/site-packages/airflow/example_dags/example_short_circuit_decorator.py
[2025-10-09T11:21:51.988+0000] {logging_mixin.py:190} INFO - [2025-10-09T11:21:51.988+0000] {dag.py:3239} INFO - Sync 1 DAGs
[2025-10-09T11:21:52.007+0000] {logging_mixin.py:190} INFO - [2025-10-09T11:21:52.007+0000] {dag.py:4180} INFO - Setting next_dagrun for example_short_circuit_decorator to None, run_after=None
[2025-10-09T11:21:52.038+0000] {processor.py:208} INFO - Processing /home/airflow/.local/lib/python3.12/site-packages/airflow/example_dags/example_short_circuit_decorator.py took 0.100 seconds
[2025-10-09T11:22:29.898+0000] {processor.py:186} INFO - Started process (PID=2258) to work on /home/airflow/.local/lib/python3.12/site-packages/airflow/example_dags/example_short_circuit_decorator.py
[2025-10-09T11:22:29.906+0000] {processor.py:914} INFO - Processing file /home/airflow/.local/lib/python3.12/site-packages/airflow/example_dags/example_short_circuit_decorator.py for tasks to queue
[2025-10-09T11:22:29.920+0000] {logging_mixin.py:190} INFO - [2025-10-09T11:22:29.919+0000] {dagbag.py:588} INFO - Filling up the DagBag from /home/airflow/.local/lib/python3.12/site-packages/airflow/example_dags/example_short_circuit_decorator.py
[2025-10-09T11:22:29.951+0000] {processor.py:925} INFO - DAG(s) 'example_short_circuit_decorator' retrieved from /home/airflow/.local/lib/python3.12/site-packages/airflow/example_dags/example_short_circuit_decorator.py
[2025-10-09T11:22:30.061+0000] {logging_mixin.py:190} INFO - [2025-10-09T11:22:30.060+0000] {dag.py:3239} INFO - Sync 1 DAGs
[2025-10-09T11:22:30.112+0000] {logging_mixin.py:190} INFO - [2025-10-09T11:22:30.111+0000] {dag.py:4180} INFO - Setting next_dagrun for example_short_circuit_decorator to None, run_after=None
[2025-10-09T11:22:30.177+0000] {processor.py:208} INFO - Processing /home/airflow/.local/lib/python3.12/site-packages/airflow/example_dags/example_short_circuit_decorator.py took 0.324 seconds
[2025-10-09T11:23:01.668+0000] {processor.py:186} INFO - Started process (PID=2330) to work on /home/airflow/.local/lib/python3.12/site-packages/airflow/example_dags/example_short_circuit_decorator.py
[2025-10-09T11:23:01.672+0000] {processor.py:914} INFO - Processing file /home/airflow/.local/lib/python3.12/site-packages/airflow/example_dags/example_short_circuit_decorator.py for tasks to queue
[2025-10-09T11:23:01.680+0000] {logging_mixin.py:190} INFO - [2025-10-09T11:23:01.679+0000] {dagbag.py:588} INFO - Filling up the DagBag from /home/airflow/.local/lib/python3.12/site-packages/airflow/example_dags/example_short_circuit_decorator.py
[2025-10-09T11:23:01.710+0000] {processor.py:925} INFO - DAG(s) 'example_short_circuit_decorator' retrieved from /home/airflow/.local/lib/python3.12/site-packages/airflow/example_dags/example_short_circuit_decorator.py
[2025-10-09T11:23:01.793+0000] {logging_mixin.py:190} INFO - [2025-10-09T11:23:01.792+0000] {dag.py:3239} INFO - Sync 1 DAGs
[2025-10-09T11:23:01.839+0000] {logging_mixin.py:190} INFO - [2025-10-09T11:23:01.839+0000] {dag.py:4180} INFO - Setting next_dagrun for example_short_circuit_decorator to None, run_after=None
[2025-10-09T11:23:01.904+0000] {processor.py:208} INFO - Processing /home/airflow/.local/lib/python3.12/site-packages/airflow/example_dags/example_short_circuit_decorator.py took 0.253 seconds
[2025-10-09T11:23:33.272+0000] {processor.py:186} INFO - Started process (PID=2393) to work on /home/airflow/.local/lib/python3.12/site-packages/airflow/example_dags/example_short_circuit_decorator.py
[2025-10-09T11:23:33.276+0000] {processor.py:914} INFO - Processing file /home/airflow/.local/lib/python3.12/site-packages/airflow/example_dags/example_short_circuit_decorator.py for tasks to queue
[2025-10-09T11:23:33.281+0000] {logging_mixin.py:190} INFO - [2025-10-09T11:23:33.280+0000] {dagbag.py:588} INFO - Filling up the DagBag from /home/airflow/.local/lib/python3.12/site-packages/airflow/example_dags/example_short_circuit_decorator.py
[2025-10-09T11:23:33.301+0000] {processor.py:925} INFO - DAG(s) 'example_short_circuit_decorator' retrieved from /home/airflow/.local/lib/python3.12/site-packages/airflow/example_dags/example_short_circuit_decorator.py
[2025-10-09T11:23:33.340+0000] {logging_mixin.py:190} INFO - [2025-10-09T11:23:33.340+0000] {dag.py:3239} INFO - Sync 1 DAGs
[2025-10-09T11:23:33.375+0000] {logging_mixin.py:190} INFO - [2025-10-09T11:23:33.375+0000] {dag.py:4180} INFO - Setting next_dagrun for example_short_circuit_decorator to None, run_after=None
[2025-10-09T11:23:33.472+0000] {processor.py:208} INFO - Processing /home/airflow/.local/lib/python3.12/site-packages/airflow/example_dags/example_short_circuit_decorator.py took 0.212 seconds
[2025-10-09T11:24:03.738+0000] {processor.py:186} INFO - Started process (PID=2456) to work on /home/airflow/.local/lib/python3.12/site-packages/airflow/example_dags/example_short_circuit_decorator.py
[2025-10-09T11:24:03.739+0000] {processor.py:914} INFO - Processing file /home/airflow/.local/lib/python3.12/site-packages/airflow/example_dags/example_short_circuit_decorator.py for tasks to queue
[2025-10-09T11:24:03.742+0000] {logging_mixin.py:190} INFO - [2025-10-09T11:24:03.742+0000] {dagbag.py:588} INFO - Filling up the DagBag from /home/airflow/.local/lib/python3.12/site-packages/airflow/example_dags/example_short_circuit_decorator.py
[2025-10-09T11:24:03.755+0000] {processor.py:925} INFO - DAG(s) 'example_short_circuit_decorator' retrieved from /home/airflow/.local/lib/python3.12/site-packages/airflow/example_dags/example_short_circuit_decorator.py
[2025-10-09T11:24:03.780+0000] {logging_mixin.py:190} INFO - [2025-10-09T11:24:03.780+0000] {dag.py:3239} INFO - Sync 1 DAGs
[2025-10-09T11:24:03.797+0000] {logging_mixin.py:190} INFO - [2025-10-09T11:24:03.796+0000] {dag.py:4180} INFO - Setting next_dagrun for example_short_circuit_decorator to None, run_after=None
[2025-10-09T11:24:03.819+0000] {processor.py:208} INFO - Processing /home/airflow/.local/lib/python3.12/site-packages/airflow/example_dags/example_short_circuit_decorator.py took 0.089 seconds
[2025-10-09T11:24:35.269+0000] {processor.py:186} INFO - Started process (PID=2520) to work on /home/airflow/.local/lib/python3.12/site-packages/airflow/example_dags/example_short_circuit_decorator.py
[2025-10-09T11:24:35.270+0000] {processor.py:914} INFO - Processing file /home/airflow/.local/lib/python3.12/site-packages/airflow/example_dags/example_short_circuit_decorator.py for tasks to queue
[2025-10-09T11:24:35.273+0000] {logging_mixin.py:190} INFO - [2025-10-09T11:24:35.273+0000] {dagbag.py:588} INFO - Filling up the DagBag from /home/airflow/.local/lib/python3.12/site-packages/airflow/example_dags/example_short_circuit_decorator.py
[2025-10-09T11:24:35.287+0000] {processor.py:925} INFO - DAG(s) 'example_short_circuit_decorator' retrieved from /home/airflow/.local/lib/python3.12/site-packages/airflow/example_dags/example_short_circuit_decorator.py
[2025-10-09T11:24:35.314+0000] {logging_mixin.py:190} INFO - [2025-10-09T11:24:35.313+0000] {dag.py:3239} INFO - Sync 1 DAGs
[2025-10-09T11:24:35.332+0000] {logging_mixin.py:190} INFO - [2025-10-09T11:24:35.332+0000] {dag.py:4180} INFO - Setting next_dagrun for example_short_circuit_decorator to None, run_after=None
[2025-10-09T11:24:35.359+0000] {processor.py:208} INFO - Processing /home/airflow/.local/lib/python3.12/site-packages/airflow/example_dags/example_short_circuit_decorator.py took 0.097 seconds
[2025-10-09T11:25:06.511+0000] {processor.py:186} INFO - Started process (PID=2583) to work on /home/airflow/.local/lib/python3.12/site-packages/airflow/example_dags/example_short_circuit_decorator.py
[2025-10-09T11:25:06.512+0000] {processor.py:914} INFO - Processing file /home/airflow/.local/lib/python3.12/site-packages/airflow/example_dags/example_short_circuit_decorator.py for tasks to queue
[2025-10-09T11:25:06.515+0000] {logging_mixin.py:190} INFO - [2025-10-09T11:25:06.515+0000] {dagbag.py:588} INFO - Filling up the DagBag from /home/airflow/.local/lib/python3.12/site-packages/airflow/example_dags/example_short_circuit_decorator.py
[2025-10-09T11:25:06.527+0000] {processor.py:925} INFO - DAG(s) 'example_short_circuit_decorator' retrieved from /home/airflow/.local/lib/python3.12/site-packages/airflow/example_dags/example_short_circuit_decorator.py
[2025-10-09T11:25:06.556+0000] {logging_mixin.py:190} INFO - [2025-10-09T11:25:06.556+0000] {dag.py:3239} INFO - Sync 1 DAGs
[2025-10-09T11:25:06.584+0000] {logging_mixin.py:190} INFO - [2025-10-09T11:25:06.584+0000] {dag.py:4180} INFO - Setting next_dagrun for example_short_circuit_decorator to None, run_after=None
[2025-10-09T11:25:06.610+0000] {processor.py:208} INFO - Processing /home/airflow/.local/lib/python3.12/site-packages/airflow/example_dags/example_short_circuit_decorator.py took 0.106 seconds
[2025-10-09T11:25:38.563+0000] {processor.py:186} INFO - Started process (PID=2646) to work on /home/airflow/.local/lib/python3.12/site-packages/airflow/example_dags/example_short_circuit_decorator.py
[2025-10-09T11:25:38.565+0000] {processor.py:914} INFO - Processing file /home/airflow/.local/lib/python3.12/site-packages/airflow/example_dags/example_short_circuit_decorator.py for tasks to queue
[2025-10-09T11:25:38.569+0000] {logging_mixin.py:190} INFO - [2025-10-09T11:25:38.568+0000] {dagbag.py:588} INFO - Filling up the DagBag from /home/airflow/.local/lib/python3.12/site-packages/airflow/example_dags/example_short_circuit_decorator.py
[2025-10-09T11:25:38.588+0000] {processor.py:925} INFO - DAG(s) 'example_short_circuit_decorator' retrieved from /home/airflow/.local/lib/python3.12/site-packages/airflow/example_dags/example_short_circuit_decorator.py
[2025-10-09T11:25:38.632+0000] {logging_mixin.py:190} INFO - [2025-10-09T11:25:38.632+0000] {dag.py:3239} INFO - Sync 1 DAGs
[2025-10-09T11:25:38.668+0000] {logging_mixin.py:190} INFO - [2025-10-09T11:25:38.668+0000] {dag.py:4180} INFO - Setting next_dagrun for example_short_circuit_decorator to None, run_after=None
[2025-10-09T11:25:38.715+0000] {processor.py:208} INFO - Processing /home/airflow/.local/lib/python3.12/site-packages/airflow/example_dags/example_short_circuit_decorator.py took 0.161 seconds
[2025-10-09T11:26:09.004+0000] {processor.py:186} INFO - Started process (PID=2708) to work on /home/airflow/.local/lib/python3.12/site-packages/airflow/example_dags/example_short_circuit_decorator.py
[2025-10-09T11:26:09.005+0000] {processor.py:914} INFO - Processing file /home/airflow/.local/lib/python3.12/site-packages/airflow/example_dags/example_short_circuit_decorator.py for tasks to queue
[2025-10-09T11:26:09.009+0000] {logging_mixin.py:190} INFO - [2025-10-09T11:26:09.008+0000] {dagbag.py:588} INFO - Filling up the DagBag from /home/airflow/.local/lib/python3.12/site-packages/airflow/example_dags/example_short_circuit_decorator.py
[2025-10-09T11:26:09.032+0000] {processor.py:925} INFO - DAG(s) 'example_short_circuit_decorator' retrieved from /home/airflow/.local/lib/python3.12/site-packages/airflow/example_dags/example_short_circuit_decorator.py
[2025-10-09T11:26:09.068+0000] {logging_mixin.py:190} INFO - [2025-10-09T11:26:09.067+0000] {dag.py:3239} INFO - Sync 1 DAGs
[2025-10-09T11:26:09.097+0000] {logging_mixin.py:190} INFO - [2025-10-09T11:26:09.097+0000] {dag.py:4180} INFO - Setting next_dagrun for example_short_circuit_decorator to None, run_after=None
[2025-10-09T11:26:09.131+0000] {processor.py:208} INFO - Processing /home/airflow/.local/lib/python3.12/site-packages/airflow/example_dags/example_short_circuit_decorator.py took 0.134 seconds
[2025-10-09T11:26:40.121+0000] {processor.py:186} INFO - Started process (PID=2771) to work on /home/airflow/.local/lib/python3.12/site-packages/airflow/example_dags/example_short_circuit_decorator.py
[2025-10-09T11:26:40.122+0000] {processor.py:914} INFO - Processing file /home/airflow/.local/lib/python3.12/site-packages/airflow/example_dags/example_short_circuit_decorator.py for tasks to queue
[2025-10-09T11:26:40.126+0000] {logging_mixin.py:190} INFO - [2025-10-09T11:26:40.125+0000] {dagbag.py:588} INFO - Filling up the DagBag from /home/airflow/.local/lib/python3.12/site-packages/airflow/example_dags/example_short_circuit_decorator.py
[2025-10-09T11:26:40.140+0000] {processor.py:925} INFO - DAG(s) 'example_short_circuit_decorator' retrieved from /home/airflow/.local/lib/python3.12/site-packages/airflow/example_dags/example_short_circuit_decorator.py
[2025-10-09T11:26:40.166+0000] {logging_mixin.py:190} INFO - [2025-10-09T11:26:40.166+0000] {dag.py:3239} INFO - Sync 1 DAGs
[2025-10-09T11:26:40.183+0000] {logging_mixin.py:190} INFO - [2025-10-09T11:26:40.183+0000] {dag.py:4180} INFO - Setting next_dagrun for example_short_circuit_decorator to None, run_after=None
[2025-10-09T11:26:40.204+0000] {processor.py:208} INFO - Processing /home/airflow/.local/lib/python3.12/site-packages/airflow/example_dags/example_short_circuit_decorator.py took 0.091 seconds
[2025-10-09T11:27:12.265+0000] {processor.py:186} INFO - Started process (PID=2835) to work on /home/airflow/.local/lib/python3.12/site-packages/airflow/example_dags/example_short_circuit_decorator.py
[2025-10-09T11:27:12.267+0000] {processor.py:914} INFO - Processing file /home/airflow/.local/lib/python3.12/site-packages/airflow/example_dags/example_short_circuit_decorator.py for tasks to queue
[2025-10-09T11:27:12.270+0000] {logging_mixin.py:190} INFO - [2025-10-09T11:27:12.270+0000] {dagbag.py:588} INFO - Filling up the DagBag from /home/airflow/.local/lib/python3.12/site-packages/airflow/example_dags/example_short_circuit_decorator.py
[2025-10-09T11:27:12.286+0000] {processor.py:925} INFO - DAG(s) 'example_short_circuit_decorator' retrieved from /home/airflow/.local/lib/python3.12/site-packages/airflow/example_dags/example_short_circuit_decorator.py
[2025-10-09T11:27:12.317+0000] {logging_mixin.py:190} INFO - [2025-10-09T11:27:12.316+0000] {dag.py:3239} INFO - Sync 1 DAGs
[2025-10-09T11:27:12.336+0000] {logging_mixin.py:190} INFO - [2025-10-09T11:27:12.335+0000] {dag.py:4180} INFO - Setting next_dagrun for example_short_circuit_decorator to None, run_after=None
[2025-10-09T11:27:12.369+0000] {processor.py:208} INFO - Processing /home/airflow/.local/lib/python3.12/site-packages/airflow/example_dags/example_short_circuit_decorator.py took 0.112 seconds
[2025-10-09T11:27:43.724+0000] {processor.py:186} INFO - Started process (PID=2901) to work on /home/airflow/.local/lib/python3.12/site-packages/airflow/example_dags/example_short_circuit_decorator.py
[2025-10-09T11:27:43.725+0000] {processor.py:914} INFO - Processing file /home/airflow/.local/lib/python3.12/site-packages/airflow/example_dags/example_short_circuit_decorator.py for tasks to queue
[2025-10-09T11:27:43.731+0000] {logging_mixin.py:190} INFO - [2025-10-09T11:27:43.730+0000] {dagbag.py:588} INFO - Filling up the DagBag from /home/airflow/.local/lib/python3.12/site-packages/airflow/example_dags/example_short_circuit_decorator.py
[2025-10-09T11:27:43.746+0000] {processor.py:925} INFO - DAG(s) 'example_short_circuit_decorator' retrieved from /home/airflow/.local/lib/python3.12/site-packages/airflow/example_dags/example_short_circuit_decorator.py
[2025-10-09T11:27:43.792+0000] {logging_mixin.py:190} INFO - [2025-10-09T11:27:43.791+0000] {dag.py:3239} INFO - Sync 1 DAGs
[2025-10-09T11:27:43.819+0000] {logging_mixin.py:190} INFO - [2025-10-09T11:27:43.819+0000] {dag.py:4180} INFO - Setting next_dagrun for example_short_circuit_decorator to None, run_after=None
[2025-10-09T11:27:43.857+0000] {processor.py:208} INFO - Processing /home/airflow/.local/lib/python3.12/site-packages/airflow/example_dags/example_short_circuit_decorator.py took 0.146 seconds
[2025-10-09T11:28:14.309+0000] {processor.py:186} INFO - Started process (PID=2963) to work on /home/airflow/.local/lib/python3.12/site-packages/airflow/example_dags/example_short_circuit_decorator.py
[2025-10-09T11:28:14.311+0000] {processor.py:914} INFO - Processing file /home/airflow/.local/lib/python3.12/site-packages/airflow/example_dags/example_short_circuit_decorator.py for tasks to queue
[2025-10-09T11:28:14.314+0000] {logging_mixin.py:190} INFO - [2025-10-09T11:28:14.314+0000] {dagbag.py:588} INFO - Filling up the DagBag from /home/airflow/.local/lib/python3.12/site-packages/airflow/example_dags/example_short_circuit_decorator.py
[2025-10-09T11:28:14.326+0000] {processor.py:925} INFO - DAG(s) 'example_short_circuit_decorator' retrieved from /home/airflow/.local/lib/python3.12/site-packages/airflow/example_dags/example_short_circuit_decorator.py
[2025-10-09T11:28:14.360+0000] {logging_mixin.py:190} INFO - [2025-10-09T11:28:14.359+0000] {dag.py:3239} INFO - Sync 1 DAGs
[2025-10-09T11:28:14.378+0000] {logging_mixin.py:190} INFO - [2025-10-09T11:28:14.378+0000] {dag.py:4180} INFO - Setting next_dagrun for example_short_circuit_decorator to None, run_after=None
[2025-10-09T11:28:14.402+0000] {processor.py:208} INFO - Processing /home/airflow/.local/lib/python3.12/site-packages/airflow/example_dags/example_short_circuit_decorator.py took 0.101 seconds
[2025-10-09T11:37:52.650+0000] {processor.py:186} INFO - Started process (PID=3029) to work on /home/airflow/.local/lib/python3.12/site-packages/airflow/example_dags/example_short_circuit_decorator.py
[2025-10-09T11:37:52.675+0000] {processor.py:914} INFO - Processing file /home/airflow/.local/lib/python3.12/site-packages/airflow/example_dags/example_short_circuit_decorator.py for tasks to queue
[2025-10-09T11:37:52.742+0000] {logging_mixin.py:190} INFO - [2025-10-09T11:37:52.736+0000] {dagbag.py:588} INFO - Filling up the DagBag from /home/airflow/.local/lib/python3.12/site-packages/airflow/example_dags/example_short_circuit_decorator.py
[2025-10-09T11:37:52.908+0000] {processor.py:925} INFO - DAG(s) 'example_short_circuit_decorator' retrieved from /home/airflow/.local/lib/python3.12/site-packages/airflow/example_dags/example_short_circuit_decorator.py
[2025-10-09T11:37:53.089+0000] {logging_mixin.py:190} INFO - [2025-10-09T11:37:53.086+0000] {dag.py:3239} INFO - Sync 1 DAGs
[2025-10-09T11:37:53.334+0000] {logging_mixin.py:190} INFO - [2025-10-09T11:37:53.330+0000] {dag.py:4180} INFO - Setting next_dagrun for example_short_circuit_decorator to None, run_after=None
[2025-10-09T11:37:53.556+0000] {processor.py:208} INFO - Processing /home/airflow/.local/lib/python3.12/site-packages/airflow/example_dags/example_short_circuit_decorator.py took 1.114 seconds
[2025-10-09T11:38:51.840+0000] {processor.py:186} INFO - Started process (PID=99) to work on /home/airflow/.local/lib/python3.12/site-packages/airflow/example_dags/example_short_circuit_decorator.py
[2025-10-09T11:38:51.843+0000] {processor.py:914} INFO - Processing file /home/airflow/.local/lib/python3.12/site-packages/airflow/example_dags/example_short_circuit_decorator.py for tasks to queue
[2025-10-09T11:38:51.851+0000] {logging_mixin.py:190} INFO - [2025-10-09T11:38:51.849+0000] {dagbag.py:588} INFO - Filling up the DagBag from /home/airflow/.local/lib/python3.12/site-packages/airflow/example_dags/example_short_circuit_decorator.py
[2025-10-09T11:38:51.871+0000] {processor.py:925} INFO - DAG(s) 'example_short_circuit_decorator' retrieved from /home/airflow/.local/lib/python3.12/site-packages/airflow/example_dags/example_short_circuit_decorator.py
[2025-10-09T11:38:51.922+0000] {logging_mixin.py:190} INFO - [2025-10-09T11:38:51.921+0000] {dag.py:3239} INFO - Sync 1 DAGs
[2025-10-09T11:38:51.955+0000] {logging_mixin.py:190} INFO - [2025-10-09T11:38:51.955+0000] {dag.py:4180} INFO - Setting next_dagrun for example_short_circuit_decorator to None, run_after=None
[2025-10-09T11:38:51.996+0000] {processor.py:208} INFO - Processing /home/airflow/.local/lib/python3.12/site-packages/airflow/example_dags/example_short_circuit_decorator.py took 0.166 seconds
[2025-10-09T11:39:23.947+0000] {processor.py:186} INFO - Started process (PID=162) to work on /home/airflow/.local/lib/python3.12/site-packages/airflow/example_dags/example_short_circuit_decorator.py
[2025-10-09T11:39:23.948+0000] {processor.py:914} INFO - Processing file /home/airflow/.local/lib/python3.12/site-packages/airflow/example_dags/example_short_circuit_decorator.py for tasks to queue
[2025-10-09T11:39:23.952+0000] {logging_mixin.py:190} INFO - [2025-10-09T11:39:23.951+0000] {dagbag.py:588} INFO - Filling up the DagBag from /home/airflow/.local/lib/python3.12/site-packages/airflow/example_dags/example_short_circuit_decorator.py
[2025-10-09T11:39:23.964+0000] {processor.py:925} INFO - DAG(s) 'example_short_circuit_decorator' retrieved from /home/airflow/.local/lib/python3.12/site-packages/airflow/example_dags/example_short_circuit_decorator.py
[2025-10-09T11:39:24.001+0000] {logging_mixin.py:190} INFO - [2025-10-09T11:39:24.001+0000] {dag.py:3239} INFO - Sync 1 DAGs
[2025-10-09T11:39:24.021+0000] {logging_mixin.py:190} INFO - [2025-10-09T11:39:24.020+0000] {dag.py:4180} INFO - Setting next_dagrun for example_short_circuit_decorator to None, run_after=None
[2025-10-09T11:39:24.046+0000] {processor.py:208} INFO - Processing /home/airflow/.local/lib/python3.12/site-packages/airflow/example_dags/example_short_circuit_decorator.py took 0.105 seconds
[2025-10-09T11:39:54.885+0000] {processor.py:186} INFO - Started process (PID=225) to work on /home/airflow/.local/lib/python3.12/site-packages/airflow/example_dags/example_short_circuit_decorator.py
[2025-10-09T11:39:54.886+0000] {processor.py:914} INFO - Processing file /home/airflow/.local/lib/python3.12/site-packages/airflow/example_dags/example_short_circuit_decorator.py for tasks to queue
[2025-10-09T11:39:54.890+0000] {logging_mixin.py:190} INFO - [2025-10-09T11:39:54.890+0000] {dagbag.py:588} INFO - Filling up the DagBag from /home/airflow/.local/lib/python3.12/site-packages/airflow/example_dags/example_short_circuit_decorator.py
[2025-10-09T11:39:54.905+0000] {processor.py:925} INFO - DAG(s) 'example_short_circuit_decorator' retrieved from /home/airflow/.local/lib/python3.12/site-packages/airflow/example_dags/example_short_circuit_decorator.py
[2025-10-09T11:39:54.932+0000] {logging_mixin.py:190} INFO - [2025-10-09T11:39:54.932+0000] {dag.py:3239} INFO - Sync 1 DAGs
[2025-10-09T11:39:54.950+0000] {logging_mixin.py:190} INFO - [2025-10-09T11:39:54.949+0000] {dag.py:4180} INFO - Setting next_dagrun for example_short_circuit_decorator to None, run_after=None
[2025-10-09T11:39:54.974+0000] {processor.py:208} INFO - Processing /home/airflow/.local/lib/python3.12/site-packages/airflow/example_dags/example_short_circuit_decorator.py took 0.098 seconds
[2025-10-09T11:40:25.872+0000] {processor.py:186} INFO - Started process (PID=288) to work on /home/airflow/.local/lib/python3.12/site-packages/airflow/example_dags/example_short_circuit_decorator.py
[2025-10-09T11:40:25.874+0000] {processor.py:914} INFO - Processing file /home/airflow/.local/lib/python3.12/site-packages/airflow/example_dags/example_short_circuit_decorator.py for tasks to queue
[2025-10-09T11:40:25.877+0000] {logging_mixin.py:190} INFO - [2025-10-09T11:40:25.877+0000] {dagbag.py:588} INFO - Filling up the DagBag from /home/airflow/.local/lib/python3.12/site-packages/airflow/example_dags/example_short_circuit_decorator.py
[2025-10-09T11:40:25.898+0000] {processor.py:925} INFO - DAG(s) 'example_short_circuit_decorator' retrieved from /home/airflow/.local/lib/python3.12/site-packages/airflow/example_dags/example_short_circuit_decorator.py
[2025-10-09T11:40:25.936+0000] {logging_mixin.py:190} INFO - [2025-10-09T11:40:25.936+0000] {dag.py:3239} INFO - Sync 1 DAGs
[2025-10-09T11:40:25.964+0000] {logging_mixin.py:190} INFO - [2025-10-09T11:40:25.963+0000] {dag.py:4180} INFO - Setting next_dagrun for example_short_circuit_decorator to None, run_after=None
[2025-10-09T11:40:26.014+0000] {processor.py:208} INFO - Processing /home/airflow/.local/lib/python3.12/site-packages/airflow/example_dags/example_short_circuit_decorator.py took 0.151 seconds
[2025-10-09T11:40:56.895+0000] {processor.py:186} INFO - Started process (PID=351) to work on /home/airflow/.local/lib/python3.12/site-packages/airflow/example_dags/example_short_circuit_decorator.py
[2025-10-09T11:40:56.896+0000] {processor.py:914} INFO - Processing file /home/airflow/.local/lib/python3.12/site-packages/airflow/example_dags/example_short_circuit_decorator.py for tasks to queue
[2025-10-09T11:40:56.899+0000] {logging_mixin.py:190} INFO - [2025-10-09T11:40:56.899+0000] {dagbag.py:588} INFO - Filling up the DagBag from /home/airflow/.local/lib/python3.12/site-packages/airflow/example_dags/example_short_circuit_decorator.py
[2025-10-09T11:40:56.917+0000] {processor.py:925} INFO - DAG(s) 'example_short_circuit_decorator' retrieved from /home/airflow/.local/lib/python3.12/site-packages/airflow/example_dags/example_short_circuit_decorator.py
[2025-10-09T11:40:56.947+0000] {logging_mixin.py:190} INFO - [2025-10-09T11:40:56.946+0000] {dag.py:3239} INFO - Sync 1 DAGs
[2025-10-09T11:40:56.965+0000] {logging_mixin.py:190} INFO - [2025-10-09T11:40:56.964+0000] {dag.py:4180} INFO - Setting next_dagrun for example_short_circuit_decorator to None, run_after=None
[2025-10-09T11:40:56.991+0000] {processor.py:208} INFO - Processing /home/airflow/.local/lib/python3.12/site-packages/airflow/example_dags/example_short_circuit_decorator.py took 0.104 seconds
[2025-10-09T11:41:29.900+0000] {processor.py:186} INFO - Started process (PID=415) to work on /home/airflow/.local/lib/python3.12/site-packages/airflow/example_dags/example_short_circuit_decorator.py
[2025-10-09T11:41:29.902+0000] {processor.py:914} INFO - Processing file /home/airflow/.local/lib/python3.12/site-packages/airflow/example_dags/example_short_circuit_decorator.py for tasks to queue
[2025-10-09T11:41:29.909+0000] {logging_mixin.py:190} INFO - [2025-10-09T11:41:29.907+0000] {dagbag.py:588} INFO - Filling up the DagBag from /home/airflow/.local/lib/python3.12/site-packages/airflow/example_dags/example_short_circuit_decorator.py
[2025-10-09T11:41:29.930+0000] {processor.py:925} INFO - DAG(s) 'example_short_circuit_decorator' retrieved from /home/airflow/.local/lib/python3.12/site-packages/airflow/example_dags/example_short_circuit_decorator.py
[2025-10-09T11:41:29.980+0000] {logging_mixin.py:190} INFO - [2025-10-09T11:41:29.980+0000] {dag.py:3239} INFO - Sync 1 DAGs
[2025-10-09T11:41:30.015+0000] {logging_mixin.py:190} INFO - [2025-10-09T11:41:30.014+0000] {dag.py:4180} INFO - Setting next_dagrun for example_short_circuit_decorator to None, run_after=None
[2025-10-09T11:41:30.053+0000] {processor.py:208} INFO - Processing /home/airflow/.local/lib/python3.12/site-packages/airflow/example_dags/example_short_circuit_decorator.py took 0.167 seconds
[2025-10-09T11:42:00.585+0000] {processor.py:186} INFO - Started process (PID=478) to work on /home/airflow/.local/lib/python3.12/site-packages/airflow/example_dags/example_short_circuit_decorator.py
[2025-10-09T11:42:00.588+0000] {processor.py:914} INFO - Processing file /home/airflow/.local/lib/python3.12/site-packages/airflow/example_dags/example_short_circuit_decorator.py for tasks to queue
[2025-10-09T11:42:00.593+0000] {logging_mixin.py:190} INFO - [2025-10-09T11:42:00.592+0000] {dagbag.py:588} INFO - Filling up the DagBag from /home/airflow/.local/lib/python3.12/site-packages/airflow/example_dags/example_short_circuit_decorator.py
[2025-10-09T11:42:00.616+0000] {processor.py:925} INFO - DAG(s) 'example_short_circuit_decorator' retrieved from /home/airflow/.local/lib/python3.12/site-packages/airflow/example_dags/example_short_circuit_decorator.py
[2025-10-09T11:42:00.663+0000] {logging_mixin.py:190} INFO - [2025-10-09T11:42:00.662+0000] {dag.py:3239} INFO - Sync 1 DAGs
[2025-10-09T11:42:00.698+0000] {logging_mixin.py:190} INFO - [2025-10-09T11:42:00.697+0000] {dag.py:4180} INFO - Setting next_dagrun for example_short_circuit_decorator to None, run_after=None
[2025-10-09T11:42:00.739+0000] {processor.py:208} INFO - Processing /home/airflow/.local/lib/python3.12/site-packages/airflow/example_dags/example_short_circuit_decorator.py took 0.165 seconds
[2025-10-09T11:42:31.879+0000] {processor.py:186} INFO - Started process (PID=541) to work on /home/airflow/.local/lib/python3.12/site-packages/airflow/example_dags/example_short_circuit_decorator.py
[2025-10-09T11:42:32.533+0000] {processor.py:914} INFO - Processing file /home/airflow/.local/lib/python3.12/site-packages/airflow/example_dags/example_short_circuit_decorator.py for tasks to queue
[2025-10-09T11:42:32.539+0000] {logging_mixin.py:190} INFO - [2025-10-09T11:42:32.538+0000] {dagbag.py:588} INFO - Filling up the DagBag from /home/airflow/.local/lib/python3.12/site-packages/airflow/example_dags/example_short_circuit_decorator.py
[2025-10-09T11:42:32.559+0000] {processor.py:925} INFO - DAG(s) 'example_short_circuit_decorator' retrieved from /home/airflow/.local/lib/python3.12/site-packages/airflow/example_dags/example_short_circuit_decorator.py
[2025-10-09T11:42:32.594+0000] {logging_mixin.py:190} INFO - [2025-10-09T11:42:32.594+0000] {dag.py:3239} INFO - Sync 1 DAGs
[2025-10-09T11:42:32.611+0000] {logging_mixin.py:190} INFO - [2025-10-09T11:42:32.610+0000] {dag.py:4180} INFO - Setting next_dagrun for example_short_circuit_decorator to None, run_after=None
[2025-10-09T11:42:33.300+0000] {processor.py:208} INFO - Processing /home/airflow/.local/lib/python3.12/site-packages/airflow/example_dags/example_short_circuit_decorator.py took 1.429 seconds
[2025-10-09T11:43:04.047+0000] {processor.py:186} INFO - Started process (PID=604) to work on /home/airflow/.local/lib/python3.12/site-packages/airflow/example_dags/example_short_circuit_decorator.py
[2025-10-09T11:43:04.048+0000] {processor.py:914} INFO - Processing file /home/airflow/.local/lib/python3.12/site-packages/airflow/example_dags/example_short_circuit_decorator.py for tasks to queue
[2025-10-09T11:43:04.051+0000] {logging_mixin.py:190} INFO - [2025-10-09T11:43:04.051+0000] {dagbag.py:588} INFO - Filling up the DagBag from /home/airflow/.local/lib/python3.12/site-packages/airflow/example_dags/example_short_circuit_decorator.py
[2025-10-09T11:43:04.063+0000] {processor.py:925} INFO - DAG(s) 'example_short_circuit_decorator' retrieved from /home/airflow/.local/lib/python3.12/site-packages/airflow/example_dags/example_short_circuit_decorator.py
[2025-10-09T11:43:04.092+0000] {logging_mixin.py:190} INFO - [2025-10-09T11:43:04.092+0000] {dag.py:3239} INFO - Sync 1 DAGs
[2025-10-09T11:43:04.115+0000] {logging_mixin.py:190} INFO - [2025-10-09T11:43:04.115+0000] {dag.py:4180} INFO - Setting next_dagrun for example_short_circuit_decorator to None, run_after=None
[2025-10-09T11:43:04.141+0000] {processor.py:208} INFO - Processing /home/airflow/.local/lib/python3.12/site-packages/airflow/example_dags/example_short_circuit_decorator.py took 0.101 seconds
[2025-10-09T11:43:34.567+0000] {processor.py:186} INFO - Started process (PID=668) to work on /home/airflow/.local/lib/python3.12/site-packages/airflow/example_dags/example_short_circuit_decorator.py
[2025-10-09T11:43:34.568+0000] {processor.py:914} INFO - Processing file /home/airflow/.local/lib/python3.12/site-packages/airflow/example_dags/example_short_circuit_decorator.py for tasks to queue
[2025-10-09T11:43:34.571+0000] {logging_mixin.py:190} INFO - [2025-10-09T11:43:34.571+0000] {dagbag.py:588} INFO - Filling up the DagBag from /home/airflow/.local/lib/python3.12/site-packages/airflow/example_dags/example_short_circuit_decorator.py
[2025-10-09T11:43:34.582+0000] {processor.py:925} INFO - DAG(s) 'example_short_circuit_decorator' retrieved from /home/airflow/.local/lib/python3.12/site-packages/airflow/example_dags/example_short_circuit_decorator.py
[2025-10-09T11:43:34.607+0000] {logging_mixin.py:190} INFO - [2025-10-09T11:43:34.607+0000] {dag.py:3239} INFO - Sync 1 DAGs
[2025-10-09T11:43:34.626+0000] {logging_mixin.py:190} INFO - [2025-10-09T11:43:34.626+0000] {dag.py:4180} INFO - Setting next_dagrun for example_short_circuit_decorator to None, run_after=None
[2025-10-09T11:43:34.652+0000] {processor.py:208} INFO - Processing /home/airflow/.local/lib/python3.12/site-packages/airflow/example_dags/example_short_circuit_decorator.py took 0.091 seconds
[2025-10-09T11:44:04.719+0000] {processor.py:186} INFO - Started process (PID=731) to work on /home/airflow/.local/lib/python3.12/site-packages/airflow/example_dags/example_short_circuit_decorator.py
[2025-10-09T11:44:04.721+0000] {processor.py:914} INFO - Processing file /home/airflow/.local/lib/python3.12/site-packages/airflow/example_dags/example_short_circuit_decorator.py for tasks to queue
[2025-10-09T11:44:04.724+0000] {logging_mixin.py:190} INFO - [2025-10-09T11:44:04.724+0000] {dagbag.py:588} INFO - Filling up the DagBag from /home/airflow/.local/lib/python3.12/site-packages/airflow/example_dags/example_short_circuit_decorator.py
[2025-10-09T11:44:04.736+0000] {processor.py:925} INFO - DAG(s) 'example_short_circuit_decorator' retrieved from /home/airflow/.local/lib/python3.12/site-packages/airflow/example_dags/example_short_circuit_decorator.py
[2025-10-09T11:44:04.766+0000] {logging_mixin.py:190} INFO - [2025-10-09T11:44:04.765+0000] {dag.py:3239} INFO - Sync 1 DAGs
[2025-10-09T11:44:04.782+0000] {logging_mixin.py:190} INFO - [2025-10-09T11:44:04.782+0000] {dag.py:4180} INFO - Setting next_dagrun for example_short_circuit_decorator to None, run_after=None
[2025-10-09T11:44:04.815+0000] {processor.py:208} INFO - Processing /home/airflow/.local/lib/python3.12/site-packages/airflow/example_dags/example_short_circuit_decorator.py took 0.103 seconds
[2025-10-09T11:44:35.038+0000] {processor.py:186} INFO - Started process (PID=794) to work on /home/airflow/.local/lib/python3.12/site-packages/airflow/example_dags/example_short_circuit_decorator.py
[2025-10-09T11:44:35.040+0000] {processor.py:914} INFO - Processing file /home/airflow/.local/lib/python3.12/site-packages/airflow/example_dags/example_short_circuit_decorator.py for tasks to queue
[2025-10-09T11:44:35.042+0000] {logging_mixin.py:190} INFO - [2025-10-09T11:44:35.042+0000] {dagbag.py:588} INFO - Filling up the DagBag from /home/airflow/.local/lib/python3.12/site-packages/airflow/example_dags/example_short_circuit_decorator.py
[2025-10-09T11:44:35.053+0000] {processor.py:925} INFO - DAG(s) 'example_short_circuit_decorator' retrieved from /home/airflow/.local/lib/python3.12/site-packages/airflow/example_dags/example_short_circuit_decorator.py
[2025-10-09T11:44:35.078+0000] {logging_mixin.py:190} INFO - [2025-10-09T11:44:35.078+0000] {dag.py:3239} INFO - Sync 1 DAGs
[2025-10-09T11:44:35.094+0000] {logging_mixin.py:190} INFO - [2025-10-09T11:44:35.094+0000] {dag.py:4180} INFO - Setting next_dagrun for example_short_circuit_decorator to None, run_after=None
[2025-10-09T11:44:35.125+0000] {processor.py:208} INFO - Processing /home/airflow/.local/lib/python3.12/site-packages/airflow/example_dags/example_short_circuit_decorator.py took 0.093 seconds
[2025-10-09T11:45:05.363+0000] {processor.py:186} INFO - Started process (PID=857) to work on /home/airflow/.local/lib/python3.12/site-packages/airflow/example_dags/example_short_circuit_decorator.py
[2025-10-09T11:45:05.365+0000] {processor.py:914} INFO - Processing file /home/airflow/.local/lib/python3.12/site-packages/airflow/example_dags/example_short_circuit_decorator.py for tasks to queue
[2025-10-09T11:45:05.369+0000] {logging_mixin.py:190} INFO - [2025-10-09T11:45:05.369+0000] {dagbag.py:588} INFO - Filling up the DagBag from /home/airflow/.local/lib/python3.12/site-packages/airflow/example_dags/example_short_circuit_decorator.py
[2025-10-09T11:45:05.391+0000] {processor.py:925} INFO - DAG(s) 'example_short_circuit_decorator' retrieved from /home/airflow/.local/lib/python3.12/site-packages/airflow/example_dags/example_short_circuit_decorator.py
[2025-10-09T11:45:05.450+0000] {logging_mixin.py:190} INFO - [2025-10-09T11:45:05.449+0000] {dag.py:3239} INFO - Sync 1 DAGs
[2025-10-09T11:45:05.483+0000] {logging_mixin.py:190} INFO - [2025-10-09T11:45:05.483+0000] {dag.py:4180} INFO - Setting next_dagrun for example_short_circuit_decorator to None, run_after=None
[2025-10-09T11:45:05.530+0000] {processor.py:208} INFO - Processing /home/airflow/.local/lib/python3.12/site-packages/airflow/example_dags/example_short_circuit_decorator.py took 0.175 seconds
[2025-10-09T11:45:36.287+0000] {processor.py:186} INFO - Started process (PID=920) to work on /home/airflow/.local/lib/python3.12/site-packages/airflow/example_dags/example_short_circuit_decorator.py
[2025-10-09T11:45:36.289+0000] {processor.py:914} INFO - Processing file /home/airflow/.local/lib/python3.12/site-packages/airflow/example_dags/example_short_circuit_decorator.py for tasks to queue
[2025-10-09T11:45:36.294+0000] {logging_mixin.py:190} INFO - [2025-10-09T11:45:36.293+0000] {dagbag.py:588} INFO - Filling up the DagBag from /home/airflow/.local/lib/python3.12/site-packages/airflow/example_dags/example_short_circuit_decorator.py
[2025-10-09T11:45:36.316+0000] {processor.py:925} INFO - DAG(s) 'example_short_circuit_decorator' retrieved from /home/airflow/.local/lib/python3.12/site-packages/airflow/example_dags/example_short_circuit_decorator.py
[2025-10-09T11:45:36.369+0000] {logging_mixin.py:190} INFO - [2025-10-09T11:45:36.368+0000] {dag.py:3239} INFO - Sync 1 DAGs
[2025-10-09T11:45:36.401+0000] {logging_mixin.py:190} INFO - [2025-10-09T11:45:36.401+0000] {dag.py:4180} INFO - Setting next_dagrun for example_short_circuit_decorator to None, run_after=None
[2025-10-09T11:45:36.433+0000] {processor.py:208} INFO - Processing /home/airflow/.local/lib/python3.12/site-packages/airflow/example_dags/example_short_circuit_decorator.py took 0.157 seconds
[2025-10-09T11:46:06.587+0000] {processor.py:186} INFO - Started process (PID=984) to work on /home/airflow/.local/lib/python3.12/site-packages/airflow/example_dags/example_short_circuit_decorator.py
[2025-10-09T11:46:06.589+0000] {processor.py:914} INFO - Processing file /home/airflow/.local/lib/python3.12/site-packages/airflow/example_dags/example_short_circuit_decorator.py for tasks to queue
[2025-10-09T11:46:06.592+0000] {logging_mixin.py:190} INFO - [2025-10-09T11:46:06.591+0000] {dagbag.py:588} INFO - Filling up the DagBag from /home/airflow/.local/lib/python3.12/site-packages/airflow/example_dags/example_short_circuit_decorator.py
[2025-10-09T11:46:06.605+0000] {processor.py:925} INFO - DAG(s) 'example_short_circuit_decorator' retrieved from /home/airflow/.local/lib/python3.12/site-packages/airflow/example_dags/example_short_circuit_decorator.py
[2025-10-09T11:46:06.632+0000] {logging_mixin.py:190} INFO - [2025-10-09T11:46:06.632+0000] {dag.py:3239} INFO - Sync 1 DAGs
[2025-10-09T11:46:06.649+0000] {logging_mixin.py:190} INFO - [2025-10-09T11:46:06.649+0000] {dag.py:4180} INFO - Setting next_dagrun for example_short_circuit_decorator to None, run_after=None
[2025-10-09T11:46:06.682+0000] {processor.py:208} INFO - Processing /home/airflow/.local/lib/python3.12/site-packages/airflow/example_dags/example_short_circuit_decorator.py took 0.102 seconds
[2025-10-09T11:46:37.811+0000] {processor.py:186} INFO - Started process (PID=1047) to work on /home/airflow/.local/lib/python3.12/site-packages/airflow/example_dags/example_short_circuit_decorator.py
[2025-10-09T11:46:37.812+0000] {processor.py:914} INFO - Processing file /home/airflow/.local/lib/python3.12/site-packages/airflow/example_dags/example_short_circuit_decorator.py for tasks to queue
[2025-10-09T11:46:37.816+0000] {logging_mixin.py:190} INFO - [2025-10-09T11:46:37.816+0000] {dagbag.py:588} INFO - Filling up the DagBag from /home/airflow/.local/lib/python3.12/site-packages/airflow/example_dags/example_short_circuit_decorator.py
[2025-10-09T11:46:37.832+0000] {processor.py:925} INFO - DAG(s) 'example_short_circuit_decorator' retrieved from /home/airflow/.local/lib/python3.12/site-packages/airflow/example_dags/example_short_circuit_decorator.py
[2025-10-09T11:46:37.873+0000] {logging_mixin.py:190} INFO - [2025-10-09T11:46:37.873+0000] {dag.py:3239} INFO - Sync 1 DAGs
[2025-10-09T11:46:37.903+0000] {logging_mixin.py:190} INFO - [2025-10-09T11:46:37.903+0000] {dag.py:4180} INFO - Setting next_dagrun for example_short_circuit_decorator to None, run_after=None
[2025-10-09T11:46:37.933+0000] {processor.py:208} INFO - Processing /home/airflow/.local/lib/python3.12/site-packages/airflow/example_dags/example_short_circuit_decorator.py took 0.129 seconds
[2025-10-09T11:47:08.395+0000] {processor.py:186} INFO - Started process (PID=1110) to work on /home/airflow/.local/lib/python3.12/site-packages/airflow/example_dags/example_short_circuit_decorator.py
[2025-10-09T11:47:08.397+0000] {processor.py:914} INFO - Processing file /home/airflow/.local/lib/python3.12/site-packages/airflow/example_dags/example_short_circuit_decorator.py for tasks to queue
[2025-10-09T11:47:08.402+0000] {logging_mixin.py:190} INFO - [2025-10-09T11:47:08.401+0000] {dagbag.py:588} INFO - Filling up the DagBag from /home/airflow/.local/lib/python3.12/site-packages/airflow/example_dags/example_short_circuit_decorator.py
[2025-10-09T11:47:08.421+0000] {processor.py:925} INFO - DAG(s) 'example_short_circuit_decorator' retrieved from /home/airflow/.local/lib/python3.12/site-packages/airflow/example_dags/example_short_circuit_decorator.py
[2025-10-09T11:47:08.450+0000] {logging_mixin.py:190} INFO - [2025-10-09T11:47:08.450+0000] {dag.py:3239} INFO - Sync 1 DAGs
[2025-10-09T11:47:08.469+0000] {logging_mixin.py:190} INFO - [2025-10-09T11:47:08.469+0000] {dag.py:4180} INFO - Setting next_dagrun for example_short_circuit_decorator to None, run_after=None
[2025-10-09T11:47:08.493+0000] {processor.py:208} INFO - Processing /home/airflow/.local/lib/python3.12/site-packages/airflow/example_dags/example_short_circuit_decorator.py took 0.109 seconds
[2025-10-09T11:47:39.453+0000] {processor.py:186} INFO - Started process (PID=1173) to work on /home/airflow/.local/lib/python3.12/site-packages/airflow/example_dags/example_short_circuit_decorator.py
[2025-10-09T11:47:39.454+0000] {processor.py:914} INFO - Processing file /home/airflow/.local/lib/python3.12/site-packages/airflow/example_dags/example_short_circuit_decorator.py for tasks to queue
[2025-10-09T11:47:39.457+0000] {logging_mixin.py:190} INFO - [2025-10-09T11:47:39.457+0000] {dagbag.py:588} INFO - Filling up the DagBag from /home/airflow/.local/lib/python3.12/site-packages/airflow/example_dags/example_short_circuit_decorator.py
[2025-10-09T11:47:39.467+0000] {processor.py:925} INFO - DAG(s) 'example_short_circuit_decorator' retrieved from /home/airflow/.local/lib/python3.12/site-packages/airflow/example_dags/example_short_circuit_decorator.py
[2025-10-09T11:47:39.492+0000] {logging_mixin.py:190} INFO - [2025-10-09T11:47:39.492+0000] {dag.py:3239} INFO - Sync 1 DAGs
[2025-10-09T11:47:39.508+0000] {logging_mixin.py:190} INFO - [2025-10-09T11:47:39.508+0000] {dag.py:4180} INFO - Setting next_dagrun for example_short_circuit_decorator to None, run_after=None
[2025-10-09T11:47:39.535+0000] {processor.py:208} INFO - Processing /home/airflow/.local/lib/python3.12/site-packages/airflow/example_dags/example_short_circuit_decorator.py took 0.089 seconds
[2025-10-09T11:48:09.848+0000] {processor.py:186} INFO - Started process (PID=1237) to work on /home/airflow/.local/lib/python3.12/site-packages/airflow/example_dags/example_short_circuit_decorator.py
[2025-10-09T11:48:09.850+0000] {processor.py:914} INFO - Processing file /home/airflow/.local/lib/python3.12/site-packages/airflow/example_dags/example_short_circuit_decorator.py for tasks to queue
[2025-10-09T11:48:09.854+0000] {logging_mixin.py:190} INFO - [2025-10-09T11:48:09.853+0000] {dagbag.py:588} INFO - Filling up the DagBag from /home/airflow/.local/lib/python3.12/site-packages/airflow/example_dags/example_short_circuit_decorator.py
[2025-10-09T11:48:09.871+0000] {processor.py:925} INFO - DAG(s) 'example_short_circuit_decorator' retrieved from /home/airflow/.local/lib/python3.12/site-packages/airflow/example_dags/example_short_circuit_decorator.py
[2025-10-09T11:48:09.905+0000] {logging_mixin.py:190} INFO - [2025-10-09T11:48:09.904+0000] {dag.py:3239} INFO - Sync 1 DAGs
[2025-10-09T11:48:09.934+0000] {logging_mixin.py:190} INFO - [2025-10-09T11:48:09.933+0000] {dag.py:4180} INFO - Setting next_dagrun for example_short_circuit_decorator to None, run_after=None
[2025-10-09T11:48:09.972+0000] {processor.py:208} INFO - Processing /home/airflow/.local/lib/python3.12/site-packages/airflow/example_dags/example_short_circuit_decorator.py took 0.134 seconds
[2025-10-09T11:48:40.447+0000] {processor.py:186} INFO - Started process (PID=1300) to work on /home/airflow/.local/lib/python3.12/site-packages/airflow/example_dags/example_short_circuit_decorator.py
[2025-10-09T11:48:40.449+0000] {processor.py:914} INFO - Processing file /home/airflow/.local/lib/python3.12/site-packages/airflow/example_dags/example_short_circuit_decorator.py for tasks to queue
[2025-10-09T11:48:40.453+0000] {logging_mixin.py:190} INFO - [2025-10-09T11:48:40.452+0000] {dagbag.py:588} INFO - Filling up the DagBag from /home/airflow/.local/lib/python3.12/site-packages/airflow/example_dags/example_short_circuit_decorator.py
[2025-10-09T11:48:40.467+0000] {processor.py:925} INFO - DAG(s) 'example_short_circuit_decorator' retrieved from /home/airflow/.local/lib/python3.12/site-packages/airflow/example_dags/example_short_circuit_decorator.py
[2025-10-09T11:48:40.499+0000] {logging_mixin.py:190} INFO - [2025-10-09T11:48:40.498+0000] {dag.py:3239} INFO - Sync 1 DAGs
[2025-10-09T11:48:40.522+0000] {logging_mixin.py:190} INFO - [2025-10-09T11:48:40.521+0000] {dag.py:4180} INFO - Setting next_dagrun for example_short_circuit_decorator to None, run_after=None
[2025-10-09T11:48:40.561+0000] {processor.py:208} INFO - Processing /home/airflow/.local/lib/python3.12/site-packages/airflow/example_dags/example_short_circuit_decorator.py took 0.123 seconds
[2025-10-09T11:49:11.206+0000] {processor.py:186} INFO - Started process (PID=1363) to work on /home/airflow/.local/lib/python3.12/site-packages/airflow/example_dags/example_short_circuit_decorator.py
[2025-10-09T11:49:11.207+0000] {processor.py:914} INFO - Processing file /home/airflow/.local/lib/python3.12/site-packages/airflow/example_dags/example_short_circuit_decorator.py for tasks to queue
[2025-10-09T11:49:11.210+0000] {logging_mixin.py:190} INFO - [2025-10-09T11:49:11.209+0000] {dagbag.py:588} INFO - Filling up the DagBag from /home/airflow/.local/lib/python3.12/site-packages/airflow/example_dags/example_short_circuit_decorator.py
[2025-10-09T11:49:11.222+0000] {processor.py:925} INFO - DAG(s) 'example_short_circuit_decorator' retrieved from /home/airflow/.local/lib/python3.12/site-packages/airflow/example_dags/example_short_circuit_decorator.py
[2025-10-09T11:49:11.249+0000] {logging_mixin.py:190} INFO - [2025-10-09T11:49:11.249+0000] {dag.py:3239} INFO - Sync 1 DAGs
[2025-10-09T11:49:11.265+0000] {logging_mixin.py:190} INFO - [2025-10-09T11:49:11.265+0000] {dag.py:4180} INFO - Setting next_dagrun for example_short_circuit_decorator to None, run_after=None
[2025-10-09T11:49:11.287+0000] {processor.py:208} INFO - Processing /home/airflow/.local/lib/python3.12/site-packages/airflow/example_dags/example_short_circuit_decorator.py took 0.088 seconds
[2025-10-09T11:49:41.878+0000] {processor.py:186} INFO - Started process (PID=1426) to work on /home/airflow/.local/lib/python3.12/site-packages/airflow/example_dags/example_short_circuit_decorator.py
[2025-10-09T11:49:41.879+0000] {processor.py:914} INFO - Processing file /home/airflow/.local/lib/python3.12/site-packages/airflow/example_dags/example_short_circuit_decorator.py for tasks to queue
[2025-10-09T11:49:41.882+0000] {logging_mixin.py:190} INFO - [2025-10-09T11:49:41.882+0000] {dagbag.py:588} INFO - Filling up the DagBag from /home/airflow/.local/lib/python3.12/site-packages/airflow/example_dags/example_short_circuit_decorator.py
[2025-10-09T11:49:41.894+0000] {processor.py:925} INFO - DAG(s) 'example_short_circuit_decorator' retrieved from /home/airflow/.local/lib/python3.12/site-packages/airflow/example_dags/example_short_circuit_decorator.py
[2025-10-09T11:49:41.921+0000] {logging_mixin.py:190} INFO - [2025-10-09T11:49:41.921+0000] {dag.py:3239} INFO - Sync 1 DAGs
[2025-10-09T11:49:41.941+0000] {logging_mixin.py:190} INFO - [2025-10-09T11:49:41.941+0000] {dag.py:4180} INFO - Setting next_dagrun for example_short_circuit_decorator to None, run_after=None
[2025-10-09T11:49:41.969+0000] {processor.py:208} INFO - Processing /home/airflow/.local/lib/python3.12/site-packages/airflow/example_dags/example_short_circuit_decorator.py took 0.098 seconds
[2025-10-09T11:50:12.144+0000] {processor.py:186} INFO - Started process (PID=1489) to work on /home/airflow/.local/lib/python3.12/site-packages/airflow/example_dags/example_short_circuit_decorator.py
[2025-10-09T11:50:12.146+0000] {processor.py:914} INFO - Processing file /home/airflow/.local/lib/python3.12/site-packages/airflow/example_dags/example_short_circuit_decorator.py for tasks to queue
[2025-10-09T11:50:12.149+0000] {logging_mixin.py:190} INFO - [2025-10-09T11:50:12.148+0000] {dagbag.py:588} INFO - Filling up the DagBag from /home/airflow/.local/lib/python3.12/site-packages/airflow/example_dags/example_short_circuit_decorator.py
[2025-10-09T11:50:12.161+0000] {processor.py:925} INFO - DAG(s) 'example_short_circuit_decorator' retrieved from /home/airflow/.local/lib/python3.12/site-packages/airflow/example_dags/example_short_circuit_decorator.py
[2025-10-09T11:50:12.191+0000] {logging_mixin.py:190} INFO - [2025-10-09T11:50:12.191+0000] {dag.py:3239} INFO - Sync 1 DAGs
[2025-10-09T11:50:12.212+0000] {logging_mixin.py:190} INFO - [2025-10-09T11:50:12.212+0000] {dag.py:4180} INFO - Setting next_dagrun for example_short_circuit_decorator to None, run_after=None
[2025-10-09T11:50:12.238+0000] {processor.py:208} INFO - Processing /home/airflow/.local/lib/python3.12/site-packages/airflow/example_dags/example_short_circuit_decorator.py took 0.101 seconds
[2025-10-09T11:50:43.051+0000] {processor.py:186} INFO - Started process (PID=1552) to work on /home/airflow/.local/lib/python3.12/site-packages/airflow/example_dags/example_short_circuit_decorator.py
[2025-10-09T11:50:43.053+0000] {processor.py:914} INFO - Processing file /home/airflow/.local/lib/python3.12/site-packages/airflow/example_dags/example_short_circuit_decorator.py for tasks to queue
[2025-10-09T11:50:43.058+0000] {logging_mixin.py:190} INFO - [2025-10-09T11:50:43.057+0000] {dagbag.py:588} INFO - Filling up the DagBag from /home/airflow/.local/lib/python3.12/site-packages/airflow/example_dags/example_short_circuit_decorator.py
[2025-10-09T11:50:43.072+0000] {processor.py:925} INFO - DAG(s) 'example_short_circuit_decorator' retrieved from /home/airflow/.local/lib/python3.12/site-packages/airflow/example_dags/example_short_circuit_decorator.py
[2025-10-09T11:50:43.102+0000] {logging_mixin.py:190} INFO - [2025-10-09T11:50:43.102+0000] {dag.py:3239} INFO - Sync 1 DAGs
[2025-10-09T11:50:43.121+0000] {logging_mixin.py:190} INFO - [2025-10-09T11:50:43.121+0000] {dag.py:4180} INFO - Setting next_dagrun for example_short_circuit_decorator to None, run_after=None
[2025-10-09T11:50:43.148+0000] {processor.py:208} INFO - Processing /home/airflow/.local/lib/python3.12/site-packages/airflow/example_dags/example_short_circuit_decorator.py took 0.105 seconds
[2025-10-09T11:51:13.804+0000] {processor.py:186} INFO - Started process (PID=1614) to work on /home/airflow/.local/lib/python3.12/site-packages/airflow/example_dags/example_short_circuit_decorator.py
[2025-10-09T11:51:13.806+0000] {processor.py:914} INFO - Processing file /home/airflow/.local/lib/python3.12/site-packages/airflow/example_dags/example_short_circuit_decorator.py for tasks to queue
[2025-10-09T11:51:13.809+0000] {logging_mixin.py:190} INFO - [2025-10-09T11:51:13.808+0000] {dagbag.py:588} INFO - Filling up the DagBag from /home/airflow/.local/lib/python3.12/site-packages/airflow/example_dags/example_short_circuit_decorator.py
[2025-10-09T11:51:13.821+0000] {processor.py:925} INFO - DAG(s) 'example_short_circuit_decorator' retrieved from /home/airflow/.local/lib/python3.12/site-packages/airflow/example_dags/example_short_circuit_decorator.py
[2025-10-09T11:51:13.855+0000] {logging_mixin.py:190} INFO - [2025-10-09T11:51:13.855+0000] {dag.py:3239} INFO - Sync 1 DAGs
[2025-10-09T11:51:13.874+0000] {logging_mixin.py:190} INFO - [2025-10-09T11:51:13.874+0000] {dag.py:4180} INFO - Setting next_dagrun for example_short_circuit_decorator to None, run_after=None
[2025-10-09T11:51:13.901+0000] {processor.py:208} INFO - Processing /home/airflow/.local/lib/python3.12/site-packages/airflow/example_dags/example_short_circuit_decorator.py took 0.104 seconds
[2025-10-09T11:51:44.980+0000] {processor.py:186} INFO - Started process (PID=1677) to work on /home/airflow/.local/lib/python3.12/site-packages/airflow/example_dags/example_short_circuit_decorator.py
[2025-10-09T11:51:44.982+0000] {processor.py:914} INFO - Processing file /home/airflow/.local/lib/python3.12/site-packages/airflow/example_dags/example_short_circuit_decorator.py for tasks to queue
[2025-10-09T11:51:44.986+0000] {logging_mixin.py:190} INFO - [2025-10-09T11:51:44.986+0000] {dagbag.py:588} INFO - Filling up the DagBag from /home/airflow/.local/lib/python3.12/site-packages/airflow/example_dags/example_short_circuit_decorator.py
[2025-10-09T11:51:45.001+0000] {processor.py:925} INFO - DAG(s) 'example_short_circuit_decorator' retrieved from /home/airflow/.local/lib/python3.12/site-packages/airflow/example_dags/example_short_circuit_decorator.py
[2025-10-09T11:51:45.040+0000] {logging_mixin.py:190} INFO - [2025-10-09T11:51:45.039+0000] {dag.py:3239} INFO - Sync 1 DAGs
[2025-10-09T11:51:45.067+0000] {logging_mixin.py:190} INFO - [2025-10-09T11:51:45.066+0000] {dag.py:4180} INFO - Setting next_dagrun for example_short_circuit_decorator to None, run_after=None
[2025-10-09T11:51:45.100+0000] {processor.py:208} INFO - Processing /home/airflow/.local/lib/python3.12/site-packages/airflow/example_dags/example_short_circuit_decorator.py took 0.130 seconds
[2025-10-09T11:52:15.333+0000] {processor.py:186} INFO - Started process (PID=1740) to work on /home/airflow/.local/lib/python3.12/site-packages/airflow/example_dags/example_short_circuit_decorator.py
[2025-10-09T11:52:15.334+0000] {processor.py:914} INFO - Processing file /home/airflow/.local/lib/python3.12/site-packages/airflow/example_dags/example_short_circuit_decorator.py for tasks to queue
[2025-10-09T11:52:15.337+0000] {logging_mixin.py:190} INFO - [2025-10-09T11:52:15.336+0000] {dagbag.py:588} INFO - Filling up the DagBag from /home/airflow/.local/lib/python3.12/site-packages/airflow/example_dags/example_short_circuit_decorator.py
[2025-10-09T11:52:15.350+0000] {processor.py:925} INFO - DAG(s) 'example_short_circuit_decorator' retrieved from /home/airflow/.local/lib/python3.12/site-packages/airflow/example_dags/example_short_circuit_decorator.py
[2025-10-09T11:52:15.376+0000] {logging_mixin.py:190} INFO - [2025-10-09T11:52:15.375+0000] {dag.py:3239} INFO - Sync 1 DAGs
[2025-10-09T11:52:15.391+0000] {logging_mixin.py:190} INFO - [2025-10-09T11:52:15.391+0000] {dag.py:4180} INFO - Setting next_dagrun for example_short_circuit_decorator to None, run_after=None
[2025-10-09T11:52:15.417+0000] {processor.py:208} INFO - Processing /home/airflow/.local/lib/python3.12/site-packages/airflow/example_dags/example_short_circuit_decorator.py took 0.090 seconds
[2025-10-09T11:52:45.615+0000] {processor.py:186} INFO - Started process (PID=1802) to work on /home/airflow/.local/lib/python3.12/site-packages/airflow/example_dags/example_short_circuit_decorator.py
[2025-10-09T11:52:45.617+0000] {processor.py:914} INFO - Processing file /home/airflow/.local/lib/python3.12/site-packages/airflow/example_dags/example_short_circuit_decorator.py for tasks to queue
[2025-10-09T11:52:45.620+0000] {logging_mixin.py:190} INFO - [2025-10-09T11:52:45.619+0000] {dagbag.py:588} INFO - Filling up the DagBag from /home/airflow/.local/lib/python3.12/site-packages/airflow/example_dags/example_short_circuit_decorator.py
[2025-10-09T11:52:45.630+0000] {processor.py:925} INFO - DAG(s) 'example_short_circuit_decorator' retrieved from /home/airflow/.local/lib/python3.12/site-packages/airflow/example_dags/example_short_circuit_decorator.py
[2025-10-09T11:52:45.655+0000] {logging_mixin.py:190} INFO - [2025-10-09T11:52:45.655+0000] {dag.py:3239} INFO - Sync 1 DAGs
[2025-10-09T11:52:45.672+0000] {logging_mixin.py:190} INFO - [2025-10-09T11:52:45.671+0000] {dag.py:4180} INFO - Setting next_dagrun for example_short_circuit_decorator to None, run_after=None
[2025-10-09T11:52:45.695+0000] {processor.py:208} INFO - Processing /home/airflow/.local/lib/python3.12/site-packages/airflow/example_dags/example_short_circuit_decorator.py took 0.086 seconds
[2025-10-09T11:53:15.906+0000] {processor.py:186} INFO - Started process (PID=1865) to work on /home/airflow/.local/lib/python3.12/site-packages/airflow/example_dags/example_short_circuit_decorator.py
[2025-10-09T11:53:15.908+0000] {processor.py:914} INFO - Processing file /home/airflow/.local/lib/python3.12/site-packages/airflow/example_dags/example_short_circuit_decorator.py for tasks to queue
[2025-10-09T11:53:15.912+0000] {logging_mixin.py:190} INFO - [2025-10-09T11:53:15.912+0000] {dagbag.py:588} INFO - Filling up the DagBag from /home/airflow/.local/lib/python3.12/site-packages/airflow/example_dags/example_short_circuit_decorator.py
[2025-10-09T11:53:15.926+0000] {processor.py:925} INFO - DAG(s) 'example_short_circuit_decorator' retrieved from /home/airflow/.local/lib/python3.12/site-packages/airflow/example_dags/example_short_circuit_decorator.py
[2025-10-09T11:53:15.957+0000] {logging_mixin.py:190} INFO - [2025-10-09T11:53:15.957+0000] {dag.py:3239} INFO - Sync 1 DAGs
[2025-10-09T11:53:15.982+0000] {logging_mixin.py:190} INFO - [2025-10-09T11:53:15.982+0000] {dag.py:4180} INFO - Setting next_dagrun for example_short_circuit_decorator to None, run_after=None
[2025-10-09T11:53:16.010+0000] {processor.py:208} INFO - Processing /home/airflow/.local/lib/python3.12/site-packages/airflow/example_dags/example_short_circuit_decorator.py took 0.111 seconds
[2025-10-09T11:53:46.776+0000] {processor.py:186} INFO - Started process (PID=1928) to work on /home/airflow/.local/lib/python3.12/site-packages/airflow/example_dags/example_short_circuit_decorator.py
[2025-10-09T11:53:46.777+0000] {processor.py:914} INFO - Processing file /home/airflow/.local/lib/python3.12/site-packages/airflow/example_dags/example_short_circuit_decorator.py for tasks to queue
[2025-10-09T11:53:46.782+0000] {logging_mixin.py:190} INFO - [2025-10-09T11:53:46.781+0000] {dagbag.py:588} INFO - Filling up the DagBag from /home/airflow/.local/lib/python3.12/site-packages/airflow/example_dags/example_short_circuit_decorator.py
[2025-10-09T11:53:46.795+0000] {processor.py:925} INFO - DAG(s) 'example_short_circuit_decorator' retrieved from /home/airflow/.local/lib/python3.12/site-packages/airflow/example_dags/example_short_circuit_decorator.py
[2025-10-09T11:53:46.824+0000] {logging_mixin.py:190} INFO - [2025-10-09T11:53:46.823+0000] {dag.py:3239} INFO - Sync 1 DAGs
[2025-10-09T11:53:46.841+0000] {logging_mixin.py:190} INFO - [2025-10-09T11:53:46.840+0000] {dag.py:4180} INFO - Setting next_dagrun for example_short_circuit_decorator to None, run_after=None
[2025-10-09T11:53:46.863+0000] {processor.py:208} INFO - Processing /home/airflow/.local/lib/python3.12/site-packages/airflow/example_dags/example_short_circuit_decorator.py took 0.095 seconds
[2025-10-09T11:54:16.989+0000] {processor.py:186} INFO - Started process (PID=1990) to work on /home/airflow/.local/lib/python3.12/site-packages/airflow/example_dags/example_short_circuit_decorator.py
[2025-10-09T11:54:16.990+0000] {processor.py:914} INFO - Processing file /home/airflow/.local/lib/python3.12/site-packages/airflow/example_dags/example_short_circuit_decorator.py for tasks to queue
[2025-10-09T11:54:16.994+0000] {logging_mixin.py:190} INFO - [2025-10-09T11:54:16.993+0000] {dagbag.py:588} INFO - Filling up the DagBag from /home/airflow/.local/lib/python3.12/site-packages/airflow/example_dags/example_short_circuit_decorator.py
[2025-10-09T11:54:17.007+0000] {processor.py:925} INFO - DAG(s) 'example_short_circuit_decorator' retrieved from /home/airflow/.local/lib/python3.12/site-packages/airflow/example_dags/example_short_circuit_decorator.py
[2025-10-09T11:54:17.046+0000] {logging_mixin.py:190} INFO - [2025-10-09T11:54:17.046+0000] {dag.py:3239} INFO - Sync 1 DAGs
[2025-10-09T11:54:17.069+0000] {logging_mixin.py:190} INFO - [2025-10-09T11:54:17.068+0000] {dag.py:4180} INFO - Setting next_dagrun for example_short_circuit_decorator to None, run_after=None
[2025-10-09T11:54:17.093+0000] {processor.py:208} INFO - Processing /home/airflow/.local/lib/python3.12/site-packages/airflow/example_dags/example_short_circuit_decorator.py took 0.112 seconds
[2025-10-09T12:01:05.548+0000] {processor.py:186} INFO - Started process (PID=92) to work on /home/airflow/.local/lib/python3.12/site-packages/airflow/example_dags/example_short_circuit_decorator.py
[2025-10-09T12:01:05.549+0000] {processor.py:914} INFO - Processing file /home/airflow/.local/lib/python3.12/site-packages/airflow/example_dags/example_short_circuit_decorator.py for tasks to queue
[2025-10-09T12:01:05.553+0000] {logging_mixin.py:190} INFO - [2025-10-09T12:01:05.552+0000] {dagbag.py:588} INFO - Filling up the DagBag from /home/airflow/.local/lib/python3.12/site-packages/airflow/example_dags/example_short_circuit_decorator.py
[2025-10-09T12:01:05.565+0000] {processor.py:925} INFO - DAG(s) 'example_short_circuit_decorator' retrieved from /home/airflow/.local/lib/python3.12/site-packages/airflow/example_dags/example_short_circuit_decorator.py
[2025-10-09T12:01:05.596+0000] {logging_mixin.py:190} INFO - [2025-10-09T12:01:05.596+0000] {dag.py:3239} INFO - Sync 1 DAGs
[2025-10-09T12:01:05.615+0000] {logging_mixin.py:190} INFO - [2025-10-09T12:01:05.615+0000] {dag.py:4180} INFO - Setting next_dagrun for example_short_circuit_decorator to None, run_after=None
[2025-10-09T12:01:05.647+0000] {processor.py:208} INFO - Processing /home/airflow/.local/lib/python3.12/site-packages/airflow/example_dags/example_short_circuit_decorator.py took 0.106 seconds
[2025-10-09T12:01:37.464+0000] {processor.py:186} INFO - Started process (PID=155) to work on /home/airflow/.local/lib/python3.12/site-packages/airflow/example_dags/example_short_circuit_decorator.py
[2025-10-09T12:01:37.466+0000] {processor.py:914} INFO - Processing file /home/airflow/.local/lib/python3.12/site-packages/airflow/example_dags/example_short_circuit_decorator.py for tasks to queue
[2025-10-09T12:01:37.473+0000] {logging_mixin.py:190} INFO - [2025-10-09T12:01:37.472+0000] {dagbag.py:588} INFO - Filling up the DagBag from /home/airflow/.local/lib/python3.12/site-packages/airflow/example_dags/example_short_circuit_decorator.py
[2025-10-09T12:01:37.493+0000] {processor.py:925} INFO - DAG(s) 'example_short_circuit_decorator' retrieved from /home/airflow/.local/lib/python3.12/site-packages/airflow/example_dags/example_short_circuit_decorator.py
[2025-10-09T12:01:37.530+0000] {logging_mixin.py:190} INFO - [2025-10-09T12:01:37.529+0000] {dag.py:3239} INFO - Sync 1 DAGs
[2025-10-09T12:01:37.554+0000] {logging_mixin.py:190} INFO - [2025-10-09T12:01:37.554+0000] {dag.py:4180} INFO - Setting next_dagrun for example_short_circuit_decorator to None, run_after=None
[2025-10-09T12:01:37.595+0000] {processor.py:208} INFO - Processing /home/airflow/.local/lib/python3.12/site-packages/airflow/example_dags/example_short_circuit_decorator.py took 0.143 seconds
[2025-10-09T12:02:08.182+0000] {processor.py:186} INFO - Started process (PID=218) to work on /home/airflow/.local/lib/python3.12/site-packages/airflow/example_dags/example_short_circuit_decorator.py
[2025-10-09T12:02:08.185+0000] {processor.py:914} INFO - Processing file /home/airflow/.local/lib/python3.12/site-packages/airflow/example_dags/example_short_circuit_decorator.py for tasks to queue
[2025-10-09T12:02:08.190+0000] {logging_mixin.py:190} INFO - [2025-10-09T12:02:08.189+0000] {dagbag.py:588} INFO - Filling up the DagBag from /home/airflow/.local/lib/python3.12/site-packages/airflow/example_dags/example_short_circuit_decorator.py
[2025-10-09T12:02:08.211+0000] {processor.py:925} INFO - DAG(s) 'example_short_circuit_decorator' retrieved from /home/airflow/.local/lib/python3.12/site-packages/airflow/example_dags/example_short_circuit_decorator.py
[2025-10-09T12:02:08.246+0000] {logging_mixin.py:190} INFO - [2025-10-09T12:02:08.245+0000] {dag.py:3239} INFO - Sync 1 DAGs
[2025-10-09T12:02:08.269+0000] {logging_mixin.py:190} INFO - [2025-10-09T12:02:08.268+0000] {dag.py:4180} INFO - Setting next_dagrun for example_short_circuit_decorator to None, run_after=None
[2025-10-09T12:02:08.301+0000] {processor.py:208} INFO - Processing /home/airflow/.local/lib/python3.12/site-packages/airflow/example_dags/example_short_circuit_decorator.py took 0.128 seconds
[2025-10-09T12:02:39.426+0000] {processor.py:186} INFO - Started process (PID=281) to work on /home/airflow/.local/lib/python3.12/site-packages/airflow/example_dags/example_short_circuit_decorator.py
[2025-10-09T12:02:39.427+0000] {processor.py:914} INFO - Processing file /home/airflow/.local/lib/python3.12/site-packages/airflow/example_dags/example_short_circuit_decorator.py for tasks to queue
[2025-10-09T12:02:39.430+0000] {logging_mixin.py:190} INFO - [2025-10-09T12:02:39.430+0000] {dagbag.py:588} INFO - Filling up the DagBag from /home/airflow/.local/lib/python3.12/site-packages/airflow/example_dags/example_short_circuit_decorator.py
[2025-10-09T12:02:39.442+0000] {processor.py:925} INFO - DAG(s) 'example_short_circuit_decorator' retrieved from /home/airflow/.local/lib/python3.12/site-packages/airflow/example_dags/example_short_circuit_decorator.py
[2025-10-09T12:02:39.467+0000] {logging_mixin.py:190} INFO - [2025-10-09T12:02:39.467+0000] {dag.py:3239} INFO - Sync 1 DAGs
[2025-10-09T12:02:39.483+0000] {logging_mixin.py:190} INFO - [2025-10-09T12:02:39.483+0000] {dag.py:4180} INFO - Setting next_dagrun for example_short_circuit_decorator to None, run_after=None
[2025-10-09T12:02:39.509+0000] {processor.py:208} INFO - Processing /home/airflow/.local/lib/python3.12/site-packages/airflow/example_dags/example_short_circuit_decorator.py took 0.090 seconds
[2025-10-09T12:03:09.723+0000] {processor.py:186} INFO - Started process (PID=344) to work on /home/airflow/.local/lib/python3.12/site-packages/airflow/example_dags/example_short_circuit_decorator.py
[2025-10-09T12:03:09.725+0000] {processor.py:914} INFO - Processing file /home/airflow/.local/lib/python3.12/site-packages/airflow/example_dags/example_short_circuit_decorator.py for tasks to queue
[2025-10-09T12:03:09.728+0000] {logging_mixin.py:190} INFO - [2025-10-09T12:03:09.727+0000] {dagbag.py:588} INFO - Filling up the DagBag from /home/airflow/.local/lib/python3.12/site-packages/airflow/example_dags/example_short_circuit_decorator.py
[2025-10-09T12:03:09.739+0000] {processor.py:925} INFO - DAG(s) 'example_short_circuit_decorator' retrieved from /home/airflow/.local/lib/python3.12/site-packages/airflow/example_dags/example_short_circuit_decorator.py
[2025-10-09T12:03:09.764+0000] {logging_mixin.py:190} INFO - [2025-10-09T12:03:09.764+0000] {dag.py:3239} INFO - Sync 1 DAGs
[2025-10-09T12:03:09.781+0000] {logging_mixin.py:190} INFO - [2025-10-09T12:03:09.781+0000] {dag.py:4180} INFO - Setting next_dagrun for example_short_circuit_decorator to None, run_after=None
[2025-10-09T12:03:09.804+0000] {processor.py:208} INFO - Processing /home/airflow/.local/lib/python3.12/site-packages/airflow/example_dags/example_short_circuit_decorator.py took 0.087 seconds
[2025-10-09T12:03:39.852+0000] {processor.py:186} INFO - Started process (PID=406) to work on /home/airflow/.local/lib/python3.12/site-packages/airflow/example_dags/example_short_circuit_decorator.py
[2025-10-09T12:03:39.853+0000] {processor.py:914} INFO - Processing file /home/airflow/.local/lib/python3.12/site-packages/airflow/example_dags/example_short_circuit_decorator.py for tasks to queue
[2025-10-09T12:03:39.857+0000] {logging_mixin.py:190} INFO - [2025-10-09T12:03:39.856+0000] {dagbag.py:588} INFO - Filling up the DagBag from /home/airflow/.local/lib/python3.12/site-packages/airflow/example_dags/example_short_circuit_decorator.py
[2025-10-09T12:03:39.868+0000] {processor.py:925} INFO - DAG(s) 'example_short_circuit_decorator' retrieved from /home/airflow/.local/lib/python3.12/site-packages/airflow/example_dags/example_short_circuit_decorator.py
[2025-10-09T12:03:39.897+0000] {logging_mixin.py:190} INFO - [2025-10-09T12:03:39.897+0000] {dag.py:3239} INFO - Sync 1 DAGs
[2025-10-09T12:03:39.915+0000] {logging_mixin.py:190} INFO - [2025-10-09T12:03:39.914+0000] {dag.py:4180} INFO - Setting next_dagrun for example_short_circuit_decorator to None, run_after=None
[2025-10-09T12:03:39.947+0000] {processor.py:208} INFO - Processing /home/airflow/.local/lib/python3.12/site-packages/airflow/example_dags/example_short_circuit_decorator.py took 0.102 seconds
[2025-10-09T12:04:10.596+0000] {processor.py:186} INFO - Started process (PID=469) to work on /home/airflow/.local/lib/python3.12/site-packages/airflow/example_dags/example_short_circuit_decorator.py
[2025-10-09T12:04:10.598+0000] {processor.py:914} INFO - Processing file /home/airflow/.local/lib/python3.12/site-packages/airflow/example_dags/example_short_circuit_decorator.py for tasks to queue
[2025-10-09T12:04:10.602+0000] {logging_mixin.py:190} INFO - [2025-10-09T12:04:10.601+0000] {dagbag.py:588} INFO - Filling up the DagBag from /home/airflow/.local/lib/python3.12/site-packages/airflow/example_dags/example_short_circuit_decorator.py
[2025-10-09T12:04:10.619+0000] {processor.py:925} INFO - DAG(s) 'example_short_circuit_decorator' retrieved from /home/airflow/.local/lib/python3.12/site-packages/airflow/example_dags/example_short_circuit_decorator.py
[2025-10-09T12:04:10.652+0000] {logging_mixin.py:190} INFO - [2025-10-09T12:04:10.652+0000] {dag.py:3239} INFO - Sync 1 DAGs
[2025-10-09T12:04:10.674+0000] {logging_mixin.py:190} INFO - [2025-10-09T12:04:10.674+0000] {dag.py:4180} INFO - Setting next_dagrun for example_short_circuit_decorator to None, run_after=None
[2025-10-09T12:04:10.705+0000] {processor.py:208} INFO - Processing /home/airflow/.local/lib/python3.12/site-packages/airflow/example_dags/example_short_circuit_decorator.py took 0.117 seconds
