[2025-10-09T00:25:22.806+0000] {processor.py:186} INFO - Started process (PID=9210) to work on /home/airflow/.local/lib/python3.12/site-packages/airflow/example_dags/example_dynamic_task_mapping.py
[2025-10-09T00:25:22.819+0000] {processor.py:914} INFO - Processing file /home/airflow/.local/lib/python3.12/site-packages/airflow/example_dags/example_dynamic_task_mapping.py for tasks to queue
[2025-10-09T00:25:22.834+0000] {logging_mixin.py:190} INFO - [2025-10-09T00:25:22.833+0000] {dagbag.py:588} INFO - Filling up the DagBag from /home/airflow/.local/lib/python3.12/site-packages/airflow/example_dags/example_dynamic_task_mapping.py
[2025-10-09T00:25:22.888+0000] {processor.py:925} INFO - DAG(s) 'example_dynamic_task_mapping' retrieved from /home/airflow/.local/lib/python3.12/site-packages/airflow/example_dags/example_dynamic_task_mapping.py
[2025-10-09T00:25:22.994+0000] {logging_mixin.py:190} INFO - [2025-10-09T00:25:22.985+0000] {dag.py:3239} INFO - Sync 1 DAGs
[2025-10-09T00:25:23.099+0000] {logging_mixin.py:190} INFO - [2025-10-09T00:25:23.098+0000] {dag.py:4180} INFO - Setting next_dagrun for example_dynamic_task_mapping to None, run_after=None
[2025-10-09T00:25:23.265+0000] {processor.py:208} INFO - Processing /home/airflow/.local/lib/python3.12/site-packages/airflow/example_dags/example_dynamic_task_mapping.py took 0.483 seconds
[2025-10-09T00:25:59.561+0000] {processor.py:186} INFO - Started process (PID=9273) to work on /home/airflow/.local/lib/python3.12/site-packages/airflow/example_dags/example_dynamic_task_mapping.py
[2025-10-09T00:25:59.563+0000] {processor.py:914} INFO - Processing file /home/airflow/.local/lib/python3.12/site-packages/airflow/example_dags/example_dynamic_task_mapping.py for tasks to queue
[2025-10-09T00:25:59.565+0000] {logging_mixin.py:190} INFO - [2025-10-09T00:25:59.564+0000] {dagbag.py:588} INFO - Filling up the DagBag from /home/airflow/.local/lib/python3.12/site-packages/airflow/example_dags/example_dynamic_task_mapping.py
[2025-10-09T00:25:59.581+0000] {processor.py:925} INFO - DAG(s) 'example_dynamic_task_mapping' retrieved from /home/airflow/.local/lib/python3.12/site-packages/airflow/example_dags/example_dynamic_task_mapping.py
[2025-10-09T00:25:59.611+0000] {logging_mixin.py:190} INFO - [2025-10-09T00:25:59.611+0000] {dag.py:3239} INFO - Sync 1 DAGs
[2025-10-09T00:25:59.634+0000] {logging_mixin.py:190} INFO - [2025-10-09T00:25:59.634+0000] {dag.py:4180} INFO - Setting next_dagrun for example_dynamic_task_mapping to None, run_after=None
[2025-10-09T00:25:59.665+0000] {processor.py:208} INFO - Processing /home/airflow/.local/lib/python3.12/site-packages/airflow/example_dags/example_dynamic_task_mapping.py took 0.118 seconds
[2025-10-09T11:03:35.316+0000] {processor.py:186} INFO - Started process (PID=79) to work on /home/airflow/.local/lib/python3.12/site-packages/airflow/example_dags/example_dynamic_task_mapping.py
[2025-10-09T11:03:35.319+0000] {processor.py:914} INFO - Processing file /home/airflow/.local/lib/python3.12/site-packages/airflow/example_dags/example_dynamic_task_mapping.py for tasks to queue
[2025-10-09T11:03:35.326+0000] {logging_mixin.py:190} INFO - [2025-10-09T11:03:35.325+0000] {dagbag.py:588} INFO - Filling up the DagBag from /home/airflow/.local/lib/python3.12/site-packages/airflow/example_dags/example_dynamic_task_mapping.py
[2025-10-09T11:03:35.393+0000] {processor.py:925} INFO - DAG(s) 'example_dynamic_task_mapping' retrieved from /home/airflow/.local/lib/python3.12/site-packages/airflow/example_dags/example_dynamic_task_mapping.py
[2025-10-09T11:03:35.576+0000] {logging_mixin.py:190} INFO - [2025-10-09T11:03:35.575+0000] {dag.py:3239} INFO - Sync 1 DAGs
[2025-10-09T11:03:35.762+0000] {logging_mixin.py:190} INFO - [2025-10-09T11:03:35.761+0000] {dag.py:4180} INFO - Setting next_dagrun for example_dynamic_task_mapping to None, run_after=None
[2025-10-09T11:03:35.892+0000] {processor.py:208} INFO - Processing /home/airflow/.local/lib/python3.12/site-packages/airflow/example_dags/example_dynamic_task_mapping.py took 0.660 seconds
[2025-10-09T11:04:22.061+0000] {processor.py:186} INFO - Started process (PID=143) to work on /home/airflow/.local/lib/python3.12/site-packages/airflow/example_dags/example_dynamic_task_mapping.py
[2025-10-09T11:04:22.065+0000] {processor.py:914} INFO - Processing file /home/airflow/.local/lib/python3.12/site-packages/airflow/example_dags/example_dynamic_task_mapping.py for tasks to queue
[2025-10-09T11:04:22.100+0000] {logging_mixin.py:190} INFO - [2025-10-09T11:04:22.100+0000] {dagbag.py:588} INFO - Filling up the DagBag from /home/airflow/.local/lib/python3.12/site-packages/airflow/example_dags/example_dynamic_task_mapping.py
[2025-10-09T11:04:22.123+0000] {processor.py:925} INFO - DAG(s) 'example_dynamic_task_mapping' retrieved from /home/airflow/.local/lib/python3.12/site-packages/airflow/example_dags/example_dynamic_task_mapping.py
[2025-10-09T11:04:22.173+0000] {logging_mixin.py:190} INFO - [2025-10-09T11:04:22.172+0000] {dag.py:3239} INFO - Sync 1 DAGs
[2025-10-09T11:04:22.260+0000] {logging_mixin.py:190} INFO - [2025-10-09T11:04:22.259+0000] {dag.py:4180} INFO - Setting next_dagrun for example_dynamic_task_mapping to None, run_after=None
[2025-10-09T11:04:22.357+0000] {processor.py:208} INFO - Processing /home/airflow/.local/lib/python3.12/site-packages/airflow/example_dags/example_dynamic_task_mapping.py took 0.316 seconds
[2025-10-09T11:04:53.365+0000] {processor.py:186} INFO - Started process (PID=206) to work on /home/airflow/.local/lib/python3.12/site-packages/airflow/example_dags/example_dynamic_task_mapping.py
[2025-10-09T11:04:53.366+0000] {processor.py:914} INFO - Processing file /home/airflow/.local/lib/python3.12/site-packages/airflow/example_dags/example_dynamic_task_mapping.py for tasks to queue
[2025-10-09T11:04:53.370+0000] {logging_mixin.py:190} INFO - [2025-10-09T11:04:53.370+0000] {dagbag.py:588} INFO - Filling up the DagBag from /home/airflow/.local/lib/python3.12/site-packages/airflow/example_dags/example_dynamic_task_mapping.py
[2025-10-09T11:04:53.385+0000] {processor.py:925} INFO - DAG(s) 'example_dynamic_task_mapping' retrieved from /home/airflow/.local/lib/python3.12/site-packages/airflow/example_dags/example_dynamic_task_mapping.py
[2025-10-09T11:04:53.428+0000] {logging_mixin.py:190} INFO - [2025-10-09T11:04:53.427+0000] {dag.py:3239} INFO - Sync 1 DAGs
[2025-10-09T11:04:53.454+0000] {logging_mixin.py:190} INFO - [2025-10-09T11:04:53.454+0000] {dag.py:4180} INFO - Setting next_dagrun for example_dynamic_task_mapping to None, run_after=None
[2025-10-09T11:04:53.513+0000] {processor.py:208} INFO - Processing /home/airflow/.local/lib/python3.12/site-packages/airflow/example_dags/example_dynamic_task_mapping.py took 0.159 seconds
[2025-10-09T11:05:51.852+0000] {processor.py:186} INFO - Started process (PID=260) to work on /home/airflow/.local/lib/python3.12/site-packages/airflow/example_dags/example_dynamic_task_mapping.py
[2025-10-09T11:05:51.876+0000] {processor.py:914} INFO - Processing file /home/airflow/.local/lib/python3.12/site-packages/airflow/example_dags/example_dynamic_task_mapping.py for tasks to queue
[2025-10-09T11:05:51.881+0000] {logging_mixin.py:190} INFO - [2025-10-09T11:05:51.881+0000] {dagbag.py:588} INFO - Filling up the DagBag from /home/airflow/.local/lib/python3.12/site-packages/airflow/example_dags/example_dynamic_task_mapping.py
[2025-10-09T11:05:51.898+0000] {processor.py:925} INFO - DAG(s) 'example_dynamic_task_mapping' retrieved from /home/airflow/.local/lib/python3.12/site-packages/airflow/example_dags/example_dynamic_task_mapping.py
[2025-10-09T11:05:51.945+0000] {logging_mixin.py:190} INFO - [2025-10-09T11:05:51.945+0000] {dag.py:3239} INFO - Sync 1 DAGs
[2025-10-09T11:05:51.972+0000] {logging_mixin.py:190} INFO - [2025-10-09T11:05:51.972+0000] {dag.py:4180} INFO - Setting next_dagrun for example_dynamic_task_mapping to None, run_after=None
[2025-10-09T11:05:52.006+0000] {processor.py:208} INFO - Processing /home/airflow/.local/lib/python3.12/site-packages/airflow/example_dags/example_dynamic_task_mapping.py took 0.161 seconds
[2025-10-09T11:06:23.019+0000] {processor.py:186} INFO - Started process (PID=323) to work on /home/airflow/.local/lib/python3.12/site-packages/airflow/example_dags/example_dynamic_task_mapping.py
[2025-10-09T11:06:23.020+0000] {processor.py:914} INFO - Processing file /home/airflow/.local/lib/python3.12/site-packages/airflow/example_dags/example_dynamic_task_mapping.py for tasks to queue
[2025-10-09T11:06:23.024+0000] {logging_mixin.py:190} INFO - [2025-10-09T11:06:23.023+0000] {dagbag.py:588} INFO - Filling up the DagBag from /home/airflow/.local/lib/python3.12/site-packages/airflow/example_dags/example_dynamic_task_mapping.py
[2025-10-09T11:06:23.038+0000] {processor.py:925} INFO - DAG(s) 'example_dynamic_task_mapping' retrieved from /home/airflow/.local/lib/python3.12/site-packages/airflow/example_dags/example_dynamic_task_mapping.py
[2025-10-09T11:06:23.065+0000] {logging_mixin.py:190} INFO - [2025-10-09T11:06:23.064+0000] {dag.py:3239} INFO - Sync 1 DAGs
[2025-10-09T11:06:23.092+0000] {logging_mixin.py:190} INFO - [2025-10-09T11:06:23.091+0000] {dag.py:4180} INFO - Setting next_dagrun for example_dynamic_task_mapping to None, run_after=None
[2025-10-09T11:06:23.131+0000] {processor.py:208} INFO - Processing /home/airflow/.local/lib/python3.12/site-packages/airflow/example_dags/example_dynamic_task_mapping.py took 0.119 seconds
[2025-10-09T11:06:54.011+0000] {processor.py:186} INFO - Started process (PID=386) to work on /home/airflow/.local/lib/python3.12/site-packages/airflow/example_dags/example_dynamic_task_mapping.py
[2025-10-09T11:06:54.013+0000] {processor.py:914} INFO - Processing file /home/airflow/.local/lib/python3.12/site-packages/airflow/example_dags/example_dynamic_task_mapping.py for tasks to queue
[2025-10-09T11:06:54.019+0000] {logging_mixin.py:190} INFO - [2025-10-09T11:06:54.018+0000] {dagbag.py:588} INFO - Filling up the DagBag from /home/airflow/.local/lib/python3.12/site-packages/airflow/example_dags/example_dynamic_task_mapping.py
[2025-10-09T11:06:54.037+0000] {processor.py:925} INFO - DAG(s) 'example_dynamic_task_mapping' retrieved from /home/airflow/.local/lib/python3.12/site-packages/airflow/example_dags/example_dynamic_task_mapping.py
[2025-10-09T11:06:54.079+0000] {logging_mixin.py:190} INFO - [2025-10-09T11:06:54.079+0000] {dag.py:3239} INFO - Sync 1 DAGs
[2025-10-09T11:06:54.107+0000] {logging_mixin.py:190} INFO - [2025-10-09T11:06:54.107+0000] {dag.py:4180} INFO - Setting next_dagrun for example_dynamic_task_mapping to None, run_after=None
[2025-10-09T11:06:54.144+0000] {processor.py:208} INFO - Processing /home/airflow/.local/lib/python3.12/site-packages/airflow/example_dags/example_dynamic_task_mapping.py took 0.146 seconds
[2025-10-09T11:07:28.595+0000] {processor.py:186} INFO - Started process (PID=449) to work on /home/airflow/.local/lib/python3.12/site-packages/airflow/example_dags/example_dynamic_task_mapping.py
[2025-10-09T11:07:29.055+0000] {processor.py:914} INFO - Processing file /home/airflow/.local/lib/python3.12/site-packages/airflow/example_dags/example_dynamic_task_mapping.py for tasks to queue
[2025-10-09T11:07:29.063+0000] {logging_mixin.py:190} INFO - [2025-10-09T11:07:29.062+0000] {dagbag.py:588} INFO - Filling up the DagBag from /home/airflow/.local/lib/python3.12/site-packages/airflow/example_dags/example_dynamic_task_mapping.py
[2025-10-09T11:07:29.392+0000] {processor.py:925} INFO - DAG(s) 'example_dynamic_task_mapping' retrieved from /home/airflow/.local/lib/python3.12/site-packages/airflow/example_dags/example_dynamic_task_mapping.py
[2025-10-09T11:07:31.076+0000] {logging_mixin.py:190} INFO - [2025-10-09T11:07:31.075+0000] {dag.py:3239} INFO - Sync 1 DAGs
[2025-10-09T11:07:31.107+0000] {logging_mixin.py:190} INFO - [2025-10-09T11:07:31.106+0000] {dag.py:4180} INFO - Setting next_dagrun for example_dynamic_task_mapping to None, run_after=None
[2025-10-09T11:07:32.450+0000] {processor.py:208} INFO - Processing /home/airflow/.local/lib/python3.12/site-packages/airflow/example_dags/example_dynamic_task_mapping.py took 3.865 seconds
[2025-10-09T11:08:02.986+0000] {processor.py:186} INFO - Started process (PID=512) to work on /home/airflow/.local/lib/python3.12/site-packages/airflow/example_dags/example_dynamic_task_mapping.py
[2025-10-09T11:08:02.987+0000] {processor.py:914} INFO - Processing file /home/airflow/.local/lib/python3.12/site-packages/airflow/example_dags/example_dynamic_task_mapping.py for tasks to queue
[2025-10-09T11:08:02.991+0000] {logging_mixin.py:190} INFO - [2025-10-09T11:08:02.990+0000] {dagbag.py:588} INFO - Filling up the DagBag from /home/airflow/.local/lib/python3.12/site-packages/airflow/example_dags/example_dynamic_task_mapping.py
[2025-10-09T11:08:03.002+0000] {processor.py:925} INFO - DAG(s) 'example_dynamic_task_mapping' retrieved from /home/airflow/.local/lib/python3.12/site-packages/airflow/example_dags/example_dynamic_task_mapping.py
[2025-10-09T11:08:03.026+0000] {logging_mixin.py:190} INFO - [2025-10-09T11:08:03.025+0000] {dag.py:3239} INFO - Sync 1 DAGs
[2025-10-09T11:08:03.043+0000] {logging_mixin.py:190} INFO - [2025-10-09T11:08:03.043+0000] {dag.py:4180} INFO - Setting next_dagrun for example_dynamic_task_mapping to None, run_after=None
[2025-10-09T11:08:03.067+0000] {processor.py:208} INFO - Processing /home/airflow/.local/lib/python3.12/site-packages/airflow/example_dags/example_dynamic_task_mapping.py took 0.089 seconds
[2025-10-09T11:08:33.399+0000] {processor.py:186} INFO - Started process (PID=575) to work on /home/airflow/.local/lib/python3.12/site-packages/airflow/example_dags/example_dynamic_task_mapping.py
[2025-10-09T11:08:33.427+0000] {processor.py:914} INFO - Processing file /home/airflow/.local/lib/python3.12/site-packages/airflow/example_dags/example_dynamic_task_mapping.py for tasks to queue
[2025-10-09T11:08:33.614+0000] {logging_mixin.py:190} INFO - [2025-10-09T11:08:33.613+0000] {dagbag.py:588} INFO - Filling up the DagBag from /home/airflow/.local/lib/python3.12/site-packages/airflow/example_dags/example_dynamic_task_mapping.py
[2025-10-09T11:08:33.730+0000] {processor.py:925} INFO - DAG(s) 'example_dynamic_task_mapping' retrieved from /home/airflow/.local/lib/python3.12/site-packages/airflow/example_dags/example_dynamic_task_mapping.py
[2025-10-09T11:08:34.270+0000] {logging_mixin.py:190} INFO - [2025-10-09T11:08:34.269+0000] {dag.py:3239} INFO - Sync 1 DAGs
[2025-10-09T11:08:34.421+0000] {logging_mixin.py:190} INFO - [2025-10-09T11:08:34.420+0000] {dag.py:4180} INFO - Setting next_dagrun for example_dynamic_task_mapping to None, run_after=None
[2025-10-09T11:08:34.626+0000] {processor.py:208} INFO - Processing /home/airflow/.local/lib/python3.12/site-packages/airflow/example_dags/example_dynamic_task_mapping.py took 1.272 seconds
[2025-10-09T11:09:05.382+0000] {processor.py:186} INFO - Started process (PID=638) to work on /home/airflow/.local/lib/python3.12/site-packages/airflow/example_dags/example_dynamic_task_mapping.py
[2025-10-09T11:09:05.441+0000] {processor.py:914} INFO - Processing file /home/airflow/.local/lib/python3.12/site-packages/airflow/example_dags/example_dynamic_task_mapping.py for tasks to queue
[2025-10-09T11:09:05.447+0000] {logging_mixin.py:190} INFO - [2025-10-09T11:09:05.446+0000] {dagbag.py:588} INFO - Filling up the DagBag from /home/airflow/.local/lib/python3.12/site-packages/airflow/example_dags/example_dynamic_task_mapping.py
[2025-10-09T11:09:05.457+0000] {processor.py:925} INFO - DAG(s) 'example_dynamic_task_mapping' retrieved from /home/airflow/.local/lib/python3.12/site-packages/airflow/example_dags/example_dynamic_task_mapping.py
[2025-10-09T11:09:05.478+0000] {logging_mixin.py:190} INFO - [2025-10-09T11:09:05.478+0000] {dag.py:3239} INFO - Sync 1 DAGs
[2025-10-09T11:09:05.493+0000] {logging_mixin.py:190} INFO - [2025-10-09T11:09:05.493+0000] {dag.py:4180} INFO - Setting next_dagrun for example_dynamic_task_mapping to None, run_after=None
[2025-10-09T11:09:06.351+0000] {processor.py:208} INFO - Processing /home/airflow/.local/lib/python3.12/site-packages/airflow/example_dags/example_dynamic_task_mapping.py took 0.975 seconds
[2025-10-09T11:09:36.700+0000] {processor.py:186} INFO - Started process (PID=701) to work on /home/airflow/.local/lib/python3.12/site-packages/airflow/example_dags/example_dynamic_task_mapping.py
[2025-10-09T11:09:36.702+0000] {processor.py:914} INFO - Processing file /home/airflow/.local/lib/python3.12/site-packages/airflow/example_dags/example_dynamic_task_mapping.py for tasks to queue
[2025-10-09T11:09:36.705+0000] {logging_mixin.py:190} INFO - [2025-10-09T11:09:36.705+0000] {dagbag.py:588} INFO - Filling up the DagBag from /home/airflow/.local/lib/python3.12/site-packages/airflow/example_dags/example_dynamic_task_mapping.py
[2025-10-09T11:09:36.717+0000] {processor.py:925} INFO - DAG(s) 'example_dynamic_task_mapping' retrieved from /home/airflow/.local/lib/python3.12/site-packages/airflow/example_dags/example_dynamic_task_mapping.py
[2025-10-09T11:09:36.740+0000] {logging_mixin.py:190} INFO - [2025-10-09T11:09:36.739+0000] {dag.py:3239} INFO - Sync 1 DAGs
[2025-10-09T11:09:36.757+0000] {logging_mixin.py:190} INFO - [2025-10-09T11:09:36.757+0000] {dag.py:4180} INFO - Setting next_dagrun for example_dynamic_task_mapping to None, run_after=None
[2025-10-09T11:09:36.780+0000] {processor.py:208} INFO - Processing /home/airflow/.local/lib/python3.12/site-packages/airflow/example_dags/example_dynamic_task_mapping.py took 0.087 seconds
[2025-10-09T11:10:07.453+0000] {processor.py:186} INFO - Started process (PID=764) to work on /home/airflow/.local/lib/python3.12/site-packages/airflow/example_dags/example_dynamic_task_mapping.py
[2025-10-09T11:10:07.454+0000] {processor.py:914} INFO - Processing file /home/airflow/.local/lib/python3.12/site-packages/airflow/example_dags/example_dynamic_task_mapping.py for tasks to queue
[2025-10-09T11:10:07.456+0000] {logging_mixin.py:190} INFO - [2025-10-09T11:10:07.456+0000] {dagbag.py:588} INFO - Filling up the DagBag from /home/airflow/.local/lib/python3.12/site-packages/airflow/example_dags/example_dynamic_task_mapping.py
[2025-10-09T11:10:07.474+0000] {processor.py:925} INFO - DAG(s) 'example_dynamic_task_mapping' retrieved from /home/airflow/.local/lib/python3.12/site-packages/airflow/example_dags/example_dynamic_task_mapping.py
[2025-10-09T11:10:07.496+0000] {logging_mixin.py:190} INFO - [2025-10-09T11:10:07.495+0000] {dag.py:3239} INFO - Sync 1 DAGs
[2025-10-09T11:10:07.512+0000] {logging_mixin.py:190} INFO - [2025-10-09T11:10:07.511+0000] {dag.py:4180} INFO - Setting next_dagrun for example_dynamic_task_mapping to None, run_after=None
[2025-10-09T11:10:07.537+0000] {processor.py:208} INFO - Processing /home/airflow/.local/lib/python3.12/site-packages/airflow/example_dags/example_dynamic_task_mapping.py took 0.091 seconds
[2025-10-09T11:10:37.848+0000] {processor.py:186} INFO - Started process (PID=827) to work on /home/airflow/.local/lib/python3.12/site-packages/airflow/example_dags/example_dynamic_task_mapping.py
[2025-10-09T11:10:37.849+0000] {processor.py:914} INFO - Processing file /home/airflow/.local/lib/python3.12/site-packages/airflow/example_dags/example_dynamic_task_mapping.py for tasks to queue
[2025-10-09T11:10:37.853+0000] {logging_mixin.py:190} INFO - [2025-10-09T11:10:37.852+0000] {dagbag.py:588} INFO - Filling up the DagBag from /home/airflow/.local/lib/python3.12/site-packages/airflow/example_dags/example_dynamic_task_mapping.py
[2025-10-09T11:10:37.864+0000] {processor.py:925} INFO - DAG(s) 'example_dynamic_task_mapping' retrieved from /home/airflow/.local/lib/python3.12/site-packages/airflow/example_dags/example_dynamic_task_mapping.py
[2025-10-09T11:10:37.886+0000] {logging_mixin.py:190} INFO - [2025-10-09T11:10:37.886+0000] {dag.py:3239} INFO - Sync 1 DAGs
[2025-10-09T11:10:37.903+0000] {logging_mixin.py:190} INFO - [2025-10-09T11:10:37.902+0000] {dag.py:4180} INFO - Setting next_dagrun for example_dynamic_task_mapping to None, run_after=None
[2025-10-09T11:10:37.924+0000] {processor.py:208} INFO - Processing /home/airflow/.local/lib/python3.12/site-packages/airflow/example_dags/example_dynamic_task_mapping.py took 0.083 seconds
[2025-10-09T11:11:08.489+0000] {processor.py:186} INFO - Started process (PID=890) to work on /home/airflow/.local/lib/python3.12/site-packages/airflow/example_dags/example_dynamic_task_mapping.py
[2025-10-09T11:11:08.491+0000] {processor.py:914} INFO - Processing file /home/airflow/.local/lib/python3.12/site-packages/airflow/example_dags/example_dynamic_task_mapping.py for tasks to queue
[2025-10-09T11:11:08.506+0000] {logging_mixin.py:190} INFO - [2025-10-09T11:11:08.505+0000] {dagbag.py:588} INFO - Filling up the DagBag from /home/airflow/.local/lib/python3.12/site-packages/airflow/example_dags/example_dynamic_task_mapping.py
[2025-10-09T11:11:08.521+0000] {processor.py:925} INFO - DAG(s) 'example_dynamic_task_mapping' retrieved from /home/airflow/.local/lib/python3.12/site-packages/airflow/example_dags/example_dynamic_task_mapping.py
[2025-10-09T11:11:08.566+0000] {logging_mixin.py:190} INFO - [2025-10-09T11:11:08.565+0000] {dag.py:3239} INFO - Sync 1 DAGs
[2025-10-09T11:11:08.651+0000] {logging_mixin.py:190} INFO - [2025-10-09T11:11:08.650+0000] {dag.py:4180} INFO - Setting next_dagrun for example_dynamic_task_mapping to None, run_after=None
[2025-10-09T11:11:08.680+0000] {processor.py:208} INFO - Processing /home/airflow/.local/lib/python3.12/site-packages/airflow/example_dags/example_dynamic_task_mapping.py took 0.199 seconds
[2025-10-09T11:11:39.578+0000] {processor.py:186} INFO - Started process (PID=953) to work on /home/airflow/.local/lib/python3.12/site-packages/airflow/example_dags/example_dynamic_task_mapping.py
[2025-10-09T11:11:39.580+0000] {processor.py:914} INFO - Processing file /home/airflow/.local/lib/python3.12/site-packages/airflow/example_dags/example_dynamic_task_mapping.py for tasks to queue
[2025-10-09T11:11:39.586+0000] {logging_mixin.py:190} INFO - [2025-10-09T11:11:39.585+0000] {dagbag.py:588} INFO - Filling up the DagBag from /home/airflow/.local/lib/python3.12/site-packages/airflow/example_dags/example_dynamic_task_mapping.py
[2025-10-09T11:11:39.603+0000] {processor.py:925} INFO - DAG(s) 'example_dynamic_task_mapping' retrieved from /home/airflow/.local/lib/python3.12/site-packages/airflow/example_dags/example_dynamic_task_mapping.py
[2025-10-09T11:11:39.630+0000] {logging_mixin.py:190} INFO - [2025-10-09T11:11:39.630+0000] {dag.py:3239} INFO - Sync 1 DAGs
[2025-10-09T11:11:39.647+0000] {logging_mixin.py:190} INFO - [2025-10-09T11:11:39.647+0000] {dag.py:4180} INFO - Setting next_dagrun for example_dynamic_task_mapping to None, run_after=None
[2025-10-09T11:11:39.694+0000] {processor.py:208} INFO - Processing /home/airflow/.local/lib/python3.12/site-packages/airflow/example_dags/example_dynamic_task_mapping.py took 0.133 seconds
[2025-10-09T11:12:10.084+0000] {processor.py:186} INFO - Started process (PID=1016) to work on /home/airflow/.local/lib/python3.12/site-packages/airflow/example_dags/example_dynamic_task_mapping.py
[2025-10-09T11:12:10.085+0000] {processor.py:914} INFO - Processing file /home/airflow/.local/lib/python3.12/site-packages/airflow/example_dags/example_dynamic_task_mapping.py for tasks to queue
[2025-10-09T11:12:10.088+0000] {logging_mixin.py:190} INFO - [2025-10-09T11:12:10.087+0000] {dagbag.py:588} INFO - Filling up the DagBag from /home/airflow/.local/lib/python3.12/site-packages/airflow/example_dags/example_dynamic_task_mapping.py
[2025-10-09T11:12:10.097+0000] {processor.py:925} INFO - DAG(s) 'example_dynamic_task_mapping' retrieved from /home/airflow/.local/lib/python3.12/site-packages/airflow/example_dags/example_dynamic_task_mapping.py
[2025-10-09T11:12:10.117+0000] {logging_mixin.py:190} INFO - [2025-10-09T11:12:10.117+0000] {dag.py:3239} INFO - Sync 1 DAGs
[2025-10-09T11:12:10.132+0000] {logging_mixin.py:190} INFO - [2025-10-09T11:12:10.132+0000] {dag.py:4180} INFO - Setting next_dagrun for example_dynamic_task_mapping to None, run_after=None
[2025-10-09T11:12:10.155+0000] {processor.py:208} INFO - Processing /home/airflow/.local/lib/python3.12/site-packages/airflow/example_dags/example_dynamic_task_mapping.py took 0.077 seconds
[2025-10-09T11:12:40.469+0000] {processor.py:186} INFO - Started process (PID=1079) to work on /home/airflow/.local/lib/python3.12/site-packages/airflow/example_dags/example_dynamic_task_mapping.py
[2025-10-09T11:12:40.470+0000] {processor.py:914} INFO - Processing file /home/airflow/.local/lib/python3.12/site-packages/airflow/example_dags/example_dynamic_task_mapping.py for tasks to queue
[2025-10-09T11:12:40.474+0000] {logging_mixin.py:190} INFO - [2025-10-09T11:12:40.473+0000] {dagbag.py:588} INFO - Filling up the DagBag from /home/airflow/.local/lib/python3.12/site-packages/airflow/example_dags/example_dynamic_task_mapping.py
[2025-10-09T11:12:40.496+0000] {processor.py:925} INFO - DAG(s) 'example_dynamic_task_mapping' retrieved from /home/airflow/.local/lib/python3.12/site-packages/airflow/example_dags/example_dynamic_task_mapping.py
[2025-10-09T11:12:40.532+0000] {logging_mixin.py:190} INFO - [2025-10-09T11:12:40.532+0000] {dag.py:3239} INFO - Sync 1 DAGs
[2025-10-09T11:12:40.553+0000] {logging_mixin.py:190} INFO - [2025-10-09T11:12:40.553+0000] {dag.py:4180} INFO - Setting next_dagrun for example_dynamic_task_mapping to None, run_after=None
[2025-10-09T11:12:40.583+0000] {processor.py:208} INFO - Processing /home/airflow/.local/lib/python3.12/site-packages/airflow/example_dags/example_dynamic_task_mapping.py took 0.121 seconds
[2025-10-09T11:13:11.244+0000] {processor.py:186} INFO - Started process (PID=1142) to work on /home/airflow/.local/lib/python3.12/site-packages/airflow/example_dags/example_dynamic_task_mapping.py
[2025-10-09T11:13:11.245+0000] {processor.py:914} INFO - Processing file /home/airflow/.local/lib/python3.12/site-packages/airflow/example_dags/example_dynamic_task_mapping.py for tasks to queue
[2025-10-09T11:13:11.249+0000] {logging_mixin.py:190} INFO - [2025-10-09T11:13:11.248+0000] {dagbag.py:588} INFO - Filling up the DagBag from /home/airflow/.local/lib/python3.12/site-packages/airflow/example_dags/example_dynamic_task_mapping.py
[2025-10-09T11:13:11.263+0000] {processor.py:925} INFO - DAG(s) 'example_dynamic_task_mapping' retrieved from /home/airflow/.local/lib/python3.12/site-packages/airflow/example_dags/example_dynamic_task_mapping.py
[2025-10-09T11:13:11.284+0000] {logging_mixin.py:190} INFO - [2025-10-09T11:13:11.284+0000] {dag.py:3239} INFO - Sync 1 DAGs
[2025-10-09T11:13:11.302+0000] {logging_mixin.py:190} INFO - [2025-10-09T11:13:11.301+0000] {dag.py:4180} INFO - Setting next_dagrun for example_dynamic_task_mapping to None, run_after=None
[2025-10-09T11:13:11.326+0000] {processor.py:208} INFO - Processing /home/airflow/.local/lib/python3.12/site-packages/airflow/example_dags/example_dynamic_task_mapping.py took 0.089 seconds
[2025-10-09T11:13:42.071+0000] {processor.py:186} INFO - Started process (PID=1205) to work on /home/airflow/.local/lib/python3.12/site-packages/airflow/example_dags/example_dynamic_task_mapping.py
[2025-10-09T11:13:42.073+0000] {processor.py:914} INFO - Processing file /home/airflow/.local/lib/python3.12/site-packages/airflow/example_dags/example_dynamic_task_mapping.py for tasks to queue
[2025-10-09T11:13:42.078+0000] {logging_mixin.py:190} INFO - [2025-10-09T11:13:42.077+0000] {dagbag.py:588} INFO - Filling up the DagBag from /home/airflow/.local/lib/python3.12/site-packages/airflow/example_dags/example_dynamic_task_mapping.py
[2025-10-09T11:13:42.092+0000] {processor.py:925} INFO - DAG(s) 'example_dynamic_task_mapping' retrieved from /home/airflow/.local/lib/python3.12/site-packages/airflow/example_dags/example_dynamic_task_mapping.py
[2025-10-09T11:13:42.136+0000] {logging_mixin.py:190} INFO - [2025-10-09T11:13:42.135+0000] {dag.py:3239} INFO - Sync 1 DAGs
[2025-10-09T11:13:42.158+0000] {logging_mixin.py:190} INFO - [2025-10-09T11:13:42.157+0000] {dag.py:4180} INFO - Setting next_dagrun for example_dynamic_task_mapping to None, run_after=None
[2025-10-09T11:13:42.192+0000] {processor.py:208} INFO - Processing /home/airflow/.local/lib/python3.12/site-packages/airflow/example_dags/example_dynamic_task_mapping.py took 0.132 seconds
[2025-10-09T11:14:12.384+0000] {processor.py:186} INFO - Started process (PID=1268) to work on /home/airflow/.local/lib/python3.12/site-packages/airflow/example_dags/example_dynamic_task_mapping.py
[2025-10-09T11:14:12.386+0000] {processor.py:914} INFO - Processing file /home/airflow/.local/lib/python3.12/site-packages/airflow/example_dags/example_dynamic_task_mapping.py for tasks to queue
[2025-10-09T11:14:12.392+0000] {logging_mixin.py:190} INFO - [2025-10-09T11:14:12.391+0000] {dagbag.py:588} INFO - Filling up the DagBag from /home/airflow/.local/lib/python3.12/site-packages/airflow/example_dags/example_dynamic_task_mapping.py
[2025-10-09T11:14:12.402+0000] {processor.py:925} INFO - DAG(s) 'example_dynamic_task_mapping' retrieved from /home/airflow/.local/lib/python3.12/site-packages/airflow/example_dags/example_dynamic_task_mapping.py
[2025-10-09T11:14:12.426+0000] {logging_mixin.py:190} INFO - [2025-10-09T11:14:12.426+0000] {dag.py:3239} INFO - Sync 1 DAGs
[2025-10-09T11:14:12.445+0000] {logging_mixin.py:190} INFO - [2025-10-09T11:14:12.444+0000] {dag.py:4180} INFO - Setting next_dagrun for example_dynamic_task_mapping to None, run_after=None
[2025-10-09T11:14:12.467+0000] {processor.py:208} INFO - Processing /home/airflow/.local/lib/python3.12/site-packages/airflow/example_dags/example_dynamic_task_mapping.py took 0.089 seconds
[2025-10-09T11:14:43.204+0000] {processor.py:186} INFO - Started process (PID=1331) to work on /home/airflow/.local/lib/python3.12/site-packages/airflow/example_dags/example_dynamic_task_mapping.py
[2025-10-09T11:14:43.206+0000] {processor.py:914} INFO - Processing file /home/airflow/.local/lib/python3.12/site-packages/airflow/example_dags/example_dynamic_task_mapping.py for tasks to queue
[2025-10-09T11:14:43.212+0000] {logging_mixin.py:190} INFO - [2025-10-09T11:14:43.211+0000] {dagbag.py:588} INFO - Filling up the DagBag from /home/airflow/.local/lib/python3.12/site-packages/airflow/example_dags/example_dynamic_task_mapping.py
[2025-10-09T11:14:43.239+0000] {processor.py:925} INFO - DAG(s) 'example_dynamic_task_mapping' retrieved from /home/airflow/.local/lib/python3.12/site-packages/airflow/example_dags/example_dynamic_task_mapping.py
[2025-10-09T11:14:43.288+0000] {logging_mixin.py:190} INFO - [2025-10-09T11:14:43.287+0000] {dag.py:3239} INFO - Sync 1 DAGs
[2025-10-09T11:14:43.322+0000] {logging_mixin.py:190} INFO - [2025-10-09T11:14:43.322+0000] {dag.py:4180} INFO - Setting next_dagrun for example_dynamic_task_mapping to None, run_after=None
[2025-10-09T11:14:43.371+0000] {processor.py:208} INFO - Processing /home/airflow/.local/lib/python3.12/site-packages/airflow/example_dags/example_dynamic_task_mapping.py took 0.179 seconds
[2025-10-09T11:15:13.726+0000] {processor.py:186} INFO - Started process (PID=1395) to work on /home/airflow/.local/lib/python3.12/site-packages/airflow/example_dags/example_dynamic_task_mapping.py
[2025-10-09T11:15:13.728+0000] {processor.py:914} INFO - Processing file /home/airflow/.local/lib/python3.12/site-packages/airflow/example_dags/example_dynamic_task_mapping.py for tasks to queue
[2025-10-09T11:15:13.733+0000] {logging_mixin.py:190} INFO - [2025-10-09T11:15:13.732+0000] {dagbag.py:588} INFO - Filling up the DagBag from /home/airflow/.local/lib/python3.12/site-packages/airflow/example_dags/example_dynamic_task_mapping.py
[2025-10-09T11:15:13.748+0000] {processor.py:925} INFO - DAG(s) 'example_dynamic_task_mapping' retrieved from /home/airflow/.local/lib/python3.12/site-packages/airflow/example_dags/example_dynamic_task_mapping.py
[2025-10-09T11:15:13.775+0000] {logging_mixin.py:190} INFO - [2025-10-09T11:15:13.775+0000] {dag.py:3239} INFO - Sync 1 DAGs
[2025-10-09T11:15:13.796+0000] {logging_mixin.py:190} INFO - [2025-10-09T11:15:13.796+0000] {dag.py:4180} INFO - Setting next_dagrun for example_dynamic_task_mapping to None, run_after=None
[2025-10-09T11:15:13.825+0000] {processor.py:208} INFO - Processing /home/airflow/.local/lib/python3.12/site-packages/airflow/example_dags/example_dynamic_task_mapping.py took 0.112 seconds
[2025-10-09T11:15:44.257+0000] {processor.py:186} INFO - Started process (PID=1459) to work on /home/airflow/.local/lib/python3.12/site-packages/airflow/example_dags/example_dynamic_task_mapping.py
[2025-10-09T11:15:44.259+0000] {processor.py:914} INFO - Processing file /home/airflow/.local/lib/python3.12/site-packages/airflow/example_dags/example_dynamic_task_mapping.py for tasks to queue
[2025-10-09T11:15:44.263+0000] {logging_mixin.py:190} INFO - [2025-10-09T11:15:44.263+0000] {dagbag.py:588} INFO - Filling up the DagBag from /home/airflow/.local/lib/python3.12/site-packages/airflow/example_dags/example_dynamic_task_mapping.py
[2025-10-09T11:15:44.279+0000] {processor.py:925} INFO - DAG(s) 'example_dynamic_task_mapping' retrieved from /home/airflow/.local/lib/python3.12/site-packages/airflow/example_dags/example_dynamic_task_mapping.py
[2025-10-09T11:15:44.321+0000] {logging_mixin.py:190} INFO - [2025-10-09T11:15:44.320+0000] {dag.py:3239} INFO - Sync 1 DAGs
[2025-10-09T11:15:44.389+0000] {logging_mixin.py:190} INFO - [2025-10-09T11:15:44.389+0000] {dag.py:4180} INFO - Setting next_dagrun for example_dynamic_task_mapping to None, run_after=None
[2025-10-09T11:15:44.432+0000] {processor.py:208} INFO - Processing /home/airflow/.local/lib/python3.12/site-packages/airflow/example_dags/example_dynamic_task_mapping.py took 0.184 seconds
[2025-10-09T11:16:14.605+0000] {processor.py:186} INFO - Started process (PID=1522) to work on /home/airflow/.local/lib/python3.12/site-packages/airflow/example_dags/example_dynamic_task_mapping.py
[2025-10-09T11:16:14.607+0000] {processor.py:914} INFO - Processing file /home/airflow/.local/lib/python3.12/site-packages/airflow/example_dags/example_dynamic_task_mapping.py for tasks to queue
[2025-10-09T11:16:14.612+0000] {logging_mixin.py:190} INFO - [2025-10-09T11:16:14.611+0000] {dagbag.py:588} INFO - Filling up the DagBag from /home/airflow/.local/lib/python3.12/site-packages/airflow/example_dags/example_dynamic_task_mapping.py
[2025-10-09T11:16:14.632+0000] {processor.py:925} INFO - DAG(s) 'example_dynamic_task_mapping' retrieved from /home/airflow/.local/lib/python3.12/site-packages/airflow/example_dags/example_dynamic_task_mapping.py
[2025-10-09T11:16:14.675+0000] {logging_mixin.py:190} INFO - [2025-10-09T11:16:14.675+0000] {dag.py:3239} INFO - Sync 1 DAGs
[2025-10-09T11:16:14.707+0000] {logging_mixin.py:190} INFO - [2025-10-09T11:16:14.706+0000] {dag.py:4180} INFO - Setting next_dagrun for example_dynamic_task_mapping to None, run_after=None
[2025-10-09T11:16:14.743+0000] {processor.py:208} INFO - Processing /home/airflow/.local/lib/python3.12/site-packages/airflow/example_dags/example_dynamic_task_mapping.py took 0.152 seconds
[2025-10-09T11:16:48.570+0000] {processor.py:186} INFO - Started process (PID=1586) to work on /home/airflow/.local/lib/python3.12/site-packages/airflow/example_dags/example_dynamic_task_mapping.py
[2025-10-09T11:16:48.681+0000] {processor.py:914} INFO - Processing file /home/airflow/.local/lib/python3.12/site-packages/airflow/example_dags/example_dynamic_task_mapping.py for tasks to queue
[2025-10-09T11:16:48.695+0000] {logging_mixin.py:190} INFO - [2025-10-09T11:16:48.693+0000] {dagbag.py:588} INFO - Filling up the DagBag from /home/airflow/.local/lib/python3.12/site-packages/airflow/example_dags/example_dynamic_task_mapping.py
[2025-10-09T11:16:50.146+0000] {processor.py:925} INFO - DAG(s) 'example_dynamic_task_mapping' retrieved from /home/airflow/.local/lib/python3.12/site-packages/airflow/example_dags/example_dynamic_task_mapping.py
[2025-10-09T11:16:50.207+0000] {logging_mixin.py:190} INFO - [2025-10-09T11:16:50.206+0000] {dag.py:3239} INFO - Sync 1 DAGs
[2025-10-09T11:16:50.261+0000] {logging_mixin.py:190} INFO - [2025-10-09T11:16:50.260+0000] {dag.py:4180} INFO - Setting next_dagrun for example_dynamic_task_mapping to None, run_after=None
[2025-10-09T11:16:50.336+0000] {processor.py:208} INFO - Processing /home/airflow/.local/lib/python3.12/site-packages/airflow/example_dags/example_dynamic_task_mapping.py took 1.908 seconds
[2025-10-09T11:17:21.014+0000] {processor.py:186} INFO - Started process (PID=1649) to work on /home/airflow/.local/lib/python3.12/site-packages/airflow/example_dags/example_dynamic_task_mapping.py
[2025-10-09T11:17:21.022+0000] {processor.py:914} INFO - Processing file /home/airflow/.local/lib/python3.12/site-packages/airflow/example_dags/example_dynamic_task_mapping.py for tasks to queue
[2025-10-09T11:17:21.029+0000] {logging_mixin.py:190} INFO - [2025-10-09T11:17:21.028+0000] {dagbag.py:588} INFO - Filling up the DagBag from /home/airflow/.local/lib/python3.12/site-packages/airflow/example_dags/example_dynamic_task_mapping.py
[2025-10-09T11:17:21.055+0000] {processor.py:925} INFO - DAG(s) 'example_dynamic_task_mapping' retrieved from /home/airflow/.local/lib/python3.12/site-packages/airflow/example_dags/example_dynamic_task_mapping.py
[2025-10-09T11:17:21.110+0000] {logging_mixin.py:190} INFO - [2025-10-09T11:17:21.110+0000] {dag.py:3239} INFO - Sync 1 DAGs
[2025-10-09T11:17:21.158+0000] {logging_mixin.py:190} INFO - [2025-10-09T11:17:21.156+0000] {dag.py:4180} INFO - Setting next_dagrun for example_dynamic_task_mapping to None, run_after=None
[2025-10-09T11:17:21.210+0000] {processor.py:208} INFO - Processing /home/airflow/.local/lib/python3.12/site-packages/airflow/example_dags/example_dynamic_task_mapping.py took 0.215 seconds
[2025-10-09T11:17:51.687+0000] {processor.py:186} INFO - Started process (PID=1712) to work on /home/airflow/.local/lib/python3.12/site-packages/airflow/example_dags/example_dynamic_task_mapping.py
[2025-10-09T11:17:51.689+0000] {processor.py:914} INFO - Processing file /home/airflow/.local/lib/python3.12/site-packages/airflow/example_dags/example_dynamic_task_mapping.py for tasks to queue
[2025-10-09T11:17:51.694+0000] {logging_mixin.py:190} INFO - [2025-10-09T11:17:51.693+0000] {dagbag.py:588} INFO - Filling up the DagBag from /home/airflow/.local/lib/python3.12/site-packages/airflow/example_dags/example_dynamic_task_mapping.py
[2025-10-09T11:17:51.716+0000] {processor.py:925} INFO - DAG(s) 'example_dynamic_task_mapping' retrieved from /home/airflow/.local/lib/python3.12/site-packages/airflow/example_dags/example_dynamic_task_mapping.py
[2025-10-09T11:17:51.754+0000] {logging_mixin.py:190} INFO - [2025-10-09T11:17:51.753+0000] {dag.py:3239} INFO - Sync 1 DAGs
[2025-10-09T11:17:51.784+0000] {logging_mixin.py:190} INFO - [2025-10-09T11:17:51.783+0000] {dag.py:4180} INFO - Setting next_dagrun for example_dynamic_task_mapping to None, run_after=None
[2025-10-09T11:17:51.818+0000] {processor.py:208} INFO - Processing /home/airflow/.local/lib/python3.12/site-packages/airflow/example_dags/example_dynamic_task_mapping.py took 0.139 seconds
[2025-10-09T11:18:24.698+0000] {processor.py:186} INFO - Started process (PID=1776) to work on /home/airflow/.local/lib/python3.12/site-packages/airflow/example_dags/example_dynamic_task_mapping.py
[2025-10-09T11:18:24.701+0000] {processor.py:914} INFO - Processing file /home/airflow/.local/lib/python3.12/site-packages/airflow/example_dags/example_dynamic_task_mapping.py for tasks to queue
[2025-10-09T11:18:24.713+0000] {logging_mixin.py:190} INFO - [2025-10-09T11:18:24.712+0000] {dagbag.py:588} INFO - Filling up the DagBag from /home/airflow/.local/lib/python3.12/site-packages/airflow/example_dags/example_dynamic_task_mapping.py
[2025-10-09T11:18:24.729+0000] {processor.py:925} INFO - DAG(s) 'example_dynamic_task_mapping' retrieved from /home/airflow/.local/lib/python3.12/site-packages/airflow/example_dags/example_dynamic_task_mapping.py
[2025-10-09T11:18:24.760+0000] {logging_mixin.py:190} INFO - [2025-10-09T11:18:24.760+0000] {dag.py:3239} INFO - Sync 1 DAGs
[2025-10-09T11:18:24.785+0000] {logging_mixin.py:190} INFO - [2025-10-09T11:18:24.784+0000] {dag.py:4180} INFO - Setting next_dagrun for example_dynamic_task_mapping to None, run_after=None
[2025-10-09T11:18:24.827+0000] {processor.py:208} INFO - Processing /home/airflow/.local/lib/python3.12/site-packages/airflow/example_dags/example_dynamic_task_mapping.py took 0.142 seconds
[2025-10-09T11:18:55.585+0000] {processor.py:186} INFO - Started process (PID=1845) to work on /home/airflow/.local/lib/python3.12/site-packages/airflow/example_dags/example_dynamic_task_mapping.py
[2025-10-09T11:18:55.586+0000] {processor.py:914} INFO - Processing file /home/airflow/.local/lib/python3.12/site-packages/airflow/example_dags/example_dynamic_task_mapping.py for tasks to queue
[2025-10-09T11:18:55.592+0000] {logging_mixin.py:190} INFO - [2025-10-09T11:18:55.592+0000] {dagbag.py:588} INFO - Filling up the DagBag from /home/airflow/.local/lib/python3.12/site-packages/airflow/example_dags/example_dynamic_task_mapping.py
[2025-10-09T11:18:55.612+0000] {processor.py:925} INFO - DAG(s) 'example_dynamic_task_mapping' retrieved from /home/airflow/.local/lib/python3.12/site-packages/airflow/example_dags/example_dynamic_task_mapping.py
[2025-10-09T11:18:55.648+0000] {logging_mixin.py:190} INFO - [2025-10-09T11:18:55.647+0000] {dag.py:3239} INFO - Sync 1 DAGs
[2025-10-09T11:18:55.681+0000] {logging_mixin.py:190} INFO - [2025-10-09T11:18:55.681+0000] {dag.py:4180} INFO - Setting next_dagrun for example_dynamic_task_mapping to None, run_after=None
[2025-10-09T11:18:55.723+0000] {processor.py:208} INFO - Processing /home/airflow/.local/lib/python3.12/site-packages/airflow/example_dags/example_dynamic_task_mapping.py took 0.148 seconds
[2025-10-09T11:19:26.684+0000] {processor.py:186} INFO - Started process (PID=1908) to work on /home/airflow/.local/lib/python3.12/site-packages/airflow/example_dags/example_dynamic_task_mapping.py
[2025-10-09T11:19:26.691+0000] {processor.py:914} INFO - Processing file /home/airflow/.local/lib/python3.12/site-packages/airflow/example_dags/example_dynamic_task_mapping.py for tasks to queue
[2025-10-09T11:19:26.703+0000] {logging_mixin.py:190} INFO - [2025-10-09T11:19:26.702+0000] {dagbag.py:588} INFO - Filling up the DagBag from /home/airflow/.local/lib/python3.12/site-packages/airflow/example_dags/example_dynamic_task_mapping.py
[2025-10-09T11:19:26.752+0000] {processor.py:925} INFO - DAG(s) 'example_dynamic_task_mapping' retrieved from /home/airflow/.local/lib/python3.12/site-packages/airflow/example_dags/example_dynamic_task_mapping.py
[2025-10-09T11:19:26.824+0000] {logging_mixin.py:190} INFO - [2025-10-09T11:19:26.822+0000] {dag.py:3239} INFO - Sync 1 DAGs
[2025-10-09T11:19:26.876+0000] {logging_mixin.py:190} INFO - [2025-10-09T11:19:26.875+0000] {dag.py:4180} INFO - Setting next_dagrun for example_dynamic_task_mapping to None, run_after=None
[2025-10-09T11:19:26.933+0000] {processor.py:208} INFO - Processing /home/airflow/.local/lib/python3.12/site-packages/airflow/example_dags/example_dynamic_task_mapping.py took 0.288 seconds
[2025-10-09T11:19:58.004+0000] {processor.py:186} INFO - Started process (PID=1971) to work on /home/airflow/.local/lib/python3.12/site-packages/airflow/example_dags/example_dynamic_task_mapping.py
[2025-10-09T11:19:58.006+0000] {processor.py:914} INFO - Processing file /home/airflow/.local/lib/python3.12/site-packages/airflow/example_dags/example_dynamic_task_mapping.py for tasks to queue
[2025-10-09T11:19:58.011+0000] {logging_mixin.py:190} INFO - [2025-10-09T11:19:58.011+0000] {dagbag.py:588} INFO - Filling up the DagBag from /home/airflow/.local/lib/python3.12/site-packages/airflow/example_dags/example_dynamic_task_mapping.py
[2025-10-09T11:19:58.027+0000] {processor.py:925} INFO - DAG(s) 'example_dynamic_task_mapping' retrieved from /home/airflow/.local/lib/python3.12/site-packages/airflow/example_dags/example_dynamic_task_mapping.py
[2025-10-09T11:19:58.056+0000] {logging_mixin.py:190} INFO - [2025-10-09T11:19:58.056+0000] {dag.py:3239} INFO - Sync 1 DAGs
[2025-10-09T11:19:58.077+0000] {logging_mixin.py:190} INFO - [2025-10-09T11:19:58.077+0000] {dag.py:4180} INFO - Setting next_dagrun for example_dynamic_task_mapping to None, run_after=None
[2025-10-09T11:19:58.108+0000] {processor.py:208} INFO - Processing /home/airflow/.local/lib/python3.12/site-packages/airflow/example_dags/example_dynamic_task_mapping.py took 0.116 seconds
[2025-10-09T11:20:28.320+0000] {processor.py:186} INFO - Started process (PID=2034) to work on /home/airflow/.local/lib/python3.12/site-packages/airflow/example_dags/example_dynamic_task_mapping.py
[2025-10-09T11:20:28.322+0000] {processor.py:914} INFO - Processing file /home/airflow/.local/lib/python3.12/site-packages/airflow/example_dags/example_dynamic_task_mapping.py for tasks to queue
[2025-10-09T11:20:28.327+0000] {logging_mixin.py:190} INFO - [2025-10-09T11:20:28.326+0000] {dagbag.py:588} INFO - Filling up the DagBag from /home/airflow/.local/lib/python3.12/site-packages/airflow/example_dags/example_dynamic_task_mapping.py
[2025-10-09T11:20:28.339+0000] {processor.py:925} INFO - DAG(s) 'example_dynamic_task_mapping' retrieved from /home/airflow/.local/lib/python3.12/site-packages/airflow/example_dags/example_dynamic_task_mapping.py
[2025-10-09T11:20:28.374+0000] {logging_mixin.py:190} INFO - [2025-10-09T11:20:28.374+0000] {dag.py:3239} INFO - Sync 1 DAGs
[2025-10-09T11:20:28.397+0000] {logging_mixin.py:190} INFO - [2025-10-09T11:20:28.397+0000] {dag.py:4180} INFO - Setting next_dagrun for example_dynamic_task_mapping to None, run_after=None
[2025-10-09T11:20:28.429+0000] {processor.py:208} INFO - Processing /home/airflow/.local/lib/python3.12/site-packages/airflow/example_dags/example_dynamic_task_mapping.py took 0.118 seconds
[2025-10-09T11:20:58.618+0000] {processor.py:186} INFO - Started process (PID=2097) to work on /home/airflow/.local/lib/python3.12/site-packages/airflow/example_dags/example_dynamic_task_mapping.py
[2025-10-09T11:20:58.619+0000] {processor.py:914} INFO - Processing file /home/airflow/.local/lib/python3.12/site-packages/airflow/example_dags/example_dynamic_task_mapping.py for tasks to queue
[2025-10-09T11:20:58.622+0000] {logging_mixin.py:190} INFO - [2025-10-09T11:20:58.622+0000] {dagbag.py:588} INFO - Filling up the DagBag from /home/airflow/.local/lib/python3.12/site-packages/airflow/example_dags/example_dynamic_task_mapping.py
[2025-10-09T11:20:58.633+0000] {processor.py:925} INFO - DAG(s) 'example_dynamic_task_mapping' retrieved from /home/airflow/.local/lib/python3.12/site-packages/airflow/example_dags/example_dynamic_task_mapping.py
[2025-10-09T11:20:58.654+0000] {logging_mixin.py:190} INFO - [2025-10-09T11:20:58.654+0000] {dag.py:3239} INFO - Sync 1 DAGs
[2025-10-09T11:20:58.670+0000] {logging_mixin.py:190} INFO - [2025-10-09T11:20:58.670+0000] {dag.py:4180} INFO - Setting next_dagrun for example_dynamic_task_mapping to None, run_after=None
[2025-10-09T11:20:58.691+0000] {processor.py:208} INFO - Processing /home/airflow/.local/lib/python3.12/site-packages/airflow/example_dags/example_dynamic_task_mapping.py took 0.081 seconds
[2025-10-09T11:21:29.100+0000] {processor.py:186} INFO - Started process (PID=2160) to work on /home/airflow/.local/lib/python3.12/site-packages/airflow/example_dags/example_dynamic_task_mapping.py
[2025-10-09T11:21:29.102+0000] {processor.py:914} INFO - Processing file /home/airflow/.local/lib/python3.12/site-packages/airflow/example_dags/example_dynamic_task_mapping.py for tasks to queue
[2025-10-09T11:21:29.106+0000] {logging_mixin.py:190} INFO - [2025-10-09T11:21:29.105+0000] {dagbag.py:588} INFO - Filling up the DagBag from /home/airflow/.local/lib/python3.12/site-packages/airflow/example_dags/example_dynamic_task_mapping.py
[2025-10-09T11:21:29.119+0000] {processor.py:925} INFO - DAG(s) 'example_dynamic_task_mapping' retrieved from /home/airflow/.local/lib/python3.12/site-packages/airflow/example_dags/example_dynamic_task_mapping.py
[2025-10-09T11:21:29.147+0000] {logging_mixin.py:190} INFO - [2025-10-09T11:21:29.146+0000] {dag.py:3239} INFO - Sync 1 DAGs
[2025-10-09T11:21:29.170+0000] {logging_mixin.py:190} INFO - [2025-10-09T11:21:29.170+0000] {dag.py:4180} INFO - Setting next_dagrun for example_dynamic_task_mapping to None, run_after=None
[2025-10-09T11:21:29.209+0000] {processor.py:208} INFO - Processing /home/airflow/.local/lib/python3.12/site-packages/airflow/example_dags/example_dynamic_task_mapping.py took 0.117 seconds
[2025-10-09T11:21:59.773+0000] {processor.py:186} INFO - Started process (PID=2223) to work on /home/airflow/.local/lib/python3.12/site-packages/airflow/example_dags/example_dynamic_task_mapping.py
[2025-10-09T11:21:59.872+0000] {processor.py:914} INFO - Processing file /home/airflow/.local/lib/python3.12/site-packages/airflow/example_dags/example_dynamic_task_mapping.py for tasks to queue
[2025-10-09T11:21:59.889+0000] {logging_mixin.py:190} INFO - [2025-10-09T11:21:59.888+0000] {dagbag.py:588} INFO - Filling up the DagBag from /home/airflow/.local/lib/python3.12/site-packages/airflow/example_dags/example_dynamic_task_mapping.py
[2025-10-09T11:21:59.915+0000] {processor.py:925} INFO - DAG(s) 'example_dynamic_task_mapping' retrieved from /home/airflow/.local/lib/python3.12/site-packages/airflow/example_dags/example_dynamic_task_mapping.py
[2025-10-09T11:21:59.942+0000] {logging_mixin.py:190} INFO - [2025-10-09T11:21:59.942+0000] {dag.py:3239} INFO - Sync 1 DAGs
[2025-10-09T11:21:59.960+0000] {logging_mixin.py:190} INFO - [2025-10-09T11:21:59.960+0000] {dag.py:4180} INFO - Setting next_dagrun for example_dynamic_task_mapping to None, run_after=None
[2025-10-09T11:22:00.048+0000] {processor.py:208} INFO - Processing /home/airflow/.local/lib/python3.12/site-packages/airflow/example_dags/example_dynamic_task_mapping.py took 0.284 seconds
[2025-10-09T11:22:30.613+0000] {processor.py:186} INFO - Started process (PID=2268) to work on /home/airflow/.local/lib/python3.12/site-packages/airflow/example_dags/example_dynamic_task_mapping.py
[2025-10-09T11:22:30.615+0000] {processor.py:914} INFO - Processing file /home/airflow/.local/lib/python3.12/site-packages/airflow/example_dags/example_dynamic_task_mapping.py for tasks to queue
[2025-10-09T11:22:30.620+0000] {logging_mixin.py:190} INFO - [2025-10-09T11:22:30.620+0000] {dagbag.py:588} INFO - Filling up the DagBag from /home/airflow/.local/lib/python3.12/site-packages/airflow/example_dags/example_dynamic_task_mapping.py
[2025-10-09T11:22:30.640+0000] {processor.py:925} INFO - DAG(s) 'example_dynamic_task_mapping' retrieved from /home/airflow/.local/lib/python3.12/site-packages/airflow/example_dags/example_dynamic_task_mapping.py
[2025-10-09T11:22:30.681+0000] {logging_mixin.py:190} INFO - [2025-10-09T11:22:30.680+0000] {dag.py:3239} INFO - Sync 1 DAGs
[2025-10-09T11:22:30.711+0000] {logging_mixin.py:190} INFO - [2025-10-09T11:22:30.710+0000] {dag.py:4180} INFO - Setting next_dagrun for example_dynamic_task_mapping to None, run_after=None
[2025-10-09T11:22:30.754+0000] {processor.py:208} INFO - Processing /home/airflow/.local/lib/python3.12/site-packages/airflow/example_dags/example_dynamic_task_mapping.py took 0.153 seconds
[2025-10-09T11:23:01.217+0000] {processor.py:186} INFO - Started process (PID=2328) to work on /home/airflow/.local/lib/python3.12/site-packages/airflow/example_dags/example_dynamic_task_mapping.py
[2025-10-09T11:23:01.219+0000] {processor.py:914} INFO - Processing file /home/airflow/.local/lib/python3.12/site-packages/airflow/example_dags/example_dynamic_task_mapping.py for tasks to queue
[2025-10-09T11:23:01.223+0000] {logging_mixin.py:190} INFO - [2025-10-09T11:23:01.222+0000] {dagbag.py:588} INFO - Filling up the DagBag from /home/airflow/.local/lib/python3.12/site-packages/airflow/example_dags/example_dynamic_task_mapping.py
[2025-10-09T11:23:01.246+0000] {processor.py:925} INFO - DAG(s) 'example_dynamic_task_mapping' retrieved from /home/airflow/.local/lib/python3.12/site-packages/airflow/example_dags/example_dynamic_task_mapping.py
[2025-10-09T11:23:01.358+0000] {logging_mixin.py:190} INFO - [2025-10-09T11:23:01.357+0000] {dag.py:3239} INFO - Sync 1 DAGs
[2025-10-09T11:23:01.453+0000] {logging_mixin.py:190} INFO - [2025-10-09T11:23:01.443+0000] {dag.py:4180} INFO - Setting next_dagrun for example_dynamic_task_mapping to None, run_after=None
[2025-10-09T11:23:01.537+0000] {processor.py:208} INFO - Processing /home/airflow/.local/lib/python3.12/site-packages/airflow/example_dags/example_dynamic_task_mapping.py took 0.329 seconds
[2025-10-09T11:23:32.938+0000] {processor.py:186} INFO - Started process (PID=2391) to work on /home/airflow/.local/lib/python3.12/site-packages/airflow/example_dags/example_dynamic_task_mapping.py
[2025-10-09T11:23:32.940+0000] {processor.py:914} INFO - Processing file /home/airflow/.local/lib/python3.12/site-packages/airflow/example_dags/example_dynamic_task_mapping.py for tasks to queue
[2025-10-09T11:23:32.944+0000] {logging_mixin.py:190} INFO - [2025-10-09T11:23:32.944+0000] {dagbag.py:588} INFO - Filling up the DagBag from /home/airflow/.local/lib/python3.12/site-packages/airflow/example_dags/example_dynamic_task_mapping.py
[2025-10-09T11:23:32.958+0000] {processor.py:925} INFO - DAG(s) 'example_dynamic_task_mapping' retrieved from /home/airflow/.local/lib/python3.12/site-packages/airflow/example_dags/example_dynamic_task_mapping.py
[2025-10-09T11:23:32.986+0000] {logging_mixin.py:190} INFO - [2025-10-09T11:23:32.985+0000] {dag.py:3239} INFO - Sync 1 DAGs
[2025-10-09T11:23:33.009+0000] {logging_mixin.py:190} INFO - [2025-10-09T11:23:33.008+0000] {dag.py:4180} INFO - Setting next_dagrun for example_dynamic_task_mapping to None, run_after=None
[2025-10-09T11:23:33.043+0000] {processor.py:208} INFO - Processing /home/airflow/.local/lib/python3.12/site-packages/airflow/example_dags/example_dynamic_task_mapping.py took 0.114 seconds
[2025-10-09T11:24:03.575+0000] {processor.py:186} INFO - Started process (PID=2454) to work on /home/airflow/.local/lib/python3.12/site-packages/airflow/example_dags/example_dynamic_task_mapping.py
[2025-10-09T11:24:03.577+0000] {processor.py:914} INFO - Processing file /home/airflow/.local/lib/python3.12/site-packages/airflow/example_dags/example_dynamic_task_mapping.py for tasks to queue
[2025-10-09T11:24:03.581+0000] {logging_mixin.py:190} INFO - [2025-10-09T11:24:03.580+0000] {dagbag.py:588} INFO - Filling up the DagBag from /home/airflow/.local/lib/python3.12/site-packages/airflow/example_dags/example_dynamic_task_mapping.py
[2025-10-09T11:24:03.593+0000] {processor.py:925} INFO - DAG(s) 'example_dynamic_task_mapping' retrieved from /home/airflow/.local/lib/python3.12/site-packages/airflow/example_dags/example_dynamic_task_mapping.py
[2025-10-09T11:24:03.628+0000] {logging_mixin.py:190} INFO - [2025-10-09T11:24:03.627+0000] {dag.py:3239} INFO - Sync 1 DAGs
[2025-10-09T11:24:03.655+0000] {logging_mixin.py:190} INFO - [2025-10-09T11:24:03.655+0000] {dag.py:4180} INFO - Setting next_dagrun for example_dynamic_task_mapping to None, run_after=None
[2025-10-09T11:24:03.689+0000] {processor.py:208} INFO - Processing /home/airflow/.local/lib/python3.12/site-packages/airflow/example_dags/example_dynamic_task_mapping.py took 0.122 seconds
[2025-10-09T11:24:34.236+0000] {processor.py:186} INFO - Started process (PID=2514) to work on /home/airflow/.local/lib/python3.12/site-packages/airflow/example_dags/example_dynamic_task_mapping.py
[2025-10-09T11:24:34.238+0000] {processor.py:914} INFO - Processing file /home/airflow/.local/lib/python3.12/site-packages/airflow/example_dags/example_dynamic_task_mapping.py for tasks to queue
[2025-10-09T11:24:34.241+0000] {logging_mixin.py:190} INFO - [2025-10-09T11:24:34.241+0000] {dagbag.py:588} INFO - Filling up the DagBag from /home/airflow/.local/lib/python3.12/site-packages/airflow/example_dags/example_dynamic_task_mapping.py
[2025-10-09T11:24:34.254+0000] {processor.py:925} INFO - DAG(s) 'example_dynamic_task_mapping' retrieved from /home/airflow/.local/lib/python3.12/site-packages/airflow/example_dags/example_dynamic_task_mapping.py
[2025-10-09T11:24:34.275+0000] {logging_mixin.py:190} INFO - [2025-10-09T11:24:34.274+0000] {dag.py:3239} INFO - Sync 1 DAGs
[2025-10-09T11:24:34.296+0000] {logging_mixin.py:190} INFO - [2025-10-09T11:24:34.296+0000] {dag.py:4180} INFO - Setting next_dagrun for example_dynamic_task_mapping to None, run_after=None
[2025-10-09T11:24:34.319+0000] {processor.py:208} INFO - Processing /home/airflow/.local/lib/python3.12/site-packages/airflow/example_dags/example_dynamic_task_mapping.py took 0.091 seconds
[2025-10-09T11:25:04.547+0000] {processor.py:186} INFO - Started process (PID=2577) to work on /home/airflow/.local/lib/python3.12/site-packages/airflow/example_dags/example_dynamic_task_mapping.py
[2025-10-09T11:25:04.549+0000] {processor.py:914} INFO - Processing file /home/airflow/.local/lib/python3.12/site-packages/airflow/example_dags/example_dynamic_task_mapping.py for tasks to queue
[2025-10-09T11:25:04.553+0000] {logging_mixin.py:190} INFO - [2025-10-09T11:25:04.552+0000] {dagbag.py:588} INFO - Filling up the DagBag from /home/airflow/.local/lib/python3.12/site-packages/airflow/example_dags/example_dynamic_task_mapping.py
[2025-10-09T11:25:04.569+0000] {processor.py:925} INFO - DAG(s) 'example_dynamic_task_mapping' retrieved from /home/airflow/.local/lib/python3.12/site-packages/airflow/example_dags/example_dynamic_task_mapping.py
[2025-10-09T11:25:04.599+0000] {logging_mixin.py:190} INFO - [2025-10-09T11:25:04.598+0000] {dag.py:3239} INFO - Sync 1 DAGs
[2025-10-09T11:25:04.622+0000] {logging_mixin.py:190} INFO - [2025-10-09T11:25:04.621+0000] {dag.py:4180} INFO - Setting next_dagrun for example_dynamic_task_mapping to None, run_after=None
[2025-10-09T11:25:04.656+0000] {processor.py:208} INFO - Processing /home/airflow/.local/lib/python3.12/site-packages/airflow/example_dags/example_dynamic_task_mapping.py took 0.118 seconds
[2025-10-09T11:25:35.033+0000] {processor.py:186} INFO - Started process (PID=2640) to work on /home/airflow/.local/lib/python3.12/site-packages/airflow/example_dags/example_dynamic_task_mapping.py
[2025-10-09T11:25:35.035+0000] {processor.py:914} INFO - Processing file /home/airflow/.local/lib/python3.12/site-packages/airflow/example_dags/example_dynamic_task_mapping.py for tasks to queue
[2025-10-09T11:25:35.044+0000] {logging_mixin.py:190} INFO - [2025-10-09T11:25:35.043+0000] {dagbag.py:588} INFO - Filling up the DagBag from /home/airflow/.local/lib/python3.12/site-packages/airflow/example_dags/example_dynamic_task_mapping.py
[2025-10-09T11:25:35.071+0000] {processor.py:925} INFO - DAG(s) 'example_dynamic_task_mapping' retrieved from /home/airflow/.local/lib/python3.12/site-packages/airflow/example_dags/example_dynamic_task_mapping.py
[2025-10-09T11:25:35.112+0000] {logging_mixin.py:190} INFO - [2025-10-09T11:25:35.112+0000] {dag.py:3239} INFO - Sync 1 DAGs
[2025-10-09T11:25:35.148+0000] {logging_mixin.py:190} INFO - [2025-10-09T11:25:35.148+0000] {dag.py:4180} INFO - Setting next_dagrun for example_dynamic_task_mapping to None, run_after=None
[2025-10-09T11:25:35.194+0000] {processor.py:208} INFO - Processing /home/airflow/.local/lib/python3.12/site-packages/airflow/example_dags/example_dynamic_task_mapping.py took 0.179 seconds
[2025-10-09T11:26:05.324+0000] {processor.py:186} INFO - Started process (PID=2703) to work on /home/airflow/.local/lib/python3.12/site-packages/airflow/example_dags/example_dynamic_task_mapping.py
[2025-10-09T11:26:05.325+0000] {processor.py:914} INFO - Processing file /home/airflow/.local/lib/python3.12/site-packages/airflow/example_dags/example_dynamic_task_mapping.py for tasks to queue
[2025-10-09T11:26:05.328+0000] {logging_mixin.py:190} INFO - [2025-10-09T11:26:05.328+0000] {dagbag.py:588} INFO - Filling up the DagBag from /home/airflow/.local/lib/python3.12/site-packages/airflow/example_dags/example_dynamic_task_mapping.py
[2025-10-09T11:26:05.340+0000] {processor.py:925} INFO - DAG(s) 'example_dynamic_task_mapping' retrieved from /home/airflow/.local/lib/python3.12/site-packages/airflow/example_dags/example_dynamic_task_mapping.py
[2025-10-09T11:26:05.364+0000] {logging_mixin.py:190} INFO - [2025-10-09T11:26:05.364+0000] {dag.py:3239} INFO - Sync 1 DAGs
[2025-10-09T11:26:05.382+0000] {logging_mixin.py:190} INFO - [2025-10-09T11:26:05.382+0000] {dag.py:4180} INFO - Setting next_dagrun for example_dynamic_task_mapping to None, run_after=None
[2025-10-09T11:26:05.416+0000] {processor.py:208} INFO - Processing /home/airflow/.local/lib/python3.12/site-packages/airflow/example_dags/example_dynamic_task_mapping.py took 0.100 seconds
[2025-10-09T11:26:37.303+0000] {processor.py:186} INFO - Started process (PID=2766) to work on /home/airflow/.local/lib/python3.12/site-packages/airflow/example_dags/example_dynamic_task_mapping.py
[2025-10-09T11:26:37.305+0000] {processor.py:914} INFO - Processing file /home/airflow/.local/lib/python3.12/site-packages/airflow/example_dags/example_dynamic_task_mapping.py for tasks to queue
[2025-10-09T11:26:37.308+0000] {logging_mixin.py:190} INFO - [2025-10-09T11:26:37.307+0000] {dagbag.py:588} INFO - Filling up the DagBag from /home/airflow/.local/lib/python3.12/site-packages/airflow/example_dags/example_dynamic_task_mapping.py
[2025-10-09T11:26:37.321+0000] {processor.py:925} INFO - DAG(s) 'example_dynamic_task_mapping' retrieved from /home/airflow/.local/lib/python3.12/site-packages/airflow/example_dags/example_dynamic_task_mapping.py
[2025-10-09T11:26:37.348+0000] {logging_mixin.py:190} INFO - [2025-10-09T11:26:37.348+0000] {dag.py:3239} INFO - Sync 1 DAGs
[2025-10-09T11:26:37.369+0000] {logging_mixin.py:190} INFO - [2025-10-09T11:26:37.369+0000] {dag.py:4180} INFO - Setting next_dagrun for example_dynamic_task_mapping to None, run_after=None
[2025-10-09T11:26:37.403+0000] {processor.py:208} INFO - Processing /home/airflow/.local/lib/python3.12/site-packages/airflow/example_dags/example_dynamic_task_mapping.py took 0.114 seconds
[2025-10-09T11:27:07.831+0000] {processor.py:186} INFO - Started process (PID=2829) to work on /home/airflow/.local/lib/python3.12/site-packages/airflow/example_dags/example_dynamic_task_mapping.py
[2025-10-09T11:27:07.835+0000] {processor.py:914} INFO - Processing file /home/airflow/.local/lib/python3.12/site-packages/airflow/example_dags/example_dynamic_task_mapping.py for tasks to queue
[2025-10-09T11:27:07.839+0000] {logging_mixin.py:190} INFO - [2025-10-09T11:27:07.838+0000] {dagbag.py:588} INFO - Filling up the DagBag from /home/airflow/.local/lib/python3.12/site-packages/airflow/example_dags/example_dynamic_task_mapping.py
[2025-10-09T11:27:07.851+0000] {processor.py:925} INFO - DAG(s) 'example_dynamic_task_mapping' retrieved from /home/airflow/.local/lib/python3.12/site-packages/airflow/example_dags/example_dynamic_task_mapping.py
[2025-10-09T11:27:07.874+0000] {logging_mixin.py:190} INFO - [2025-10-09T11:27:07.874+0000] {dag.py:3239} INFO - Sync 1 DAGs
[2025-10-09T11:27:07.892+0000] {logging_mixin.py:190} INFO - [2025-10-09T11:27:07.892+0000] {dag.py:4180} INFO - Setting next_dagrun for example_dynamic_task_mapping to None, run_after=None
[2025-10-09T11:27:07.918+0000] {processor.py:208} INFO - Processing /home/airflow/.local/lib/python3.12/site-packages/airflow/example_dags/example_dynamic_task_mapping.py took 0.094 seconds
[2025-10-09T11:27:38.296+0000] {processor.py:186} INFO - Started process (PID=2892) to work on /home/airflow/.local/lib/python3.12/site-packages/airflow/example_dags/example_dynamic_task_mapping.py
[2025-10-09T11:27:38.297+0000] {processor.py:914} INFO - Processing file /home/airflow/.local/lib/python3.12/site-packages/airflow/example_dags/example_dynamic_task_mapping.py for tasks to queue
[2025-10-09T11:27:38.300+0000] {logging_mixin.py:190} INFO - [2025-10-09T11:27:38.300+0000] {dagbag.py:588} INFO - Filling up the DagBag from /home/airflow/.local/lib/python3.12/site-packages/airflow/example_dags/example_dynamic_task_mapping.py
[2025-10-09T11:27:38.312+0000] {processor.py:925} INFO - DAG(s) 'example_dynamic_task_mapping' retrieved from /home/airflow/.local/lib/python3.12/site-packages/airflow/example_dags/example_dynamic_task_mapping.py
[2025-10-09T11:27:38.340+0000] {logging_mixin.py:190} INFO - [2025-10-09T11:27:38.340+0000] {dag.py:3239} INFO - Sync 1 DAGs
[2025-10-09T11:27:38.357+0000] {logging_mixin.py:190} INFO - [2025-10-09T11:27:38.357+0000] {dag.py:4180} INFO - Setting next_dagrun for example_dynamic_task_mapping to None, run_after=None
[2025-10-09T11:27:38.379+0000] {processor.py:208} INFO - Processing /home/airflow/.local/lib/python3.12/site-packages/airflow/example_dags/example_dynamic_task_mapping.py took 0.092 seconds
[2025-10-09T11:28:09.159+0000] {processor.py:186} INFO - Started process (PID=2955) to work on /home/airflow/.local/lib/python3.12/site-packages/airflow/example_dags/example_dynamic_task_mapping.py
[2025-10-09T11:28:09.161+0000] {processor.py:914} INFO - Processing file /home/airflow/.local/lib/python3.12/site-packages/airflow/example_dags/example_dynamic_task_mapping.py for tasks to queue
[2025-10-09T11:28:09.165+0000] {logging_mixin.py:190} INFO - [2025-10-09T11:28:09.164+0000] {dagbag.py:588} INFO - Filling up the DagBag from /home/airflow/.local/lib/python3.12/site-packages/airflow/example_dags/example_dynamic_task_mapping.py
[2025-10-09T11:28:09.178+0000] {processor.py:925} INFO - DAG(s) 'example_dynamic_task_mapping' retrieved from /home/airflow/.local/lib/python3.12/site-packages/airflow/example_dags/example_dynamic_task_mapping.py
[2025-10-09T11:28:09.202+0000] {logging_mixin.py:190} INFO - [2025-10-09T11:28:09.201+0000] {dag.py:3239} INFO - Sync 1 DAGs
[2025-10-09T11:28:09.219+0000] {logging_mixin.py:190} INFO - [2025-10-09T11:28:09.219+0000] {dag.py:4180} INFO - Setting next_dagrun for example_dynamic_task_mapping to None, run_after=None
[2025-10-09T11:28:09.245+0000] {processor.py:208} INFO - Processing /home/airflow/.local/lib/python3.12/site-packages/airflow/example_dags/example_dynamic_task_mapping.py took 0.095 seconds
[2025-10-09T11:28:39.806+0000] {processor.py:186} INFO - Started process (PID=3018) to work on /home/airflow/.local/lib/python3.12/site-packages/airflow/example_dags/example_dynamic_task_mapping.py
[2025-10-09T11:28:39.808+0000] {processor.py:914} INFO - Processing file /home/airflow/.local/lib/python3.12/site-packages/airflow/example_dags/example_dynamic_task_mapping.py for tasks to queue
[2025-10-09T11:28:39.812+0000] {logging_mixin.py:190} INFO - [2025-10-09T11:28:39.811+0000] {dagbag.py:588} INFO - Filling up the DagBag from /home/airflow/.local/lib/python3.12/site-packages/airflow/example_dags/example_dynamic_task_mapping.py
[2025-10-09T11:28:39.829+0000] {processor.py:925} INFO - DAG(s) 'example_dynamic_task_mapping' retrieved from /home/airflow/.local/lib/python3.12/site-packages/airflow/example_dags/example_dynamic_task_mapping.py
[2025-10-09T11:28:39.851+0000] {logging_mixin.py:190} INFO - [2025-10-09T11:28:39.851+0000] {dag.py:3239} INFO - Sync 1 DAGs
[2025-10-09T11:28:39.869+0000] {logging_mixin.py:190} INFO - [2025-10-09T11:28:39.868+0000] {dag.py:4180} INFO - Setting next_dagrun for example_dynamic_task_mapping to None, run_after=None
[2025-10-09T11:28:40.072+0000] {processor.py:208} INFO - Processing /home/airflow/.local/lib/python3.12/site-packages/airflow/example_dags/example_dynamic_task_mapping.py took 0.274 seconds
[2025-10-09T11:37:58.523+0000] {processor.py:186} INFO - Started process (PID=3052) to work on /home/airflow/.local/lib/python3.12/site-packages/airflow/example_dags/example_dynamic_task_mapping.py
[2025-10-09T11:37:58.525+0000] {processor.py:914} INFO - Processing file /home/airflow/.local/lib/python3.12/site-packages/airflow/example_dags/example_dynamic_task_mapping.py for tasks to queue
[2025-10-09T11:37:58.529+0000] {logging_mixin.py:190} INFO - [2025-10-09T11:37:58.529+0000] {dagbag.py:588} INFO - Filling up the DagBag from /home/airflow/.local/lib/python3.12/site-packages/airflow/example_dags/example_dynamic_task_mapping.py
[2025-10-09T11:37:58.545+0000] {processor.py:925} INFO - DAG(s) 'example_dynamic_task_mapping' retrieved from /home/airflow/.local/lib/python3.12/site-packages/airflow/example_dags/example_dynamic_task_mapping.py
[2025-10-09T11:37:58.584+0000] {logging_mixin.py:190} INFO - [2025-10-09T11:37:58.584+0000] {dag.py:3239} INFO - Sync 1 DAGs
[2025-10-09T11:37:58.602+0000] {logging_mixin.py:190} INFO - [2025-10-09T11:37:58.602+0000] {dag.py:4180} INFO - Setting next_dagrun for example_dynamic_task_mapping to None, run_after=None
[2025-10-09T11:37:58.624+0000] {processor.py:208} INFO - Processing /home/airflow/.local/lib/python3.12/site-packages/airflow/example_dags/example_dynamic_task_mapping.py took 0.110 seconds
[2025-10-09T11:38:47.553+0000] {processor.py:186} INFO - Started process (PID=65) to work on /home/airflow/.local/lib/python3.12/site-packages/airflow/example_dags/example_dynamic_task_mapping.py
[2025-10-09T11:38:47.555+0000] {processor.py:914} INFO - Processing file /home/airflow/.local/lib/python3.12/site-packages/airflow/example_dags/example_dynamic_task_mapping.py for tasks to queue
[2025-10-09T11:38:47.558+0000] {logging_mixin.py:190} INFO - [2025-10-09T11:38:47.557+0000] {dagbag.py:588} INFO - Filling up the DagBag from /home/airflow/.local/lib/python3.12/site-packages/airflow/example_dags/example_dynamic_task_mapping.py
[2025-10-09T11:38:47.577+0000] {processor.py:925} INFO - DAG(s) 'example_dynamic_task_mapping' retrieved from /home/airflow/.local/lib/python3.12/site-packages/airflow/example_dags/example_dynamic_task_mapping.py
[2025-10-09T11:38:47.632+0000] {logging_mixin.py:190} INFO - [2025-10-09T11:38:47.632+0000] {dag.py:3239} INFO - Sync 1 DAGs
[2025-10-09T11:38:47.658+0000] {logging_mixin.py:190} INFO - [2025-10-09T11:38:47.657+0000] {dag.py:4180} INFO - Setting next_dagrun for example_dynamic_task_mapping to None, run_after=None
[2025-10-09T11:38:47.693+0000] {processor.py:208} INFO - Processing /home/airflow/.local/lib/python3.12/site-packages/airflow/example_dags/example_dynamic_task_mapping.py took 0.150 seconds
[2025-10-09T11:39:20.169+0000] {processor.py:186} INFO - Started process (PID=134) to work on /home/airflow/.local/lib/python3.12/site-packages/airflow/example_dags/example_dynamic_task_mapping.py
[2025-10-09T11:39:20.170+0000] {processor.py:914} INFO - Processing file /home/airflow/.local/lib/python3.12/site-packages/airflow/example_dags/example_dynamic_task_mapping.py for tasks to queue
[2025-10-09T11:39:20.173+0000] {logging_mixin.py:190} INFO - [2025-10-09T11:39:20.173+0000] {dagbag.py:588} INFO - Filling up the DagBag from /home/airflow/.local/lib/python3.12/site-packages/airflow/example_dags/example_dynamic_task_mapping.py
[2025-10-09T11:39:20.183+0000] {processor.py:925} INFO - DAG(s) 'example_dynamic_task_mapping' retrieved from /home/airflow/.local/lib/python3.12/site-packages/airflow/example_dags/example_dynamic_task_mapping.py
[2025-10-09T11:39:20.205+0000] {logging_mixin.py:190} INFO - [2025-10-09T11:39:20.205+0000] {dag.py:3239} INFO - Sync 1 DAGs
[2025-10-09T11:39:20.220+0000] {logging_mixin.py:190} INFO - [2025-10-09T11:39:20.220+0000] {dag.py:4180} INFO - Setting next_dagrun for example_dynamic_task_mapping to None, run_after=None
[2025-10-09T11:39:20.607+0000] {processor.py:208} INFO - Processing /home/airflow/.local/lib/python3.12/site-packages/airflow/example_dags/example_dynamic_task_mapping.py took 0.444 seconds
[2025-10-09T11:39:51.036+0000] {processor.py:186} INFO - Started process (PID=197) to work on /home/airflow/.local/lib/python3.12/site-packages/airflow/example_dags/example_dynamic_task_mapping.py
[2025-10-09T11:39:51.038+0000] {processor.py:914} INFO - Processing file /home/airflow/.local/lib/python3.12/site-packages/airflow/example_dags/example_dynamic_task_mapping.py for tasks to queue
[2025-10-09T11:39:51.041+0000] {logging_mixin.py:190} INFO - [2025-10-09T11:39:51.041+0000] {dagbag.py:588} INFO - Filling up the DagBag from /home/airflow/.local/lib/python3.12/site-packages/airflow/example_dags/example_dynamic_task_mapping.py
[2025-10-09T11:39:51.054+0000] {processor.py:925} INFO - DAG(s) 'example_dynamic_task_mapping' retrieved from /home/airflow/.local/lib/python3.12/site-packages/airflow/example_dags/example_dynamic_task_mapping.py
[2025-10-09T11:39:51.077+0000] {logging_mixin.py:190} INFO - [2025-10-09T11:39:51.077+0000] {dag.py:3239} INFO - Sync 1 DAGs
[2025-10-09T11:39:51.095+0000] {logging_mixin.py:190} INFO - [2025-10-09T11:39:51.095+0000] {dag.py:4180} INFO - Setting next_dagrun for example_dynamic_task_mapping to None, run_after=None
[2025-10-09T11:39:51.120+0000] {processor.py:208} INFO - Processing /home/airflow/.local/lib/python3.12/site-packages/airflow/example_dags/example_dynamic_task_mapping.py took 0.090 seconds
[2025-10-09T11:40:22.053+0000] {processor.py:186} INFO - Started process (PID=260) to work on /home/airflow/.local/lib/python3.12/site-packages/airflow/example_dags/example_dynamic_task_mapping.py
[2025-10-09T11:40:22.055+0000] {processor.py:914} INFO - Processing file /home/airflow/.local/lib/python3.12/site-packages/airflow/example_dags/example_dynamic_task_mapping.py for tasks to queue
[2025-10-09T11:40:22.058+0000] {logging_mixin.py:190} INFO - [2025-10-09T11:40:22.058+0000] {dagbag.py:588} INFO - Filling up the DagBag from /home/airflow/.local/lib/python3.12/site-packages/airflow/example_dags/example_dynamic_task_mapping.py
[2025-10-09T11:40:22.068+0000] {processor.py:925} INFO - DAG(s) 'example_dynamic_task_mapping' retrieved from /home/airflow/.local/lib/python3.12/site-packages/airflow/example_dags/example_dynamic_task_mapping.py
[2025-10-09T11:40:22.093+0000] {logging_mixin.py:190} INFO - [2025-10-09T11:40:22.093+0000] {dag.py:3239} INFO - Sync 1 DAGs
[2025-10-09T11:40:22.111+0000] {logging_mixin.py:190} INFO - [2025-10-09T11:40:22.110+0000] {dag.py:4180} INFO - Setting next_dagrun for example_dynamic_task_mapping to None, run_after=None
[2025-10-09T11:40:22.139+0000] {processor.py:208} INFO - Processing /home/airflow/.local/lib/python3.12/site-packages/airflow/example_dags/example_dynamic_task_mapping.py took 0.094 seconds
[2025-10-09T11:40:52.948+0000] {processor.py:186} INFO - Started process (PID=323) to work on /home/airflow/.local/lib/python3.12/site-packages/airflow/example_dags/example_dynamic_task_mapping.py
[2025-10-09T11:40:52.950+0000] {processor.py:914} INFO - Processing file /home/airflow/.local/lib/python3.12/site-packages/airflow/example_dags/example_dynamic_task_mapping.py for tasks to queue
[2025-10-09T11:40:52.958+0000] {logging_mixin.py:190} INFO - [2025-10-09T11:40:52.957+0000] {dagbag.py:588} INFO - Filling up the DagBag from /home/airflow/.local/lib/python3.12/site-packages/airflow/example_dags/example_dynamic_task_mapping.py
[2025-10-09T11:40:52.983+0000] {processor.py:925} INFO - DAG(s) 'example_dynamic_task_mapping' retrieved from /home/airflow/.local/lib/python3.12/site-packages/airflow/example_dags/example_dynamic_task_mapping.py
[2025-10-09T11:40:53.025+0000] {logging_mixin.py:190} INFO - [2025-10-09T11:40:53.024+0000] {dag.py:3239} INFO - Sync 1 DAGs
[2025-10-09T11:40:53.058+0000] {logging_mixin.py:190} INFO - [2025-10-09T11:40:53.057+0000] {dag.py:4180} INFO - Setting next_dagrun for example_dynamic_task_mapping to None, run_after=None
[2025-10-09T11:40:53.125+0000] {processor.py:208} INFO - Processing /home/airflow/.local/lib/python3.12/site-packages/airflow/example_dags/example_dynamic_task_mapping.py took 0.187 seconds
[2025-10-09T11:41:25.295+0000] {processor.py:186} INFO - Started process (PID=387) to work on /home/airflow/.local/lib/python3.12/site-packages/airflow/example_dags/example_dynamic_task_mapping.py
[2025-10-09T11:41:25.297+0000] {processor.py:914} INFO - Processing file /home/airflow/.local/lib/python3.12/site-packages/airflow/example_dags/example_dynamic_task_mapping.py for tasks to queue
[2025-10-09T11:41:25.300+0000] {logging_mixin.py:190} INFO - [2025-10-09T11:41:25.299+0000] {dagbag.py:588} INFO - Filling up the DagBag from /home/airflow/.local/lib/python3.12/site-packages/airflow/example_dags/example_dynamic_task_mapping.py
[2025-10-09T11:41:25.309+0000] {processor.py:925} INFO - DAG(s) 'example_dynamic_task_mapping' retrieved from /home/airflow/.local/lib/python3.12/site-packages/airflow/example_dags/example_dynamic_task_mapping.py
[2025-10-09T11:41:25.334+0000] {logging_mixin.py:190} INFO - [2025-10-09T11:41:25.334+0000] {dag.py:3239} INFO - Sync 1 DAGs
[2025-10-09T11:41:25.352+0000] {logging_mixin.py:190} INFO - [2025-10-09T11:41:25.352+0000] {dag.py:4180} INFO - Setting next_dagrun for example_dynamic_task_mapping to None, run_after=None
[2025-10-09T11:41:25.465+0000] {processor.py:208} INFO - Processing /home/airflow/.local/lib/python3.12/site-packages/airflow/example_dags/example_dynamic_task_mapping.py took 0.176 seconds
[2025-10-09T11:41:55.884+0000] {processor.py:186} INFO - Started process (PID=450) to work on /home/airflow/.local/lib/python3.12/site-packages/airflow/example_dags/example_dynamic_task_mapping.py
[2025-10-09T11:41:55.886+0000] {processor.py:914} INFO - Processing file /home/airflow/.local/lib/python3.12/site-packages/airflow/example_dags/example_dynamic_task_mapping.py for tasks to queue
[2025-10-09T11:41:55.891+0000] {logging_mixin.py:190} INFO - [2025-10-09T11:41:55.891+0000] {dagbag.py:588} INFO - Filling up the DagBag from /home/airflow/.local/lib/python3.12/site-packages/airflow/example_dags/example_dynamic_task_mapping.py
[2025-10-09T11:41:55.907+0000] {processor.py:925} INFO - DAG(s) 'example_dynamic_task_mapping' retrieved from /home/airflow/.local/lib/python3.12/site-packages/airflow/example_dags/example_dynamic_task_mapping.py
[2025-10-09T11:41:55.934+0000] {logging_mixin.py:190} INFO - [2025-10-09T11:41:55.934+0000] {dag.py:3239} INFO - Sync 1 DAGs
[2025-10-09T11:41:55.956+0000] {logging_mixin.py:190} INFO - [2025-10-09T11:41:55.956+0000] {dag.py:4180} INFO - Setting next_dagrun for example_dynamic_task_mapping to None, run_after=None
[2025-10-09T11:41:55.985+0000] {processor.py:208} INFO - Processing /home/airflow/.local/lib/python3.12/site-packages/airflow/example_dags/example_dynamic_task_mapping.py took 0.109 seconds
[2025-10-09T11:42:26.573+0000] {processor.py:186} INFO - Started process (PID=513) to work on /home/airflow/.local/lib/python3.12/site-packages/airflow/example_dags/example_dynamic_task_mapping.py
[2025-10-09T11:42:26.575+0000] {processor.py:914} INFO - Processing file /home/airflow/.local/lib/python3.12/site-packages/airflow/example_dags/example_dynamic_task_mapping.py for tasks to queue
[2025-10-09T11:42:26.580+0000] {logging_mixin.py:190} INFO - [2025-10-09T11:42:26.580+0000] {dagbag.py:588} INFO - Filling up the DagBag from /home/airflow/.local/lib/python3.12/site-packages/airflow/example_dags/example_dynamic_task_mapping.py
[2025-10-09T11:42:26.597+0000] {processor.py:925} INFO - DAG(s) 'example_dynamic_task_mapping' retrieved from /home/airflow/.local/lib/python3.12/site-packages/airflow/example_dags/example_dynamic_task_mapping.py
[2025-10-09T11:42:26.625+0000] {logging_mixin.py:190} INFO - [2025-10-09T11:42:26.625+0000] {dag.py:3239} INFO - Sync 1 DAGs
[2025-10-09T11:42:26.648+0000] {logging_mixin.py:190} INFO - [2025-10-09T11:42:26.648+0000] {dag.py:4180} INFO - Setting next_dagrun for example_dynamic_task_mapping to None, run_after=None
[2025-10-09T11:42:26.675+0000] {processor.py:208} INFO - Processing /home/airflow/.local/lib/python3.12/site-packages/airflow/example_dags/example_dynamic_task_mapping.py took 0.111 seconds
[2025-10-09T11:42:57.570+0000] {processor.py:186} INFO - Started process (PID=576) to work on /home/airflow/.local/lib/python3.12/site-packages/airflow/example_dags/example_dynamic_task_mapping.py
[2025-10-09T11:42:57.572+0000] {processor.py:914} INFO - Processing file /home/airflow/.local/lib/python3.12/site-packages/airflow/example_dags/example_dynamic_task_mapping.py for tasks to queue
[2025-10-09T11:42:57.579+0000] {logging_mixin.py:190} INFO - [2025-10-09T11:42:57.579+0000] {dagbag.py:588} INFO - Filling up the DagBag from /home/airflow/.local/lib/python3.12/site-packages/airflow/example_dags/example_dynamic_task_mapping.py
[2025-10-09T11:42:57.594+0000] {processor.py:925} INFO - DAG(s) 'example_dynamic_task_mapping' retrieved from /home/airflow/.local/lib/python3.12/site-packages/airflow/example_dags/example_dynamic_task_mapping.py
[2025-10-09T11:42:57.625+0000] {logging_mixin.py:190} INFO - [2025-10-09T11:42:57.624+0000] {dag.py:3239} INFO - Sync 1 DAGs
[2025-10-09T11:42:57.644+0000] {logging_mixin.py:190} INFO - [2025-10-09T11:42:57.644+0000] {dag.py:4180} INFO - Setting next_dagrun for example_dynamic_task_mapping to None, run_after=None
[2025-10-09T11:42:57.666+0000] {processor.py:208} INFO - Processing /home/airflow/.local/lib/python3.12/site-packages/airflow/example_dags/example_dynamic_task_mapping.py took 0.109 seconds
[2025-10-09T11:43:28.229+0000] {processor.py:186} INFO - Started process (PID=640) to work on /home/airflow/.local/lib/python3.12/site-packages/airflow/example_dags/example_dynamic_task_mapping.py
[2025-10-09T11:43:28.232+0000] {processor.py:914} INFO - Processing file /home/airflow/.local/lib/python3.12/site-packages/airflow/example_dags/example_dynamic_task_mapping.py for tasks to queue
[2025-10-09T11:43:28.239+0000] {logging_mixin.py:190} INFO - [2025-10-09T11:43:28.239+0000] {dagbag.py:588} INFO - Filling up the DagBag from /home/airflow/.local/lib/python3.12/site-packages/airflow/example_dags/example_dynamic_task_mapping.py
[2025-10-09T11:43:28.249+0000] {processor.py:925} INFO - DAG(s) 'example_dynamic_task_mapping' retrieved from /home/airflow/.local/lib/python3.12/site-packages/airflow/example_dags/example_dynamic_task_mapping.py
[2025-10-09T11:43:28.272+0000] {logging_mixin.py:190} INFO - [2025-10-09T11:43:28.271+0000] {dag.py:3239} INFO - Sync 1 DAGs
[2025-10-09T11:43:28.288+0000] {logging_mixin.py:190} INFO - [2025-10-09T11:43:28.287+0000] {dag.py:4180} INFO - Setting next_dagrun for example_dynamic_task_mapping to None, run_after=None
[2025-10-09T11:43:28.311+0000] {processor.py:208} INFO - Processing /home/airflow/.local/lib/python3.12/site-packages/airflow/example_dags/example_dynamic_task_mapping.py took 0.092 seconds
[2025-10-09T11:43:59.311+0000] {processor.py:186} INFO - Started process (PID=703) to work on /home/airflow/.local/lib/python3.12/site-packages/airflow/example_dags/example_dynamic_task_mapping.py
[2025-10-09T11:43:59.312+0000] {processor.py:914} INFO - Processing file /home/airflow/.local/lib/python3.12/site-packages/airflow/example_dags/example_dynamic_task_mapping.py for tasks to queue
[2025-10-09T11:43:59.317+0000] {logging_mixin.py:190} INFO - [2025-10-09T11:43:59.316+0000] {dagbag.py:588} INFO - Filling up the DagBag from /home/airflow/.local/lib/python3.12/site-packages/airflow/example_dags/example_dynamic_task_mapping.py
[2025-10-09T11:43:59.329+0000] {processor.py:925} INFO - DAG(s) 'example_dynamic_task_mapping' retrieved from /home/airflow/.local/lib/python3.12/site-packages/airflow/example_dags/example_dynamic_task_mapping.py
[2025-10-09T11:43:59.352+0000] {logging_mixin.py:190} INFO - [2025-10-09T11:43:59.352+0000] {dag.py:3239} INFO - Sync 1 DAGs
[2025-10-09T11:43:59.369+0000] {logging_mixin.py:190} INFO - [2025-10-09T11:43:59.369+0000] {dag.py:4180} INFO - Setting next_dagrun for example_dynamic_task_mapping to None, run_after=None
[2025-10-09T11:43:59.398+0000] {processor.py:208} INFO - Processing /home/airflow/.local/lib/python3.12/site-packages/airflow/example_dags/example_dynamic_task_mapping.py took 0.097 seconds
[2025-10-09T11:44:29.497+0000] {processor.py:186} INFO - Started process (PID=766) to work on /home/airflow/.local/lib/python3.12/site-packages/airflow/example_dags/example_dynamic_task_mapping.py
[2025-10-09T11:44:29.498+0000] {processor.py:914} INFO - Processing file /home/airflow/.local/lib/python3.12/site-packages/airflow/example_dags/example_dynamic_task_mapping.py for tasks to queue
[2025-10-09T11:44:29.502+0000] {logging_mixin.py:190} INFO - [2025-10-09T11:44:29.502+0000] {dagbag.py:588} INFO - Filling up the DagBag from /home/airflow/.local/lib/python3.12/site-packages/airflow/example_dags/example_dynamic_task_mapping.py
[2025-10-09T11:44:29.512+0000] {processor.py:925} INFO - DAG(s) 'example_dynamic_task_mapping' retrieved from /home/airflow/.local/lib/python3.12/site-packages/airflow/example_dags/example_dynamic_task_mapping.py
[2025-10-09T11:44:29.535+0000] {logging_mixin.py:190} INFO - [2025-10-09T11:44:29.535+0000] {dag.py:3239} INFO - Sync 1 DAGs
[2025-10-09T11:44:29.550+0000] {logging_mixin.py:190} INFO - [2025-10-09T11:44:29.550+0000] {dag.py:4180} INFO - Setting next_dagrun for example_dynamic_task_mapping to None, run_after=None
[2025-10-09T11:44:29.585+0000] {processor.py:208} INFO - Processing /home/airflow/.local/lib/python3.12/site-packages/airflow/example_dags/example_dynamic_task_mapping.py took 0.095 seconds
[2025-10-09T11:44:59.919+0000] {processor.py:186} INFO - Started process (PID=829) to work on /home/airflow/.local/lib/python3.12/site-packages/airflow/example_dags/example_dynamic_task_mapping.py
[2025-10-09T11:44:59.921+0000] {processor.py:914} INFO - Processing file /home/airflow/.local/lib/python3.12/site-packages/airflow/example_dags/example_dynamic_task_mapping.py for tasks to queue
[2025-10-09T11:44:59.926+0000] {logging_mixin.py:190} INFO - [2025-10-09T11:44:59.926+0000] {dagbag.py:588} INFO - Filling up the DagBag from /home/airflow/.local/lib/python3.12/site-packages/airflow/example_dags/example_dynamic_task_mapping.py
[2025-10-09T11:44:59.939+0000] {processor.py:925} INFO - DAG(s) 'example_dynamic_task_mapping' retrieved from /home/airflow/.local/lib/python3.12/site-packages/airflow/example_dags/example_dynamic_task_mapping.py
[2025-10-09T11:44:59.966+0000] {logging_mixin.py:190} INFO - [2025-10-09T11:44:59.965+0000] {dag.py:3239} INFO - Sync 1 DAGs
[2025-10-09T11:44:59.987+0000] {logging_mixin.py:190} INFO - [2025-10-09T11:44:59.986+0000] {dag.py:4180} INFO - Setting next_dagrun for example_dynamic_task_mapping to None, run_after=None
[2025-10-09T11:45:00.027+0000] {processor.py:208} INFO - Processing /home/airflow/.local/lib/python3.12/site-packages/airflow/example_dags/example_dynamic_task_mapping.py took 0.117 seconds
[2025-10-09T11:45:30.515+0000] {processor.py:186} INFO - Started process (PID=892) to work on /home/airflow/.local/lib/python3.12/site-packages/airflow/example_dags/example_dynamic_task_mapping.py
[2025-10-09T11:45:30.516+0000] {processor.py:914} INFO - Processing file /home/airflow/.local/lib/python3.12/site-packages/airflow/example_dags/example_dynamic_task_mapping.py for tasks to queue
[2025-10-09T11:45:30.521+0000] {logging_mixin.py:190} INFO - [2025-10-09T11:45:30.521+0000] {dagbag.py:588} INFO - Filling up the DagBag from /home/airflow/.local/lib/python3.12/site-packages/airflow/example_dags/example_dynamic_task_mapping.py
[2025-10-09T11:45:30.535+0000] {processor.py:925} INFO - DAG(s) 'example_dynamic_task_mapping' retrieved from /home/airflow/.local/lib/python3.12/site-packages/airflow/example_dags/example_dynamic_task_mapping.py
[2025-10-09T11:45:30.565+0000] {logging_mixin.py:190} INFO - [2025-10-09T11:45:30.565+0000] {dag.py:3239} INFO - Sync 1 DAGs
[2025-10-09T11:45:30.592+0000] {logging_mixin.py:190} INFO - [2025-10-09T11:45:30.591+0000] {dag.py:4180} INFO - Setting next_dagrun for example_dynamic_task_mapping to None, run_after=None
[2025-10-09T11:45:30.621+0000] {processor.py:208} INFO - Processing /home/airflow/.local/lib/python3.12/site-packages/airflow/example_dags/example_dynamic_task_mapping.py took 0.115 seconds
[2025-10-09T11:46:01.008+0000] {processor.py:186} INFO - Started process (PID=956) to work on /home/airflow/.local/lib/python3.12/site-packages/airflow/example_dags/example_dynamic_task_mapping.py
[2025-10-09T11:46:01.010+0000] {processor.py:914} INFO - Processing file /home/airflow/.local/lib/python3.12/site-packages/airflow/example_dags/example_dynamic_task_mapping.py for tasks to queue
[2025-10-09T11:46:01.014+0000] {logging_mixin.py:190} INFO - [2025-10-09T11:46:01.014+0000] {dagbag.py:588} INFO - Filling up the DagBag from /home/airflow/.local/lib/python3.12/site-packages/airflow/example_dags/example_dynamic_task_mapping.py
[2025-10-09T11:46:01.026+0000] {processor.py:925} INFO - DAG(s) 'example_dynamic_task_mapping' retrieved from /home/airflow/.local/lib/python3.12/site-packages/airflow/example_dags/example_dynamic_task_mapping.py
[2025-10-09T11:46:01.050+0000] {logging_mixin.py:190} INFO - [2025-10-09T11:46:01.049+0000] {dag.py:3239} INFO - Sync 1 DAGs
[2025-10-09T11:46:01.067+0000] {logging_mixin.py:190} INFO - [2025-10-09T11:46:01.067+0000] {dag.py:4180} INFO - Setting next_dagrun for example_dynamic_task_mapping to None, run_after=None
[2025-10-09T11:46:01.098+0000] {processor.py:208} INFO - Processing /home/airflow/.local/lib/python3.12/site-packages/airflow/example_dags/example_dynamic_task_mapping.py took 0.097 seconds
[2025-10-09T11:46:31.377+0000] {processor.py:186} INFO - Started process (PID=1019) to work on /home/airflow/.local/lib/python3.12/site-packages/airflow/example_dags/example_dynamic_task_mapping.py
[2025-10-09T11:46:31.378+0000] {processor.py:914} INFO - Processing file /home/airflow/.local/lib/python3.12/site-packages/airflow/example_dags/example_dynamic_task_mapping.py for tasks to queue
[2025-10-09T11:46:31.382+0000] {logging_mixin.py:190} INFO - [2025-10-09T11:46:31.381+0000] {dagbag.py:588} INFO - Filling up the DagBag from /home/airflow/.local/lib/python3.12/site-packages/airflow/example_dags/example_dynamic_task_mapping.py
[2025-10-09T11:46:31.395+0000] {processor.py:925} INFO - DAG(s) 'example_dynamic_task_mapping' retrieved from /home/airflow/.local/lib/python3.12/site-packages/airflow/example_dags/example_dynamic_task_mapping.py
[2025-10-09T11:46:31.417+0000] {logging_mixin.py:190} INFO - [2025-10-09T11:46:31.417+0000] {dag.py:3239} INFO - Sync 1 DAGs
[2025-10-09T11:46:31.435+0000] {logging_mixin.py:190} INFO - [2025-10-09T11:46:31.434+0000] {dag.py:4180} INFO - Setting next_dagrun for example_dynamic_task_mapping to None, run_after=None
[2025-10-09T11:46:31.458+0000] {processor.py:208} INFO - Processing /home/airflow/.local/lib/python3.12/site-packages/airflow/example_dags/example_dynamic_task_mapping.py took 0.089 seconds
[2025-10-09T11:47:01.635+0000] {processor.py:186} INFO - Started process (PID=1082) to work on /home/airflow/.local/lib/python3.12/site-packages/airflow/example_dags/example_dynamic_task_mapping.py
[2025-10-09T11:47:01.636+0000] {processor.py:914} INFO - Processing file /home/airflow/.local/lib/python3.12/site-packages/airflow/example_dags/example_dynamic_task_mapping.py for tasks to queue
[2025-10-09T11:47:01.640+0000] {logging_mixin.py:190} INFO - [2025-10-09T11:47:01.639+0000] {dagbag.py:588} INFO - Filling up the DagBag from /home/airflow/.local/lib/python3.12/site-packages/airflow/example_dags/example_dynamic_task_mapping.py
[2025-10-09T11:47:01.650+0000] {processor.py:925} INFO - DAG(s) 'example_dynamic_task_mapping' retrieved from /home/airflow/.local/lib/python3.12/site-packages/airflow/example_dags/example_dynamic_task_mapping.py
[2025-10-09T11:47:01.672+0000] {logging_mixin.py:190} INFO - [2025-10-09T11:47:01.672+0000] {dag.py:3239} INFO - Sync 1 DAGs
[2025-10-09T11:47:01.688+0000] {logging_mixin.py:190} INFO - [2025-10-09T11:47:01.687+0000] {dag.py:4180} INFO - Setting next_dagrun for example_dynamic_task_mapping to None, run_after=None
[2025-10-09T11:47:01.716+0000] {processor.py:208} INFO - Processing /home/airflow/.local/lib/python3.12/site-packages/airflow/example_dags/example_dynamic_task_mapping.py took 0.089 seconds
[2025-10-09T11:47:32.159+0000] {processor.py:186} INFO - Started process (PID=1145) to work on /home/airflow/.local/lib/python3.12/site-packages/airflow/example_dags/example_dynamic_task_mapping.py
[2025-10-09T11:47:32.161+0000] {processor.py:914} INFO - Processing file /home/airflow/.local/lib/python3.12/site-packages/airflow/example_dags/example_dynamic_task_mapping.py for tasks to queue
[2025-10-09T11:47:32.164+0000] {logging_mixin.py:190} INFO - [2025-10-09T11:47:32.164+0000] {dagbag.py:588} INFO - Filling up the DagBag from /home/airflow/.local/lib/python3.12/site-packages/airflow/example_dags/example_dynamic_task_mapping.py
[2025-10-09T11:47:32.175+0000] {processor.py:925} INFO - DAG(s) 'example_dynamic_task_mapping' retrieved from /home/airflow/.local/lib/python3.12/site-packages/airflow/example_dags/example_dynamic_task_mapping.py
[2025-10-09T11:47:32.200+0000] {logging_mixin.py:190} INFO - [2025-10-09T11:47:32.199+0000] {dag.py:3239} INFO - Sync 1 DAGs
[2025-10-09T11:47:32.220+0000] {logging_mixin.py:190} INFO - [2025-10-09T11:47:32.220+0000] {dag.py:4180} INFO - Setting next_dagrun for example_dynamic_task_mapping to None, run_after=None
[2025-10-09T11:47:32.245+0000] {processor.py:208} INFO - Processing /home/airflow/.local/lib/python3.12/site-packages/airflow/example_dags/example_dynamic_task_mapping.py took 0.093 seconds
[2025-10-09T11:48:02.941+0000] {processor.py:186} INFO - Started process (PID=1208) to work on /home/airflow/.local/lib/python3.12/site-packages/airflow/example_dags/example_dynamic_task_mapping.py
[2025-10-09T11:48:02.943+0000] {processor.py:914} INFO - Processing file /home/airflow/.local/lib/python3.12/site-packages/airflow/example_dags/example_dynamic_task_mapping.py for tasks to queue
[2025-10-09T11:48:02.947+0000] {logging_mixin.py:190} INFO - [2025-10-09T11:48:02.947+0000] {dagbag.py:588} INFO - Filling up the DagBag from /home/airflow/.local/lib/python3.12/site-packages/airflow/example_dags/example_dynamic_task_mapping.py
[2025-10-09T11:48:02.959+0000] {processor.py:925} INFO - DAG(s) 'example_dynamic_task_mapping' retrieved from /home/airflow/.local/lib/python3.12/site-packages/airflow/example_dags/example_dynamic_task_mapping.py
[2025-10-09T11:48:02.984+0000] {logging_mixin.py:190} INFO - [2025-10-09T11:48:02.984+0000] {dag.py:3239} INFO - Sync 1 DAGs
[2025-10-09T11:48:03.004+0000] {logging_mixin.py:190} INFO - [2025-10-09T11:48:03.004+0000] {dag.py:4180} INFO - Setting next_dagrun for example_dynamic_task_mapping to None, run_after=None
[2025-10-09T11:48:03.032+0000] {processor.py:208} INFO - Processing /home/airflow/.local/lib/python3.12/site-packages/airflow/example_dags/example_dynamic_task_mapping.py took 0.100 seconds
[2025-10-09T11:48:33.536+0000] {processor.py:186} INFO - Started process (PID=1271) to work on /home/airflow/.local/lib/python3.12/site-packages/airflow/example_dags/example_dynamic_task_mapping.py
[2025-10-09T11:48:33.537+0000] {processor.py:914} INFO - Processing file /home/airflow/.local/lib/python3.12/site-packages/airflow/example_dags/example_dynamic_task_mapping.py for tasks to queue
[2025-10-09T11:48:33.541+0000] {logging_mixin.py:190} INFO - [2025-10-09T11:48:33.541+0000] {dagbag.py:588} INFO - Filling up the DagBag from /home/airflow/.local/lib/python3.12/site-packages/airflow/example_dags/example_dynamic_task_mapping.py
[2025-10-09T11:48:33.552+0000] {processor.py:925} INFO - DAG(s) 'example_dynamic_task_mapping' retrieved from /home/airflow/.local/lib/python3.12/site-packages/airflow/example_dags/example_dynamic_task_mapping.py
[2025-10-09T11:48:33.576+0000] {logging_mixin.py:190} INFO - [2025-10-09T11:48:33.576+0000] {dag.py:3239} INFO - Sync 1 DAGs
[2025-10-09T11:48:33.593+0000] {logging_mixin.py:190} INFO - [2025-10-09T11:48:33.593+0000] {dag.py:4180} INFO - Setting next_dagrun for example_dynamic_task_mapping to None, run_after=None
[2025-10-09T11:48:33.614+0000] {processor.py:208} INFO - Processing /home/airflow/.local/lib/python3.12/site-packages/airflow/example_dags/example_dynamic_task_mapping.py took 0.085 seconds
[2025-10-09T11:49:03.721+0000] {processor.py:186} INFO - Started process (PID=1334) to work on /home/airflow/.local/lib/python3.12/site-packages/airflow/example_dags/example_dynamic_task_mapping.py
[2025-10-09T11:49:03.722+0000] {processor.py:914} INFO - Processing file /home/airflow/.local/lib/python3.12/site-packages/airflow/example_dags/example_dynamic_task_mapping.py for tasks to queue
[2025-10-09T11:49:03.727+0000] {logging_mixin.py:190} INFO - [2025-10-09T11:49:03.726+0000] {dagbag.py:588} INFO - Filling up the DagBag from /home/airflow/.local/lib/python3.12/site-packages/airflow/example_dags/example_dynamic_task_mapping.py
[2025-10-09T11:49:03.736+0000] {processor.py:925} INFO - DAG(s) 'example_dynamic_task_mapping' retrieved from /home/airflow/.local/lib/python3.12/site-packages/airflow/example_dags/example_dynamic_task_mapping.py
[2025-10-09T11:49:03.761+0000] {logging_mixin.py:190} INFO - [2025-10-09T11:49:03.760+0000] {dag.py:3239} INFO - Sync 1 DAGs
[2025-10-09T11:49:03.779+0000] {logging_mixin.py:190} INFO - [2025-10-09T11:49:03.779+0000] {dag.py:4180} INFO - Setting next_dagrun for example_dynamic_task_mapping to None, run_after=None
[2025-10-09T11:49:03.811+0000] {processor.py:208} INFO - Processing /home/airflow/.local/lib/python3.12/site-packages/airflow/example_dags/example_dynamic_task_mapping.py took 0.097 seconds
[2025-10-09T11:49:34.440+0000] {processor.py:186} INFO - Started process (PID=1397) to work on /home/airflow/.local/lib/python3.12/site-packages/airflow/example_dags/example_dynamic_task_mapping.py
[2025-10-09T11:49:34.442+0000] {processor.py:914} INFO - Processing file /home/airflow/.local/lib/python3.12/site-packages/airflow/example_dags/example_dynamic_task_mapping.py for tasks to queue
[2025-10-09T11:49:34.445+0000] {logging_mixin.py:190} INFO - [2025-10-09T11:49:34.445+0000] {dagbag.py:588} INFO - Filling up the DagBag from /home/airflow/.local/lib/python3.12/site-packages/airflow/example_dags/example_dynamic_task_mapping.py
[2025-10-09T11:49:34.455+0000] {processor.py:925} INFO - DAG(s) 'example_dynamic_task_mapping' retrieved from /home/airflow/.local/lib/python3.12/site-packages/airflow/example_dags/example_dynamic_task_mapping.py
[2025-10-09T11:49:34.479+0000] {logging_mixin.py:190} INFO - [2025-10-09T11:49:34.478+0000] {dag.py:3239} INFO - Sync 1 DAGs
[2025-10-09T11:49:34.498+0000] {logging_mixin.py:190} INFO - [2025-10-09T11:49:34.498+0000] {dag.py:4180} INFO - Setting next_dagrun for example_dynamic_task_mapping to None, run_after=None
[2025-10-09T11:49:34.524+0000] {processor.py:208} INFO - Processing /home/airflow/.local/lib/python3.12/site-packages/airflow/example_dags/example_dynamic_task_mapping.py took 0.092 seconds
[2025-10-09T11:50:05.048+0000] {processor.py:186} INFO - Started process (PID=1460) to work on /home/airflow/.local/lib/python3.12/site-packages/airflow/example_dags/example_dynamic_task_mapping.py
[2025-10-09T11:50:05.050+0000] {processor.py:914} INFO - Processing file /home/airflow/.local/lib/python3.12/site-packages/airflow/example_dags/example_dynamic_task_mapping.py for tasks to queue
[2025-10-09T11:50:05.055+0000] {logging_mixin.py:190} INFO - [2025-10-09T11:50:05.055+0000] {dagbag.py:588} INFO - Filling up the DagBag from /home/airflow/.local/lib/python3.12/site-packages/airflow/example_dags/example_dynamic_task_mapping.py
[2025-10-09T11:50:05.071+0000] {processor.py:925} INFO - DAG(s) 'example_dynamic_task_mapping' retrieved from /home/airflow/.local/lib/python3.12/site-packages/airflow/example_dags/example_dynamic_task_mapping.py
[2025-10-09T11:50:05.097+0000] {logging_mixin.py:190} INFO - [2025-10-09T11:50:05.097+0000] {dag.py:3239} INFO - Sync 1 DAGs
[2025-10-09T11:50:05.118+0000] {logging_mixin.py:190} INFO - [2025-10-09T11:50:05.118+0000] {dag.py:4180} INFO - Setting next_dagrun for example_dynamic_task_mapping to None, run_after=None
[2025-10-09T11:50:05.146+0000] {processor.py:208} INFO - Processing /home/airflow/.local/lib/python3.12/site-packages/airflow/example_dags/example_dynamic_task_mapping.py took 0.111 seconds
[2025-10-09T11:50:35.802+0000] {processor.py:186} INFO - Started process (PID=1523) to work on /home/airflow/.local/lib/python3.12/site-packages/airflow/example_dags/example_dynamic_task_mapping.py
[2025-10-09T11:50:35.803+0000] {processor.py:914} INFO - Processing file /home/airflow/.local/lib/python3.12/site-packages/airflow/example_dags/example_dynamic_task_mapping.py for tasks to queue
[2025-10-09T11:50:35.807+0000] {logging_mixin.py:190} INFO - [2025-10-09T11:50:35.807+0000] {dagbag.py:588} INFO - Filling up the DagBag from /home/airflow/.local/lib/python3.12/site-packages/airflow/example_dags/example_dynamic_task_mapping.py
[2025-10-09T11:50:35.819+0000] {processor.py:925} INFO - DAG(s) 'example_dynamic_task_mapping' retrieved from /home/airflow/.local/lib/python3.12/site-packages/airflow/example_dags/example_dynamic_task_mapping.py
[2025-10-09T11:50:35.868+0000] {logging_mixin.py:190} INFO - [2025-10-09T11:50:35.868+0000] {dag.py:3239} INFO - Sync 1 DAGs
[2025-10-09T11:50:35.899+0000] {logging_mixin.py:190} INFO - [2025-10-09T11:50:35.899+0000] {dag.py:4180} INFO - Setting next_dagrun for example_dynamic_task_mapping to None, run_after=None
[2025-10-09T11:50:35.926+0000] {processor.py:208} INFO - Processing /home/airflow/.local/lib/python3.12/site-packages/airflow/example_dags/example_dynamic_task_mapping.py took 0.132 seconds
[2025-10-09T11:51:06.099+0000] {processor.py:186} INFO - Started process (PID=1586) to work on /home/airflow/.local/lib/python3.12/site-packages/airflow/example_dags/example_dynamic_task_mapping.py
[2025-10-09T11:51:06.101+0000] {processor.py:914} INFO - Processing file /home/airflow/.local/lib/python3.12/site-packages/airflow/example_dags/example_dynamic_task_mapping.py for tasks to queue
[2025-10-09T11:51:06.105+0000] {logging_mixin.py:190} INFO - [2025-10-09T11:51:06.104+0000] {dagbag.py:588} INFO - Filling up the DagBag from /home/airflow/.local/lib/python3.12/site-packages/airflow/example_dags/example_dynamic_task_mapping.py
[2025-10-09T11:51:06.116+0000] {processor.py:925} INFO - DAG(s) 'example_dynamic_task_mapping' retrieved from /home/airflow/.local/lib/python3.12/site-packages/airflow/example_dags/example_dynamic_task_mapping.py
[2025-10-09T11:51:06.138+0000] {logging_mixin.py:190} INFO - [2025-10-09T11:51:06.138+0000] {dag.py:3239} INFO - Sync 1 DAGs
[2025-10-09T11:51:06.156+0000] {logging_mixin.py:190} INFO - [2025-10-09T11:51:06.156+0000] {dag.py:4180} INFO - Setting next_dagrun for example_dynamic_task_mapping to None, run_after=None
[2025-10-09T11:51:06.269+0000] {processor.py:208} INFO - Processing /home/airflow/.local/lib/python3.12/site-packages/airflow/example_dags/example_dynamic_task_mapping.py took 0.177 seconds
[2025-10-09T11:51:36.823+0000] {processor.py:186} INFO - Started process (PID=1649) to work on /home/airflow/.local/lib/python3.12/site-packages/airflow/example_dags/example_dynamic_task_mapping.py
[2025-10-09T11:51:36.824+0000] {processor.py:914} INFO - Processing file /home/airflow/.local/lib/python3.12/site-packages/airflow/example_dags/example_dynamic_task_mapping.py for tasks to queue
[2025-10-09T11:51:36.828+0000] {logging_mixin.py:190} INFO - [2025-10-09T11:51:36.828+0000] {dagbag.py:588} INFO - Filling up the DagBag from /home/airflow/.local/lib/python3.12/site-packages/airflow/example_dags/example_dynamic_task_mapping.py
[2025-10-09T11:51:36.840+0000] {processor.py:925} INFO - DAG(s) 'example_dynamic_task_mapping' retrieved from /home/airflow/.local/lib/python3.12/site-packages/airflow/example_dags/example_dynamic_task_mapping.py
[2025-10-09T11:51:36.873+0000] {logging_mixin.py:190} INFO - [2025-10-09T11:51:36.873+0000] {dag.py:3239} INFO - Sync 1 DAGs
[2025-10-09T11:51:36.893+0000] {logging_mixin.py:190} INFO - [2025-10-09T11:51:36.893+0000] {dag.py:4180} INFO - Setting next_dagrun for example_dynamic_task_mapping to None, run_after=None
[2025-10-09T11:51:36.919+0000] {processor.py:208} INFO - Processing /home/airflow/.local/lib/python3.12/site-packages/airflow/example_dags/example_dynamic_task_mapping.py took 0.105 seconds
[2025-10-09T11:52:07.172+0000] {processor.py:186} INFO - Started process (PID=1712) to work on /home/airflow/.local/lib/python3.12/site-packages/airflow/example_dags/example_dynamic_task_mapping.py
[2025-10-09T11:52:07.173+0000] {processor.py:914} INFO - Processing file /home/airflow/.local/lib/python3.12/site-packages/airflow/example_dags/example_dynamic_task_mapping.py for tasks to queue
[2025-10-09T11:52:07.177+0000] {logging_mixin.py:190} INFO - [2025-10-09T11:52:07.176+0000] {dagbag.py:588} INFO - Filling up the DagBag from /home/airflow/.local/lib/python3.12/site-packages/airflow/example_dags/example_dynamic_task_mapping.py
[2025-10-09T11:52:07.188+0000] {processor.py:925} INFO - DAG(s) 'example_dynamic_task_mapping' retrieved from /home/airflow/.local/lib/python3.12/site-packages/airflow/example_dags/example_dynamic_task_mapping.py
[2025-10-09T11:52:07.210+0000] {logging_mixin.py:190} INFO - [2025-10-09T11:52:07.210+0000] {dag.py:3239} INFO - Sync 1 DAGs
[2025-10-09T11:52:07.227+0000] {logging_mixin.py:190} INFO - [2025-10-09T11:52:07.226+0000] {dag.py:4180} INFO - Setting next_dagrun for example_dynamic_task_mapping to None, run_after=None
[2025-10-09T11:52:07.249+0000] {processor.py:208} INFO - Processing /home/airflow/.local/lib/python3.12/site-packages/airflow/example_dags/example_dynamic_task_mapping.py took 0.085 seconds
[2025-10-09T11:52:37.997+0000] {processor.py:186} INFO - Started process (PID=1775) to work on /home/airflow/.local/lib/python3.12/site-packages/airflow/example_dags/example_dynamic_task_mapping.py
[2025-10-09T11:52:37.999+0000] {processor.py:914} INFO - Processing file /home/airflow/.local/lib/python3.12/site-packages/airflow/example_dags/example_dynamic_task_mapping.py for tasks to queue
[2025-10-09T11:52:38.003+0000] {logging_mixin.py:190} INFO - [2025-10-09T11:52:38.002+0000] {dagbag.py:588} INFO - Filling up the DagBag from /home/airflow/.local/lib/python3.12/site-packages/airflow/example_dags/example_dynamic_task_mapping.py
[2025-10-09T11:52:38.014+0000] {processor.py:925} INFO - DAG(s) 'example_dynamic_task_mapping' retrieved from /home/airflow/.local/lib/python3.12/site-packages/airflow/example_dags/example_dynamic_task_mapping.py
[2025-10-09T11:52:38.039+0000] {logging_mixin.py:190} INFO - [2025-10-09T11:52:38.038+0000] {dag.py:3239} INFO - Sync 1 DAGs
[2025-10-09T11:52:38.057+0000] {logging_mixin.py:190} INFO - [2025-10-09T11:52:38.057+0000] {dag.py:4180} INFO - Setting next_dagrun for example_dynamic_task_mapping to None, run_after=None
[2025-10-09T11:52:38.080+0000] {processor.py:208} INFO - Processing /home/airflow/.local/lib/python3.12/site-packages/airflow/example_dags/example_dynamic_task_mapping.py took 0.091 seconds
[2025-10-09T11:53:08.361+0000] {processor.py:186} INFO - Started process (PID=1838) to work on /home/airflow/.local/lib/python3.12/site-packages/airflow/example_dags/example_dynamic_task_mapping.py
[2025-10-09T11:53:08.363+0000] {processor.py:914} INFO - Processing file /home/airflow/.local/lib/python3.12/site-packages/airflow/example_dags/example_dynamic_task_mapping.py for tasks to queue
[2025-10-09T11:53:08.367+0000] {logging_mixin.py:190} INFO - [2025-10-09T11:53:08.366+0000] {dagbag.py:588} INFO - Filling up the DagBag from /home/airflow/.local/lib/python3.12/site-packages/airflow/example_dags/example_dynamic_task_mapping.py
[2025-10-09T11:53:08.377+0000] {processor.py:925} INFO - DAG(s) 'example_dynamic_task_mapping' retrieved from /home/airflow/.local/lib/python3.12/site-packages/airflow/example_dags/example_dynamic_task_mapping.py
[2025-10-09T11:53:08.400+0000] {logging_mixin.py:190} INFO - [2025-10-09T11:53:08.399+0000] {dag.py:3239} INFO - Sync 1 DAGs
[2025-10-09T11:53:08.417+0000] {logging_mixin.py:190} INFO - [2025-10-09T11:53:08.416+0000] {dag.py:4180} INFO - Setting next_dagrun for example_dynamic_task_mapping to None, run_after=None
[2025-10-09T11:53:08.441+0000] {processor.py:208} INFO - Processing /home/airflow/.local/lib/python3.12/site-packages/airflow/example_dags/example_dynamic_task_mapping.py took 0.086 seconds
[2025-10-09T11:53:38.855+0000] {processor.py:186} INFO - Started process (PID=1901) to work on /home/airflow/.local/lib/python3.12/site-packages/airflow/example_dags/example_dynamic_task_mapping.py
[2025-10-09T11:53:38.857+0000] {processor.py:914} INFO - Processing file /home/airflow/.local/lib/python3.12/site-packages/airflow/example_dags/example_dynamic_task_mapping.py for tasks to queue
[2025-10-09T11:53:38.860+0000] {logging_mixin.py:190} INFO - [2025-10-09T11:53:38.859+0000] {dagbag.py:588} INFO - Filling up the DagBag from /home/airflow/.local/lib/python3.12/site-packages/airflow/example_dags/example_dynamic_task_mapping.py
[2025-10-09T11:53:38.871+0000] {processor.py:925} INFO - DAG(s) 'example_dynamic_task_mapping' retrieved from /home/airflow/.local/lib/python3.12/site-packages/airflow/example_dags/example_dynamic_task_mapping.py
[2025-10-09T11:53:38.895+0000] {logging_mixin.py:190} INFO - [2025-10-09T11:53:38.895+0000] {dag.py:3239} INFO - Sync 1 DAGs
[2025-10-09T11:53:38.912+0000] {logging_mixin.py:190} INFO - [2025-10-09T11:53:38.912+0000] {dag.py:4180} INFO - Setting next_dagrun for example_dynamic_task_mapping to None, run_after=None
[2025-10-09T11:53:38.942+0000] {processor.py:208} INFO - Processing /home/airflow/.local/lib/python3.12/site-packages/airflow/example_dags/example_dynamic_task_mapping.py took 0.094 seconds
[2025-10-09T11:54:09.563+0000] {processor.py:186} INFO - Started process (PID=1964) to work on /home/airflow/.local/lib/python3.12/site-packages/airflow/example_dags/example_dynamic_task_mapping.py
[2025-10-09T11:54:09.566+0000] {processor.py:914} INFO - Processing file /home/airflow/.local/lib/python3.12/site-packages/airflow/example_dags/example_dynamic_task_mapping.py for tasks to queue
[2025-10-09T11:54:09.574+0000] {logging_mixin.py:190} INFO - [2025-10-09T11:54:09.573+0000] {dagbag.py:588} INFO - Filling up the DagBag from /home/airflow/.local/lib/python3.12/site-packages/airflow/example_dags/example_dynamic_task_mapping.py
[2025-10-09T11:54:09.594+0000] {processor.py:925} INFO - DAG(s) 'example_dynamic_task_mapping' retrieved from /home/airflow/.local/lib/python3.12/site-packages/airflow/example_dags/example_dynamic_task_mapping.py
[2025-10-09T11:54:09.644+0000] {logging_mixin.py:190} INFO - [2025-10-09T11:54:09.644+0000] {dag.py:3239} INFO - Sync 1 DAGs
[2025-10-09T11:54:09.675+0000] {logging_mixin.py:190} INFO - [2025-10-09T11:54:09.675+0000] {dag.py:4180} INFO - Setting next_dagrun for example_dynamic_task_mapping to None, run_after=None
[2025-10-09T11:54:09.715+0000] {processor.py:208} INFO - Processing /home/airflow/.local/lib/python3.12/site-packages/airflow/example_dags/example_dynamic_task_mapping.py took 0.168 seconds
[2025-10-09T12:01:01.885+0000] {processor.py:186} INFO - Started process (PID=58) to work on /home/airflow/.local/lib/python3.12/site-packages/airflow/example_dags/example_dynamic_task_mapping.py
[2025-10-09T12:01:01.886+0000] {processor.py:914} INFO - Processing file /home/airflow/.local/lib/python3.12/site-packages/airflow/example_dags/example_dynamic_task_mapping.py for tasks to queue
[2025-10-09T12:01:01.890+0000] {logging_mixin.py:190} INFO - [2025-10-09T12:01:01.889+0000] {dagbag.py:588} INFO - Filling up the DagBag from /home/airflow/.local/lib/python3.12/site-packages/airflow/example_dags/example_dynamic_task_mapping.py
[2025-10-09T12:01:01.903+0000] {processor.py:925} INFO - DAG(s) 'example_dynamic_task_mapping' retrieved from /home/airflow/.local/lib/python3.12/site-packages/airflow/example_dags/example_dynamic_task_mapping.py
[2025-10-09T12:01:01.946+0000] {logging_mixin.py:190} INFO - [2025-10-09T12:01:01.945+0000] {dag.py:3239} INFO - Sync 1 DAGs
[2025-10-09T12:01:01.967+0000] {logging_mixin.py:190} INFO - [2025-10-09T12:01:01.966+0000] {dag.py:4180} INFO - Setting next_dagrun for example_dynamic_task_mapping to None, run_after=None
[2025-10-09T12:01:01.998+0000] {processor.py:208} INFO - Processing /home/airflow/.local/lib/python3.12/site-packages/airflow/example_dags/example_dynamic_task_mapping.py took 0.121 seconds
[2025-10-09T12:01:32.894+0000] {processor.py:186} INFO - Started process (PID=121) to work on /home/airflow/.local/lib/python3.12/site-packages/airflow/example_dags/example_dynamic_task_mapping.py
[2025-10-09T12:01:32.896+0000] {processor.py:914} INFO - Processing file /home/airflow/.local/lib/python3.12/site-packages/airflow/example_dags/example_dynamic_task_mapping.py for tasks to queue
[2025-10-09T12:01:32.902+0000] {logging_mixin.py:190} INFO - [2025-10-09T12:01:32.901+0000] {dagbag.py:588} INFO - Filling up the DagBag from /home/airflow/.local/lib/python3.12/site-packages/airflow/example_dags/example_dynamic_task_mapping.py
[2025-10-09T12:01:32.923+0000] {processor.py:925} INFO - DAG(s) 'example_dynamic_task_mapping' retrieved from /home/airflow/.local/lib/python3.12/site-packages/airflow/example_dags/example_dynamic_task_mapping.py
[2025-10-09T12:01:32.968+0000] {logging_mixin.py:190} INFO - [2025-10-09T12:01:32.967+0000] {dag.py:3239} INFO - Sync 1 DAGs
[2025-10-09T12:01:33.008+0000] {logging_mixin.py:190} INFO - [2025-10-09T12:01:33.008+0000] {dag.py:4180} INFO - Setting next_dagrun for example_dynamic_task_mapping to None, run_after=None
[2025-10-09T12:01:33.057+0000] {processor.py:208} INFO - Processing /home/airflow/.local/lib/python3.12/site-packages/airflow/example_dags/example_dynamic_task_mapping.py took 0.175 seconds
[2025-10-09T12:02:03.152+0000] {processor.py:186} INFO - Started process (PID=184) to work on /home/airflow/.local/lib/python3.12/site-packages/airflow/example_dags/example_dynamic_task_mapping.py
[2025-10-09T12:02:03.155+0000] {processor.py:914} INFO - Processing file /home/airflow/.local/lib/python3.12/site-packages/airflow/example_dags/example_dynamic_task_mapping.py for tasks to queue
[2025-10-09T12:02:03.159+0000] {logging_mixin.py:190} INFO - [2025-10-09T12:02:03.158+0000] {dagbag.py:588} INFO - Filling up the DagBag from /home/airflow/.local/lib/python3.12/site-packages/airflow/example_dags/example_dynamic_task_mapping.py
[2025-10-09T12:02:03.174+0000] {processor.py:925} INFO - DAG(s) 'example_dynamic_task_mapping' retrieved from /home/airflow/.local/lib/python3.12/site-packages/airflow/example_dags/example_dynamic_task_mapping.py
[2025-10-09T12:02:03.200+0000] {logging_mixin.py:190} INFO - [2025-10-09T12:02:03.200+0000] {dag.py:3239} INFO - Sync 1 DAGs
[2025-10-09T12:02:03.223+0000] {logging_mixin.py:190} INFO - [2025-10-09T12:02:03.223+0000] {dag.py:4180} INFO - Setting next_dagrun for example_dynamic_task_mapping to None, run_after=None
[2025-10-09T12:02:03.250+0000] {processor.py:208} INFO - Processing /home/airflow/.local/lib/python3.12/site-packages/airflow/example_dags/example_dynamic_task_mapping.py took 0.108 seconds
[2025-10-09T12:02:33.548+0000] {processor.py:186} INFO - Started process (PID=247) to work on /home/airflow/.local/lib/python3.12/site-packages/airflow/example_dags/example_dynamic_task_mapping.py
[2025-10-09T12:02:33.549+0000] {processor.py:914} INFO - Processing file /home/airflow/.local/lib/python3.12/site-packages/airflow/example_dags/example_dynamic_task_mapping.py for tasks to queue
[2025-10-09T12:02:33.552+0000] {logging_mixin.py:190} INFO - [2025-10-09T12:02:33.552+0000] {dagbag.py:588} INFO - Filling up the DagBag from /home/airflow/.local/lib/python3.12/site-packages/airflow/example_dags/example_dynamic_task_mapping.py
[2025-10-09T12:02:33.563+0000] {processor.py:925} INFO - DAG(s) 'example_dynamic_task_mapping' retrieved from /home/airflow/.local/lib/python3.12/site-packages/airflow/example_dags/example_dynamic_task_mapping.py
[2025-10-09T12:02:33.585+0000] {logging_mixin.py:190} INFO - [2025-10-09T12:02:33.585+0000] {dag.py:3239} INFO - Sync 1 DAGs
[2025-10-09T12:02:33.600+0000] {logging_mixin.py:190} INFO - [2025-10-09T12:02:33.600+0000] {dag.py:4180} INFO - Setting next_dagrun for example_dynamic_task_mapping to None, run_after=None
[2025-10-09T12:02:33.628+0000] {processor.py:208} INFO - Processing /home/airflow/.local/lib/python3.12/site-packages/airflow/example_dags/example_dynamic_task_mapping.py took 0.089 seconds
[2025-10-09T12:03:03.930+0000] {processor.py:186} INFO - Started process (PID=310) to work on /home/airflow/.local/lib/python3.12/site-packages/airflow/example_dags/example_dynamic_task_mapping.py
[2025-10-09T12:03:03.931+0000] {processor.py:914} INFO - Processing file /home/airflow/.local/lib/python3.12/site-packages/airflow/example_dags/example_dynamic_task_mapping.py for tasks to queue
[2025-10-09T12:03:03.934+0000] {logging_mixin.py:190} INFO - [2025-10-09T12:03:03.934+0000] {dagbag.py:588} INFO - Filling up the DagBag from /home/airflow/.local/lib/python3.12/site-packages/airflow/example_dags/example_dynamic_task_mapping.py
[2025-10-09T12:03:03.944+0000] {processor.py:925} INFO - DAG(s) 'example_dynamic_task_mapping' retrieved from /home/airflow/.local/lib/python3.12/site-packages/airflow/example_dags/example_dynamic_task_mapping.py
[2025-10-09T12:03:03.967+0000] {logging_mixin.py:190} INFO - [2025-10-09T12:03:03.966+0000] {dag.py:3239} INFO - Sync 1 DAGs
[2025-10-09T12:03:03.984+0000] {logging_mixin.py:190} INFO - [2025-10-09T12:03:03.984+0000] {dag.py:4180} INFO - Setting next_dagrun for example_dynamic_task_mapping to None, run_after=None
[2025-10-09T12:03:04.032+0000] {processor.py:208} INFO - Processing /home/airflow/.local/lib/python3.12/site-packages/airflow/example_dags/example_dynamic_task_mapping.py took 0.109 seconds
[2025-10-09T12:03:34.412+0000] {processor.py:186} INFO - Started process (PID=379) to work on /home/airflow/.local/lib/python3.12/site-packages/airflow/example_dags/example_dynamic_task_mapping.py
[2025-10-09T12:03:34.415+0000] {processor.py:914} INFO - Processing file /home/airflow/.local/lib/python3.12/site-packages/airflow/example_dags/example_dynamic_task_mapping.py for tasks to queue
[2025-10-09T12:03:34.419+0000] {logging_mixin.py:190} INFO - [2025-10-09T12:03:34.418+0000] {dagbag.py:588} INFO - Filling up the DagBag from /home/airflow/.local/lib/python3.12/site-packages/airflow/example_dags/example_dynamic_task_mapping.py
[2025-10-09T12:03:34.432+0000] {processor.py:925} INFO - DAG(s) 'example_dynamic_task_mapping' retrieved from /home/airflow/.local/lib/python3.12/site-packages/airflow/example_dags/example_dynamic_task_mapping.py
[2025-10-09T12:03:34.458+0000] {logging_mixin.py:190} INFO - [2025-10-09T12:03:34.458+0000] {dag.py:3239} INFO - Sync 1 DAGs
[2025-10-09T12:03:34.478+0000] {logging_mixin.py:190} INFO - [2025-10-09T12:03:34.477+0000] {dag.py:4180} INFO - Setting next_dagrun for example_dynamic_task_mapping to None, run_after=None
[2025-10-09T12:03:34.502+0000] {processor.py:208} INFO - Processing /home/airflow/.local/lib/python3.12/site-packages/airflow/example_dags/example_dynamic_task_mapping.py took 0.099 seconds
[2025-10-09T12:04:04.604+0000] {processor.py:186} INFO - Started process (PID=442) to work on /home/airflow/.local/lib/python3.12/site-packages/airflow/example_dags/example_dynamic_task_mapping.py
[2025-10-09T12:04:04.605+0000] {processor.py:914} INFO - Processing file /home/airflow/.local/lib/python3.12/site-packages/airflow/example_dags/example_dynamic_task_mapping.py for tasks to queue
[2025-10-09T12:04:04.609+0000] {logging_mixin.py:190} INFO - [2025-10-09T12:04:04.608+0000] {dagbag.py:588} INFO - Filling up the DagBag from /home/airflow/.local/lib/python3.12/site-packages/airflow/example_dags/example_dynamic_task_mapping.py
[2025-10-09T12:04:04.620+0000] {processor.py:925} INFO - DAG(s) 'example_dynamic_task_mapping' retrieved from /home/airflow/.local/lib/python3.12/site-packages/airflow/example_dags/example_dynamic_task_mapping.py
[2025-10-09T12:04:04.644+0000] {logging_mixin.py:190} INFO - [2025-10-09T12:04:04.644+0000] {dag.py:3239} INFO - Sync 1 DAGs
[2025-10-09T12:04:04.660+0000] {logging_mixin.py:190} INFO - [2025-10-09T12:04:04.659+0000] {dag.py:4180} INFO - Setting next_dagrun for example_dynamic_task_mapping to None, run_after=None
[2025-10-09T12:04:04.681+0000] {processor.py:208} INFO - Processing /home/airflow/.local/lib/python3.12/site-packages/airflow/example_dags/example_dynamic_task_mapping.py took 0.085 seconds
