[2025-10-09T00:25:19.806+0000] {processor.py:186} INFO - Started process (PID=9207) to work on /home/airflow/.local/lib/python3.12/site-packages/airflow/example_dags/example_bash_decorator.py
[2025-10-09T00:25:19.874+0000] {processor.py:914} INFO - Processing file /home/airflow/.local/lib/python3.12/site-packages/airflow/example_dags/example_bash_decorator.py for tasks to queue
[2025-10-09T00:25:19.934+0000] {logging_mixin.py:190} INFO - [2025-10-09T00:25:19.932+0000] {dagbag.py:588} INFO - Filling up the DagBag from /home/airflow/.local/lib/python3.12/site-packages/airflow/example_dags/example_bash_decorator.py
[2025-10-09T00:25:20.095+0000] {processor.py:925} INFO - DAG(s) 'example_bash_decorator' retrieved from /home/airflow/.local/lib/python3.12/site-packages/airflow/example_dags/example_bash_decorator.py
[2025-10-09T00:25:20.282+0000] {logging_mixin.py:190} INFO - [2025-10-09T00:25:20.281+0000] {dag.py:3239} INFO - Sync 1 DAGs
[2025-10-09T00:25:20.474+0000] {logging_mixin.py:190} INFO - [2025-10-09T00:25:20.462+0000] {dag.py:4180} INFO - Setting next_dagrun for example_bash_decorator to None, run_after=None
[2025-10-09T00:25:20.659+0000] {processor.py:208} INFO - Processing /home/airflow/.local/lib/python3.12/site-packages/airflow/example_dags/example_bash_decorator.py took 1.028 seconds
[2025-10-09T00:25:59.193+0000] {processor.py:186} INFO - Started process (PID=9270) to work on /home/airflow/.local/lib/python3.12/site-packages/airflow/example_dags/example_bash_decorator.py
[2025-10-09T00:25:59.195+0000] {processor.py:914} INFO - Processing file /home/airflow/.local/lib/python3.12/site-packages/airflow/example_dags/example_bash_decorator.py for tasks to queue
[2025-10-09T00:25:59.200+0000] {logging_mixin.py:190} INFO - [2025-10-09T00:25:59.200+0000] {dagbag.py:588} INFO - Filling up the DagBag from /home/airflow/.local/lib/python3.12/site-packages/airflow/example_dags/example_bash_decorator.py
[2025-10-09T00:25:59.226+0000] {processor.py:925} INFO - DAG(s) 'example_bash_decorator' retrieved from /home/airflow/.local/lib/python3.12/site-packages/airflow/example_dags/example_bash_decorator.py
[2025-10-09T00:25:59.259+0000] {logging_mixin.py:190} INFO - [2025-10-09T00:25:59.258+0000] {dag.py:3239} INFO - Sync 1 DAGs
[2025-10-09T00:25:59.277+0000] {logging_mixin.py:190} INFO - [2025-10-09T00:25:59.277+0000] {dag.py:4180} INFO - Setting next_dagrun for example_bash_decorator to None, run_after=None
[2025-10-09T00:25:59.306+0000] {processor.py:208} INFO - Processing /home/airflow/.local/lib/python3.12/site-packages/airflow/example_dags/example_bash_decorator.py took 0.125 seconds
[2025-10-09T11:03:33.265+0000] {processor.py:186} INFO - Started process (PID=76) to work on /home/airflow/.local/lib/python3.12/site-packages/airflow/example_dags/example_bash_decorator.py
[2025-10-09T11:03:33.269+0000] {processor.py:914} INFO - Processing file /home/airflow/.local/lib/python3.12/site-packages/airflow/example_dags/example_bash_decorator.py for tasks to queue
[2025-10-09T11:03:33.274+0000] {logging_mixin.py:190} INFO - [2025-10-09T11:03:33.273+0000] {dagbag.py:588} INFO - Filling up the DagBag from /home/airflow/.local/lib/python3.12/site-packages/airflow/example_dags/example_bash_decorator.py
[2025-10-09T11:03:33.320+0000] {processor.py:925} INFO - DAG(s) 'example_bash_decorator' retrieved from /home/airflow/.local/lib/python3.12/site-packages/airflow/example_dags/example_bash_decorator.py
[2025-10-09T11:03:34.905+0000] {logging_mixin.py:190} INFO - [2025-10-09T11:03:34.905+0000] {dag.py:3239} INFO - Sync 1 DAGs
[2025-10-09T11:03:34.945+0000] {logging_mixin.py:190} INFO - [2025-10-09T11:03:34.945+0000] {dag.py:4180} INFO - Setting next_dagrun for example_bash_decorator to None, run_after=None
[2025-10-09T11:03:35.021+0000] {processor.py:208} INFO - Processing /home/airflow/.local/lib/python3.12/site-packages/airflow/example_dags/example_bash_decorator.py took 1.781 seconds
[2025-10-09T11:04:20.721+0000] {processor.py:186} INFO - Started process (PID=140) to work on /home/airflow/.local/lib/python3.12/site-packages/airflow/example_dags/example_bash_decorator.py
[2025-10-09T11:04:20.724+0000] {processor.py:914} INFO - Processing file /home/airflow/.local/lib/python3.12/site-packages/airflow/example_dags/example_bash_decorator.py for tasks to queue
[2025-10-09T11:04:20.733+0000] {logging_mixin.py:190} INFO - [2025-10-09T11:04:20.732+0000] {dagbag.py:588} INFO - Filling up the DagBag from /home/airflow/.local/lib/python3.12/site-packages/airflow/example_dags/example_bash_decorator.py
[2025-10-09T11:04:20.804+0000] {processor.py:925} INFO - DAG(s) 'example_bash_decorator' retrieved from /home/airflow/.local/lib/python3.12/site-packages/airflow/example_dags/example_bash_decorator.py
[2025-10-09T11:04:20.920+0000] {logging_mixin.py:190} INFO - [2025-10-09T11:04:20.919+0000] {dag.py:3239} INFO - Sync 1 DAGs
[2025-10-09T11:04:20.990+0000] {logging_mixin.py:190} INFO - [2025-10-09T11:04:20.989+0000] {dag.py:4180} INFO - Setting next_dagrun for example_bash_decorator to None, run_after=None
[2025-10-09T11:04:21.065+0000] {processor.py:208} INFO - Processing /home/airflow/.local/lib/python3.12/site-packages/airflow/example_dags/example_bash_decorator.py took 0.368 seconds
[2025-10-09T11:04:51.317+0000] {processor.py:186} INFO - Started process (PID=203) to work on /home/airflow/.local/lib/python3.12/site-packages/airflow/example_dags/example_bash_decorator.py
[2025-10-09T11:04:51.357+0000] {processor.py:914} INFO - Processing file /home/airflow/.local/lib/python3.12/site-packages/airflow/example_dags/example_bash_decorator.py for tasks to queue
[2025-10-09T11:04:51.362+0000] {logging_mixin.py:190} INFO - [2025-10-09T11:04:51.362+0000] {dagbag.py:588} INFO - Filling up the DagBag from /home/airflow/.local/lib/python3.12/site-packages/airflow/example_dags/example_bash_decorator.py
[2025-10-09T11:04:51.400+0000] {processor.py:925} INFO - DAG(s) 'example_bash_decorator' retrieved from /home/airflow/.local/lib/python3.12/site-packages/airflow/example_dags/example_bash_decorator.py
[2025-10-09T11:04:51.462+0000] {logging_mixin.py:190} INFO - [2025-10-09T11:04:51.462+0000] {dag.py:3239} INFO - Sync 1 DAGs
[2025-10-09T11:04:51.500+0000] {logging_mixin.py:190} INFO - [2025-10-09T11:04:51.499+0000] {dag.py:4180} INFO - Setting next_dagrun for example_bash_decorator to None, run_after=None
[2025-10-09T11:04:51.685+0000] {processor.py:208} INFO - Processing /home/airflow/.local/lib/python3.12/site-packages/airflow/example_dags/example_bash_decorator.py took 0.383 seconds
[2025-10-09T11:05:45.935+0000] {processor.py:186} INFO - Started process (PID=257) to work on /home/airflow/.local/lib/python3.12/site-packages/airflow/example_dags/example_bash_decorator.py
[2025-10-09T11:05:45.937+0000] {processor.py:914} INFO - Processing file /home/airflow/.local/lib/python3.12/site-packages/airflow/example_dags/example_bash_decorator.py for tasks to queue
[2025-10-09T11:05:45.940+0000] {logging_mixin.py:190} INFO - [2025-10-09T11:05:45.940+0000] {dagbag.py:588} INFO - Filling up the DagBag from /home/airflow/.local/lib/python3.12/site-packages/airflow/example_dags/example_bash_decorator.py
[2025-10-09T11:05:45.957+0000] {processor.py:925} INFO - DAG(s) 'example_bash_decorator' retrieved from /home/airflow/.local/lib/python3.12/site-packages/airflow/example_dags/example_bash_decorator.py
[2025-10-09T11:05:45.995+0000] {logging_mixin.py:190} INFO - [2025-10-09T11:05:45.995+0000] {dag.py:3239} INFO - Sync 1 DAGs
[2025-10-09T11:05:46.024+0000] {logging_mixin.py:190} INFO - [2025-10-09T11:05:46.024+0000] {dag.py:4180} INFO - Setting next_dagrun for example_bash_decorator to None, run_after=None
[2025-10-09T11:05:46.367+0000] {processor.py:208} INFO - Processing /home/airflow/.local/lib/python3.12/site-packages/airflow/example_dags/example_bash_decorator.py took 0.440 seconds
[2025-10-09T11:06:18.792+0000] {processor.py:186} INFO - Started process (PID=320) to work on /home/airflow/.local/lib/python3.12/site-packages/airflow/example_dags/example_bash_decorator.py
[2025-10-09T11:06:18.794+0000] {processor.py:914} INFO - Processing file /home/airflow/.local/lib/python3.12/site-packages/airflow/example_dags/example_bash_decorator.py for tasks to queue
[2025-10-09T11:06:18.798+0000] {logging_mixin.py:190} INFO - [2025-10-09T11:06:18.797+0000] {dagbag.py:588} INFO - Filling up the DagBag from /home/airflow/.local/lib/python3.12/site-packages/airflow/example_dags/example_bash_decorator.py
[2025-10-09T11:06:18.827+0000] {processor.py:925} INFO - DAG(s) 'example_bash_decorator' retrieved from /home/airflow/.local/lib/python3.12/site-packages/airflow/example_dags/example_bash_decorator.py
[2025-10-09T11:06:18.854+0000] {logging_mixin.py:190} INFO - [2025-10-09T11:06:18.854+0000] {dag.py:3239} INFO - Sync 1 DAGs
[2025-10-09T11:06:18.872+0000] {logging_mixin.py:190} INFO - [2025-10-09T11:06:18.871+0000] {dag.py:4180} INFO - Setting next_dagrun for example_bash_decorator to None, run_after=None
[2025-10-09T11:06:18.900+0000] {processor.py:208} INFO - Processing /home/airflow/.local/lib/python3.12/site-packages/airflow/example_dags/example_bash_decorator.py took 0.116 seconds
[2025-10-09T11:06:49.794+0000] {processor.py:186} INFO - Started process (PID=383) to work on /home/airflow/.local/lib/python3.12/site-packages/airflow/example_dags/example_bash_decorator.py
[2025-10-09T11:06:49.795+0000] {processor.py:914} INFO - Processing file /home/airflow/.local/lib/python3.12/site-packages/airflow/example_dags/example_bash_decorator.py for tasks to queue
[2025-10-09T11:06:49.800+0000] {logging_mixin.py:190} INFO - [2025-10-09T11:06:49.799+0000] {dagbag.py:588} INFO - Filling up the DagBag from /home/airflow/.local/lib/python3.12/site-packages/airflow/example_dags/example_bash_decorator.py
[2025-10-09T11:06:49.819+0000] {processor.py:925} INFO - DAG(s) 'example_bash_decorator' retrieved from /home/airflow/.local/lib/python3.12/site-packages/airflow/example_dags/example_bash_decorator.py
[2025-10-09T11:06:49.860+0000] {logging_mixin.py:190} INFO - [2025-10-09T11:06:49.859+0000] {dag.py:3239} INFO - Sync 1 DAGs
[2025-10-09T11:06:49.889+0000] {logging_mixin.py:190} INFO - [2025-10-09T11:06:49.888+0000] {dag.py:4180} INFO - Setting next_dagrun for example_bash_decorator to None, run_after=None
[2025-10-09T11:06:49.929+0000] {processor.py:208} INFO - Processing /home/airflow/.local/lib/python3.12/site-packages/airflow/example_dags/example_bash_decorator.py took 0.147 seconds
[2025-10-09T11:07:21.547+0000] {processor.py:186} INFO - Started process (PID=446) to work on /home/airflow/.local/lib/python3.12/site-packages/airflow/example_dags/example_bash_decorator.py
[2025-10-09T11:07:21.549+0000] {processor.py:914} INFO - Processing file /home/airflow/.local/lib/python3.12/site-packages/airflow/example_dags/example_bash_decorator.py for tasks to queue
[2025-10-09T11:07:21.557+0000] {logging_mixin.py:190} INFO - [2025-10-09T11:07:21.556+0000] {dagbag.py:588} INFO - Filling up the DagBag from /home/airflow/.local/lib/python3.12/site-packages/airflow/example_dags/example_bash_decorator.py
[2025-10-09T11:07:21.589+0000] {processor.py:925} INFO - DAG(s) 'example_bash_decorator' retrieved from /home/airflow/.local/lib/python3.12/site-packages/airflow/example_dags/example_bash_decorator.py
[2025-10-09T11:07:21.634+0000] {logging_mixin.py:190} INFO - [2025-10-09T11:07:21.633+0000] {dag.py:3239} INFO - Sync 1 DAGs
[2025-10-09T11:07:21.660+0000] {logging_mixin.py:190} INFO - [2025-10-09T11:07:21.659+0000] {dag.py:4180} INFO - Setting next_dagrun for example_bash_decorator to None, run_after=None
[2025-10-09T11:07:21.692+0000] {processor.py:208} INFO - Processing /home/airflow/.local/lib/python3.12/site-packages/airflow/example_dags/example_bash_decorator.py took 0.159 seconds
[2025-10-09T11:07:52.496+0000] {processor.py:186} INFO - Started process (PID=509) to work on /home/airflow/.local/lib/python3.12/site-packages/airflow/example_dags/example_bash_decorator.py
[2025-10-09T11:07:52.500+0000] {processor.py:914} INFO - Processing file /home/airflow/.local/lib/python3.12/site-packages/airflow/example_dags/example_bash_decorator.py for tasks to queue
[2025-10-09T11:07:52.512+0000] {logging_mixin.py:190} INFO - [2025-10-09T11:07:52.511+0000] {dagbag.py:588} INFO - Filling up the DagBag from /home/airflow/.local/lib/python3.12/site-packages/airflow/example_dags/example_bash_decorator.py
[2025-10-09T11:07:52.589+0000] {processor.py:925} INFO - DAG(s) 'example_bash_decorator' retrieved from /home/airflow/.local/lib/python3.12/site-packages/airflow/example_dags/example_bash_decorator.py
[2025-10-09T11:07:52.752+0000] {logging_mixin.py:190} INFO - [2025-10-09T11:07:52.751+0000] {dag.py:3239} INFO - Sync 1 DAGs
[2025-10-09T11:07:52.829+0000] {logging_mixin.py:190} INFO - [2025-10-09T11:07:52.829+0000] {dag.py:4180} INFO - Setting next_dagrun for example_bash_decorator to None, run_after=None
[2025-10-09T11:07:52.902+0000] {processor.py:208} INFO - Processing /home/airflow/.local/lib/python3.12/site-packages/airflow/example_dags/example_bash_decorator.py took 0.429 seconds
[2025-10-09T11:08:23.750+0000] {processor.py:186} INFO - Started process (PID=572) to work on /home/airflow/.local/lib/python3.12/site-packages/airflow/example_dags/example_bash_decorator.py
[2025-10-09T11:08:23.751+0000] {processor.py:914} INFO - Processing file /home/airflow/.local/lib/python3.12/site-packages/airflow/example_dags/example_bash_decorator.py for tasks to queue
[2025-10-09T11:08:23.754+0000] {logging_mixin.py:190} INFO - [2025-10-09T11:08:23.754+0000] {dagbag.py:588} INFO - Filling up the DagBag from /home/airflow/.local/lib/python3.12/site-packages/airflow/example_dags/example_bash_decorator.py
[2025-10-09T11:08:23.770+0000] {processor.py:925} INFO - DAG(s) 'example_bash_decorator' retrieved from /home/airflow/.local/lib/python3.12/site-packages/airflow/example_dags/example_bash_decorator.py
[2025-10-09T11:08:23.796+0000] {logging_mixin.py:190} INFO - [2025-10-09T11:08:23.796+0000] {dag.py:3239} INFO - Sync 1 DAGs
[2025-10-09T11:08:23.812+0000] {logging_mixin.py:190} INFO - [2025-10-09T11:08:23.812+0000] {dag.py:4180} INFO - Setting next_dagrun for example_bash_decorator to None, run_after=None
[2025-10-09T11:08:24.060+0000] {processor.py:208} INFO - Processing /home/airflow/.local/lib/python3.12/site-packages/airflow/example_dags/example_bash_decorator.py took 0.316 seconds
[2025-10-09T11:08:55.001+0000] {processor.py:186} INFO - Started process (PID=635) to work on /home/airflow/.local/lib/python3.12/site-packages/airflow/example_dags/example_bash_decorator.py
[2025-10-09T11:08:55.146+0000] {processor.py:914} INFO - Processing file /home/airflow/.local/lib/python3.12/site-packages/airflow/example_dags/example_bash_decorator.py for tasks to queue
[2025-10-09T11:08:55.155+0000] {logging_mixin.py:190} INFO - [2025-10-09T11:08:55.154+0000] {dagbag.py:588} INFO - Filling up the DagBag from /home/airflow/.local/lib/python3.12/site-packages/airflow/example_dags/example_bash_decorator.py
[2025-10-09T11:08:55.186+0000] {processor.py:925} INFO - DAG(s) 'example_bash_decorator' retrieved from /home/airflow/.local/lib/python3.12/site-packages/airflow/example_dags/example_bash_decorator.py
[2025-10-09T11:08:55.215+0000] {logging_mixin.py:190} INFO - [2025-10-09T11:08:55.215+0000] {dag.py:3239} INFO - Sync 1 DAGs
[2025-10-09T11:08:55.231+0000] {logging_mixin.py:190} INFO - [2025-10-09T11:08:55.231+0000] {dag.py:4180} INFO - Setting next_dagrun for example_bash_decorator to None, run_after=None
[2025-10-09T11:08:55.259+0000] {processor.py:208} INFO - Processing /home/airflow/.local/lib/python3.12/site-packages/airflow/example_dags/example_bash_decorator.py took 0.266 seconds
[2025-10-09T11:09:25.308+0000] {processor.py:186} INFO - Started process (PID=697) to work on /home/airflow/.local/lib/python3.12/site-packages/airflow/example_dags/example_bash_decorator.py
[2025-10-09T11:09:25.309+0000] {processor.py:914} INFO - Processing file /home/airflow/.local/lib/python3.12/site-packages/airflow/example_dags/example_bash_decorator.py for tasks to queue
[2025-10-09T11:09:25.312+0000] {logging_mixin.py:190} INFO - [2025-10-09T11:09:25.312+0000] {dagbag.py:588} INFO - Filling up the DagBag from /home/airflow/.local/lib/python3.12/site-packages/airflow/example_dags/example_bash_decorator.py
[2025-10-09T11:09:25.331+0000] {processor.py:925} INFO - DAG(s) 'example_bash_decorator' retrieved from /home/airflow/.local/lib/python3.12/site-packages/airflow/example_dags/example_bash_decorator.py
[2025-10-09T11:09:25.356+0000] {logging_mixin.py:190} INFO - [2025-10-09T11:09:25.356+0000] {dag.py:3239} INFO - Sync 1 DAGs
[2025-10-09T11:09:25.372+0000] {logging_mixin.py:190} INFO - [2025-10-09T11:09:25.372+0000] {dag.py:4180} INFO - Setting next_dagrun for example_bash_decorator to None, run_after=None
[2025-10-09T11:09:25.393+0000] {processor.py:208} INFO - Processing /home/airflow/.local/lib/python3.12/site-packages/airflow/example_dags/example_bash_decorator.py took 0.091 seconds
[2025-10-09T11:09:56.044+0000] {processor.py:186} INFO - Started process (PID=760) to work on /home/airflow/.local/lib/python3.12/site-packages/airflow/example_dags/example_bash_decorator.py
[2025-10-09T11:09:56.045+0000] {processor.py:914} INFO - Processing file /home/airflow/.local/lib/python3.12/site-packages/airflow/example_dags/example_bash_decorator.py for tasks to queue
[2025-10-09T11:09:56.048+0000] {logging_mixin.py:190} INFO - [2025-10-09T11:09:56.047+0000] {dagbag.py:588} INFO - Filling up the DagBag from /home/airflow/.local/lib/python3.12/site-packages/airflow/example_dags/example_bash_decorator.py
[2025-10-09T11:09:56.065+0000] {processor.py:925} INFO - DAG(s) 'example_bash_decorator' retrieved from /home/airflow/.local/lib/python3.12/site-packages/airflow/example_dags/example_bash_decorator.py
[2025-10-09T11:09:56.092+0000] {logging_mixin.py:190} INFO - [2025-10-09T11:09:56.092+0000] {dag.py:3239} INFO - Sync 1 DAGs
[2025-10-09T11:09:56.111+0000] {logging_mixin.py:190} INFO - [2025-10-09T11:09:56.111+0000] {dag.py:4180} INFO - Setting next_dagrun for example_bash_decorator to None, run_after=None
[2025-10-09T11:09:56.133+0000] {processor.py:208} INFO - Processing /home/airflow/.local/lib/python3.12/site-packages/airflow/example_dags/example_bash_decorator.py took 0.095 seconds
[2025-10-09T11:10:26.347+0000] {processor.py:186} INFO - Started process (PID=823) to work on /home/airflow/.local/lib/python3.12/site-packages/airflow/example_dags/example_bash_decorator.py
[2025-10-09T11:10:26.350+0000] {processor.py:914} INFO - Processing file /home/airflow/.local/lib/python3.12/site-packages/airflow/example_dags/example_bash_decorator.py for tasks to queue
[2025-10-09T11:10:26.356+0000] {logging_mixin.py:190} INFO - [2025-10-09T11:10:26.355+0000] {dagbag.py:588} INFO - Filling up the DagBag from /home/airflow/.local/lib/python3.12/site-packages/airflow/example_dags/example_bash_decorator.py
[2025-10-09T11:10:26.388+0000] {processor.py:925} INFO - DAG(s) 'example_bash_decorator' retrieved from /home/airflow/.local/lib/python3.12/site-packages/airflow/example_dags/example_bash_decorator.py
[2025-10-09T11:10:26.430+0000] {logging_mixin.py:190} INFO - [2025-10-09T11:10:26.430+0000] {dag.py:3239} INFO - Sync 1 DAGs
[2025-10-09T11:10:26.452+0000] {logging_mixin.py:190} INFO - [2025-10-09T11:10:26.452+0000] {dag.py:4180} INFO - Setting next_dagrun for example_bash_decorator to None, run_after=None
[2025-10-09T11:10:26.498+0000] {processor.py:208} INFO - Processing /home/airflow/.local/lib/python3.12/site-packages/airflow/example_dags/example_bash_decorator.py took 0.159 seconds
[2025-10-09T11:10:57.073+0000] {processor.py:186} INFO - Started process (PID=886) to work on /home/airflow/.local/lib/python3.12/site-packages/airflow/example_dags/example_bash_decorator.py
[2025-10-09T11:10:57.074+0000] {processor.py:914} INFO - Processing file /home/airflow/.local/lib/python3.12/site-packages/airflow/example_dags/example_bash_decorator.py for tasks to queue
[2025-10-09T11:10:57.077+0000] {logging_mixin.py:190} INFO - [2025-10-09T11:10:57.076+0000] {dagbag.py:588} INFO - Filling up the DagBag from /home/airflow/.local/lib/python3.12/site-packages/airflow/example_dags/example_bash_decorator.py
[2025-10-09T11:10:57.093+0000] {processor.py:925} INFO - DAG(s) 'example_bash_decorator' retrieved from /home/airflow/.local/lib/python3.12/site-packages/airflow/example_dags/example_bash_decorator.py
[2025-10-09T11:10:57.119+0000] {logging_mixin.py:190} INFO - [2025-10-09T11:10:57.119+0000] {dag.py:3239} INFO - Sync 1 DAGs
[2025-10-09T11:10:57.134+0000] {logging_mixin.py:190} INFO - [2025-10-09T11:10:57.134+0000] {dag.py:4180} INFO - Setting next_dagrun for example_bash_decorator to None, run_after=None
[2025-10-09T11:10:57.164+0000] {processor.py:208} INFO - Processing /home/airflow/.local/lib/python3.12/site-packages/airflow/example_dags/example_bash_decorator.py took 0.098 seconds
[2025-10-09T11:11:27.335+0000] {processor.py:186} INFO - Started process (PID=948) to work on /home/airflow/.local/lib/python3.12/site-packages/airflow/example_dags/example_bash_decorator.py
[2025-10-09T11:11:27.336+0000] {processor.py:914} INFO - Processing file /home/airflow/.local/lib/python3.12/site-packages/airflow/example_dags/example_bash_decorator.py for tasks to queue
[2025-10-09T11:11:27.339+0000] {logging_mixin.py:190} INFO - [2025-10-09T11:11:27.338+0000] {dagbag.py:588} INFO - Filling up the DagBag from /home/airflow/.local/lib/python3.12/site-packages/airflow/example_dags/example_bash_decorator.py
[2025-10-09T11:11:27.355+0000] {processor.py:925} INFO - DAG(s) 'example_bash_decorator' retrieved from /home/airflow/.local/lib/python3.12/site-packages/airflow/example_dags/example_bash_decorator.py
[2025-10-09T11:11:27.379+0000] {logging_mixin.py:190} INFO - [2025-10-09T11:11:27.378+0000] {dag.py:3239} INFO - Sync 1 DAGs
[2025-10-09T11:11:27.394+0000] {logging_mixin.py:190} INFO - [2025-10-09T11:11:27.394+0000] {dag.py:4180} INFO - Setting next_dagrun for example_bash_decorator to None, run_after=None
[2025-10-09T11:11:27.418+0000] {processor.py:208} INFO - Processing /home/airflow/.local/lib/python3.12/site-packages/airflow/example_dags/example_bash_decorator.py took 0.090 seconds
[2025-10-09T11:11:57.674+0000] {processor.py:186} INFO - Started process (PID=1011) to work on /home/airflow/.local/lib/python3.12/site-packages/airflow/example_dags/example_bash_decorator.py
[2025-10-09T11:11:57.675+0000] {processor.py:914} INFO - Processing file /home/airflow/.local/lib/python3.12/site-packages/airflow/example_dags/example_bash_decorator.py for tasks to queue
[2025-10-09T11:11:57.678+0000] {logging_mixin.py:190} INFO - [2025-10-09T11:11:57.677+0000] {dagbag.py:588} INFO - Filling up the DagBag from /home/airflow/.local/lib/python3.12/site-packages/airflow/example_dags/example_bash_decorator.py
[2025-10-09T11:11:57.695+0000] {processor.py:925} INFO - DAG(s) 'example_bash_decorator' retrieved from /home/airflow/.local/lib/python3.12/site-packages/airflow/example_dags/example_bash_decorator.py
[2025-10-09T11:11:57.720+0000] {logging_mixin.py:190} INFO - [2025-10-09T11:11:57.720+0000] {dag.py:3239} INFO - Sync 1 DAGs
[2025-10-09T11:11:57.736+0000] {logging_mixin.py:190} INFO - [2025-10-09T11:11:57.736+0000] {dag.py:4180} INFO - Setting next_dagrun for example_bash_decorator to None, run_after=None
[2025-10-09T11:11:57.760+0000] {processor.py:208} INFO - Processing /home/airflow/.local/lib/python3.12/site-packages/airflow/example_dags/example_bash_decorator.py took 0.092 seconds
[2025-10-09T11:12:27.908+0000] {processor.py:186} INFO - Started process (PID=1074) to work on /home/airflow/.local/lib/python3.12/site-packages/airflow/example_dags/example_bash_decorator.py
[2025-10-09T11:12:27.909+0000] {processor.py:914} INFO - Processing file /home/airflow/.local/lib/python3.12/site-packages/airflow/example_dags/example_bash_decorator.py for tasks to queue
[2025-10-09T11:12:27.912+0000] {logging_mixin.py:190} INFO - [2025-10-09T11:12:27.912+0000] {dagbag.py:588} INFO - Filling up the DagBag from /home/airflow/.local/lib/python3.12/site-packages/airflow/example_dags/example_bash_decorator.py
[2025-10-09T11:12:27.933+0000] {processor.py:925} INFO - DAG(s) 'example_bash_decorator' retrieved from /home/airflow/.local/lib/python3.12/site-packages/airflow/example_dags/example_bash_decorator.py
[2025-10-09T11:12:27.958+0000] {logging_mixin.py:190} INFO - [2025-10-09T11:12:27.958+0000] {dag.py:3239} INFO - Sync 1 DAGs
[2025-10-09T11:12:27.975+0000] {logging_mixin.py:190} INFO - [2025-10-09T11:12:27.975+0000] {dag.py:4180} INFO - Setting next_dagrun for example_bash_decorator to None, run_after=None
[2025-10-09T11:12:28.007+0000] {processor.py:208} INFO - Processing /home/airflow/.local/lib/python3.12/site-packages/airflow/example_dags/example_bash_decorator.py took 0.106 seconds
[2025-10-09T11:12:58.517+0000] {processor.py:186} INFO - Started process (PID=1135) to work on /home/airflow/.local/lib/python3.12/site-packages/airflow/example_dags/example_bash_decorator.py
[2025-10-09T11:12:58.519+0000] {processor.py:914} INFO - Processing file /home/airflow/.local/lib/python3.12/site-packages/airflow/example_dags/example_bash_decorator.py for tasks to queue
[2025-10-09T11:12:58.522+0000] {logging_mixin.py:190} INFO - [2025-10-09T11:12:58.521+0000] {dagbag.py:588} INFO - Filling up the DagBag from /home/airflow/.local/lib/python3.12/site-packages/airflow/example_dags/example_bash_decorator.py
[2025-10-09T11:12:58.539+0000] {processor.py:925} INFO - DAG(s) 'example_bash_decorator' retrieved from /home/airflow/.local/lib/python3.12/site-packages/airflow/example_dags/example_bash_decorator.py
[2025-10-09T11:12:58.564+0000] {logging_mixin.py:190} INFO - [2025-10-09T11:12:58.564+0000] {dag.py:3239} INFO - Sync 1 DAGs
[2025-10-09T11:12:58.580+0000] {logging_mixin.py:190} INFO - [2025-10-09T11:12:58.580+0000] {dag.py:4180} INFO - Setting next_dagrun for example_bash_decorator to None, run_after=None
[2025-10-09T11:12:58.602+0000] {processor.py:208} INFO - Processing /home/airflow/.local/lib/python3.12/site-packages/airflow/example_dags/example_bash_decorator.py took 0.092 seconds
[2025-10-09T11:13:29.162+0000] {processor.py:186} INFO - Started process (PID=1198) to work on /home/airflow/.local/lib/python3.12/site-packages/airflow/example_dags/example_bash_decorator.py
[2025-10-09T11:13:29.163+0000] {processor.py:914} INFO - Processing file /home/airflow/.local/lib/python3.12/site-packages/airflow/example_dags/example_bash_decorator.py for tasks to queue
[2025-10-09T11:13:29.167+0000] {logging_mixin.py:190} INFO - [2025-10-09T11:13:29.167+0000] {dagbag.py:588} INFO - Filling up the DagBag from /home/airflow/.local/lib/python3.12/site-packages/airflow/example_dags/example_bash_decorator.py
[2025-10-09T11:13:29.202+0000] {processor.py:925} INFO - DAG(s) 'example_bash_decorator' retrieved from /home/airflow/.local/lib/python3.12/site-packages/airflow/example_dags/example_bash_decorator.py
[2025-10-09T11:13:29.251+0000] {logging_mixin.py:190} INFO - [2025-10-09T11:13:29.250+0000] {dag.py:3239} INFO - Sync 1 DAGs
[2025-10-09T11:13:29.275+0000] {logging_mixin.py:190} INFO - [2025-10-09T11:13:29.274+0000] {dag.py:4180} INFO - Setting next_dagrun for example_bash_decorator to None, run_after=None
[2025-10-09T11:13:29.304+0000] {processor.py:208} INFO - Processing /home/airflow/.local/lib/python3.12/site-packages/airflow/example_dags/example_bash_decorator.py took 0.152 seconds
[2025-10-09T11:13:59.605+0000] {processor.py:186} INFO - Started process (PID=1261) to work on /home/airflow/.local/lib/python3.12/site-packages/airflow/example_dags/example_bash_decorator.py
[2025-10-09T11:13:59.606+0000] {processor.py:914} INFO - Processing file /home/airflow/.local/lib/python3.12/site-packages/airflow/example_dags/example_bash_decorator.py for tasks to queue
[2025-10-09T11:13:59.609+0000] {logging_mixin.py:190} INFO - [2025-10-09T11:13:59.609+0000] {dagbag.py:588} INFO - Filling up the DagBag from /home/airflow/.local/lib/python3.12/site-packages/airflow/example_dags/example_bash_decorator.py
[2025-10-09T11:13:59.626+0000] {processor.py:925} INFO - DAG(s) 'example_bash_decorator' retrieved from /home/airflow/.local/lib/python3.12/site-packages/airflow/example_dags/example_bash_decorator.py
[2025-10-09T11:13:59.651+0000] {logging_mixin.py:190} INFO - [2025-10-09T11:13:59.650+0000] {dag.py:3239} INFO - Sync 1 DAGs
[2025-10-09T11:13:59.666+0000] {logging_mixin.py:190} INFO - [2025-10-09T11:13:59.666+0000] {dag.py:4180} INFO - Setting next_dagrun for example_bash_decorator to None, run_after=None
[2025-10-09T11:13:59.688+0000] {processor.py:208} INFO - Processing /home/airflow/.local/lib/python3.12/site-packages/airflow/example_dags/example_bash_decorator.py took 0.090 seconds
[2025-10-09T11:14:30.258+0000] {processor.py:186} INFO - Started process (PID=1323) to work on /home/airflow/.local/lib/python3.12/site-packages/airflow/example_dags/example_bash_decorator.py
[2025-10-09T11:14:30.259+0000] {processor.py:914} INFO - Processing file /home/airflow/.local/lib/python3.12/site-packages/airflow/example_dags/example_bash_decorator.py for tasks to queue
[2025-10-09T11:14:30.262+0000] {logging_mixin.py:190} INFO - [2025-10-09T11:14:30.262+0000] {dagbag.py:588} INFO - Filling up the DagBag from /home/airflow/.local/lib/python3.12/site-packages/airflow/example_dags/example_bash_decorator.py
[2025-10-09T11:14:30.284+0000] {processor.py:925} INFO - DAG(s) 'example_bash_decorator' retrieved from /home/airflow/.local/lib/python3.12/site-packages/airflow/example_dags/example_bash_decorator.py
[2025-10-09T11:14:30.314+0000] {logging_mixin.py:190} INFO - [2025-10-09T11:14:30.314+0000] {dag.py:3239} INFO - Sync 1 DAGs
[2025-10-09T11:14:30.332+0000] {logging_mixin.py:190} INFO - [2025-10-09T11:14:30.332+0000] {dag.py:4180} INFO - Setting next_dagrun for example_bash_decorator to None, run_after=None
[2025-10-09T11:14:30.355+0000] {processor.py:208} INFO - Processing /home/airflow/.local/lib/python3.12/site-packages/airflow/example_dags/example_bash_decorator.py took 0.105 seconds
[2025-10-09T11:15:00.463+0000] {processor.py:186} INFO - Started process (PID=1383) to work on /home/airflow/.local/lib/python3.12/site-packages/airflow/example_dags/example_bash_decorator.py
[2025-10-09T11:15:00.466+0000] {processor.py:914} INFO - Processing file /home/airflow/.local/lib/python3.12/site-packages/airflow/example_dags/example_bash_decorator.py for tasks to queue
[2025-10-09T11:15:00.473+0000] {logging_mixin.py:190} INFO - [2025-10-09T11:15:00.472+0000] {dagbag.py:588} INFO - Filling up the DagBag from /home/airflow/.local/lib/python3.12/site-packages/airflow/example_dags/example_bash_decorator.py
[2025-10-09T11:15:00.533+0000] {processor.py:925} INFO - DAG(s) 'example_bash_decorator' retrieved from /home/airflow/.local/lib/python3.12/site-packages/airflow/example_dags/example_bash_decorator.py
[2025-10-09T11:15:00.636+0000] {logging_mixin.py:190} INFO - [2025-10-09T11:15:00.636+0000] {dag.py:3239} INFO - Sync 1 DAGs
[2025-10-09T11:15:00.716+0000] {logging_mixin.py:190} INFO - [2025-10-09T11:15:00.715+0000] {dag.py:4180} INFO - Setting next_dagrun for example_bash_decorator to None, run_after=None
[2025-10-09T11:15:00.861+0000] {processor.py:208} INFO - Processing /home/airflow/.local/lib/python3.12/site-packages/airflow/example_dags/example_bash_decorator.py took 0.417 seconds
[2025-10-09T11:15:31.674+0000] {processor.py:186} INFO - Started process (PID=1447) to work on /home/airflow/.local/lib/python3.12/site-packages/airflow/example_dags/example_bash_decorator.py
[2025-10-09T11:15:31.675+0000] {processor.py:914} INFO - Processing file /home/airflow/.local/lib/python3.12/site-packages/airflow/example_dags/example_bash_decorator.py for tasks to queue
[2025-10-09T11:15:31.677+0000] {logging_mixin.py:190} INFO - [2025-10-09T11:15:31.677+0000] {dagbag.py:588} INFO - Filling up the DagBag from /home/airflow/.local/lib/python3.12/site-packages/airflow/example_dags/example_bash_decorator.py
[2025-10-09T11:15:31.694+0000] {processor.py:925} INFO - DAG(s) 'example_bash_decorator' retrieved from /home/airflow/.local/lib/python3.12/site-packages/airflow/example_dags/example_bash_decorator.py
[2025-10-09T11:15:31.721+0000] {logging_mixin.py:190} INFO - [2025-10-09T11:15:31.720+0000] {dag.py:3239} INFO - Sync 1 DAGs
[2025-10-09T11:15:31.737+0000] {logging_mixin.py:190} INFO - [2025-10-09T11:15:31.737+0000] {dag.py:4180} INFO - Setting next_dagrun for example_bash_decorator to None, run_after=None
[2025-10-09T11:15:31.759+0000] {processor.py:208} INFO - Processing /home/airflow/.local/lib/python3.12/site-packages/airflow/example_dags/example_bash_decorator.py took 0.092 seconds
[2025-10-09T11:16:02.167+0000] {processor.py:186} INFO - Started process (PID=1510) to work on /home/airflow/.local/lib/python3.12/site-packages/airflow/example_dags/example_bash_decorator.py
[2025-10-09T11:16:02.168+0000] {processor.py:914} INFO - Processing file /home/airflow/.local/lib/python3.12/site-packages/airflow/example_dags/example_bash_decorator.py for tasks to queue
[2025-10-09T11:16:02.171+0000] {logging_mixin.py:190} INFO - [2025-10-09T11:16:02.171+0000] {dagbag.py:588} INFO - Filling up the DagBag from /home/airflow/.local/lib/python3.12/site-packages/airflow/example_dags/example_bash_decorator.py
[2025-10-09T11:16:02.192+0000] {processor.py:925} INFO - DAG(s) 'example_bash_decorator' retrieved from /home/airflow/.local/lib/python3.12/site-packages/airflow/example_dags/example_bash_decorator.py
[2025-10-09T11:16:02.221+0000] {logging_mixin.py:190} INFO - [2025-10-09T11:16:02.221+0000] {dag.py:3239} INFO - Sync 1 DAGs
[2025-10-09T11:16:02.237+0000] {logging_mixin.py:190} INFO - [2025-10-09T11:16:02.237+0000] {dag.py:4180} INFO - Setting next_dagrun for example_bash_decorator to None, run_after=None
[2025-10-09T11:16:02.270+0000] {processor.py:208} INFO - Processing /home/airflow/.local/lib/python3.12/site-packages/airflow/example_dags/example_bash_decorator.py took 0.110 seconds
[2025-10-09T11:16:35.509+0000] {processor.py:186} INFO - Started process (PID=1575) to work on /home/airflow/.local/lib/python3.12/site-packages/airflow/example_dags/example_bash_decorator.py
[2025-10-09T11:16:35.514+0000] {processor.py:914} INFO - Processing file /home/airflow/.local/lib/python3.12/site-packages/airflow/example_dags/example_bash_decorator.py for tasks to queue
[2025-10-09T11:16:35.520+0000] {logging_mixin.py:190} INFO - [2025-10-09T11:16:35.519+0000] {dagbag.py:588} INFO - Filling up the DagBag from /home/airflow/.local/lib/python3.12/site-packages/airflow/example_dags/example_bash_decorator.py
[2025-10-09T11:16:35.560+0000] {processor.py:925} INFO - DAG(s) 'example_bash_decorator' retrieved from /home/airflow/.local/lib/python3.12/site-packages/airflow/example_dags/example_bash_decorator.py
[2025-10-09T11:16:35.608+0000] {logging_mixin.py:190} INFO - [2025-10-09T11:16:35.607+0000] {dag.py:3239} INFO - Sync 1 DAGs
[2025-10-09T11:16:35.640+0000] {logging_mixin.py:190} INFO - [2025-10-09T11:16:35.639+0000] {dag.py:4180} INFO - Setting next_dagrun for example_bash_decorator to None, run_after=None
[2025-10-09T11:16:35.693+0000] {processor.py:208} INFO - Processing /home/airflow/.local/lib/python3.12/site-packages/airflow/example_dags/example_bash_decorator.py took 0.197 seconds
[2025-10-09T11:17:06.732+0000] {processor.py:186} INFO - Started process (PID=1638) to work on /home/airflow/.local/lib/python3.12/site-packages/airflow/example_dags/example_bash_decorator.py
[2025-10-09T11:17:06.734+0000] {processor.py:914} INFO - Processing file /home/airflow/.local/lib/python3.12/site-packages/airflow/example_dags/example_bash_decorator.py for tasks to queue
[2025-10-09T11:17:06.737+0000] {logging_mixin.py:190} INFO - [2025-10-09T11:17:06.737+0000] {dagbag.py:588} INFO - Filling up the DagBag from /home/airflow/.local/lib/python3.12/site-packages/airflow/example_dags/example_bash_decorator.py
[2025-10-09T11:17:06.758+0000] {processor.py:925} INFO - DAG(s) 'example_bash_decorator' retrieved from /home/airflow/.local/lib/python3.12/site-packages/airflow/example_dags/example_bash_decorator.py
[2025-10-09T11:17:06.797+0000] {logging_mixin.py:190} INFO - [2025-10-09T11:17:06.796+0000] {dag.py:3239} INFO - Sync 1 DAGs
[2025-10-09T11:17:06.818+0000] {logging_mixin.py:190} INFO - [2025-10-09T11:17:06.818+0000] {dag.py:4180} INFO - Setting next_dagrun for example_bash_decorator to None, run_after=None
[2025-10-09T11:17:06.848+0000] {processor.py:208} INFO - Processing /home/airflow/.local/lib/python3.12/site-packages/airflow/example_dags/example_bash_decorator.py took 0.124 seconds
[2025-10-09T11:17:37.212+0000] {processor.py:186} INFO - Started process (PID=1701) to work on /home/airflow/.local/lib/python3.12/site-packages/airflow/example_dags/example_bash_decorator.py
[2025-10-09T11:17:37.215+0000] {processor.py:914} INFO - Processing file /home/airflow/.local/lib/python3.12/site-packages/airflow/example_dags/example_bash_decorator.py for tasks to queue
[2025-10-09T11:17:37.219+0000] {logging_mixin.py:190} INFO - [2025-10-09T11:17:37.218+0000] {dagbag.py:588} INFO - Filling up the DagBag from /home/airflow/.local/lib/python3.12/site-packages/airflow/example_dags/example_bash_decorator.py
[2025-10-09T11:17:37.238+0000] {processor.py:925} INFO - DAG(s) 'example_bash_decorator' retrieved from /home/airflow/.local/lib/python3.12/site-packages/airflow/example_dags/example_bash_decorator.py
[2025-10-09T11:17:37.270+0000] {logging_mixin.py:190} INFO - [2025-10-09T11:17:37.270+0000] {dag.py:3239} INFO - Sync 1 DAGs
[2025-10-09T11:17:37.291+0000] {logging_mixin.py:190} INFO - [2025-10-09T11:17:37.291+0000] {dag.py:4180} INFO - Setting next_dagrun for example_bash_decorator to None, run_after=None
[2025-10-09T11:17:37.319+0000] {processor.py:208} INFO - Processing /home/airflow/.local/lib/python3.12/site-packages/airflow/example_dags/example_bash_decorator.py took 0.114 seconds
[2025-10-09T11:18:10.221+0000] {processor.py:186} INFO - Started process (PID=1755) to work on /home/airflow/.local/lib/python3.12/site-packages/airflow/example_dags/example_bash_decorator.py
[2025-10-09T11:18:10.223+0000] {processor.py:914} INFO - Processing file /home/airflow/.local/lib/python3.12/site-packages/airflow/example_dags/example_bash_decorator.py for tasks to queue
[2025-10-09T11:18:10.227+0000] {logging_mixin.py:190} INFO - [2025-10-09T11:18:10.227+0000] {dagbag.py:588} INFO - Filling up the DagBag from /home/airflow/.local/lib/python3.12/site-packages/airflow/example_dags/example_bash_decorator.py
[2025-10-09T11:18:10.263+0000] {processor.py:925} INFO - DAG(s) 'example_bash_decorator' retrieved from /home/airflow/.local/lib/python3.12/site-packages/airflow/example_dags/example_bash_decorator.py
[2025-10-09T11:18:10.320+0000] {logging_mixin.py:190} INFO - [2025-10-09T11:18:10.320+0000] {dag.py:3239} INFO - Sync 1 DAGs
[2025-10-09T11:18:10.360+0000] {logging_mixin.py:190} INFO - [2025-10-09T11:18:10.359+0000] {dag.py:4180} INFO - Setting next_dagrun for example_bash_decorator to None, run_after=None
[2025-10-09T11:18:10.403+0000] {processor.py:208} INFO - Processing /home/airflow/.local/lib/python3.12/site-packages/airflow/example_dags/example_bash_decorator.py took 0.194 seconds
[2025-10-09T11:18:42.703+0000] {processor.py:186} INFO - Started process (PID=1816) to work on /home/airflow/.local/lib/python3.12/site-packages/airflow/example_dags/example_bash_decorator.py
[2025-10-09T11:18:42.705+0000] {processor.py:914} INFO - Processing file /home/airflow/.local/lib/python3.12/site-packages/airflow/example_dags/example_bash_decorator.py for tasks to queue
[2025-10-09T11:18:42.708+0000] {logging_mixin.py:190} INFO - [2025-10-09T11:18:42.707+0000] {dagbag.py:588} INFO - Filling up the DagBag from /home/airflow/.local/lib/python3.12/site-packages/airflow/example_dags/example_bash_decorator.py
[2025-10-09T11:18:42.726+0000] {processor.py:925} INFO - DAG(s) 'example_bash_decorator' retrieved from /home/airflow/.local/lib/python3.12/site-packages/airflow/example_dags/example_bash_decorator.py
[2025-10-09T11:18:42.759+0000] {logging_mixin.py:190} INFO - [2025-10-09T11:18:42.758+0000] {dag.py:3239} INFO - Sync 1 DAGs
[2025-10-09T11:18:42.775+0000] {logging_mixin.py:190} INFO - [2025-10-09T11:18:42.775+0000] {dag.py:4180} INFO - Setting next_dagrun for example_bash_decorator to None, run_after=None
[2025-10-09T11:18:42.801+0000] {processor.py:208} INFO - Processing /home/airflow/.local/lib/python3.12/site-packages/airflow/example_dags/example_bash_decorator.py took 0.105 seconds
[2025-10-09T11:19:13.597+0000] {processor.py:186} INFO - Started process (PID=1876) to work on /home/airflow/.local/lib/python3.12/site-packages/airflow/example_dags/example_bash_decorator.py
[2025-10-09T11:19:13.598+0000] {processor.py:914} INFO - Processing file /home/airflow/.local/lib/python3.12/site-packages/airflow/example_dags/example_bash_decorator.py for tasks to queue
[2025-10-09T11:19:13.601+0000] {logging_mixin.py:190} INFO - [2025-10-09T11:19:13.601+0000] {dagbag.py:588} INFO - Filling up the DagBag from /home/airflow/.local/lib/python3.12/site-packages/airflow/example_dags/example_bash_decorator.py
[2025-10-09T11:19:13.620+0000] {processor.py:925} INFO - DAG(s) 'example_bash_decorator' retrieved from /home/airflow/.local/lib/python3.12/site-packages/airflow/example_dags/example_bash_decorator.py
[2025-10-09T11:19:13.666+0000] {logging_mixin.py:190} INFO - [2025-10-09T11:19:13.665+0000] {dag.py:3239} INFO - Sync 1 DAGs
[2025-10-09T11:19:13.700+0000] {logging_mixin.py:190} INFO - [2025-10-09T11:19:13.699+0000] {dag.py:4180} INFO - Setting next_dagrun for example_bash_decorator to None, run_after=None
[2025-10-09T11:19:13.748+0000] {processor.py:208} INFO - Processing /home/airflow/.local/lib/python3.12/site-packages/airflow/example_dags/example_bash_decorator.py took 0.160 seconds
[2025-10-09T11:19:46.307+0000] {processor.py:186} INFO - Started process (PID=1939) to work on /home/airflow/.local/lib/python3.12/site-packages/airflow/example_dags/example_bash_decorator.py
[2025-10-09T11:19:46.309+0000] {processor.py:914} INFO - Processing file /home/airflow/.local/lib/python3.12/site-packages/airflow/example_dags/example_bash_decorator.py for tasks to queue
[2025-10-09T11:19:46.312+0000] {logging_mixin.py:190} INFO - [2025-10-09T11:19:46.311+0000] {dagbag.py:588} INFO - Filling up the DagBag from /home/airflow/.local/lib/python3.12/site-packages/airflow/example_dags/example_bash_decorator.py
[2025-10-09T11:19:46.330+0000] {processor.py:925} INFO - DAG(s) 'example_bash_decorator' retrieved from /home/airflow/.local/lib/python3.12/site-packages/airflow/example_dags/example_bash_decorator.py
[2025-10-09T11:19:46.355+0000] {logging_mixin.py:190} INFO - [2025-10-09T11:19:46.355+0000] {dag.py:3239} INFO - Sync 1 DAGs
[2025-10-09T11:19:46.372+0000] {logging_mixin.py:190} INFO - [2025-10-09T11:19:46.372+0000] {dag.py:4180} INFO - Setting next_dagrun for example_bash_decorator to None, run_after=None
[2025-10-09T11:19:46.395+0000] {processor.py:208} INFO - Processing /home/airflow/.local/lib/python3.12/site-packages/airflow/example_dags/example_bash_decorator.py took 0.094 seconds
[2025-10-09T11:20:17.457+0000] {processor.py:186} INFO - Started process (PID=2002) to work on /home/airflow/.local/lib/python3.12/site-packages/airflow/example_dags/example_bash_decorator.py
[2025-10-09T11:20:17.458+0000] {processor.py:914} INFO - Processing file /home/airflow/.local/lib/python3.12/site-packages/airflow/example_dags/example_bash_decorator.py for tasks to queue
[2025-10-09T11:20:17.461+0000] {logging_mixin.py:190} INFO - [2025-10-09T11:20:17.461+0000] {dagbag.py:588} INFO - Filling up the DagBag from /home/airflow/.local/lib/python3.12/site-packages/airflow/example_dags/example_bash_decorator.py
[2025-10-09T11:20:17.480+0000] {processor.py:925} INFO - DAG(s) 'example_bash_decorator' retrieved from /home/airflow/.local/lib/python3.12/site-packages/airflow/example_dags/example_bash_decorator.py
[2025-10-09T11:20:17.507+0000] {logging_mixin.py:190} INFO - [2025-10-09T11:20:17.507+0000] {dag.py:3239} INFO - Sync 1 DAGs
[2025-10-09T11:20:17.524+0000] {logging_mixin.py:190} INFO - [2025-10-09T11:20:17.523+0000] {dag.py:4180} INFO - Setting next_dagrun for example_bash_decorator to None, run_after=None
[2025-10-09T11:20:17.569+0000] {processor.py:208} INFO - Processing /home/airflow/.local/lib/python3.12/site-packages/airflow/example_dags/example_bash_decorator.py took 0.119 seconds
[2025-10-09T11:20:47.978+0000] {processor.py:186} INFO - Started process (PID=2061) to work on /home/airflow/.local/lib/python3.12/site-packages/airflow/example_dags/example_bash_decorator.py
[2025-10-09T11:20:47.979+0000] {processor.py:914} INFO - Processing file /home/airflow/.local/lib/python3.12/site-packages/airflow/example_dags/example_bash_decorator.py for tasks to queue
[2025-10-09T11:20:47.982+0000] {logging_mixin.py:190} INFO - [2025-10-09T11:20:47.981+0000] {dagbag.py:588} INFO - Filling up the DagBag from /home/airflow/.local/lib/python3.12/site-packages/airflow/example_dags/example_bash_decorator.py
[2025-10-09T11:20:48.001+0000] {processor.py:925} INFO - DAG(s) 'example_bash_decorator' retrieved from /home/airflow/.local/lib/python3.12/site-packages/airflow/example_dags/example_bash_decorator.py
[2025-10-09T11:20:48.025+0000] {logging_mixin.py:190} INFO - [2025-10-09T11:20:48.025+0000] {dag.py:3239} INFO - Sync 1 DAGs
[2025-10-09T11:20:48.043+0000] {logging_mixin.py:190} INFO - [2025-10-09T11:20:48.042+0000] {dag.py:4180} INFO - Setting next_dagrun for example_bash_decorator to None, run_after=None
[2025-10-09T11:20:48.067+0000] {processor.py:208} INFO - Processing /home/airflow/.local/lib/python3.12/site-packages/airflow/example_dags/example_bash_decorator.py took 0.096 seconds
[2025-10-09T11:21:18.769+0000] {processor.py:186} INFO - Started process (PID=2124) to work on /home/airflow/.local/lib/python3.12/site-packages/airflow/example_dags/example_bash_decorator.py
[2025-10-09T11:21:18.770+0000] {processor.py:914} INFO - Processing file /home/airflow/.local/lib/python3.12/site-packages/airflow/example_dags/example_bash_decorator.py for tasks to queue
[2025-10-09T11:21:18.773+0000] {logging_mixin.py:190} INFO - [2025-10-09T11:21:18.773+0000] {dagbag.py:588} INFO - Filling up the DagBag from /home/airflow/.local/lib/python3.12/site-packages/airflow/example_dags/example_bash_decorator.py
[2025-10-09T11:21:18.791+0000] {processor.py:925} INFO - DAG(s) 'example_bash_decorator' retrieved from /home/airflow/.local/lib/python3.12/site-packages/airflow/example_dags/example_bash_decorator.py
[2025-10-09T11:21:18.816+0000] {logging_mixin.py:190} INFO - [2025-10-09T11:21:18.815+0000] {dag.py:3239} INFO - Sync 1 DAGs
[2025-10-09T11:21:18.831+0000] {logging_mixin.py:190} INFO - [2025-10-09T11:21:18.831+0000] {dag.py:4180} INFO - Setting next_dagrun for example_bash_decorator to None, run_after=None
[2025-10-09T11:21:18.857+0000] {processor.py:208} INFO - Processing /home/airflow/.local/lib/python3.12/site-packages/airflow/example_dags/example_bash_decorator.py took 0.093 seconds
[2025-10-09T11:21:49.437+0000] {processor.py:186} INFO - Started process (PID=2187) to work on /home/airflow/.local/lib/python3.12/site-packages/airflow/example_dags/example_bash_decorator.py
[2025-10-09T11:21:49.439+0000] {processor.py:914} INFO - Processing file /home/airflow/.local/lib/python3.12/site-packages/airflow/example_dags/example_bash_decorator.py for tasks to queue
[2025-10-09T11:21:49.445+0000] {logging_mixin.py:190} INFO - [2025-10-09T11:21:49.444+0000] {dagbag.py:588} INFO - Filling up the DagBag from /home/airflow/.local/lib/python3.12/site-packages/airflow/example_dags/example_bash_decorator.py
[2025-10-09T11:21:49.642+0000] {processor.py:925} INFO - DAG(s) 'example_bash_decorator' retrieved from /home/airflow/.local/lib/python3.12/site-packages/airflow/example_dags/example_bash_decorator.py
[2025-10-09T11:21:49.730+0000] {logging_mixin.py:190} INFO - [2025-10-09T11:21:49.729+0000] {dag.py:3239} INFO - Sync 1 DAGs
[2025-10-09T11:21:49.748+0000] {logging_mixin.py:190} INFO - [2025-10-09T11:21:49.747+0000] {dag.py:4180} INFO - Setting next_dagrun for example_bash_decorator to None, run_after=None
[2025-10-09T11:21:49.781+0000] {processor.py:208} INFO - Processing /home/airflow/.local/lib/python3.12/site-packages/airflow/example_dags/example_bash_decorator.py took 0.357 seconds
[2025-10-09T11:22:19.954+0000] {processor.py:186} INFO - Started process (PID=2250) to work on /home/airflow/.local/lib/python3.12/site-packages/airflow/example_dags/example_bash_decorator.py
[2025-10-09T11:22:19.955+0000] {processor.py:914} INFO - Processing file /home/airflow/.local/lib/python3.12/site-packages/airflow/example_dags/example_bash_decorator.py for tasks to queue
[2025-10-09T11:22:19.959+0000] {logging_mixin.py:190} INFO - [2025-10-09T11:22:19.958+0000] {dagbag.py:588} INFO - Filling up the DagBag from /home/airflow/.local/lib/python3.12/site-packages/airflow/example_dags/example_bash_decorator.py
[2025-10-09T11:22:19.981+0000] {processor.py:925} INFO - DAG(s) 'example_bash_decorator' retrieved from /home/airflow/.local/lib/python3.12/site-packages/airflow/example_dags/example_bash_decorator.py
[2025-10-09T11:22:20.016+0000] {logging_mixin.py:190} INFO - [2025-10-09T11:22:20.016+0000] {dag.py:3239} INFO - Sync 1 DAGs
[2025-10-09T11:22:20.035+0000] {logging_mixin.py:190} INFO - [2025-10-09T11:22:20.035+0000] {dag.py:4180} INFO - Setting next_dagrun for example_bash_decorator to None, run_after=None
[2025-10-09T11:22:20.062+0000] {processor.py:208} INFO - Processing /home/airflow/.local/lib/python3.12/site-packages/airflow/example_dags/example_bash_decorator.py took 0.117 seconds
[2025-10-09T11:22:50.227+0000] {processor.py:186} INFO - Started process (PID=2313) to work on /home/airflow/.local/lib/python3.12/site-packages/airflow/example_dags/example_bash_decorator.py
[2025-10-09T11:22:50.228+0000] {processor.py:914} INFO - Processing file /home/airflow/.local/lib/python3.12/site-packages/airflow/example_dags/example_bash_decorator.py for tasks to queue
[2025-10-09T11:22:50.231+0000] {logging_mixin.py:190} INFO - [2025-10-09T11:22:50.231+0000] {dagbag.py:588} INFO - Filling up the DagBag from /home/airflow/.local/lib/python3.12/site-packages/airflow/example_dags/example_bash_decorator.py
[2025-10-09T11:22:50.250+0000] {processor.py:925} INFO - DAG(s) 'example_bash_decorator' retrieved from /home/airflow/.local/lib/python3.12/site-packages/airflow/example_dags/example_bash_decorator.py
[2025-10-09T11:22:50.277+0000] {logging_mixin.py:190} INFO - [2025-10-09T11:22:50.277+0000] {dag.py:3239} INFO - Sync 1 DAGs
[2025-10-09T11:22:50.294+0000] {logging_mixin.py:190} INFO - [2025-10-09T11:22:50.294+0000] {dag.py:4180} INFO - Setting next_dagrun for example_bash_decorator to None, run_after=None
[2025-10-09T11:22:50.318+0000] {processor.py:208} INFO - Processing /home/airflow/.local/lib/python3.12/site-packages/airflow/example_dags/example_bash_decorator.py took 0.100 seconds
[2025-10-09T11:23:20.475+0000] {processor.py:186} INFO - Started process (PID=2376) to work on /home/airflow/.local/lib/python3.12/site-packages/airflow/example_dags/example_bash_decorator.py
[2025-10-09T11:23:20.476+0000] {processor.py:914} INFO - Processing file /home/airflow/.local/lib/python3.12/site-packages/airflow/example_dags/example_bash_decorator.py for tasks to queue
[2025-10-09T11:23:20.479+0000] {logging_mixin.py:190} INFO - [2025-10-09T11:23:20.478+0000] {dagbag.py:588} INFO - Filling up the DagBag from /home/airflow/.local/lib/python3.12/site-packages/airflow/example_dags/example_bash_decorator.py
[2025-10-09T11:23:20.496+0000] {processor.py:925} INFO - DAG(s) 'example_bash_decorator' retrieved from /home/airflow/.local/lib/python3.12/site-packages/airflow/example_dags/example_bash_decorator.py
[2025-10-09T11:23:20.523+0000] {logging_mixin.py:190} INFO - [2025-10-09T11:23:20.523+0000] {dag.py:3239} INFO - Sync 1 DAGs
[2025-10-09T11:23:20.540+0000] {logging_mixin.py:190} INFO - [2025-10-09T11:23:20.539+0000] {dag.py:4180} INFO - Setting next_dagrun for example_bash_decorator to None, run_after=None
[2025-10-09T11:23:20.565+0000] {processor.py:208} INFO - Processing /home/airflow/.local/lib/python3.12/site-packages/airflow/example_dags/example_bash_decorator.py took 0.098 seconds
[2025-10-09T11:23:50.921+0000] {processor.py:186} INFO - Started process (PID=2439) to work on /home/airflow/.local/lib/python3.12/site-packages/airflow/example_dags/example_bash_decorator.py
[2025-10-09T11:23:50.923+0000] {processor.py:914} INFO - Processing file /home/airflow/.local/lib/python3.12/site-packages/airflow/example_dags/example_bash_decorator.py for tasks to queue
[2025-10-09T11:23:50.932+0000] {logging_mixin.py:190} INFO - [2025-10-09T11:23:50.930+0000] {dagbag.py:588} INFO - Filling up the DagBag from /home/airflow/.local/lib/python3.12/site-packages/airflow/example_dags/example_bash_decorator.py
[2025-10-09T11:23:50.992+0000] {processor.py:925} INFO - DAG(s) 'example_bash_decorator' retrieved from /home/airflow/.local/lib/python3.12/site-packages/airflow/example_dags/example_bash_decorator.py
[2025-10-09T11:23:51.101+0000] {logging_mixin.py:190} INFO - [2025-10-09T11:23:51.100+0000] {dag.py:3239} INFO - Sync 1 DAGs
[2025-10-09T11:23:51.168+0000] {logging_mixin.py:190} INFO - [2025-10-09T11:23:51.167+0000] {dag.py:4180} INFO - Setting next_dagrun for example_bash_decorator to None, run_after=None
[2025-10-09T11:23:51.227+0000] {processor.py:208} INFO - Processing /home/airflow/.local/lib/python3.12/site-packages/airflow/example_dags/example_bash_decorator.py took 0.329 seconds
[2025-10-09T11:24:21.779+0000] {processor.py:186} INFO - Started process (PID=2502) to work on /home/airflow/.local/lib/python3.12/site-packages/airflow/example_dags/example_bash_decorator.py
[2025-10-09T11:24:21.783+0000] {processor.py:914} INFO - Processing file /home/airflow/.local/lib/python3.12/site-packages/airflow/example_dags/example_bash_decorator.py for tasks to queue
[2025-10-09T11:24:21.791+0000] {logging_mixin.py:190} INFO - [2025-10-09T11:24:21.790+0000] {dagbag.py:588} INFO - Filling up the DagBag from /home/airflow/.local/lib/python3.12/site-packages/airflow/example_dags/example_bash_decorator.py
[2025-10-09T11:24:21.843+0000] {processor.py:925} INFO - DAG(s) 'example_bash_decorator' retrieved from /home/airflow/.local/lib/python3.12/site-packages/airflow/example_dags/example_bash_decorator.py
[2025-10-09T11:24:21.928+0000] {logging_mixin.py:190} INFO - [2025-10-09T11:24:21.928+0000] {dag.py:3239} INFO - Sync 1 DAGs
[2025-10-09T11:24:21.951+0000] {logging_mixin.py:190} INFO - [2025-10-09T11:24:21.950+0000] {dag.py:4180} INFO - Setting next_dagrun for example_bash_decorator to None, run_after=None
[2025-10-09T11:24:21.989+0000] {processor.py:208} INFO - Processing /home/airflow/.local/lib/python3.12/site-packages/airflow/example_dags/example_bash_decorator.py took 0.222 seconds
[2025-10-09T11:24:52.909+0000] {processor.py:186} INFO - Started process (PID=2566) to work on /home/airflow/.local/lib/python3.12/site-packages/airflow/example_dags/example_bash_decorator.py
[2025-10-09T11:24:52.910+0000] {processor.py:914} INFO - Processing file /home/airflow/.local/lib/python3.12/site-packages/airflow/example_dags/example_bash_decorator.py for tasks to queue
[2025-10-09T11:24:52.913+0000] {logging_mixin.py:190} INFO - [2025-10-09T11:24:52.912+0000] {dagbag.py:588} INFO - Filling up the DagBag from /home/airflow/.local/lib/python3.12/site-packages/airflow/example_dags/example_bash_decorator.py
[2025-10-09T11:24:52.942+0000] {processor.py:925} INFO - DAG(s) 'example_bash_decorator' retrieved from /home/airflow/.local/lib/python3.12/site-packages/airflow/example_dags/example_bash_decorator.py
[2025-10-09T11:24:52.987+0000] {logging_mixin.py:190} INFO - [2025-10-09T11:24:52.986+0000] {dag.py:3239} INFO - Sync 1 DAGs
[2025-10-09T11:24:53.009+0000] {logging_mixin.py:190} INFO - [2025-10-09T11:24:53.008+0000] {dag.py:4180} INFO - Setting next_dagrun for example_bash_decorator to None, run_after=None
[2025-10-09T11:24:53.033+0000] {processor.py:208} INFO - Processing /home/airflow/.local/lib/python3.12/site-packages/airflow/example_dags/example_bash_decorator.py took 0.131 seconds
[2025-10-09T11:25:23.145+0000] {processor.py:186} INFO - Started process (PID=2629) to work on /home/airflow/.local/lib/python3.12/site-packages/airflow/example_dags/example_bash_decorator.py
[2025-10-09T11:25:23.146+0000] {processor.py:914} INFO - Processing file /home/airflow/.local/lib/python3.12/site-packages/airflow/example_dags/example_bash_decorator.py for tasks to queue
[2025-10-09T11:25:23.149+0000] {logging_mixin.py:190} INFO - [2025-10-09T11:25:23.149+0000] {dagbag.py:588} INFO - Filling up the DagBag from /home/airflow/.local/lib/python3.12/site-packages/airflow/example_dags/example_bash_decorator.py
[2025-10-09T11:25:23.167+0000] {processor.py:925} INFO - DAG(s) 'example_bash_decorator' retrieved from /home/airflow/.local/lib/python3.12/site-packages/airflow/example_dags/example_bash_decorator.py
[2025-10-09T11:25:23.196+0000] {logging_mixin.py:190} INFO - [2025-10-09T11:25:23.195+0000] {dag.py:3239} INFO - Sync 1 DAGs
[2025-10-09T11:25:23.213+0000] {logging_mixin.py:190} INFO - [2025-10-09T11:25:23.212+0000] {dag.py:4180} INFO - Setting next_dagrun for example_bash_decorator to None, run_after=None
[2025-10-09T11:25:23.237+0000] {processor.py:208} INFO - Processing /home/airflow/.local/lib/python3.12/site-packages/airflow/example_dags/example_bash_decorator.py took 0.100 seconds
[2025-10-09T11:25:53.546+0000] {processor.py:186} INFO - Started process (PID=2692) to work on /home/airflow/.local/lib/python3.12/site-packages/airflow/example_dags/example_bash_decorator.py
[2025-10-09T11:25:53.547+0000] {processor.py:914} INFO - Processing file /home/airflow/.local/lib/python3.12/site-packages/airflow/example_dags/example_bash_decorator.py for tasks to queue
[2025-10-09T11:25:53.550+0000] {logging_mixin.py:190} INFO - [2025-10-09T11:25:53.550+0000] {dagbag.py:588} INFO - Filling up the DagBag from /home/airflow/.local/lib/python3.12/site-packages/airflow/example_dags/example_bash_decorator.py
[2025-10-09T11:25:53.570+0000] {processor.py:925} INFO - DAG(s) 'example_bash_decorator' retrieved from /home/airflow/.local/lib/python3.12/site-packages/airflow/example_dags/example_bash_decorator.py
[2025-10-09T11:25:53.601+0000] {logging_mixin.py:190} INFO - [2025-10-09T11:25:53.600+0000] {dag.py:3239} INFO - Sync 1 DAGs
[2025-10-09T11:25:53.619+0000] {logging_mixin.py:190} INFO - [2025-10-09T11:25:53.618+0000] {dag.py:4180} INFO - Setting next_dagrun for example_bash_decorator to None, run_after=None
[2025-10-09T11:25:53.652+0000] {processor.py:208} INFO - Processing /home/airflow/.local/lib/python3.12/site-packages/airflow/example_dags/example_bash_decorator.py took 0.113 seconds
[2025-10-09T11:26:24.041+0000] {processor.py:186} INFO - Started process (PID=2755) to work on /home/airflow/.local/lib/python3.12/site-packages/airflow/example_dags/example_bash_decorator.py
[2025-10-09T11:26:24.043+0000] {processor.py:914} INFO - Processing file /home/airflow/.local/lib/python3.12/site-packages/airflow/example_dags/example_bash_decorator.py for tasks to queue
[2025-10-09T11:26:24.048+0000] {logging_mixin.py:190} INFO - [2025-10-09T11:26:24.047+0000] {dagbag.py:588} INFO - Filling up the DagBag from /home/airflow/.local/lib/python3.12/site-packages/airflow/example_dags/example_bash_decorator.py
[2025-10-09T11:26:24.081+0000] {processor.py:925} INFO - DAG(s) 'example_bash_decorator' retrieved from /home/airflow/.local/lib/python3.12/site-packages/airflow/example_dags/example_bash_decorator.py
[2025-10-09T11:26:24.150+0000] {logging_mixin.py:190} INFO - [2025-10-09T11:26:24.150+0000] {dag.py:3239} INFO - Sync 1 DAGs
[2025-10-09T11:26:24.192+0000] {logging_mixin.py:190} INFO - [2025-10-09T11:26:24.192+0000] {dag.py:4180} INFO - Setting next_dagrun for example_bash_decorator to None, run_after=None
[2025-10-09T11:26:24.229+0000] {processor.py:208} INFO - Processing /home/airflow/.local/lib/python3.12/site-packages/airflow/example_dags/example_bash_decorator.py took 0.200 seconds
[2025-10-09T11:26:54.582+0000] {processor.py:186} INFO - Started process (PID=2818) to work on /home/airflow/.local/lib/python3.12/site-packages/airflow/example_dags/example_bash_decorator.py
[2025-10-09T11:26:54.626+0000] {processor.py:914} INFO - Processing file /home/airflow/.local/lib/python3.12/site-packages/airflow/example_dags/example_bash_decorator.py for tasks to queue
[2025-10-09T11:26:54.632+0000] {logging_mixin.py:190} INFO - [2025-10-09T11:26:54.631+0000] {dagbag.py:588} INFO - Filling up the DagBag from /home/airflow/.local/lib/python3.12/site-packages/airflow/example_dags/example_bash_decorator.py
[2025-10-09T11:26:54.701+0000] {processor.py:925} INFO - DAG(s) 'example_bash_decorator' retrieved from /home/airflow/.local/lib/python3.12/site-packages/airflow/example_dags/example_bash_decorator.py
[2025-10-09T11:26:54.787+0000] {logging_mixin.py:190} INFO - [2025-10-09T11:26:54.786+0000] {dag.py:3239} INFO - Sync 1 DAGs
[2025-10-09T11:26:54.837+0000] {logging_mixin.py:190} INFO - [2025-10-09T11:26:54.836+0000] {dag.py:4180} INFO - Setting next_dagrun for example_bash_decorator to None, run_after=None
[2025-10-09T11:26:54.952+0000] {processor.py:208} INFO - Processing /home/airflow/.local/lib/python3.12/site-packages/airflow/example_dags/example_bash_decorator.py took 0.394 seconds
[2025-10-09T11:27:25.678+0000] {processor.py:186} INFO - Started process (PID=2881) to work on /home/airflow/.local/lib/python3.12/site-packages/airflow/example_dags/example_bash_decorator.py
[2025-10-09T11:27:25.684+0000] {processor.py:914} INFO - Processing file /home/airflow/.local/lib/python3.12/site-packages/airflow/example_dags/example_bash_decorator.py for tasks to queue
[2025-10-09T11:27:25.690+0000] {logging_mixin.py:190} INFO - [2025-10-09T11:27:25.690+0000] {dagbag.py:588} INFO - Filling up the DagBag from /home/airflow/.local/lib/python3.12/site-packages/airflow/example_dags/example_bash_decorator.py
[2025-10-09T11:27:25.730+0000] {processor.py:925} INFO - DAG(s) 'example_bash_decorator' retrieved from /home/airflow/.local/lib/python3.12/site-packages/airflow/example_dags/example_bash_decorator.py
[2025-10-09T11:27:25.768+0000] {logging_mixin.py:190} INFO - [2025-10-09T11:27:25.767+0000] {dag.py:3239} INFO - Sync 1 DAGs
[2025-10-09T11:27:25.787+0000] {logging_mixin.py:190} INFO - [2025-10-09T11:27:25.786+0000] {dag.py:4180} INFO - Setting next_dagrun for example_bash_decorator to None, run_after=None
[2025-10-09T11:27:25.820+0000] {processor.py:208} INFO - Processing /home/airflow/.local/lib/python3.12/site-packages/airflow/example_dags/example_bash_decorator.py took 0.151 seconds
[2025-10-09T11:27:56.401+0000] {processor.py:186} INFO - Started process (PID=2944) to work on /home/airflow/.local/lib/python3.12/site-packages/airflow/example_dags/example_bash_decorator.py
[2025-10-09T11:27:56.403+0000] {processor.py:914} INFO - Processing file /home/airflow/.local/lib/python3.12/site-packages/airflow/example_dags/example_bash_decorator.py for tasks to queue
[2025-10-09T11:27:56.409+0000] {logging_mixin.py:190} INFO - [2025-10-09T11:27:56.408+0000] {dagbag.py:588} INFO - Filling up the DagBag from /home/airflow/.local/lib/python3.12/site-packages/airflow/example_dags/example_bash_decorator.py
[2025-10-09T11:27:56.449+0000] {processor.py:925} INFO - DAG(s) 'example_bash_decorator' retrieved from /home/airflow/.local/lib/python3.12/site-packages/airflow/example_dags/example_bash_decorator.py
[2025-10-09T11:27:56.477+0000] {logging_mixin.py:190} INFO - [2025-10-09T11:27:56.477+0000] {dag.py:3239} INFO - Sync 1 DAGs
[2025-10-09T11:27:56.727+0000] {logging_mixin.py:190} INFO - [2025-10-09T11:27:56.727+0000] {dag.py:4180} INFO - Setting next_dagrun for example_bash_decorator to None, run_after=None
[2025-10-09T11:27:56.761+0000] {processor.py:208} INFO - Processing /home/airflow/.local/lib/python3.12/site-packages/airflow/example_dags/example_bash_decorator.py took 0.369 seconds
[2025-10-09T11:28:27.753+0000] {processor.py:186} INFO - Started process (PID=3007) to work on /home/airflow/.local/lib/python3.12/site-packages/airflow/example_dags/example_bash_decorator.py
[2025-10-09T11:28:27.754+0000] {processor.py:914} INFO - Processing file /home/airflow/.local/lib/python3.12/site-packages/airflow/example_dags/example_bash_decorator.py for tasks to queue
[2025-10-09T11:28:27.759+0000] {logging_mixin.py:190} INFO - [2025-10-09T11:28:27.758+0000] {dagbag.py:588} INFO - Filling up the DagBag from /home/airflow/.local/lib/python3.12/site-packages/airflow/example_dags/example_bash_decorator.py
[2025-10-09T11:28:27.781+0000] {processor.py:925} INFO - DAG(s) 'example_bash_decorator' retrieved from /home/airflow/.local/lib/python3.12/site-packages/airflow/example_dags/example_bash_decorator.py
[2025-10-09T11:28:27.811+0000] {logging_mixin.py:190} INFO - [2025-10-09T11:28:27.810+0000] {dag.py:3239} INFO - Sync 1 DAGs
[2025-10-09T11:28:27.830+0000] {logging_mixin.py:190} INFO - [2025-10-09T11:28:27.829+0000] {dag.py:4180} INFO - Setting next_dagrun for example_bash_decorator to None, run_after=None
[2025-10-09T11:28:27.857+0000] {processor.py:208} INFO - Processing /home/airflow/.local/lib/python3.12/site-packages/airflow/example_dags/example_bash_decorator.py took 0.113 seconds
[2025-10-09T11:37:58.274+0000] {processor.py:186} INFO - Started process (PID=3049) to work on /home/airflow/.local/lib/python3.12/site-packages/airflow/example_dags/example_bash_decorator.py
[2025-10-09T11:37:58.276+0000] {processor.py:914} INFO - Processing file /home/airflow/.local/lib/python3.12/site-packages/airflow/example_dags/example_bash_decorator.py for tasks to queue
[2025-10-09T11:37:58.280+0000] {logging_mixin.py:190} INFO - [2025-10-09T11:37:58.279+0000] {dagbag.py:588} INFO - Filling up the DagBag from /home/airflow/.local/lib/python3.12/site-packages/airflow/example_dags/example_bash_decorator.py
[2025-10-09T11:37:58.322+0000] {processor.py:925} INFO - DAG(s) 'example_bash_decorator' retrieved from /home/airflow/.local/lib/python3.12/site-packages/airflow/example_dags/example_bash_decorator.py
[2025-10-09T11:37:58.357+0000] {logging_mixin.py:190} INFO - [2025-10-09T11:37:58.357+0000] {dag.py:3239} INFO - Sync 1 DAGs
[2025-10-09T11:37:58.376+0000] {logging_mixin.py:190} INFO - [2025-10-09T11:37:58.376+0000] {dag.py:4180} INFO - Setting next_dagrun for example_bash_decorator to None, run_after=None
[2025-10-09T11:37:58.400+0000] {processor.py:208} INFO - Processing /home/airflow/.local/lib/python3.12/site-packages/airflow/example_dags/example_bash_decorator.py took 0.135 seconds
[2025-10-09T11:38:47.146+0000] {processor.py:186} INFO - Started process (PID=62) to work on /home/airflow/.local/lib/python3.12/site-packages/airflow/example_dags/example_bash_decorator.py
[2025-10-09T11:38:47.147+0000] {processor.py:914} INFO - Processing file /home/airflow/.local/lib/python3.12/site-packages/airflow/example_dags/example_bash_decorator.py for tasks to queue
[2025-10-09T11:38:47.150+0000] {logging_mixin.py:190} INFO - [2025-10-09T11:38:47.150+0000] {dagbag.py:588} INFO - Filling up the DagBag from /home/airflow/.local/lib/python3.12/site-packages/airflow/example_dags/example_bash_decorator.py
[2025-10-09T11:38:47.168+0000] {processor.py:925} INFO - DAG(s) 'example_bash_decorator' retrieved from /home/airflow/.local/lib/python3.12/site-packages/airflow/example_dags/example_bash_decorator.py
[2025-10-09T11:38:47.429+0000] {logging_mixin.py:190} INFO - [2025-10-09T11:38:47.429+0000] {dag.py:3239} INFO - Sync 1 DAGs
[2025-10-09T11:38:47.458+0000] {logging_mixin.py:190} INFO - [2025-10-09T11:38:47.457+0000] {dag.py:4180} INFO - Setting next_dagrun for example_bash_decorator to None, run_after=None
[2025-10-09T11:38:47.499+0000] {processor.py:208} INFO - Processing /home/airflow/.local/lib/python3.12/site-packages/airflow/example_dags/example_bash_decorator.py took 0.358 seconds
[2025-10-09T11:39:19.199+0000] {processor.py:186} INFO - Started process (PID=131) to work on /home/airflow/.local/lib/python3.12/site-packages/airflow/example_dags/example_bash_decorator.py
[2025-10-09T11:39:19.201+0000] {processor.py:914} INFO - Processing file /home/airflow/.local/lib/python3.12/site-packages/airflow/example_dags/example_bash_decorator.py for tasks to queue
[2025-10-09T11:39:19.204+0000] {logging_mixin.py:190} INFO - [2025-10-09T11:39:19.204+0000] {dagbag.py:588} INFO - Filling up the DagBag from /home/airflow/.local/lib/python3.12/site-packages/airflow/example_dags/example_bash_decorator.py
[2025-10-09T11:39:19.224+0000] {processor.py:925} INFO - DAG(s) 'example_bash_decorator' retrieved from /home/airflow/.local/lib/python3.12/site-packages/airflow/example_dags/example_bash_decorator.py
[2025-10-09T11:39:19.251+0000] {logging_mixin.py:190} INFO - [2025-10-09T11:39:19.251+0000] {dag.py:3239} INFO - Sync 1 DAGs
[2025-10-09T11:39:19.268+0000] {logging_mixin.py:190} INFO - [2025-10-09T11:39:19.268+0000] {dag.py:4180} INFO - Setting next_dagrun for example_bash_decorator to None, run_after=None
[2025-10-09T11:39:19.498+0000] {processor.py:208} INFO - Processing /home/airflow/.local/lib/python3.12/site-packages/airflow/example_dags/example_bash_decorator.py took 0.306 seconds
[2025-10-09T11:39:49.768+0000] {processor.py:186} INFO - Started process (PID=194) to work on /home/airflow/.local/lib/python3.12/site-packages/airflow/example_dags/example_bash_decorator.py
[2025-10-09T11:39:49.770+0000] {processor.py:914} INFO - Processing file /home/airflow/.local/lib/python3.12/site-packages/airflow/example_dags/example_bash_decorator.py for tasks to queue
[2025-10-09T11:39:49.775+0000] {logging_mixin.py:190} INFO - [2025-10-09T11:39:49.774+0000] {dagbag.py:588} INFO - Filling up the DagBag from /home/airflow/.local/lib/python3.12/site-packages/airflow/example_dags/example_bash_decorator.py
[2025-10-09T11:39:49.799+0000] {processor.py:925} INFO - DAG(s) 'example_bash_decorator' retrieved from /home/airflow/.local/lib/python3.12/site-packages/airflow/example_dags/example_bash_decorator.py
[2025-10-09T11:39:49.846+0000] {logging_mixin.py:190} INFO - [2025-10-09T11:39:49.845+0000] {dag.py:3239} INFO - Sync 1 DAGs
[2025-10-09T11:39:49.868+0000] {logging_mixin.py:190} INFO - [2025-10-09T11:39:49.868+0000] {dag.py:4180} INFO - Setting next_dagrun for example_bash_decorator to None, run_after=None
[2025-10-09T11:39:49.899+0000] {processor.py:208} INFO - Processing /home/airflow/.local/lib/python3.12/site-packages/airflow/example_dags/example_bash_decorator.py took 0.142 seconds
[2025-10-09T11:40:20.829+0000] {processor.py:186} INFO - Started process (PID=257) to work on /home/airflow/.local/lib/python3.12/site-packages/airflow/example_dags/example_bash_decorator.py
[2025-10-09T11:40:20.831+0000] {processor.py:914} INFO - Processing file /home/airflow/.local/lib/python3.12/site-packages/airflow/example_dags/example_bash_decorator.py for tasks to queue
[2025-10-09T11:40:20.837+0000] {logging_mixin.py:190} INFO - [2025-10-09T11:40:20.836+0000] {dagbag.py:588} INFO - Filling up the DagBag from /home/airflow/.local/lib/python3.12/site-packages/airflow/example_dags/example_bash_decorator.py
[2025-10-09T11:40:20.873+0000] {processor.py:925} INFO - DAG(s) 'example_bash_decorator' retrieved from /home/airflow/.local/lib/python3.12/site-packages/airflow/example_dags/example_bash_decorator.py
[2025-10-09T11:40:20.914+0000] {logging_mixin.py:190} INFO - [2025-10-09T11:40:20.913+0000] {dag.py:3239} INFO - Sync 1 DAGs
[2025-10-09T11:40:20.939+0000] {logging_mixin.py:190} INFO - [2025-10-09T11:40:20.938+0000] {dag.py:4180} INFO - Setting next_dagrun for example_bash_decorator to None, run_after=None
[2025-10-09T11:40:20.978+0000] {processor.py:208} INFO - Processing /home/airflow/.local/lib/python3.12/site-packages/airflow/example_dags/example_bash_decorator.py took 0.162 seconds
[2025-10-09T11:40:51.584+0000] {processor.py:186} INFO - Started process (PID=320) to work on /home/airflow/.local/lib/python3.12/site-packages/airflow/example_dags/example_bash_decorator.py
[2025-10-09T11:40:51.592+0000] {processor.py:914} INFO - Processing file /home/airflow/.local/lib/python3.12/site-packages/airflow/example_dags/example_bash_decorator.py for tasks to queue
[2025-10-09T11:40:51.597+0000] {logging_mixin.py:190} INFO - [2025-10-09T11:40:51.597+0000] {dagbag.py:588} INFO - Filling up the DagBag from /home/airflow/.local/lib/python3.12/site-packages/airflow/example_dags/example_bash_decorator.py
[2025-10-09T11:40:51.633+0000] {processor.py:925} INFO - DAG(s) 'example_bash_decorator' retrieved from /home/airflow/.local/lib/python3.12/site-packages/airflow/example_dags/example_bash_decorator.py
[2025-10-09T11:40:51.671+0000] {logging_mixin.py:190} INFO - [2025-10-09T11:40:51.670+0000] {dag.py:3239} INFO - Sync 1 DAGs
[2025-10-09T11:40:51.696+0000] {logging_mixin.py:190} INFO - [2025-10-09T11:40:51.695+0000] {dag.py:4180} INFO - Setting next_dagrun for example_bash_decorator to None, run_after=None
[2025-10-09T11:40:51.733+0000] {processor.py:208} INFO - Processing /home/airflow/.local/lib/python3.12/site-packages/airflow/example_dags/example_bash_decorator.py took 0.160 seconds
[2025-10-09T11:41:22.008+0000] {processor.py:186} INFO - Started process (PID=384) to work on /home/airflow/.local/lib/python3.12/site-packages/airflow/example_dags/example_bash_decorator.py
[2025-10-09T11:41:22.009+0000] {processor.py:914} INFO - Processing file /home/airflow/.local/lib/python3.12/site-packages/airflow/example_dags/example_bash_decorator.py for tasks to queue
[2025-10-09T11:41:22.014+0000] {logging_mixin.py:190} INFO - [2025-10-09T11:41:22.014+0000] {dagbag.py:588} INFO - Filling up the DagBag from /home/airflow/.local/lib/python3.12/site-packages/airflow/example_dags/example_bash_decorator.py
[2025-10-09T11:41:22.050+0000] {processor.py:925} INFO - DAG(s) 'example_bash_decorator' retrieved from /home/airflow/.local/lib/python3.12/site-packages/airflow/example_dags/example_bash_decorator.py
[2025-10-09T11:41:22.133+0000] {logging_mixin.py:190} INFO - [2025-10-09T11:41:22.131+0000] {dag.py:3239} INFO - Sync 1 DAGs
[2025-10-09T11:41:22.201+0000] {logging_mixin.py:190} INFO - [2025-10-09T11:41:22.200+0000] {dag.py:4180} INFO - Setting next_dagrun for example_bash_decorator to None, run_after=None
[2025-10-09T11:41:22.299+0000] {processor.py:208} INFO - Processing /home/airflow/.local/lib/python3.12/site-packages/airflow/example_dags/example_bash_decorator.py took 0.302 seconds
[2025-10-09T11:41:53.288+0000] {processor.py:186} INFO - Started process (PID=447) to work on /home/airflow/.local/lib/python3.12/site-packages/airflow/example_dags/example_bash_decorator.py
[2025-10-09T11:41:53.290+0000] {processor.py:914} INFO - Processing file /home/airflow/.local/lib/python3.12/site-packages/airflow/example_dags/example_bash_decorator.py for tasks to queue
[2025-10-09T11:41:53.296+0000] {logging_mixin.py:190} INFO - [2025-10-09T11:41:53.295+0000] {dagbag.py:588} INFO - Filling up the DagBag from /home/airflow/.local/lib/python3.12/site-packages/airflow/example_dags/example_bash_decorator.py
[2025-10-09T11:41:53.354+0000] {processor.py:925} INFO - DAG(s) 'example_bash_decorator' retrieved from /home/airflow/.local/lib/python3.12/site-packages/airflow/example_dags/example_bash_decorator.py
[2025-10-09T11:41:53.440+0000] {logging_mixin.py:190} INFO - [2025-10-09T11:41:53.439+0000] {dag.py:3239} INFO - Sync 1 DAGs
[2025-10-09T11:41:53.481+0000] {logging_mixin.py:190} INFO - [2025-10-09T11:41:53.480+0000] {dag.py:4180} INFO - Setting next_dagrun for example_bash_decorator to None, run_after=None
[2025-10-09T11:41:53.561+0000] {processor.py:208} INFO - Processing /home/airflow/.local/lib/python3.12/site-packages/airflow/example_dags/example_bash_decorator.py took 0.290 seconds
[2025-10-09T11:42:24.070+0000] {processor.py:186} INFO - Started process (PID=510) to work on /home/airflow/.local/lib/python3.12/site-packages/airflow/example_dags/example_bash_decorator.py
[2025-10-09T11:42:24.073+0000] {processor.py:914} INFO - Processing file /home/airflow/.local/lib/python3.12/site-packages/airflow/example_dags/example_bash_decorator.py for tasks to queue
[2025-10-09T11:42:24.079+0000] {logging_mixin.py:190} INFO - [2025-10-09T11:42:24.078+0000] {dagbag.py:588} INFO - Filling up the DagBag from /home/airflow/.local/lib/python3.12/site-packages/airflow/example_dags/example_bash_decorator.py
[2025-10-09T11:42:24.118+0000] {processor.py:925} INFO - DAG(s) 'example_bash_decorator' retrieved from /home/airflow/.local/lib/python3.12/site-packages/airflow/example_dags/example_bash_decorator.py
[2025-10-09T11:42:24.187+0000] {logging_mixin.py:190} INFO - [2025-10-09T11:42:24.187+0000] {dag.py:3239} INFO - Sync 1 DAGs
[2025-10-09T11:42:24.230+0000] {logging_mixin.py:190} INFO - [2025-10-09T11:42:24.229+0000] {dag.py:4180} INFO - Setting next_dagrun for example_bash_decorator to None, run_after=None
[2025-10-09T11:42:24.292+0000] {processor.py:208} INFO - Processing /home/airflow/.local/lib/python3.12/site-packages/airflow/example_dags/example_bash_decorator.py took 0.243 seconds
[2025-10-09T11:42:55.216+0000] {processor.py:186} INFO - Started process (PID=573) to work on /home/airflow/.local/lib/python3.12/site-packages/airflow/example_dags/example_bash_decorator.py
[2025-10-09T11:42:55.223+0000] {processor.py:914} INFO - Processing file /home/airflow/.local/lib/python3.12/site-packages/airflow/example_dags/example_bash_decorator.py for tasks to queue
[2025-10-09T11:42:55.226+0000] {logging_mixin.py:190} INFO - [2025-10-09T11:42:55.225+0000] {dagbag.py:588} INFO - Filling up the DagBag from /home/airflow/.local/lib/python3.12/site-packages/airflow/example_dags/example_bash_decorator.py
[2025-10-09T11:42:55.243+0000] {processor.py:925} INFO - DAG(s) 'example_bash_decorator' retrieved from /home/airflow/.local/lib/python3.12/site-packages/airflow/example_dags/example_bash_decorator.py
[2025-10-09T11:42:55.271+0000] {logging_mixin.py:190} INFO - [2025-10-09T11:42:55.270+0000] {dag.py:3239} INFO - Sync 1 DAGs
[2025-10-09T11:42:55.289+0000] {logging_mixin.py:190} INFO - [2025-10-09T11:42:55.288+0000] {dag.py:4180} INFO - Setting next_dagrun for example_bash_decorator to None, run_after=None
[2025-10-09T11:42:55.314+0000] {processor.py:208} INFO - Processing /home/airflow/.local/lib/python3.12/site-packages/airflow/example_dags/example_bash_decorator.py took 0.104 seconds
[2025-10-09T11:43:25.773+0000] {processor.py:186} INFO - Started process (PID=637) to work on /home/airflow/.local/lib/python3.12/site-packages/airflow/example_dags/example_bash_decorator.py
[2025-10-09T11:43:25.774+0000] {processor.py:914} INFO - Processing file /home/airflow/.local/lib/python3.12/site-packages/airflow/example_dags/example_bash_decorator.py for tasks to queue
[2025-10-09T11:43:25.777+0000] {logging_mixin.py:190} INFO - [2025-10-09T11:43:25.777+0000] {dagbag.py:588} INFO - Filling up the DagBag from /home/airflow/.local/lib/python3.12/site-packages/airflow/example_dags/example_bash_decorator.py
[2025-10-09T11:43:25.794+0000] {processor.py:925} INFO - DAG(s) 'example_bash_decorator' retrieved from /home/airflow/.local/lib/python3.12/site-packages/airflow/example_dags/example_bash_decorator.py
[2025-10-09T11:43:25.884+0000] {logging_mixin.py:190} INFO - [2025-10-09T11:43:25.884+0000] {dag.py:3239} INFO - Sync 1 DAGs
[2025-10-09T11:43:25.957+0000] {logging_mixin.py:190} INFO - [2025-10-09T11:43:25.957+0000] {dag.py:4180} INFO - Setting next_dagrun for example_bash_decorator to None, run_after=None
[2025-10-09T11:43:26.016+0000] {processor.py:208} INFO - Processing /home/airflow/.local/lib/python3.12/site-packages/airflow/example_dags/example_bash_decorator.py took 0.249 seconds
[2025-10-09T11:43:56.970+0000] {processor.py:186} INFO - Started process (PID=700) to work on /home/airflow/.local/lib/python3.12/site-packages/airflow/example_dags/example_bash_decorator.py
[2025-10-09T11:43:56.971+0000] {processor.py:914} INFO - Processing file /home/airflow/.local/lib/python3.12/site-packages/airflow/example_dags/example_bash_decorator.py for tasks to queue
[2025-10-09T11:43:56.974+0000] {logging_mixin.py:190} INFO - [2025-10-09T11:43:56.974+0000] {dagbag.py:588} INFO - Filling up the DagBag from /home/airflow/.local/lib/python3.12/site-packages/airflow/example_dags/example_bash_decorator.py
[2025-10-09T11:43:56.993+0000] {processor.py:925} INFO - DAG(s) 'example_bash_decorator' retrieved from /home/airflow/.local/lib/python3.12/site-packages/airflow/example_dags/example_bash_decorator.py
[2025-10-09T11:43:57.025+0000] {logging_mixin.py:190} INFO - [2025-10-09T11:43:57.024+0000] {dag.py:3239} INFO - Sync 1 DAGs
[2025-10-09T11:43:57.041+0000] {logging_mixin.py:190} INFO - [2025-10-09T11:43:57.040+0000] {dag.py:4180} INFO - Setting next_dagrun for example_bash_decorator to None, run_after=None
[2025-10-09T11:43:57.064+0000] {processor.py:208} INFO - Processing /home/airflow/.local/lib/python3.12/site-packages/airflow/example_dags/example_bash_decorator.py took 0.103 seconds
[2025-10-09T11:44:27.190+0000] {processor.py:186} INFO - Started process (PID=763) to work on /home/airflow/.local/lib/python3.12/site-packages/airflow/example_dags/example_bash_decorator.py
[2025-10-09T11:44:27.191+0000] {processor.py:914} INFO - Processing file /home/airflow/.local/lib/python3.12/site-packages/airflow/example_dags/example_bash_decorator.py for tasks to queue
[2025-10-09T11:44:27.194+0000] {logging_mixin.py:190} INFO - [2025-10-09T11:44:27.194+0000] {dagbag.py:588} INFO - Filling up the DagBag from /home/airflow/.local/lib/python3.12/site-packages/airflow/example_dags/example_bash_decorator.py
[2025-10-09T11:44:27.213+0000] {processor.py:925} INFO - DAG(s) 'example_bash_decorator' retrieved from /home/airflow/.local/lib/python3.12/site-packages/airflow/example_dags/example_bash_decorator.py
[2025-10-09T11:44:27.240+0000] {logging_mixin.py:190} INFO - [2025-10-09T11:44:27.239+0000] {dag.py:3239} INFO - Sync 1 DAGs
[2025-10-09T11:44:27.261+0000] {logging_mixin.py:190} INFO - [2025-10-09T11:44:27.261+0000] {dag.py:4180} INFO - Setting next_dagrun for example_bash_decorator to None, run_after=None
[2025-10-09T11:44:27.284+0000] {processor.py:208} INFO - Processing /home/airflow/.local/lib/python3.12/site-packages/airflow/example_dags/example_bash_decorator.py took 0.101 seconds
[2025-10-09T11:44:57.608+0000] {processor.py:186} INFO - Started process (PID=826) to work on /home/airflow/.local/lib/python3.12/site-packages/airflow/example_dags/example_bash_decorator.py
[2025-10-09T11:44:57.609+0000] {processor.py:914} INFO - Processing file /home/airflow/.local/lib/python3.12/site-packages/airflow/example_dags/example_bash_decorator.py for tasks to queue
[2025-10-09T11:44:57.612+0000] {logging_mixin.py:190} INFO - [2025-10-09T11:44:57.612+0000] {dagbag.py:588} INFO - Filling up the DagBag from /home/airflow/.local/lib/python3.12/site-packages/airflow/example_dags/example_bash_decorator.py
[2025-10-09T11:44:57.631+0000] {processor.py:925} INFO - DAG(s) 'example_bash_decorator' retrieved from /home/airflow/.local/lib/python3.12/site-packages/airflow/example_dags/example_bash_decorator.py
[2025-10-09T11:44:57.659+0000] {logging_mixin.py:190} INFO - [2025-10-09T11:44:57.659+0000] {dag.py:3239} INFO - Sync 1 DAGs
[2025-10-09T11:44:57.675+0000] {logging_mixin.py:190} INFO - [2025-10-09T11:44:57.675+0000] {dag.py:4180} INFO - Setting next_dagrun for example_bash_decorator to None, run_after=None
[2025-10-09T11:44:57.705+0000] {processor.py:208} INFO - Processing /home/airflow/.local/lib/python3.12/site-packages/airflow/example_dags/example_bash_decorator.py took 0.104 seconds
[2025-10-09T11:45:28.193+0000] {processor.py:186} INFO - Started process (PID=889) to work on /home/airflow/.local/lib/python3.12/site-packages/airflow/example_dags/example_bash_decorator.py
[2025-10-09T11:45:28.194+0000] {processor.py:914} INFO - Processing file /home/airflow/.local/lib/python3.12/site-packages/airflow/example_dags/example_bash_decorator.py for tasks to queue
[2025-10-09T11:45:28.198+0000] {logging_mixin.py:190} INFO - [2025-10-09T11:45:28.197+0000] {dagbag.py:588} INFO - Filling up the DagBag from /home/airflow/.local/lib/python3.12/site-packages/airflow/example_dags/example_bash_decorator.py
[2025-10-09T11:45:28.221+0000] {processor.py:925} INFO - DAG(s) 'example_bash_decorator' retrieved from /home/airflow/.local/lib/python3.12/site-packages/airflow/example_dags/example_bash_decorator.py
[2025-10-09T11:45:28.249+0000] {logging_mixin.py:190} INFO - [2025-10-09T11:45:28.248+0000] {dag.py:3239} INFO - Sync 1 DAGs
[2025-10-09T11:45:28.266+0000] {logging_mixin.py:190} INFO - [2025-10-09T11:45:28.266+0000] {dag.py:4180} INFO - Setting next_dagrun for example_bash_decorator to None, run_after=None
[2025-10-09T11:45:28.294+0000] {processor.py:208} INFO - Processing /home/airflow/.local/lib/python3.12/site-packages/airflow/example_dags/example_bash_decorator.py took 0.107 seconds
[2025-10-09T11:45:58.675+0000] {processor.py:186} INFO - Started process (PID=953) to work on /home/airflow/.local/lib/python3.12/site-packages/airflow/example_dags/example_bash_decorator.py
[2025-10-09T11:45:58.677+0000] {processor.py:914} INFO - Processing file /home/airflow/.local/lib/python3.12/site-packages/airflow/example_dags/example_bash_decorator.py for tasks to queue
[2025-10-09T11:45:58.680+0000] {logging_mixin.py:190} INFO - [2025-10-09T11:45:58.680+0000] {dagbag.py:588} INFO - Filling up the DagBag from /home/airflow/.local/lib/python3.12/site-packages/airflow/example_dags/example_bash_decorator.py
[2025-10-09T11:45:58.698+0000] {processor.py:925} INFO - DAG(s) 'example_bash_decorator' retrieved from /home/airflow/.local/lib/python3.12/site-packages/airflow/example_dags/example_bash_decorator.py
[2025-10-09T11:45:58.725+0000] {logging_mixin.py:190} INFO - [2025-10-09T11:45:58.725+0000] {dag.py:3239} INFO - Sync 1 DAGs
[2025-10-09T11:45:58.742+0000] {logging_mixin.py:190} INFO - [2025-10-09T11:45:58.741+0000] {dag.py:4180} INFO - Setting next_dagrun for example_bash_decorator to None, run_after=None
[2025-10-09T11:45:58.789+0000] {processor.py:208} INFO - Processing /home/airflow/.local/lib/python3.12/site-packages/airflow/example_dags/example_bash_decorator.py took 0.122 seconds
[2025-10-09T11:46:29.048+0000] {processor.py:186} INFO - Started process (PID=1016) to work on /home/airflow/.local/lib/python3.12/site-packages/airflow/example_dags/example_bash_decorator.py
[2025-10-09T11:46:29.049+0000] {processor.py:914} INFO - Processing file /home/airflow/.local/lib/python3.12/site-packages/airflow/example_dags/example_bash_decorator.py for tasks to queue
[2025-10-09T11:46:29.052+0000] {logging_mixin.py:190} INFO - [2025-10-09T11:46:29.052+0000] {dagbag.py:588} INFO - Filling up the DagBag from /home/airflow/.local/lib/python3.12/site-packages/airflow/example_dags/example_bash_decorator.py
[2025-10-09T11:46:29.071+0000] {processor.py:925} INFO - DAG(s) 'example_bash_decorator' retrieved from /home/airflow/.local/lib/python3.12/site-packages/airflow/example_dags/example_bash_decorator.py
[2025-10-09T11:46:29.098+0000] {logging_mixin.py:190} INFO - [2025-10-09T11:46:29.098+0000] {dag.py:3239} INFO - Sync 1 DAGs
[2025-10-09T11:46:29.115+0000] {logging_mixin.py:190} INFO - [2025-10-09T11:46:29.115+0000] {dag.py:4180} INFO - Setting next_dagrun for example_bash_decorator to None, run_after=None
[2025-10-09T11:46:29.141+0000] {processor.py:208} INFO - Processing /home/airflow/.local/lib/python3.12/site-packages/airflow/example_dags/example_bash_decorator.py took 0.099 seconds
[2025-10-09T11:46:59.311+0000] {processor.py:186} INFO - Started process (PID=1079) to work on /home/airflow/.local/lib/python3.12/site-packages/airflow/example_dags/example_bash_decorator.py
[2025-10-09T11:46:59.312+0000] {processor.py:914} INFO - Processing file /home/airflow/.local/lib/python3.12/site-packages/airflow/example_dags/example_bash_decorator.py for tasks to queue
[2025-10-09T11:46:59.315+0000] {logging_mixin.py:190} INFO - [2025-10-09T11:46:59.315+0000] {dagbag.py:588} INFO - Filling up the DagBag from /home/airflow/.local/lib/python3.12/site-packages/airflow/example_dags/example_bash_decorator.py
[2025-10-09T11:46:59.336+0000] {processor.py:925} INFO - DAG(s) 'example_bash_decorator' retrieved from /home/airflow/.local/lib/python3.12/site-packages/airflow/example_dags/example_bash_decorator.py
[2025-10-09T11:46:59.362+0000] {logging_mixin.py:190} INFO - [2025-10-09T11:46:59.362+0000] {dag.py:3239} INFO - Sync 1 DAGs
[2025-10-09T11:46:59.381+0000] {logging_mixin.py:190} INFO - [2025-10-09T11:46:59.381+0000] {dag.py:4180} INFO - Setting next_dagrun for example_bash_decorator to None, run_after=None
[2025-10-09T11:46:59.410+0000] {processor.py:208} INFO - Processing /home/airflow/.local/lib/python3.12/site-packages/airflow/example_dags/example_bash_decorator.py took 0.107 seconds
[2025-10-09T11:47:29.850+0000] {processor.py:186} INFO - Started process (PID=1142) to work on /home/airflow/.local/lib/python3.12/site-packages/airflow/example_dags/example_bash_decorator.py
[2025-10-09T11:47:29.851+0000] {processor.py:914} INFO - Processing file /home/airflow/.local/lib/python3.12/site-packages/airflow/example_dags/example_bash_decorator.py for tasks to queue
[2025-10-09T11:47:29.854+0000] {logging_mixin.py:190} INFO - [2025-10-09T11:47:29.854+0000] {dagbag.py:588} INFO - Filling up the DagBag from /home/airflow/.local/lib/python3.12/site-packages/airflow/example_dags/example_bash_decorator.py
[2025-10-09T11:47:29.873+0000] {processor.py:925} INFO - DAG(s) 'example_bash_decorator' retrieved from /home/airflow/.local/lib/python3.12/site-packages/airflow/example_dags/example_bash_decorator.py
[2025-10-09T11:47:29.899+0000] {logging_mixin.py:190} INFO - [2025-10-09T11:47:29.899+0000] {dag.py:3239} INFO - Sync 1 DAGs
[2025-10-09T11:47:29.917+0000] {logging_mixin.py:190} INFO - [2025-10-09T11:47:29.917+0000] {dag.py:4180} INFO - Setting next_dagrun for example_bash_decorator to None, run_after=None
[2025-10-09T11:47:29.951+0000] {processor.py:208} INFO - Processing /home/airflow/.local/lib/python3.12/site-packages/airflow/example_dags/example_bash_decorator.py took 0.109 seconds
[2025-10-09T11:48:00.477+0000] {processor.py:186} INFO - Started process (PID=1205) to work on /home/airflow/.local/lib/python3.12/site-packages/airflow/example_dags/example_bash_decorator.py
[2025-10-09T11:48:00.479+0000] {processor.py:914} INFO - Processing file /home/airflow/.local/lib/python3.12/site-packages/airflow/example_dags/example_bash_decorator.py for tasks to queue
[2025-10-09T11:48:00.482+0000] {logging_mixin.py:190} INFO - [2025-10-09T11:48:00.482+0000] {dagbag.py:588} INFO - Filling up the DagBag from /home/airflow/.local/lib/python3.12/site-packages/airflow/example_dags/example_bash_decorator.py
[2025-10-09T11:48:00.509+0000] {processor.py:925} INFO - DAG(s) 'example_bash_decorator' retrieved from /home/airflow/.local/lib/python3.12/site-packages/airflow/example_dags/example_bash_decorator.py
[2025-10-09T11:48:00.548+0000] {logging_mixin.py:190} INFO - [2025-10-09T11:48:00.547+0000] {dag.py:3239} INFO - Sync 1 DAGs
[2025-10-09T11:48:00.574+0000] {logging_mixin.py:190} INFO - [2025-10-09T11:48:00.573+0000] {dag.py:4180} INFO - Setting next_dagrun for example_bash_decorator to None, run_after=None
[2025-10-09T11:48:00.644+0000] {processor.py:208} INFO - Processing /home/airflow/.local/lib/python3.12/site-packages/airflow/example_dags/example_bash_decorator.py took 0.178 seconds
[2025-10-09T11:48:31.038+0000] {processor.py:186} INFO - Started process (PID=1268) to work on /home/airflow/.local/lib/python3.12/site-packages/airflow/example_dags/example_bash_decorator.py
[2025-10-09T11:48:31.046+0000] {processor.py:914} INFO - Processing file /home/airflow/.local/lib/python3.12/site-packages/airflow/example_dags/example_bash_decorator.py for tasks to queue
[2025-10-09T11:48:31.052+0000] {logging_mixin.py:190} INFO - [2025-10-09T11:48:31.052+0000] {dagbag.py:588} INFO - Filling up the DagBag from /home/airflow/.local/lib/python3.12/site-packages/airflow/example_dags/example_bash_decorator.py
[2025-10-09T11:48:31.132+0000] {processor.py:925} INFO - DAG(s) 'example_bash_decorator' retrieved from /home/airflow/.local/lib/python3.12/site-packages/airflow/example_dags/example_bash_decorator.py
[2025-10-09T11:48:31.198+0000] {logging_mixin.py:190} INFO - [2025-10-09T11:48:31.198+0000] {dag.py:3239} INFO - Sync 1 DAGs
[2025-10-09T11:48:31.231+0000] {logging_mixin.py:190} INFO - [2025-10-09T11:48:31.230+0000] {dag.py:4180} INFO - Setting next_dagrun for example_bash_decorator to None, run_after=None
[2025-10-09T11:48:31.268+0000] {processor.py:208} INFO - Processing /home/airflow/.local/lib/python3.12/site-packages/airflow/example_dags/example_bash_decorator.py took 0.247 seconds
[2025-10-09T11:49:02.320+0000] {processor.py:186} INFO - Started process (PID=1331) to work on /home/airflow/.local/lib/python3.12/site-packages/airflow/example_dags/example_bash_decorator.py
[2025-10-09T11:49:02.322+0000] {processor.py:914} INFO - Processing file /home/airflow/.local/lib/python3.12/site-packages/airflow/example_dags/example_bash_decorator.py for tasks to queue
[2025-10-09T11:49:02.327+0000] {logging_mixin.py:190} INFO - [2025-10-09T11:49:02.326+0000] {dagbag.py:588} INFO - Filling up the DagBag from /home/airflow/.local/lib/python3.12/site-packages/airflow/example_dags/example_bash_decorator.py
[2025-10-09T11:49:02.353+0000] {processor.py:925} INFO - DAG(s) 'example_bash_decorator' retrieved from /home/airflow/.local/lib/python3.12/site-packages/airflow/example_dags/example_bash_decorator.py
[2025-10-09T11:49:02.395+0000] {logging_mixin.py:190} INFO - [2025-10-09T11:49:02.394+0000] {dag.py:3239} INFO - Sync 1 DAGs
[2025-10-09T11:49:02.414+0000] {logging_mixin.py:190} INFO - [2025-10-09T11:49:02.413+0000] {dag.py:4180} INFO - Setting next_dagrun for example_bash_decorator to None, run_after=None
[2025-10-09T11:49:02.445+0000] {processor.py:208} INFO - Processing /home/airflow/.local/lib/python3.12/site-packages/airflow/example_dags/example_bash_decorator.py took 0.133 seconds
[2025-10-09T11:49:33.153+0000] {processor.py:186} INFO - Started process (PID=1394) to work on /home/airflow/.local/lib/python3.12/site-packages/airflow/example_dags/example_bash_decorator.py
[2025-10-09T11:49:33.154+0000] {processor.py:914} INFO - Processing file /home/airflow/.local/lib/python3.12/site-packages/airflow/example_dags/example_bash_decorator.py for tasks to queue
[2025-10-09T11:49:33.157+0000] {logging_mixin.py:190} INFO - [2025-10-09T11:49:33.157+0000] {dagbag.py:588} INFO - Filling up the DagBag from /home/airflow/.local/lib/python3.12/site-packages/airflow/example_dags/example_bash_decorator.py
[2025-10-09T11:49:33.178+0000] {processor.py:925} INFO - DAG(s) 'example_bash_decorator' retrieved from /home/airflow/.local/lib/python3.12/site-packages/airflow/example_dags/example_bash_decorator.py
[2025-10-09T11:49:33.206+0000] {logging_mixin.py:190} INFO - [2025-10-09T11:49:33.206+0000] {dag.py:3239} INFO - Sync 1 DAGs
[2025-10-09T11:49:33.222+0000] {logging_mixin.py:190} INFO - [2025-10-09T11:49:33.222+0000] {dag.py:4180} INFO - Setting next_dagrun for example_bash_decorator to None, run_after=None
[2025-10-09T11:49:33.256+0000] {processor.py:208} INFO - Processing /home/airflow/.local/lib/python3.12/site-packages/airflow/example_dags/example_bash_decorator.py took 0.110 seconds
[2025-10-09T11:50:03.742+0000] {processor.py:186} INFO - Started process (PID=1457) to work on /home/airflow/.local/lib/python3.12/site-packages/airflow/example_dags/example_bash_decorator.py
[2025-10-09T11:50:03.743+0000] {processor.py:914} INFO - Processing file /home/airflow/.local/lib/python3.12/site-packages/airflow/example_dags/example_bash_decorator.py for tasks to queue
[2025-10-09T11:50:03.746+0000] {logging_mixin.py:190} INFO - [2025-10-09T11:50:03.746+0000] {dagbag.py:588} INFO - Filling up the DagBag from /home/airflow/.local/lib/python3.12/site-packages/airflow/example_dags/example_bash_decorator.py
[2025-10-09T11:50:03.763+0000] {processor.py:925} INFO - DAG(s) 'example_bash_decorator' retrieved from /home/airflow/.local/lib/python3.12/site-packages/airflow/example_dags/example_bash_decorator.py
[2025-10-09T11:50:03.790+0000] {logging_mixin.py:190} INFO - [2025-10-09T11:50:03.790+0000] {dag.py:3239} INFO - Sync 1 DAGs
[2025-10-09T11:50:03.807+0000] {logging_mixin.py:190} INFO - [2025-10-09T11:50:03.807+0000] {dag.py:4180} INFO - Setting next_dagrun for example_bash_decorator to None, run_after=None
[2025-10-09T11:50:03.835+0000] {processor.py:208} INFO - Processing /home/airflow/.local/lib/python3.12/site-packages/airflow/example_dags/example_bash_decorator.py took 0.099 seconds
[2025-10-09T11:50:34.268+0000] {processor.py:186} INFO - Started process (PID=1520) to work on /home/airflow/.local/lib/python3.12/site-packages/airflow/example_dags/example_bash_decorator.py
[2025-10-09T11:50:34.269+0000] {processor.py:914} INFO - Processing file /home/airflow/.local/lib/python3.12/site-packages/airflow/example_dags/example_bash_decorator.py for tasks to queue
[2025-10-09T11:50:34.274+0000] {logging_mixin.py:190} INFO - [2025-10-09T11:50:34.273+0000] {dagbag.py:588} INFO - Filling up the DagBag from /home/airflow/.local/lib/python3.12/site-packages/airflow/example_dags/example_bash_decorator.py
[2025-10-09T11:50:34.302+0000] {processor.py:925} INFO - DAG(s) 'example_bash_decorator' retrieved from /home/airflow/.local/lib/python3.12/site-packages/airflow/example_dags/example_bash_decorator.py
[2025-10-09T11:50:34.339+0000] {logging_mixin.py:190} INFO - [2025-10-09T11:50:34.338+0000] {dag.py:3239} INFO - Sync 1 DAGs
[2025-10-09T11:50:34.362+0000] {logging_mixin.py:190} INFO - [2025-10-09T11:50:34.362+0000] {dag.py:4180} INFO - Setting next_dagrun for example_bash_decorator to None, run_after=None
[2025-10-09T11:50:34.391+0000] {processor.py:208} INFO - Processing /home/airflow/.local/lib/python3.12/site-packages/airflow/example_dags/example_bash_decorator.py took 0.133 seconds
[2025-10-09T11:51:04.795+0000] {processor.py:186} INFO - Started process (PID=1583) to work on /home/airflow/.local/lib/python3.12/site-packages/airflow/example_dags/example_bash_decorator.py
[2025-10-09T11:51:04.797+0000] {processor.py:914} INFO - Processing file /home/airflow/.local/lib/python3.12/site-packages/airflow/example_dags/example_bash_decorator.py for tasks to queue
[2025-10-09T11:51:04.800+0000] {logging_mixin.py:190} INFO - [2025-10-09T11:51:04.800+0000] {dagbag.py:588} INFO - Filling up the DagBag from /home/airflow/.local/lib/python3.12/site-packages/airflow/example_dags/example_bash_decorator.py
[2025-10-09T11:51:04.820+0000] {processor.py:925} INFO - DAG(s) 'example_bash_decorator' retrieved from /home/airflow/.local/lib/python3.12/site-packages/airflow/example_dags/example_bash_decorator.py
[2025-10-09T11:51:04.846+0000] {logging_mixin.py:190} INFO - [2025-10-09T11:51:04.845+0000] {dag.py:3239} INFO - Sync 1 DAGs
[2025-10-09T11:51:04.862+0000] {logging_mixin.py:190} INFO - [2025-10-09T11:51:04.861+0000] {dag.py:4180} INFO - Setting next_dagrun for example_bash_decorator to None, run_after=None
[2025-10-09T11:51:04.885+0000] {processor.py:208} INFO - Processing /home/airflow/.local/lib/python3.12/site-packages/airflow/example_dags/example_bash_decorator.py took 0.098 seconds
[2025-10-09T11:51:35.481+0000] {processor.py:186} INFO - Started process (PID=1646) to work on /home/airflow/.local/lib/python3.12/site-packages/airflow/example_dags/example_bash_decorator.py
[2025-10-09T11:51:35.482+0000] {processor.py:914} INFO - Processing file /home/airflow/.local/lib/python3.12/site-packages/airflow/example_dags/example_bash_decorator.py for tasks to queue
[2025-10-09T11:51:35.485+0000] {logging_mixin.py:190} INFO - [2025-10-09T11:51:35.484+0000] {dagbag.py:588} INFO - Filling up the DagBag from /home/airflow/.local/lib/python3.12/site-packages/airflow/example_dags/example_bash_decorator.py
[2025-10-09T11:51:35.503+0000] {processor.py:925} INFO - DAG(s) 'example_bash_decorator' retrieved from /home/airflow/.local/lib/python3.12/site-packages/airflow/example_dags/example_bash_decorator.py
[2025-10-09T11:51:35.530+0000] {logging_mixin.py:190} INFO - [2025-10-09T11:51:35.530+0000] {dag.py:3239} INFO - Sync 1 DAGs
[2025-10-09T11:51:35.548+0000] {logging_mixin.py:190} INFO - [2025-10-09T11:51:35.548+0000] {dag.py:4180} INFO - Setting next_dagrun for example_bash_decorator to None, run_after=None
[2025-10-09T11:51:35.572+0000] {processor.py:208} INFO - Processing /home/airflow/.local/lib/python3.12/site-packages/airflow/example_dags/example_bash_decorator.py took 0.098 seconds
[2025-10-09T11:52:05.878+0000] {processor.py:186} INFO - Started process (PID=1709) to work on /home/airflow/.local/lib/python3.12/site-packages/airflow/example_dags/example_bash_decorator.py
[2025-10-09T11:52:05.879+0000] {processor.py:914} INFO - Processing file /home/airflow/.local/lib/python3.12/site-packages/airflow/example_dags/example_bash_decorator.py for tasks to queue
[2025-10-09T11:52:05.882+0000] {logging_mixin.py:190} INFO - [2025-10-09T11:52:05.881+0000] {dagbag.py:588} INFO - Filling up the DagBag from /home/airflow/.local/lib/python3.12/site-packages/airflow/example_dags/example_bash_decorator.py
[2025-10-09T11:52:05.901+0000] {processor.py:925} INFO - DAG(s) 'example_bash_decorator' retrieved from /home/airflow/.local/lib/python3.12/site-packages/airflow/example_dags/example_bash_decorator.py
[2025-10-09T11:52:05.931+0000] {logging_mixin.py:190} INFO - [2025-10-09T11:52:05.931+0000] {dag.py:3239} INFO - Sync 1 DAGs
[2025-10-09T11:52:05.947+0000] {logging_mixin.py:190} INFO - [2025-10-09T11:52:05.947+0000] {dag.py:4180} INFO - Setting next_dagrun for example_bash_decorator to None, run_after=None
[2025-10-09T11:52:05.972+0000] {processor.py:208} INFO - Processing /home/airflow/.local/lib/python3.12/site-packages/airflow/example_dags/example_bash_decorator.py took 0.101 seconds
[2025-10-09T11:52:36.606+0000] {processor.py:186} INFO - Started process (PID=1772) to work on /home/airflow/.local/lib/python3.12/site-packages/airflow/example_dags/example_bash_decorator.py
[2025-10-09T11:52:36.609+0000] {processor.py:914} INFO - Processing file /home/airflow/.local/lib/python3.12/site-packages/airflow/example_dags/example_bash_decorator.py for tasks to queue
[2025-10-09T11:52:36.615+0000] {logging_mixin.py:190} INFO - [2025-10-09T11:52:36.614+0000] {dagbag.py:588} INFO - Filling up the DagBag from /home/airflow/.local/lib/python3.12/site-packages/airflow/example_dags/example_bash_decorator.py
[2025-10-09T11:52:36.654+0000] {processor.py:925} INFO - DAG(s) 'example_bash_decorator' retrieved from /home/airflow/.local/lib/python3.12/site-packages/airflow/example_dags/example_bash_decorator.py
[2025-10-09T11:52:36.710+0000] {logging_mixin.py:190} INFO - [2025-10-09T11:52:36.709+0000] {dag.py:3239} INFO - Sync 1 DAGs
[2025-10-09T11:52:36.745+0000] {logging_mixin.py:190} INFO - [2025-10-09T11:52:36.744+0000] {dag.py:4180} INFO - Setting next_dagrun for example_bash_decorator to None, run_after=None
[2025-10-09T11:52:36.784+0000] {processor.py:208} INFO - Processing /home/airflow/.local/lib/python3.12/site-packages/airflow/example_dags/example_bash_decorator.py took 0.190 seconds
[2025-10-09T11:53:07.062+0000] {processor.py:186} INFO - Started process (PID=1835) to work on /home/airflow/.local/lib/python3.12/site-packages/airflow/example_dags/example_bash_decorator.py
[2025-10-09T11:53:07.064+0000] {processor.py:914} INFO - Processing file /home/airflow/.local/lib/python3.12/site-packages/airflow/example_dags/example_bash_decorator.py for tasks to queue
[2025-10-09T11:53:07.067+0000] {logging_mixin.py:190} INFO - [2025-10-09T11:53:07.066+0000] {dagbag.py:588} INFO - Filling up the DagBag from /home/airflow/.local/lib/python3.12/site-packages/airflow/example_dags/example_bash_decorator.py
[2025-10-09T11:53:07.085+0000] {processor.py:925} INFO - DAG(s) 'example_bash_decorator' retrieved from /home/airflow/.local/lib/python3.12/site-packages/airflow/example_dags/example_bash_decorator.py
[2025-10-09T11:53:07.114+0000] {logging_mixin.py:190} INFO - [2025-10-09T11:53:07.113+0000] {dag.py:3239} INFO - Sync 1 DAGs
[2025-10-09T11:53:07.135+0000] {logging_mixin.py:190} INFO - [2025-10-09T11:53:07.134+0000] {dag.py:4180} INFO - Setting next_dagrun for example_bash_decorator to None, run_after=None
[2025-10-09T11:53:07.161+0000] {processor.py:208} INFO - Processing /home/airflow/.local/lib/python3.12/site-packages/airflow/example_dags/example_bash_decorator.py took 0.106 seconds
[2025-10-09T11:53:37.551+0000] {processor.py:186} INFO - Started process (PID=1898) to work on /home/airflow/.local/lib/python3.12/site-packages/airflow/example_dags/example_bash_decorator.py
[2025-10-09T11:53:37.553+0000] {processor.py:914} INFO - Processing file /home/airflow/.local/lib/python3.12/site-packages/airflow/example_dags/example_bash_decorator.py for tasks to queue
[2025-10-09T11:53:37.557+0000] {logging_mixin.py:190} INFO - [2025-10-09T11:53:37.556+0000] {dagbag.py:588} INFO - Filling up the DagBag from /home/airflow/.local/lib/python3.12/site-packages/airflow/example_dags/example_bash_decorator.py
[2025-10-09T11:53:37.583+0000] {processor.py:925} INFO - DAG(s) 'example_bash_decorator' retrieved from /home/airflow/.local/lib/python3.12/site-packages/airflow/example_dags/example_bash_decorator.py
[2025-10-09T11:53:37.620+0000] {logging_mixin.py:190} INFO - [2025-10-09T11:53:37.620+0000] {dag.py:3239} INFO - Sync 1 DAGs
[2025-10-09T11:53:37.638+0000] {logging_mixin.py:190} INFO - [2025-10-09T11:53:37.638+0000] {dag.py:4180} INFO - Setting next_dagrun for example_bash_decorator to None, run_after=None
[2025-10-09T11:53:37.666+0000] {processor.py:208} INFO - Processing /home/airflow/.local/lib/python3.12/site-packages/airflow/example_dags/example_bash_decorator.py took 0.124 seconds
[2025-10-09T11:54:08.173+0000] {processor.py:186} INFO - Started process (PID=1961) to work on /home/airflow/.local/lib/python3.12/site-packages/airflow/example_dags/example_bash_decorator.py
[2025-10-09T11:54:08.174+0000] {processor.py:914} INFO - Processing file /home/airflow/.local/lib/python3.12/site-packages/airflow/example_dags/example_bash_decorator.py for tasks to queue
[2025-10-09T11:54:08.178+0000] {logging_mixin.py:190} INFO - [2025-10-09T11:54:08.178+0000] {dagbag.py:588} INFO - Filling up the DagBag from /home/airflow/.local/lib/python3.12/site-packages/airflow/example_dags/example_bash_decorator.py
[2025-10-09T11:54:08.197+0000] {processor.py:925} INFO - DAG(s) 'example_bash_decorator' retrieved from /home/airflow/.local/lib/python3.12/site-packages/airflow/example_dags/example_bash_decorator.py
[2025-10-09T11:54:08.223+0000] {logging_mixin.py:190} INFO - [2025-10-09T11:54:08.223+0000] {dag.py:3239} INFO - Sync 1 DAGs
[2025-10-09T11:54:08.239+0000] {logging_mixin.py:190} INFO - [2025-10-09T11:54:08.239+0000] {dag.py:4180} INFO - Setting next_dagrun for example_bash_decorator to None, run_after=None
[2025-10-09T11:54:08.273+0000] {processor.py:208} INFO - Processing /home/airflow/.local/lib/python3.12/site-packages/airflow/example_dags/example_bash_decorator.py took 0.106 seconds
[2025-10-09T12:01:01.492+0000] {processor.py:186} INFO - Started process (PID=55) to work on /home/airflow/.local/lib/python3.12/site-packages/airflow/example_dags/example_bash_decorator.py
[2025-10-09T12:01:01.493+0000] {processor.py:914} INFO - Processing file /home/airflow/.local/lib/python3.12/site-packages/airflow/example_dags/example_bash_decorator.py for tasks to queue
[2025-10-09T12:01:01.496+0000] {logging_mixin.py:190} INFO - [2025-10-09T12:01:01.496+0000] {dagbag.py:588} INFO - Filling up the DagBag from /home/airflow/.local/lib/python3.12/site-packages/airflow/example_dags/example_bash_decorator.py
[2025-10-09T12:01:01.521+0000] {processor.py:925} INFO - DAG(s) 'example_bash_decorator' retrieved from /home/airflow/.local/lib/python3.12/site-packages/airflow/example_dags/example_bash_decorator.py
[2025-10-09T12:01:01.775+0000] {logging_mixin.py:190} INFO - [2025-10-09T12:01:01.775+0000] {dag.py:3239} INFO - Sync 1 DAGs
[2025-10-09T12:01:01.796+0000] {logging_mixin.py:190} INFO - [2025-10-09T12:01:01.795+0000] {dag.py:4180} INFO - Setting next_dagrun for example_bash_decorator to None, run_after=None
[2025-10-09T12:01:01.832+0000] {processor.py:208} INFO - Processing /home/airflow/.local/lib/python3.12/site-packages/airflow/example_dags/example_bash_decorator.py took 0.347 seconds
[2025-10-09T12:01:32.445+0000] {processor.py:186} INFO - Started process (PID=118) to work on /home/airflow/.local/lib/python3.12/site-packages/airflow/example_dags/example_bash_decorator.py
[2025-10-09T12:01:32.446+0000] {processor.py:914} INFO - Processing file /home/airflow/.local/lib/python3.12/site-packages/airflow/example_dags/example_bash_decorator.py for tasks to queue
[2025-10-09T12:01:32.451+0000] {logging_mixin.py:190} INFO - [2025-10-09T12:01:32.451+0000] {dagbag.py:588} INFO - Filling up the DagBag from /home/airflow/.local/lib/python3.12/site-packages/airflow/example_dags/example_bash_decorator.py
[2025-10-09T12:01:32.477+0000] {processor.py:925} INFO - DAG(s) 'example_bash_decorator' retrieved from /home/airflow/.local/lib/python3.12/site-packages/airflow/example_dags/example_bash_decorator.py
[2025-10-09T12:01:32.515+0000] {logging_mixin.py:190} INFO - [2025-10-09T12:01:32.514+0000] {dag.py:3239} INFO - Sync 1 DAGs
[2025-10-09T12:01:32.544+0000] {logging_mixin.py:190} INFO - [2025-10-09T12:01:32.544+0000] {dag.py:4180} INFO - Setting next_dagrun for example_bash_decorator to None, run_after=None
[2025-10-09T12:01:32.595+0000] {processor.py:208} INFO - Processing /home/airflow/.local/lib/python3.12/site-packages/airflow/example_dags/example_bash_decorator.py took 0.159 seconds
[2025-10-09T12:02:02.895+0000] {processor.py:186} INFO - Started process (PID=181) to work on /home/airflow/.local/lib/python3.12/site-packages/airflow/example_dags/example_bash_decorator.py
[2025-10-09T12:02:02.897+0000] {processor.py:914} INFO - Processing file /home/airflow/.local/lib/python3.12/site-packages/airflow/example_dags/example_bash_decorator.py for tasks to queue
[2025-10-09T12:02:02.901+0000] {logging_mixin.py:190} INFO - [2025-10-09T12:02:02.900+0000] {dagbag.py:588} INFO - Filling up the DagBag from /home/airflow/.local/lib/python3.12/site-packages/airflow/example_dags/example_bash_decorator.py
[2025-10-09T12:02:02.919+0000] {processor.py:925} INFO - DAG(s) 'example_bash_decorator' retrieved from /home/airflow/.local/lib/python3.12/site-packages/airflow/example_dags/example_bash_decorator.py
[2025-10-09T12:02:02.946+0000] {logging_mixin.py:190} INFO - [2025-10-09T12:02:02.946+0000] {dag.py:3239} INFO - Sync 1 DAGs
[2025-10-09T12:02:02.963+0000] {logging_mixin.py:190} INFO - [2025-10-09T12:02:02.962+0000] {dag.py:4180} INFO - Setting next_dagrun for example_bash_decorator to None, run_after=None
[2025-10-09T12:02:02.993+0000] {processor.py:208} INFO - Processing /home/airflow/.local/lib/python3.12/site-packages/airflow/example_dags/example_bash_decorator.py took 0.105 seconds
[2025-10-09T12:02:33.287+0000] {processor.py:186} INFO - Started process (PID=244) to work on /home/airflow/.local/lib/python3.12/site-packages/airflow/example_dags/example_bash_decorator.py
[2025-10-09T12:02:33.288+0000] {processor.py:914} INFO - Processing file /home/airflow/.local/lib/python3.12/site-packages/airflow/example_dags/example_bash_decorator.py for tasks to queue
[2025-10-09T12:02:33.291+0000] {logging_mixin.py:190} INFO - [2025-10-09T12:02:33.291+0000] {dagbag.py:588} INFO - Filling up the DagBag from /home/airflow/.local/lib/python3.12/site-packages/airflow/example_dags/example_bash_decorator.py
[2025-10-09T12:02:33.307+0000] {processor.py:925} INFO - DAG(s) 'example_bash_decorator' retrieved from /home/airflow/.local/lib/python3.12/site-packages/airflow/example_dags/example_bash_decorator.py
[2025-10-09T12:02:33.333+0000] {logging_mixin.py:190} INFO - [2025-10-09T12:02:33.333+0000] {dag.py:3239} INFO - Sync 1 DAGs
[2025-10-09T12:02:33.349+0000] {logging_mixin.py:190} INFO - [2025-10-09T12:02:33.349+0000] {dag.py:4180} INFO - Setting next_dagrun for example_bash_decorator to None, run_after=None
[2025-10-09T12:02:33.378+0000] {processor.py:208} INFO - Processing /home/airflow/.local/lib/python3.12/site-packages/airflow/example_dags/example_bash_decorator.py took 0.098 seconds
[2025-10-09T12:03:03.624+0000] {processor.py:186} INFO - Started process (PID=307) to work on /home/airflow/.local/lib/python3.12/site-packages/airflow/example_dags/example_bash_decorator.py
[2025-10-09T12:03:03.625+0000] {processor.py:914} INFO - Processing file /home/airflow/.local/lib/python3.12/site-packages/airflow/example_dags/example_bash_decorator.py for tasks to queue
[2025-10-09T12:03:03.628+0000] {logging_mixin.py:190} INFO - [2025-10-09T12:03:03.628+0000] {dagbag.py:588} INFO - Filling up the DagBag from /home/airflow/.local/lib/python3.12/site-packages/airflow/example_dags/example_bash_decorator.py
[2025-10-09T12:03:03.651+0000] {processor.py:925} INFO - DAG(s) 'example_bash_decorator' retrieved from /home/airflow/.local/lib/python3.12/site-packages/airflow/example_dags/example_bash_decorator.py
[2025-10-09T12:03:03.690+0000] {logging_mixin.py:190} INFO - [2025-10-09T12:03:03.690+0000] {dag.py:3239} INFO - Sync 1 DAGs
[2025-10-09T12:03:03.714+0000] {logging_mixin.py:190} INFO - [2025-10-09T12:03:03.713+0000] {dag.py:4180} INFO - Setting next_dagrun for example_bash_decorator to None, run_after=None
[2025-10-09T12:03:03.742+0000] {processor.py:208} INFO - Processing /home/airflow/.local/lib/python3.12/site-packages/airflow/example_dags/example_bash_decorator.py took 0.126 seconds
[2025-10-09T12:03:34.079+0000] {processor.py:186} INFO - Started process (PID=370) to work on /home/airflow/.local/lib/python3.12/site-packages/airflow/example_dags/example_bash_decorator.py
[2025-10-09T12:03:34.081+0000] {processor.py:914} INFO - Processing file /home/airflow/.local/lib/python3.12/site-packages/airflow/example_dags/example_bash_decorator.py for tasks to queue
[2025-10-09T12:03:34.085+0000] {logging_mixin.py:190} INFO - [2025-10-09T12:03:34.084+0000] {dagbag.py:588} INFO - Filling up the DagBag from /home/airflow/.local/lib/python3.12/site-packages/airflow/example_dags/example_bash_decorator.py
[2025-10-09T12:03:34.113+0000] {processor.py:925} INFO - DAG(s) 'example_bash_decorator' retrieved from /home/airflow/.local/lib/python3.12/site-packages/airflow/example_dags/example_bash_decorator.py
[2025-10-09T12:03:34.147+0000] {logging_mixin.py:190} INFO - [2025-10-09T12:03:34.147+0000] {dag.py:3239} INFO - Sync 1 DAGs
[2025-10-09T12:03:34.168+0000] {logging_mixin.py:190} INFO - [2025-10-09T12:03:34.168+0000] {dag.py:4180} INFO - Setting next_dagrun for example_bash_decorator to None, run_after=None
[2025-10-09T12:03:34.198+0000] {processor.py:208} INFO - Processing /home/airflow/.local/lib/python3.12/site-packages/airflow/example_dags/example_bash_decorator.py took 0.128 seconds
[2025-10-09T12:04:04.278+0000] {processor.py:186} INFO - Started process (PID=433) to work on /home/airflow/.local/lib/python3.12/site-packages/airflow/example_dags/example_bash_decorator.py
[2025-10-09T12:04:04.280+0000] {processor.py:914} INFO - Processing file /home/airflow/.local/lib/python3.12/site-packages/airflow/example_dags/example_bash_decorator.py for tasks to queue
[2025-10-09T12:04:04.282+0000] {logging_mixin.py:190} INFO - [2025-10-09T12:04:04.282+0000] {dagbag.py:588} INFO - Filling up the DagBag from /home/airflow/.local/lib/python3.12/site-packages/airflow/example_dags/example_bash_decorator.py
[2025-10-09T12:04:04.301+0000] {processor.py:925} INFO - DAG(s) 'example_bash_decorator' retrieved from /home/airflow/.local/lib/python3.12/site-packages/airflow/example_dags/example_bash_decorator.py
[2025-10-09T12:04:04.327+0000] {logging_mixin.py:190} INFO - [2025-10-09T12:04:04.327+0000] {dag.py:3239} INFO - Sync 1 DAGs
[2025-10-09T12:04:04.342+0000] {logging_mixin.py:190} INFO - [2025-10-09T12:04:04.342+0000] {dag.py:4180} INFO - Setting next_dagrun for example_bash_decorator to None, run_after=None
[2025-10-09T12:04:04.371+0000] {processor.py:208} INFO - Processing /home/airflow/.local/lib/python3.12/site-packages/airflow/example_dags/example_bash_decorator.py took 0.099 seconds
