[2025-10-09T00:25:14.106+0000] {processor.py:186} INFO - Started process (PID=9199) to work on /home/airflow/.local/lib/python3.12/site-packages/airflow/example_dags/example_workday_timetable.py
[2025-10-09T00:25:14.133+0000] {processor.py:914} INFO - Processing file /home/airflow/.local/lib/python3.12/site-packages/airflow/example_dags/example_workday_timetable.py for tasks to queue
[2025-10-09T00:25:14.203+0000] {logging_mixin.py:190} INFO - [2025-10-09T00:25:14.202+0000] {dagbag.py:588} INFO - Filling up the DagBag from /home/airflow/.local/lib/python3.12/site-packages/airflow/example_dags/example_workday_timetable.py
[2025-10-09T00:25:14.308+0000] {processor.py:925} INFO - DAG(s) 'example_workday_timetable' retrieved from /home/airflow/.local/lib/python3.12/site-packages/airflow/example_dags/example_workday_timetable.py
[2025-10-09T00:25:14.490+0000] {logging_mixin.py:190} INFO - [2025-10-09T00:25:14.489+0000] {dag.py:3239} INFO - Sync 1 DAGs
[2025-10-09T00:25:15.546+0000] {logging_mixin.py:190} INFO - [2025-10-09T00:25:15.536+0000] {dag.py:4180} INFO - Setting next_dagrun for example_workday_timetable to 2021-01-04 00:00:00+00:00, run_after=2021-01-05 00:00:00+00:00
[2025-10-09T00:25:17.778+0000] {processor.py:208} INFO - Processing /home/airflow/.local/lib/python3.12/site-packages/airflow/example_dags/example_workday_timetable.py took 3.723 seconds
[2025-10-09T00:25:58.884+0000] {processor.py:186} INFO - Started process (PID=9268) to work on /home/airflow/.local/lib/python3.12/site-packages/airflow/example_dags/example_workday_timetable.py
[2025-10-09T00:25:58.886+0000] {processor.py:914} INFO - Processing file /home/airflow/.local/lib/python3.12/site-packages/airflow/example_dags/example_workday_timetable.py for tasks to queue
[2025-10-09T00:25:58.888+0000] {logging_mixin.py:190} INFO - [2025-10-09T00:25:58.888+0000] {dagbag.py:588} INFO - Filling up the DagBag from /home/airflow/.local/lib/python3.12/site-packages/airflow/example_dags/example_workday_timetable.py
[2025-10-09T00:25:58.897+0000] {processor.py:925} INFO - DAG(s) 'example_workday_timetable' retrieved from /home/airflow/.local/lib/python3.12/site-packages/airflow/example_dags/example_workday_timetable.py
[2025-10-09T00:25:58.926+0000] {logging_mixin.py:190} INFO - [2025-10-09T00:25:58.926+0000] {dag.py:3239} INFO - Sync 1 DAGs
[2025-10-09T00:25:59.087+0000] {logging_mixin.py:190} INFO - [2025-10-09T00:25:59.087+0000] {dag.py:4180} INFO - Setting next_dagrun for example_workday_timetable to 2021-01-04 00:00:00+00:00, run_after=2021-01-05 00:00:00+00:00
[2025-10-09T00:25:59.115+0000] {processor.py:208} INFO - Processing /home/airflow/.local/lib/python3.12/site-packages/airflow/example_dags/example_workday_timetable.py took 0.241 seconds
[2025-10-09T11:03:32.640+0000] {processor.py:186} INFO - Started process (PID=74) to work on /home/airflow/.local/lib/python3.12/site-packages/airflow/example_dags/example_workday_timetable.py
[2025-10-09T11:03:32.650+0000] {processor.py:914} INFO - Processing file /home/airflow/.local/lib/python3.12/site-packages/airflow/example_dags/example_workday_timetable.py for tasks to queue
[2025-10-09T11:03:32.670+0000] {logging_mixin.py:190} INFO - [2025-10-09T11:03:32.669+0000] {dagbag.py:588} INFO - Filling up the DagBag from /home/airflow/.local/lib/python3.12/site-packages/airflow/example_dags/example_workday_timetable.py
[2025-10-09T11:03:32.709+0000] {processor.py:925} INFO - DAG(s) 'example_workday_timetable' retrieved from /home/airflow/.local/lib/python3.12/site-packages/airflow/example_dags/example_workday_timetable.py
[2025-10-09T11:03:32.786+0000] {logging_mixin.py:190} INFO - [2025-10-09T11:03:32.786+0000] {dag.py:3239} INFO - Sync 1 DAGs
[2025-10-09T11:03:33.101+0000] {logging_mixin.py:190} INFO - [2025-10-09T11:03:33.100+0000] {dag.py:4180} INFO - Setting next_dagrun for example_workday_timetable to 2021-01-04 00:00:00+00:00, run_after=2021-01-05 00:00:00+00:00
[2025-10-09T11:03:33.170+0000] {processor.py:208} INFO - Processing /home/airflow/.local/lib/python3.12/site-packages/airflow/example_dags/example_workday_timetable.py took 0.580 seconds
[2025-10-09T11:04:18.430+0000] {processor.py:186} INFO - Started process (PID=137) to work on /home/airflow/.local/lib/python3.12/site-packages/airflow/example_dags/example_workday_timetable.py
[2025-10-09T11:04:18.435+0000] {processor.py:914} INFO - Processing file /home/airflow/.local/lib/python3.12/site-packages/airflow/example_dags/example_workday_timetable.py for tasks to queue
[2025-10-09T11:04:18.509+0000] {logging_mixin.py:190} INFO - [2025-10-09T11:04:18.472+0000] {dagbag.py:588} INFO - Filling up the DagBag from /home/airflow/.local/lib/python3.12/site-packages/airflow/example_dags/example_workday_timetable.py
[2025-10-09T11:04:18.535+0000] {processor.py:925} INFO - DAG(s) 'example_workday_timetable' retrieved from /home/airflow/.local/lib/python3.12/site-packages/airflow/example_dags/example_workday_timetable.py
[2025-10-09T11:04:18.745+0000] {logging_mixin.py:190} INFO - [2025-10-09T11:04:18.744+0000] {dag.py:3239} INFO - Sync 1 DAGs
[2025-10-09T11:04:20.481+0000] {logging_mixin.py:190} INFO - [2025-10-09T11:04:20.480+0000] {dag.py:4180} INFO - Setting next_dagrun for example_workday_timetable to 2021-01-04 00:00:00+00:00, run_after=2021-01-05 00:00:00+00:00
[2025-10-09T11:04:20.584+0000] {processor.py:208} INFO - Processing /home/airflow/.local/lib/python3.12/site-packages/airflow/example_dags/example_workday_timetable.py took 2.242 seconds
[2025-10-09T11:04:50.755+0000] {processor.py:186} INFO - Started process (PID=200) to work on /home/airflow/.local/lib/python3.12/site-packages/airflow/example_dags/example_workday_timetable.py
[2025-10-09T11:04:50.826+0000] {processor.py:914} INFO - Processing file /home/airflow/.local/lib/python3.12/site-packages/airflow/example_dags/example_workday_timetable.py for tasks to queue
[2025-10-09T11:04:50.829+0000] {logging_mixin.py:190} INFO - [2025-10-09T11:04:50.829+0000] {dagbag.py:588} INFO - Filling up the DagBag from /home/airflow/.local/lib/python3.12/site-packages/airflow/example_dags/example_workday_timetable.py
[2025-10-09T11:04:50.837+0000] {processor.py:925} INFO - DAG(s) 'example_workday_timetable' retrieved from /home/airflow/.local/lib/python3.12/site-packages/airflow/example_dags/example_workday_timetable.py
[2025-10-09T11:04:50.865+0000] {logging_mixin.py:190} INFO - [2025-10-09T11:04:50.865+0000] {dag.py:3239} INFO - Sync 1 DAGs
[2025-10-09T11:04:51.153+0000] {logging_mixin.py:190} INFO - [2025-10-09T11:04:51.153+0000] {dag.py:4180} INFO - Setting next_dagrun for example_workday_timetable to 2021-01-04 00:00:00+00:00, run_after=2021-01-05 00:00:00+00:00
[2025-10-09T11:04:51.233+0000] {processor.py:208} INFO - Processing /home/airflow/.local/lib/python3.12/site-packages/airflow/example_dags/example_workday_timetable.py took 0.486 seconds
[2025-10-09T11:05:45.697+0000] {processor.py:186} INFO - Started process (PID=255) to work on /home/airflow/.local/lib/python3.12/site-packages/airflow/example_dags/example_workday_timetable.py
[2025-10-09T11:05:45.699+0000] {processor.py:914} INFO - Processing file /home/airflow/.local/lib/python3.12/site-packages/airflow/example_dags/example_workday_timetable.py for tasks to queue
[2025-10-09T11:05:45.703+0000] {logging_mixin.py:190} INFO - [2025-10-09T11:05:45.703+0000] {dagbag.py:588} INFO - Filling up the DagBag from /home/airflow/.local/lib/python3.12/site-packages/airflow/example_dags/example_workday_timetable.py
[2025-10-09T11:05:45.711+0000] {processor.py:925} INFO - DAG(s) 'example_workday_timetable' retrieved from /home/airflow/.local/lib/python3.12/site-packages/airflow/example_dags/example_workday_timetable.py
[2025-10-09T11:05:45.744+0000] {logging_mixin.py:190} INFO - [2025-10-09T11:05:45.743+0000] {dag.py:3239} INFO - Sync 1 DAGs
[2025-10-09T11:05:46.454+0000] {logging_mixin.py:190} INFO - [2025-10-09T11:05:46.454+0000] {dag.py:4180} INFO - Setting next_dagrun for example_workday_timetable to 2021-01-04 00:00:00+00:00, run_after=2021-01-05 00:00:00+00:00
[2025-10-09T11:05:46.503+0000] {processor.py:208} INFO - Processing /home/airflow/.local/lib/python3.12/site-packages/airflow/example_dags/example_workday_timetable.py took 0.815 seconds
[2025-10-09T11:06:18.455+0000] {processor.py:186} INFO - Started process (PID=318) to work on /home/airflow/.local/lib/python3.12/site-packages/airflow/example_dags/example_workday_timetable.py
[2025-10-09T11:06:18.458+0000] {processor.py:914} INFO - Processing file /home/airflow/.local/lib/python3.12/site-packages/airflow/example_dags/example_workday_timetable.py for tasks to queue
[2025-10-09T11:06:18.463+0000] {logging_mixin.py:190} INFO - [2025-10-09T11:06:18.462+0000] {dagbag.py:588} INFO - Filling up the DagBag from /home/airflow/.local/lib/python3.12/site-packages/airflow/example_dags/example_workday_timetable.py
[2025-10-09T11:06:18.475+0000] {processor.py:925} INFO - DAG(s) 'example_workday_timetable' retrieved from /home/airflow/.local/lib/python3.12/site-packages/airflow/example_dags/example_workday_timetable.py
[2025-10-09T11:06:18.511+0000] {logging_mixin.py:190} INFO - [2025-10-09T11:06:18.511+0000] {dag.py:3239} INFO - Sync 1 DAGs
[2025-10-09T11:06:18.749+0000] {logging_mixin.py:190} INFO - [2025-10-09T11:06:18.748+0000] {dag.py:4180} INFO - Setting next_dagrun for example_workday_timetable to 2021-01-04 00:00:00+00:00, run_after=2021-01-05 00:00:00+00:00
[2025-10-09T11:06:18.791+0000] {processor.py:208} INFO - Processing /home/airflow/.local/lib/python3.12/site-packages/airflow/example_dags/example_workday_timetable.py took 0.350 seconds
[2025-10-09T11:06:49.532+0000] {processor.py:186} INFO - Started process (PID=381) to work on /home/airflow/.local/lib/python3.12/site-packages/airflow/example_dags/example_workday_timetable.py
[2025-10-09T11:06:49.534+0000] {processor.py:914} INFO - Processing file /home/airflow/.local/lib/python3.12/site-packages/airflow/example_dags/example_workday_timetable.py for tasks to queue
[2025-10-09T11:06:49.540+0000] {logging_mixin.py:190} INFO - [2025-10-09T11:06:49.539+0000] {dagbag.py:588} INFO - Filling up the DagBag from /home/airflow/.local/lib/python3.12/site-packages/airflow/example_dags/example_workday_timetable.py
[2025-10-09T11:06:49.553+0000] {processor.py:925} INFO - DAG(s) 'example_workday_timetable' retrieved from /home/airflow/.local/lib/python3.12/site-packages/airflow/example_dags/example_workday_timetable.py
[2025-10-09T11:06:49.589+0000] {logging_mixin.py:190} INFO - [2025-10-09T11:06:49.589+0000] {dag.py:3239} INFO - Sync 1 DAGs
[2025-10-09T11:06:49.722+0000] {logging_mixin.py:190} INFO - [2025-10-09T11:06:49.722+0000] {dag.py:4180} INFO - Setting next_dagrun for example_workday_timetable to 2021-01-04 00:00:00+00:00, run_after=2021-01-05 00:00:00+00:00
[2025-10-09T11:06:49.757+0000] {processor.py:208} INFO - Processing /home/airflow/.local/lib/python3.12/site-packages/airflow/example_dags/example_workday_timetable.py took 0.233 seconds
[2025-10-09T11:07:21.074+0000] {processor.py:186} INFO - Started process (PID=444) to work on /home/airflow/.local/lib/python3.12/site-packages/airflow/example_dags/example_workday_timetable.py
[2025-10-09T11:07:21.085+0000] {processor.py:914} INFO - Processing file /home/airflow/.local/lib/python3.12/site-packages/airflow/example_dags/example_workday_timetable.py for tasks to queue
[2025-10-09T11:07:21.095+0000] {logging_mixin.py:190} INFO - [2025-10-09T11:07:21.094+0000] {dagbag.py:588} INFO - Filling up the DagBag from /home/airflow/.local/lib/python3.12/site-packages/airflow/example_dags/example_workday_timetable.py
[2025-10-09T11:07:21.149+0000] {processor.py:925} INFO - DAG(s) 'example_workday_timetable' retrieved from /home/airflow/.local/lib/python3.12/site-packages/airflow/example_dags/example_workday_timetable.py
[2025-10-09T11:07:21.211+0000] {logging_mixin.py:190} INFO - [2025-10-09T11:07:21.210+0000] {dag.py:3239} INFO - Sync 1 DAGs
[2025-10-09T11:07:21.484+0000] {logging_mixin.py:190} INFO - [2025-10-09T11:07:21.484+0000] {dag.py:4180} INFO - Setting next_dagrun for example_workday_timetable to 2021-01-04 00:00:00+00:00, run_after=2021-01-05 00:00:00+00:00
[2025-10-09T11:07:21.532+0000] {processor.py:208} INFO - Processing /home/airflow/.local/lib/python3.12/site-packages/airflow/example_dags/example_workday_timetable.py took 0.485 seconds
[2025-10-09T11:07:51.917+0000] {processor.py:186} INFO - Started process (PID=507) to work on /home/airflow/.local/lib/python3.12/site-packages/airflow/example_dags/example_workday_timetable.py
[2025-10-09T11:07:51.925+0000] {processor.py:914} INFO - Processing file /home/airflow/.local/lib/python3.12/site-packages/airflow/example_dags/example_workday_timetable.py for tasks to queue
[2025-10-09T11:07:51.931+0000] {logging_mixin.py:190} INFO - [2025-10-09T11:07:51.931+0000] {dagbag.py:588} INFO - Filling up the DagBag from /home/airflow/.local/lib/python3.12/site-packages/airflow/example_dags/example_workday_timetable.py
[2025-10-09T11:07:51.953+0000] {processor.py:925} INFO - DAG(s) 'example_workday_timetable' retrieved from /home/airflow/.local/lib/python3.12/site-packages/airflow/example_dags/example_workday_timetable.py
[2025-10-09T11:07:52.081+0000] {logging_mixin.py:190} INFO - [2025-10-09T11:07:52.077+0000] {dag.py:3239} INFO - Sync 1 DAGs
[2025-10-09T11:07:52.524+0000] {logging_mixin.py:190} INFO - [2025-10-09T11:07:52.523+0000] {dag.py:4180} INFO - Setting next_dagrun for example_workday_timetable to 2021-01-04 00:00:00+00:00, run_after=2021-01-05 00:00:00+00:00
[2025-10-09T11:07:52.607+0000] {processor.py:208} INFO - Processing /home/airflow/.local/lib/python3.12/site-packages/airflow/example_dags/example_workday_timetable.py took 0.706 seconds
[2025-10-09T11:08:23.670+0000] {processor.py:186} INFO - Started process (PID=571) to work on /home/airflow/.local/lib/python3.12/site-packages/airflow/example_dags/example_workday_timetable.py
[2025-10-09T11:08:23.672+0000] {processor.py:914} INFO - Processing file /home/airflow/.local/lib/python3.12/site-packages/airflow/example_dags/example_workday_timetable.py for tasks to queue
[2025-10-09T11:08:23.676+0000] {logging_mixin.py:190} INFO - [2025-10-09T11:08:23.675+0000] {dagbag.py:588} INFO - Filling up the DagBag from /home/airflow/.local/lib/python3.12/site-packages/airflow/example_dags/example_workday_timetable.py
[2025-10-09T11:08:23.684+0000] {processor.py:925} INFO - DAG(s) 'example_workday_timetable' retrieved from /home/airflow/.local/lib/python3.12/site-packages/airflow/example_dags/example_workday_timetable.py
[2025-10-09T11:08:23.708+0000] {logging_mixin.py:190} INFO - [2025-10-09T11:08:23.708+0000] {dag.py:3239} INFO - Sync 1 DAGs
[2025-10-09T11:08:23.558+0000] {logging_mixin.py:190} INFO - [2025-10-09T11:08:23.558+0000] {dag.py:4180} INFO - Setting next_dagrun for example_workday_timetable to 2021-01-04 00:00:00+00:00, run_after=2021-01-05 00:00:00+00:00
[2025-10-09T11:08:23.853+0000] {processor.py:208} INFO - Processing /home/airflow/.local/lib/python3.12/site-packages/airflow/example_dags/example_workday_timetable.py took 0.429 seconds
[2025-10-09T11:08:54.218+0000] {processor.py:186} INFO - Started process (PID=633) to work on /home/airflow/.local/lib/python3.12/site-packages/airflow/example_dags/example_workday_timetable.py
[2025-10-09T11:08:54.284+0000] {processor.py:914} INFO - Processing file /home/airflow/.local/lib/python3.12/site-packages/airflow/example_dags/example_workday_timetable.py for tasks to queue
[2025-10-09T11:08:54.288+0000] {logging_mixin.py:190} INFO - [2025-10-09T11:08:54.287+0000] {dagbag.py:588} INFO - Filling up the DagBag from /home/airflow/.local/lib/python3.12/site-packages/airflow/example_dags/example_workday_timetable.py
[2025-10-09T11:08:54.296+0000] {processor.py:925} INFO - DAG(s) 'example_workday_timetable' retrieved from /home/airflow/.local/lib/python3.12/site-packages/airflow/example_dags/example_workday_timetable.py
[2025-10-09T11:08:54.323+0000] {logging_mixin.py:190} INFO - [2025-10-09T11:08:54.323+0000] {dag.py:3239} INFO - Sync 1 DAGs
[2025-10-09T11:08:55.482+0000] {logging_mixin.py:190} INFO - [2025-10-09T11:08:55.482+0000] {dag.py:4180} INFO - Setting next_dagrun for example_workday_timetable to 2021-01-04 00:00:00+00:00, run_after=2021-01-05 00:00:00+00:00
[2025-10-09T11:08:55.513+0000] {processor.py:208} INFO - Processing /home/airflow/.local/lib/python3.12/site-packages/airflow/example_dags/example_workday_timetable.py took 1.302 seconds
[2025-10-09T11:09:26.329+0000] {processor.py:186} INFO - Started process (PID=698) to work on /home/airflow/.local/lib/python3.12/site-packages/airflow/example_dags/example_workday_timetable.py
[2025-10-09T11:09:26.330+0000] {processor.py:914} INFO - Processing file /home/airflow/.local/lib/python3.12/site-packages/airflow/example_dags/example_workday_timetable.py for tasks to queue
[2025-10-09T11:09:26.333+0000] {logging_mixin.py:190} INFO - [2025-10-09T11:09:26.333+0000] {dagbag.py:588} INFO - Filling up the DagBag from /home/airflow/.local/lib/python3.12/site-packages/airflow/example_dags/example_workday_timetable.py
[2025-10-09T11:09:26.342+0000] {processor.py:925} INFO - DAG(s) 'example_workday_timetable' retrieved from /home/airflow/.local/lib/python3.12/site-packages/airflow/example_dags/example_workday_timetable.py
[2025-10-09T11:09:26.370+0000] {logging_mixin.py:190} INFO - [2025-10-09T11:09:26.370+0000] {dag.py:3239} INFO - Sync 1 DAGs
[2025-10-09T11:09:26.536+0000] {logging_mixin.py:190} INFO - [2025-10-09T11:09:26.536+0000] {dag.py:4180} INFO - Setting next_dagrun for example_workday_timetable to 2021-01-04 00:00:00+00:00, run_after=2021-01-05 00:00:00+00:00
[2025-10-09T11:09:26.580+0000] {processor.py:208} INFO - Processing /home/airflow/.local/lib/python3.12/site-packages/airflow/example_dags/example_workday_timetable.py took 0.259 seconds
[2025-10-09T11:09:57.073+0000] {processor.py:186} INFO - Started process (PID=761) to work on /home/airflow/.local/lib/python3.12/site-packages/airflow/example_dags/example_workday_timetable.py
[2025-10-09T11:09:57.074+0000] {processor.py:914} INFO - Processing file /home/airflow/.local/lib/python3.12/site-packages/airflow/example_dags/example_workday_timetable.py for tasks to queue
[2025-10-09T11:09:57.078+0000] {logging_mixin.py:190} INFO - [2025-10-09T11:09:57.078+0000] {dagbag.py:588} INFO - Filling up the DagBag from /home/airflow/.local/lib/python3.12/site-packages/airflow/example_dags/example_workday_timetable.py
[2025-10-09T11:09:57.087+0000] {processor.py:925} INFO - DAG(s) 'example_workday_timetable' retrieved from /home/airflow/.local/lib/python3.12/site-packages/airflow/example_dags/example_workday_timetable.py
[2025-10-09T11:09:57.114+0000] {logging_mixin.py:190} INFO - [2025-10-09T11:09:57.113+0000] {dag.py:3239} INFO - Sync 1 DAGs
[2025-10-09T11:09:57.189+0000] {logging_mixin.py:190} INFO - [2025-10-09T11:09:57.188+0000] {dag.py:4180} INFO - Setting next_dagrun for example_workday_timetable to 2021-01-04 00:00:00+00:00, run_after=2021-01-05 00:00:00+00:00
[2025-10-09T11:09:57.209+0000] {processor.py:208} INFO - Processing /home/airflow/.local/lib/python3.12/site-packages/airflow/example_dags/example_workday_timetable.py took 0.144 seconds
[2025-10-09T11:10:27.388+0000] {processor.py:186} INFO - Started process (PID=824) to work on /home/airflow/.local/lib/python3.12/site-packages/airflow/example_dags/example_workday_timetable.py
[2025-10-09T11:10:27.391+0000] {processor.py:914} INFO - Processing file /home/airflow/.local/lib/python3.12/site-packages/airflow/example_dags/example_workday_timetable.py for tasks to queue
[2025-10-09T11:10:27.395+0000] {logging_mixin.py:190} INFO - [2025-10-09T11:10:27.395+0000] {dagbag.py:588} INFO - Filling up the DagBag from /home/airflow/.local/lib/python3.12/site-packages/airflow/example_dags/example_workday_timetable.py
[2025-10-09T11:10:27.409+0000] {processor.py:925} INFO - DAG(s) 'example_workday_timetable' retrieved from /home/airflow/.local/lib/python3.12/site-packages/airflow/example_dags/example_workday_timetable.py
[2025-10-09T11:10:27.444+0000] {logging_mixin.py:190} INFO - [2025-10-09T11:10:27.444+0000] {dag.py:3239} INFO - Sync 1 DAGs
[2025-10-09T11:10:27.619+0000] {logging_mixin.py:190} INFO - [2025-10-09T11:10:27.619+0000] {dag.py:4180} INFO - Setting next_dagrun for example_workday_timetable to 2021-01-04 00:00:00+00:00, run_after=2021-01-05 00:00:00+00:00
[2025-10-09T11:10:27.652+0000] {processor.py:208} INFO - Processing /home/airflow/.local/lib/python3.12/site-packages/airflow/example_dags/example_workday_timetable.py took 0.279 seconds
[2025-10-09T11:10:58.092+0000] {processor.py:186} INFO - Started process (PID=887) to work on /home/airflow/.local/lib/python3.12/site-packages/airflow/example_dags/example_workday_timetable.py
[2025-10-09T11:10:58.093+0000] {processor.py:914} INFO - Processing file /home/airflow/.local/lib/python3.12/site-packages/airflow/example_dags/example_workday_timetable.py for tasks to queue
[2025-10-09T11:10:58.095+0000] {logging_mixin.py:190} INFO - [2025-10-09T11:10:58.095+0000] {dagbag.py:588} INFO - Filling up the DagBag from /home/airflow/.local/lib/python3.12/site-packages/airflow/example_dags/example_workday_timetable.py
[2025-10-09T11:10:58.102+0000] {processor.py:925} INFO - DAG(s) 'example_workday_timetable' retrieved from /home/airflow/.local/lib/python3.12/site-packages/airflow/example_dags/example_workday_timetable.py
[2025-10-09T11:10:58.124+0000] {logging_mixin.py:190} INFO - [2025-10-09T11:10:58.124+0000] {dag.py:3239} INFO - Sync 1 DAGs
[2025-10-09T11:10:58.190+0000] {logging_mixin.py:190} INFO - [2025-10-09T11:10:58.190+0000] {dag.py:4180} INFO - Setting next_dagrun for example_workday_timetable to 2021-01-04 00:00:00+00:00, run_after=2021-01-05 00:00:00+00:00
[2025-10-09T11:10:58.217+0000] {processor.py:208} INFO - Processing /home/airflow/.local/lib/python3.12/site-packages/airflow/example_dags/example_workday_timetable.py took 0.132 seconds
[2025-10-09T11:11:28.487+0000] {processor.py:186} INFO - Started process (PID=950) to work on /home/airflow/.local/lib/python3.12/site-packages/airflow/example_dags/example_workday_timetable.py
[2025-10-09T11:11:28.489+0000] {processor.py:914} INFO - Processing file /home/airflow/.local/lib/python3.12/site-packages/airflow/example_dags/example_workday_timetable.py for tasks to queue
[2025-10-09T11:11:28.493+0000] {logging_mixin.py:190} INFO - [2025-10-09T11:11:28.492+0000] {dagbag.py:588} INFO - Filling up the DagBag from /home/airflow/.local/lib/python3.12/site-packages/airflow/example_dags/example_workday_timetable.py
[2025-10-09T11:11:28.500+0000] {processor.py:925} INFO - DAG(s) 'example_workday_timetable' retrieved from /home/airflow/.local/lib/python3.12/site-packages/airflow/example_dags/example_workday_timetable.py
[2025-10-09T11:11:28.524+0000] {logging_mixin.py:190} INFO - [2025-10-09T11:11:28.524+0000] {dag.py:3239} INFO - Sync 1 DAGs
[2025-10-09T11:11:28.597+0000] {logging_mixin.py:190} INFO - [2025-10-09T11:11:28.597+0000] {dag.py:4180} INFO - Setting next_dagrun for example_workday_timetable to 2021-01-04 00:00:00+00:00, run_after=2021-01-05 00:00:00+00:00
[2025-10-09T11:11:28.619+0000] {processor.py:208} INFO - Processing /home/airflow/.local/lib/python3.12/site-packages/airflow/example_dags/example_workday_timetable.py took 0.139 seconds
[2025-10-09T11:11:58.845+0000] {processor.py:186} INFO - Started process (PID=1013) to work on /home/airflow/.local/lib/python3.12/site-packages/airflow/example_dags/example_workday_timetable.py
[2025-10-09T11:11:58.846+0000] {processor.py:914} INFO - Processing file /home/airflow/.local/lib/python3.12/site-packages/airflow/example_dags/example_workday_timetable.py for tasks to queue
[2025-10-09T11:11:58.849+0000] {logging_mixin.py:190} INFO - [2025-10-09T11:11:58.849+0000] {dagbag.py:588} INFO - Filling up the DagBag from /home/airflow/.local/lib/python3.12/site-packages/airflow/example_dags/example_workday_timetable.py
[2025-10-09T11:11:58.856+0000] {processor.py:925} INFO - DAG(s) 'example_workday_timetable' retrieved from /home/airflow/.local/lib/python3.12/site-packages/airflow/example_dags/example_workday_timetable.py
[2025-10-09T11:11:58.878+0000] {logging_mixin.py:190} INFO - [2025-10-09T11:11:58.878+0000] {dag.py:3239} INFO - Sync 1 DAGs
[2025-10-09T11:11:58.942+0000] {logging_mixin.py:190} INFO - [2025-10-09T11:11:58.942+0000] {dag.py:4180} INFO - Setting next_dagrun for example_workday_timetable to 2021-01-04 00:00:00+00:00, run_after=2021-01-05 00:00:00+00:00
[2025-10-09T11:11:58.975+0000] {processor.py:208} INFO - Processing /home/airflow/.local/lib/python3.12/site-packages/airflow/example_dags/example_workday_timetable.py took 0.137 seconds
[2025-10-09T11:12:29.070+0000] {processor.py:186} INFO - Started process (PID=1076) to work on /home/airflow/.local/lib/python3.12/site-packages/airflow/example_dags/example_workday_timetable.py
[2025-10-09T11:12:29.071+0000] {processor.py:914} INFO - Processing file /home/airflow/.local/lib/python3.12/site-packages/airflow/example_dags/example_workday_timetable.py for tasks to queue
[2025-10-09T11:12:29.075+0000] {logging_mixin.py:190} INFO - [2025-10-09T11:12:29.074+0000] {dagbag.py:588} INFO - Filling up the DagBag from /home/airflow/.local/lib/python3.12/site-packages/airflow/example_dags/example_workday_timetable.py
[2025-10-09T11:12:29.085+0000] {processor.py:925} INFO - DAG(s) 'example_workday_timetable' retrieved from /home/airflow/.local/lib/python3.12/site-packages/airflow/example_dags/example_workday_timetable.py
[2025-10-09T11:12:29.123+0000] {logging_mixin.py:190} INFO - [2025-10-09T11:12:29.122+0000] {dag.py:3239} INFO - Sync 1 DAGs
[2025-10-09T11:12:29.234+0000] {logging_mixin.py:190} INFO - [2025-10-09T11:12:29.234+0000] {dag.py:4180} INFO - Setting next_dagrun for example_workday_timetable to 2021-01-04 00:00:00+00:00, run_after=2021-01-05 00:00:00+00:00
[2025-10-09T11:12:29.270+0000] {processor.py:208} INFO - Processing /home/airflow/.local/lib/python3.12/site-packages/airflow/example_dags/example_workday_timetable.py took 0.211 seconds
[2025-10-09T11:12:59.662+0000] {processor.py:186} INFO - Started process (PID=1138) to work on /home/airflow/.local/lib/python3.12/site-packages/airflow/example_dags/example_workday_timetable.py
[2025-10-09T11:12:59.663+0000] {processor.py:914} INFO - Processing file /home/airflow/.local/lib/python3.12/site-packages/airflow/example_dags/example_workday_timetable.py for tasks to queue
[2025-10-09T11:12:59.666+0000] {logging_mixin.py:190} INFO - [2025-10-09T11:12:59.666+0000] {dagbag.py:588} INFO - Filling up the DagBag from /home/airflow/.local/lib/python3.12/site-packages/airflow/example_dags/example_workday_timetable.py
[2025-10-09T11:12:59.673+0000] {processor.py:925} INFO - DAG(s) 'example_workday_timetable' retrieved from /home/airflow/.local/lib/python3.12/site-packages/airflow/example_dags/example_workday_timetable.py
[2025-10-09T11:12:59.696+0000] {logging_mixin.py:190} INFO - [2025-10-09T11:12:59.696+0000] {dag.py:3239} INFO - Sync 1 DAGs
[2025-10-09T11:12:59.836+0000] {logging_mixin.py:190} INFO - [2025-10-09T11:12:59.836+0000] {dag.py:4180} INFO - Setting next_dagrun for example_workday_timetable to 2021-01-04 00:00:00+00:00, run_after=2021-01-05 00:00:00+00:00
[2025-10-09T11:12:59.860+0000] {processor.py:208} INFO - Processing /home/airflow/.local/lib/python3.12/site-packages/airflow/example_dags/example_workday_timetable.py took 0.206 seconds
[2025-10-09T11:13:30.500+0000] {processor.py:186} INFO - Started process (PID=1201) to work on /home/airflow/.local/lib/python3.12/site-packages/airflow/example_dags/example_workday_timetable.py
[2025-10-09T11:13:30.501+0000] {processor.py:914} INFO - Processing file /home/airflow/.local/lib/python3.12/site-packages/airflow/example_dags/example_workday_timetable.py for tasks to queue
[2025-10-09T11:13:30.506+0000] {logging_mixin.py:190} INFO - [2025-10-09T11:13:30.505+0000] {dagbag.py:588} INFO - Filling up the DagBag from /home/airflow/.local/lib/python3.12/site-packages/airflow/example_dags/example_workday_timetable.py
[2025-10-09T11:13:30.521+0000] {processor.py:925} INFO - DAG(s) 'example_workday_timetable' retrieved from /home/airflow/.local/lib/python3.12/site-packages/airflow/example_dags/example_workday_timetable.py
[2025-10-09T11:13:30.554+0000] {logging_mixin.py:190} INFO - [2025-10-09T11:13:30.554+0000] {dag.py:3239} INFO - Sync 1 DAGs
[2025-10-09T11:13:30.745+0000] {logging_mixin.py:190} INFO - [2025-10-09T11:13:30.744+0000] {dag.py:4180} INFO - Setting next_dagrun for example_workday_timetable to 2021-01-04 00:00:00+00:00, run_after=2021-01-05 00:00:00+00:00
[2025-10-09T11:13:30.772+0000] {processor.py:208} INFO - Processing /home/airflow/.local/lib/python3.12/site-packages/airflow/example_dags/example_workday_timetable.py took 0.281 seconds
[2025-10-09T11:14:00.885+0000] {processor.py:186} INFO - Started process (PID=1264) to work on /home/airflow/.local/lib/python3.12/site-packages/airflow/example_dags/example_workday_timetable.py
[2025-10-09T11:14:00.886+0000] {processor.py:914} INFO - Processing file /home/airflow/.local/lib/python3.12/site-packages/airflow/example_dags/example_workday_timetable.py for tasks to queue
[2025-10-09T11:14:00.889+0000] {logging_mixin.py:190} INFO - [2025-10-09T11:14:00.889+0000] {dagbag.py:588} INFO - Filling up the DagBag from /home/airflow/.local/lib/python3.12/site-packages/airflow/example_dags/example_workday_timetable.py
[2025-10-09T11:14:00.899+0000] {processor.py:925} INFO - DAG(s) 'example_workday_timetable' retrieved from /home/airflow/.local/lib/python3.12/site-packages/airflow/example_dags/example_workday_timetable.py
[2025-10-09T11:14:00.925+0000] {logging_mixin.py:190} INFO - [2025-10-09T11:14:00.925+0000] {dag.py:3239} INFO - Sync 1 DAGs
[2025-10-09T11:14:01.001+0000] {logging_mixin.py:190} INFO - [2025-10-09T11:14:01.001+0000] {dag.py:4180} INFO - Setting next_dagrun for example_workday_timetable to 2021-01-04 00:00:00+00:00, run_after=2021-01-05 00:00:00+00:00
[2025-10-09T11:14:01.031+0000] {processor.py:208} INFO - Processing /home/airflow/.local/lib/python3.12/site-packages/airflow/example_dags/example_workday_timetable.py took 0.153 seconds
[2025-10-09T11:14:31.737+0000] {processor.py:186} INFO - Started process (PID=1327) to work on /home/airflow/.local/lib/python3.12/site-packages/airflow/example_dags/example_workday_timetable.py
[2025-10-09T11:14:31.738+0000] {processor.py:914} INFO - Processing file /home/airflow/.local/lib/python3.12/site-packages/airflow/example_dags/example_workday_timetable.py for tasks to queue
[2025-10-09T11:14:31.743+0000] {logging_mixin.py:190} INFO - [2025-10-09T11:14:31.743+0000] {dagbag.py:588} INFO - Filling up the DagBag from /home/airflow/.local/lib/python3.12/site-packages/airflow/example_dags/example_workday_timetable.py
[2025-10-09T11:14:31.753+0000] {processor.py:925} INFO - DAG(s) 'example_workday_timetable' retrieved from /home/airflow/.local/lib/python3.12/site-packages/airflow/example_dags/example_workday_timetable.py
[2025-10-09T11:14:31.783+0000] {logging_mixin.py:190} INFO - [2025-10-09T11:14:31.783+0000] {dag.py:3239} INFO - Sync 1 DAGs
[2025-10-09T11:14:31.893+0000] {logging_mixin.py:190} INFO - [2025-10-09T11:14:31.893+0000] {dag.py:4180} INFO - Setting next_dagrun for example_workday_timetable to 2021-01-04 00:00:00+00:00, run_after=2021-01-05 00:00:00+00:00
[2025-10-09T11:14:31.938+0000] {processor.py:208} INFO - Processing /home/airflow/.local/lib/python3.12/site-packages/airflow/example_dags/example_workday_timetable.py took 0.213 seconds
[2025-10-09T11:15:02.779+0000] {processor.py:186} INFO - Started process (PID=1391) to work on /home/airflow/.local/lib/python3.12/site-packages/airflow/example_dags/example_workday_timetable.py
[2025-10-09T11:15:02.781+0000] {processor.py:914} INFO - Processing file /home/airflow/.local/lib/python3.12/site-packages/airflow/example_dags/example_workday_timetable.py for tasks to queue
[2025-10-09T11:15:02.786+0000] {logging_mixin.py:190} INFO - [2025-10-09T11:15:02.785+0000] {dagbag.py:588} INFO - Filling up the DagBag from /home/airflow/.local/lib/python3.12/site-packages/airflow/example_dags/example_workday_timetable.py
[2025-10-09T11:15:02.796+0000] {processor.py:925} INFO - DAG(s) 'example_workday_timetable' retrieved from /home/airflow/.local/lib/python3.12/site-packages/airflow/example_dags/example_workday_timetable.py
[2025-10-09T11:15:02.837+0000] {logging_mixin.py:190} INFO - [2025-10-09T11:15:02.836+0000] {dag.py:3239} INFO - Sync 1 DAGs
[2025-10-09T11:15:02.995+0000] {logging_mixin.py:190} INFO - [2025-10-09T11:15:02.995+0000] {dag.py:4180} INFO - Setting next_dagrun for example_workday_timetable to 2021-01-04 00:00:00+00:00, run_after=2021-01-05 00:00:00+00:00
[2025-10-09T11:15:03.031+0000] {processor.py:208} INFO - Processing /home/airflow/.local/lib/python3.12/site-packages/airflow/example_dags/example_workday_timetable.py took 0.261 seconds
[2025-10-09T11:15:33.242+0000] {processor.py:186} INFO - Started process (PID=1452) to work on /home/airflow/.local/lib/python3.12/site-packages/airflow/example_dags/example_workday_timetable.py
[2025-10-09T11:15:33.243+0000] {processor.py:914} INFO - Processing file /home/airflow/.local/lib/python3.12/site-packages/airflow/example_dags/example_workday_timetable.py for tasks to queue
[2025-10-09T11:15:33.246+0000] {logging_mixin.py:190} INFO - [2025-10-09T11:15:33.245+0000] {dagbag.py:588} INFO - Filling up the DagBag from /home/airflow/.local/lib/python3.12/site-packages/airflow/example_dags/example_workday_timetable.py
[2025-10-09T11:15:33.253+0000] {processor.py:925} INFO - DAG(s) 'example_workday_timetable' retrieved from /home/airflow/.local/lib/python3.12/site-packages/airflow/example_dags/example_workday_timetable.py
[2025-10-09T11:15:33.275+0000] {logging_mixin.py:190} INFO - [2025-10-09T11:15:33.275+0000] {dag.py:3239} INFO - Sync 1 DAGs
[2025-10-09T11:15:33.414+0000] {logging_mixin.py:190} INFO - [2025-10-09T11:15:33.413+0000] {dag.py:4180} INFO - Setting next_dagrun for example_workday_timetable to 2021-01-04 00:00:00+00:00, run_after=2021-01-05 00:00:00+00:00
[2025-10-09T11:15:33.438+0000] {processor.py:208} INFO - Processing /home/airflow/.local/lib/python3.12/site-packages/airflow/example_dags/example_workday_timetable.py took 0.203 seconds
[2025-10-09T11:16:03.619+0000] {processor.py:186} INFO - Started process (PID=1515) to work on /home/airflow/.local/lib/python3.12/site-packages/airflow/example_dags/example_workday_timetable.py
[2025-10-09T11:16:03.620+0000] {processor.py:914} INFO - Processing file /home/airflow/.local/lib/python3.12/site-packages/airflow/example_dags/example_workday_timetable.py for tasks to queue
[2025-10-09T11:16:03.623+0000] {logging_mixin.py:190} INFO - [2025-10-09T11:16:03.622+0000] {dagbag.py:588} INFO - Filling up the DagBag from /home/airflow/.local/lib/python3.12/site-packages/airflow/example_dags/example_workday_timetable.py
[2025-10-09T11:16:03.630+0000] {processor.py:925} INFO - DAG(s) 'example_workday_timetable' retrieved from /home/airflow/.local/lib/python3.12/site-packages/airflow/example_dags/example_workday_timetable.py
[2025-10-09T11:16:03.654+0000] {logging_mixin.py:190} INFO - [2025-10-09T11:16:03.653+0000] {dag.py:3239} INFO - Sync 1 DAGs
[2025-10-09T11:16:03.790+0000] {logging_mixin.py:190} INFO - [2025-10-09T11:16:03.790+0000] {dag.py:4180} INFO - Setting next_dagrun for example_workday_timetable to 2021-01-04 00:00:00+00:00, run_after=2021-01-05 00:00:00+00:00
[2025-10-09T11:16:03.813+0000] {processor.py:208} INFO - Processing /home/airflow/.local/lib/python3.12/site-packages/airflow/example_dags/example_workday_timetable.py took 0.202 seconds
[2025-10-09T11:16:35.107+0000] {processor.py:186} INFO - Started process (PID=1573) to work on /home/airflow/.local/lib/python3.12/site-packages/airflow/example_dags/example_workday_timetable.py
[2025-10-09T11:16:35.109+0000] {processor.py:914} INFO - Processing file /home/airflow/.local/lib/python3.12/site-packages/airflow/example_dags/example_workday_timetable.py for tasks to queue
[2025-10-09T11:16:35.114+0000] {logging_mixin.py:190} INFO - [2025-10-09T11:16:35.113+0000] {dagbag.py:588} INFO - Filling up the DagBag from /home/airflow/.local/lib/python3.12/site-packages/airflow/example_dags/example_workday_timetable.py
[2025-10-09T11:16:35.128+0000] {processor.py:925} INFO - DAG(s) 'example_workday_timetable' retrieved from /home/airflow/.local/lib/python3.12/site-packages/airflow/example_dags/example_workday_timetable.py
[2025-10-09T11:16:35.180+0000] {logging_mixin.py:190} INFO - [2025-10-09T11:16:35.179+0000] {dag.py:3239} INFO - Sync 1 DAGs
[2025-10-09T11:16:35.464+0000] {logging_mixin.py:190} INFO - [2025-10-09T11:16:35.464+0000] {dag.py:4180} INFO - Setting next_dagrun for example_workday_timetable to 2021-01-04 00:00:00+00:00, run_after=2021-01-05 00:00:00+00:00
[2025-10-09T11:16:35.510+0000] {processor.py:208} INFO - Processing /home/airflow/.local/lib/python3.12/site-packages/airflow/example_dags/example_workday_timetable.py took 0.414 seconds
[2025-10-09T11:17:06.424+0000] {processor.py:186} INFO - Started process (PID=1636) to work on /home/airflow/.local/lib/python3.12/site-packages/airflow/example_dags/example_workday_timetable.py
[2025-10-09T11:17:06.425+0000] {processor.py:914} INFO - Processing file /home/airflow/.local/lib/python3.12/site-packages/airflow/example_dags/example_workday_timetable.py for tasks to queue
[2025-10-09T11:17:06.428+0000] {logging_mixin.py:190} INFO - [2025-10-09T11:17:06.428+0000] {dagbag.py:588} INFO - Filling up the DagBag from /home/airflow/.local/lib/python3.12/site-packages/airflow/example_dags/example_workday_timetable.py
[2025-10-09T11:17:06.437+0000] {processor.py:925} INFO - DAG(s) 'example_workday_timetable' retrieved from /home/airflow/.local/lib/python3.12/site-packages/airflow/example_dags/example_workday_timetable.py
[2025-10-09T11:17:06.463+0000] {logging_mixin.py:190} INFO - [2025-10-09T11:17:06.462+0000] {dag.py:3239} INFO - Sync 1 DAGs
[2025-10-09T11:17:06.631+0000] {logging_mixin.py:190} INFO - [2025-10-09T11:17:06.631+0000] {dag.py:4180} INFO - Setting next_dagrun for example_workday_timetable to 2021-01-04 00:00:00+00:00, run_after=2021-01-05 00:00:00+00:00
[2025-10-09T11:17:06.667+0000] {processor.py:208} INFO - Processing /home/airflow/.local/lib/python3.12/site-packages/airflow/example_dags/example_workday_timetable.py took 0.251 seconds
[2025-10-09T11:17:36.952+0000] {processor.py:186} INFO - Started process (PID=1697) to work on /home/airflow/.local/lib/python3.12/site-packages/airflow/example_dags/example_workday_timetable.py
[2025-10-09T11:17:36.954+0000] {processor.py:914} INFO - Processing file /home/airflow/.local/lib/python3.12/site-packages/airflow/example_dags/example_workday_timetable.py for tasks to queue
[2025-10-09T11:17:36.958+0000] {logging_mixin.py:190} INFO - [2025-10-09T11:17:36.958+0000] {dagbag.py:588} INFO - Filling up the DagBag from /home/airflow/.local/lib/python3.12/site-packages/airflow/example_dags/example_workday_timetable.py
[2025-10-09T11:17:36.969+0000] {processor.py:925} INFO - DAG(s) 'example_workday_timetable' retrieved from /home/airflow/.local/lib/python3.12/site-packages/airflow/example_dags/example_workday_timetable.py
[2025-10-09T11:17:36.992+0000] {logging_mixin.py:190} INFO - [2025-10-09T11:17:36.991+0000] {dag.py:3239} INFO - Sync 1 DAGs
[2025-10-09T11:17:37.151+0000] {logging_mixin.py:190} INFO - [2025-10-09T11:17:37.151+0000] {dag.py:4180} INFO - Setting next_dagrun for example_workday_timetable to 2021-01-04 00:00:00+00:00, run_after=2021-01-05 00:00:00+00:00
[2025-10-09T11:17:37.172+0000] {processor.py:208} INFO - Processing /home/airflow/.local/lib/python3.12/site-packages/airflow/example_dags/example_workday_timetable.py took 0.229 seconds
[2025-10-09T11:18:09.825+0000] {processor.py:186} INFO - Started process (PID=1753) to work on /home/airflow/.local/lib/python3.12/site-packages/airflow/example_dags/example_workday_timetable.py
[2025-10-09T11:18:09.827+0000] {processor.py:914} INFO - Processing file /home/airflow/.local/lib/python3.12/site-packages/airflow/example_dags/example_workday_timetable.py for tasks to queue
[2025-10-09T11:18:09.835+0000] {logging_mixin.py:190} INFO - [2025-10-09T11:18:09.835+0000] {dagbag.py:588} INFO - Filling up the DagBag from /home/airflow/.local/lib/python3.12/site-packages/airflow/example_dags/example_workday_timetable.py
[2025-10-09T11:18:09.851+0000] {processor.py:925} INFO - DAG(s) 'example_workday_timetable' retrieved from /home/airflow/.local/lib/python3.12/site-packages/airflow/example_dags/example_workday_timetable.py
[2025-10-09T11:18:09.895+0000] {logging_mixin.py:190} INFO - [2025-10-09T11:18:09.894+0000] {dag.py:3239} INFO - Sync 1 DAGs
[2025-10-09T11:18:10.127+0000] {logging_mixin.py:190} INFO - [2025-10-09T11:18:10.126+0000] {dag.py:4180} INFO - Setting next_dagrun for example_workday_timetable to 2021-01-04 00:00:00+00:00, run_after=2021-01-05 00:00:00+00:00
[2025-10-09T11:18:10.169+0000] {processor.py:208} INFO - Processing /home/airflow/.local/lib/python3.12/site-packages/airflow/example_dags/example_workday_timetable.py took 0.357 seconds
[2025-10-09T11:18:42.435+0000] {processor.py:186} INFO - Started process (PID=1814) to work on /home/airflow/.local/lib/python3.12/site-packages/airflow/example_dags/example_workday_timetable.py
[2025-10-09T11:18:42.436+0000] {processor.py:914} INFO - Processing file /home/airflow/.local/lib/python3.12/site-packages/airflow/example_dags/example_workday_timetable.py for tasks to queue
[2025-10-09T11:18:42.439+0000] {logging_mixin.py:190} INFO - [2025-10-09T11:18:42.438+0000] {dagbag.py:588} INFO - Filling up the DagBag from /home/airflow/.local/lib/python3.12/site-packages/airflow/example_dags/example_workday_timetable.py
[2025-10-09T11:18:42.446+0000] {processor.py:925} INFO - DAG(s) 'example_workday_timetable' retrieved from /home/airflow/.local/lib/python3.12/site-packages/airflow/example_dags/example_workday_timetable.py
[2025-10-09T11:18:42.472+0000] {logging_mixin.py:190} INFO - [2025-10-09T11:18:42.472+0000] {dag.py:3239} INFO - Sync 1 DAGs
[2025-10-09T11:18:42.775+0000] {logging_mixin.py:190} INFO - [2025-10-09T11:18:42.775+0000] {dag.py:4180} INFO - Setting next_dagrun for example_workday_timetable to 2021-01-04 00:00:00+00:00, run_after=2021-01-05 00:00:00+00:00
[2025-10-09T11:18:42.804+0000] {processor.py:208} INFO - Processing /home/airflow/.local/lib/python3.12/site-packages/airflow/example_dags/example_workday_timetable.py took 0.378 seconds
[2025-10-09T11:19:13.289+0000] {processor.py:186} INFO - Started process (PID=1874) to work on /home/airflow/.local/lib/python3.12/site-packages/airflow/example_dags/example_workday_timetable.py
[2025-10-09T11:19:13.290+0000] {processor.py:914} INFO - Processing file /home/airflow/.local/lib/python3.12/site-packages/airflow/example_dags/example_workday_timetable.py for tasks to queue
[2025-10-09T11:19:13.295+0000] {logging_mixin.py:190} INFO - [2025-10-09T11:19:13.294+0000] {dagbag.py:588} INFO - Filling up the DagBag from /home/airflow/.local/lib/python3.12/site-packages/airflow/example_dags/example_workday_timetable.py
[2025-10-09T11:19:13.303+0000] {processor.py:925} INFO - DAG(s) 'example_workday_timetable' retrieved from /home/airflow/.local/lib/python3.12/site-packages/airflow/example_dags/example_workday_timetable.py
[2025-10-09T11:19:13.337+0000] {logging_mixin.py:190} INFO - [2025-10-09T11:19:13.336+0000] {dag.py:3239} INFO - Sync 1 DAGs
[2025-10-09T11:19:13.686+0000] {logging_mixin.py:190} INFO - [2025-10-09T11:19:13.685+0000] {dag.py:4180} INFO - Setting next_dagrun for example_workday_timetable to 2021-01-04 00:00:00+00:00, run_after=2021-01-05 00:00:00+00:00
[2025-10-09T11:19:13.732+0000] {processor.py:208} INFO - Processing /home/airflow/.local/lib/python3.12/site-packages/airflow/example_dags/example_workday_timetable.py took 0.453 seconds
[2025-10-09T11:19:46.307+0000] {processor.py:186} INFO - Started process (PID=1938) to work on /home/airflow/.local/lib/python3.12/site-packages/airflow/example_dags/example_workday_timetable.py
[2025-10-09T11:19:46.309+0000] {processor.py:914} INFO - Processing file /home/airflow/.local/lib/python3.12/site-packages/airflow/example_dags/example_workday_timetable.py for tasks to queue
[2025-10-09T11:19:46.312+0000] {logging_mixin.py:190} INFO - [2025-10-09T11:19:46.311+0000] {dagbag.py:588} INFO - Filling up the DagBag from /home/airflow/.local/lib/python3.12/site-packages/airflow/example_dags/example_workday_timetable.py
[2025-10-09T11:19:46.319+0000] {processor.py:925} INFO - DAG(s) 'example_workday_timetable' retrieved from /home/airflow/.local/lib/python3.12/site-packages/airflow/example_dags/example_workday_timetable.py
[2025-10-09T11:19:46.343+0000] {logging_mixin.py:190} INFO - [2025-10-09T11:19:46.342+0000] {dag.py:3239} INFO - Sync 1 DAGs
[2025-10-09T11:19:46.488+0000] {logging_mixin.py:190} INFO - [2025-10-09T11:19:46.488+0000] {dag.py:4180} INFO - Setting next_dagrun for example_workday_timetable to 2021-01-04 00:00:00+00:00, run_after=2021-01-05 00:00:00+00:00
[2025-10-09T11:19:46.518+0000] {processor.py:208} INFO - Processing /home/airflow/.local/lib/python3.12/site-packages/airflow/example_dags/example_workday_timetable.py took 0.217 seconds
[2025-10-09T11:20:17.457+0000] {processor.py:186} INFO - Started process (PID=2001) to work on /home/airflow/.local/lib/python3.12/site-packages/airflow/example_dags/example_workday_timetable.py
[2025-10-09T11:20:17.458+0000] {processor.py:914} INFO - Processing file /home/airflow/.local/lib/python3.12/site-packages/airflow/example_dags/example_workday_timetable.py for tasks to queue
[2025-10-09T11:20:17.461+0000] {logging_mixin.py:190} INFO - [2025-10-09T11:20:17.461+0000] {dagbag.py:588} INFO - Filling up the DagBag from /home/airflow/.local/lib/python3.12/site-packages/airflow/example_dags/example_workday_timetable.py
[2025-10-09T11:20:17.470+0000] {processor.py:925} INFO - DAG(s) 'example_workday_timetable' retrieved from /home/airflow/.local/lib/python3.12/site-packages/airflow/example_dags/example_workday_timetable.py
[2025-10-09T11:20:17.494+0000] {logging_mixin.py:190} INFO - [2025-10-09T11:20:17.493+0000] {dag.py:3239} INFO - Sync 1 DAGs
[2025-10-09T11:20:17.652+0000] {logging_mixin.py:190} INFO - [2025-10-09T11:20:17.652+0000] {dag.py:4180} INFO - Setting next_dagrun for example_workday_timetable to 2021-01-04 00:00:00+00:00, run_after=2021-01-05 00:00:00+00:00
[2025-10-09T11:20:17.686+0000] {processor.py:208} INFO - Processing /home/airflow/.local/lib/python3.12/site-packages/airflow/example_dags/example_workday_timetable.py took 0.236 seconds
[2025-10-09T11:20:47.970+0000] {processor.py:186} INFO - Started process (PID=2060) to work on /home/airflow/.local/lib/python3.12/site-packages/airflow/example_dags/example_workday_timetable.py
[2025-10-09T11:20:47.971+0000] {processor.py:914} INFO - Processing file /home/airflow/.local/lib/python3.12/site-packages/airflow/example_dags/example_workday_timetable.py for tasks to queue
[2025-10-09T11:20:47.974+0000] {logging_mixin.py:190} INFO - [2025-10-09T11:20:47.974+0000] {dagbag.py:588} INFO - Filling up the DagBag from /home/airflow/.local/lib/python3.12/site-packages/airflow/example_dags/example_workday_timetable.py
[2025-10-09T11:20:47.982+0000] {processor.py:925} INFO - DAG(s) 'example_workday_timetable' retrieved from /home/airflow/.local/lib/python3.12/site-packages/airflow/example_dags/example_workday_timetable.py
[2025-10-09T11:20:48.007+0000] {logging_mixin.py:190} INFO - [2025-10-09T11:20:48.007+0000] {dag.py:3239} INFO - Sync 1 DAGs
[2025-10-09T11:20:48.254+0000] {logging_mixin.py:190} INFO - [2025-10-09T11:20:48.253+0000] {dag.py:4180} INFO - Setting next_dagrun for example_workday_timetable to 2021-01-04 00:00:00+00:00, run_after=2021-01-05 00:00:00+00:00
[2025-10-09T11:20:48.327+0000] {processor.py:208} INFO - Processing /home/airflow/.local/lib/python3.12/site-packages/airflow/example_dags/example_workday_timetable.py took 0.365 seconds
[2025-10-09T11:21:18.769+0000] {processor.py:186} INFO - Started process (PID=2123) to work on /home/airflow/.local/lib/python3.12/site-packages/airflow/example_dags/example_workday_timetable.py
[2025-10-09T11:21:18.770+0000] {processor.py:914} INFO - Processing file /home/airflow/.local/lib/python3.12/site-packages/airflow/example_dags/example_workday_timetable.py for tasks to queue
[2025-10-09T11:21:18.773+0000] {logging_mixin.py:190} INFO - [2025-10-09T11:21:18.773+0000] {dagbag.py:588} INFO - Filling up the DagBag from /home/airflow/.local/lib/python3.12/site-packages/airflow/example_dags/example_workday_timetable.py
[2025-10-09T11:21:18.781+0000] {processor.py:925} INFO - DAG(s) 'example_workday_timetable' retrieved from /home/airflow/.local/lib/python3.12/site-packages/airflow/example_dags/example_workday_timetable.py
[2025-10-09T11:21:18.802+0000] {logging_mixin.py:190} INFO - [2025-10-09T11:21:18.802+0000] {dag.py:3239} INFO - Sync 1 DAGs
[2025-10-09T11:21:18.954+0000] {logging_mixin.py:190} INFO - [2025-10-09T11:21:18.954+0000] {dag.py:4180} INFO - Setting next_dagrun for example_workday_timetable to 2021-01-04 00:00:00+00:00, run_after=2021-01-05 00:00:00+00:00
[2025-10-09T11:21:18.979+0000] {processor.py:208} INFO - Processing /home/airflow/.local/lib/python3.12/site-packages/airflow/example_dags/example_workday_timetable.py took 0.216 seconds
[2025-10-09T11:21:49.425+0000] {processor.py:186} INFO - Started process (PID=2186) to work on /home/airflow/.local/lib/python3.12/site-packages/airflow/example_dags/example_workday_timetable.py
[2025-10-09T11:21:49.427+0000] {processor.py:914} INFO - Processing file /home/airflow/.local/lib/python3.12/site-packages/airflow/example_dags/example_workday_timetable.py for tasks to queue
[2025-10-09T11:21:49.433+0000] {logging_mixin.py:190} INFO - [2025-10-09T11:21:49.431+0000] {dagbag.py:588} INFO - Filling up the DagBag from /home/airflow/.local/lib/python3.12/site-packages/airflow/example_dags/example_workday_timetable.py
[2025-10-09T11:21:49.447+0000] {processor.py:925} INFO - DAG(s) 'example_workday_timetable' retrieved from /home/airflow/.local/lib/python3.12/site-packages/airflow/example_dags/example_workday_timetable.py
[2025-10-09T11:21:49.727+0000] {logging_mixin.py:190} INFO - [2025-10-09T11:21:49.727+0000] {dag.py:3239} INFO - Sync 1 DAGs
[2025-10-09T11:21:50.036+0000] {logging_mixin.py:190} INFO - [2025-10-09T11:21:50.035+0000] {dag.py:4180} INFO - Setting next_dagrun for example_workday_timetable to 2021-01-04 00:00:00+00:00, run_after=2021-01-05 00:00:00+00:00
[2025-10-09T11:21:50.064+0000] {processor.py:208} INFO - Processing /home/airflow/.local/lib/python3.12/site-packages/airflow/example_dags/example_workday_timetable.py took 0.647 seconds
[2025-10-09T11:22:20.122+0000] {processor.py:186} INFO - Started process (PID=2251) to work on /home/airflow/.local/lib/python3.12/site-packages/airflow/example_dags/example_workday_timetable.py
[2025-10-09T11:22:20.125+0000] {processor.py:914} INFO - Processing file /home/airflow/.local/lib/python3.12/site-packages/airflow/example_dags/example_workday_timetable.py for tasks to queue
[2025-10-09T11:22:20.131+0000] {logging_mixin.py:190} INFO - [2025-10-09T11:22:20.130+0000] {dagbag.py:588} INFO - Filling up the DagBag from /home/airflow/.local/lib/python3.12/site-packages/airflow/example_dags/example_workday_timetable.py
[2025-10-09T11:22:20.142+0000] {processor.py:925} INFO - DAG(s) 'example_workday_timetable' retrieved from /home/airflow/.local/lib/python3.12/site-packages/airflow/example_dags/example_workday_timetable.py
[2025-10-09T11:22:20.181+0000] {logging_mixin.py:190} INFO - [2025-10-09T11:22:20.181+0000] {dag.py:3239} INFO - Sync 1 DAGs
[2025-10-09T11:22:20.499+0000] {logging_mixin.py:190} INFO - [2025-10-09T11:22:20.499+0000] {dag.py:4180} INFO - Setting next_dagrun for example_workday_timetable to 2021-01-04 00:00:00+00:00, run_after=2021-01-05 00:00:00+00:00
[2025-10-09T11:22:20.544+0000] {processor.py:208} INFO - Processing /home/airflow/.local/lib/python3.12/site-packages/airflow/example_dags/example_workday_timetable.py took 0.434 seconds
[2025-10-09T11:22:51.258+0000] {processor.py:186} INFO - Started process (PID=2314) to work on /home/airflow/.local/lib/python3.12/site-packages/airflow/example_dags/example_workday_timetable.py
[2025-10-09T11:22:51.260+0000] {processor.py:914} INFO - Processing file /home/airflow/.local/lib/python3.12/site-packages/airflow/example_dags/example_workday_timetable.py for tasks to queue
[2025-10-09T11:22:51.263+0000] {logging_mixin.py:190} INFO - [2025-10-09T11:22:51.262+0000] {dagbag.py:588} INFO - Filling up the DagBag from /home/airflow/.local/lib/python3.12/site-packages/airflow/example_dags/example_workday_timetable.py
[2025-10-09T11:22:51.272+0000] {processor.py:925} INFO - DAG(s) 'example_workday_timetable' retrieved from /home/airflow/.local/lib/python3.12/site-packages/airflow/example_dags/example_workday_timetable.py
[2025-10-09T11:22:51.296+0000] {logging_mixin.py:190} INFO - [2025-10-09T11:22:51.295+0000] {dag.py:3239} INFO - Sync 1 DAGs
[2025-10-09T11:22:51.606+0000] {logging_mixin.py:190} INFO - [2025-10-09T11:22:51.605+0000] {dag.py:4180} INFO - Setting next_dagrun for example_workday_timetable to 2021-01-04 00:00:00+00:00, run_after=2021-01-05 00:00:00+00:00
[2025-10-09T11:22:51.632+0000] {processor.py:208} INFO - Processing /home/airflow/.local/lib/python3.12/site-packages/airflow/example_dags/example_workday_timetable.py took 0.381 seconds
[2025-10-09T11:23:22.501+0000] {processor.py:186} INFO - Started process (PID=2377) to work on /home/airflow/.local/lib/python3.12/site-packages/airflow/example_dags/example_workday_timetable.py
[2025-10-09T11:23:22.503+0000] {processor.py:914} INFO - Processing file /home/airflow/.local/lib/python3.12/site-packages/airflow/example_dags/example_workday_timetable.py for tasks to queue
[2025-10-09T11:23:22.507+0000] {logging_mixin.py:190} INFO - [2025-10-09T11:23:22.506+0000] {dagbag.py:588} INFO - Filling up the DagBag from /home/airflow/.local/lib/python3.12/site-packages/airflow/example_dags/example_workday_timetable.py
[2025-10-09T11:23:22.515+0000] {processor.py:925} INFO - DAG(s) 'example_workday_timetable' retrieved from /home/airflow/.local/lib/python3.12/site-packages/airflow/example_dags/example_workday_timetable.py
[2025-10-09T11:23:22.542+0000] {logging_mixin.py:190} INFO - [2025-10-09T11:23:22.542+0000] {dag.py:3239} INFO - Sync 1 DAGs
[2025-10-09T11:23:22.704+0000] {logging_mixin.py:190} INFO - [2025-10-09T11:23:22.703+0000] {dag.py:4180} INFO - Setting next_dagrun for example_workday_timetable to 2021-01-04 00:00:00+00:00, run_after=2021-01-05 00:00:00+00:00
[2025-10-09T11:23:22.743+0000] {processor.py:208} INFO - Processing /home/airflow/.local/lib/python3.12/site-packages/airflow/example_dags/example_workday_timetable.py took 0.248 seconds
[2025-10-09T11:23:53.312+0000] {processor.py:186} INFO - Started process (PID=2440) to work on /home/airflow/.local/lib/python3.12/site-packages/airflow/example_dags/example_workday_timetable.py
[2025-10-09T11:23:53.313+0000] {processor.py:914} INFO - Processing file /home/airflow/.local/lib/python3.12/site-packages/airflow/example_dags/example_workday_timetable.py for tasks to queue
[2025-10-09T11:23:53.317+0000] {logging_mixin.py:190} INFO - [2025-10-09T11:23:53.317+0000] {dagbag.py:588} INFO - Filling up the DagBag from /home/airflow/.local/lib/python3.12/site-packages/airflow/example_dags/example_workday_timetable.py
[2025-10-09T11:23:53.326+0000] {processor.py:925} INFO - DAG(s) 'example_workday_timetable' retrieved from /home/airflow/.local/lib/python3.12/site-packages/airflow/example_dags/example_workday_timetable.py
[2025-10-09T11:23:53.351+0000] {logging_mixin.py:190} INFO - [2025-10-09T11:23:53.351+0000] {dag.py:3239} INFO - Sync 1 DAGs
[2025-10-09T11:23:53.664+0000] {logging_mixin.py:190} INFO - [2025-10-09T11:23:53.663+0000] {dag.py:4180} INFO - Setting next_dagrun for example_workday_timetable to 2021-01-04 00:00:00+00:00, run_after=2021-01-05 00:00:00+00:00
[2025-10-09T11:23:53.688+0000] {processor.py:208} INFO - Processing /home/airflow/.local/lib/python3.12/site-packages/airflow/example_dags/example_workday_timetable.py took 0.387 seconds
[2025-10-09T11:24:23.793+0000] {processor.py:186} INFO - Started process (PID=2503) to work on /home/airflow/.local/lib/python3.12/site-packages/airflow/example_dags/example_workday_timetable.py
[2025-10-09T11:24:23.794+0000] {processor.py:914} INFO - Processing file /home/airflow/.local/lib/python3.12/site-packages/airflow/example_dags/example_workday_timetable.py for tasks to queue
[2025-10-09T11:24:23.803+0000] {logging_mixin.py:190} INFO - [2025-10-09T11:24:23.803+0000] {dagbag.py:588} INFO - Filling up the DagBag from /home/airflow/.local/lib/python3.12/site-packages/airflow/example_dags/example_workday_timetable.py
[2025-10-09T11:24:23.815+0000] {processor.py:925} INFO - DAG(s) 'example_workday_timetable' retrieved from /home/airflow/.local/lib/python3.12/site-packages/airflow/example_dags/example_workday_timetable.py
[2025-10-09T11:24:23.845+0000] {logging_mixin.py:190} INFO - [2025-10-09T11:24:23.845+0000] {dag.py:3239} INFO - Sync 1 DAGs
[2025-10-09T11:24:24.012+0000] {logging_mixin.py:190} INFO - [2025-10-09T11:24:24.012+0000] {dag.py:4180} INFO - Setting next_dagrun for example_workday_timetable to 2021-01-04 00:00:00+00:00, run_after=2021-01-05 00:00:00+00:00
[2025-10-09T11:24:24.044+0000] {processor.py:208} INFO - Processing /home/airflow/.local/lib/python3.12/site-packages/airflow/example_dags/example_workday_timetable.py took 0.262 seconds
[2025-10-09T11:24:54.242+0000] {processor.py:186} INFO - Started process (PID=2568) to work on /home/airflow/.local/lib/python3.12/site-packages/airflow/example_dags/example_workday_timetable.py
[2025-10-09T11:24:54.243+0000] {processor.py:914} INFO - Processing file /home/airflow/.local/lib/python3.12/site-packages/airflow/example_dags/example_workday_timetable.py for tasks to queue
[2025-10-09T11:24:54.247+0000] {logging_mixin.py:190} INFO - [2025-10-09T11:24:54.246+0000] {dagbag.py:588} INFO - Filling up the DagBag from /home/airflow/.local/lib/python3.12/site-packages/airflow/example_dags/example_workday_timetable.py
[2025-10-09T11:24:54.255+0000] {processor.py:925} INFO - DAG(s) 'example_workday_timetable' retrieved from /home/airflow/.local/lib/python3.12/site-packages/airflow/example_dags/example_workday_timetable.py
[2025-10-09T11:24:54.277+0000] {logging_mixin.py:190} INFO - [2025-10-09T11:24:54.276+0000] {dag.py:3239} INFO - Sync 1 DAGs
[2025-10-09T11:24:54.378+0000] {logging_mixin.py:190} INFO - [2025-10-09T11:24:54.377+0000] {dag.py:4180} INFO - Setting next_dagrun for example_workday_timetable to 2021-01-04 00:00:00+00:00, run_after=2021-01-05 00:00:00+00:00
[2025-10-09T11:24:54.402+0000] {processor.py:208} INFO - Processing /home/airflow/.local/lib/python3.12/site-packages/airflow/example_dags/example_workday_timetable.py took 0.168 seconds
[2025-10-09T11:25:24.466+0000] {processor.py:186} INFO - Started process (PID=2631) to work on /home/airflow/.local/lib/python3.12/site-packages/airflow/example_dags/example_workday_timetable.py
[2025-10-09T11:25:24.467+0000] {processor.py:914} INFO - Processing file /home/airflow/.local/lib/python3.12/site-packages/airflow/example_dags/example_workday_timetable.py for tasks to queue
[2025-10-09T11:25:24.471+0000] {logging_mixin.py:190} INFO - [2025-10-09T11:25:24.470+0000] {dagbag.py:588} INFO - Filling up the DagBag from /home/airflow/.local/lib/python3.12/site-packages/airflow/example_dags/example_workday_timetable.py
[2025-10-09T11:25:24.478+0000] {processor.py:925} INFO - DAG(s) 'example_workday_timetable' retrieved from /home/airflow/.local/lib/python3.12/site-packages/airflow/example_dags/example_workday_timetable.py
[2025-10-09T11:25:24.502+0000] {logging_mixin.py:190} INFO - [2025-10-09T11:25:24.502+0000] {dag.py:3239} INFO - Sync 1 DAGs
[2025-10-09T11:25:24.628+0000] {logging_mixin.py:190} INFO - [2025-10-09T11:25:24.628+0000] {dag.py:4180} INFO - Setting next_dagrun for example_workday_timetable to 2021-01-04 00:00:00+00:00, run_after=2021-01-05 00:00:00+00:00
[2025-10-09T11:25:24.651+0000] {processor.py:208} INFO - Processing /home/airflow/.local/lib/python3.12/site-packages/airflow/example_dags/example_workday_timetable.py took 0.192 seconds
[2025-10-09T11:25:54.701+0000] {processor.py:186} INFO - Started process (PID=2694) to work on /home/airflow/.local/lib/python3.12/site-packages/airflow/example_dags/example_workday_timetable.py
[2025-10-09T11:25:54.702+0000] {processor.py:914} INFO - Processing file /home/airflow/.local/lib/python3.12/site-packages/airflow/example_dags/example_workday_timetable.py for tasks to queue
[2025-10-09T11:25:54.707+0000] {logging_mixin.py:190} INFO - [2025-10-09T11:25:54.706+0000] {dagbag.py:588} INFO - Filling up the DagBag from /home/airflow/.local/lib/python3.12/site-packages/airflow/example_dags/example_workday_timetable.py
[2025-10-09T11:25:54.716+0000] {processor.py:925} INFO - DAG(s) 'example_workday_timetable' retrieved from /home/airflow/.local/lib/python3.12/site-packages/airflow/example_dags/example_workday_timetable.py
[2025-10-09T11:25:54.741+0000] {logging_mixin.py:190} INFO - [2025-10-09T11:25:54.740+0000] {dag.py:3239} INFO - Sync 1 DAGs
[2025-10-09T11:25:54.912+0000] {logging_mixin.py:190} INFO - [2025-10-09T11:25:54.912+0000] {dag.py:4180} INFO - Setting next_dagrun for example_workday_timetable to 2021-01-04 00:00:00+00:00, run_after=2021-01-05 00:00:00+00:00
[2025-10-09T11:25:54.940+0000] {processor.py:208} INFO - Processing /home/airflow/.local/lib/python3.12/site-packages/airflow/example_dags/example_workday_timetable.py took 0.247 seconds
[2025-10-09T11:26:25.327+0000] {processor.py:186} INFO - Started process (PID=2756) to work on /home/airflow/.local/lib/python3.12/site-packages/airflow/example_dags/example_workday_timetable.py
[2025-10-09T11:26:25.328+0000] {processor.py:914} INFO - Processing file /home/airflow/.local/lib/python3.12/site-packages/airflow/example_dags/example_workday_timetable.py for tasks to queue
[2025-10-09T11:26:25.331+0000] {logging_mixin.py:190} INFO - [2025-10-09T11:26:25.331+0000] {dagbag.py:588} INFO - Filling up the DagBag from /home/airflow/.local/lib/python3.12/site-packages/airflow/example_dags/example_workday_timetable.py
[2025-10-09T11:26:25.342+0000] {processor.py:925} INFO - DAG(s) 'example_workday_timetable' retrieved from /home/airflow/.local/lib/python3.12/site-packages/airflow/example_dags/example_workday_timetable.py
[2025-10-09T11:26:25.375+0000] {logging_mixin.py:190} INFO - [2025-10-09T11:26:25.375+0000] {dag.py:3239} INFO - Sync 1 DAGs
[2025-10-09T11:26:25.535+0000] {logging_mixin.py:190} INFO - [2025-10-09T11:26:25.535+0000] {dag.py:4180} INFO - Setting next_dagrun for example_workday_timetable to 2021-01-04 00:00:00+00:00, run_after=2021-01-05 00:00:00+00:00
[2025-10-09T11:26:25.559+0000] {processor.py:208} INFO - Processing /home/airflow/.local/lib/python3.12/site-packages/airflow/example_dags/example_workday_timetable.py took 0.240 seconds
[2025-10-09T11:26:56.146+0000] {processor.py:186} INFO - Started process (PID=2819) to work on /home/airflow/.local/lib/python3.12/site-packages/airflow/example_dags/example_workday_timetable.py
[2025-10-09T11:26:56.149+0000] {processor.py:914} INFO - Processing file /home/airflow/.local/lib/python3.12/site-packages/airflow/example_dags/example_workday_timetable.py for tasks to queue
[2025-10-09T11:26:56.159+0000] {logging_mixin.py:190} INFO - [2025-10-09T11:26:56.158+0000] {dagbag.py:588} INFO - Filling up the DagBag from /home/airflow/.local/lib/python3.12/site-packages/airflow/example_dags/example_workday_timetable.py
[2025-10-09T11:26:56.178+0000] {processor.py:925} INFO - DAG(s) 'example_workday_timetable' retrieved from /home/airflow/.local/lib/python3.12/site-packages/airflow/example_dags/example_workday_timetable.py
[2025-10-09T11:26:56.242+0000] {logging_mixin.py:190} INFO - [2025-10-09T11:26:56.241+0000] {dag.py:3239} INFO - Sync 1 DAGs
[2025-10-09T11:26:56.607+0000] {logging_mixin.py:190} INFO - [2025-10-09T11:26:56.607+0000] {dag.py:4180} INFO - Setting next_dagrun for example_workday_timetable to 2021-01-04 00:00:00+00:00, run_after=2021-01-05 00:00:00+00:00
[2025-10-09T11:26:56.653+0000] {processor.py:208} INFO - Processing /home/airflow/.local/lib/python3.12/site-packages/airflow/example_dags/example_workday_timetable.py took 0.527 seconds
[2025-10-09T11:27:26.840+0000] {processor.py:186} INFO - Started process (PID=2882) to work on /home/airflow/.local/lib/python3.12/site-packages/airflow/example_dags/example_workday_timetable.py
[2025-10-09T11:27:26.842+0000] {processor.py:914} INFO - Processing file /home/airflow/.local/lib/python3.12/site-packages/airflow/example_dags/example_workday_timetable.py for tasks to queue
[2025-10-09T11:27:26.846+0000] {logging_mixin.py:190} INFO - [2025-10-09T11:27:26.846+0000] {dagbag.py:588} INFO - Filling up the DagBag from /home/airflow/.local/lib/python3.12/site-packages/airflow/example_dags/example_workday_timetable.py
[2025-10-09T11:27:26.858+0000] {processor.py:925} INFO - DAG(s) 'example_workday_timetable' retrieved from /home/airflow/.local/lib/python3.12/site-packages/airflow/example_dags/example_workday_timetable.py
[2025-10-09T11:27:26.891+0000] {logging_mixin.py:190} INFO - [2025-10-09T11:27:26.891+0000] {dag.py:3239} INFO - Sync 1 DAGs
[2025-10-09T11:27:27.055+0000] {logging_mixin.py:190} INFO - [2025-10-09T11:27:27.055+0000] {dag.py:4180} INFO - Setting next_dagrun for example_workday_timetable to 2021-01-04 00:00:00+00:00, run_after=2021-01-05 00:00:00+00:00
[2025-10-09T11:27:27.076+0000] {processor.py:208} INFO - Processing /home/airflow/.local/lib/python3.12/site-packages/airflow/example_dags/example_workday_timetable.py took 0.247 seconds
[2025-10-09T11:27:57.470+0000] {processor.py:186} INFO - Started process (PID=2945) to work on /home/airflow/.local/lib/python3.12/site-packages/airflow/example_dags/example_workday_timetable.py
[2025-10-09T11:27:57.472+0000] {processor.py:914} INFO - Processing file /home/airflow/.local/lib/python3.12/site-packages/airflow/example_dags/example_workday_timetable.py for tasks to queue
[2025-10-09T11:27:57.475+0000] {logging_mixin.py:190} INFO - [2025-10-09T11:27:57.474+0000] {dagbag.py:588} INFO - Filling up the DagBag from /home/airflow/.local/lib/python3.12/site-packages/airflow/example_dags/example_workday_timetable.py
[2025-10-09T11:27:57.485+0000] {processor.py:925} INFO - DAG(s) 'example_workday_timetable' retrieved from /home/airflow/.local/lib/python3.12/site-packages/airflow/example_dags/example_workday_timetable.py
[2025-10-09T11:27:57.516+0000] {logging_mixin.py:190} INFO - [2025-10-09T11:27:57.515+0000] {dag.py:3239} INFO - Sync 1 DAGs
[2025-10-09T11:27:57.924+0000] {logging_mixin.py:190} INFO - [2025-10-09T11:27:57.923+0000] {dag.py:4180} INFO - Setting next_dagrun for example_workday_timetable to 2021-01-04 00:00:00+00:00, run_after=2021-01-05 00:00:00+00:00
[2025-10-09T11:27:57.950+0000] {processor.py:208} INFO - Processing /home/airflow/.local/lib/python3.12/site-packages/airflow/example_dags/example_workday_timetable.py took 0.488 seconds
[2025-10-09T11:28:28.778+0000] {processor.py:186} INFO - Started process (PID=3008) to work on /home/airflow/.local/lib/python3.12/site-packages/airflow/example_dags/example_workday_timetable.py
[2025-10-09T11:28:28.780+0000] {processor.py:914} INFO - Processing file /home/airflow/.local/lib/python3.12/site-packages/airflow/example_dags/example_workday_timetable.py for tasks to queue
[2025-10-09T11:28:28.783+0000] {logging_mixin.py:190} INFO - [2025-10-09T11:28:28.783+0000] {dagbag.py:588} INFO - Filling up the DagBag from /home/airflow/.local/lib/python3.12/site-packages/airflow/example_dags/example_workday_timetable.py
[2025-10-09T11:28:28.790+0000] {processor.py:925} INFO - DAG(s) 'example_workday_timetable' retrieved from /home/airflow/.local/lib/python3.12/site-packages/airflow/example_dags/example_workday_timetable.py
[2025-10-09T11:28:28.815+0000] {logging_mixin.py:190} INFO - [2025-10-09T11:28:28.815+0000] {dag.py:3239} INFO - Sync 1 DAGs
[2025-10-09T11:28:28.942+0000] {logging_mixin.py:190} INFO - [2025-10-09T11:28:28.942+0000] {dag.py:4180} INFO - Setting next_dagrun for example_workday_timetable to 2021-01-04 00:00:00+00:00, run_after=2021-01-05 00:00:00+00:00
[2025-10-09T11:28:29.193+0000] {processor.py:208} INFO - Processing /home/airflow/.local/lib/python3.12/site-packages/airflow/example_dags/example_workday_timetable.py took 0.421 seconds
[2025-10-09T11:37:58.065+0000] {processor.py:186} INFO - Started process (PID=3047) to work on /home/airflow/.local/lib/python3.12/site-packages/airflow/example_dags/example_workday_timetable.py
[2025-10-09T11:37:58.067+0000] {processor.py:914} INFO - Processing file /home/airflow/.local/lib/python3.12/site-packages/airflow/example_dags/example_workday_timetable.py for tasks to queue
[2025-10-09T11:37:58.072+0000] {logging_mixin.py:190} INFO - [2025-10-09T11:37:58.071+0000] {dagbag.py:588} INFO - Filling up the DagBag from /home/airflow/.local/lib/python3.12/site-packages/airflow/example_dags/example_workday_timetable.py
[2025-10-09T11:37:58.083+0000] {processor.py:925} INFO - DAG(s) 'example_workday_timetable' retrieved from /home/airflow/.local/lib/python3.12/site-packages/airflow/example_dags/example_workday_timetable.py
[2025-10-09T11:37:58.113+0000] {logging_mixin.py:190} INFO - [2025-10-09T11:37:58.113+0000] {dag.py:3239} INFO - Sync 1 DAGs
[2025-10-09T11:37:58.269+0000] {logging_mixin.py:190} INFO - [2025-10-09T11:37:58.268+0000] {dag.py:4180} INFO - Setting next_dagrun for example_workday_timetable to 2021-01-04 00:00:00+00:00, run_after=2021-01-05 00:00:00+00:00
[2025-10-09T11:37:58.311+0000] {processor.py:208} INFO - Processing /home/airflow/.local/lib/python3.12/site-packages/airflow/example_dags/example_workday_timetable.py took 0.254 seconds
[2025-10-09T11:38:46.956+0000] {processor.py:186} INFO - Started process (PID=60) to work on /home/airflow/.local/lib/python3.12/site-packages/airflow/example_dags/example_workday_timetable.py
[2025-10-09T11:38:46.957+0000] {processor.py:914} INFO - Processing file /home/airflow/.local/lib/python3.12/site-packages/airflow/example_dags/example_workday_timetable.py for tasks to queue
[2025-10-09T11:38:46.962+0000] {logging_mixin.py:190} INFO - [2025-10-09T11:38:46.961+0000] {dagbag.py:588} INFO - Filling up the DagBag from /home/airflow/.local/lib/python3.12/site-packages/airflow/example_dags/example_workday_timetable.py
[2025-10-09T11:38:46.974+0000] {processor.py:925} INFO - DAG(s) 'example_workday_timetable' retrieved from /home/airflow/.local/lib/python3.12/site-packages/airflow/example_dags/example_workday_timetable.py
[2025-10-09T11:38:47.012+0000] {logging_mixin.py:190} INFO - [2025-10-09T11:38:47.011+0000] {dag.py:3239} INFO - Sync 1 DAGs
[2025-10-09T11:38:47.079+0000] {logging_mixin.py:190} INFO - [2025-10-09T11:38:47.079+0000] {dag.py:4180} INFO - Setting next_dagrun for example_workday_timetable to 2021-01-04 00:00:00+00:00, run_after=2021-01-05 00:00:00+00:00
[2025-10-09T11:38:47.099+0000] {processor.py:208} INFO - Processing /home/airflow/.local/lib/python3.12/site-packages/airflow/example_dags/example_workday_timetable.py took 0.152 seconds
[2025-10-09T11:39:18.088+0000] {processor.py:186} INFO - Started process (PID=129) to work on /home/airflow/.local/lib/python3.12/site-packages/airflow/example_dags/example_workday_timetable.py
[2025-10-09T11:39:18.090+0000] {processor.py:914} INFO - Processing file /home/airflow/.local/lib/python3.12/site-packages/airflow/example_dags/example_workday_timetable.py for tasks to queue
[2025-10-09T11:39:18.093+0000] {logging_mixin.py:190} INFO - [2025-10-09T11:39:18.093+0000] {dagbag.py:588} INFO - Filling up the DagBag from /home/airflow/.local/lib/python3.12/site-packages/airflow/example_dags/example_workday_timetable.py
[2025-10-09T11:39:18.102+0000] {processor.py:925} INFO - DAG(s) 'example_workday_timetable' retrieved from /home/airflow/.local/lib/python3.12/site-packages/airflow/example_dags/example_workday_timetable.py
[2025-10-09T11:39:18.145+0000] {logging_mixin.py:190} INFO - [2025-10-09T11:39:18.145+0000] {dag.py:3239} INFO - Sync 1 DAGs
[2025-10-09T11:39:18.317+0000] {logging_mixin.py:190} INFO - [2025-10-09T11:39:18.316+0000] {dag.py:4180} INFO - Setting next_dagrun for example_workday_timetable to 2021-01-04 00:00:00+00:00, run_after=2021-01-05 00:00:00+00:00
[2025-10-09T11:39:19.161+0000] {processor.py:208} INFO - Processing /home/airflow/.local/lib/python3.12/site-packages/airflow/example_dags/example_workday_timetable.py took 1.083 seconds
[2025-10-09T11:39:49.473+0000] {processor.py:186} INFO - Started process (PID=192) to work on /home/airflow/.local/lib/python3.12/site-packages/airflow/example_dags/example_workday_timetable.py
[2025-10-09T11:39:49.474+0000] {processor.py:914} INFO - Processing file /home/airflow/.local/lib/python3.12/site-packages/airflow/example_dags/example_workday_timetable.py for tasks to queue
[2025-10-09T11:39:49.478+0000] {logging_mixin.py:190} INFO - [2025-10-09T11:39:49.478+0000] {dagbag.py:588} INFO - Filling up the DagBag from /home/airflow/.local/lib/python3.12/site-packages/airflow/example_dags/example_workday_timetable.py
[2025-10-09T11:39:49.486+0000] {processor.py:925} INFO - DAG(s) 'example_workday_timetable' retrieved from /home/airflow/.local/lib/python3.12/site-packages/airflow/example_dags/example_workday_timetable.py
[2025-10-09T11:39:49.530+0000] {logging_mixin.py:190} INFO - [2025-10-09T11:39:49.530+0000] {dag.py:3239} INFO - Sync 1 DAGs
[2025-10-09T11:39:49.659+0000] {logging_mixin.py:190} INFO - [2025-10-09T11:39:49.659+0000] {dag.py:4180} INFO - Setting next_dagrun for example_workday_timetable to 2021-01-04 00:00:00+00:00, run_after=2021-01-05 00:00:00+00:00
[2025-10-09T11:39:49.692+0000] {processor.py:208} INFO - Processing /home/airflow/.local/lib/python3.12/site-packages/airflow/example_dags/example_workday_timetable.py took 0.227 seconds
[2025-10-09T11:40:20.567+0000] {processor.py:186} INFO - Started process (PID=255) to work on /home/airflow/.local/lib/python3.12/site-packages/airflow/example_dags/example_workday_timetable.py
[2025-10-09T11:40:20.570+0000] {processor.py:914} INFO - Processing file /home/airflow/.local/lib/python3.12/site-packages/airflow/example_dags/example_workday_timetable.py for tasks to queue
[2025-10-09T11:40:20.576+0000] {logging_mixin.py:190} INFO - [2025-10-09T11:40:20.574+0000] {dagbag.py:588} INFO - Filling up the DagBag from /home/airflow/.local/lib/python3.12/site-packages/airflow/example_dags/example_workday_timetable.py
[2025-10-09T11:40:20.589+0000] {processor.py:925} INFO - DAG(s) 'example_workday_timetable' retrieved from /home/airflow/.local/lib/python3.12/site-packages/airflow/example_dags/example_workday_timetable.py
[2025-10-09T11:40:20.629+0000] {logging_mixin.py:190} INFO - [2025-10-09T11:40:20.628+0000] {dag.py:3239} INFO - Sync 1 DAGs
[2025-10-09T11:40:20.773+0000] {logging_mixin.py:190} INFO - [2025-10-09T11:40:20.772+0000] {dag.py:4180} INFO - Setting next_dagrun for example_workday_timetable to 2021-01-04 00:00:00+00:00, run_after=2021-01-05 00:00:00+00:00
[2025-10-09T11:40:20.823+0000] {processor.py:208} INFO - Processing /home/airflow/.local/lib/python3.12/site-packages/airflow/example_dags/example_workday_timetable.py took 0.274 seconds
[2025-10-09T11:40:51.352+0000] {processor.py:186} INFO - Started process (PID=318) to work on /home/airflow/.local/lib/python3.12/site-packages/airflow/example_dags/example_workday_timetable.py
[2025-10-09T11:40:51.354+0000] {processor.py:914} INFO - Processing file /home/airflow/.local/lib/python3.12/site-packages/airflow/example_dags/example_workday_timetable.py for tasks to queue
[2025-10-09T11:40:51.358+0000] {logging_mixin.py:190} INFO - [2025-10-09T11:40:51.357+0000] {dagbag.py:588} INFO - Filling up the DagBag from /home/airflow/.local/lib/python3.12/site-packages/airflow/example_dags/example_workday_timetable.py
[2025-10-09T11:40:51.368+0000] {processor.py:925} INFO - DAG(s) 'example_workday_timetable' retrieved from /home/airflow/.local/lib/python3.12/site-packages/airflow/example_dags/example_workday_timetable.py
[2025-10-09T11:40:51.407+0000] {logging_mixin.py:190} INFO - [2025-10-09T11:40:51.407+0000] {dag.py:3239} INFO - Sync 1 DAGs
[2025-10-09T11:40:51.637+0000] {logging_mixin.py:190} INFO - [2025-10-09T11:40:51.636+0000] {dag.py:4180} INFO - Setting next_dagrun for example_workday_timetable to 2021-01-04 00:00:00+00:00, run_after=2021-01-05 00:00:00+00:00
[2025-10-09T11:40:51.668+0000] {processor.py:208} INFO - Processing /home/airflow/.local/lib/python3.12/site-packages/airflow/example_dags/example_workday_timetable.py took 0.325 seconds
[2025-10-09T11:41:22.002+0000] {processor.py:186} INFO - Started process (PID=383) to work on /home/airflow/.local/lib/python3.12/site-packages/airflow/example_dags/example_workday_timetable.py
[2025-10-09T11:41:22.004+0000] {processor.py:914} INFO - Processing file /home/airflow/.local/lib/python3.12/site-packages/airflow/example_dags/example_workday_timetable.py for tasks to queue
[2025-10-09T11:41:22.008+0000] {logging_mixin.py:190} INFO - [2025-10-09T11:41:22.007+0000] {dagbag.py:588} INFO - Filling up the DagBag from /home/airflow/.local/lib/python3.12/site-packages/airflow/example_dags/example_workday_timetable.py
[2025-10-09T11:41:22.020+0000] {processor.py:925} INFO - DAG(s) 'example_workday_timetable' retrieved from /home/airflow/.local/lib/python3.12/site-packages/airflow/example_dags/example_workday_timetable.py
[2025-10-09T11:41:22.066+0000] {logging_mixin.py:190} INFO - [2025-10-09T11:41:22.066+0000] {dag.py:3239} INFO - Sync 1 DAGs
[2025-10-09T11:41:22.389+0000] {logging_mixin.py:190} INFO - [2025-10-09T11:41:22.389+0000] {dag.py:4180} INFO - Setting next_dagrun for example_workday_timetable to 2021-01-04 00:00:00+00:00, run_after=2021-01-05 00:00:00+00:00
[2025-10-09T11:41:22.438+0000] {processor.py:208} INFO - Processing /home/airflow/.local/lib/python3.12/site-packages/airflow/example_dags/example_workday_timetable.py took 0.450 seconds
[2025-10-09T11:41:53.276+0000] {processor.py:186} INFO - Started process (PID=446) to work on /home/airflow/.local/lib/python3.12/site-packages/airflow/example_dags/example_workday_timetable.py
[2025-10-09T11:41:53.279+0000] {processor.py:914} INFO - Processing file /home/airflow/.local/lib/python3.12/site-packages/airflow/example_dags/example_workday_timetable.py for tasks to queue
[2025-10-09T11:41:53.288+0000] {logging_mixin.py:190} INFO - [2025-10-09T11:41:53.287+0000] {dagbag.py:588} INFO - Filling up the DagBag from /home/airflow/.local/lib/python3.12/site-packages/airflow/example_dags/example_workday_timetable.py
[2025-10-09T11:41:53.304+0000] {processor.py:925} INFO - DAG(s) 'example_workday_timetable' retrieved from /home/airflow/.local/lib/python3.12/site-packages/airflow/example_dags/example_workday_timetable.py
[2025-10-09T11:41:53.364+0000] {logging_mixin.py:190} INFO - [2025-10-09T11:41:53.363+0000] {dag.py:3239} INFO - Sync 1 DAGs
[2025-10-09T11:41:53.734+0000] {logging_mixin.py:190} INFO - [2025-10-09T11:41:53.734+0000] {dag.py:4180} INFO - Setting next_dagrun for example_workday_timetable to 2021-01-04 00:00:00+00:00, run_after=2021-01-05 00:00:00+00:00
[2025-10-09T11:41:53.798+0000] {processor.py:208} INFO - Processing /home/airflow/.local/lib/python3.12/site-packages/airflow/example_dags/example_workday_timetable.py took 0.539 seconds
[2025-10-09T11:42:23.987+0000] {processor.py:186} INFO - Started process (PID=509) to work on /home/airflow/.local/lib/python3.12/site-packages/airflow/example_dags/example_workday_timetable.py
[2025-10-09T11:42:23.990+0000] {processor.py:914} INFO - Processing file /home/airflow/.local/lib/python3.12/site-packages/airflow/example_dags/example_workday_timetable.py for tasks to queue
[2025-10-09T11:42:24.005+0000] {logging_mixin.py:190} INFO - [2025-10-09T11:42:24.004+0000] {dagbag.py:588} INFO - Filling up the DagBag from /home/airflow/.local/lib/python3.12/site-packages/airflow/example_dags/example_workday_timetable.py
[2025-10-09T11:42:24.023+0000] {processor.py:925} INFO - DAG(s) 'example_workday_timetable' retrieved from /home/airflow/.local/lib/python3.12/site-packages/airflow/example_dags/example_workday_timetable.py
[2025-10-09T11:42:24.081+0000] {logging_mixin.py:190} INFO - [2025-10-09T11:42:24.081+0000] {dag.py:3239} INFO - Sync 1 DAGs
[2025-10-09T11:42:24.371+0000] {logging_mixin.py:190} INFO - [2025-10-09T11:42:24.370+0000] {dag.py:4180} INFO - Setting next_dagrun for example_workday_timetable to 2021-01-04 00:00:00+00:00, run_after=2021-01-05 00:00:00+00:00
[2025-10-09T11:42:24.428+0000] {processor.py:208} INFO - Processing /home/airflow/.local/lib/python3.12/site-packages/airflow/example_dags/example_workday_timetable.py took 0.464 seconds
[2025-10-09T11:42:55.216+0000] {processor.py:186} INFO - Started process (PID=572) to work on /home/airflow/.local/lib/python3.12/site-packages/airflow/example_dags/example_workday_timetable.py
[2025-10-09T11:42:55.223+0000] {processor.py:914} INFO - Processing file /home/airflow/.local/lib/python3.12/site-packages/airflow/example_dags/example_workday_timetable.py for tasks to queue
[2025-10-09T11:42:55.226+0000] {logging_mixin.py:190} INFO - [2025-10-09T11:42:55.225+0000] {dagbag.py:588} INFO - Filling up the DagBag from /home/airflow/.local/lib/python3.12/site-packages/airflow/example_dags/example_workday_timetable.py
[2025-10-09T11:42:55.233+0000] {processor.py:925} INFO - DAG(s) 'example_workday_timetable' retrieved from /home/airflow/.local/lib/python3.12/site-packages/airflow/example_dags/example_workday_timetable.py
[2025-10-09T11:42:55.257+0000] {logging_mixin.py:190} INFO - [2025-10-09T11:42:55.257+0000] {dag.py:3239} INFO - Sync 1 DAGs
[2025-10-09T11:42:55.376+0000] {logging_mixin.py:190} INFO - [2025-10-09T11:42:55.376+0000] {dag.py:4180} INFO - Setting next_dagrun for example_workday_timetable to 2021-01-04 00:00:00+00:00, run_after=2021-01-05 00:00:00+00:00
[2025-10-09T11:42:55.402+0000] {processor.py:208} INFO - Processing /home/airflow/.local/lib/python3.12/site-packages/airflow/example_dags/example_workday_timetable.py took 0.192 seconds
[2025-10-09T11:43:25.773+0000] {processor.py:186} INFO - Started process (PID=636) to work on /home/airflow/.local/lib/python3.12/site-packages/airflow/example_dags/example_workday_timetable.py
[2025-10-09T11:43:25.774+0000] {processor.py:914} INFO - Processing file /home/airflow/.local/lib/python3.12/site-packages/airflow/example_dags/example_workday_timetable.py for tasks to queue
[2025-10-09T11:43:25.777+0000] {logging_mixin.py:190} INFO - [2025-10-09T11:43:25.777+0000] {dagbag.py:588} INFO - Filling up the DagBag from /home/airflow/.local/lib/python3.12/site-packages/airflow/example_dags/example_workday_timetable.py
[2025-10-09T11:43:25.784+0000] {processor.py:925} INFO - DAG(s) 'example_workday_timetable' retrieved from /home/airflow/.local/lib/python3.12/site-packages/airflow/example_dags/example_workday_timetable.py
[2025-10-09T11:43:25.831+0000] {logging_mixin.py:190} INFO - [2025-10-09T11:43:25.830+0000] {dag.py:3239} INFO - Sync 1 DAGs
[2025-10-09T11:43:26.034+0000] {logging_mixin.py:190} INFO - [2025-10-09T11:43:26.033+0000] {dag.py:4180} INFO - Setting next_dagrun for example_workday_timetable to 2021-01-04 00:00:00+00:00, run_after=2021-01-05 00:00:00+00:00
[2025-10-09T11:43:26.058+0000] {processor.py:208} INFO - Processing /home/airflow/.local/lib/python3.12/site-packages/airflow/example_dags/example_workday_timetable.py took 0.292 seconds
[2025-10-09T11:43:56.966+0000] {processor.py:186} INFO - Started process (PID=699) to work on /home/airflow/.local/lib/python3.12/site-packages/airflow/example_dags/example_workday_timetable.py
[2025-10-09T11:43:56.967+0000] {processor.py:914} INFO - Processing file /home/airflow/.local/lib/python3.12/site-packages/airflow/example_dags/example_workday_timetable.py for tasks to queue
[2025-10-09T11:43:56.970+0000] {logging_mixin.py:190} INFO - [2025-10-09T11:43:56.970+0000] {dagbag.py:588} INFO - Filling up the DagBag from /home/airflow/.local/lib/python3.12/site-packages/airflow/example_dags/example_workday_timetable.py
[2025-10-09T11:43:56.977+0000] {processor.py:925} INFO - DAG(s) 'example_workday_timetable' retrieved from /home/airflow/.local/lib/python3.12/site-packages/airflow/example_dags/example_workday_timetable.py
[2025-10-09T11:43:57.002+0000] {logging_mixin.py:190} INFO - [2025-10-09T11:43:57.002+0000] {dag.py:3239} INFO - Sync 1 DAGs
[2025-10-09T11:43:57.074+0000] {logging_mixin.py:190} INFO - [2025-10-09T11:43:57.074+0000] {dag.py:4180} INFO - Setting next_dagrun for example_workday_timetable to 2021-01-04 00:00:00+00:00, run_after=2021-01-05 00:00:00+00:00
[2025-10-09T11:43:57.099+0000] {processor.py:208} INFO - Processing /home/airflow/.local/lib/python3.12/site-packages/airflow/example_dags/example_workday_timetable.py took 0.139 seconds
[2025-10-09T11:44:27.187+0000] {processor.py:186} INFO - Started process (PID=762) to work on /home/airflow/.local/lib/python3.12/site-packages/airflow/example_dags/example_workday_timetable.py
[2025-10-09T11:44:27.188+0000] {processor.py:914} INFO - Processing file /home/airflow/.local/lib/python3.12/site-packages/airflow/example_dags/example_workday_timetable.py for tasks to queue
[2025-10-09T11:44:27.191+0000] {logging_mixin.py:190} INFO - [2025-10-09T11:44:27.191+0000] {dagbag.py:588} INFO - Filling up the DagBag from /home/airflow/.local/lib/python3.12/site-packages/airflow/example_dags/example_workday_timetable.py
[2025-10-09T11:44:27.198+0000] {processor.py:925} INFO - DAG(s) 'example_workday_timetable' retrieved from /home/airflow/.local/lib/python3.12/site-packages/airflow/example_dags/example_workday_timetable.py
[2025-10-09T11:44:27.222+0000] {logging_mixin.py:190} INFO - [2025-10-09T11:44:27.222+0000] {dag.py:3239} INFO - Sync 1 DAGs
[2025-10-09T11:44:27.303+0000] {logging_mixin.py:190} INFO - [2025-10-09T11:44:27.303+0000] {dag.py:4180} INFO - Setting next_dagrun for example_workday_timetable to 2021-01-04 00:00:00+00:00, run_after=2021-01-05 00:00:00+00:00
[2025-10-09T11:44:27.325+0000] {processor.py:208} INFO - Processing /home/airflow/.local/lib/python3.12/site-packages/airflow/example_dags/example_workday_timetable.py took 0.144 seconds
[2025-10-09T11:44:57.602+0000] {processor.py:186} INFO - Started process (PID=825) to work on /home/airflow/.local/lib/python3.12/site-packages/airflow/example_dags/example_workday_timetable.py
[2025-10-09T11:44:57.603+0000] {processor.py:914} INFO - Processing file /home/airflow/.local/lib/python3.12/site-packages/airflow/example_dags/example_workday_timetable.py for tasks to queue
[2025-10-09T11:44:57.606+0000] {logging_mixin.py:190} INFO - [2025-10-09T11:44:57.606+0000] {dagbag.py:588} INFO - Filling up the DagBag from /home/airflow/.local/lib/python3.12/site-packages/airflow/example_dags/example_workday_timetable.py
[2025-10-09T11:44:57.614+0000] {processor.py:925} INFO - DAG(s) 'example_workday_timetable' retrieved from /home/airflow/.local/lib/python3.12/site-packages/airflow/example_dags/example_workday_timetable.py
[2025-10-09T11:44:57.639+0000] {logging_mixin.py:190} INFO - [2025-10-09T11:44:57.638+0000] {dag.py:3239} INFO - Sync 1 DAGs
[2025-10-09T11:44:57.714+0000] {logging_mixin.py:190} INFO - [2025-10-09T11:44:57.713+0000] {dag.py:4180} INFO - Setting next_dagrun for example_workday_timetable to 2021-01-04 00:00:00+00:00, run_after=2021-01-05 00:00:00+00:00
[2025-10-09T11:44:57.737+0000] {processor.py:208} INFO - Processing /home/airflow/.local/lib/python3.12/site-packages/airflow/example_dags/example_workday_timetable.py took 0.142 seconds
[2025-10-09T11:45:28.184+0000] {processor.py:186} INFO - Started process (PID=888) to work on /home/airflow/.local/lib/python3.12/site-packages/airflow/example_dags/example_workday_timetable.py
[2025-10-09T11:45:28.186+0000] {processor.py:914} INFO - Processing file /home/airflow/.local/lib/python3.12/site-packages/airflow/example_dags/example_workday_timetable.py for tasks to queue
[2025-10-09T11:45:28.190+0000] {logging_mixin.py:190} INFO - [2025-10-09T11:45:28.190+0000] {dagbag.py:588} INFO - Filling up the DagBag from /home/airflow/.local/lib/python3.12/site-packages/airflow/example_dags/example_workday_timetable.py
[2025-10-09T11:45:28.199+0000] {processor.py:925} INFO - DAG(s) 'example_workday_timetable' retrieved from /home/airflow/.local/lib/python3.12/site-packages/airflow/example_dags/example_workday_timetable.py
[2025-10-09T11:45:28.229+0000] {logging_mixin.py:190} INFO - [2025-10-09T11:45:28.229+0000] {dag.py:3239} INFO - Sync 1 DAGs
[2025-10-09T11:45:28.322+0000] {logging_mixin.py:190} INFO - [2025-10-09T11:45:28.321+0000] {dag.py:4180} INFO - Setting next_dagrun for example_workday_timetable to 2021-01-04 00:00:00+00:00, run_after=2021-01-05 00:00:00+00:00
[2025-10-09T11:45:28.348+0000] {processor.py:208} INFO - Processing /home/airflow/.local/lib/python3.12/site-packages/airflow/example_dags/example_workday_timetable.py took 0.173 seconds
[2025-10-09T11:45:58.671+0000] {processor.py:186} INFO - Started process (PID=952) to work on /home/airflow/.local/lib/python3.12/site-packages/airflow/example_dags/example_workday_timetable.py
[2025-10-09T11:45:58.673+0000] {processor.py:914} INFO - Processing file /home/airflow/.local/lib/python3.12/site-packages/airflow/example_dags/example_workday_timetable.py for tasks to queue
[2025-10-09T11:45:58.676+0000] {logging_mixin.py:190} INFO - [2025-10-09T11:45:58.676+0000] {dagbag.py:588} INFO - Filling up the DagBag from /home/airflow/.local/lib/python3.12/site-packages/airflow/example_dags/example_workday_timetable.py
[2025-10-09T11:45:58.684+0000] {processor.py:925} INFO - DAG(s) 'example_workday_timetable' retrieved from /home/airflow/.local/lib/python3.12/site-packages/airflow/example_dags/example_workday_timetable.py
[2025-10-09T11:45:58.709+0000] {logging_mixin.py:190} INFO - [2025-10-09T11:45:58.709+0000] {dag.py:3239} INFO - Sync 1 DAGs
[2025-10-09T11:45:58.775+0000] {logging_mixin.py:190} INFO - [2025-10-09T11:45:58.775+0000] {dag.py:4180} INFO - Setting next_dagrun for example_workday_timetable to 2021-01-04 00:00:00+00:00, run_after=2021-01-05 00:00:00+00:00
[2025-10-09T11:45:58.802+0000] {processor.py:208} INFO - Processing /home/airflow/.local/lib/python3.12/site-packages/airflow/example_dags/example_workday_timetable.py took 0.137 seconds
[2025-10-09T11:46:29.048+0000] {processor.py:186} INFO - Started process (PID=1015) to work on /home/airflow/.local/lib/python3.12/site-packages/airflow/example_dags/example_workday_timetable.py
[2025-10-09T11:46:29.049+0000] {processor.py:914} INFO - Processing file /home/airflow/.local/lib/python3.12/site-packages/airflow/example_dags/example_workday_timetable.py for tasks to queue
[2025-10-09T11:46:29.052+0000] {logging_mixin.py:190} INFO - [2025-10-09T11:46:29.052+0000] {dagbag.py:588} INFO - Filling up the DagBag from /home/airflow/.local/lib/python3.12/site-packages/airflow/example_dags/example_workday_timetable.py
[2025-10-09T11:46:29.059+0000] {processor.py:925} INFO - DAG(s) 'example_workday_timetable' retrieved from /home/airflow/.local/lib/python3.12/site-packages/airflow/example_dags/example_workday_timetable.py
[2025-10-09T11:46:29.082+0000] {logging_mixin.py:190} INFO - [2025-10-09T11:46:29.082+0000] {dag.py:3239} INFO - Sync 1 DAGs
[2025-10-09T11:46:29.152+0000] {logging_mixin.py:190} INFO - [2025-10-09T11:46:29.152+0000] {dag.py:4180} INFO - Setting next_dagrun for example_workday_timetable to 2021-01-04 00:00:00+00:00, run_after=2021-01-05 00:00:00+00:00
[2025-10-09T11:46:29.175+0000] {processor.py:208} INFO - Processing /home/airflow/.local/lib/python3.12/site-packages/airflow/example_dags/example_workday_timetable.py took 0.134 seconds
[2025-10-09T11:46:59.308+0000] {processor.py:186} INFO - Started process (PID=1078) to work on /home/airflow/.local/lib/python3.12/site-packages/airflow/example_dags/example_workday_timetable.py
[2025-10-09T11:46:59.310+0000] {processor.py:914} INFO - Processing file /home/airflow/.local/lib/python3.12/site-packages/airflow/example_dags/example_workday_timetable.py for tasks to queue
[2025-10-09T11:46:59.313+0000] {logging_mixin.py:190} INFO - [2025-10-09T11:46:59.313+0000] {dagbag.py:588} INFO - Filling up the DagBag from /home/airflow/.local/lib/python3.12/site-packages/airflow/example_dags/example_workday_timetable.py
[2025-10-09T11:46:59.320+0000] {processor.py:925} INFO - DAG(s) 'example_workday_timetable' retrieved from /home/airflow/.local/lib/python3.12/site-packages/airflow/example_dags/example_workday_timetable.py
[2025-10-09T11:46:59.345+0000] {logging_mixin.py:190} INFO - [2025-10-09T11:46:59.345+0000] {dag.py:3239} INFO - Sync 1 DAGs
[2025-10-09T11:46:59.422+0000] {logging_mixin.py:190} INFO - [2025-10-09T11:46:59.422+0000] {dag.py:4180} INFO - Setting next_dagrun for example_workday_timetable to 2021-01-04 00:00:00+00:00, run_after=2021-01-05 00:00:00+00:00
[2025-10-09T11:46:59.447+0000] {processor.py:208} INFO - Processing /home/airflow/.local/lib/python3.12/site-packages/airflow/example_dags/example_workday_timetable.py took 0.146 seconds
[2025-10-09T11:47:29.849+0000] {processor.py:186} INFO - Started process (PID=1141) to work on /home/airflow/.local/lib/python3.12/site-packages/airflow/example_dags/example_workday_timetable.py
[2025-10-09T11:47:29.851+0000] {processor.py:914} INFO - Processing file /home/airflow/.local/lib/python3.12/site-packages/airflow/example_dags/example_workday_timetable.py for tasks to queue
[2025-10-09T11:47:29.854+0000] {logging_mixin.py:190} INFO - [2025-10-09T11:47:29.853+0000] {dagbag.py:588} INFO - Filling up the DagBag from /home/airflow/.local/lib/python3.12/site-packages/airflow/example_dags/example_workday_timetable.py
[2025-10-09T11:47:29.860+0000] {processor.py:925} INFO - DAG(s) 'example_workday_timetable' retrieved from /home/airflow/.local/lib/python3.12/site-packages/airflow/example_dags/example_workday_timetable.py
[2025-10-09T11:47:29.883+0000] {logging_mixin.py:190} INFO - [2025-10-09T11:47:29.883+0000] {dag.py:3239} INFO - Sync 1 DAGs
[2025-10-09T11:47:29.964+0000] {logging_mixin.py:190} INFO - [2025-10-09T11:47:29.964+0000] {dag.py:4180} INFO - Setting next_dagrun for example_workday_timetable to 2021-01-04 00:00:00+00:00, run_after=2021-01-05 00:00:00+00:00
[2025-10-09T11:47:29.991+0000] {processor.py:208} INFO - Processing /home/airflow/.local/lib/python3.12/site-packages/airflow/example_dags/example_workday_timetable.py took 0.151 seconds
[2025-10-09T11:48:00.475+0000] {processor.py:186} INFO - Started process (PID=1204) to work on /home/airflow/.local/lib/python3.12/site-packages/airflow/example_dags/example_workday_timetable.py
[2025-10-09T11:48:00.477+0000] {processor.py:914} INFO - Processing file /home/airflow/.local/lib/python3.12/site-packages/airflow/example_dags/example_workday_timetable.py for tasks to queue
[2025-10-09T11:48:00.481+0000] {logging_mixin.py:190} INFO - [2025-10-09T11:48:00.480+0000] {dagbag.py:588} INFO - Filling up the DagBag from /home/airflow/.local/lib/python3.12/site-packages/airflow/example_dags/example_workday_timetable.py
[2025-10-09T11:48:00.492+0000] {processor.py:925} INFO - DAG(s) 'example_workday_timetable' retrieved from /home/airflow/.local/lib/python3.12/site-packages/airflow/example_dags/example_workday_timetable.py
[2025-10-09T11:48:00.528+0000] {logging_mixin.py:190} INFO - [2025-10-09T11:48:00.528+0000] {dag.py:3239} INFO - Sync 1 DAGs
[2025-10-09T11:48:00.632+0000] {logging_mixin.py:190} INFO - [2025-10-09T11:48:00.632+0000] {dag.py:4180} INFO - Setting next_dagrun for example_workday_timetable to 2021-01-04 00:00:00+00:00, run_after=2021-01-05 00:00:00+00:00
[2025-10-09T11:48:00.677+0000] {processor.py:208} INFO - Processing /home/airflow/.local/lib/python3.12/site-packages/airflow/example_dags/example_workday_timetable.py took 0.213 seconds
[2025-10-09T11:48:31.038+0000] {processor.py:186} INFO - Started process (PID=1267) to work on /home/airflow/.local/lib/python3.12/site-packages/airflow/example_dags/example_workday_timetable.py
[2025-10-09T11:48:31.045+0000] {processor.py:914} INFO - Processing file /home/airflow/.local/lib/python3.12/site-packages/airflow/example_dags/example_workday_timetable.py for tasks to queue
[2025-10-09T11:48:31.056+0000] {logging_mixin.py:190} INFO - [2025-10-09T11:48:31.054+0000] {dagbag.py:588} INFO - Filling up the DagBag from /home/airflow/.local/lib/python3.12/site-packages/airflow/example_dags/example_workday_timetable.py
[2025-10-09T11:48:31.078+0000] {processor.py:925} INFO - DAG(s) 'example_workday_timetable' retrieved from /home/airflow/.local/lib/python3.12/site-packages/airflow/example_dags/example_workday_timetable.py
[2025-10-09T11:48:31.170+0000] {logging_mixin.py:190} INFO - [2025-10-09T11:48:31.169+0000] {dag.py:3239} INFO - Sync 1 DAGs
[2025-10-09T11:48:31.355+0000] {logging_mixin.py:190} INFO - [2025-10-09T11:48:31.355+0000] {dag.py:4180} INFO - Setting next_dagrun for example_workday_timetable to 2021-01-04 00:00:00+00:00, run_after=2021-01-05 00:00:00+00:00
[2025-10-09T11:48:31.385+0000] {processor.py:208} INFO - Processing /home/airflow/.local/lib/python3.12/site-packages/airflow/example_dags/example_workday_timetable.py took 0.367 seconds
[2025-10-09T11:49:02.319+0000] {processor.py:186} INFO - Started process (PID=1330) to work on /home/airflow/.local/lib/python3.12/site-packages/airflow/example_dags/example_workday_timetable.py
[2025-10-09T11:49:02.321+0000] {processor.py:914} INFO - Processing file /home/airflow/.local/lib/python3.12/site-packages/airflow/example_dags/example_workday_timetable.py for tasks to queue
[2025-10-09T11:49:02.325+0000] {logging_mixin.py:190} INFO - [2025-10-09T11:49:02.324+0000] {dagbag.py:588} INFO - Filling up the DagBag from /home/airflow/.local/lib/python3.12/site-packages/airflow/example_dags/example_workday_timetable.py
[2025-10-09T11:49:02.334+0000] {processor.py:925} INFO - DAG(s) 'example_workday_timetable' retrieved from /home/airflow/.local/lib/python3.12/site-packages/airflow/example_dags/example_workday_timetable.py
[2025-10-09T11:49:02.369+0000] {logging_mixin.py:190} INFO - [2025-10-09T11:49:02.368+0000] {dag.py:3239} INFO - Sync 1 DAGs
[2025-10-09T11:49:02.485+0000] {logging_mixin.py:190} INFO - [2025-10-09T11:49:02.485+0000] {dag.py:4180} INFO - Setting next_dagrun for example_workday_timetable to 2021-01-04 00:00:00+00:00, run_after=2021-01-05 00:00:00+00:00
[2025-10-09T11:49:02.509+0000] {processor.py:208} INFO - Processing /home/airflow/.local/lib/python3.12/site-packages/airflow/example_dags/example_workday_timetable.py took 0.197 seconds
[2025-10-09T11:49:33.151+0000] {processor.py:186} INFO - Started process (PID=1393) to work on /home/airflow/.local/lib/python3.12/site-packages/airflow/example_dags/example_workday_timetable.py
[2025-10-09T11:49:33.152+0000] {processor.py:914} INFO - Processing file /home/airflow/.local/lib/python3.12/site-packages/airflow/example_dags/example_workday_timetable.py for tasks to queue
[2025-10-09T11:49:33.156+0000] {logging_mixin.py:190} INFO - [2025-10-09T11:49:33.155+0000] {dagbag.py:588} INFO - Filling up the DagBag from /home/airflow/.local/lib/python3.12/site-packages/airflow/example_dags/example_workday_timetable.py
[2025-10-09T11:49:33.163+0000] {processor.py:925} INFO - DAG(s) 'example_workday_timetable' retrieved from /home/airflow/.local/lib/python3.12/site-packages/airflow/example_dags/example_workday_timetable.py
[2025-10-09T11:49:33.189+0000] {logging_mixin.py:190} INFO - [2025-10-09T11:49:33.189+0000] {dag.py:3239} INFO - Sync 1 DAGs
[2025-10-09T11:49:33.266+0000] {logging_mixin.py:190} INFO - [2025-10-09T11:49:33.266+0000] {dag.py:4180} INFO - Setting next_dagrun for example_workday_timetable to 2021-01-04 00:00:00+00:00, run_after=2021-01-05 00:00:00+00:00
[2025-10-09T11:49:33.293+0000] {processor.py:208} INFO - Processing /home/airflow/.local/lib/python3.12/site-packages/airflow/example_dags/example_workday_timetable.py took 0.149 seconds
[2025-10-09T11:50:03.742+0000] {processor.py:186} INFO - Started process (PID=1456) to work on /home/airflow/.local/lib/python3.12/site-packages/airflow/example_dags/example_workday_timetable.py
[2025-10-09T11:50:03.743+0000] {processor.py:914} INFO - Processing file /home/airflow/.local/lib/python3.12/site-packages/airflow/example_dags/example_workday_timetable.py for tasks to queue
[2025-10-09T11:50:03.746+0000] {logging_mixin.py:190} INFO - [2025-10-09T11:50:03.746+0000] {dagbag.py:588} INFO - Filling up the DagBag from /home/airflow/.local/lib/python3.12/site-packages/airflow/example_dags/example_workday_timetable.py
[2025-10-09T11:50:03.754+0000] {processor.py:925} INFO - DAG(s) 'example_workday_timetable' retrieved from /home/airflow/.local/lib/python3.12/site-packages/airflow/example_dags/example_workday_timetable.py
[2025-10-09T11:50:03.777+0000] {logging_mixin.py:190} INFO - [2025-10-09T11:50:03.777+0000] {dag.py:3239} INFO - Sync 1 DAGs
[2025-10-09T11:50:03.849+0000] {logging_mixin.py:190} INFO - [2025-10-09T11:50:03.849+0000] {dag.py:4180} INFO - Setting next_dagrun for example_workday_timetable to 2021-01-04 00:00:00+00:00, run_after=2021-01-05 00:00:00+00:00
[2025-10-09T11:50:03.875+0000] {processor.py:208} INFO - Processing /home/airflow/.local/lib/python3.12/site-packages/airflow/example_dags/example_workday_timetable.py took 0.140 seconds
[2025-10-09T11:50:34.264+0000] {processor.py:186} INFO - Started process (PID=1519) to work on /home/airflow/.local/lib/python3.12/site-packages/airflow/example_dags/example_workday_timetable.py
[2025-10-09T11:50:34.265+0000] {processor.py:914} INFO - Processing file /home/airflow/.local/lib/python3.12/site-packages/airflow/example_dags/example_workday_timetable.py for tasks to queue
[2025-10-09T11:50:34.270+0000] {logging_mixin.py:190} INFO - [2025-10-09T11:50:34.270+0000] {dagbag.py:588} INFO - Filling up the DagBag from /home/airflow/.local/lib/python3.12/site-packages/airflow/example_dags/example_workday_timetable.py
[2025-10-09T11:50:34.287+0000] {processor.py:925} INFO - DAG(s) 'example_workday_timetable' retrieved from /home/airflow/.local/lib/python3.12/site-packages/airflow/example_dags/example_workday_timetable.py
[2025-10-09T11:50:34.322+0000] {logging_mixin.py:190} INFO - [2025-10-09T11:50:34.322+0000] {dag.py:3239} INFO - Sync 1 DAGs
[2025-10-09T11:50:34.463+0000] {logging_mixin.py:190} INFO - [2025-10-09T11:50:34.463+0000] {dag.py:4180} INFO - Setting next_dagrun for example_workday_timetable to 2021-01-04 00:00:00+00:00, run_after=2021-01-05 00:00:00+00:00
[2025-10-09T11:50:34.491+0000] {processor.py:208} INFO - Processing /home/airflow/.local/lib/python3.12/site-packages/airflow/example_dags/example_workday_timetable.py took 0.234 seconds
[2025-10-09T11:51:04.794+0000] {processor.py:186} INFO - Started process (PID=1582) to work on /home/airflow/.local/lib/python3.12/site-packages/airflow/example_dags/example_workday_timetable.py
[2025-10-09T11:51:04.795+0000] {processor.py:914} INFO - Processing file /home/airflow/.local/lib/python3.12/site-packages/airflow/example_dags/example_workday_timetable.py for tasks to queue
[2025-10-09T11:51:04.798+0000] {logging_mixin.py:190} INFO - [2025-10-09T11:51:04.798+0000] {dagbag.py:588} INFO - Filling up the DagBag from /home/airflow/.local/lib/python3.12/site-packages/airflow/example_dags/example_workday_timetable.py
[2025-10-09T11:51:04.806+0000] {processor.py:925} INFO - DAG(s) 'example_workday_timetable' retrieved from /home/airflow/.local/lib/python3.12/site-packages/airflow/example_dags/example_workday_timetable.py
[2025-10-09T11:51:04.828+0000] {logging_mixin.py:190} INFO - [2025-10-09T11:51:04.827+0000] {dag.py:3239} INFO - Sync 1 DAGs
[2025-10-09T11:51:04.959+0000] {logging_mixin.py:190} INFO - [2025-10-09T11:51:04.958+0000] {dag.py:4180} INFO - Setting next_dagrun for example_workday_timetable to 2021-01-04 00:00:00+00:00, run_after=2021-01-05 00:00:00+00:00
[2025-10-09T11:51:04.985+0000] {processor.py:208} INFO - Processing /home/airflow/.local/lib/python3.12/site-packages/airflow/example_dags/example_workday_timetable.py took 0.198 seconds
[2025-10-09T11:51:35.478+0000] {processor.py:186} INFO - Started process (PID=1645) to work on /home/airflow/.local/lib/python3.12/site-packages/airflow/example_dags/example_workday_timetable.py
[2025-10-09T11:51:35.479+0000] {processor.py:914} INFO - Processing file /home/airflow/.local/lib/python3.12/site-packages/airflow/example_dags/example_workday_timetable.py for tasks to queue
[2025-10-09T11:51:35.483+0000] {logging_mixin.py:190} INFO - [2025-10-09T11:51:35.482+0000] {dagbag.py:588} INFO - Filling up the DagBag from /home/airflow/.local/lib/python3.12/site-packages/airflow/example_dags/example_workday_timetable.py
[2025-10-09T11:51:35.491+0000] {processor.py:925} INFO - DAG(s) 'example_workday_timetable' retrieved from /home/airflow/.local/lib/python3.12/site-packages/airflow/example_dags/example_workday_timetable.py
[2025-10-09T11:51:35.516+0000] {logging_mixin.py:190} INFO - [2025-10-09T11:51:35.516+0000] {dag.py:3239} INFO - Sync 1 DAGs
[2025-10-09T11:51:35.624+0000] {logging_mixin.py:190} INFO - [2025-10-09T11:51:35.623+0000] {dag.py:4180} INFO - Setting next_dagrun for example_workday_timetable to 2021-01-04 00:00:00+00:00, run_after=2021-01-05 00:00:00+00:00
[2025-10-09T11:51:35.647+0000] {processor.py:208} INFO - Processing /home/airflow/.local/lib/python3.12/site-packages/airflow/example_dags/example_workday_timetable.py took 0.176 seconds
[2025-10-09T11:52:05.877+0000] {processor.py:186} INFO - Started process (PID=1708) to work on /home/airflow/.local/lib/python3.12/site-packages/airflow/example_dags/example_workday_timetable.py
[2025-10-09T11:52:05.878+0000] {processor.py:914} INFO - Processing file /home/airflow/.local/lib/python3.12/site-packages/airflow/example_dags/example_workday_timetable.py for tasks to queue
[2025-10-09T11:52:05.882+0000] {logging_mixin.py:190} INFO - [2025-10-09T11:52:05.881+0000] {dagbag.py:588} INFO - Filling up the DagBag from /home/airflow/.local/lib/python3.12/site-packages/airflow/example_dags/example_workday_timetable.py
[2025-10-09T11:52:05.889+0000] {processor.py:925} INFO - DAG(s) 'example_workday_timetable' retrieved from /home/airflow/.local/lib/python3.12/site-packages/airflow/example_dags/example_workday_timetable.py
[2025-10-09T11:52:05.916+0000] {logging_mixin.py:190} INFO - [2025-10-09T11:52:05.915+0000] {dag.py:3239} INFO - Sync 1 DAGs
[2025-10-09T11:52:06.076+0000] {logging_mixin.py:190} INFO - [2025-10-09T11:52:06.076+0000] {dag.py:4180} INFO - Setting next_dagrun for example_workday_timetable to 2021-01-04 00:00:00+00:00, run_after=2021-01-05 00:00:00+00:00
[2025-10-09T11:52:06.100+0000] {processor.py:208} INFO - Processing /home/airflow/.local/lib/python3.12/site-packages/airflow/example_dags/example_workday_timetable.py took 0.230 seconds
[2025-10-09T11:52:36.606+0000] {processor.py:186} INFO - Started process (PID=1771) to work on /home/airflow/.local/lib/python3.12/site-packages/airflow/example_dags/example_workday_timetable.py
[2025-10-09T11:52:36.609+0000] {processor.py:914} INFO - Processing file /home/airflow/.local/lib/python3.12/site-packages/airflow/example_dags/example_workday_timetable.py for tasks to queue
[2025-10-09T11:52:36.615+0000] {logging_mixin.py:190} INFO - [2025-10-09T11:52:36.614+0000] {dagbag.py:588} INFO - Filling up the DagBag from /home/airflow/.local/lib/python3.12/site-packages/airflow/example_dags/example_workday_timetable.py
[2025-10-09T11:52:36.630+0000] {processor.py:925} INFO - DAG(s) 'example_workday_timetable' retrieved from /home/airflow/.local/lib/python3.12/site-packages/airflow/example_dags/example_workday_timetable.py
[2025-10-09T11:52:36.677+0000] {logging_mixin.py:190} INFO - [2025-10-09T11:52:36.676+0000] {dag.py:3239} INFO - Sync 1 DAGs
[2025-10-09T11:52:36.870+0000] {logging_mixin.py:190} INFO - [2025-10-09T11:52:36.869+0000] {dag.py:4180} INFO - Setting next_dagrun for example_workday_timetable to 2021-01-04 00:00:00+00:00, run_after=2021-01-05 00:00:00+00:00
[2025-10-09T11:52:36.897+0000] {processor.py:208} INFO - Processing /home/airflow/.local/lib/python3.12/site-packages/airflow/example_dags/example_workday_timetable.py took 0.304 seconds
[2025-10-09T11:53:07.061+0000] {processor.py:186} INFO - Started process (PID=1834) to work on /home/airflow/.local/lib/python3.12/site-packages/airflow/example_dags/example_workday_timetable.py
[2025-10-09T11:53:07.062+0000] {processor.py:914} INFO - Processing file /home/airflow/.local/lib/python3.12/site-packages/airflow/example_dags/example_workday_timetable.py for tasks to queue
[2025-10-09T11:53:07.065+0000] {logging_mixin.py:190} INFO - [2025-10-09T11:53:07.065+0000] {dagbag.py:588} INFO - Filling up the DagBag from /home/airflow/.local/lib/python3.12/site-packages/airflow/example_dags/example_workday_timetable.py
[2025-10-09T11:53:07.074+0000] {processor.py:925} INFO - DAG(s) 'example_workday_timetable' retrieved from /home/airflow/.local/lib/python3.12/site-packages/airflow/example_dags/example_workday_timetable.py
[2025-10-09T11:53:07.099+0000] {logging_mixin.py:190} INFO - [2025-10-09T11:53:07.098+0000] {dag.py:3239} INFO - Sync 1 DAGs
[2025-10-09T11:53:07.203+0000] {logging_mixin.py:190} INFO - [2025-10-09T11:53:07.202+0000] {dag.py:4180} INFO - Setting next_dagrun for example_workday_timetable to 2021-01-04 00:00:00+00:00, run_after=2021-01-05 00:00:00+00:00
[2025-10-09T11:53:07.227+0000] {processor.py:208} INFO - Processing /home/airflow/.local/lib/python3.12/site-packages/airflow/example_dags/example_workday_timetable.py took 0.173 seconds
[2025-10-09T11:53:37.548+0000] {processor.py:186} INFO - Started process (PID=1897) to work on /home/airflow/.local/lib/python3.12/site-packages/airflow/example_dags/example_workday_timetable.py
[2025-10-09T11:53:37.550+0000] {processor.py:914} INFO - Processing file /home/airflow/.local/lib/python3.12/site-packages/airflow/example_dags/example_workday_timetable.py for tasks to queue
[2025-10-09T11:53:37.554+0000] {logging_mixin.py:190} INFO - [2025-10-09T11:53:37.553+0000] {dagbag.py:588} INFO - Filling up the DagBag from /home/airflow/.local/lib/python3.12/site-packages/airflow/example_dags/example_workday_timetable.py
[2025-10-09T11:53:37.565+0000] {processor.py:925} INFO - DAG(s) 'example_workday_timetable' retrieved from /home/airflow/.local/lib/python3.12/site-packages/airflow/example_dags/example_workday_timetable.py
[2025-10-09T11:53:37.598+0000] {logging_mixin.py:190} INFO - [2025-10-09T11:53:37.597+0000] {dag.py:3239} INFO - Sync 1 DAGs
[2025-10-09T11:53:37.719+0000] {logging_mixin.py:190} INFO - [2025-10-09T11:53:37.719+0000] {dag.py:4180} INFO - Setting next_dagrun for example_workday_timetable to 2021-01-04 00:00:00+00:00, run_after=2021-01-05 00:00:00+00:00
[2025-10-09T11:53:37.743+0000] {processor.py:208} INFO - Processing /home/airflow/.local/lib/python3.12/site-packages/airflow/example_dags/example_workday_timetable.py took 0.206 seconds
[2025-10-09T11:54:08.173+0000] {processor.py:186} INFO - Started process (PID=1960) to work on /home/airflow/.local/lib/python3.12/site-packages/airflow/example_dags/example_workday_timetable.py
[2025-10-09T11:54:08.174+0000] {processor.py:914} INFO - Processing file /home/airflow/.local/lib/python3.12/site-packages/airflow/example_dags/example_workday_timetable.py for tasks to queue
[2025-10-09T11:54:08.178+0000] {logging_mixin.py:190} INFO - [2025-10-09T11:54:08.178+0000] {dagbag.py:588} INFO - Filling up the DagBag from /home/airflow/.local/lib/python3.12/site-packages/airflow/example_dags/example_workday_timetable.py
[2025-10-09T11:54:08.186+0000] {processor.py:925} INFO - DAG(s) 'example_workday_timetable' retrieved from /home/airflow/.local/lib/python3.12/site-packages/airflow/example_dags/example_workday_timetable.py
[2025-10-09T11:54:08.214+0000] {logging_mixin.py:190} INFO - [2025-10-09T11:54:08.214+0000] {dag.py:3239} INFO - Sync 1 DAGs
[2025-10-09T11:54:08.302+0000] {logging_mixin.py:190} INFO - [2025-10-09T11:54:08.302+0000] {dag.py:4180} INFO - Setting next_dagrun for example_workday_timetable to 2021-01-04 00:00:00+00:00, run_after=2021-01-05 00:00:00+00:00
[2025-10-09T11:54:08.327+0000] {processor.py:208} INFO - Processing /home/airflow/.local/lib/python3.12/site-packages/airflow/example_dags/example_workday_timetable.py took 0.163 seconds
[2025-10-09T12:01:01.241+0000] {processor.py:186} INFO - Started process (PID=53) to work on /home/airflow/.local/lib/python3.12/site-packages/airflow/example_dags/example_workday_timetable.py
[2025-10-09T12:01:01.243+0000] {processor.py:914} INFO - Processing file /home/airflow/.local/lib/python3.12/site-packages/airflow/example_dags/example_workday_timetable.py for tasks to queue
[2025-10-09T12:01:01.248+0000] {logging_mixin.py:190} INFO - [2025-10-09T12:01:01.247+0000] {dagbag.py:588} INFO - Filling up the DagBag from /home/airflow/.local/lib/python3.12/site-packages/airflow/example_dags/example_workday_timetable.py
[2025-10-09T12:01:01.258+0000] {processor.py:925} INFO - DAG(s) 'example_workday_timetable' retrieved from /home/airflow/.local/lib/python3.12/site-packages/airflow/example_dags/example_workday_timetable.py
[2025-10-09T12:01:01.298+0000] {logging_mixin.py:190} INFO - [2025-10-09T12:01:01.297+0000] {dag.py:3239} INFO - Sync 1 DAGs
[2025-10-09T12:01:01.401+0000] {logging_mixin.py:190} INFO - [2025-10-09T12:01:01.401+0000] {dag.py:4180} INFO - Setting next_dagrun for example_workday_timetable to 2021-01-04 00:00:00+00:00, run_after=2021-01-05 00:00:00+00:00
[2025-10-09T12:01:01.434+0000] {processor.py:208} INFO - Processing /home/airflow/.local/lib/python3.12/site-packages/airflow/example_dags/example_workday_timetable.py took 0.202 seconds
[2025-10-09T12:01:32.248+0000] {processor.py:186} INFO - Started process (PID=116) to work on /home/airflow/.local/lib/python3.12/site-packages/airflow/example_dags/example_workday_timetable.py
[2025-10-09T12:01:32.250+0000] {processor.py:914} INFO - Processing file /home/airflow/.local/lib/python3.12/site-packages/airflow/example_dags/example_workday_timetable.py for tasks to queue
[2025-10-09T12:01:32.253+0000] {logging_mixin.py:190} INFO - [2025-10-09T12:01:32.253+0000] {dagbag.py:588} INFO - Filling up the DagBag from /home/airflow/.local/lib/python3.12/site-packages/airflow/example_dags/example_workday_timetable.py
[2025-10-09T12:01:32.262+0000] {processor.py:925} INFO - DAG(s) 'example_workday_timetable' retrieved from /home/airflow/.local/lib/python3.12/site-packages/airflow/example_dags/example_workday_timetable.py
[2025-10-09T12:01:32.292+0000] {logging_mixin.py:190} INFO - [2025-10-09T12:01:32.292+0000] {dag.py:3239} INFO - Sync 1 DAGs
[2025-10-09T12:01:32.511+0000] {logging_mixin.py:190} INFO - [2025-10-09T12:01:32.510+0000] {dag.py:4180} INFO - Setting next_dagrun for example_workday_timetable to 2021-01-04 00:00:00+00:00, run_after=2021-01-05 00:00:00+00:00
[2025-10-09T12:01:32.549+0000] {processor.py:208} INFO - Processing /home/airflow/.local/lib/python3.12/site-packages/airflow/example_dags/example_workday_timetable.py took 0.310 seconds
[2025-10-09T12:02:02.755+0000] {processor.py:186} INFO - Started process (PID=179) to work on /home/airflow/.local/lib/python3.12/site-packages/airflow/example_dags/example_workday_timetable.py
[2025-10-09T12:02:02.757+0000] {processor.py:914} INFO - Processing file /home/airflow/.local/lib/python3.12/site-packages/airflow/example_dags/example_workday_timetable.py for tasks to queue
[2025-10-09T12:02:02.760+0000] {logging_mixin.py:190} INFO - [2025-10-09T12:02:02.759+0000] {dagbag.py:588} INFO - Filling up the DagBag from /home/airflow/.local/lib/python3.12/site-packages/airflow/example_dags/example_workday_timetable.py
[2025-10-09T12:02:02.767+0000] {processor.py:925} INFO - DAG(s) 'example_workday_timetable' retrieved from /home/airflow/.local/lib/python3.12/site-packages/airflow/example_dags/example_workday_timetable.py
[2025-10-09T12:02:02.791+0000] {logging_mixin.py:190} INFO - [2025-10-09T12:02:02.791+0000] {dag.py:3239} INFO - Sync 1 DAGs
[2025-10-09T12:02:02.922+0000] {logging_mixin.py:190} INFO - [2025-10-09T12:02:02.922+0000] {dag.py:4180} INFO - Setting next_dagrun for example_workday_timetable to 2021-01-04 00:00:00+00:00, run_after=2021-01-05 00:00:00+00:00
[2025-10-09T12:02:02.944+0000] {processor.py:208} INFO - Processing /home/airflow/.local/lib/python3.12/site-packages/airflow/example_dags/example_workday_timetable.py took 0.196 seconds
[2025-10-09T12:02:33.103+0000] {processor.py:186} INFO - Started process (PID=243) to work on /home/airflow/.local/lib/python3.12/site-packages/airflow/example_dags/example_workday_timetable.py
[2025-10-09T12:02:33.104+0000] {processor.py:914} INFO - Processing file /home/airflow/.local/lib/python3.12/site-packages/airflow/example_dags/example_workday_timetable.py for tasks to queue
[2025-10-09T12:02:33.107+0000] {logging_mixin.py:190} INFO - [2025-10-09T12:02:33.107+0000] {dagbag.py:588} INFO - Filling up the DagBag from /home/airflow/.local/lib/python3.12/site-packages/airflow/example_dags/example_workday_timetable.py
[2025-10-09T12:02:33.114+0000] {processor.py:925} INFO - DAG(s) 'example_workday_timetable' retrieved from /home/airflow/.local/lib/python3.12/site-packages/airflow/example_dags/example_workday_timetable.py
[2025-10-09T12:02:33.136+0000] {logging_mixin.py:190} INFO - [2025-10-09T12:02:33.136+0000] {dag.py:3239} INFO - Sync 1 DAGs
[2025-10-09T12:02:33.227+0000] {logging_mixin.py:190} INFO - [2025-10-09T12:02:33.226+0000] {dag.py:4180} INFO - Setting next_dagrun for example_workday_timetable to 2021-01-04 00:00:00+00:00, run_after=2021-01-05 00:00:00+00:00
[2025-10-09T12:02:33.246+0000] {processor.py:208} INFO - Processing /home/airflow/.local/lib/python3.12/site-packages/airflow/example_dags/example_workday_timetable.py took 0.150 seconds
[2025-10-09T12:03:03.594+0000] {processor.py:186} INFO - Started process (PID=306) to work on /home/airflow/.local/lib/python3.12/site-packages/airflow/example_dags/example_workday_timetable.py
[2025-10-09T12:03:03.595+0000] {processor.py:914} INFO - Processing file /home/airflow/.local/lib/python3.12/site-packages/airflow/example_dags/example_workday_timetable.py for tasks to queue
[2025-10-09T12:03:03.599+0000] {logging_mixin.py:190} INFO - [2025-10-09T12:03:03.598+0000] {dagbag.py:588} INFO - Filling up the DagBag from /home/airflow/.local/lib/python3.12/site-packages/airflow/example_dags/example_workday_timetable.py
[2025-10-09T12:03:03.608+0000] {processor.py:925} INFO - DAG(s) 'example_workday_timetable' retrieved from /home/airflow/.local/lib/python3.12/site-packages/airflow/example_dags/example_workday_timetable.py
[2025-10-09T12:03:03.631+0000] {logging_mixin.py:190} INFO - [2025-10-09T12:03:03.630+0000] {dag.py:3239} INFO - Sync 1 DAGs
[2025-10-09T12:03:03.748+0000] {logging_mixin.py:190} INFO - [2025-10-09T12:03:03.748+0000] {dag.py:4180} INFO - Setting next_dagrun for example_workday_timetable to 2021-01-04 00:00:00+00:00, run_after=2021-01-05 00:00:00+00:00
[2025-10-09T12:03:03.778+0000] {processor.py:208} INFO - Processing /home/airflow/.local/lib/python3.12/site-packages/airflow/example_dags/example_workday_timetable.py took 0.192 seconds
[2025-10-09T12:03:33.856+0000] {processor.py:186} INFO - Started process (PID=369) to work on /home/airflow/.local/lib/python3.12/site-packages/airflow/example_dags/example_workday_timetable.py
[2025-10-09T12:03:33.857+0000] {processor.py:914} INFO - Processing file /home/airflow/.local/lib/python3.12/site-packages/airflow/example_dags/example_workday_timetable.py for tasks to queue
[2025-10-09T12:03:33.861+0000] {logging_mixin.py:190} INFO - [2025-10-09T12:03:33.860+0000] {dagbag.py:588} INFO - Filling up the DagBag from /home/airflow/.local/lib/python3.12/site-packages/airflow/example_dags/example_workday_timetable.py
[2025-10-09T12:03:33.869+0000] {processor.py:925} INFO - DAG(s) 'example_workday_timetable' retrieved from /home/airflow/.local/lib/python3.12/site-packages/airflow/example_dags/example_workday_timetable.py
[2025-10-09T12:03:33.895+0000] {logging_mixin.py:190} INFO - [2025-10-09T12:03:33.895+0000] {dag.py:3239} INFO - Sync 1 DAGs
[2025-10-09T12:03:33.990+0000] {logging_mixin.py:190} INFO - [2025-10-09T12:03:33.989+0000] {dag.py:4180} INFO - Setting next_dagrun for example_workday_timetable to 2021-01-04 00:00:00+00:00, run_after=2021-01-05 00:00:00+00:00
[2025-10-09T12:03:34.018+0000] {processor.py:208} INFO - Processing /home/airflow/.local/lib/python3.12/site-packages/airflow/example_dags/example_workday_timetable.py took 0.171 seconds
[2025-10-09T12:04:04.278+0000] {processor.py:186} INFO - Started process (PID=432) to work on /home/airflow/.local/lib/python3.12/site-packages/airflow/example_dags/example_workday_timetable.py
[2025-10-09T12:04:04.281+0000] {processor.py:914} INFO - Processing file /home/airflow/.local/lib/python3.12/site-packages/airflow/example_dags/example_workday_timetable.py for tasks to queue
[2025-10-09T12:04:04.284+0000] {logging_mixin.py:190} INFO - [2025-10-09T12:04:04.284+0000] {dagbag.py:588} INFO - Filling up the DagBag from /home/airflow/.local/lib/python3.12/site-packages/airflow/example_dags/example_workday_timetable.py
[2025-10-09T12:04:04.291+0000] {processor.py:925} INFO - DAG(s) 'example_workday_timetable' retrieved from /home/airflow/.local/lib/python3.12/site-packages/airflow/example_dags/example_workday_timetable.py
[2025-10-09T12:04:04.315+0000] {logging_mixin.py:190} INFO - [2025-10-09T12:04:04.315+0000] {dag.py:3239} INFO - Sync 1 DAGs
[2025-10-09T12:04:04.386+0000] {logging_mixin.py:190} INFO - [2025-10-09T12:04:04.386+0000] {dag.py:4180} INFO - Setting next_dagrun for example_workday_timetable to 2021-01-04 00:00:00+00:00, run_after=2021-01-05 00:00:00+00:00
[2025-10-09T12:04:04.411+0000] {processor.py:208} INFO - Processing /home/airflow/.local/lib/python3.12/site-packages/airflow/example_dags/example_workday_timetable.py took 0.139 seconds
