[2025-10-02T20:11:16.177+0000] {processor.py:186} INFO - Started process (PID=90) to work on /home/airflow/.local/lib/python3.12/site-packages/airflow/example_dags/example_branch_datetime_operator.py
[2025-10-02T20:11:16.178+0000] {processor.py:914} INFO - Processing file /home/airflow/.local/lib/python3.12/site-packages/airflow/example_dags/example_branch_datetime_operator.py for tasks to queue
[2025-10-02T20:11:16.182+0000] {logging_mixin.py:190} INFO - [2025-10-02T20:11:16.181+0000] {dagbag.py:588} INFO - Filling up the DagBag from /home/airflow/.local/lib/python3.12/site-packages/airflow/example_dags/example_branch_datetime_operator.py
[2025-10-02T20:11:16.201+0000] {processor.py:925} INFO - DAG(s) 'example_branch_datetime_operator_3', 'example_branch_datetime_operator_2', 'example_branch_datetime_operator' retrieved from /home/airflow/.local/lib/python3.12/site-packages/airflow/example_dags/example_branch_datetime_operator.py
[2025-10-02T20:11:16.537+0000] {logging_mixin.py:190} INFO - [2025-10-02T20:11:16.536+0000] {dag.py:3239} INFO - Sync 3 DAGs
[2025-10-02T20:11:16.611+0000] {logging_mixin.py:190} INFO - [2025-10-02T20:11:16.611+0000] {dag.py:4180} INFO - Setting next_dagrun for example_branch_datetime_operator to 2025-10-01 00:00:00+00:00, run_after=2025-10-02 00:00:00+00:00
[2025-10-02T20:11:16.622+0000] {logging_mixin.py:190} INFO - [2025-10-02T20:11:16.621+0000] {dag.py:4180} INFO - Setting next_dagrun for example_branch_datetime_operator_2 to 2025-10-01 00:00:00+00:00, run_after=2025-10-02 00:00:00+00:00
[2025-10-02T20:11:16.632+0000] {logging_mixin.py:190} INFO - [2025-10-02T20:11:16.632+0000] {dag.py:4180} INFO - Setting next_dagrun for example_branch_datetime_operator_3 to 2025-10-01 00:00:00+00:00, run_after=2025-10-02 00:00:00+00:00
[2025-10-02T20:11:16.671+0000] {processor.py:208} INFO - Processing /home/airflow/.local/lib/python3.12/site-packages/airflow/example_dags/example_branch_datetime_operator.py took 0.504 seconds
[2025-10-02T20:11:47.645+0000] {processor.py:186} INFO - Started process (PID=153) to work on /home/airflow/.local/lib/python3.12/site-packages/airflow/example_dags/example_branch_datetime_operator.py
[2025-10-02T20:11:47.649+0000] {processor.py:914} INFO - Processing file /home/airflow/.local/lib/python3.12/site-packages/airflow/example_dags/example_branch_datetime_operator.py for tasks to queue
[2025-10-02T20:11:47.661+0000] {logging_mixin.py:190} INFO - [2025-10-02T20:11:47.659+0000] {dagbag.py:588} INFO - Filling up the DagBag from /home/airflow/.local/lib/python3.12/site-packages/airflow/example_dags/example_branch_datetime_operator.py
[2025-10-02T20:11:47.698+0000] {processor.py:925} INFO - DAG(s) 'example_branch_datetime_operator_3', 'example_branch_datetime_operator', 'example_branch_datetime_operator_2' retrieved from /home/airflow/.local/lib/python3.12/site-packages/airflow/example_dags/example_branch_datetime_operator.py
[2025-10-02T20:11:47.795+0000] {logging_mixin.py:190} INFO - [2025-10-02T20:11:47.795+0000] {dag.py:3239} INFO - Sync 3 DAGs
[2025-10-02T20:11:47.859+0000] {logging_mixin.py:190} INFO - [2025-10-02T20:11:47.858+0000] {dag.py:4180} INFO - Setting next_dagrun for example_branch_datetime_operator to 2025-10-01 00:00:00+00:00, run_after=2025-10-02 00:00:00+00:00
[2025-10-02T20:11:47.865+0000] {logging_mixin.py:190} INFO - [2025-10-02T20:11:47.865+0000] {dag.py:4180} INFO - Setting next_dagrun for example_branch_datetime_operator_2 to 2025-10-01 00:00:00+00:00, run_after=2025-10-02 00:00:00+00:00
[2025-10-02T20:11:47.869+0000] {logging_mixin.py:190} INFO - [2025-10-02T20:11:47.868+0000] {dag.py:4180} INFO - Setting next_dagrun for example_branch_datetime_operator_3 to 2025-10-01 00:00:00+00:00, run_after=2025-10-02 00:00:00+00:00
[2025-10-02T20:11:47.893+0000] {processor.py:208} INFO - Processing /home/airflow/.local/lib/python3.12/site-packages/airflow/example_dags/example_branch_datetime_operator.py took 0.269 seconds
[2025-10-02T20:12:18.501+0000] {processor.py:186} INFO - Started process (PID=216) to work on /home/airflow/.local/lib/python3.12/site-packages/airflow/example_dags/example_branch_datetime_operator.py
[2025-10-02T20:12:18.503+0000] {processor.py:914} INFO - Processing file /home/airflow/.local/lib/python3.12/site-packages/airflow/example_dags/example_branch_datetime_operator.py for tasks to queue
[2025-10-02T20:12:18.513+0000] {logging_mixin.py:190} INFO - [2025-10-02T20:12:18.512+0000] {dagbag.py:588} INFO - Filling up the DagBag from /home/airflow/.local/lib/python3.12/site-packages/airflow/example_dags/example_branch_datetime_operator.py
[2025-10-02T20:12:18.560+0000] {processor.py:925} INFO - DAG(s) 'example_branch_datetime_operator_2', 'example_branch_datetime_operator_3', 'example_branch_datetime_operator' retrieved from /home/airflow/.local/lib/python3.12/site-packages/airflow/example_dags/example_branch_datetime_operator.py
[2025-10-02T20:12:18.673+0000] {logging_mixin.py:190} INFO - [2025-10-02T20:12:18.673+0000] {dag.py:3239} INFO - Sync 3 DAGs
[2025-10-02T20:12:18.729+0000] {logging_mixin.py:190} INFO - [2025-10-02T20:12:18.729+0000] {dag.py:4180} INFO - Setting next_dagrun for example_branch_datetime_operator to 2025-10-01 00:00:00+00:00, run_after=2025-10-02 00:00:00+00:00
[2025-10-02T20:12:18.760+0000] {logging_mixin.py:190} INFO - [2025-10-02T20:12:18.759+0000] {dag.py:4180} INFO - Setting next_dagrun for example_branch_datetime_operator_2 to 2025-10-01 00:00:00+00:00, run_after=2025-10-02 00:00:00+00:00
[2025-10-02T20:12:18.769+0000] {logging_mixin.py:190} INFO - [2025-10-02T20:12:18.769+0000] {dag.py:4180} INFO - Setting next_dagrun for example_branch_datetime_operator_3 to 2025-10-01 00:00:00+00:00, run_after=2025-10-02 00:00:00+00:00
[2025-10-02T20:12:18.819+0000] {processor.py:208} INFO - Processing /home/airflow/.local/lib/python3.12/site-packages/airflow/example_dags/example_branch_datetime_operator.py took 0.332 seconds
[2025-10-02T20:12:49.655+0000] {processor.py:186} INFO - Started process (PID=279) to work on /home/airflow/.local/lib/python3.12/site-packages/airflow/example_dags/example_branch_datetime_operator.py
[2025-10-02T20:12:49.657+0000] {processor.py:914} INFO - Processing file /home/airflow/.local/lib/python3.12/site-packages/airflow/example_dags/example_branch_datetime_operator.py for tasks to queue
[2025-10-02T20:12:49.661+0000] {logging_mixin.py:190} INFO - [2025-10-02T20:12:49.660+0000] {dagbag.py:588} INFO - Filling up the DagBag from /home/airflow/.local/lib/python3.12/site-packages/airflow/example_dags/example_branch_datetime_operator.py
[2025-10-02T20:12:49.682+0000] {processor.py:925} INFO - DAG(s) 'example_branch_datetime_operator', 'example_branch_datetime_operator_3', 'example_branch_datetime_operator_2' retrieved from /home/airflow/.local/lib/python3.12/site-packages/airflow/example_dags/example_branch_datetime_operator.py
[2025-10-02T20:12:49.736+0000] {logging_mixin.py:190} INFO - [2025-10-02T20:12:49.735+0000] {dag.py:3239} INFO - Sync 3 DAGs
[2025-10-02T20:12:49.780+0000] {logging_mixin.py:190} INFO - [2025-10-02T20:12:49.779+0000] {dag.py:4180} INFO - Setting next_dagrun for example_branch_datetime_operator to 2025-10-01 00:00:00+00:00, run_after=2025-10-02 00:00:00+00:00
[2025-10-02T20:12:49.787+0000] {logging_mixin.py:190} INFO - [2025-10-02T20:12:49.787+0000] {dag.py:4180} INFO - Setting next_dagrun for example_branch_datetime_operator_2 to 2025-10-01 00:00:00+00:00, run_after=2025-10-02 00:00:00+00:00
[2025-10-02T20:12:49.792+0000] {logging_mixin.py:190} INFO - [2025-10-02T20:12:49.792+0000] {dag.py:4180} INFO - Setting next_dagrun for example_branch_datetime_operator_3 to 2025-10-01 00:00:00+00:00, run_after=2025-10-02 00:00:00+00:00
[2025-10-02T20:12:49.819+0000] {processor.py:208} INFO - Processing /home/airflow/.local/lib/python3.12/site-packages/airflow/example_dags/example_branch_datetime_operator.py took 0.172 seconds
[2025-10-02T20:13:20.122+0000] {processor.py:186} INFO - Started process (PID=342) to work on /home/airflow/.local/lib/python3.12/site-packages/airflow/example_dags/example_branch_datetime_operator.py
[2025-10-02T20:13:20.123+0000] {processor.py:914} INFO - Processing file /home/airflow/.local/lib/python3.12/site-packages/airflow/example_dags/example_branch_datetime_operator.py for tasks to queue
[2025-10-02T20:13:20.128+0000] {logging_mixin.py:190} INFO - [2025-10-02T20:13:20.128+0000] {dagbag.py:588} INFO - Filling up the DagBag from /home/airflow/.local/lib/python3.12/site-packages/airflow/example_dags/example_branch_datetime_operator.py
[2025-10-02T20:13:20.145+0000] {processor.py:925} INFO - DAG(s) 'example_branch_datetime_operator', 'example_branch_datetime_operator_2', 'example_branch_datetime_operator_3' retrieved from /home/airflow/.local/lib/python3.12/site-packages/airflow/example_dags/example_branch_datetime_operator.py
[2025-10-02T20:13:20.199+0000] {logging_mixin.py:190} INFO - [2025-10-02T20:13:20.199+0000] {dag.py:3239} INFO - Sync 3 DAGs
[2025-10-02T20:13:20.242+0000] {logging_mixin.py:190} INFO - [2025-10-02T20:13:20.241+0000] {dag.py:4180} INFO - Setting next_dagrun for example_branch_datetime_operator to 2025-10-01 00:00:00+00:00, run_after=2025-10-02 00:00:00+00:00
[2025-10-02T20:13:20.251+0000] {logging_mixin.py:190} INFO - [2025-10-02T20:13:20.250+0000] {dag.py:4180} INFO - Setting next_dagrun for example_branch_datetime_operator_2 to 2025-10-01 00:00:00+00:00, run_after=2025-10-02 00:00:00+00:00
[2025-10-02T20:13:20.255+0000] {logging_mixin.py:190} INFO - [2025-10-02T20:13:20.255+0000] {dag.py:4180} INFO - Setting next_dagrun for example_branch_datetime_operator_3 to 2025-10-01 00:00:00+00:00, run_after=2025-10-02 00:00:00+00:00
[2025-10-02T20:13:20.284+0000] {processor.py:208} INFO - Processing /home/airflow/.local/lib/python3.12/site-packages/airflow/example_dags/example_branch_datetime_operator.py took 0.175 seconds
[2025-10-02T20:13:50.402+0000] {processor.py:186} INFO - Started process (PID=405) to work on /home/airflow/.local/lib/python3.12/site-packages/airflow/example_dags/example_branch_datetime_operator.py
[2025-10-02T20:13:50.403+0000] {processor.py:914} INFO - Processing file /home/airflow/.local/lib/python3.12/site-packages/airflow/example_dags/example_branch_datetime_operator.py for tasks to queue
[2025-10-02T20:13:50.407+0000] {logging_mixin.py:190} INFO - [2025-10-02T20:13:50.406+0000] {dagbag.py:588} INFO - Filling up the DagBag from /home/airflow/.local/lib/python3.12/site-packages/airflow/example_dags/example_branch_datetime_operator.py
[2025-10-02T20:13:50.421+0000] {processor.py:925} INFO - DAG(s) 'example_branch_datetime_operator_2', 'example_branch_datetime_operator_3', 'example_branch_datetime_operator' retrieved from /home/airflow/.local/lib/python3.12/site-packages/airflow/example_dags/example_branch_datetime_operator.py
[2025-10-02T20:13:50.451+0000] {logging_mixin.py:190} INFO - [2025-10-02T20:13:50.450+0000] {dag.py:3239} INFO - Sync 3 DAGs
[2025-10-02T20:13:50.478+0000] {logging_mixin.py:190} INFO - [2025-10-02T20:13:50.477+0000] {dag.py:4180} INFO - Setting next_dagrun for example_branch_datetime_operator to 2025-10-01 00:00:00+00:00, run_after=2025-10-02 00:00:00+00:00
[2025-10-02T20:13:50.483+0000] {logging_mixin.py:190} INFO - [2025-10-02T20:13:50.482+0000] {dag.py:4180} INFO - Setting next_dagrun for example_branch_datetime_operator_2 to 2025-10-01 00:00:00+00:00, run_after=2025-10-02 00:00:00+00:00
[2025-10-02T20:13:50.485+0000] {logging_mixin.py:190} INFO - [2025-10-02T20:13:50.485+0000] {dag.py:4180} INFO - Setting next_dagrun for example_branch_datetime_operator_3 to 2025-10-01 00:00:00+00:00, run_after=2025-10-02 00:00:00+00:00
[2025-10-02T20:13:50.503+0000] {processor.py:208} INFO - Processing /home/airflow/.local/lib/python3.12/site-packages/airflow/example_dags/example_branch_datetime_operator.py took 0.108 seconds
[2025-10-02T20:14:21.002+0000] {processor.py:186} INFO - Started process (PID=468) to work on /home/airflow/.local/lib/python3.12/site-packages/airflow/example_dags/example_branch_datetime_operator.py
[2025-10-02T20:14:21.005+0000] {processor.py:914} INFO - Processing file /home/airflow/.local/lib/python3.12/site-packages/airflow/example_dags/example_branch_datetime_operator.py for tasks to queue
[2025-10-02T20:14:21.008+0000] {logging_mixin.py:190} INFO - [2025-10-02T20:14:21.008+0000] {dagbag.py:588} INFO - Filling up the DagBag from /home/airflow/.local/lib/python3.12/site-packages/airflow/example_dags/example_branch_datetime_operator.py
[2025-10-02T20:14:21.021+0000] {processor.py:925} INFO - DAG(s) 'example_branch_datetime_operator_3', 'example_branch_datetime_operator', 'example_branch_datetime_operator_2' retrieved from /home/airflow/.local/lib/python3.12/site-packages/airflow/example_dags/example_branch_datetime_operator.py
[2025-10-02T20:14:21.047+0000] {logging_mixin.py:190} INFO - [2025-10-02T20:14:21.047+0000] {dag.py:3239} INFO - Sync 3 DAGs
[2025-10-02T20:14:21.073+0000] {logging_mixin.py:190} INFO - [2025-10-02T20:14:21.073+0000] {dag.py:4180} INFO - Setting next_dagrun for example_branch_datetime_operator to 2025-10-01 00:00:00+00:00, run_after=2025-10-02 00:00:00+00:00
[2025-10-02T20:14:21.077+0000] {logging_mixin.py:190} INFO - [2025-10-02T20:14:21.077+0000] {dag.py:4180} INFO - Setting next_dagrun for example_branch_datetime_operator_2 to 2025-10-01 00:00:00+00:00, run_after=2025-10-02 00:00:00+00:00
[2025-10-02T20:14:21.080+0000] {logging_mixin.py:190} INFO - [2025-10-02T20:14:21.079+0000] {dag.py:4180} INFO - Setting next_dagrun for example_branch_datetime_operator_3 to 2025-10-01 00:00:00+00:00, run_after=2025-10-02 00:00:00+00:00
[2025-10-02T20:14:21.097+0000] {processor.py:208} INFO - Processing /home/airflow/.local/lib/python3.12/site-packages/airflow/example_dags/example_branch_datetime_operator.py took 0.102 seconds
[2025-10-02T20:14:51.453+0000] {processor.py:186} INFO - Started process (PID=531) to work on /home/airflow/.local/lib/python3.12/site-packages/airflow/example_dags/example_branch_datetime_operator.py
[2025-10-02T20:14:51.454+0000] {processor.py:914} INFO - Processing file /home/airflow/.local/lib/python3.12/site-packages/airflow/example_dags/example_branch_datetime_operator.py for tasks to queue
[2025-10-02T20:14:51.457+0000] {logging_mixin.py:190} INFO - [2025-10-02T20:14:51.456+0000] {dagbag.py:588} INFO - Filling up the DagBag from /home/airflow/.local/lib/python3.12/site-packages/airflow/example_dags/example_branch_datetime_operator.py
[2025-10-02T20:14:51.469+0000] {processor.py:925} INFO - DAG(s) 'example_branch_datetime_operator', 'example_branch_datetime_operator_2', 'example_branch_datetime_operator_3' retrieved from /home/airflow/.local/lib/python3.12/site-packages/airflow/example_dags/example_branch_datetime_operator.py
[2025-10-02T20:14:51.496+0000] {logging_mixin.py:190} INFO - [2025-10-02T20:14:51.495+0000] {dag.py:3239} INFO - Sync 3 DAGs
[2025-10-02T20:14:51.521+0000] {logging_mixin.py:190} INFO - [2025-10-02T20:14:51.521+0000] {dag.py:4180} INFO - Setting next_dagrun for example_branch_datetime_operator to 2025-10-01 00:00:00+00:00, run_after=2025-10-02 00:00:00+00:00
[2025-10-02T20:14:51.526+0000] {logging_mixin.py:190} INFO - [2025-10-02T20:14:51.526+0000] {dag.py:4180} INFO - Setting next_dagrun for example_branch_datetime_operator_2 to 2025-10-01 00:00:00+00:00, run_after=2025-10-02 00:00:00+00:00
[2025-10-02T20:14:51.528+0000] {logging_mixin.py:190} INFO - [2025-10-02T20:14:51.528+0000] {dag.py:4180} INFO - Setting next_dagrun for example_branch_datetime_operator_3 to 2025-10-01 00:00:00+00:00, run_after=2025-10-02 00:00:00+00:00
[2025-10-02T20:14:51.544+0000] {processor.py:208} INFO - Processing /home/airflow/.local/lib/python3.12/site-packages/airflow/example_dags/example_branch_datetime_operator.py took 0.099 seconds
[2025-10-02T20:15:42.381+0000] {processor.py:186} INFO - Started process (PID=595) to work on /home/airflow/.local/lib/python3.12/site-packages/airflow/example_dags/example_branch_datetime_operator.py
[2025-10-02T20:15:42.382+0000] {processor.py:914} INFO - Processing file /home/airflow/.local/lib/python3.12/site-packages/airflow/example_dags/example_branch_datetime_operator.py for tasks to queue
[2025-10-02T20:15:42.385+0000] {logging_mixin.py:190} INFO - [2025-10-02T20:15:42.385+0000] {dagbag.py:588} INFO - Filling up the DagBag from /home/airflow/.local/lib/python3.12/site-packages/airflow/example_dags/example_branch_datetime_operator.py
[2025-10-02T20:15:42.401+0000] {processor.py:925} INFO - DAG(s) 'example_branch_datetime_operator_3', 'example_branch_datetime_operator', 'example_branch_datetime_operator_2' retrieved from /home/airflow/.local/lib/python3.12/site-packages/airflow/example_dags/example_branch_datetime_operator.py
[2025-10-02T20:15:42.432+0000] {logging_mixin.py:190} INFO - [2025-10-02T20:15:42.431+0000] {dag.py:3239} INFO - Sync 3 DAGs
[2025-10-02T20:15:42.463+0000] {logging_mixin.py:190} INFO - [2025-10-02T20:15:42.462+0000] {dag.py:4180} INFO - Setting next_dagrun for example_branch_datetime_operator to 2025-10-01 00:00:00+00:00, run_after=2025-10-02 00:00:00+00:00
[2025-10-02T20:15:42.469+0000] {logging_mixin.py:190} INFO - [2025-10-02T20:15:42.468+0000] {dag.py:4180} INFO - Setting next_dagrun for example_branch_datetime_operator_2 to 2025-10-01 00:00:00+00:00, run_after=2025-10-02 00:00:00+00:00
[2025-10-02T20:15:42.472+0000] {logging_mixin.py:190} INFO - [2025-10-02T20:15:42.472+0000] {dag.py:4180} INFO - Setting next_dagrun for example_branch_datetime_operator_3 to 2025-10-01 00:00:00+00:00, run_after=2025-10-02 00:00:00+00:00
[2025-10-02T20:15:42.489+0000] {processor.py:208} INFO - Processing /home/airflow/.local/lib/python3.12/site-packages/airflow/example_dags/example_branch_datetime_operator.py took 0.116 seconds
[2025-10-02T20:16:13.497+0000] {processor.py:186} INFO - Started process (PID=658) to work on /home/airflow/.local/lib/python3.12/site-packages/airflow/example_dags/example_branch_datetime_operator.py
[2025-10-02T20:16:13.499+0000] {processor.py:914} INFO - Processing file /home/airflow/.local/lib/python3.12/site-packages/airflow/example_dags/example_branch_datetime_operator.py for tasks to queue
[2025-10-02T20:16:13.502+0000] {logging_mixin.py:190} INFO - [2025-10-02T20:16:13.501+0000] {dagbag.py:588} INFO - Filling up the DagBag from /home/airflow/.local/lib/python3.12/site-packages/airflow/example_dags/example_branch_datetime_operator.py
[2025-10-02T20:16:13.517+0000] {processor.py:925} INFO - DAG(s) 'example_branch_datetime_operator', 'example_branch_datetime_operator_2', 'example_branch_datetime_operator_3' retrieved from /home/airflow/.local/lib/python3.12/site-packages/airflow/example_dags/example_branch_datetime_operator.py
[2025-10-02T20:16:13.570+0000] {logging_mixin.py:190} INFO - [2025-10-02T20:16:13.569+0000] {dag.py:3239} INFO - Sync 3 DAGs
[2025-10-02T20:16:13.626+0000] {logging_mixin.py:190} INFO - [2025-10-02T20:16:13.625+0000] {dag.py:4180} INFO - Setting next_dagrun for example_branch_datetime_operator to 2025-10-01 00:00:00+00:00, run_after=2025-10-02 00:00:00+00:00
[2025-10-02T20:16:13.633+0000] {logging_mixin.py:190} INFO - [2025-10-02T20:16:13.633+0000] {dag.py:4180} INFO - Setting next_dagrun for example_branch_datetime_operator_2 to 2025-10-01 00:00:00+00:00, run_after=2025-10-02 00:00:00+00:00
[2025-10-02T20:16:13.640+0000] {logging_mixin.py:190} INFO - [2025-10-02T20:16:13.640+0000] {dag.py:4180} INFO - Setting next_dagrun for example_branch_datetime_operator_3 to 2025-10-01 00:00:00+00:00, run_after=2025-10-02 00:00:00+00:00
[2025-10-02T20:16:13.666+0000] {processor.py:208} INFO - Processing /home/airflow/.local/lib/python3.12/site-packages/airflow/example_dags/example_branch_datetime_operator.py took 0.178 seconds
[2025-10-02T20:16:43.769+0000] {processor.py:186} INFO - Started process (PID=721) to work on /home/airflow/.local/lib/python3.12/site-packages/airflow/example_dags/example_branch_datetime_operator.py
[2025-10-02T20:16:43.771+0000] {processor.py:914} INFO - Processing file /home/airflow/.local/lib/python3.12/site-packages/airflow/example_dags/example_branch_datetime_operator.py for tasks to queue
[2025-10-02T20:16:43.774+0000] {logging_mixin.py:190} INFO - [2025-10-02T20:16:43.774+0000] {dagbag.py:588} INFO - Filling up the DagBag from /home/airflow/.local/lib/python3.12/site-packages/airflow/example_dags/example_branch_datetime_operator.py
[2025-10-02T20:16:43.789+0000] {processor.py:925} INFO - DAG(s) 'example_branch_datetime_operator_3', 'example_branch_datetime_operator_2', 'example_branch_datetime_operator' retrieved from /home/airflow/.local/lib/python3.12/site-packages/airflow/example_dags/example_branch_datetime_operator.py
[2025-10-02T20:16:43.816+0000] {logging_mixin.py:190} INFO - [2025-10-02T20:16:43.816+0000] {dag.py:3239} INFO - Sync 3 DAGs
[2025-10-02T20:16:43.841+0000] {logging_mixin.py:190} INFO - [2025-10-02T20:16:43.841+0000] {dag.py:4180} INFO - Setting next_dagrun for example_branch_datetime_operator to 2025-10-01 00:00:00+00:00, run_after=2025-10-02 00:00:00+00:00
[2025-10-02T20:16:43.845+0000] {logging_mixin.py:190} INFO - [2025-10-02T20:16:43.845+0000] {dag.py:4180} INFO - Setting next_dagrun for example_branch_datetime_operator_2 to 2025-10-01 00:00:00+00:00, run_after=2025-10-02 00:00:00+00:00
[2025-10-02T20:16:43.847+0000] {logging_mixin.py:190} INFO - [2025-10-02T20:16:43.847+0000] {dag.py:4180} INFO - Setting next_dagrun for example_branch_datetime_operator_3 to 2025-10-01 00:00:00+00:00, run_after=2025-10-02 00:00:00+00:00
[2025-10-02T20:16:43.862+0000] {processor.py:208} INFO - Processing /home/airflow/.local/lib/python3.12/site-packages/airflow/example_dags/example_branch_datetime_operator.py took 0.100 seconds
[2025-10-02T20:17:14.472+0000] {processor.py:186} INFO - Started process (PID=784) to work on /home/airflow/.local/lib/python3.12/site-packages/airflow/example_dags/example_branch_datetime_operator.py
[2025-10-02T20:17:14.473+0000] {processor.py:914} INFO - Processing file /home/airflow/.local/lib/python3.12/site-packages/airflow/example_dags/example_branch_datetime_operator.py for tasks to queue
[2025-10-02T20:17:14.476+0000] {logging_mixin.py:190} INFO - [2025-10-02T20:17:14.476+0000] {dagbag.py:588} INFO - Filling up the DagBag from /home/airflow/.local/lib/python3.12/site-packages/airflow/example_dags/example_branch_datetime_operator.py
[2025-10-02T20:17:14.491+0000] {processor.py:925} INFO - DAG(s) 'example_branch_datetime_operator_3', 'example_branch_datetime_operator', 'example_branch_datetime_operator_2' retrieved from /home/airflow/.local/lib/python3.12/site-packages/airflow/example_dags/example_branch_datetime_operator.py
[2025-10-02T20:17:14.518+0000] {logging_mixin.py:190} INFO - [2025-10-02T20:17:14.518+0000] {dag.py:3239} INFO - Sync 3 DAGs
[2025-10-02T20:17:14.544+0000] {logging_mixin.py:190} INFO - [2025-10-02T20:17:14.544+0000] {dag.py:4180} INFO - Setting next_dagrun for example_branch_datetime_operator to 2025-10-01 00:00:00+00:00, run_after=2025-10-02 00:00:00+00:00
[2025-10-02T20:17:14.549+0000] {logging_mixin.py:190} INFO - [2025-10-02T20:17:14.548+0000] {dag.py:4180} INFO - Setting next_dagrun for example_branch_datetime_operator_2 to 2025-10-01 00:00:00+00:00, run_after=2025-10-02 00:00:00+00:00
[2025-10-02T20:17:14.551+0000] {logging_mixin.py:190} INFO - [2025-10-02T20:17:14.551+0000] {dag.py:4180} INFO - Setting next_dagrun for example_branch_datetime_operator_3 to 2025-10-01 00:00:00+00:00, run_after=2025-10-02 00:00:00+00:00
[2025-10-02T20:17:14.565+0000] {processor.py:208} INFO - Processing /home/airflow/.local/lib/python3.12/site-packages/airflow/example_dags/example_branch_datetime_operator.py took 0.101 seconds
[2025-10-02T20:17:44.900+0000] {processor.py:186} INFO - Started process (PID=847) to work on /home/airflow/.local/lib/python3.12/site-packages/airflow/example_dags/example_branch_datetime_operator.py
[2025-10-02T20:17:44.901+0000] {processor.py:914} INFO - Processing file /home/airflow/.local/lib/python3.12/site-packages/airflow/example_dags/example_branch_datetime_operator.py for tasks to queue
[2025-10-02T20:17:44.905+0000] {logging_mixin.py:190} INFO - [2025-10-02T20:17:44.904+0000] {dagbag.py:588} INFO - Filling up the DagBag from /home/airflow/.local/lib/python3.12/site-packages/airflow/example_dags/example_branch_datetime_operator.py
[2025-10-02T20:17:44.919+0000] {processor.py:925} INFO - DAG(s) 'example_branch_datetime_operator_2', 'example_branch_datetime_operator', 'example_branch_datetime_operator_3' retrieved from /home/airflow/.local/lib/python3.12/site-packages/airflow/example_dags/example_branch_datetime_operator.py
[2025-10-02T20:17:44.949+0000] {logging_mixin.py:190} INFO - [2025-10-02T20:17:44.949+0000] {dag.py:3239} INFO - Sync 3 DAGs
[2025-10-02T20:17:44.974+0000] {logging_mixin.py:190} INFO - [2025-10-02T20:17:44.974+0000] {dag.py:4180} INFO - Setting next_dagrun for example_branch_datetime_operator to 2025-10-01 00:00:00+00:00, run_after=2025-10-02 00:00:00+00:00
[2025-10-02T20:17:44.979+0000] {logging_mixin.py:190} INFO - [2025-10-02T20:17:44.979+0000] {dag.py:4180} INFO - Setting next_dagrun for example_branch_datetime_operator_2 to 2025-10-01 00:00:00+00:00, run_after=2025-10-02 00:00:00+00:00
[2025-10-02T20:17:44.981+0000] {logging_mixin.py:190} INFO - [2025-10-02T20:17:44.981+0000] {dag.py:4180} INFO - Setting next_dagrun for example_branch_datetime_operator_3 to 2025-10-01 00:00:00+00:00, run_after=2025-10-02 00:00:00+00:00
[2025-10-02T20:17:44.997+0000] {processor.py:208} INFO - Processing /home/airflow/.local/lib/python3.12/site-packages/airflow/example_dags/example_branch_datetime_operator.py took 0.105 seconds
[2025-10-02T20:18:15.642+0000] {processor.py:186} INFO - Started process (PID=910) to work on /home/airflow/.local/lib/python3.12/site-packages/airflow/example_dags/example_branch_datetime_operator.py
[2025-10-02T20:18:15.643+0000] {processor.py:914} INFO - Processing file /home/airflow/.local/lib/python3.12/site-packages/airflow/example_dags/example_branch_datetime_operator.py for tasks to queue
[2025-10-02T20:18:15.646+0000] {logging_mixin.py:190} INFO - [2025-10-02T20:18:15.646+0000] {dagbag.py:588} INFO - Filling up the DagBag from /home/airflow/.local/lib/python3.12/site-packages/airflow/example_dags/example_branch_datetime_operator.py
[2025-10-02T20:18:15.659+0000] {processor.py:925} INFO - DAG(s) 'example_branch_datetime_operator_3', 'example_branch_datetime_operator', 'example_branch_datetime_operator_2' retrieved from /home/airflow/.local/lib/python3.12/site-packages/airflow/example_dags/example_branch_datetime_operator.py
[2025-10-02T20:18:15.686+0000] {logging_mixin.py:190} INFO - [2025-10-02T20:18:15.686+0000] {dag.py:3239} INFO - Sync 3 DAGs
[2025-10-02T20:18:15.711+0000] {logging_mixin.py:190} INFO - [2025-10-02T20:18:15.711+0000] {dag.py:4180} INFO - Setting next_dagrun for example_branch_datetime_operator to 2025-10-01 00:00:00+00:00, run_after=2025-10-02 00:00:00+00:00
[2025-10-02T20:18:15.715+0000] {logging_mixin.py:190} INFO - [2025-10-02T20:18:15.715+0000] {dag.py:4180} INFO - Setting next_dagrun for example_branch_datetime_operator_2 to 2025-10-01 00:00:00+00:00, run_after=2025-10-02 00:00:00+00:00
[2025-10-02T20:18:15.717+0000] {logging_mixin.py:190} INFO - [2025-10-02T20:18:15.717+0000] {dag.py:4180} INFO - Setting next_dagrun for example_branch_datetime_operator_3 to 2025-10-01 00:00:00+00:00, run_after=2025-10-02 00:00:00+00:00
[2025-10-02T20:18:15.731+0000] {processor.py:208} INFO - Processing /home/airflow/.local/lib/python3.12/site-packages/airflow/example_dags/example_branch_datetime_operator.py took 0.097 seconds
[2025-10-02T20:18:46.087+0000] {processor.py:186} INFO - Started process (PID=974) to work on /home/airflow/.local/lib/python3.12/site-packages/airflow/example_dags/example_branch_datetime_operator.py
[2025-10-02T20:18:46.089+0000] {processor.py:914} INFO - Processing file /home/airflow/.local/lib/python3.12/site-packages/airflow/example_dags/example_branch_datetime_operator.py for tasks to queue
[2025-10-02T20:18:46.093+0000] {logging_mixin.py:190} INFO - [2025-10-02T20:18:46.092+0000] {dagbag.py:588} INFO - Filling up the DagBag from /home/airflow/.local/lib/python3.12/site-packages/airflow/example_dags/example_branch_datetime_operator.py
[2025-10-02T20:18:46.108+0000] {processor.py:925} INFO - DAG(s) 'example_branch_datetime_operator_2', 'example_branch_datetime_operator', 'example_branch_datetime_operator_3' retrieved from /home/airflow/.local/lib/python3.12/site-packages/airflow/example_dags/example_branch_datetime_operator.py
[2025-10-02T20:18:46.136+0000] {logging_mixin.py:190} INFO - [2025-10-02T20:18:46.136+0000] {dag.py:3239} INFO - Sync 3 DAGs
[2025-10-02T20:18:46.164+0000] {logging_mixin.py:190} INFO - [2025-10-02T20:18:46.164+0000] {dag.py:4180} INFO - Setting next_dagrun for example_branch_datetime_operator to 2025-10-01 00:00:00+00:00, run_after=2025-10-02 00:00:00+00:00
[2025-10-02T20:18:46.170+0000] {logging_mixin.py:190} INFO - [2025-10-02T20:18:46.170+0000] {dag.py:4180} INFO - Setting next_dagrun for example_branch_datetime_operator_2 to 2025-10-01 00:00:00+00:00, run_after=2025-10-02 00:00:00+00:00
[2025-10-02T20:18:46.173+0000] {logging_mixin.py:190} INFO - [2025-10-02T20:18:46.172+0000] {dag.py:4180} INFO - Setting next_dagrun for example_branch_datetime_operator_3 to 2025-10-01 00:00:00+00:00, run_after=2025-10-02 00:00:00+00:00
[2025-10-02T20:18:46.189+0000] {processor.py:208} INFO - Processing /home/airflow/.local/lib/python3.12/site-packages/airflow/example_dags/example_branch_datetime_operator.py took 0.109 seconds
[2025-10-02T20:19:16.924+0000] {processor.py:186} INFO - Started process (PID=1037) to work on /home/airflow/.local/lib/python3.12/site-packages/airflow/example_dags/example_branch_datetime_operator.py
[2025-10-02T20:19:16.926+0000] {processor.py:914} INFO - Processing file /home/airflow/.local/lib/python3.12/site-packages/airflow/example_dags/example_branch_datetime_operator.py for tasks to queue
[2025-10-02T20:19:16.930+0000] {logging_mixin.py:190} INFO - [2025-10-02T20:19:16.930+0000] {dagbag.py:588} INFO - Filling up the DagBag from /home/airflow/.local/lib/python3.12/site-packages/airflow/example_dags/example_branch_datetime_operator.py
[2025-10-02T20:19:16.951+0000] {processor.py:925} INFO - DAG(s) 'example_branch_datetime_operator', 'example_branch_datetime_operator_2', 'example_branch_datetime_operator_3' retrieved from /home/airflow/.local/lib/python3.12/site-packages/airflow/example_dags/example_branch_datetime_operator.py
[2025-10-02T20:19:16.981+0000] {logging_mixin.py:190} INFO - [2025-10-02T20:19:16.981+0000] {dag.py:3239} INFO - Sync 3 DAGs
[2025-10-02T20:19:17.009+0000] {logging_mixin.py:190} INFO - [2025-10-02T20:19:17.009+0000] {dag.py:4180} INFO - Setting next_dagrun for example_branch_datetime_operator to 2025-10-01 00:00:00+00:00, run_after=2025-10-02 00:00:00+00:00
[2025-10-02T20:19:17.015+0000] {logging_mixin.py:190} INFO - [2025-10-02T20:19:17.014+0000] {dag.py:4180} INFO - Setting next_dagrun for example_branch_datetime_operator_2 to 2025-10-01 00:00:00+00:00, run_after=2025-10-02 00:00:00+00:00
[2025-10-02T20:19:17.017+0000] {logging_mixin.py:190} INFO - [2025-10-02T20:19:17.017+0000] {dag.py:4180} INFO - Setting next_dagrun for example_branch_datetime_operator_3 to 2025-10-01 00:00:00+00:00, run_after=2025-10-02 00:00:00+00:00
[2025-10-02T20:19:17.033+0000] {processor.py:208} INFO - Processing /home/airflow/.local/lib/python3.12/site-packages/airflow/example_dags/example_branch_datetime_operator.py took 0.119 seconds
[2025-10-02T20:19:47.997+0000] {processor.py:186} INFO - Started process (PID=1100) to work on /home/airflow/.local/lib/python3.12/site-packages/airflow/example_dags/example_branch_datetime_operator.py
[2025-10-02T20:19:47.999+0000] {processor.py:914} INFO - Processing file /home/airflow/.local/lib/python3.12/site-packages/airflow/example_dags/example_branch_datetime_operator.py for tasks to queue
[2025-10-02T20:19:48.003+0000] {logging_mixin.py:190} INFO - [2025-10-02T20:19:48.002+0000] {dagbag.py:588} INFO - Filling up the DagBag from /home/airflow/.local/lib/python3.12/site-packages/airflow/example_dags/example_branch_datetime_operator.py
[2025-10-02T20:19:48.021+0000] {processor.py:925} INFO - DAG(s) 'example_branch_datetime_operator_3', 'example_branch_datetime_operator_2', 'example_branch_datetime_operator' retrieved from /home/airflow/.local/lib/python3.12/site-packages/airflow/example_dags/example_branch_datetime_operator.py
[2025-10-02T20:19:48.054+0000] {logging_mixin.py:190} INFO - [2025-10-02T20:19:48.054+0000] {dag.py:3239} INFO - Sync 3 DAGs
[2025-10-02T20:19:48.085+0000] {logging_mixin.py:190} INFO - [2025-10-02T20:19:48.085+0000] {dag.py:4180} INFO - Setting next_dagrun for example_branch_datetime_operator to 2025-10-01 00:00:00+00:00, run_after=2025-10-02 00:00:00+00:00
[2025-10-02T20:19:48.091+0000] {logging_mixin.py:190} INFO - [2025-10-02T20:19:48.091+0000] {dag.py:4180} INFO - Setting next_dagrun for example_branch_datetime_operator_2 to 2025-10-01 00:00:00+00:00, run_after=2025-10-02 00:00:00+00:00
[2025-10-02T20:19:48.094+0000] {logging_mixin.py:190} INFO - [2025-10-02T20:19:48.094+0000] {dag.py:4180} INFO - Setting next_dagrun for example_branch_datetime_operator_3 to 2025-10-01 00:00:00+00:00, run_after=2025-10-02 00:00:00+00:00
[2025-10-02T20:19:48.112+0000] {processor.py:208} INFO - Processing /home/airflow/.local/lib/python3.12/site-packages/airflow/example_dags/example_branch_datetime_operator.py took 0.123 seconds
[2025-10-02T20:20:26.110+0000] {processor.py:186} INFO - Started process (PID=1163) to work on /home/airflow/.local/lib/python3.12/site-packages/airflow/example_dags/example_branch_datetime_operator.py
[2025-10-02T20:20:26.112+0000] {processor.py:914} INFO - Processing file /home/airflow/.local/lib/python3.12/site-packages/airflow/example_dags/example_branch_datetime_operator.py for tasks to queue
[2025-10-02T20:20:26.121+0000] {logging_mixin.py:190} INFO - [2025-10-02T20:20:26.119+0000] {dagbag.py:588} INFO - Filling up the DagBag from /home/airflow/.local/lib/python3.12/site-packages/airflow/example_dags/example_branch_datetime_operator.py
[2025-10-02T20:20:26.163+0000] {processor.py:925} INFO - DAG(s) 'example_branch_datetime_operator_3', 'example_branch_datetime_operator', 'example_branch_datetime_operator_2' retrieved from /home/airflow/.local/lib/python3.12/site-packages/airflow/example_dags/example_branch_datetime_operator.py
[2025-10-02T20:20:38.785+0000] {logging_mixin.py:190} INFO - [2025-10-02T20:20:38.784+0000] {dag.py:3239} INFO - Sync 3 DAGs
[2025-10-02T20:20:38.831+0000] {logging_mixin.py:190} INFO - [2025-10-02T20:20:38.831+0000] {dag.py:4180} INFO - Setting next_dagrun for example_branch_datetime_operator to 2025-10-01 00:00:00+00:00, run_after=2025-10-02 00:00:00+00:00
[2025-10-02T20:20:38.837+0000] {logging_mixin.py:190} INFO - [2025-10-02T20:20:38.837+0000] {dag.py:4180} INFO - Setting next_dagrun for example_branch_datetime_operator_2 to 2025-10-01 00:00:00+00:00, run_after=2025-10-02 00:00:00+00:00
[2025-10-02T20:20:38.841+0000] {logging_mixin.py:190} INFO - [2025-10-02T20:20:38.840+0000] {dag.py:4180} INFO - Setting next_dagrun for example_branch_datetime_operator_3 to 2025-10-01 00:00:00+00:00, run_after=2025-10-02 00:00:00+00:00
[2025-10-02T20:20:38.864+0000] {processor.py:208} INFO - Processing /home/airflow/.local/lib/python3.12/site-packages/airflow/example_dags/example_branch_datetime_operator.py took 12.765 seconds
[2025-10-02T20:21:09.141+0000] {processor.py:186} INFO - Started process (PID=1226) to work on /home/airflow/.local/lib/python3.12/site-packages/airflow/example_dags/example_branch_datetime_operator.py
[2025-10-02T20:21:09.147+0000] {processor.py:914} INFO - Processing file /home/airflow/.local/lib/python3.12/site-packages/airflow/example_dags/example_branch_datetime_operator.py for tasks to queue
[2025-10-02T20:21:09.151+0000] {logging_mixin.py:190} INFO - [2025-10-02T20:21:09.151+0000] {dagbag.py:588} INFO - Filling up the DagBag from /home/airflow/.local/lib/python3.12/site-packages/airflow/example_dags/example_branch_datetime_operator.py
[2025-10-02T20:21:09.168+0000] {processor.py:925} INFO - DAG(s) 'example_branch_datetime_operator', 'example_branch_datetime_operator_3', 'example_branch_datetime_operator_2' retrieved from /home/airflow/.local/lib/python3.12/site-packages/airflow/example_dags/example_branch_datetime_operator.py
[2025-10-02T20:21:09.202+0000] {logging_mixin.py:190} INFO - [2025-10-02T20:21:09.201+0000] {dag.py:3239} INFO - Sync 3 DAGs
[2025-10-02T20:21:09.234+0000] {logging_mixin.py:190} INFO - [2025-10-02T20:21:09.233+0000] {dag.py:4180} INFO - Setting next_dagrun for example_branch_datetime_operator to 2025-10-01 00:00:00+00:00, run_after=2025-10-02 00:00:00+00:00
[2025-10-02T20:21:09.239+0000] {logging_mixin.py:190} INFO - [2025-10-02T20:21:09.239+0000] {dag.py:4180} INFO - Setting next_dagrun for example_branch_datetime_operator_2 to 2025-10-01 00:00:00+00:00, run_after=2025-10-02 00:00:00+00:00
[2025-10-02T20:21:09.242+0000] {logging_mixin.py:190} INFO - [2025-10-02T20:21:09.242+0000] {dag.py:4180} INFO - Setting next_dagrun for example_branch_datetime_operator_3 to 2025-10-01 00:00:00+00:00, run_after=2025-10-02 00:00:00+00:00
[2025-10-02T20:21:09.262+0000] {processor.py:208} INFO - Processing /home/airflow/.local/lib/python3.12/site-packages/airflow/example_dags/example_branch_datetime_operator.py took 0.130 seconds
[2025-10-02T20:21:39.343+0000] {processor.py:186} INFO - Started process (PID=1289) to work on /home/airflow/.local/lib/python3.12/site-packages/airflow/example_dags/example_branch_datetime_operator.py
[2025-10-02T20:21:39.344+0000] {processor.py:914} INFO - Processing file /home/airflow/.local/lib/python3.12/site-packages/airflow/example_dags/example_branch_datetime_operator.py for tasks to queue
[2025-10-02T20:21:39.348+0000] {logging_mixin.py:190} INFO - [2025-10-02T20:21:39.347+0000] {dagbag.py:588} INFO - Filling up the DagBag from /home/airflow/.local/lib/python3.12/site-packages/airflow/example_dags/example_branch_datetime_operator.py
[2025-10-02T20:21:39.361+0000] {processor.py:925} INFO - DAG(s) 'example_branch_datetime_operator_3', 'example_branch_datetime_operator', 'example_branch_datetime_operator_2' retrieved from /home/airflow/.local/lib/python3.12/site-packages/airflow/example_dags/example_branch_datetime_operator.py
[2025-10-02T20:21:39.387+0000] {logging_mixin.py:190} INFO - [2025-10-02T20:21:39.387+0000] {dag.py:3239} INFO - Sync 3 DAGs
[2025-10-02T20:21:39.412+0000] {logging_mixin.py:190} INFO - [2025-10-02T20:21:39.412+0000] {dag.py:4180} INFO - Setting next_dagrun for example_branch_datetime_operator to 2025-10-01 00:00:00+00:00, run_after=2025-10-02 00:00:00+00:00
[2025-10-02T20:21:39.418+0000] {logging_mixin.py:190} INFO - [2025-10-02T20:21:39.418+0000] {dag.py:4180} INFO - Setting next_dagrun for example_branch_datetime_operator_2 to 2025-10-01 00:00:00+00:00, run_after=2025-10-02 00:00:00+00:00
[2025-10-02T20:21:39.421+0000] {logging_mixin.py:190} INFO - [2025-10-02T20:21:39.420+0000] {dag.py:4180} INFO - Setting next_dagrun for example_branch_datetime_operator_3 to 2025-10-01 00:00:00+00:00, run_after=2025-10-02 00:00:00+00:00
[2025-10-02T20:21:39.436+0000] {processor.py:208} INFO - Processing /home/airflow/.local/lib/python3.12/site-packages/airflow/example_dags/example_branch_datetime_operator.py took 0.100 seconds
[2025-10-02T20:22:10.313+0000] {processor.py:186} INFO - Started process (PID=1352) to work on /home/airflow/.local/lib/python3.12/site-packages/airflow/example_dags/example_branch_datetime_operator.py
[2025-10-02T20:22:10.314+0000] {processor.py:914} INFO - Processing file /home/airflow/.local/lib/python3.12/site-packages/airflow/example_dags/example_branch_datetime_operator.py for tasks to queue
[2025-10-02T20:22:10.319+0000] {logging_mixin.py:190} INFO - [2025-10-02T20:22:10.319+0000] {dagbag.py:588} INFO - Filling up the DagBag from /home/airflow/.local/lib/python3.12/site-packages/airflow/example_dags/example_branch_datetime_operator.py
[2025-10-02T20:22:10.334+0000] {processor.py:925} INFO - DAG(s) 'example_branch_datetime_operator', 'example_branch_datetime_operator_3', 'example_branch_datetime_operator_2' retrieved from /home/airflow/.local/lib/python3.12/site-packages/airflow/example_dags/example_branch_datetime_operator.py
[2025-10-02T20:22:10.366+0000] {logging_mixin.py:190} INFO - [2025-10-02T20:22:10.366+0000] {dag.py:3239} INFO - Sync 3 DAGs
[2025-10-02T20:22:10.394+0000] {logging_mixin.py:190} INFO - [2025-10-02T20:22:10.394+0000] {dag.py:4180} INFO - Setting next_dagrun for example_branch_datetime_operator to 2025-10-01 00:00:00+00:00, run_after=2025-10-02 00:00:00+00:00
[2025-10-02T20:22:10.399+0000] {logging_mixin.py:190} INFO - [2025-10-02T20:22:10.399+0000] {dag.py:4180} INFO - Setting next_dagrun for example_branch_datetime_operator_2 to 2025-10-01 00:00:00+00:00, run_after=2025-10-02 00:00:00+00:00
[2025-10-02T20:22:10.402+0000] {logging_mixin.py:190} INFO - [2025-10-02T20:22:10.401+0000] {dag.py:4180} INFO - Setting next_dagrun for example_branch_datetime_operator_3 to 2025-10-01 00:00:00+00:00, run_after=2025-10-02 00:00:00+00:00
[2025-10-02T20:22:10.421+0000] {processor.py:208} INFO - Processing /home/airflow/.local/lib/python3.12/site-packages/airflow/example_dags/example_branch_datetime_operator.py took 0.115 seconds
[2025-10-02T20:26:03.381+0000] {processor.py:186} INFO - Started process (PID=77) to work on /home/airflow/.local/lib/python3.12/site-packages/airflow/example_dags/example_branch_datetime_operator.py
[2025-10-02T20:26:03.383+0000] {processor.py:914} INFO - Processing file /home/airflow/.local/lib/python3.12/site-packages/airflow/example_dags/example_branch_datetime_operator.py for tasks to queue
[2025-10-02T20:26:03.386+0000] {logging_mixin.py:190} INFO - [2025-10-02T20:26:03.386+0000] {dagbag.py:588} INFO - Filling up the DagBag from /home/airflow/.local/lib/python3.12/site-packages/airflow/example_dags/example_branch_datetime_operator.py
[2025-10-02T20:26:03.402+0000] {processor.py:925} INFO - DAG(s) 'example_branch_datetime_operator', 'example_branch_datetime_operator_2', 'example_branch_datetime_operator_3' retrieved from /home/airflow/.local/lib/python3.12/site-packages/airflow/example_dags/example_branch_datetime_operator.py
[2025-10-02T20:26:03.446+0000] {logging_mixin.py:190} INFO - [2025-10-02T20:26:03.445+0000] {dag.py:3239} INFO - Sync 3 DAGs
[2025-10-02T20:26:03.491+0000] {logging_mixin.py:190} INFO - [2025-10-02T20:26:03.491+0000] {dag.py:4180} INFO - Setting next_dagrun for example_branch_datetime_operator to 2025-10-01 00:00:00+00:00, run_after=2025-10-02 00:00:00+00:00
[2025-10-02T20:26:03.499+0000] {logging_mixin.py:190} INFO - [2025-10-02T20:26:03.499+0000] {dag.py:4180} INFO - Setting next_dagrun for example_branch_datetime_operator_2 to 2025-10-01 00:00:00+00:00, run_after=2025-10-02 00:00:00+00:00
[2025-10-02T20:26:03.505+0000] {logging_mixin.py:190} INFO - [2025-10-02T20:26:03.504+0000] {dag.py:4180} INFO - Setting next_dagrun for example_branch_datetime_operator_3 to 2025-10-01 00:00:00+00:00, run_after=2025-10-02 00:00:00+00:00
[2025-10-02T20:26:03.523+0000] {processor.py:208} INFO - Processing /home/airflow/.local/lib/python3.12/site-packages/airflow/example_dags/example_branch_datetime_operator.py took 0.150 seconds
[2025-10-02T20:26:34.084+0000] {processor.py:186} INFO - Started process (PID=140) to work on /home/airflow/.local/lib/python3.12/site-packages/airflow/example_dags/example_branch_datetime_operator.py
[2025-10-02T20:26:34.085+0000] {processor.py:914} INFO - Processing file /home/airflow/.local/lib/python3.12/site-packages/airflow/example_dags/example_branch_datetime_operator.py for tasks to queue
[2025-10-02T20:26:34.089+0000] {logging_mixin.py:190} INFO - [2025-10-02T20:26:34.088+0000] {dagbag.py:588} INFO - Filling up the DagBag from /home/airflow/.local/lib/python3.12/site-packages/airflow/example_dags/example_branch_datetime_operator.py
[2025-10-02T20:26:34.106+0000] {processor.py:925} INFO - DAG(s) 'example_branch_datetime_operator', 'example_branch_datetime_operator_2', 'example_branch_datetime_operator_3' retrieved from /home/airflow/.local/lib/python3.12/site-packages/airflow/example_dags/example_branch_datetime_operator.py
[2025-10-02T20:26:34.144+0000] {logging_mixin.py:190} INFO - [2025-10-02T20:26:34.144+0000] {dag.py:3239} INFO - Sync 3 DAGs
[2025-10-02T20:26:34.183+0000] {logging_mixin.py:190} INFO - [2025-10-02T20:26:34.183+0000] {dag.py:4180} INFO - Setting next_dagrun for example_branch_datetime_operator to 2025-10-01 00:00:00+00:00, run_after=2025-10-02 00:00:00+00:00
[2025-10-02T20:26:34.188+0000] {logging_mixin.py:190} INFO - [2025-10-02T20:26:34.188+0000] {dag.py:4180} INFO - Setting next_dagrun for example_branch_datetime_operator_2 to 2025-10-01 00:00:00+00:00, run_after=2025-10-02 00:00:00+00:00
[2025-10-02T20:26:34.192+0000] {logging_mixin.py:190} INFO - [2025-10-02T20:26:34.191+0000] {dag.py:4180} INFO - Setting next_dagrun for example_branch_datetime_operator_3 to 2025-10-01 00:00:00+00:00, run_after=2025-10-02 00:00:00+00:00
[2025-10-02T20:26:34.209+0000] {processor.py:208} INFO - Processing /home/airflow/.local/lib/python3.12/site-packages/airflow/example_dags/example_branch_datetime_operator.py took 0.135 seconds
[2025-10-02T20:30:59.684+0000] {processor.py:186} INFO - Started process (PID=84) to work on /home/airflow/.local/lib/python3.12/site-packages/airflow/example_dags/example_branch_datetime_operator.py
[2025-10-02T20:30:59.686+0000] {processor.py:914} INFO - Processing file /home/airflow/.local/lib/python3.12/site-packages/airflow/example_dags/example_branch_datetime_operator.py for tasks to queue
[2025-10-02T20:30:59.689+0000] {logging_mixin.py:190} INFO - [2025-10-02T20:30:59.689+0000] {dagbag.py:588} INFO - Filling up the DagBag from /home/airflow/.local/lib/python3.12/site-packages/airflow/example_dags/example_branch_datetime_operator.py
[2025-10-02T20:30:59.716+0000] {processor.py:925} INFO - DAG(s) 'example_branch_datetime_operator_2', 'example_branch_datetime_operator', 'example_branch_datetime_operator_3' retrieved from /home/airflow/.local/lib/python3.12/site-packages/airflow/example_dags/example_branch_datetime_operator.py
[2025-10-02T20:30:59.760+0000] {logging_mixin.py:190} INFO - [2025-10-02T20:30:59.760+0000] {dag.py:3239} INFO - Sync 3 DAGs
[2025-10-02T20:30:59.799+0000] {logging_mixin.py:190} INFO - [2025-10-02T20:30:59.799+0000] {dag.py:4180} INFO - Setting next_dagrun for example_branch_datetime_operator to 2025-10-01 00:00:00+00:00, run_after=2025-10-02 00:00:00+00:00
[2025-10-02T20:30:59.806+0000] {logging_mixin.py:190} INFO - [2025-10-02T20:30:59.805+0000] {dag.py:4180} INFO - Setting next_dagrun for example_branch_datetime_operator_2 to 2025-10-01 00:00:00+00:00, run_after=2025-10-02 00:00:00+00:00
[2025-10-02T20:30:59.810+0000] {logging_mixin.py:190} INFO - [2025-10-02T20:30:59.809+0000] {dag.py:4180} INFO - Setting next_dagrun for example_branch_datetime_operator_3 to 2025-10-01 00:00:00+00:00, run_after=2025-10-02 00:00:00+00:00
[2025-10-02T20:30:59.842+0000] {processor.py:208} INFO - Processing /home/airflow/.local/lib/python3.12/site-packages/airflow/example_dags/example_branch_datetime_operator.py took 0.168 seconds
[2025-10-02T20:31:30.398+0000] {processor.py:186} INFO - Started process (PID=147) to work on /home/airflow/.local/lib/python3.12/site-packages/airflow/example_dags/example_branch_datetime_operator.py
[2025-10-02T20:31:30.400+0000] {processor.py:914} INFO - Processing file /home/airflow/.local/lib/python3.12/site-packages/airflow/example_dags/example_branch_datetime_operator.py for tasks to queue
[2025-10-02T20:31:30.402+0000] {logging_mixin.py:190} INFO - [2025-10-02T20:31:30.402+0000] {dagbag.py:588} INFO - Filling up the DagBag from /home/airflow/.local/lib/python3.12/site-packages/airflow/example_dags/example_branch_datetime_operator.py
[2025-10-02T20:31:30.417+0000] {processor.py:925} INFO - DAG(s) 'example_branch_datetime_operator', 'example_branch_datetime_operator_2', 'example_branch_datetime_operator_3' retrieved from /home/airflow/.local/lib/python3.12/site-packages/airflow/example_dags/example_branch_datetime_operator.py
[2025-10-02T20:31:30.445+0000] {logging_mixin.py:190} INFO - [2025-10-02T20:31:30.445+0000] {dag.py:3239} INFO - Sync 3 DAGs
[2025-10-02T20:31:30.471+0000] {logging_mixin.py:190} INFO - [2025-10-02T20:31:30.471+0000] {dag.py:4180} INFO - Setting next_dagrun for example_branch_datetime_operator to 2025-10-01 00:00:00+00:00, run_after=2025-10-02 00:00:00+00:00
[2025-10-02T20:31:30.475+0000] {logging_mixin.py:190} INFO - [2025-10-02T20:31:30.475+0000] {dag.py:4180} INFO - Setting next_dagrun for example_branch_datetime_operator_2 to 2025-10-01 00:00:00+00:00, run_after=2025-10-02 00:00:00+00:00
[2025-10-02T20:31:30.477+0000] {logging_mixin.py:190} INFO - [2025-10-02T20:31:30.477+0000] {dag.py:4180} INFO - Setting next_dagrun for example_branch_datetime_operator_3 to 2025-10-01 00:00:00+00:00, run_after=2025-10-02 00:00:00+00:00
[2025-10-02T20:31:30.492+0000] {processor.py:208} INFO - Processing /home/airflow/.local/lib/python3.12/site-packages/airflow/example_dags/example_branch_datetime_operator.py took 0.100 seconds
[2025-10-02T20:32:01.166+0000] {processor.py:186} INFO - Started process (PID=210) to work on /home/airflow/.local/lib/python3.12/site-packages/airflow/example_dags/example_branch_datetime_operator.py
[2025-10-02T20:32:01.168+0000] {processor.py:914} INFO - Processing file /home/airflow/.local/lib/python3.12/site-packages/airflow/example_dags/example_branch_datetime_operator.py for tasks to queue
[2025-10-02T20:32:01.171+0000] {logging_mixin.py:190} INFO - [2025-10-02T20:32:01.170+0000] {dagbag.py:588} INFO - Filling up the DagBag from /home/airflow/.local/lib/python3.12/site-packages/airflow/example_dags/example_branch_datetime_operator.py
[2025-10-02T20:32:01.185+0000] {processor.py:925} INFO - DAG(s) 'example_branch_datetime_operator_2', 'example_branch_datetime_operator', 'example_branch_datetime_operator_3' retrieved from /home/airflow/.local/lib/python3.12/site-packages/airflow/example_dags/example_branch_datetime_operator.py
[2025-10-02T20:32:01.209+0000] {logging_mixin.py:190} INFO - [2025-10-02T20:32:01.209+0000] {dag.py:3239} INFO - Sync 3 DAGs
[2025-10-02T20:32:01.232+0000] {logging_mixin.py:190} INFO - [2025-10-02T20:32:01.232+0000] {dag.py:4180} INFO - Setting next_dagrun for example_branch_datetime_operator to 2025-10-01 00:00:00+00:00, run_after=2025-10-02 00:00:00+00:00
[2025-10-02T20:32:01.237+0000] {logging_mixin.py:190} INFO - [2025-10-02T20:32:01.237+0000] {dag.py:4180} INFO - Setting next_dagrun for example_branch_datetime_operator_2 to 2025-10-01 00:00:00+00:00, run_after=2025-10-02 00:00:00+00:00
[2025-10-02T20:32:01.239+0000] {logging_mixin.py:190} INFO - [2025-10-02T20:32:01.239+0000] {dag.py:4180} INFO - Setting next_dagrun for example_branch_datetime_operator_3 to 2025-10-01 00:00:00+00:00, run_after=2025-10-02 00:00:00+00:00
[2025-10-02T20:32:01.253+0000] {processor.py:208} INFO - Processing /home/airflow/.local/lib/python3.12/site-packages/airflow/example_dags/example_branch_datetime_operator.py took 0.094 seconds
[2025-10-02T20:32:32.013+0000] {processor.py:186} INFO - Started process (PID=276) to work on /home/airflow/.local/lib/python3.12/site-packages/airflow/example_dags/example_branch_datetime_operator.py
[2025-10-02T20:32:32.017+0000] {processor.py:914} INFO - Processing file /home/airflow/.local/lib/python3.12/site-packages/airflow/example_dags/example_branch_datetime_operator.py for tasks to queue
[2025-10-02T20:32:32.020+0000] {logging_mixin.py:190} INFO - [2025-10-02T20:32:32.020+0000] {dagbag.py:588} INFO - Filling up the DagBag from /home/airflow/.local/lib/python3.12/site-packages/airflow/example_dags/example_branch_datetime_operator.py
[2025-10-02T20:32:32.036+0000] {processor.py:925} INFO - DAG(s) 'example_branch_datetime_operator_3', 'example_branch_datetime_operator_2', 'example_branch_datetime_operator' retrieved from /home/airflow/.local/lib/python3.12/site-packages/airflow/example_dags/example_branch_datetime_operator.py
[2025-10-02T20:32:32.068+0000] {logging_mixin.py:190} INFO - [2025-10-02T20:32:32.068+0000] {dag.py:3239} INFO - Sync 3 DAGs
[2025-10-02T20:32:32.101+0000] {logging_mixin.py:190} INFO - [2025-10-02T20:32:32.100+0000] {dag.py:4180} INFO - Setting next_dagrun for example_branch_datetime_operator to 2025-10-01 00:00:00+00:00, run_after=2025-10-02 00:00:00+00:00
[2025-10-02T20:32:32.108+0000] {logging_mixin.py:190} INFO - [2025-10-02T20:32:32.108+0000] {dag.py:4180} INFO - Setting next_dagrun for example_branch_datetime_operator_2 to 2025-10-01 00:00:00+00:00, run_after=2025-10-02 00:00:00+00:00
[2025-10-02T20:32:32.111+0000] {logging_mixin.py:190} INFO - [2025-10-02T20:32:32.111+0000] {dag.py:4180} INFO - Setting next_dagrun for example_branch_datetime_operator_3 to 2025-10-01 00:00:00+00:00, run_after=2025-10-02 00:00:00+00:00
[2025-10-02T20:32:32.132+0000] {processor.py:208} INFO - Processing /home/airflow/.local/lib/python3.12/site-packages/airflow/example_dags/example_branch_datetime_operator.py took 0.128 seconds
[2025-10-02T20:33:02.549+0000] {processor.py:186} INFO - Started process (PID=341) to work on /home/airflow/.local/lib/python3.12/site-packages/airflow/example_dags/example_branch_datetime_operator.py
[2025-10-02T20:33:02.550+0000] {processor.py:914} INFO - Processing file /home/airflow/.local/lib/python3.12/site-packages/airflow/example_dags/example_branch_datetime_operator.py for tasks to queue
[2025-10-02T20:33:02.553+0000] {logging_mixin.py:190} INFO - [2025-10-02T20:33:02.552+0000] {dagbag.py:588} INFO - Filling up the DagBag from /home/airflow/.local/lib/python3.12/site-packages/airflow/example_dags/example_branch_datetime_operator.py
[2025-10-02T20:33:02.567+0000] {processor.py:925} INFO - DAG(s) 'example_branch_datetime_operator_2', 'example_branch_datetime_operator', 'example_branch_datetime_operator_3' retrieved from /home/airflow/.local/lib/python3.12/site-packages/airflow/example_dags/example_branch_datetime_operator.py
[2025-10-02T20:33:02.596+0000] {logging_mixin.py:190} INFO - [2025-10-02T20:33:02.596+0000] {dag.py:3239} INFO - Sync 3 DAGs
[2025-10-02T20:33:02.624+0000] {logging_mixin.py:190} INFO - [2025-10-02T20:33:02.623+0000] {dag.py:4180} INFO - Setting next_dagrun for example_branch_datetime_operator to 2025-10-01 00:00:00+00:00, run_after=2025-10-02 00:00:00+00:00
[2025-10-02T20:33:02.629+0000] {logging_mixin.py:190} INFO - [2025-10-02T20:33:02.629+0000] {dag.py:4180} INFO - Setting next_dagrun for example_branch_datetime_operator_2 to 2025-10-01 00:00:00+00:00, run_after=2025-10-02 00:00:00+00:00
[2025-10-02T20:33:02.631+0000] {logging_mixin.py:190} INFO - [2025-10-02T20:33:02.631+0000] {dag.py:4180} INFO - Setting next_dagrun for example_branch_datetime_operator_3 to 2025-10-01 00:00:00+00:00, run_after=2025-10-02 00:00:00+00:00
[2025-10-02T20:33:02.648+0000] {processor.py:208} INFO - Processing /home/airflow/.local/lib/python3.12/site-packages/airflow/example_dags/example_branch_datetime_operator.py took 0.107 seconds
[2025-10-02T20:35:16.835+0000] {processor.py:186} INFO - Started process (PID=83) to work on /home/airflow/.local/lib/python3.12/site-packages/airflow/example_dags/example_branch_datetime_operator.py
[2025-10-02T20:35:16.837+0000] {processor.py:914} INFO - Processing file /home/airflow/.local/lib/python3.12/site-packages/airflow/example_dags/example_branch_datetime_operator.py for tasks to queue
[2025-10-02T20:35:16.842+0000] {logging_mixin.py:190} INFO - [2025-10-02T20:35:16.840+0000] {dagbag.py:588} INFO - Filling up the DagBag from /home/airflow/.local/lib/python3.12/site-packages/airflow/example_dags/example_branch_datetime_operator.py
[2025-10-02T20:35:16.878+0000] {processor.py:925} INFO - DAG(s) 'example_branch_datetime_operator_3', 'example_branch_datetime_operator_2', 'example_branch_datetime_operator' retrieved from /home/airflow/.local/lib/python3.12/site-packages/airflow/example_dags/example_branch_datetime_operator.py
[2025-10-02T20:35:16.931+0000] {logging_mixin.py:190} INFO - [2025-10-02T20:35:16.931+0000] {dag.py:3239} INFO - Sync 3 DAGs
[2025-10-02T20:35:16.963+0000] {logging_mixin.py:190} INFO - [2025-10-02T20:35:16.963+0000] {dag.py:4180} INFO - Setting next_dagrun for example_branch_datetime_operator to 2025-10-01 00:00:00+00:00, run_after=2025-10-02 00:00:00+00:00
[2025-10-02T20:35:16.973+0000] {logging_mixin.py:190} INFO - [2025-10-02T20:35:16.972+0000] {dag.py:4180} INFO - Setting next_dagrun for example_branch_datetime_operator_2 to 2025-10-01 00:00:00+00:00, run_after=2025-10-02 00:00:00+00:00
[2025-10-02T20:35:16.976+0000] {logging_mixin.py:190} INFO - [2025-10-02T20:35:16.976+0000] {dag.py:4180} INFO - Setting next_dagrun for example_branch_datetime_operator_3 to 2025-10-01 00:00:00+00:00, run_after=2025-10-02 00:00:00+00:00
[2025-10-02T20:35:16.999+0000] {processor.py:208} INFO - Processing /home/airflow/.local/lib/python3.12/site-packages/airflow/example_dags/example_branch_datetime_operator.py took 0.173 seconds
[2025-10-02T20:35:47.086+0000] {processor.py:186} INFO - Started process (PID=140) to work on /home/airflow/.local/lib/python3.12/site-packages/airflow/example_dags/example_branch_datetime_operator.py
[2025-10-02T20:35:47.087+0000] {processor.py:914} INFO - Processing file /home/airflow/.local/lib/python3.12/site-packages/airflow/example_dags/example_branch_datetime_operator.py for tasks to queue
[2025-10-02T20:35:47.089+0000] {logging_mixin.py:190} INFO - [2025-10-02T20:35:47.089+0000] {dagbag.py:588} INFO - Filling up the DagBag from /home/airflow/.local/lib/python3.12/site-packages/airflow/example_dags/example_branch_datetime_operator.py
[2025-10-02T20:35:47.100+0000] {processor.py:925} INFO - DAG(s) 'example_branch_datetime_operator_2', 'example_branch_datetime_operator_3', 'example_branch_datetime_operator' retrieved from /home/airflow/.local/lib/python3.12/site-packages/airflow/example_dags/example_branch_datetime_operator.py
[2025-10-02T20:35:47.124+0000] {logging_mixin.py:190} INFO - [2025-10-02T20:35:47.124+0000] {dag.py:3239} INFO - Sync 3 DAGs
[2025-10-02T20:35:47.150+0000] {logging_mixin.py:190} INFO - [2025-10-02T20:35:47.150+0000] {dag.py:4180} INFO - Setting next_dagrun for example_branch_datetime_operator to 2025-10-01 00:00:00+00:00, run_after=2025-10-02 00:00:00+00:00
[2025-10-02T20:35:47.155+0000] {logging_mixin.py:190} INFO - [2025-10-02T20:35:47.155+0000] {dag.py:4180} INFO - Setting next_dagrun for example_branch_datetime_operator_2 to 2025-10-01 00:00:00+00:00, run_after=2025-10-02 00:00:00+00:00
[2025-10-02T20:35:47.157+0000] {logging_mixin.py:190} INFO - [2025-10-02T20:35:47.157+0000] {dag.py:4180} INFO - Setting next_dagrun for example_branch_datetime_operator_3 to 2025-10-01 00:00:00+00:00, run_after=2025-10-02 00:00:00+00:00
[2025-10-02T20:35:47.172+0000] {processor.py:208} INFO - Processing /home/airflow/.local/lib/python3.12/site-packages/airflow/example_dags/example_branch_datetime_operator.py took 0.092 seconds
[2025-10-02T20:36:17.848+0000] {processor.py:186} INFO - Started process (PID=209) to work on /home/airflow/.local/lib/python3.12/site-packages/airflow/example_dags/example_branch_datetime_operator.py
[2025-10-02T20:36:17.849+0000] {processor.py:914} INFO - Processing file /home/airflow/.local/lib/python3.12/site-packages/airflow/example_dags/example_branch_datetime_operator.py for tasks to queue
[2025-10-02T20:36:17.852+0000] {logging_mixin.py:190} INFO - [2025-10-02T20:36:17.851+0000] {dagbag.py:588} INFO - Filling up the DagBag from /home/airflow/.local/lib/python3.12/site-packages/airflow/example_dags/example_branch_datetime_operator.py
[2025-10-02T20:36:17.864+0000] {processor.py:925} INFO - DAG(s) 'example_branch_datetime_operator_2', 'example_branch_datetime_operator_3', 'example_branch_datetime_operator' retrieved from /home/airflow/.local/lib/python3.12/site-packages/airflow/example_dags/example_branch_datetime_operator.py
[2025-10-02T20:36:17.891+0000] {logging_mixin.py:190} INFO - [2025-10-02T20:36:17.891+0000] {dag.py:3239} INFO - Sync 3 DAGs
[2025-10-02T20:36:17.919+0000] {logging_mixin.py:190} INFO - [2025-10-02T20:36:17.918+0000] {dag.py:4180} INFO - Setting next_dagrun for example_branch_datetime_operator to 2025-10-01 00:00:00+00:00, run_after=2025-10-02 00:00:00+00:00
[2025-10-02T20:36:17.928+0000] {logging_mixin.py:190} INFO - [2025-10-02T20:36:17.927+0000] {dag.py:4180} INFO - Setting next_dagrun for example_branch_datetime_operator_2 to 2025-10-01 00:00:00+00:00, run_after=2025-10-02 00:00:00+00:00
[2025-10-02T20:36:17.930+0000] {logging_mixin.py:190} INFO - [2025-10-02T20:36:17.930+0000] {dag.py:4180} INFO - Setting next_dagrun for example_branch_datetime_operator_3 to 2025-10-01 00:00:00+00:00, run_after=2025-10-02 00:00:00+00:00
[2025-10-02T20:36:17.946+0000] {processor.py:208} INFO - Processing /home/airflow/.local/lib/python3.12/site-packages/airflow/example_dags/example_branch_datetime_operator.py took 0.106 seconds
[2025-10-02T20:36:48.358+0000] {processor.py:186} INFO - Started process (PID=272) to work on /home/airflow/.local/lib/python3.12/site-packages/airflow/example_dags/example_branch_datetime_operator.py
[2025-10-02T20:36:48.359+0000] {processor.py:914} INFO - Processing file /home/airflow/.local/lib/python3.12/site-packages/airflow/example_dags/example_branch_datetime_operator.py for tasks to queue
[2025-10-02T20:36:48.361+0000] {logging_mixin.py:190} INFO - [2025-10-02T20:36:48.361+0000] {dagbag.py:588} INFO - Filling up the DagBag from /home/airflow/.local/lib/python3.12/site-packages/airflow/example_dags/example_branch_datetime_operator.py
[2025-10-02T20:36:48.373+0000] {processor.py:925} INFO - DAG(s) 'example_branch_datetime_operator_2', 'example_branch_datetime_operator_3', 'example_branch_datetime_operator' retrieved from /home/airflow/.local/lib/python3.12/site-packages/airflow/example_dags/example_branch_datetime_operator.py
[2025-10-02T20:36:48.397+0000] {logging_mixin.py:190} INFO - [2025-10-02T20:36:48.396+0000] {dag.py:3239} INFO - Sync 3 DAGs
[2025-10-02T20:36:48.419+0000] {logging_mixin.py:190} INFO - [2025-10-02T20:36:48.419+0000] {dag.py:4180} INFO - Setting next_dagrun for example_branch_datetime_operator to 2025-10-01 00:00:00+00:00, run_after=2025-10-02 00:00:00+00:00
[2025-10-02T20:36:48.423+0000] {logging_mixin.py:190} INFO - [2025-10-02T20:36:48.423+0000] {dag.py:4180} INFO - Setting next_dagrun for example_branch_datetime_operator_2 to 2025-10-01 00:00:00+00:00, run_after=2025-10-02 00:00:00+00:00
[2025-10-02T20:36:48.425+0000] {logging_mixin.py:190} INFO - [2025-10-02T20:36:48.425+0000] {dag.py:4180} INFO - Setting next_dagrun for example_branch_datetime_operator_3 to 2025-10-01 00:00:00+00:00, run_after=2025-10-02 00:00:00+00:00
[2025-10-02T20:36:48.438+0000] {processor.py:208} INFO - Processing /home/airflow/.local/lib/python3.12/site-packages/airflow/example_dags/example_branch_datetime_operator.py took 0.086 seconds
[2025-10-02T20:37:18.905+0000] {processor.py:186} INFO - Started process (PID=335) to work on /home/airflow/.local/lib/python3.12/site-packages/airflow/example_dags/example_branch_datetime_operator.py
[2025-10-02T20:37:18.906+0000] {processor.py:914} INFO - Processing file /home/airflow/.local/lib/python3.12/site-packages/airflow/example_dags/example_branch_datetime_operator.py for tasks to queue
[2025-10-02T20:37:18.910+0000] {logging_mixin.py:190} INFO - [2025-10-02T20:37:18.910+0000] {dagbag.py:588} INFO - Filling up the DagBag from /home/airflow/.local/lib/python3.12/site-packages/airflow/example_dags/example_branch_datetime_operator.py
[2025-10-02T20:37:18.923+0000] {processor.py:925} INFO - DAG(s) 'example_branch_datetime_operator_2', 'example_branch_datetime_operator_3', 'example_branch_datetime_operator' retrieved from /home/airflow/.local/lib/python3.12/site-packages/airflow/example_dags/example_branch_datetime_operator.py
[2025-10-02T20:37:18.950+0000] {logging_mixin.py:190} INFO - [2025-10-02T20:37:18.950+0000] {dag.py:3239} INFO - Sync 3 DAGs
[2025-10-02T20:37:18.975+0000] {logging_mixin.py:190} INFO - [2025-10-02T20:37:18.975+0000] {dag.py:4180} INFO - Setting next_dagrun for example_branch_datetime_operator to 2025-10-01 00:00:00+00:00, run_after=2025-10-02 00:00:00+00:00
[2025-10-02T20:37:18.980+0000] {logging_mixin.py:190} INFO - [2025-10-02T20:37:18.980+0000] {dag.py:4180} INFO - Setting next_dagrun for example_branch_datetime_operator_2 to 2025-10-01 00:00:00+00:00, run_after=2025-10-02 00:00:00+00:00
[2025-10-02T20:37:18.982+0000] {logging_mixin.py:190} INFO - [2025-10-02T20:37:18.982+0000] {dag.py:4180} INFO - Setting next_dagrun for example_branch_datetime_operator_3 to 2025-10-01 00:00:00+00:00, run_after=2025-10-02 00:00:00+00:00
[2025-10-02T20:37:18.997+0000] {processor.py:208} INFO - Processing /home/airflow/.local/lib/python3.12/site-packages/airflow/example_dags/example_branch_datetime_operator.py took 0.098 seconds
[2025-10-02T20:37:49.052+0000] {processor.py:186} INFO - Started process (PID=398) to work on /home/airflow/.local/lib/python3.12/site-packages/airflow/example_dags/example_branch_datetime_operator.py
[2025-10-02T20:37:49.053+0000] {processor.py:914} INFO - Processing file /home/airflow/.local/lib/python3.12/site-packages/airflow/example_dags/example_branch_datetime_operator.py for tasks to queue
[2025-10-02T20:37:49.056+0000] {logging_mixin.py:190} INFO - [2025-10-02T20:37:49.055+0000] {dagbag.py:588} INFO - Filling up the DagBag from /home/airflow/.local/lib/python3.12/site-packages/airflow/example_dags/example_branch_datetime_operator.py
[2025-10-02T20:37:49.069+0000] {processor.py:925} INFO - DAG(s) 'example_branch_datetime_operator_3', 'example_branch_datetime_operator_2', 'example_branch_datetime_operator' retrieved from /home/airflow/.local/lib/python3.12/site-packages/airflow/example_dags/example_branch_datetime_operator.py
[2025-10-02T20:37:49.095+0000] {logging_mixin.py:190} INFO - [2025-10-02T20:37:49.095+0000] {dag.py:3239} INFO - Sync 3 DAGs
[2025-10-02T20:37:49.122+0000] {logging_mixin.py:190} INFO - [2025-10-02T20:37:49.122+0000] {dag.py:4180} INFO - Setting next_dagrun for example_branch_datetime_operator to 2025-10-01 00:00:00+00:00, run_after=2025-10-02 00:00:00+00:00
[2025-10-02T20:37:49.127+0000] {logging_mixin.py:190} INFO - [2025-10-02T20:37:49.126+0000] {dag.py:4180} INFO - Setting next_dagrun for example_branch_datetime_operator_2 to 2025-10-01 00:00:00+00:00, run_after=2025-10-02 00:00:00+00:00
[2025-10-02T20:37:49.129+0000] {logging_mixin.py:190} INFO - [2025-10-02T20:37:49.129+0000] {dag.py:4180} INFO - Setting next_dagrun for example_branch_datetime_operator_3 to 2025-10-01 00:00:00+00:00, run_after=2025-10-02 00:00:00+00:00
[2025-10-02T20:37:49.143+0000] {processor.py:208} INFO - Processing /home/airflow/.local/lib/python3.12/site-packages/airflow/example_dags/example_branch_datetime_operator.py took 0.098 seconds
[2025-10-02T20:38:19.467+0000] {processor.py:186} INFO - Started process (PID=461) to work on /home/airflow/.local/lib/python3.12/site-packages/airflow/example_dags/example_branch_datetime_operator.py
[2025-10-02T20:38:19.468+0000] {processor.py:914} INFO - Processing file /home/airflow/.local/lib/python3.12/site-packages/airflow/example_dags/example_branch_datetime_operator.py for tasks to queue
[2025-10-02T20:38:19.471+0000] {logging_mixin.py:190} INFO - [2025-10-02T20:38:19.471+0000] {dagbag.py:588} INFO - Filling up the DagBag from /home/airflow/.local/lib/python3.12/site-packages/airflow/example_dags/example_branch_datetime_operator.py
[2025-10-02T20:38:19.485+0000] {processor.py:925} INFO - DAG(s) 'example_branch_datetime_operator_2', 'example_branch_datetime_operator', 'example_branch_datetime_operator_3' retrieved from /home/airflow/.local/lib/python3.12/site-packages/airflow/example_dags/example_branch_datetime_operator.py
[2025-10-02T20:38:19.517+0000] {logging_mixin.py:190} INFO - [2025-10-02T20:38:19.517+0000] {dag.py:3239} INFO - Sync 3 DAGs
[2025-10-02T20:38:19.547+0000] {logging_mixin.py:190} INFO - [2025-10-02T20:38:19.547+0000] {dag.py:4180} INFO - Setting next_dagrun for example_branch_datetime_operator to 2025-10-01 00:00:00+00:00, run_after=2025-10-02 00:00:00+00:00
[2025-10-02T20:38:19.553+0000] {logging_mixin.py:190} INFO - [2025-10-02T20:38:19.553+0000] {dag.py:4180} INFO - Setting next_dagrun for example_branch_datetime_operator_2 to 2025-10-01 00:00:00+00:00, run_after=2025-10-02 00:00:00+00:00
[2025-10-02T20:38:19.556+0000] {logging_mixin.py:190} INFO - [2025-10-02T20:38:19.556+0000] {dag.py:4180} INFO - Setting next_dagrun for example_branch_datetime_operator_3 to 2025-10-01 00:00:00+00:00, run_after=2025-10-02 00:00:00+00:00
[2025-10-02T20:38:19.572+0000] {processor.py:208} INFO - Processing /home/airflow/.local/lib/python3.12/site-packages/airflow/example_dags/example_branch_datetime_operator.py took 0.112 seconds
[2025-10-02T20:38:49.961+0000] {processor.py:186} INFO - Started process (PID=524) to work on /home/airflow/.local/lib/python3.12/site-packages/airflow/example_dags/example_branch_datetime_operator.py
[2025-10-02T20:38:49.963+0000] {processor.py:914} INFO - Processing file /home/airflow/.local/lib/python3.12/site-packages/airflow/example_dags/example_branch_datetime_operator.py for tasks to queue
[2025-10-02T20:38:49.965+0000] {logging_mixin.py:190} INFO - [2025-10-02T20:38:49.965+0000] {dagbag.py:588} INFO - Filling up the DagBag from /home/airflow/.local/lib/python3.12/site-packages/airflow/example_dags/example_branch_datetime_operator.py
[2025-10-02T20:38:49.978+0000] {processor.py:925} INFO - DAG(s) 'example_branch_datetime_operator', 'example_branch_datetime_operator_2', 'example_branch_datetime_operator_3' retrieved from /home/airflow/.local/lib/python3.12/site-packages/airflow/example_dags/example_branch_datetime_operator.py
[2025-10-02T20:38:50.004+0000] {logging_mixin.py:190} INFO - [2025-10-02T20:38:50.004+0000] {dag.py:3239} INFO - Sync 3 DAGs
[2025-10-02T20:38:50.029+0000] {logging_mixin.py:190} INFO - [2025-10-02T20:38:50.029+0000] {dag.py:4180} INFO - Setting next_dagrun for example_branch_datetime_operator to 2025-10-01 00:00:00+00:00, run_after=2025-10-02 00:00:00+00:00
[2025-10-02T20:38:50.035+0000] {logging_mixin.py:190} INFO - [2025-10-02T20:38:50.034+0000] {dag.py:4180} INFO - Setting next_dagrun for example_branch_datetime_operator_2 to 2025-10-01 00:00:00+00:00, run_after=2025-10-02 00:00:00+00:00
[2025-10-02T20:38:50.037+0000] {logging_mixin.py:190} INFO - [2025-10-02T20:38:50.037+0000] {dag.py:4180} INFO - Setting next_dagrun for example_branch_datetime_operator_3 to 2025-10-01 00:00:00+00:00, run_after=2025-10-02 00:00:00+00:00
[2025-10-02T20:38:50.051+0000] {processor.py:208} INFO - Processing /home/airflow/.local/lib/python3.12/site-packages/airflow/example_dags/example_branch_datetime_operator.py took 0.096 seconds
[2025-10-02T20:39:20.299+0000] {processor.py:186} INFO - Started process (PID=588) to work on /home/airflow/.local/lib/python3.12/site-packages/airflow/example_dags/example_branch_datetime_operator.py
[2025-10-02T20:39:20.300+0000] {processor.py:914} INFO - Processing file /home/airflow/.local/lib/python3.12/site-packages/airflow/example_dags/example_branch_datetime_operator.py for tasks to queue
[2025-10-02T20:39:20.303+0000] {logging_mixin.py:190} INFO - [2025-10-02T20:39:20.302+0000] {dagbag.py:588} INFO - Filling up the DagBag from /home/airflow/.local/lib/python3.12/site-packages/airflow/example_dags/example_branch_datetime_operator.py
[2025-10-02T20:39:20.316+0000] {processor.py:925} INFO - DAG(s) 'example_branch_datetime_operator_2', 'example_branch_datetime_operator', 'example_branch_datetime_operator_3' retrieved from /home/airflow/.local/lib/python3.12/site-packages/airflow/example_dags/example_branch_datetime_operator.py
[2025-10-02T20:39:20.341+0000] {logging_mixin.py:190} INFO - [2025-10-02T20:39:20.340+0000] {dag.py:3239} INFO - Sync 3 DAGs
[2025-10-02T20:39:20.364+0000] {logging_mixin.py:190} INFO - [2025-10-02T20:39:20.364+0000] {dag.py:4180} INFO - Setting next_dagrun for example_branch_datetime_operator to 2025-10-01 00:00:00+00:00, run_after=2025-10-02 00:00:00+00:00
[2025-10-02T20:39:20.369+0000] {logging_mixin.py:190} INFO - [2025-10-02T20:39:20.369+0000] {dag.py:4180} INFO - Setting next_dagrun for example_branch_datetime_operator_2 to 2025-10-01 00:00:00+00:00, run_after=2025-10-02 00:00:00+00:00
[2025-10-02T20:39:20.371+0000] {logging_mixin.py:190} INFO - [2025-10-02T20:39:20.371+0000] {dag.py:4180} INFO - Setting next_dagrun for example_branch_datetime_operator_3 to 2025-10-01 00:00:00+00:00, run_after=2025-10-02 00:00:00+00:00
[2025-10-02T20:39:20.385+0000] {processor.py:208} INFO - Processing /home/airflow/.local/lib/python3.12/site-packages/airflow/example_dags/example_branch_datetime_operator.py took 0.093 seconds
[2025-10-02T20:39:52.101+0000] {processor.py:186} INFO - Started process (PID=651) to work on /home/airflow/.local/lib/python3.12/site-packages/airflow/example_dags/example_branch_datetime_operator.py
[2025-10-02T20:39:52.103+0000] {processor.py:914} INFO - Processing file /home/airflow/.local/lib/python3.12/site-packages/airflow/example_dags/example_branch_datetime_operator.py for tasks to queue
[2025-10-02T20:39:52.109+0000] {logging_mixin.py:190} INFO - [2025-10-02T20:39:52.108+0000] {dagbag.py:588} INFO - Filling up the DagBag from /home/airflow/.local/lib/python3.12/site-packages/airflow/example_dags/example_branch_datetime_operator.py
[2025-10-02T20:39:52.136+0000] {processor.py:925} INFO - DAG(s) 'example_branch_datetime_operator', 'example_branch_datetime_operator_2', 'example_branch_datetime_operator_3' retrieved from /home/airflow/.local/lib/python3.12/site-packages/airflow/example_dags/example_branch_datetime_operator.py
[2025-10-02T20:39:52.181+0000] {logging_mixin.py:190} INFO - [2025-10-02T20:39:52.181+0000] {dag.py:3239} INFO - Sync 3 DAGs
[2025-10-02T20:39:52.259+0000] {logging_mixin.py:190} INFO - [2025-10-02T20:39:52.259+0000] {dag.py:4180} INFO - Setting next_dagrun for example_branch_datetime_operator to 2025-10-01 00:00:00+00:00, run_after=2025-10-02 00:00:00+00:00
[2025-10-02T20:39:52.289+0000] {logging_mixin.py:190} INFO - [2025-10-02T20:39:52.289+0000] {dag.py:4180} INFO - Setting next_dagrun for example_branch_datetime_operator_2 to 2025-10-01 00:00:00+00:00, run_after=2025-10-02 00:00:00+00:00
[2025-10-02T20:39:52.304+0000] {logging_mixin.py:190} INFO - [2025-10-02T20:39:52.304+0000] {dag.py:4180} INFO - Setting next_dagrun for example_branch_datetime_operator_3 to 2025-10-01 00:00:00+00:00, run_after=2025-10-02 00:00:00+00:00
[2025-10-02T20:39:52.407+0000] {processor.py:208} INFO - Processing /home/airflow/.local/lib/python3.12/site-packages/airflow/example_dags/example_branch_datetime_operator.py took 0.318 seconds
[2025-10-02T20:41:15.734+0000] {processor.py:186} INFO - Started process (PID=86) to work on /home/airflow/.local/lib/python3.12/site-packages/airflow/example_dags/example_branch_datetime_operator.py
[2025-10-02T20:41:15.736+0000] {processor.py:914} INFO - Processing file /home/airflow/.local/lib/python3.12/site-packages/airflow/example_dags/example_branch_datetime_operator.py for tasks to queue
[2025-10-02T20:41:15.742+0000] {logging_mixin.py:190} INFO - [2025-10-02T20:41:15.742+0000] {dagbag.py:588} INFO - Filling up the DagBag from /home/airflow/.local/lib/python3.12/site-packages/airflow/example_dags/example_branch_datetime_operator.py
[2025-10-02T20:41:15.763+0000] {processor.py:925} INFO - DAG(s) 'example_branch_datetime_operator_3', 'example_branch_datetime_operator_2', 'example_branch_datetime_operator' retrieved from /home/airflow/.local/lib/python3.12/site-packages/airflow/example_dags/example_branch_datetime_operator.py
[2025-10-02T20:41:15.800+0000] {logging_mixin.py:190} INFO - [2025-10-02T20:41:15.800+0000] {dag.py:3239} INFO - Sync 3 DAGs
[2025-10-02T20:41:15.844+0000] {logging_mixin.py:190} INFO - [2025-10-02T20:41:15.844+0000] {dag.py:4180} INFO - Setting next_dagrun for example_branch_datetime_operator to 2025-10-01 00:00:00+00:00, run_after=2025-10-02 00:00:00+00:00
[2025-10-02T20:41:15.856+0000] {logging_mixin.py:190} INFO - [2025-10-02T20:41:15.855+0000] {dag.py:4180} INFO - Setting next_dagrun for example_branch_datetime_operator_2 to 2025-10-01 00:00:00+00:00, run_after=2025-10-02 00:00:00+00:00
[2025-10-02T20:41:15.859+0000] {logging_mixin.py:190} INFO - [2025-10-02T20:41:15.859+0000] {dag.py:4180} INFO - Setting next_dagrun for example_branch_datetime_operator_3 to 2025-10-01 00:00:00+00:00, run_after=2025-10-02 00:00:00+00:00
[2025-10-02T20:41:15.885+0000] {processor.py:208} INFO - Processing /home/airflow/.local/lib/python3.12/site-packages/airflow/example_dags/example_branch_datetime_operator.py took 0.158 seconds
[2025-10-02T20:41:46.055+0000] {processor.py:186} INFO - Started process (PID=143) to work on /home/airflow/.local/lib/python3.12/site-packages/airflow/example_dags/example_branch_datetime_operator.py
[2025-10-02T20:41:46.057+0000] {processor.py:914} INFO - Processing file /home/airflow/.local/lib/python3.12/site-packages/airflow/example_dags/example_branch_datetime_operator.py for tasks to queue
[2025-10-02T20:41:46.060+0000] {logging_mixin.py:190} INFO - [2025-10-02T20:41:46.059+0000] {dagbag.py:588} INFO - Filling up the DagBag from /home/airflow/.local/lib/python3.12/site-packages/airflow/example_dags/example_branch_datetime_operator.py
[2025-10-02T20:41:46.075+0000] {processor.py:925} INFO - DAG(s) 'example_branch_datetime_operator_3', 'example_branch_datetime_operator', 'example_branch_datetime_operator_2' retrieved from /home/airflow/.local/lib/python3.12/site-packages/airflow/example_dags/example_branch_datetime_operator.py
[2025-10-02T20:41:46.106+0000] {logging_mixin.py:190} INFO - [2025-10-02T20:41:46.105+0000] {dag.py:3239} INFO - Sync 3 DAGs
[2025-10-02T20:41:46.135+0000] {logging_mixin.py:190} INFO - [2025-10-02T20:41:46.134+0000] {dag.py:4180} INFO - Setting next_dagrun for example_branch_datetime_operator to 2025-10-01 00:00:00+00:00, run_after=2025-10-02 00:00:00+00:00
[2025-10-02T20:41:46.140+0000] {logging_mixin.py:190} INFO - [2025-10-02T20:41:46.140+0000] {dag.py:4180} INFO - Setting next_dagrun for example_branch_datetime_operator_2 to 2025-10-01 00:00:00+00:00, run_after=2025-10-02 00:00:00+00:00
[2025-10-02T20:41:46.145+0000] {logging_mixin.py:190} INFO - [2025-10-02T20:41:46.145+0000] {dag.py:4180} INFO - Setting next_dagrun for example_branch_datetime_operator_3 to 2025-10-01 00:00:00+00:00, run_after=2025-10-02 00:00:00+00:00
[2025-10-02T20:41:46.164+0000] {processor.py:208} INFO - Processing /home/airflow/.local/lib/python3.12/site-packages/airflow/example_dags/example_branch_datetime_operator.py took 0.115 seconds
[2025-10-02T20:42:16.981+0000] {processor.py:186} INFO - Started process (PID=212) to work on /home/airflow/.local/lib/python3.12/site-packages/airflow/example_dags/example_branch_datetime_operator.py
[2025-10-02T20:42:16.982+0000] {processor.py:914} INFO - Processing file /home/airflow/.local/lib/python3.12/site-packages/airflow/example_dags/example_branch_datetime_operator.py for tasks to queue
[2025-10-02T20:42:16.986+0000] {logging_mixin.py:190} INFO - [2025-10-02T20:42:16.985+0000] {dagbag.py:588} INFO - Filling up the DagBag from /home/airflow/.local/lib/python3.12/site-packages/airflow/example_dags/example_branch_datetime_operator.py
[2025-10-02T20:42:17.000+0000] {processor.py:925} INFO - DAG(s) 'example_branch_datetime_operator_3', 'example_branch_datetime_operator_2', 'example_branch_datetime_operator' retrieved from /home/airflow/.local/lib/python3.12/site-packages/airflow/example_dags/example_branch_datetime_operator.py
[2025-10-02T20:42:17.028+0000] {logging_mixin.py:190} INFO - [2025-10-02T20:42:17.027+0000] {dag.py:3239} INFO - Sync 3 DAGs
[2025-10-02T20:42:17.054+0000] {logging_mixin.py:190} INFO - [2025-10-02T20:42:17.054+0000] {dag.py:4180} INFO - Setting next_dagrun for example_branch_datetime_operator to 2025-10-01 00:00:00+00:00, run_after=2025-10-02 00:00:00+00:00
[2025-10-02T20:42:17.060+0000] {logging_mixin.py:190} INFO - [2025-10-02T20:42:17.060+0000] {dag.py:4180} INFO - Setting next_dagrun for example_branch_datetime_operator_2 to 2025-10-01 00:00:00+00:00, run_after=2025-10-02 00:00:00+00:00
[2025-10-02T20:42:17.069+0000] {logging_mixin.py:190} INFO - [2025-10-02T20:42:17.069+0000] {dag.py:4180} INFO - Setting next_dagrun for example_branch_datetime_operator_3 to 2025-10-01 00:00:00+00:00, run_after=2025-10-02 00:00:00+00:00
[2025-10-02T20:42:17.085+0000] {processor.py:208} INFO - Processing /home/airflow/.local/lib/python3.12/site-packages/airflow/example_dags/example_branch_datetime_operator.py took 0.111 seconds
[2025-10-02T20:42:47.246+0000] {processor.py:186} INFO - Started process (PID=275) to work on /home/airflow/.local/lib/python3.12/site-packages/airflow/example_dags/example_branch_datetime_operator.py
[2025-10-02T20:42:47.247+0000] {processor.py:914} INFO - Processing file /home/airflow/.local/lib/python3.12/site-packages/airflow/example_dags/example_branch_datetime_operator.py for tasks to queue
[2025-10-02T20:42:47.250+0000] {logging_mixin.py:190} INFO - [2025-10-02T20:42:47.249+0000] {dagbag.py:588} INFO - Filling up the DagBag from /home/airflow/.local/lib/python3.12/site-packages/airflow/example_dags/example_branch_datetime_operator.py
[2025-10-02T20:42:47.262+0000] {processor.py:925} INFO - DAG(s) 'example_branch_datetime_operator', 'example_branch_datetime_operator_2', 'example_branch_datetime_operator_3' retrieved from /home/airflow/.local/lib/python3.12/site-packages/airflow/example_dags/example_branch_datetime_operator.py
[2025-10-02T20:42:47.287+0000] {logging_mixin.py:190} INFO - [2025-10-02T20:42:47.287+0000] {dag.py:3239} INFO - Sync 3 DAGs
[2025-10-02T20:42:47.312+0000] {logging_mixin.py:190} INFO - [2025-10-02T20:42:47.312+0000] {dag.py:4180} INFO - Setting next_dagrun for example_branch_datetime_operator to 2025-10-01 00:00:00+00:00, run_after=2025-10-02 00:00:00+00:00
[2025-10-02T20:42:47.317+0000] {logging_mixin.py:190} INFO - [2025-10-02T20:42:47.317+0000] {dag.py:4180} INFO - Setting next_dagrun for example_branch_datetime_operator_2 to 2025-10-01 00:00:00+00:00, run_after=2025-10-02 00:00:00+00:00
[2025-10-02T20:42:47.320+0000] {logging_mixin.py:190} INFO - [2025-10-02T20:42:47.319+0000] {dag.py:4180} INFO - Setting next_dagrun for example_branch_datetime_operator_3 to 2025-10-01 00:00:00+00:00, run_after=2025-10-02 00:00:00+00:00
[2025-10-02T20:42:47.336+0000] {processor.py:208} INFO - Processing /home/airflow/.local/lib/python3.12/site-packages/airflow/example_dags/example_branch_datetime_operator.py took 0.096 seconds
[2025-10-02T20:43:17.851+0000] {processor.py:186} INFO - Started process (PID=338) to work on /home/airflow/.local/lib/python3.12/site-packages/airflow/example_dags/example_branch_datetime_operator.py
[2025-10-02T20:43:17.852+0000] {processor.py:914} INFO - Processing file /home/airflow/.local/lib/python3.12/site-packages/airflow/example_dags/example_branch_datetime_operator.py for tasks to queue
[2025-10-02T20:43:17.854+0000] {logging_mixin.py:190} INFO - [2025-10-02T20:43:17.854+0000] {dagbag.py:588} INFO - Filling up the DagBag from /home/airflow/.local/lib/python3.12/site-packages/airflow/example_dags/example_branch_datetime_operator.py
[2025-10-02T20:43:17.867+0000] {processor.py:925} INFO - DAG(s) 'example_branch_datetime_operator_3', 'example_branch_datetime_operator_2', 'example_branch_datetime_operator' retrieved from /home/airflow/.local/lib/python3.12/site-packages/airflow/example_dags/example_branch_datetime_operator.py
[2025-10-02T20:43:17.894+0000] {logging_mixin.py:190} INFO - [2025-10-02T20:43:17.894+0000] {dag.py:3239} INFO - Sync 3 DAGs
[2025-10-02T20:43:17.920+0000] {logging_mixin.py:190} INFO - [2025-10-02T20:43:17.920+0000] {dag.py:4180} INFO - Setting next_dagrun for example_branch_datetime_operator to 2025-10-01 00:00:00+00:00, run_after=2025-10-02 00:00:00+00:00
[2025-10-02T20:43:17.925+0000] {logging_mixin.py:190} INFO - [2025-10-02T20:43:17.925+0000] {dag.py:4180} INFO - Setting next_dagrun for example_branch_datetime_operator_2 to 2025-10-01 00:00:00+00:00, run_after=2025-10-02 00:00:00+00:00
[2025-10-02T20:43:17.927+0000] {logging_mixin.py:190} INFO - [2025-10-02T20:43:17.927+0000] {dag.py:4180} INFO - Setting next_dagrun for example_branch_datetime_operator_3 to 2025-10-01 00:00:00+00:00, run_after=2025-10-02 00:00:00+00:00
[2025-10-02T20:43:17.941+0000] {processor.py:208} INFO - Processing /home/airflow/.local/lib/python3.12/site-packages/airflow/example_dags/example_branch_datetime_operator.py took 0.096 seconds
[2025-10-02T20:43:48.752+0000] {processor.py:186} INFO - Started process (PID=402) to work on /home/airflow/.local/lib/python3.12/site-packages/airflow/example_dags/example_branch_datetime_operator.py
[2025-10-02T20:43:48.754+0000] {processor.py:914} INFO - Processing file /home/airflow/.local/lib/python3.12/site-packages/airflow/example_dags/example_branch_datetime_operator.py for tasks to queue
[2025-10-02T20:43:48.758+0000] {logging_mixin.py:190} INFO - [2025-10-02T20:43:48.758+0000] {dagbag.py:588} INFO - Filling up the DagBag from /home/airflow/.local/lib/python3.12/site-packages/airflow/example_dags/example_branch_datetime_operator.py
[2025-10-02T20:43:48.773+0000] {processor.py:925} INFO - DAG(s) 'example_branch_datetime_operator', 'example_branch_datetime_operator_3', 'example_branch_datetime_operator_2' retrieved from /home/airflow/.local/lib/python3.12/site-packages/airflow/example_dags/example_branch_datetime_operator.py
[2025-10-02T20:43:48.804+0000] {logging_mixin.py:190} INFO - [2025-10-02T20:43:48.804+0000] {dag.py:3239} INFO - Sync 3 DAGs
[2025-10-02T20:43:48.834+0000] {logging_mixin.py:190} INFO - [2025-10-02T20:43:48.833+0000] {dag.py:4180} INFO - Setting next_dagrun for example_branch_datetime_operator to 2025-10-01 00:00:00+00:00, run_after=2025-10-02 00:00:00+00:00
[2025-10-02T20:43:48.839+0000] {logging_mixin.py:190} INFO - [2025-10-02T20:43:48.839+0000] {dag.py:4180} INFO - Setting next_dagrun for example_branch_datetime_operator_2 to 2025-10-01 00:00:00+00:00, run_after=2025-10-02 00:00:00+00:00
[2025-10-02T20:43:48.843+0000] {logging_mixin.py:190} INFO - [2025-10-02T20:43:48.842+0000] {dag.py:4180} INFO - Setting next_dagrun for example_branch_datetime_operator_3 to 2025-10-01 00:00:00+00:00, run_after=2025-10-02 00:00:00+00:00
[2025-10-02T20:43:48.862+0000] {processor.py:208} INFO - Processing /home/airflow/.local/lib/python3.12/site-packages/airflow/example_dags/example_branch_datetime_operator.py took 0.117 seconds
[2025-10-02T20:44:19.377+0000] {processor.py:186} INFO - Started process (PID=465) to work on /home/airflow/.local/lib/python3.12/site-packages/airflow/example_dags/example_branch_datetime_operator.py
[2025-10-02T20:44:19.378+0000] {processor.py:914} INFO - Processing file /home/airflow/.local/lib/python3.12/site-packages/airflow/example_dags/example_branch_datetime_operator.py for tasks to queue
[2025-10-02T20:44:19.380+0000] {logging_mixin.py:190} INFO - [2025-10-02T20:44:19.380+0000] {dagbag.py:588} INFO - Filling up the DagBag from /home/airflow/.local/lib/python3.12/site-packages/airflow/example_dags/example_branch_datetime_operator.py
[2025-10-02T20:44:19.393+0000] {processor.py:925} INFO - DAG(s) 'example_branch_datetime_operator_3', 'example_branch_datetime_operator_2', 'example_branch_datetime_operator' retrieved from /home/airflow/.local/lib/python3.12/site-packages/airflow/example_dags/example_branch_datetime_operator.py
[2025-10-02T20:44:19.423+0000] {logging_mixin.py:190} INFO - [2025-10-02T20:44:19.423+0000] {dag.py:3239} INFO - Sync 3 DAGs
[2025-10-02T20:44:19.450+0000] {logging_mixin.py:190} INFO - [2025-10-02T20:44:19.450+0000] {dag.py:4180} INFO - Setting next_dagrun for example_branch_datetime_operator to 2025-10-01 00:00:00+00:00, run_after=2025-10-02 00:00:00+00:00
[2025-10-02T20:44:19.455+0000] {logging_mixin.py:190} INFO - [2025-10-02T20:44:19.455+0000] {dag.py:4180} INFO - Setting next_dagrun for example_branch_datetime_operator_2 to 2025-10-01 00:00:00+00:00, run_after=2025-10-02 00:00:00+00:00
[2025-10-02T20:44:19.458+0000] {logging_mixin.py:190} INFO - [2025-10-02T20:44:19.458+0000] {dag.py:4180} INFO - Setting next_dagrun for example_branch_datetime_operator_3 to 2025-10-01 00:00:00+00:00, run_after=2025-10-02 00:00:00+00:00
[2025-10-02T20:44:19.473+0000] {processor.py:208} INFO - Processing /home/airflow/.local/lib/python3.12/site-packages/airflow/example_dags/example_branch_datetime_operator.py took 0.103 seconds
[2025-10-02T20:44:49.593+0000] {processor.py:186} INFO - Started process (PID=528) to work on /home/airflow/.local/lib/python3.12/site-packages/airflow/example_dags/example_branch_datetime_operator.py
[2025-10-02T20:44:49.594+0000] {processor.py:914} INFO - Processing file /home/airflow/.local/lib/python3.12/site-packages/airflow/example_dags/example_branch_datetime_operator.py for tasks to queue
[2025-10-02T20:44:49.597+0000] {logging_mixin.py:190} INFO - [2025-10-02T20:44:49.597+0000] {dagbag.py:588} INFO - Filling up the DagBag from /home/airflow/.local/lib/python3.12/site-packages/airflow/example_dags/example_branch_datetime_operator.py
[2025-10-02T20:44:49.611+0000] {processor.py:925} INFO - DAG(s) 'example_branch_datetime_operator_2', 'example_branch_datetime_operator', 'example_branch_datetime_operator_3' retrieved from /home/airflow/.local/lib/python3.12/site-packages/airflow/example_dags/example_branch_datetime_operator.py
[2025-10-02T20:44:49.639+0000] {logging_mixin.py:190} INFO - [2025-10-02T20:44:49.639+0000] {dag.py:3239} INFO - Sync 3 DAGs
[2025-10-02T20:44:49.665+0000] {logging_mixin.py:190} INFO - [2025-10-02T20:44:49.665+0000] {dag.py:4180} INFO - Setting next_dagrun for example_branch_datetime_operator to 2025-10-01 00:00:00+00:00, run_after=2025-10-02 00:00:00+00:00
[2025-10-02T20:44:49.670+0000] {logging_mixin.py:190} INFO - [2025-10-02T20:44:49.670+0000] {dag.py:4180} INFO - Setting next_dagrun for example_branch_datetime_operator_2 to 2025-10-01 00:00:00+00:00, run_after=2025-10-02 00:00:00+00:00
[2025-10-02T20:44:49.673+0000] {logging_mixin.py:190} INFO - [2025-10-02T20:44:49.673+0000] {dag.py:4180} INFO - Setting next_dagrun for example_branch_datetime_operator_3 to 2025-10-01 00:00:00+00:00, run_after=2025-10-02 00:00:00+00:00
[2025-10-02T20:44:49.688+0000] {processor.py:208} INFO - Processing /home/airflow/.local/lib/python3.12/site-packages/airflow/example_dags/example_branch_datetime_operator.py took 0.102 seconds
[2025-10-02T20:45:19.857+0000] {processor.py:186} INFO - Started process (PID=591) to work on /home/airflow/.local/lib/python3.12/site-packages/airflow/example_dags/example_branch_datetime_operator.py
[2025-10-02T20:45:19.858+0000] {processor.py:914} INFO - Processing file /home/airflow/.local/lib/python3.12/site-packages/airflow/example_dags/example_branch_datetime_operator.py for tasks to queue
[2025-10-02T20:45:19.860+0000] {logging_mixin.py:190} INFO - [2025-10-02T20:45:19.860+0000] {dagbag.py:588} INFO - Filling up the DagBag from /home/airflow/.local/lib/python3.12/site-packages/airflow/example_dags/example_branch_datetime_operator.py
[2025-10-02T20:45:19.872+0000] {processor.py:925} INFO - DAG(s) 'example_branch_datetime_operator_2', 'example_branch_datetime_operator_3', 'example_branch_datetime_operator' retrieved from /home/airflow/.local/lib/python3.12/site-packages/airflow/example_dags/example_branch_datetime_operator.py
[2025-10-02T20:45:19.898+0000] {logging_mixin.py:190} INFO - [2025-10-02T20:45:19.898+0000] {dag.py:3239} INFO - Sync 3 DAGs
[2025-10-02T20:45:19.923+0000] {logging_mixin.py:190} INFO - [2025-10-02T20:45:19.923+0000] {dag.py:4180} INFO - Setting next_dagrun for example_branch_datetime_operator to 2025-10-01 00:00:00+00:00, run_after=2025-10-02 00:00:00+00:00
[2025-10-02T20:45:19.928+0000] {logging_mixin.py:190} INFO - [2025-10-02T20:45:19.928+0000] {dag.py:4180} INFO - Setting next_dagrun for example_branch_datetime_operator_2 to 2025-10-01 00:00:00+00:00, run_after=2025-10-02 00:00:00+00:00
[2025-10-02T20:45:19.932+0000] {logging_mixin.py:190} INFO - [2025-10-02T20:45:19.932+0000] {dag.py:4180} INFO - Setting next_dagrun for example_branch_datetime_operator_3 to 2025-10-01 00:00:00+00:00, run_after=2025-10-02 00:00:00+00:00
[2025-10-02T20:45:19.945+0000] {processor.py:208} INFO - Processing /home/airflow/.local/lib/python3.12/site-packages/airflow/example_dags/example_branch_datetime_operator.py took 0.095 seconds
[2025-10-02T20:52:14.874+0000] {processor.py:186} INFO - Started process (PID=77) to work on /home/airflow/.local/lib/python3.12/site-packages/airflow/example_dags/example_branch_datetime_operator.py
[2025-10-02T20:52:14.876+0000] {processor.py:914} INFO - Processing file /home/airflow/.local/lib/python3.12/site-packages/airflow/example_dags/example_branch_datetime_operator.py for tasks to queue
[2025-10-02T20:52:14.879+0000] {logging_mixin.py:190} INFO - [2025-10-02T20:52:14.878+0000] {dagbag.py:588} INFO - Filling up the DagBag from /home/airflow/.local/lib/python3.12/site-packages/airflow/example_dags/example_branch_datetime_operator.py
[2025-10-02T20:52:14.896+0000] {processor.py:925} INFO - DAG(s) 'example_branch_datetime_operator', 'example_branch_datetime_operator_2', 'example_branch_datetime_operator_3' retrieved from /home/airflow/.local/lib/python3.12/site-packages/airflow/example_dags/example_branch_datetime_operator.py
[2025-10-02T20:52:14.940+0000] {logging_mixin.py:190} INFO - [2025-10-02T20:52:14.940+0000] {dag.py:3239} INFO - Sync 3 DAGs
[2025-10-02T20:52:14.989+0000] {logging_mixin.py:190} INFO - [2025-10-02T20:52:14.988+0000] {dag.py:4180} INFO - Setting next_dagrun for example_branch_datetime_operator to 2025-10-01 00:00:00+00:00, run_after=2025-10-02 00:00:00+00:00
[2025-10-02T20:52:14.998+0000] {logging_mixin.py:190} INFO - [2025-10-02T20:52:14.998+0000] {dag.py:4180} INFO - Setting next_dagrun for example_branch_datetime_operator_2 to 2025-10-01 00:00:00+00:00, run_after=2025-10-02 00:00:00+00:00
[2025-10-02T20:52:15.002+0000] {logging_mixin.py:190} INFO - [2025-10-02T20:52:15.002+0000] {dag.py:4180} INFO - Setting next_dagrun for example_branch_datetime_operator_3 to 2025-10-01 00:00:00+00:00, run_after=2025-10-02 00:00:00+00:00
[2025-10-02T20:52:15.037+0000] {processor.py:208} INFO - Processing /home/airflow/.local/lib/python3.12/site-packages/airflow/example_dags/example_branch_datetime_operator.py took 0.172 seconds
[2025-10-02T20:52:45.967+0000] {processor.py:186} INFO - Started process (PID=140) to work on /home/airflow/.local/lib/python3.12/site-packages/airflow/example_dags/example_branch_datetime_operator.py
[2025-10-02T20:52:45.968+0000] {processor.py:914} INFO - Processing file /home/airflow/.local/lib/python3.12/site-packages/airflow/example_dags/example_branch_datetime_operator.py for tasks to queue
[2025-10-02T20:52:45.970+0000] {logging_mixin.py:190} INFO - [2025-10-02T20:52:45.970+0000] {dagbag.py:588} INFO - Filling up the DagBag from /home/airflow/.local/lib/python3.12/site-packages/airflow/example_dags/example_branch_datetime_operator.py
[2025-10-02T20:52:45.982+0000] {processor.py:925} INFO - DAG(s) 'example_branch_datetime_operator', 'example_branch_datetime_operator_3', 'example_branch_datetime_operator_2' retrieved from /home/airflow/.local/lib/python3.12/site-packages/airflow/example_dags/example_branch_datetime_operator.py
[2025-10-02T20:52:46.008+0000] {logging_mixin.py:190} INFO - [2025-10-02T20:52:46.008+0000] {dag.py:3239} INFO - Sync 3 DAGs
[2025-10-02T20:52:46.035+0000] {logging_mixin.py:190} INFO - [2025-10-02T20:52:46.035+0000] {dag.py:4180} INFO - Setting next_dagrun for example_branch_datetime_operator to 2025-10-01 00:00:00+00:00, run_after=2025-10-02 00:00:00+00:00
[2025-10-02T20:52:46.042+0000] {logging_mixin.py:190} INFO - [2025-10-02T20:52:46.041+0000] {dag.py:4180} INFO - Setting next_dagrun for example_branch_datetime_operator_2 to 2025-10-01 00:00:00+00:00, run_after=2025-10-02 00:00:00+00:00
[2025-10-02T20:52:46.046+0000] {logging_mixin.py:190} INFO - [2025-10-02T20:52:46.045+0000] {dag.py:4180} INFO - Setting next_dagrun for example_branch_datetime_operator_3 to 2025-10-01 00:00:00+00:00, run_after=2025-10-02 00:00:00+00:00
[2025-10-02T20:52:46.062+0000] {processor.py:208} INFO - Processing /home/airflow/.local/lib/python3.12/site-packages/airflow/example_dags/example_branch_datetime_operator.py took 0.101 seconds
[2025-10-02T20:53:16.179+0000] {processor.py:186} INFO - Started process (PID=203) to work on /home/airflow/.local/lib/python3.12/site-packages/airflow/example_dags/example_branch_datetime_operator.py
[2025-10-02T20:53:16.180+0000] {processor.py:914} INFO - Processing file /home/airflow/.local/lib/python3.12/site-packages/airflow/example_dags/example_branch_datetime_operator.py for tasks to queue
[2025-10-02T20:53:16.183+0000] {logging_mixin.py:190} INFO - [2025-10-02T20:53:16.183+0000] {dagbag.py:588} INFO - Filling up the DagBag from /home/airflow/.local/lib/python3.12/site-packages/airflow/example_dags/example_branch_datetime_operator.py
[2025-10-02T20:53:16.199+0000] {processor.py:925} INFO - DAG(s) 'example_branch_datetime_operator', 'example_branch_datetime_operator_2', 'example_branch_datetime_operator_3' retrieved from /home/airflow/.local/lib/python3.12/site-packages/airflow/example_dags/example_branch_datetime_operator.py
[2025-10-02T20:53:16.243+0000] {logging_mixin.py:190} INFO - [2025-10-02T20:53:16.242+0000] {dag.py:3239} INFO - Sync 3 DAGs
[2025-10-02T20:53:16.275+0000] {logging_mixin.py:190} INFO - [2025-10-02T20:53:16.275+0000] {dag.py:4180} INFO - Setting next_dagrun for example_branch_datetime_operator to 2025-10-01 00:00:00+00:00, run_after=2025-10-02 00:00:00+00:00
[2025-10-02T20:53:16.283+0000] {logging_mixin.py:190} INFO - [2025-10-02T20:53:16.283+0000] {dag.py:4180} INFO - Setting next_dagrun for example_branch_datetime_operator_2 to 2025-10-01 00:00:00+00:00, run_after=2025-10-02 00:00:00+00:00
[2025-10-02T20:53:16.286+0000] {logging_mixin.py:190} INFO - [2025-10-02T20:53:16.286+0000] {dag.py:4180} INFO - Setting next_dagrun for example_branch_datetime_operator_3 to 2025-10-01 00:00:00+00:00, run_after=2025-10-02 00:00:00+00:00
[2025-10-02T20:53:16.303+0000] {processor.py:208} INFO - Processing /home/airflow/.local/lib/python3.12/site-packages/airflow/example_dags/example_branch_datetime_operator.py took 0.132 seconds
[2025-10-02T20:53:46.375+0000] {processor.py:186} INFO - Started process (PID=266) to work on /home/airflow/.local/lib/python3.12/site-packages/airflow/example_dags/example_branch_datetime_operator.py
[2025-10-02T20:53:46.376+0000] {processor.py:914} INFO - Processing file /home/airflow/.local/lib/python3.12/site-packages/airflow/example_dags/example_branch_datetime_operator.py for tasks to queue
[2025-10-02T20:53:46.380+0000] {logging_mixin.py:190} INFO - [2025-10-02T20:53:46.379+0000] {dagbag.py:588} INFO - Filling up the DagBag from /home/airflow/.local/lib/python3.12/site-packages/airflow/example_dags/example_branch_datetime_operator.py
[2025-10-02T20:53:46.393+0000] {processor.py:925} INFO - DAG(s) 'example_branch_datetime_operator_2', 'example_branch_datetime_operator', 'example_branch_datetime_operator_3' retrieved from /home/airflow/.local/lib/python3.12/site-packages/airflow/example_dags/example_branch_datetime_operator.py
[2025-10-02T20:53:46.420+0000] {logging_mixin.py:190} INFO - [2025-10-02T20:53:46.420+0000] {dag.py:3239} INFO - Sync 3 DAGs
[2025-10-02T20:53:46.446+0000] {logging_mixin.py:190} INFO - [2025-10-02T20:53:46.446+0000] {dag.py:4180} INFO - Setting next_dagrun for example_branch_datetime_operator to 2025-10-01 00:00:00+00:00, run_after=2025-10-02 00:00:00+00:00
[2025-10-02T20:53:46.451+0000] {logging_mixin.py:190} INFO - [2025-10-02T20:53:46.451+0000] {dag.py:4180} INFO - Setting next_dagrun for example_branch_datetime_operator_2 to 2025-10-01 00:00:00+00:00, run_after=2025-10-02 00:00:00+00:00
[2025-10-02T20:53:46.453+0000] {logging_mixin.py:190} INFO - [2025-10-02T20:53:46.453+0000] {dag.py:4180} INFO - Setting next_dagrun for example_branch_datetime_operator_3 to 2025-10-01 00:00:00+00:00, run_after=2025-10-02 00:00:00+00:00
[2025-10-02T20:53:46.469+0000] {processor.py:208} INFO - Processing /home/airflow/.local/lib/python3.12/site-packages/airflow/example_dags/example_branch_datetime_operator.py took 0.100 seconds
[2025-10-02T20:54:16.998+0000] {processor.py:186} INFO - Started process (PID=329) to work on /home/airflow/.local/lib/python3.12/site-packages/airflow/example_dags/example_branch_datetime_operator.py
[2025-10-02T20:54:16.999+0000] {processor.py:914} INFO - Processing file /home/airflow/.local/lib/python3.12/site-packages/airflow/example_dags/example_branch_datetime_operator.py for tasks to queue
[2025-10-02T20:54:17.002+0000] {logging_mixin.py:190} INFO - [2025-10-02T20:54:17.001+0000] {dagbag.py:588} INFO - Filling up the DagBag from /home/airflow/.local/lib/python3.12/site-packages/airflow/example_dags/example_branch_datetime_operator.py
[2025-10-02T20:54:17.015+0000] {processor.py:925} INFO - DAG(s) 'example_branch_datetime_operator', 'example_branch_datetime_operator_2', 'example_branch_datetime_operator_3' retrieved from /home/airflow/.local/lib/python3.12/site-packages/airflow/example_dags/example_branch_datetime_operator.py
[2025-10-02T20:54:17.042+0000] {logging_mixin.py:190} INFO - [2025-10-02T20:54:17.042+0000] {dag.py:3239} INFO - Sync 3 DAGs
[2025-10-02T20:54:17.068+0000] {logging_mixin.py:190} INFO - [2025-10-02T20:54:17.067+0000] {dag.py:4180} INFO - Setting next_dagrun for example_branch_datetime_operator to 2025-10-01 00:00:00+00:00, run_after=2025-10-02 00:00:00+00:00
[2025-10-02T20:54:17.073+0000] {logging_mixin.py:190} INFO - [2025-10-02T20:54:17.073+0000] {dag.py:4180} INFO - Setting next_dagrun for example_branch_datetime_operator_2 to 2025-10-01 00:00:00+00:00, run_after=2025-10-02 00:00:00+00:00
[2025-10-02T20:54:17.078+0000] {logging_mixin.py:190} INFO - [2025-10-02T20:54:17.078+0000] {dag.py:4180} INFO - Setting next_dagrun for example_branch_datetime_operator_3 to 2025-10-01 00:00:00+00:00, run_after=2025-10-02 00:00:00+00:00
[2025-10-02T20:54:17.096+0000] {processor.py:208} INFO - Processing /home/airflow/.local/lib/python3.12/site-packages/airflow/example_dags/example_branch_datetime_operator.py took 0.103 seconds
[2025-10-02T20:54:47.648+0000] {processor.py:186} INFO - Started process (PID=392) to work on /home/airflow/.local/lib/python3.12/site-packages/airflow/example_dags/example_branch_datetime_operator.py
[2025-10-02T20:54:47.649+0000] {processor.py:914} INFO - Processing file /home/airflow/.local/lib/python3.12/site-packages/airflow/example_dags/example_branch_datetime_operator.py for tasks to queue
[2025-10-02T20:54:47.651+0000] {logging_mixin.py:190} INFO - [2025-10-02T20:54:47.651+0000] {dagbag.py:588} INFO - Filling up the DagBag from /home/airflow/.local/lib/python3.12/site-packages/airflow/example_dags/example_branch_datetime_operator.py
[2025-10-02T20:54:47.663+0000] {processor.py:925} INFO - DAG(s) 'example_branch_datetime_operator_2', 'example_branch_datetime_operator', 'example_branch_datetime_operator_3' retrieved from /home/airflow/.local/lib/python3.12/site-packages/airflow/example_dags/example_branch_datetime_operator.py
[2025-10-02T20:54:47.690+0000] {logging_mixin.py:190} INFO - [2025-10-02T20:54:47.689+0000] {dag.py:3239} INFO - Sync 3 DAGs
[2025-10-02T20:54:47.714+0000] {logging_mixin.py:190} INFO - [2025-10-02T20:54:47.714+0000] {dag.py:4180} INFO - Setting next_dagrun for example_branch_datetime_operator to 2025-10-01 00:00:00+00:00, run_after=2025-10-02 00:00:00+00:00
[2025-10-02T20:54:47.719+0000] {logging_mixin.py:190} INFO - [2025-10-02T20:54:47.719+0000] {dag.py:4180} INFO - Setting next_dagrun for example_branch_datetime_operator_2 to 2025-10-01 00:00:00+00:00, run_after=2025-10-02 00:00:00+00:00
[2025-10-02T20:54:47.721+0000] {logging_mixin.py:190} INFO - [2025-10-02T20:54:47.721+0000] {dag.py:4180} INFO - Setting next_dagrun for example_branch_datetime_operator_3 to 2025-10-01 00:00:00+00:00, run_after=2025-10-02 00:00:00+00:00
[2025-10-02T20:54:47.737+0000] {processor.py:208} INFO - Processing /home/airflow/.local/lib/python3.12/site-packages/airflow/example_dags/example_branch_datetime_operator.py took 0.095 seconds
[2025-10-02T20:55:18.293+0000] {processor.py:186} INFO - Started process (PID=455) to work on /home/airflow/.local/lib/python3.12/site-packages/airflow/example_dags/example_branch_datetime_operator.py
[2025-10-02T20:55:18.294+0000] {processor.py:914} INFO - Processing file /home/airflow/.local/lib/python3.12/site-packages/airflow/example_dags/example_branch_datetime_operator.py for tasks to queue
[2025-10-02T20:55:18.297+0000] {logging_mixin.py:190} INFO - [2025-10-02T20:55:18.296+0000] {dagbag.py:588} INFO - Filling up the DagBag from /home/airflow/.local/lib/python3.12/site-packages/airflow/example_dags/example_branch_datetime_operator.py
[2025-10-02T20:55:18.308+0000] {processor.py:925} INFO - DAG(s) 'example_branch_datetime_operator_2', 'example_branch_datetime_operator', 'example_branch_datetime_operator_3' retrieved from /home/airflow/.local/lib/python3.12/site-packages/airflow/example_dags/example_branch_datetime_operator.py
[2025-10-02T20:55:18.333+0000] {logging_mixin.py:190} INFO - [2025-10-02T20:55:18.333+0000] {dag.py:3239} INFO - Sync 3 DAGs
[2025-10-02T20:55:18.358+0000] {logging_mixin.py:190} INFO - [2025-10-02T20:55:18.357+0000] {dag.py:4180} INFO - Setting next_dagrun for example_branch_datetime_operator to 2025-10-01 00:00:00+00:00, run_after=2025-10-02 00:00:00+00:00
[2025-10-02T20:55:18.363+0000] {logging_mixin.py:190} INFO - [2025-10-02T20:55:18.363+0000] {dag.py:4180} INFO - Setting next_dagrun for example_branch_datetime_operator_2 to 2025-10-01 00:00:00+00:00, run_after=2025-10-02 00:00:00+00:00
[2025-10-02T20:55:18.365+0000] {logging_mixin.py:190} INFO - [2025-10-02T20:55:18.365+0000] {dag.py:4180} INFO - Setting next_dagrun for example_branch_datetime_operator_3 to 2025-10-01 00:00:00+00:00, run_after=2025-10-02 00:00:00+00:00
[2025-10-02T20:55:18.385+0000] {processor.py:208} INFO - Processing /home/airflow/.local/lib/python3.12/site-packages/airflow/example_dags/example_branch_datetime_operator.py took 0.098 seconds
[2025-10-02T20:55:48.794+0000] {processor.py:186} INFO - Started process (PID=519) to work on /home/airflow/.local/lib/python3.12/site-packages/airflow/example_dags/example_branch_datetime_operator.py
[2025-10-02T20:55:48.795+0000] {processor.py:914} INFO - Processing file /home/airflow/.local/lib/python3.12/site-packages/airflow/example_dags/example_branch_datetime_operator.py for tasks to queue
[2025-10-02T20:55:48.797+0000] {logging_mixin.py:190} INFO - [2025-10-02T20:55:48.797+0000] {dagbag.py:588} INFO - Filling up the DagBag from /home/airflow/.local/lib/python3.12/site-packages/airflow/example_dags/example_branch_datetime_operator.py
[2025-10-02T20:55:48.810+0000] {processor.py:925} INFO - DAG(s) 'example_branch_datetime_operator_2', 'example_branch_datetime_operator', 'example_branch_datetime_operator_3' retrieved from /home/airflow/.local/lib/python3.12/site-packages/airflow/example_dags/example_branch_datetime_operator.py
[2025-10-02T20:55:48.835+0000] {logging_mixin.py:190} INFO - [2025-10-02T20:55:48.835+0000] {dag.py:3239} INFO - Sync 3 DAGs
[2025-10-02T20:55:48.862+0000] {logging_mixin.py:190} INFO - [2025-10-02T20:55:48.861+0000] {dag.py:4180} INFO - Setting next_dagrun for example_branch_datetime_operator to 2025-10-01 00:00:00+00:00, run_after=2025-10-02 00:00:00+00:00
[2025-10-02T20:55:48.868+0000] {logging_mixin.py:190} INFO - [2025-10-02T20:55:48.868+0000] {dag.py:4180} INFO - Setting next_dagrun for example_branch_datetime_operator_2 to 2025-10-01 00:00:00+00:00, run_after=2025-10-02 00:00:00+00:00
[2025-10-02T20:55:48.871+0000] {logging_mixin.py:190} INFO - [2025-10-02T20:55:48.871+0000] {dag.py:4180} INFO - Setting next_dagrun for example_branch_datetime_operator_3 to 2025-10-01 00:00:00+00:00, run_after=2025-10-02 00:00:00+00:00
[2025-10-02T20:55:48.886+0000] {processor.py:208} INFO - Processing /home/airflow/.local/lib/python3.12/site-packages/airflow/example_dags/example_branch_datetime_operator.py took 0.099 seconds
[2025-10-02T20:56:19.425+0000] {processor.py:186} INFO - Started process (PID=582) to work on /home/airflow/.local/lib/python3.12/site-packages/airflow/example_dags/example_branch_datetime_operator.py
[2025-10-02T20:56:19.426+0000] {processor.py:914} INFO - Processing file /home/airflow/.local/lib/python3.12/site-packages/airflow/example_dags/example_branch_datetime_operator.py for tasks to queue
[2025-10-02T20:56:19.428+0000] {logging_mixin.py:190} INFO - [2025-10-02T20:56:19.428+0000] {dagbag.py:588} INFO - Filling up the DagBag from /home/airflow/.local/lib/python3.12/site-packages/airflow/example_dags/example_branch_datetime_operator.py
[2025-10-02T20:56:19.440+0000] {processor.py:925} INFO - DAG(s) 'example_branch_datetime_operator_3', 'example_branch_datetime_operator', 'example_branch_datetime_operator_2' retrieved from /home/airflow/.local/lib/python3.12/site-packages/airflow/example_dags/example_branch_datetime_operator.py
[2025-10-02T20:56:19.465+0000] {logging_mixin.py:190} INFO - [2025-10-02T20:56:19.464+0000] {dag.py:3239} INFO - Sync 3 DAGs
[2025-10-02T20:56:19.489+0000] {logging_mixin.py:190} INFO - [2025-10-02T20:56:19.489+0000] {dag.py:4180} INFO - Setting next_dagrun for example_branch_datetime_operator to 2025-10-01 00:00:00+00:00, run_after=2025-10-02 00:00:00+00:00
[2025-10-02T20:56:19.493+0000] {logging_mixin.py:190} INFO - [2025-10-02T20:56:19.493+0000] {dag.py:4180} INFO - Setting next_dagrun for example_branch_datetime_operator_2 to 2025-10-01 00:00:00+00:00, run_after=2025-10-02 00:00:00+00:00
[2025-10-02T20:56:19.495+0000] {logging_mixin.py:190} INFO - [2025-10-02T20:56:19.495+0000] {dag.py:4180} INFO - Setting next_dagrun for example_branch_datetime_operator_3 to 2025-10-01 00:00:00+00:00, run_after=2025-10-02 00:00:00+00:00
[2025-10-02T20:56:19.509+0000] {processor.py:208} INFO - Processing /home/airflow/.local/lib/python3.12/site-packages/airflow/example_dags/example_branch_datetime_operator.py took 0.091 seconds
[2025-10-02T20:56:49.988+0000] {processor.py:186} INFO - Started process (PID=644) to work on /home/airflow/.local/lib/python3.12/site-packages/airflow/example_dags/example_branch_datetime_operator.py
[2025-10-02T20:56:49.989+0000] {processor.py:914} INFO - Processing file /home/airflow/.local/lib/python3.12/site-packages/airflow/example_dags/example_branch_datetime_operator.py for tasks to queue
[2025-10-02T20:56:49.992+0000] {logging_mixin.py:190} INFO - [2025-10-02T20:56:49.991+0000] {dagbag.py:588} INFO - Filling up the DagBag from /home/airflow/.local/lib/python3.12/site-packages/airflow/example_dags/example_branch_datetime_operator.py
[2025-10-02T20:56:50.014+0000] {processor.py:925} INFO - DAG(s) 'example_branch_datetime_operator_3', 'example_branch_datetime_operator', 'example_branch_datetime_operator_2' retrieved from /home/airflow/.local/lib/python3.12/site-packages/airflow/example_dags/example_branch_datetime_operator.py
[2025-10-02T20:56:50.045+0000] {logging_mixin.py:190} INFO - [2025-10-02T20:56:50.045+0000] {dag.py:3239} INFO - Sync 3 DAGs
[2025-10-02T20:56:50.073+0000] {logging_mixin.py:190} INFO - [2025-10-02T20:56:50.073+0000] {dag.py:4180} INFO - Setting next_dagrun for example_branch_datetime_operator to 2025-10-01 00:00:00+00:00, run_after=2025-10-02 00:00:00+00:00
[2025-10-02T20:56:50.080+0000] {logging_mixin.py:190} INFO - [2025-10-02T20:56:50.080+0000] {dag.py:4180} INFO - Setting next_dagrun for example_branch_datetime_operator_2 to 2025-10-01 00:00:00+00:00, run_after=2025-10-02 00:00:00+00:00
[2025-10-02T20:56:50.083+0000] {logging_mixin.py:190} INFO - [2025-10-02T20:56:50.083+0000] {dag.py:4180} INFO - Setting next_dagrun for example_branch_datetime_operator_3 to 2025-10-01 00:00:00+00:00, run_after=2025-10-02 00:00:00+00:00
[2025-10-02T20:56:50.103+0000] {processor.py:208} INFO - Processing /home/airflow/.local/lib/python3.12/site-packages/airflow/example_dags/example_branch_datetime_operator.py took 0.123 seconds
[2025-10-02T20:57:21.041+0000] {processor.py:186} INFO - Started process (PID=707) to work on /home/airflow/.local/lib/python3.12/site-packages/airflow/example_dags/example_branch_datetime_operator.py
[2025-10-02T20:57:21.043+0000] {processor.py:914} INFO - Processing file /home/airflow/.local/lib/python3.12/site-packages/airflow/example_dags/example_branch_datetime_operator.py for tasks to queue
[2025-10-02T20:57:21.046+0000] {logging_mixin.py:190} INFO - [2025-10-02T20:57:21.045+0000] {dagbag.py:588} INFO - Filling up the DagBag from /home/airflow/.local/lib/python3.12/site-packages/airflow/example_dags/example_branch_datetime_operator.py
[2025-10-02T20:57:21.062+0000] {processor.py:925} INFO - DAG(s) 'example_branch_datetime_operator_3', 'example_branch_datetime_operator_2', 'example_branch_datetime_operator' retrieved from /home/airflow/.local/lib/python3.12/site-packages/airflow/example_dags/example_branch_datetime_operator.py
[2025-10-02T20:57:21.101+0000] {logging_mixin.py:190} INFO - [2025-10-02T20:57:21.101+0000] {dag.py:3239} INFO - Sync 3 DAGs
[2025-10-02T20:57:21.129+0000] {logging_mixin.py:190} INFO - [2025-10-02T20:57:21.129+0000] {dag.py:4180} INFO - Setting next_dagrun for example_branch_datetime_operator to 2025-10-01 00:00:00+00:00, run_after=2025-10-02 00:00:00+00:00
[2025-10-02T20:57:21.135+0000] {logging_mixin.py:190} INFO - [2025-10-02T20:57:21.135+0000] {dag.py:4180} INFO - Setting next_dagrun for example_branch_datetime_operator_2 to 2025-10-01 00:00:00+00:00, run_after=2025-10-02 00:00:00+00:00
[2025-10-02T20:57:21.138+0000] {logging_mixin.py:190} INFO - [2025-10-02T20:57:21.137+0000] {dag.py:4180} INFO - Setting next_dagrun for example_branch_datetime_operator_3 to 2025-10-01 00:00:00+00:00, run_after=2025-10-02 00:00:00+00:00
[2025-10-02T20:57:21.153+0000] {processor.py:208} INFO - Processing /home/airflow/.local/lib/python3.12/site-packages/airflow/example_dags/example_branch_datetime_operator.py took 0.120 seconds
[2025-10-02T20:57:51.321+0000] {processor.py:186} INFO - Started process (PID=770) to work on /home/airflow/.local/lib/python3.12/site-packages/airflow/example_dags/example_branch_datetime_operator.py
[2025-10-02T20:57:51.322+0000] {processor.py:914} INFO - Processing file /home/airflow/.local/lib/python3.12/site-packages/airflow/example_dags/example_branch_datetime_operator.py for tasks to queue
[2025-10-02T20:57:51.324+0000] {logging_mixin.py:190} INFO - [2025-10-02T20:57:51.324+0000] {dagbag.py:588} INFO - Filling up the DagBag from /home/airflow/.local/lib/python3.12/site-packages/airflow/example_dags/example_branch_datetime_operator.py
[2025-10-02T20:57:51.337+0000] {processor.py:925} INFO - DAG(s) 'example_branch_datetime_operator_3', 'example_branch_datetime_operator', 'example_branch_datetime_operator_2' retrieved from /home/airflow/.local/lib/python3.12/site-packages/airflow/example_dags/example_branch_datetime_operator.py
[2025-10-02T20:57:51.363+0000] {logging_mixin.py:190} INFO - [2025-10-02T20:57:51.363+0000] {dag.py:3239} INFO - Sync 3 DAGs
[2025-10-02T20:57:51.387+0000] {logging_mixin.py:190} INFO - [2025-10-02T20:57:51.387+0000] {dag.py:4180} INFO - Setting next_dagrun for example_branch_datetime_operator to 2025-10-01 00:00:00+00:00, run_after=2025-10-02 00:00:00+00:00
[2025-10-02T20:57:51.393+0000] {logging_mixin.py:190} INFO - [2025-10-02T20:57:51.392+0000] {dag.py:4180} INFO - Setting next_dagrun for example_branch_datetime_operator_2 to 2025-10-01 00:00:00+00:00, run_after=2025-10-02 00:00:00+00:00
[2025-10-02T20:57:51.395+0000] {logging_mixin.py:190} INFO - [2025-10-02T20:57:51.395+0000] {dag.py:4180} INFO - Setting next_dagrun for example_branch_datetime_operator_3 to 2025-10-01 00:00:00+00:00, run_after=2025-10-02 00:00:00+00:00
[2025-10-02T20:57:51.410+0000] {processor.py:208} INFO - Processing /home/airflow/.local/lib/python3.12/site-packages/airflow/example_dags/example_branch_datetime_operator.py took 0.096 seconds
[2025-10-02T21:01:07.683+0000] {processor.py:186} INFO - Started process (PID=79) to work on /home/airflow/.local/lib/python3.12/site-packages/airflow/example_dags/example_branch_datetime_operator.py
[2025-10-02T21:01:07.685+0000] {processor.py:914} INFO - Processing file /home/airflow/.local/lib/python3.12/site-packages/airflow/example_dags/example_branch_datetime_operator.py for tasks to queue
[2025-10-02T21:01:07.690+0000] {logging_mixin.py:190} INFO - [2025-10-02T21:01:07.689+0000] {dagbag.py:588} INFO - Filling up the DagBag from /home/airflow/.local/lib/python3.12/site-packages/airflow/example_dags/example_branch_datetime_operator.py
[2025-10-02T21:01:07.705+0000] {processor.py:925} INFO - DAG(s) 'example_branch_datetime_operator_2', 'example_branch_datetime_operator', 'example_branch_datetime_operator_3' retrieved from /home/airflow/.local/lib/python3.12/site-packages/airflow/example_dags/example_branch_datetime_operator.py
[2025-10-02T21:01:07.742+0000] {logging_mixin.py:190} INFO - [2025-10-02T21:01:07.742+0000] {dag.py:3239} INFO - Sync 3 DAGs
[2025-10-02T21:01:07.785+0000] {logging_mixin.py:190} INFO - [2025-10-02T21:01:07.784+0000] {dag.py:4180} INFO - Setting next_dagrun for example_branch_datetime_operator to 2025-10-01 00:00:00+00:00, run_after=2025-10-02 00:00:00+00:00
[2025-10-02T21:01:07.793+0000] {logging_mixin.py:190} INFO - [2025-10-02T21:01:07.793+0000] {dag.py:4180} INFO - Setting next_dagrun for example_branch_datetime_operator_2 to 2025-10-01 00:00:00+00:00, run_after=2025-10-02 00:00:00+00:00
[2025-10-02T21:01:07.798+0000] {logging_mixin.py:190} INFO - [2025-10-02T21:01:07.797+0000] {dag.py:4180} INFO - Setting next_dagrun for example_branch_datetime_operator_3 to 2025-10-01 00:00:00+00:00, run_after=2025-10-02 00:00:00+00:00
[2025-10-02T21:01:07.826+0000] {processor.py:208} INFO - Processing /home/airflow/.local/lib/python3.12/site-packages/airflow/example_dags/example_branch_datetime_operator.py took 0.158 seconds
[2025-10-02T21:01:38.595+0000] {processor.py:186} INFO - Started process (PID=142) to work on /home/airflow/.local/lib/python3.12/site-packages/airflow/example_dags/example_branch_datetime_operator.py
[2025-10-02T21:01:38.597+0000] {processor.py:914} INFO - Processing file /home/airflow/.local/lib/python3.12/site-packages/airflow/example_dags/example_branch_datetime_operator.py for tasks to queue
[2025-10-02T21:01:38.600+0000] {logging_mixin.py:190} INFO - [2025-10-02T21:01:38.600+0000] {dagbag.py:588} INFO - Filling up the DagBag from /home/airflow/.local/lib/python3.12/site-packages/airflow/example_dags/example_branch_datetime_operator.py
[2025-10-02T21:01:38.615+0000] {processor.py:925} INFO - DAG(s) 'example_branch_datetime_operator_2', 'example_branch_datetime_operator', 'example_branch_datetime_operator_3' retrieved from /home/airflow/.local/lib/python3.12/site-packages/airflow/example_dags/example_branch_datetime_operator.py
[2025-10-02T21:01:38.648+0000] {logging_mixin.py:190} INFO - [2025-10-02T21:01:38.648+0000] {dag.py:3239} INFO - Sync 3 DAGs
[2025-10-02T21:01:38.682+0000] {logging_mixin.py:190} INFO - [2025-10-02T21:01:38.682+0000] {dag.py:4180} INFO - Setting next_dagrun for example_branch_datetime_operator to 2025-10-01 00:00:00+00:00, run_after=2025-10-02 00:00:00+00:00
[2025-10-02T21:01:38.687+0000] {logging_mixin.py:190} INFO - [2025-10-02T21:01:38.687+0000] {dag.py:4180} INFO - Setting next_dagrun for example_branch_datetime_operator_2 to 2025-10-01 00:00:00+00:00, run_after=2025-10-02 00:00:00+00:00
[2025-10-02T21:01:38.690+0000] {logging_mixin.py:190} INFO - [2025-10-02T21:01:38.690+0000] {dag.py:4180} INFO - Setting next_dagrun for example_branch_datetime_operator_3 to 2025-10-01 00:00:00+00:00, run_after=2025-10-02 00:00:00+00:00
[2025-10-02T21:01:38.707+0000] {processor.py:208} INFO - Processing /home/airflow/.local/lib/python3.12/site-packages/airflow/example_dags/example_branch_datetime_operator.py took 0.120 seconds
[2025-10-02T21:02:09.700+0000] {processor.py:186} INFO - Started process (PID=205) to work on /home/airflow/.local/lib/python3.12/site-packages/airflow/example_dags/example_branch_datetime_operator.py
[2025-10-02T21:02:09.702+0000] {processor.py:914} INFO - Processing file /home/airflow/.local/lib/python3.12/site-packages/airflow/example_dags/example_branch_datetime_operator.py for tasks to queue
[2025-10-02T21:02:09.706+0000] {logging_mixin.py:190} INFO - [2025-10-02T21:02:09.705+0000] {dagbag.py:588} INFO - Filling up the DagBag from /home/airflow/.local/lib/python3.12/site-packages/airflow/example_dags/example_branch_datetime_operator.py
[2025-10-02T21:02:09.728+0000] {processor.py:925} INFO - DAG(s) 'example_branch_datetime_operator_2', 'example_branch_datetime_operator', 'example_branch_datetime_operator_3' retrieved from /home/airflow/.local/lib/python3.12/site-packages/airflow/example_dags/example_branch_datetime_operator.py
[2025-10-02T21:02:09.767+0000] {logging_mixin.py:190} INFO - [2025-10-02T21:02:09.766+0000] {dag.py:3239} INFO - Sync 3 DAGs
[2025-10-02T21:02:09.805+0000] {logging_mixin.py:190} INFO - [2025-10-02T21:02:09.805+0000] {dag.py:4180} INFO - Setting next_dagrun for example_branch_datetime_operator to 2025-10-01 00:00:00+00:00, run_after=2025-10-02 00:00:00+00:00
[2025-10-02T21:02:09.819+0000] {logging_mixin.py:190} INFO - [2025-10-02T21:02:09.818+0000] {dag.py:4180} INFO - Setting next_dagrun for example_branch_datetime_operator_2 to 2025-10-01 00:00:00+00:00, run_after=2025-10-02 00:00:00+00:00
[2025-10-02T21:02:09.830+0000] {logging_mixin.py:190} INFO - [2025-10-02T21:02:09.829+0000] {dag.py:4180} INFO - Setting next_dagrun for example_branch_datetime_operator_3 to 2025-10-01 00:00:00+00:00, run_after=2025-10-02 00:00:00+00:00
[2025-10-02T21:02:09.861+0000] {processor.py:208} INFO - Processing /home/airflow/.local/lib/python3.12/site-packages/airflow/example_dags/example_branch_datetime_operator.py took 0.167 seconds
[2025-10-02T21:02:40.702+0000] {processor.py:186} INFO - Started process (PID=269) to work on /home/airflow/.local/lib/python3.12/site-packages/airflow/example_dags/example_branch_datetime_operator.py
[2025-10-02T21:02:40.703+0000] {processor.py:914} INFO - Processing file /home/airflow/.local/lib/python3.12/site-packages/airflow/example_dags/example_branch_datetime_operator.py for tasks to queue
[2025-10-02T21:02:40.706+0000] {logging_mixin.py:190} INFO - [2025-10-02T21:02:40.705+0000] {dagbag.py:588} INFO - Filling up the DagBag from /home/airflow/.local/lib/python3.12/site-packages/airflow/example_dags/example_branch_datetime_operator.py
[2025-10-02T21:02:40.720+0000] {processor.py:925} INFO - DAG(s) 'example_branch_datetime_operator_2', 'example_branch_datetime_operator', 'example_branch_datetime_operator_3' retrieved from /home/airflow/.local/lib/python3.12/site-packages/airflow/example_dags/example_branch_datetime_operator.py
[2025-10-02T21:02:40.749+0000] {logging_mixin.py:190} INFO - [2025-10-02T21:02:40.749+0000] {dag.py:3239} INFO - Sync 3 DAGs
[2025-10-02T21:02:40.777+0000] {logging_mixin.py:190} INFO - [2025-10-02T21:02:40.776+0000] {dag.py:4180} INFO - Setting next_dagrun for example_branch_datetime_operator to 2025-10-01 00:00:00+00:00, run_after=2025-10-02 00:00:00+00:00
[2025-10-02T21:02:40.783+0000] {logging_mixin.py:190} INFO - [2025-10-02T21:02:40.783+0000] {dag.py:4180} INFO - Setting next_dagrun for example_branch_datetime_operator_2 to 2025-10-01 00:00:00+00:00, run_after=2025-10-02 00:00:00+00:00
[2025-10-02T21:02:40.786+0000] {logging_mixin.py:190} INFO - [2025-10-02T21:02:40.785+0000] {dag.py:4180} INFO - Setting next_dagrun for example_branch_datetime_operator_3 to 2025-10-01 00:00:00+00:00, run_after=2025-10-02 00:00:00+00:00
[2025-10-02T21:02:40.807+0000] {processor.py:208} INFO - Processing /home/airflow/.local/lib/python3.12/site-packages/airflow/example_dags/example_branch_datetime_operator.py took 0.113 seconds
[2025-10-02T21:03:11.591+0000] {processor.py:186} INFO - Started process (PID=332) to work on /home/airflow/.local/lib/python3.12/site-packages/airflow/example_dags/example_branch_datetime_operator.py
[2025-10-02T21:03:11.592+0000] {processor.py:914} INFO - Processing file /home/airflow/.local/lib/python3.12/site-packages/airflow/example_dags/example_branch_datetime_operator.py for tasks to queue
[2025-10-02T21:03:11.595+0000] {logging_mixin.py:190} INFO - [2025-10-02T21:03:11.595+0000] {dagbag.py:588} INFO - Filling up the DagBag from /home/airflow/.local/lib/python3.12/site-packages/airflow/example_dags/example_branch_datetime_operator.py
[2025-10-02T21:03:11.608+0000] {processor.py:925} INFO - DAG(s) 'example_branch_datetime_operator_2', 'example_branch_datetime_operator_3', 'example_branch_datetime_operator' retrieved from /home/airflow/.local/lib/python3.12/site-packages/airflow/example_dags/example_branch_datetime_operator.py
[2025-10-02T21:03:11.635+0000] {logging_mixin.py:190} INFO - [2025-10-02T21:03:11.635+0000] {dag.py:3239} INFO - Sync 3 DAGs
[2025-10-02T21:03:11.658+0000] {logging_mixin.py:190} INFO - [2025-10-02T21:03:11.658+0000] {dag.py:4180} INFO - Setting next_dagrun for example_branch_datetime_operator to 2025-10-01 00:00:00+00:00, run_after=2025-10-02 00:00:00+00:00
[2025-10-02T21:03:11.663+0000] {logging_mixin.py:190} INFO - [2025-10-02T21:03:11.663+0000] {dag.py:4180} INFO - Setting next_dagrun for example_branch_datetime_operator_2 to 2025-10-01 00:00:00+00:00, run_after=2025-10-02 00:00:00+00:00
[2025-10-02T21:03:11.665+0000] {logging_mixin.py:190} INFO - [2025-10-02T21:03:11.665+0000] {dag.py:4180} INFO - Setting next_dagrun for example_branch_datetime_operator_3 to 2025-10-01 00:00:00+00:00, run_after=2025-10-02 00:00:00+00:00
[2025-10-02T21:03:11.679+0000] {processor.py:208} INFO - Processing /home/airflow/.local/lib/python3.12/site-packages/airflow/example_dags/example_branch_datetime_operator.py took 0.094 seconds
[2025-10-02T21:03:41.915+0000] {processor.py:186} INFO - Started process (PID=395) to work on /home/airflow/.local/lib/python3.12/site-packages/airflow/example_dags/example_branch_datetime_operator.py
[2025-10-02T21:03:41.916+0000] {processor.py:914} INFO - Processing file /home/airflow/.local/lib/python3.12/site-packages/airflow/example_dags/example_branch_datetime_operator.py for tasks to queue
[2025-10-02T21:03:41.919+0000] {logging_mixin.py:190} INFO - [2025-10-02T21:03:41.918+0000] {dagbag.py:588} INFO - Filling up the DagBag from /home/airflow/.local/lib/python3.12/site-packages/airflow/example_dags/example_branch_datetime_operator.py
[2025-10-02T21:03:41.932+0000] {processor.py:925} INFO - DAG(s) 'example_branch_datetime_operator_2', 'example_branch_datetime_operator', 'example_branch_datetime_operator_3' retrieved from /home/airflow/.local/lib/python3.12/site-packages/airflow/example_dags/example_branch_datetime_operator.py
[2025-10-02T21:03:41.958+0000] {logging_mixin.py:190} INFO - [2025-10-02T21:03:41.958+0000] {dag.py:3239} INFO - Sync 3 DAGs
[2025-10-02T21:03:41.984+0000] {logging_mixin.py:190} INFO - [2025-10-02T21:03:41.984+0000] {dag.py:4180} INFO - Setting next_dagrun for example_branch_datetime_operator to 2025-10-01 00:00:00+00:00, run_after=2025-10-02 00:00:00+00:00
[2025-10-02T21:03:41.989+0000] {logging_mixin.py:190} INFO - [2025-10-02T21:03:41.988+0000] {dag.py:4180} INFO - Setting next_dagrun for example_branch_datetime_operator_2 to 2025-10-01 00:00:00+00:00, run_after=2025-10-02 00:00:00+00:00
[2025-10-02T21:03:41.991+0000] {logging_mixin.py:190} INFO - [2025-10-02T21:03:41.991+0000] {dag.py:4180} INFO - Setting next_dagrun for example_branch_datetime_operator_3 to 2025-10-01 00:00:00+00:00, run_after=2025-10-02 00:00:00+00:00
[2025-10-02T21:03:42.006+0000] {processor.py:208} INFO - Processing /home/airflow/.local/lib/python3.12/site-packages/airflow/example_dags/example_branch_datetime_operator.py took 0.098 seconds
[2025-10-02T21:04:12.156+0000] {processor.py:186} INFO - Started process (PID=458) to work on /home/airflow/.local/lib/python3.12/site-packages/airflow/example_dags/example_branch_datetime_operator.py
[2025-10-02T21:04:12.157+0000] {processor.py:914} INFO - Processing file /home/airflow/.local/lib/python3.12/site-packages/airflow/example_dags/example_branch_datetime_operator.py for tasks to queue
[2025-10-02T21:04:12.159+0000] {logging_mixin.py:190} INFO - [2025-10-02T21:04:12.159+0000] {dagbag.py:588} INFO - Filling up the DagBag from /home/airflow/.local/lib/python3.12/site-packages/airflow/example_dags/example_branch_datetime_operator.py
[2025-10-02T21:04:12.171+0000] {processor.py:925} INFO - DAG(s) 'example_branch_datetime_operator_3', 'example_branch_datetime_operator_2', 'example_branch_datetime_operator' retrieved from /home/airflow/.local/lib/python3.12/site-packages/airflow/example_dags/example_branch_datetime_operator.py
[2025-10-02T21:04:12.196+0000] {logging_mixin.py:190} INFO - [2025-10-02T21:04:12.196+0000] {dag.py:3239} INFO - Sync 3 DAGs
[2025-10-02T21:04:12.219+0000] {logging_mixin.py:190} INFO - [2025-10-02T21:04:12.219+0000] {dag.py:4180} INFO - Setting next_dagrun for example_branch_datetime_operator to 2025-10-01 00:00:00+00:00, run_after=2025-10-02 00:00:00+00:00
[2025-10-02T21:04:12.224+0000] {logging_mixin.py:190} INFO - [2025-10-02T21:04:12.224+0000] {dag.py:4180} INFO - Setting next_dagrun for example_branch_datetime_operator_2 to 2025-10-01 00:00:00+00:00, run_after=2025-10-02 00:00:00+00:00
[2025-10-02T21:04:12.226+0000] {logging_mixin.py:190} INFO - [2025-10-02T21:04:12.226+0000] {dag.py:4180} INFO - Setting next_dagrun for example_branch_datetime_operator_3 to 2025-10-01 00:00:00+00:00, run_after=2025-10-02 00:00:00+00:00
[2025-10-02T21:04:12.239+0000] {processor.py:208} INFO - Processing /home/airflow/.local/lib/python3.12/site-packages/airflow/example_dags/example_branch_datetime_operator.py took 0.089 seconds
[2025-10-02T21:04:42.888+0000] {processor.py:186} INFO - Started process (PID=521) to work on /home/airflow/.local/lib/python3.12/site-packages/airflow/example_dags/example_branch_datetime_operator.py
[2025-10-02T21:04:42.889+0000] {processor.py:914} INFO - Processing file /home/airflow/.local/lib/python3.12/site-packages/airflow/example_dags/example_branch_datetime_operator.py for tasks to queue
[2025-10-02T21:04:42.892+0000] {logging_mixin.py:190} INFO - [2025-10-02T21:04:42.892+0000] {dagbag.py:588} INFO - Filling up the DagBag from /home/airflow/.local/lib/python3.12/site-packages/airflow/example_dags/example_branch_datetime_operator.py
[2025-10-02T21:04:42.906+0000] {processor.py:925} INFO - DAG(s) 'example_branch_datetime_operator_3', 'example_branch_datetime_operator', 'example_branch_datetime_operator_2' retrieved from /home/airflow/.local/lib/python3.12/site-packages/airflow/example_dags/example_branch_datetime_operator.py
[2025-10-02T21:04:42.933+0000] {logging_mixin.py:190} INFO - [2025-10-02T21:04:42.933+0000] {dag.py:3239} INFO - Sync 3 DAGs
[2025-10-02T21:04:42.959+0000] {logging_mixin.py:190} INFO - [2025-10-02T21:04:42.959+0000] {dag.py:4180} INFO - Setting next_dagrun for example_branch_datetime_operator to 2025-10-01 00:00:00+00:00, run_after=2025-10-02 00:00:00+00:00
[2025-10-02T21:04:42.965+0000] {logging_mixin.py:190} INFO - [2025-10-02T21:04:42.965+0000] {dag.py:4180} INFO - Setting next_dagrun for example_branch_datetime_operator_2 to 2025-10-01 00:00:00+00:00, run_after=2025-10-02 00:00:00+00:00
[2025-10-02T21:04:42.969+0000] {logging_mixin.py:190} INFO - [2025-10-02T21:04:42.969+0000] {dag.py:4180} INFO - Setting next_dagrun for example_branch_datetime_operator_3 to 2025-10-01 00:00:00+00:00, run_after=2025-10-02 00:00:00+00:00
[2025-10-02T21:04:42.988+0000] {processor.py:208} INFO - Processing /home/airflow/.local/lib/python3.12/site-packages/airflow/example_dags/example_branch_datetime_operator.py took 0.107 seconds
[2025-10-02T21:05:13.067+0000] {processor.py:186} INFO - Started process (PID=584) to work on /home/airflow/.local/lib/python3.12/site-packages/airflow/example_dags/example_branch_datetime_operator.py
[2025-10-02T21:05:13.068+0000] {processor.py:914} INFO - Processing file /home/airflow/.local/lib/python3.12/site-packages/airflow/example_dags/example_branch_datetime_operator.py for tasks to queue
[2025-10-02T21:05:13.070+0000] {logging_mixin.py:190} INFO - [2025-10-02T21:05:13.070+0000] {dagbag.py:588} INFO - Filling up the DagBag from /home/airflow/.local/lib/python3.12/site-packages/airflow/example_dags/example_branch_datetime_operator.py
[2025-10-02T21:05:13.082+0000] {processor.py:925} INFO - DAG(s) 'example_branch_datetime_operator', 'example_branch_datetime_operator_3', 'example_branch_datetime_operator_2' retrieved from /home/airflow/.local/lib/python3.12/site-packages/airflow/example_dags/example_branch_datetime_operator.py
[2025-10-02T21:05:13.106+0000] {logging_mixin.py:190} INFO - [2025-10-02T21:05:13.106+0000] {dag.py:3239} INFO - Sync 3 DAGs
[2025-10-02T21:05:13.129+0000] {logging_mixin.py:190} INFO - [2025-10-02T21:05:13.129+0000] {dag.py:4180} INFO - Setting next_dagrun for example_branch_datetime_operator to 2025-10-01 00:00:00+00:00, run_after=2025-10-02 00:00:00+00:00
[2025-10-02T21:05:13.133+0000] {logging_mixin.py:190} INFO - [2025-10-02T21:05:13.133+0000] {dag.py:4180} INFO - Setting next_dagrun for example_branch_datetime_operator_2 to 2025-10-01 00:00:00+00:00, run_after=2025-10-02 00:00:00+00:00
[2025-10-02T21:05:13.135+0000] {logging_mixin.py:190} INFO - [2025-10-02T21:05:13.135+0000] {dag.py:4180} INFO - Setting next_dagrun for example_branch_datetime_operator_3 to 2025-10-01 00:00:00+00:00, run_after=2025-10-02 00:00:00+00:00
[2025-10-02T21:05:13.149+0000] {processor.py:208} INFO - Processing /home/airflow/.local/lib/python3.12/site-packages/airflow/example_dags/example_branch_datetime_operator.py took 0.088 seconds
[2025-10-02T21:05:43.883+0000] {processor.py:186} INFO - Started process (PID=647) to work on /home/airflow/.local/lib/python3.12/site-packages/airflow/example_dags/example_branch_datetime_operator.py
[2025-10-02T21:05:43.885+0000] {processor.py:914} INFO - Processing file /home/airflow/.local/lib/python3.12/site-packages/airflow/example_dags/example_branch_datetime_operator.py for tasks to queue
[2025-10-02T21:05:43.889+0000] {logging_mixin.py:190} INFO - [2025-10-02T21:05:43.888+0000] {dagbag.py:588} INFO - Filling up the DagBag from /home/airflow/.local/lib/python3.12/site-packages/airflow/example_dags/example_branch_datetime_operator.py
[2025-10-02T21:05:43.906+0000] {processor.py:925} INFO - DAG(s) 'example_branch_datetime_operator_3', 'example_branch_datetime_operator_2', 'example_branch_datetime_operator' retrieved from /home/airflow/.local/lib/python3.12/site-packages/airflow/example_dags/example_branch_datetime_operator.py
[2025-10-02T21:05:43.947+0000] {logging_mixin.py:190} INFO - [2025-10-02T21:05:43.946+0000] {dag.py:3239} INFO - Sync 3 DAGs
[2025-10-02T21:05:43.978+0000] {logging_mixin.py:190} INFO - [2025-10-02T21:05:43.978+0000] {dag.py:4180} INFO - Setting next_dagrun for example_branch_datetime_operator to 2025-10-01 00:00:00+00:00, run_after=2025-10-02 00:00:00+00:00
[2025-10-02T21:05:43.985+0000] {logging_mixin.py:190} INFO - [2025-10-02T21:05:43.984+0000] {dag.py:4180} INFO - Setting next_dagrun for example_branch_datetime_operator_2 to 2025-10-01 00:00:00+00:00, run_after=2025-10-02 00:00:00+00:00
[2025-10-02T21:05:43.988+0000] {logging_mixin.py:190} INFO - [2025-10-02T21:05:43.988+0000] {dag.py:4180} INFO - Setting next_dagrun for example_branch_datetime_operator_3 to 2025-10-01 00:00:00+00:00, run_after=2025-10-02 00:00:00+00:00
[2025-10-02T21:05:44.007+0000] {processor.py:208} INFO - Processing /home/airflow/.local/lib/python3.12/site-packages/airflow/example_dags/example_branch_datetime_operator.py took 0.133 seconds
[2025-10-02T21:06:14.304+0000] {processor.py:186} INFO - Started process (PID=713) to work on /home/airflow/.local/lib/python3.12/site-packages/airflow/example_dags/example_branch_datetime_operator.py
[2025-10-02T21:06:14.305+0000] {processor.py:914} INFO - Processing file /home/airflow/.local/lib/python3.12/site-packages/airflow/example_dags/example_branch_datetime_operator.py for tasks to queue
[2025-10-02T21:06:14.307+0000] {logging_mixin.py:190} INFO - [2025-10-02T21:06:14.307+0000] {dagbag.py:588} INFO - Filling up the DagBag from /home/airflow/.local/lib/python3.12/site-packages/airflow/example_dags/example_branch_datetime_operator.py
[2025-10-02T21:06:14.320+0000] {processor.py:925} INFO - DAG(s) 'example_branch_datetime_operator', 'example_branch_datetime_operator_2', 'example_branch_datetime_operator_3' retrieved from /home/airflow/.local/lib/python3.12/site-packages/airflow/example_dags/example_branch_datetime_operator.py
[2025-10-02T21:06:14.351+0000] {logging_mixin.py:190} INFO - [2025-10-02T21:06:14.350+0000] {dag.py:3239} INFO - Sync 3 DAGs
[2025-10-02T21:06:14.378+0000] {logging_mixin.py:190} INFO - [2025-10-02T21:06:14.377+0000] {dag.py:4180} INFO - Setting next_dagrun for example_branch_datetime_operator to 2025-10-01 00:00:00+00:00, run_after=2025-10-02 00:00:00+00:00
[2025-10-02T21:06:14.383+0000] {logging_mixin.py:190} INFO - [2025-10-02T21:06:14.383+0000] {dag.py:4180} INFO - Setting next_dagrun for example_branch_datetime_operator_2 to 2025-10-01 00:00:00+00:00, run_after=2025-10-02 00:00:00+00:00
[2025-10-02T21:06:14.385+0000] {logging_mixin.py:190} INFO - [2025-10-02T21:06:14.385+0000] {dag.py:4180} INFO - Setting next_dagrun for example_branch_datetime_operator_3 to 2025-10-01 00:00:00+00:00, run_after=2025-10-02 00:00:00+00:00
[2025-10-02T21:06:14.398+0000] {processor.py:208} INFO - Processing /home/airflow/.local/lib/python3.12/site-packages/airflow/example_dags/example_branch_datetime_operator.py took 0.101 seconds
[2025-10-02T21:06:45.370+0000] {processor.py:186} INFO - Started process (PID=780) to work on /home/airflow/.local/lib/python3.12/site-packages/airflow/example_dags/example_branch_datetime_operator.py
[2025-10-02T21:06:45.372+0000] {processor.py:914} INFO - Processing file /home/airflow/.local/lib/python3.12/site-packages/airflow/example_dags/example_branch_datetime_operator.py for tasks to queue
[2025-10-02T21:06:45.376+0000] {logging_mixin.py:190} INFO - [2025-10-02T21:06:45.376+0000] {dagbag.py:588} INFO - Filling up the DagBag from /home/airflow/.local/lib/python3.12/site-packages/airflow/example_dags/example_branch_datetime_operator.py
[2025-10-02T21:06:45.397+0000] {processor.py:925} INFO - DAG(s) 'example_branch_datetime_operator_2', 'example_branch_datetime_operator_3', 'example_branch_datetime_operator' retrieved from /home/airflow/.local/lib/python3.12/site-packages/airflow/example_dags/example_branch_datetime_operator.py
[2025-10-02T21:06:45.449+0000] {logging_mixin.py:190} INFO - [2025-10-02T21:06:45.449+0000] {dag.py:3239} INFO - Sync 3 DAGs
[2025-10-02T21:06:45.480+0000] {logging_mixin.py:190} INFO - [2025-10-02T21:06:45.479+0000] {dag.py:4180} INFO - Setting next_dagrun for example_branch_datetime_operator to 2025-10-01 00:00:00+00:00, run_after=2025-10-02 00:00:00+00:00
[2025-10-02T21:06:45.486+0000] {logging_mixin.py:190} INFO - [2025-10-02T21:06:45.485+0000] {dag.py:4180} INFO - Setting next_dagrun for example_branch_datetime_operator_2 to 2025-10-01 00:00:00+00:00, run_after=2025-10-02 00:00:00+00:00
[2025-10-02T21:06:45.489+0000] {logging_mixin.py:190} INFO - [2025-10-02T21:06:45.489+0000] {dag.py:4180} INFO - Setting next_dagrun for example_branch_datetime_operator_3 to 2025-10-01 00:00:00+00:00, run_after=2025-10-02 00:00:00+00:00
[2025-10-02T21:06:45.509+0000] {processor.py:208} INFO - Processing /home/airflow/.local/lib/python3.12/site-packages/airflow/example_dags/example_branch_datetime_operator.py took 0.150 seconds
[2025-10-02T21:09:09.626+0000] {processor.py:186} INFO - Started process (PID=78) to work on /home/airflow/.local/lib/python3.12/site-packages/airflow/example_dags/example_branch_datetime_operator.py
[2025-10-02T21:09:09.628+0000] {processor.py:914} INFO - Processing file /home/airflow/.local/lib/python3.12/site-packages/airflow/example_dags/example_branch_datetime_operator.py for tasks to queue
[2025-10-02T21:09:09.632+0000] {logging_mixin.py:190} INFO - [2025-10-02T21:09:09.632+0000] {dagbag.py:588} INFO - Filling up the DagBag from /home/airflow/.local/lib/python3.12/site-packages/airflow/example_dags/example_branch_datetime_operator.py
[2025-10-02T21:09:09.666+0000] {processor.py:925} INFO - DAG(s) 'example_branch_datetime_operator', 'example_branch_datetime_operator_2', 'example_branch_datetime_operator_3' retrieved from /home/airflow/.local/lib/python3.12/site-packages/airflow/example_dags/example_branch_datetime_operator.py
[2025-10-02T21:09:09.720+0000] {logging_mixin.py:190} INFO - [2025-10-02T21:09:09.720+0000] {dag.py:3239} INFO - Sync 3 DAGs
[2025-10-02T21:09:09.759+0000] {logging_mixin.py:190} INFO - [2025-10-02T21:09:09.758+0000] {dag.py:4180} INFO - Setting next_dagrun for example_branch_datetime_operator to 2025-10-01 00:00:00+00:00, run_after=2025-10-02 00:00:00+00:00
[2025-10-02T21:09:09.767+0000] {logging_mixin.py:190} INFO - [2025-10-02T21:09:09.766+0000] {dag.py:4180} INFO - Setting next_dagrun for example_branch_datetime_operator_2 to 2025-10-01 00:00:00+00:00, run_after=2025-10-02 00:00:00+00:00
[2025-10-02T21:09:09.770+0000] {logging_mixin.py:190} INFO - [2025-10-02T21:09:09.770+0000] {dag.py:4180} INFO - Setting next_dagrun for example_branch_datetime_operator_3 to 2025-10-01 00:00:00+00:00, run_after=2025-10-02 00:00:00+00:00
[2025-10-02T21:09:09.800+0000] {processor.py:208} INFO - Processing /home/airflow/.local/lib/python3.12/site-packages/airflow/example_dags/example_branch_datetime_operator.py took 0.183 seconds
[2025-10-02T21:12:44.613+0000] {processor.py:186} INFO - Started process (PID=78) to work on /home/airflow/.local/lib/python3.12/site-packages/airflow/example_dags/example_branch_datetime_operator.py
[2025-10-02T21:12:44.614+0000] {processor.py:914} INFO - Processing file /home/airflow/.local/lib/python3.12/site-packages/airflow/example_dags/example_branch_datetime_operator.py for tasks to queue
[2025-10-02T21:12:44.617+0000] {logging_mixin.py:190} INFO - [2025-10-02T21:12:44.617+0000] {dagbag.py:588} INFO - Filling up the DagBag from /home/airflow/.local/lib/python3.12/site-packages/airflow/example_dags/example_branch_datetime_operator.py
[2025-10-02T21:12:44.680+0000] {processor.py:925} INFO - DAG(s) 'example_branch_datetime_operator_3', 'example_branch_datetime_operator', 'example_branch_datetime_operator_2' retrieved from /home/airflow/.local/lib/python3.12/site-packages/airflow/example_dags/example_branch_datetime_operator.py
[2025-10-02T21:12:44.780+0000] {logging_mixin.py:190} INFO - [2025-10-02T21:12:44.780+0000] {dag.py:3239} INFO - Sync 3 DAGs
[2025-10-02T21:12:44.884+0000] {logging_mixin.py:190} INFO - [2025-10-02T21:12:44.884+0000] {dag.py:4180} INFO - Setting next_dagrun for example_branch_datetime_operator to 2025-10-01 00:00:00+00:00, run_after=2025-10-02 00:00:00+00:00
[2025-10-02T21:12:44.894+0000] {logging_mixin.py:190} INFO - [2025-10-02T21:12:44.893+0000] {dag.py:4180} INFO - Setting next_dagrun for example_branch_datetime_operator_2 to 2025-10-01 00:00:00+00:00, run_after=2025-10-02 00:00:00+00:00
[2025-10-02T21:12:44.899+0000] {logging_mixin.py:190} INFO - [2025-10-02T21:12:44.898+0000] {dag.py:4180} INFO - Setting next_dagrun for example_branch_datetime_operator_3 to 2025-10-01 00:00:00+00:00, run_after=2025-10-02 00:00:00+00:00
[2025-10-02T21:12:44.970+0000] {processor.py:208} INFO - Processing /home/airflow/.local/lib/python3.12/site-packages/airflow/example_dags/example_branch_datetime_operator.py took 0.366 seconds
[2025-10-02T21:13:15.896+0000] {processor.py:186} INFO - Started process (PID=141) to work on /home/airflow/.local/lib/python3.12/site-packages/airflow/example_dags/example_branch_datetime_operator.py
[2025-10-02T21:13:15.898+0000] {processor.py:914} INFO - Processing file /home/airflow/.local/lib/python3.12/site-packages/airflow/example_dags/example_branch_datetime_operator.py for tasks to queue
[2025-10-02T21:13:15.901+0000] {logging_mixin.py:190} INFO - [2025-10-02T21:13:15.900+0000] {dagbag.py:588} INFO - Filling up the DagBag from /home/airflow/.local/lib/python3.12/site-packages/airflow/example_dags/example_branch_datetime_operator.py
[2025-10-02T21:13:15.918+0000] {processor.py:925} INFO - DAG(s) 'example_branch_datetime_operator_3', 'example_branch_datetime_operator', 'example_branch_datetime_operator_2' retrieved from /home/airflow/.local/lib/python3.12/site-packages/airflow/example_dags/example_branch_datetime_operator.py
[2025-10-02T21:13:15.949+0000] {logging_mixin.py:190} INFO - [2025-10-02T21:13:15.949+0000] {dag.py:3239} INFO - Sync 3 DAGs
[2025-10-02T21:13:15.983+0000] {logging_mixin.py:190} INFO - [2025-10-02T21:13:15.982+0000] {dag.py:4180} INFO - Setting next_dagrun for example_branch_datetime_operator to 2025-10-01 00:00:00+00:00, run_after=2025-10-02 00:00:00+00:00
[2025-10-02T21:13:15.988+0000] {logging_mixin.py:190} INFO - [2025-10-02T21:13:15.988+0000] {dag.py:4180} INFO - Setting next_dagrun for example_branch_datetime_operator_2 to 2025-10-01 00:00:00+00:00, run_after=2025-10-02 00:00:00+00:00
[2025-10-02T21:13:15.991+0000] {logging_mixin.py:190} INFO - [2025-10-02T21:13:15.991+0000] {dag.py:4180} INFO - Setting next_dagrun for example_branch_datetime_operator_3 to 2025-10-01 00:00:00+00:00, run_after=2025-10-02 00:00:00+00:00
[2025-10-02T21:13:16.015+0000] {processor.py:208} INFO - Processing /home/airflow/.local/lib/python3.12/site-packages/airflow/example_dags/example_branch_datetime_operator.py took 0.125 seconds
[2025-10-02T21:13:46.161+0000] {processor.py:186} INFO - Started process (PID=204) to work on /home/airflow/.local/lib/python3.12/site-packages/airflow/example_dags/example_branch_datetime_operator.py
[2025-10-02T21:13:46.162+0000] {processor.py:914} INFO - Processing file /home/airflow/.local/lib/python3.12/site-packages/airflow/example_dags/example_branch_datetime_operator.py for tasks to queue
[2025-10-02T21:13:46.165+0000] {logging_mixin.py:190} INFO - [2025-10-02T21:13:46.165+0000] {dagbag.py:588} INFO - Filling up the DagBag from /home/airflow/.local/lib/python3.12/site-packages/airflow/example_dags/example_branch_datetime_operator.py
[2025-10-02T21:13:46.183+0000] {processor.py:925} INFO - DAG(s) 'example_branch_datetime_operator', 'example_branch_datetime_operator_2', 'example_branch_datetime_operator_3' retrieved from /home/airflow/.local/lib/python3.12/site-packages/airflow/example_dags/example_branch_datetime_operator.py
[2025-10-02T21:13:46.223+0000] {logging_mixin.py:190} INFO - [2025-10-02T21:13:46.222+0000] {dag.py:3239} INFO - Sync 3 DAGs
[2025-10-02T21:13:46.262+0000] {logging_mixin.py:190} INFO - [2025-10-02T21:13:46.262+0000] {dag.py:4180} INFO - Setting next_dagrun for example_branch_datetime_operator to 2025-10-01 00:00:00+00:00, run_after=2025-10-02 00:00:00+00:00
[2025-10-02T21:13:46.272+0000] {logging_mixin.py:190} INFO - [2025-10-02T21:13:46.272+0000] {dag.py:4180} INFO - Setting next_dagrun for example_branch_datetime_operator_2 to 2025-10-01 00:00:00+00:00, run_after=2025-10-02 00:00:00+00:00
[2025-10-02T21:13:46.275+0000] {logging_mixin.py:190} INFO - [2025-10-02T21:13:46.274+0000] {dag.py:4180} INFO - Setting next_dagrun for example_branch_datetime_operator_3 to 2025-10-01 00:00:00+00:00, run_after=2025-10-02 00:00:00+00:00
[2025-10-02T21:13:46.291+0000] {processor.py:208} INFO - Processing /home/airflow/.local/lib/python3.12/site-packages/airflow/example_dags/example_branch_datetime_operator.py took 0.140 seconds
[2025-10-02T21:19:08.105+0000] {processor.py:186} INFO - Started process (PID=76) to work on /home/airflow/.local/lib/python3.12/site-packages/airflow/example_dags/example_branch_datetime_operator.py
[2025-10-02T21:19:08.106+0000] {processor.py:914} INFO - Processing file /home/airflow/.local/lib/python3.12/site-packages/airflow/example_dags/example_branch_datetime_operator.py for tasks to queue
[2025-10-02T21:19:08.109+0000] {logging_mixin.py:190} INFO - [2025-10-02T21:19:08.109+0000] {dagbag.py:588} INFO - Filling up the DagBag from /home/airflow/.local/lib/python3.12/site-packages/airflow/example_dags/example_branch_datetime_operator.py
[2025-10-02T21:19:08.123+0000] {processor.py:925} INFO - DAG(s) 'example_branch_datetime_operator_3', 'example_branch_datetime_operator', 'example_branch_datetime_operator_2' retrieved from /home/airflow/.local/lib/python3.12/site-packages/airflow/example_dags/example_branch_datetime_operator.py
[2025-10-02T21:19:08.156+0000] {logging_mixin.py:190} INFO - [2025-10-02T21:19:08.156+0000] {dag.py:3239} INFO - Sync 3 DAGs
[2025-10-02T21:19:08.208+0000] {logging_mixin.py:190} INFO - [2025-10-02T21:19:08.208+0000] {dag.py:4180} INFO - Setting next_dagrun for example_branch_datetime_operator to 2025-10-01 00:00:00+00:00, run_after=2025-10-02 00:00:00+00:00
[2025-10-02T21:19:08.214+0000] {logging_mixin.py:190} INFO - [2025-10-02T21:19:08.214+0000] {dag.py:4180} INFO - Setting next_dagrun for example_branch_datetime_operator_2 to 2025-10-01 00:00:00+00:00, run_after=2025-10-02 00:00:00+00:00
[2025-10-02T21:19:08.218+0000] {logging_mixin.py:190} INFO - [2025-10-02T21:19:08.217+0000] {dag.py:4180} INFO - Setting next_dagrun for example_branch_datetime_operator_3 to 2025-10-01 00:00:00+00:00, run_after=2025-10-02 00:00:00+00:00
[2025-10-02T21:19:08.234+0000] {processor.py:208} INFO - Processing /home/airflow/.local/lib/python3.12/site-packages/airflow/example_dags/example_branch_datetime_operator.py took 0.135 seconds
[2025-10-02T21:19:38.884+0000] {processor.py:186} INFO - Started process (PID=139) to work on /home/airflow/.local/lib/python3.12/site-packages/airflow/example_dags/example_branch_datetime_operator.py
[2025-10-02T21:19:38.885+0000] {processor.py:914} INFO - Processing file /home/airflow/.local/lib/python3.12/site-packages/airflow/example_dags/example_branch_datetime_operator.py for tasks to queue
[2025-10-02T21:19:38.888+0000] {logging_mixin.py:190} INFO - [2025-10-02T21:19:38.887+0000] {dagbag.py:588} INFO - Filling up the DagBag from /home/airflow/.local/lib/python3.12/site-packages/airflow/example_dags/example_branch_datetime_operator.py
[2025-10-02T21:19:38.903+0000] {processor.py:925} INFO - DAG(s) 'example_branch_datetime_operator', 'example_branch_datetime_operator_2', 'example_branch_datetime_operator_3' retrieved from /home/airflow/.local/lib/python3.12/site-packages/airflow/example_dags/example_branch_datetime_operator.py
[2025-10-02T21:19:38.932+0000] {logging_mixin.py:190} INFO - [2025-10-02T21:19:38.932+0000] {dag.py:3239} INFO - Sync 3 DAGs
[2025-10-02T21:19:38.960+0000] {logging_mixin.py:190} INFO - [2025-10-02T21:19:38.960+0000] {dag.py:4180} INFO - Setting next_dagrun for example_branch_datetime_operator to 2025-10-01 00:00:00+00:00, run_after=2025-10-02 00:00:00+00:00
[2025-10-02T21:19:38.965+0000] {logging_mixin.py:190} INFO - [2025-10-02T21:19:38.965+0000] {dag.py:4180} INFO - Setting next_dagrun for example_branch_datetime_operator_2 to 2025-10-01 00:00:00+00:00, run_after=2025-10-02 00:00:00+00:00
[2025-10-02T21:19:38.968+0000] {logging_mixin.py:190} INFO - [2025-10-02T21:19:38.968+0000] {dag.py:4180} INFO - Setting next_dagrun for example_branch_datetime_operator_3 to 2025-10-01 00:00:00+00:00, run_after=2025-10-02 00:00:00+00:00
[2025-10-02T21:19:38.985+0000] {processor.py:208} INFO - Processing /home/airflow/.local/lib/python3.12/site-packages/airflow/example_dags/example_branch_datetime_operator.py took 0.108 seconds
[2025-10-02T21:20:09.509+0000] {processor.py:186} INFO - Started process (PID=203) to work on /home/airflow/.local/lib/python3.12/site-packages/airflow/example_dags/example_branch_datetime_operator.py
[2025-10-02T21:20:09.510+0000] {processor.py:914} INFO - Processing file /home/airflow/.local/lib/python3.12/site-packages/airflow/example_dags/example_branch_datetime_operator.py for tasks to queue
[2025-10-02T21:20:09.514+0000] {logging_mixin.py:190} INFO - [2025-10-02T21:20:09.513+0000] {dagbag.py:588} INFO - Filling up the DagBag from /home/airflow/.local/lib/python3.12/site-packages/airflow/example_dags/example_branch_datetime_operator.py
[2025-10-02T21:20:09.529+0000] {processor.py:925} INFO - DAG(s) 'example_branch_datetime_operator_3', 'example_branch_datetime_operator', 'example_branch_datetime_operator_2' retrieved from /home/airflow/.local/lib/python3.12/site-packages/airflow/example_dags/example_branch_datetime_operator.py
[2025-10-02T21:20:09.561+0000] {logging_mixin.py:190} INFO - [2025-10-02T21:20:09.561+0000] {dag.py:3239} INFO - Sync 3 DAGs
[2025-10-02T21:20:09.589+0000] {logging_mixin.py:190} INFO - [2025-10-02T21:20:09.589+0000] {dag.py:4180} INFO - Setting next_dagrun for example_branch_datetime_operator to 2025-10-01 00:00:00+00:00, run_after=2025-10-02 00:00:00+00:00
[2025-10-02T21:20:09.594+0000] {logging_mixin.py:190} INFO - [2025-10-02T21:20:09.594+0000] {dag.py:4180} INFO - Setting next_dagrun for example_branch_datetime_operator_2 to 2025-10-01 00:00:00+00:00, run_after=2025-10-02 00:00:00+00:00
[2025-10-02T21:20:09.597+0000] {logging_mixin.py:190} INFO - [2025-10-02T21:20:09.597+0000] {dag.py:4180} INFO - Setting next_dagrun for example_branch_datetime_operator_3 to 2025-10-01 00:00:00+00:00, run_after=2025-10-02 00:00:00+00:00
[2025-10-02T21:20:09.617+0000] {processor.py:208} INFO - Processing /home/airflow/.local/lib/python3.12/site-packages/airflow/example_dags/example_branch_datetime_operator.py took 0.119 seconds
[2025-10-02T21:20:40.205+0000] {processor.py:186} INFO - Started process (PID=266) to work on /home/airflow/.local/lib/python3.12/site-packages/airflow/example_dags/example_branch_datetime_operator.py
[2025-10-02T21:20:40.207+0000] {processor.py:914} INFO - Processing file /home/airflow/.local/lib/python3.12/site-packages/airflow/example_dags/example_branch_datetime_operator.py for tasks to queue
[2025-10-02T21:20:40.209+0000] {logging_mixin.py:190} INFO - [2025-10-02T21:20:40.209+0000] {dagbag.py:588} INFO - Filling up the DagBag from /home/airflow/.local/lib/python3.12/site-packages/airflow/example_dags/example_branch_datetime_operator.py
[2025-10-02T21:20:40.224+0000] {processor.py:925} INFO - DAG(s) 'example_branch_datetime_operator', 'example_branch_datetime_operator_3', 'example_branch_datetime_operator_2' retrieved from /home/airflow/.local/lib/python3.12/site-packages/airflow/example_dags/example_branch_datetime_operator.py
[2025-10-02T21:20:40.250+0000] {logging_mixin.py:190} INFO - [2025-10-02T21:20:40.249+0000] {dag.py:3239} INFO - Sync 3 DAGs
[2025-10-02T21:20:40.273+0000] {logging_mixin.py:190} INFO - [2025-10-02T21:20:40.273+0000] {dag.py:4180} INFO - Setting next_dagrun for example_branch_datetime_operator to 2025-10-01 00:00:00+00:00, run_after=2025-10-02 00:00:00+00:00
[2025-10-02T21:20:40.277+0000] {logging_mixin.py:190} INFO - [2025-10-02T21:20:40.277+0000] {dag.py:4180} INFO - Setting next_dagrun for example_branch_datetime_operator_2 to 2025-10-01 00:00:00+00:00, run_after=2025-10-02 00:00:00+00:00
[2025-10-02T21:20:40.279+0000] {logging_mixin.py:190} INFO - [2025-10-02T21:20:40.279+0000] {dag.py:4180} INFO - Setting next_dagrun for example_branch_datetime_operator_3 to 2025-10-01 00:00:00+00:00, run_after=2025-10-02 00:00:00+00:00
[2025-10-02T21:20:40.292+0000] {processor.py:208} INFO - Processing /home/airflow/.local/lib/python3.12/site-packages/airflow/example_dags/example_branch_datetime_operator.py took 0.095 seconds
[2025-10-02T21:25:46.008+0000] {processor.py:186} INFO - Started process (PID=81) to work on /home/airflow/.local/lib/python3.12/site-packages/airflow/example_dags/example_branch_datetime_operator.py
[2025-10-02T21:25:46.009+0000] {processor.py:914} INFO - Processing file /home/airflow/.local/lib/python3.12/site-packages/airflow/example_dags/example_branch_datetime_operator.py for tasks to queue
[2025-10-02T21:25:46.013+0000] {logging_mixin.py:190} INFO - [2025-10-02T21:25:46.013+0000] {dagbag.py:588} INFO - Filling up the DagBag from /home/airflow/.local/lib/python3.12/site-packages/airflow/example_dags/example_branch_datetime_operator.py
[2025-10-02T21:25:46.033+0000] {processor.py:925} INFO - DAG(s) 'example_branch_datetime_operator', 'example_branch_datetime_operator_2', 'example_branch_datetime_operator_3' retrieved from /home/airflow/.local/lib/python3.12/site-packages/airflow/example_dags/example_branch_datetime_operator.py
[2025-10-02T21:25:46.069+0000] {logging_mixin.py:190} INFO - [2025-10-02T21:25:46.069+0000] {dag.py:3239} INFO - Sync 3 DAGs
[2025-10-02T21:25:46.104+0000] {logging_mixin.py:190} INFO - [2025-10-02T21:25:46.104+0000] {dag.py:4180} INFO - Setting next_dagrun for example_branch_datetime_operator to 2025-10-01 00:00:00+00:00, run_after=2025-10-02 00:00:00+00:00
[2025-10-02T21:25:46.112+0000] {logging_mixin.py:190} INFO - [2025-10-02T21:25:46.112+0000] {dag.py:4180} INFO - Setting next_dagrun for example_branch_datetime_operator_2 to 2025-10-01 00:00:00+00:00, run_after=2025-10-02 00:00:00+00:00
[2025-10-02T21:25:46.117+0000] {logging_mixin.py:190} INFO - [2025-10-02T21:25:46.117+0000] {dag.py:4180} INFO - Setting next_dagrun for example_branch_datetime_operator_3 to 2025-10-01 00:00:00+00:00, run_after=2025-10-02 00:00:00+00:00
[2025-10-02T21:25:46.141+0000] {processor.py:208} INFO - Processing /home/airflow/.local/lib/python3.12/site-packages/airflow/example_dags/example_branch_datetime_operator.py took 0.142 seconds
[2025-10-02T21:26:17.003+0000] {processor.py:186} INFO - Started process (PID=144) to work on /home/airflow/.local/lib/python3.12/site-packages/airflow/example_dags/example_branch_datetime_operator.py
[2025-10-02T21:26:17.004+0000] {processor.py:914} INFO - Processing file /home/airflow/.local/lib/python3.12/site-packages/airflow/example_dags/example_branch_datetime_operator.py for tasks to queue
[2025-10-02T21:26:17.007+0000] {logging_mixin.py:190} INFO - [2025-10-02T21:26:17.006+0000] {dagbag.py:588} INFO - Filling up the DagBag from /home/airflow/.local/lib/python3.12/site-packages/airflow/example_dags/example_branch_datetime_operator.py
[2025-10-02T21:26:17.019+0000] {processor.py:925} INFO - DAG(s) 'example_branch_datetime_operator', 'example_branch_datetime_operator_2', 'example_branch_datetime_operator_3' retrieved from /home/airflow/.local/lib/python3.12/site-packages/airflow/example_dags/example_branch_datetime_operator.py
[2025-10-02T21:26:17.046+0000] {logging_mixin.py:190} INFO - [2025-10-02T21:26:17.046+0000] {dag.py:3239} INFO - Sync 3 DAGs
[2025-10-02T21:26:17.076+0000] {logging_mixin.py:190} INFO - [2025-10-02T21:26:17.076+0000] {dag.py:4180} INFO - Setting next_dagrun for example_branch_datetime_operator to 2025-10-01 00:00:00+00:00, run_after=2025-10-02 00:00:00+00:00
[2025-10-02T21:26:17.082+0000] {logging_mixin.py:190} INFO - [2025-10-02T21:26:17.082+0000] {dag.py:4180} INFO - Setting next_dagrun for example_branch_datetime_operator_2 to 2025-10-01 00:00:00+00:00, run_after=2025-10-02 00:00:00+00:00
[2025-10-02T21:26:17.085+0000] {logging_mixin.py:190} INFO - [2025-10-02T21:26:17.085+0000] {dag.py:4180} INFO - Setting next_dagrun for example_branch_datetime_operator_3 to 2025-10-01 00:00:00+00:00, run_after=2025-10-02 00:00:00+00:00
[2025-10-02T21:26:17.103+0000] {processor.py:208} INFO - Processing /home/airflow/.local/lib/python3.12/site-packages/airflow/example_dags/example_branch_datetime_operator.py took 0.106 seconds
[2025-10-02T21:26:47.858+0000] {processor.py:186} INFO - Started process (PID=207) to work on /home/airflow/.local/lib/python3.12/site-packages/airflow/example_dags/example_branch_datetime_operator.py
[2025-10-02T21:26:47.860+0000] {processor.py:914} INFO - Processing file /home/airflow/.local/lib/python3.12/site-packages/airflow/example_dags/example_branch_datetime_operator.py for tasks to queue
[2025-10-02T21:26:47.863+0000] {logging_mixin.py:190} INFO - [2025-10-02T21:26:47.862+0000] {dagbag.py:588} INFO - Filling up the DagBag from /home/airflow/.local/lib/python3.12/site-packages/airflow/example_dags/example_branch_datetime_operator.py
[2025-10-02T21:26:47.880+0000] {processor.py:925} INFO - DAG(s) 'example_branch_datetime_operator_2', 'example_branch_datetime_operator', 'example_branch_datetime_operator_3' retrieved from /home/airflow/.local/lib/python3.12/site-packages/airflow/example_dags/example_branch_datetime_operator.py
[2025-10-02T21:26:47.909+0000] {logging_mixin.py:190} INFO - [2025-10-02T21:26:47.909+0000] {dag.py:3239} INFO - Sync 3 DAGs
[2025-10-02T21:26:47.939+0000] {logging_mixin.py:190} INFO - [2025-10-02T21:26:47.938+0000] {dag.py:4180} INFO - Setting next_dagrun for example_branch_datetime_operator to 2025-10-01 00:00:00+00:00, run_after=2025-10-02 00:00:00+00:00
[2025-10-02T21:26:47.944+0000] {logging_mixin.py:190} INFO - [2025-10-02T21:26:47.944+0000] {dag.py:4180} INFO - Setting next_dagrun for example_branch_datetime_operator_2 to 2025-10-01 00:00:00+00:00, run_after=2025-10-02 00:00:00+00:00
[2025-10-02T21:26:47.947+0000] {logging_mixin.py:190} INFO - [2025-10-02T21:26:47.947+0000] {dag.py:4180} INFO - Setting next_dagrun for example_branch_datetime_operator_3 to 2025-10-01 00:00:00+00:00, run_after=2025-10-02 00:00:00+00:00
[2025-10-02T21:26:47.964+0000] {processor.py:208} INFO - Processing /home/airflow/.local/lib/python3.12/site-packages/airflow/example_dags/example_branch_datetime_operator.py took 0.113 seconds
[2025-10-02T21:27:18.450+0000] {processor.py:186} INFO - Started process (PID=270) to work on /home/airflow/.local/lib/python3.12/site-packages/airflow/example_dags/example_branch_datetime_operator.py
[2025-10-02T21:27:18.451+0000] {processor.py:914} INFO - Processing file /home/airflow/.local/lib/python3.12/site-packages/airflow/example_dags/example_branch_datetime_operator.py for tasks to queue
[2025-10-02T21:27:18.453+0000] {logging_mixin.py:190} INFO - [2025-10-02T21:27:18.453+0000] {dagbag.py:588} INFO - Filling up the DagBag from /home/airflow/.local/lib/python3.12/site-packages/airflow/example_dags/example_branch_datetime_operator.py
[2025-10-02T21:27:18.465+0000] {processor.py:925} INFO - DAG(s) 'example_branch_datetime_operator', 'example_branch_datetime_operator_2', 'example_branch_datetime_operator_3' retrieved from /home/airflow/.local/lib/python3.12/site-packages/airflow/example_dags/example_branch_datetime_operator.py
[2025-10-02T21:27:18.491+0000] {logging_mixin.py:190} INFO - [2025-10-02T21:27:18.491+0000] {dag.py:3239} INFO - Sync 3 DAGs
[2025-10-02T21:27:18.515+0000] {logging_mixin.py:190} INFO - [2025-10-02T21:27:18.515+0000] {dag.py:4180} INFO - Setting next_dagrun for example_branch_datetime_operator to 2025-10-01 00:00:00+00:00, run_after=2025-10-02 00:00:00+00:00
[2025-10-02T21:27:18.520+0000] {logging_mixin.py:190} INFO - [2025-10-02T21:27:18.520+0000] {dag.py:4180} INFO - Setting next_dagrun for example_branch_datetime_operator_2 to 2025-10-01 00:00:00+00:00, run_after=2025-10-02 00:00:00+00:00
[2025-10-02T21:27:18.522+0000] {logging_mixin.py:190} INFO - [2025-10-02T21:27:18.522+0000] {dag.py:4180} INFO - Setting next_dagrun for example_branch_datetime_operator_3 to 2025-10-01 00:00:00+00:00, run_after=2025-10-02 00:00:00+00:00
[2025-10-02T21:27:18.537+0000] {processor.py:208} INFO - Processing /home/airflow/.local/lib/python3.12/site-packages/airflow/example_dags/example_branch_datetime_operator.py took 0.093 seconds
[2025-10-02T21:27:48.836+0000] {processor.py:186} INFO - Started process (PID=332) to work on /home/airflow/.local/lib/python3.12/site-packages/airflow/example_dags/example_branch_datetime_operator.py
[2025-10-02T21:27:48.837+0000] {processor.py:914} INFO - Processing file /home/airflow/.local/lib/python3.12/site-packages/airflow/example_dags/example_branch_datetime_operator.py for tasks to queue
[2025-10-02T21:27:48.839+0000] {logging_mixin.py:190} INFO - [2025-10-02T21:27:48.839+0000] {dagbag.py:588} INFO - Filling up the DagBag from /home/airflow/.local/lib/python3.12/site-packages/airflow/example_dags/example_branch_datetime_operator.py
[2025-10-02T21:27:48.851+0000] {processor.py:925} INFO - DAG(s) 'example_branch_datetime_operator_2', 'example_branch_datetime_operator', 'example_branch_datetime_operator_3' retrieved from /home/airflow/.local/lib/python3.12/site-packages/airflow/example_dags/example_branch_datetime_operator.py
[2025-10-02T21:27:48.875+0000] {logging_mixin.py:190} INFO - [2025-10-02T21:27:48.875+0000] {dag.py:3239} INFO - Sync 3 DAGs
[2025-10-02T21:27:48.900+0000] {logging_mixin.py:190} INFO - [2025-10-02T21:27:48.900+0000] {dag.py:4180} INFO - Setting next_dagrun for example_branch_datetime_operator to 2025-10-01 00:00:00+00:00, run_after=2025-10-02 00:00:00+00:00
[2025-10-02T21:27:48.904+0000] {logging_mixin.py:190} INFO - [2025-10-02T21:27:48.904+0000] {dag.py:4180} INFO - Setting next_dagrun for example_branch_datetime_operator_2 to 2025-10-01 00:00:00+00:00, run_after=2025-10-02 00:00:00+00:00
[2025-10-02T21:27:48.906+0000] {logging_mixin.py:190} INFO - [2025-10-02T21:27:48.906+0000] {dag.py:4180} INFO - Setting next_dagrun for example_branch_datetime_operator_3 to 2025-10-01 00:00:00+00:00, run_after=2025-10-02 00:00:00+00:00
[2025-10-02T21:27:48.921+0000] {processor.py:208} INFO - Processing /home/airflow/.local/lib/python3.12/site-packages/airflow/example_dags/example_branch_datetime_operator.py took 0.091 seconds
[2025-10-02T21:28:19.722+0000] {processor.py:186} INFO - Started process (PID=396) to work on /home/airflow/.local/lib/python3.12/site-packages/airflow/example_dags/example_branch_datetime_operator.py
[2025-10-02T21:28:19.723+0000] {processor.py:914} INFO - Processing file /home/airflow/.local/lib/python3.12/site-packages/airflow/example_dags/example_branch_datetime_operator.py for tasks to queue
[2025-10-02T21:28:19.726+0000] {logging_mixin.py:190} INFO - [2025-10-02T21:28:19.726+0000] {dagbag.py:588} INFO - Filling up the DagBag from /home/airflow/.local/lib/python3.12/site-packages/airflow/example_dags/example_branch_datetime_operator.py
[2025-10-02T21:28:19.740+0000] {processor.py:925} INFO - DAG(s) 'example_branch_datetime_operator', 'example_branch_datetime_operator_3', 'example_branch_datetime_operator_2' retrieved from /home/airflow/.local/lib/python3.12/site-packages/airflow/example_dags/example_branch_datetime_operator.py
[2025-10-02T21:28:19.768+0000] {logging_mixin.py:190} INFO - [2025-10-02T21:28:19.768+0000] {dag.py:3239} INFO - Sync 3 DAGs
[2025-10-02T21:28:19.795+0000] {logging_mixin.py:190} INFO - [2025-10-02T21:28:19.795+0000] {dag.py:4180} INFO - Setting next_dagrun for example_branch_datetime_operator to 2025-10-01 00:00:00+00:00, run_after=2025-10-02 00:00:00+00:00
[2025-10-02T21:28:19.800+0000] {logging_mixin.py:190} INFO - [2025-10-02T21:28:19.800+0000] {dag.py:4180} INFO - Setting next_dagrun for example_branch_datetime_operator_2 to 2025-10-01 00:00:00+00:00, run_after=2025-10-02 00:00:00+00:00
[2025-10-02T21:28:19.802+0000] {logging_mixin.py:190} INFO - [2025-10-02T21:28:19.802+0000] {dag.py:4180} INFO - Setting next_dagrun for example_branch_datetime_operator_3 to 2025-10-01 00:00:00+00:00, run_after=2025-10-02 00:00:00+00:00
[2025-10-02T21:28:19.818+0000] {processor.py:208} INFO - Processing /home/airflow/.local/lib/python3.12/site-packages/airflow/example_dags/example_branch_datetime_operator.py took 0.103 seconds
[2025-10-02T21:30:02.250+0000] {processor.py:186} INFO - Started process (PID=85) to work on /home/airflow/.local/lib/python3.12/site-packages/airflow/example_dags/example_branch_datetime_operator.py
[2025-10-02T21:30:02.252+0000] {processor.py:914} INFO - Processing file /home/airflow/.local/lib/python3.12/site-packages/airflow/example_dags/example_branch_datetime_operator.py for tasks to queue
[2025-10-02T21:30:02.255+0000] {logging_mixin.py:190} INFO - [2025-10-02T21:30:02.255+0000] {dagbag.py:588} INFO - Filling up the DagBag from /home/airflow/.local/lib/python3.12/site-packages/airflow/example_dags/example_branch_datetime_operator.py
[2025-10-02T21:30:02.272+0000] {processor.py:925} INFO - DAG(s) 'example_branch_datetime_operator_2', 'example_branch_datetime_operator', 'example_branch_datetime_operator_3' retrieved from /home/airflow/.local/lib/python3.12/site-packages/airflow/example_dags/example_branch_datetime_operator.py
[2025-10-02T21:30:02.309+0000] {logging_mixin.py:190} INFO - [2025-10-02T21:30:02.309+0000] {dag.py:3239} INFO - Sync 3 DAGs
[2025-10-02T21:30:02.345+0000] {logging_mixin.py:190} INFO - [2025-10-02T21:30:02.345+0000] {dag.py:4180} INFO - Setting next_dagrun for example_branch_datetime_operator to 2025-10-01 00:00:00+00:00, run_after=2025-10-02 00:00:00+00:00
[2025-10-02T21:30:02.351+0000] {logging_mixin.py:190} INFO - [2025-10-02T21:30:02.351+0000] {dag.py:4180} INFO - Setting next_dagrun for example_branch_datetime_operator_2 to 2025-10-01 00:00:00+00:00, run_after=2025-10-02 00:00:00+00:00
[2025-10-02T21:30:02.357+0000] {logging_mixin.py:190} INFO - [2025-10-02T21:30:02.356+0000] {dag.py:4180} INFO - Setting next_dagrun for example_branch_datetime_operator_3 to 2025-10-01 00:00:00+00:00, run_after=2025-10-02 00:00:00+00:00
[2025-10-02T21:30:02.375+0000] {processor.py:208} INFO - Processing /home/airflow/.local/lib/python3.12/site-packages/airflow/example_dags/example_branch_datetime_operator.py took 0.133 seconds
[2025-10-02T21:30:32.812+0000] {processor.py:186} INFO - Started process (PID=148) to work on /home/airflow/.local/lib/python3.12/site-packages/airflow/example_dags/example_branch_datetime_operator.py
[2025-10-02T21:30:32.814+0000] {processor.py:914} INFO - Processing file /home/airflow/.local/lib/python3.12/site-packages/airflow/example_dags/example_branch_datetime_operator.py for tasks to queue
[2025-10-02T21:30:32.817+0000] {logging_mixin.py:190} INFO - [2025-10-02T21:30:32.817+0000] {dagbag.py:588} INFO - Filling up the DagBag from /home/airflow/.local/lib/python3.12/site-packages/airflow/example_dags/example_branch_datetime_operator.py
[2025-10-02T21:30:32.831+0000] {processor.py:925} INFO - DAG(s) 'example_branch_datetime_operator_3', 'example_branch_datetime_operator_2', 'example_branch_datetime_operator' retrieved from /home/airflow/.local/lib/python3.12/site-packages/airflow/example_dags/example_branch_datetime_operator.py
[2025-10-02T21:30:32.857+0000] {logging_mixin.py:190} INFO - [2025-10-02T21:30:32.857+0000] {dag.py:3239} INFO - Sync 3 DAGs
[2025-10-02T21:30:32.880+0000] {logging_mixin.py:190} INFO - [2025-10-02T21:30:32.880+0000] {dag.py:4180} INFO - Setting next_dagrun for example_branch_datetime_operator to 2025-10-01 00:00:00+00:00, run_after=2025-10-02 00:00:00+00:00
[2025-10-02T21:30:32.884+0000] {logging_mixin.py:190} INFO - [2025-10-02T21:30:32.884+0000] {dag.py:4180} INFO - Setting next_dagrun for example_branch_datetime_operator_2 to 2025-10-01 00:00:00+00:00, run_after=2025-10-02 00:00:00+00:00
[2025-10-02T21:30:32.886+0000] {logging_mixin.py:190} INFO - [2025-10-02T21:30:32.886+0000] {dag.py:4180} INFO - Setting next_dagrun for example_branch_datetime_operator_3 to 2025-10-01 00:00:00+00:00, run_after=2025-10-02 00:00:00+00:00
[2025-10-02T21:30:32.899+0000] {processor.py:208} INFO - Processing /home/airflow/.local/lib/python3.12/site-packages/airflow/example_dags/example_branch_datetime_operator.py took 0.095 seconds
[2025-10-02T21:31:03.679+0000] {processor.py:186} INFO - Started process (PID=210) to work on /home/airflow/.local/lib/python3.12/site-packages/airflow/example_dags/example_branch_datetime_operator.py
[2025-10-02T21:31:03.680+0000] {processor.py:914} INFO - Processing file /home/airflow/.local/lib/python3.12/site-packages/airflow/example_dags/example_branch_datetime_operator.py for tasks to queue
[2025-10-02T21:31:03.682+0000] {logging_mixin.py:190} INFO - [2025-10-02T21:31:03.681+0000] {dagbag.py:588} INFO - Filling up the DagBag from /home/airflow/.local/lib/python3.12/site-packages/airflow/example_dags/example_branch_datetime_operator.py
[2025-10-02T21:31:03.697+0000] {processor.py:925} INFO - DAG(s) 'example_branch_datetime_operator_2', 'example_branch_datetime_operator_3', 'example_branch_datetime_operator' retrieved from /home/airflow/.local/lib/python3.12/site-packages/airflow/example_dags/example_branch_datetime_operator.py
[2025-10-02T21:31:03.731+0000] {logging_mixin.py:190} INFO - [2025-10-02T21:31:03.731+0000] {dag.py:3239} INFO - Sync 3 DAGs
[2025-10-02T21:31:03.765+0000] {logging_mixin.py:190} INFO - [2025-10-02T21:31:03.764+0000] {dag.py:4180} INFO - Setting next_dagrun for example_branch_datetime_operator to 2025-10-01 00:00:00+00:00, run_after=2025-10-02 00:00:00+00:00
[2025-10-02T21:31:03.771+0000] {logging_mixin.py:190} INFO - [2025-10-02T21:31:03.771+0000] {dag.py:4180} INFO - Setting next_dagrun for example_branch_datetime_operator_2 to 2025-10-01 00:00:00+00:00, run_after=2025-10-02 00:00:00+00:00
[2025-10-02T21:31:03.774+0000] {logging_mixin.py:190} INFO - [2025-10-02T21:31:03.774+0000] {dag.py:4180} INFO - Setting next_dagrun for example_branch_datetime_operator_3 to 2025-10-01 00:00:00+00:00, run_after=2025-10-02 00:00:00+00:00
[2025-10-02T21:31:03.789+0000] {processor.py:208} INFO - Processing /home/airflow/.local/lib/python3.12/site-packages/airflow/example_dags/example_branch_datetime_operator.py took 0.117 seconds
[2025-10-02T21:31:34.705+0000] {processor.py:186} INFO - Started process (PID=274) to work on /home/airflow/.local/lib/python3.12/site-packages/airflow/example_dags/example_branch_datetime_operator.py
[2025-10-02T21:31:34.706+0000] {processor.py:914} INFO - Processing file /home/airflow/.local/lib/python3.12/site-packages/airflow/example_dags/example_branch_datetime_operator.py for tasks to queue
[2025-10-02T21:31:34.708+0000] {logging_mixin.py:190} INFO - [2025-10-02T21:31:34.708+0000] {dagbag.py:588} INFO - Filling up the DagBag from /home/airflow/.local/lib/python3.12/site-packages/airflow/example_dags/example_branch_datetime_operator.py
[2025-10-02T21:31:34.722+0000] {processor.py:925} INFO - DAG(s) 'example_branch_datetime_operator', 'example_branch_datetime_operator_2', 'example_branch_datetime_operator_3' retrieved from /home/airflow/.local/lib/python3.12/site-packages/airflow/example_dags/example_branch_datetime_operator.py
[2025-10-02T21:31:34.748+0000] {logging_mixin.py:190} INFO - [2025-10-02T21:31:34.748+0000] {dag.py:3239} INFO - Sync 3 DAGs
[2025-10-02T21:31:34.777+0000] {logging_mixin.py:190} INFO - [2025-10-02T21:31:34.777+0000] {dag.py:4180} INFO - Setting next_dagrun for example_branch_datetime_operator to 2025-10-01 00:00:00+00:00, run_after=2025-10-02 00:00:00+00:00
[2025-10-02T21:31:34.783+0000] {logging_mixin.py:190} INFO - [2025-10-02T21:31:34.782+0000] {dag.py:4180} INFO - Setting next_dagrun for example_branch_datetime_operator_2 to 2025-10-01 00:00:00+00:00, run_after=2025-10-02 00:00:00+00:00
[2025-10-02T21:31:34.786+0000] {logging_mixin.py:190} INFO - [2025-10-02T21:31:34.785+0000] {dag.py:4180} INFO - Setting next_dagrun for example_branch_datetime_operator_3 to 2025-10-01 00:00:00+00:00, run_after=2025-10-02 00:00:00+00:00
[2025-10-02T21:31:34.803+0000] {processor.py:208} INFO - Processing /home/airflow/.local/lib/python3.12/site-packages/airflow/example_dags/example_branch_datetime_operator.py took 0.107 seconds
[2025-10-02T21:32:51.952+0000] {processor.py:186} INFO - Started process (PID=83) to work on /home/airflow/.local/lib/python3.12/site-packages/airflow/example_dags/example_branch_datetime_operator.py
[2025-10-02T21:32:51.955+0000] {processor.py:914} INFO - Processing file /home/airflow/.local/lib/python3.12/site-packages/airflow/example_dags/example_branch_datetime_operator.py for tasks to queue
[2025-10-02T21:32:51.961+0000] {logging_mixin.py:190} INFO - [2025-10-02T21:32:51.959+0000] {dagbag.py:588} INFO - Filling up the DagBag from /home/airflow/.local/lib/python3.12/site-packages/airflow/example_dags/example_branch_datetime_operator.py
[2025-10-02T21:32:52.001+0000] {processor.py:925} INFO - DAG(s) 'example_branch_datetime_operator', 'example_branch_datetime_operator_2', 'example_branch_datetime_operator_3' retrieved from /home/airflow/.local/lib/python3.12/site-packages/airflow/example_dags/example_branch_datetime_operator.py
[2025-10-02T21:32:52.056+0000] {logging_mixin.py:190} INFO - [2025-10-02T21:32:52.055+0000] {dag.py:3239} INFO - Sync 3 DAGs
[2025-10-02T21:32:52.151+0000] {logging_mixin.py:190} INFO - [2025-10-02T21:32:52.150+0000] {dag.py:4180} INFO - Setting next_dagrun for example_branch_datetime_operator to 2025-10-01 00:00:00+00:00, run_after=2025-10-02 00:00:00+00:00
[2025-10-02T21:32:52.184+0000] {logging_mixin.py:190} INFO - [2025-10-02T21:32:52.180+0000] {dag.py:4180} INFO - Setting next_dagrun for example_branch_datetime_operator_2 to 2025-10-01 00:00:00+00:00, run_after=2025-10-02 00:00:00+00:00
[2025-10-02T21:32:52.194+0000] {logging_mixin.py:190} INFO - [2025-10-02T21:32:52.194+0000] {dag.py:4180} INFO - Setting next_dagrun for example_branch_datetime_operator_3 to 2025-10-01 00:00:00+00:00, run_after=2025-10-02 00:00:00+00:00
[2025-10-02T21:32:52.252+0000] {processor.py:208} INFO - Processing /home/airflow/.local/lib/python3.12/site-packages/airflow/example_dags/example_branch_datetime_operator.py took 0.314 seconds
[2025-10-02T21:33:23.069+0000] {processor.py:186} INFO - Started process (PID=146) to work on /home/airflow/.local/lib/python3.12/site-packages/airflow/example_dags/example_branch_datetime_operator.py
[2025-10-02T21:33:23.070+0000] {processor.py:914} INFO - Processing file /home/airflow/.local/lib/python3.12/site-packages/airflow/example_dags/example_branch_datetime_operator.py for tasks to queue
[2025-10-02T21:33:23.073+0000] {logging_mixin.py:190} INFO - [2025-10-02T21:33:23.073+0000] {dagbag.py:588} INFO - Filling up the DagBag from /home/airflow/.local/lib/python3.12/site-packages/airflow/example_dags/example_branch_datetime_operator.py
[2025-10-02T21:33:23.085+0000] {processor.py:925} INFO - DAG(s) 'example_branch_datetime_operator', 'example_branch_datetime_operator_2', 'example_branch_datetime_operator_3' retrieved from /home/airflow/.local/lib/python3.12/site-packages/airflow/example_dags/example_branch_datetime_operator.py
[2025-10-02T21:33:23.112+0000] {logging_mixin.py:190} INFO - [2025-10-02T21:33:23.112+0000] {dag.py:3239} INFO - Sync 3 DAGs
[2025-10-02T21:33:23.139+0000] {logging_mixin.py:190} INFO - [2025-10-02T21:33:23.139+0000] {dag.py:4180} INFO - Setting next_dagrun for example_branch_datetime_operator to 2025-10-01 00:00:00+00:00, run_after=2025-10-02 00:00:00+00:00
[2025-10-02T21:33:23.146+0000] {logging_mixin.py:190} INFO - [2025-10-02T21:33:23.146+0000] {dag.py:4180} INFO - Setting next_dagrun for example_branch_datetime_operator_2 to 2025-10-01 00:00:00+00:00, run_after=2025-10-02 00:00:00+00:00
[2025-10-02T21:33:23.149+0000] {logging_mixin.py:190} INFO - [2025-10-02T21:33:23.149+0000] {dag.py:4180} INFO - Setting next_dagrun for example_branch_datetime_operator_3 to 2025-10-01 00:00:00+00:00, run_after=2025-10-02 00:00:00+00:00
[2025-10-02T21:33:23.165+0000] {processor.py:208} INFO - Processing /home/airflow/.local/lib/python3.12/site-packages/airflow/example_dags/example_branch_datetime_operator.py took 0.101 seconds
[2025-10-02T21:33:53.256+0000] {processor.py:186} INFO - Started process (PID=209) to work on /home/airflow/.local/lib/python3.12/site-packages/airflow/example_dags/example_branch_datetime_operator.py
[2025-10-02T21:33:53.257+0000] {processor.py:914} INFO - Processing file /home/airflow/.local/lib/python3.12/site-packages/airflow/example_dags/example_branch_datetime_operator.py for tasks to queue
[2025-10-02T21:33:53.260+0000] {logging_mixin.py:190} INFO - [2025-10-02T21:33:53.259+0000] {dagbag.py:588} INFO - Filling up the DagBag from /home/airflow/.local/lib/python3.12/site-packages/airflow/example_dags/example_branch_datetime_operator.py
[2025-10-02T21:33:53.273+0000] {processor.py:925} INFO - DAG(s) 'example_branch_datetime_operator', 'example_branch_datetime_operator_3', 'example_branch_datetime_operator_2' retrieved from /home/airflow/.local/lib/python3.12/site-packages/airflow/example_dags/example_branch_datetime_operator.py
[2025-10-02T21:33:53.305+0000] {logging_mixin.py:190} INFO - [2025-10-02T21:33:53.305+0000] {dag.py:3239} INFO - Sync 3 DAGs
[2025-10-02T21:33:53.343+0000] {logging_mixin.py:190} INFO - [2025-10-02T21:33:53.342+0000] {dag.py:4180} INFO - Setting next_dagrun for example_branch_datetime_operator to 2025-10-01 00:00:00+00:00, run_after=2025-10-02 00:00:00+00:00
[2025-10-02T21:33:53.349+0000] {logging_mixin.py:190} INFO - [2025-10-02T21:33:53.349+0000] {dag.py:4180} INFO - Setting next_dagrun for example_branch_datetime_operator_2 to 2025-10-01 00:00:00+00:00, run_after=2025-10-02 00:00:00+00:00
[2025-10-02T21:33:53.352+0000] {logging_mixin.py:190} INFO - [2025-10-02T21:33:53.352+0000] {dag.py:4180} INFO - Setting next_dagrun for example_branch_datetime_operator_3 to 2025-10-01 00:00:00+00:00, run_after=2025-10-02 00:00:00+00:00
[2025-10-02T21:33:53.372+0000] {processor.py:208} INFO - Processing /home/airflow/.local/lib/python3.12/site-packages/airflow/example_dags/example_branch_datetime_operator.py took 0.124 seconds
[2025-10-02T21:34:23.866+0000] {processor.py:186} INFO - Started process (PID=272) to work on /home/airflow/.local/lib/python3.12/site-packages/airflow/example_dags/example_branch_datetime_operator.py
[2025-10-02T21:34:23.868+0000] {processor.py:914} INFO - Processing file /home/airflow/.local/lib/python3.12/site-packages/airflow/example_dags/example_branch_datetime_operator.py for tasks to queue
[2025-10-02T21:34:23.870+0000] {logging_mixin.py:190} INFO - [2025-10-02T21:34:23.870+0000] {dagbag.py:588} INFO - Filling up the DagBag from /home/airflow/.local/lib/python3.12/site-packages/airflow/example_dags/example_branch_datetime_operator.py
[2025-10-02T21:34:23.884+0000] {processor.py:925} INFO - DAG(s) 'example_branch_datetime_operator', 'example_branch_datetime_operator_2', 'example_branch_datetime_operator_3' retrieved from /home/airflow/.local/lib/python3.12/site-packages/airflow/example_dags/example_branch_datetime_operator.py
[2025-10-02T21:34:23.911+0000] {logging_mixin.py:190} INFO - [2025-10-02T21:34:23.910+0000] {dag.py:3239} INFO - Sync 3 DAGs
[2025-10-02T21:34:23.937+0000] {logging_mixin.py:190} INFO - [2025-10-02T21:34:23.937+0000] {dag.py:4180} INFO - Setting next_dagrun for example_branch_datetime_operator to 2025-10-01 00:00:00+00:00, run_after=2025-10-02 00:00:00+00:00
[2025-10-02T21:34:23.943+0000] {logging_mixin.py:190} INFO - [2025-10-02T21:34:23.942+0000] {dag.py:4180} INFO - Setting next_dagrun for example_branch_datetime_operator_2 to 2025-10-01 00:00:00+00:00, run_after=2025-10-02 00:00:00+00:00
[2025-10-02T21:34:23.945+0000] {logging_mixin.py:190} INFO - [2025-10-02T21:34:23.945+0000] {dag.py:4180} INFO - Setting next_dagrun for example_branch_datetime_operator_3 to 2025-10-01 00:00:00+00:00, run_after=2025-10-02 00:00:00+00:00
[2025-10-02T21:34:23.961+0000] {processor.py:208} INFO - Processing /home/airflow/.local/lib/python3.12/site-packages/airflow/example_dags/example_branch_datetime_operator.py took 0.101 seconds
[2025-10-02T21:34:54.497+0000] {processor.py:186} INFO - Started process (PID=336) to work on /home/airflow/.local/lib/python3.12/site-packages/airflow/example_dags/example_branch_datetime_operator.py
[2025-10-02T21:34:54.498+0000] {processor.py:914} INFO - Processing file /home/airflow/.local/lib/python3.12/site-packages/airflow/example_dags/example_branch_datetime_operator.py for tasks to queue
[2025-10-02T21:34:54.501+0000] {logging_mixin.py:190} INFO - [2025-10-02T21:34:54.500+0000] {dagbag.py:588} INFO - Filling up the DagBag from /home/airflow/.local/lib/python3.12/site-packages/airflow/example_dags/example_branch_datetime_operator.py
[2025-10-02T21:34:54.515+0000] {processor.py:925} INFO - DAG(s) 'example_branch_datetime_operator_3', 'example_branch_datetime_operator_2', 'example_branch_datetime_operator' retrieved from /home/airflow/.local/lib/python3.12/site-packages/airflow/example_dags/example_branch_datetime_operator.py
[2025-10-02T21:34:54.544+0000] {logging_mixin.py:190} INFO - [2025-10-02T21:34:54.544+0000] {dag.py:3239} INFO - Sync 3 DAGs
[2025-10-02T21:34:54.573+0000] {logging_mixin.py:190} INFO - [2025-10-02T21:34:54.572+0000] {dag.py:4180} INFO - Setting next_dagrun for example_branch_datetime_operator to 2025-10-01 00:00:00+00:00, run_after=2025-10-02 00:00:00+00:00
[2025-10-02T21:34:54.578+0000] {logging_mixin.py:190} INFO - [2025-10-02T21:34:54.578+0000] {dag.py:4180} INFO - Setting next_dagrun for example_branch_datetime_operator_2 to 2025-10-01 00:00:00+00:00, run_after=2025-10-02 00:00:00+00:00
[2025-10-02T21:34:54.581+0000] {logging_mixin.py:190} INFO - [2025-10-02T21:34:54.581+0000] {dag.py:4180} INFO - Setting next_dagrun for example_branch_datetime_operator_3 to 2025-10-01 00:00:00+00:00, run_after=2025-10-02 00:00:00+00:00
[2025-10-02T21:34:54.597+0000] {processor.py:208} INFO - Processing /home/airflow/.local/lib/python3.12/site-packages/airflow/example_dags/example_branch_datetime_operator.py took 0.107 seconds
[2025-10-02T21:35:24.868+0000] {processor.py:186} INFO - Started process (PID=399) to work on /home/airflow/.local/lib/python3.12/site-packages/airflow/example_dags/example_branch_datetime_operator.py
[2025-10-02T21:35:24.869+0000] {processor.py:914} INFO - Processing file /home/airflow/.local/lib/python3.12/site-packages/airflow/example_dags/example_branch_datetime_operator.py for tasks to queue
[2025-10-02T21:35:24.872+0000] {logging_mixin.py:190} INFO - [2025-10-02T21:35:24.871+0000] {dagbag.py:588} INFO - Filling up the DagBag from /home/airflow/.local/lib/python3.12/site-packages/airflow/example_dags/example_branch_datetime_operator.py
[2025-10-02T21:35:24.886+0000] {processor.py:925} INFO - DAG(s) 'example_branch_datetime_operator_3', 'example_branch_datetime_operator', 'example_branch_datetime_operator_2' retrieved from /home/airflow/.local/lib/python3.12/site-packages/airflow/example_dags/example_branch_datetime_operator.py
[2025-10-02T21:35:24.916+0000] {logging_mixin.py:190} INFO - [2025-10-02T21:35:24.916+0000] {dag.py:3239} INFO - Sync 3 DAGs
[2025-10-02T21:35:24.943+0000] {logging_mixin.py:190} INFO - [2025-10-02T21:35:24.943+0000] {dag.py:4180} INFO - Setting next_dagrun for example_branch_datetime_operator to 2025-10-01 00:00:00+00:00, run_after=2025-10-02 00:00:00+00:00
[2025-10-02T21:35:24.949+0000] {logging_mixin.py:190} INFO - [2025-10-02T21:35:24.948+0000] {dag.py:4180} INFO - Setting next_dagrun for example_branch_datetime_operator_2 to 2025-10-01 00:00:00+00:00, run_after=2025-10-02 00:00:00+00:00
[2025-10-02T21:35:24.951+0000] {logging_mixin.py:190} INFO - [2025-10-02T21:35:24.951+0000] {dag.py:4180} INFO - Setting next_dagrun for example_branch_datetime_operator_3 to 2025-10-01 00:00:00+00:00, run_after=2025-10-02 00:00:00+00:00
[2025-10-02T21:35:24.968+0000] {processor.py:208} INFO - Processing /home/airflow/.local/lib/python3.12/site-packages/airflow/example_dags/example_branch_datetime_operator.py took 0.107 seconds
[2025-10-02T21:35:56.029+0000] {processor.py:186} INFO - Started process (PID=462) to work on /home/airflow/.local/lib/python3.12/site-packages/airflow/example_dags/example_branch_datetime_operator.py
[2025-10-02T21:35:56.033+0000] {processor.py:914} INFO - Processing file /home/airflow/.local/lib/python3.12/site-packages/airflow/example_dags/example_branch_datetime_operator.py for tasks to queue
[2025-10-02T21:35:56.044+0000] {logging_mixin.py:190} INFO - [2025-10-02T21:35:56.043+0000] {dagbag.py:588} INFO - Filling up the DagBag from /home/airflow/.local/lib/python3.12/site-packages/airflow/example_dags/example_branch_datetime_operator.py
[2025-10-02T21:35:56.086+0000] {processor.py:925} INFO - DAG(s) 'example_branch_datetime_operator_3', 'example_branch_datetime_operator_2', 'example_branch_datetime_operator' retrieved from /home/airflow/.local/lib/python3.12/site-packages/airflow/example_dags/example_branch_datetime_operator.py
[2025-10-02T21:35:56.191+0000] {logging_mixin.py:190} INFO - [2025-10-02T21:35:56.190+0000] {dag.py:3239} INFO - Sync 3 DAGs
[2025-10-02T21:35:56.238+0000] {logging_mixin.py:190} INFO - [2025-10-02T21:35:56.238+0000] {dag.py:4180} INFO - Setting next_dagrun for example_branch_datetime_operator to 2025-10-01 00:00:00+00:00, run_after=2025-10-02 00:00:00+00:00
[2025-10-02T21:35:56.248+0000] {logging_mixin.py:190} INFO - [2025-10-02T21:35:56.248+0000] {dag.py:4180} INFO - Setting next_dagrun for example_branch_datetime_operator_2 to 2025-10-01 00:00:00+00:00, run_after=2025-10-02 00:00:00+00:00
[2025-10-02T21:35:56.257+0000] {logging_mixin.py:190} INFO - [2025-10-02T21:35:56.256+0000] {dag.py:4180} INFO - Setting next_dagrun for example_branch_datetime_operator_3 to 2025-10-01 00:00:00+00:00, run_after=2025-10-02 00:00:00+00:00
[2025-10-02T21:35:56.292+0000] {processor.py:208} INFO - Processing /home/airflow/.local/lib/python3.12/site-packages/airflow/example_dags/example_branch_datetime_operator.py took 0.273 seconds
[2025-10-02T21:36:27.169+0000] {processor.py:186} INFO - Started process (PID=525) to work on /home/airflow/.local/lib/python3.12/site-packages/airflow/example_dags/example_branch_datetime_operator.py
[2025-10-02T21:36:27.170+0000] {processor.py:914} INFO - Processing file /home/airflow/.local/lib/python3.12/site-packages/airflow/example_dags/example_branch_datetime_operator.py for tasks to queue
[2025-10-02T21:36:27.173+0000] {logging_mixin.py:190} INFO - [2025-10-02T21:36:27.173+0000] {dagbag.py:588} INFO - Filling up the DagBag from /home/airflow/.local/lib/python3.12/site-packages/airflow/example_dags/example_branch_datetime_operator.py
[2025-10-02T21:36:27.192+0000] {processor.py:925} INFO - DAG(s) 'example_branch_datetime_operator_3', 'example_branch_datetime_operator_2', 'example_branch_datetime_operator' retrieved from /home/airflow/.local/lib/python3.12/site-packages/airflow/example_dags/example_branch_datetime_operator.py
[2025-10-02T21:36:27.227+0000] {logging_mixin.py:190} INFO - [2025-10-02T21:36:27.227+0000] {dag.py:3239} INFO - Sync 3 DAGs
[2025-10-02T21:36:27.260+0000] {logging_mixin.py:190} INFO - [2025-10-02T21:36:27.259+0000] {dag.py:4180} INFO - Setting next_dagrun for example_branch_datetime_operator to 2025-10-01 00:00:00+00:00, run_after=2025-10-02 00:00:00+00:00
[2025-10-02T21:36:27.267+0000] {logging_mixin.py:190} INFO - [2025-10-02T21:36:27.267+0000] {dag.py:4180} INFO - Setting next_dagrun for example_branch_datetime_operator_2 to 2025-10-01 00:00:00+00:00, run_after=2025-10-02 00:00:00+00:00
[2025-10-02T21:36:27.270+0000] {logging_mixin.py:190} INFO - [2025-10-02T21:36:27.270+0000] {dag.py:4180} INFO - Setting next_dagrun for example_branch_datetime_operator_3 to 2025-10-01 00:00:00+00:00, run_after=2025-10-02 00:00:00+00:00
[2025-10-02T21:36:27.297+0000] {processor.py:208} INFO - Processing /home/airflow/.local/lib/python3.12/site-packages/airflow/example_dags/example_branch_datetime_operator.py took 0.135 seconds
[2025-10-02T21:36:57.804+0000] {processor.py:186} INFO - Started process (PID=588) to work on /home/airflow/.local/lib/python3.12/site-packages/airflow/example_dags/example_branch_datetime_operator.py
[2025-10-02T21:36:57.806+0000] {processor.py:914} INFO - Processing file /home/airflow/.local/lib/python3.12/site-packages/airflow/example_dags/example_branch_datetime_operator.py for tasks to queue
[2025-10-02T21:36:57.808+0000] {logging_mixin.py:190} INFO - [2025-10-02T21:36:57.808+0000] {dagbag.py:588} INFO - Filling up the DagBag from /home/airflow/.local/lib/python3.12/site-packages/airflow/example_dags/example_branch_datetime_operator.py
[2025-10-02T21:36:57.821+0000] {processor.py:925} INFO - DAG(s) 'example_branch_datetime_operator', 'example_branch_datetime_operator_2', 'example_branch_datetime_operator_3' retrieved from /home/airflow/.local/lib/python3.12/site-packages/airflow/example_dags/example_branch_datetime_operator.py
[2025-10-02T21:36:57.849+0000] {logging_mixin.py:190} INFO - [2025-10-02T21:36:57.849+0000] {dag.py:3239} INFO - Sync 3 DAGs
[2025-10-02T21:36:57.877+0000] {logging_mixin.py:190} INFO - [2025-10-02T21:36:57.877+0000] {dag.py:4180} INFO - Setting next_dagrun for example_branch_datetime_operator to 2025-10-01 00:00:00+00:00, run_after=2025-10-02 00:00:00+00:00
[2025-10-02T21:36:57.882+0000] {logging_mixin.py:190} INFO - [2025-10-02T21:36:57.882+0000] {dag.py:4180} INFO - Setting next_dagrun for example_branch_datetime_operator_2 to 2025-10-01 00:00:00+00:00, run_after=2025-10-02 00:00:00+00:00
[2025-10-02T21:36:57.884+0000] {logging_mixin.py:190} INFO - [2025-10-02T21:36:57.884+0000] {dag.py:4180} INFO - Setting next_dagrun for example_branch_datetime_operator_3 to 2025-10-01 00:00:00+00:00, run_after=2025-10-02 00:00:00+00:00
[2025-10-02T21:36:57.900+0000] {processor.py:208} INFO - Processing /home/airflow/.local/lib/python3.12/site-packages/airflow/example_dags/example_branch_datetime_operator.py took 0.104 seconds
[2025-10-02T21:37:28.435+0000] {processor.py:186} INFO - Started process (PID=651) to work on /home/airflow/.local/lib/python3.12/site-packages/airflow/example_dags/example_branch_datetime_operator.py
[2025-10-02T21:37:28.436+0000] {processor.py:914} INFO - Processing file /home/airflow/.local/lib/python3.12/site-packages/airflow/example_dags/example_branch_datetime_operator.py for tasks to queue
[2025-10-02T21:37:28.438+0000] {logging_mixin.py:190} INFO - [2025-10-02T21:37:28.438+0000] {dagbag.py:588} INFO - Filling up the DagBag from /home/airflow/.local/lib/python3.12/site-packages/airflow/example_dags/example_branch_datetime_operator.py
[2025-10-02T21:37:28.450+0000] {processor.py:925} INFO - DAG(s) 'example_branch_datetime_operator_2', 'example_branch_datetime_operator', 'example_branch_datetime_operator_3' retrieved from /home/airflow/.local/lib/python3.12/site-packages/airflow/example_dags/example_branch_datetime_operator.py
[2025-10-02T21:37:28.476+0000] {logging_mixin.py:190} INFO - [2025-10-02T21:37:28.476+0000] {dag.py:3239} INFO - Sync 3 DAGs
[2025-10-02T21:37:28.501+0000] {logging_mixin.py:190} INFO - [2025-10-02T21:37:28.501+0000] {dag.py:4180} INFO - Setting next_dagrun for example_branch_datetime_operator to 2025-10-01 00:00:00+00:00, run_after=2025-10-02 00:00:00+00:00
[2025-10-02T21:37:28.506+0000] {logging_mixin.py:190} INFO - [2025-10-02T21:37:28.506+0000] {dag.py:4180} INFO - Setting next_dagrun for example_branch_datetime_operator_2 to 2025-10-01 00:00:00+00:00, run_after=2025-10-02 00:00:00+00:00
[2025-10-02T21:37:28.509+0000] {logging_mixin.py:190} INFO - [2025-10-02T21:37:28.509+0000] {dag.py:4180} INFO - Setting next_dagrun for example_branch_datetime_operator_3 to 2025-10-01 00:00:00+00:00, run_after=2025-10-02 00:00:00+00:00
[2025-10-02T21:37:28.529+0000] {processor.py:208} INFO - Processing /home/airflow/.local/lib/python3.12/site-packages/airflow/example_dags/example_branch_datetime_operator.py took 0.100 seconds
[2025-10-02T21:37:58.594+0000] {processor.py:186} INFO - Started process (PID=714) to work on /home/airflow/.local/lib/python3.12/site-packages/airflow/example_dags/example_branch_datetime_operator.py
[2025-10-02T21:37:58.595+0000] {processor.py:914} INFO - Processing file /home/airflow/.local/lib/python3.12/site-packages/airflow/example_dags/example_branch_datetime_operator.py for tasks to queue
[2025-10-02T21:37:58.597+0000] {logging_mixin.py:190} INFO - [2025-10-02T21:37:58.597+0000] {dagbag.py:588} INFO - Filling up the DagBag from /home/airflow/.local/lib/python3.12/site-packages/airflow/example_dags/example_branch_datetime_operator.py
[2025-10-02T21:37:58.609+0000] {processor.py:925} INFO - DAG(s) 'example_branch_datetime_operator_2', 'example_branch_datetime_operator_3', 'example_branch_datetime_operator' retrieved from /home/airflow/.local/lib/python3.12/site-packages/airflow/example_dags/example_branch_datetime_operator.py
[2025-10-02T21:37:58.635+0000] {logging_mixin.py:190} INFO - [2025-10-02T21:37:58.635+0000] {dag.py:3239} INFO - Sync 3 DAGs
[2025-10-02T21:37:58.669+0000] {logging_mixin.py:190} INFO - [2025-10-02T21:37:58.669+0000] {dag.py:4180} INFO - Setting next_dagrun for example_branch_datetime_operator to 2025-10-01 00:00:00+00:00, run_after=2025-10-02 00:00:00+00:00
[2025-10-02T21:37:58.675+0000] {logging_mixin.py:190} INFO - [2025-10-02T21:37:58.674+0000] {dag.py:4180} INFO - Setting next_dagrun for example_branch_datetime_operator_2 to 2025-10-01 00:00:00+00:00, run_after=2025-10-02 00:00:00+00:00
[2025-10-02T21:37:58.677+0000] {logging_mixin.py:190} INFO - [2025-10-02T21:37:58.677+0000] {dag.py:4180} INFO - Setting next_dagrun for example_branch_datetime_operator_3 to 2025-10-01 00:00:00+00:00, run_after=2025-10-02 00:00:00+00:00
[2025-10-02T21:37:58.692+0000] {processor.py:208} INFO - Processing /home/airflow/.local/lib/python3.12/site-packages/airflow/example_dags/example_branch_datetime_operator.py took 0.104 seconds
[2025-10-02T21:38:28.786+0000] {processor.py:186} INFO - Started process (PID=777) to work on /home/airflow/.local/lib/python3.12/site-packages/airflow/example_dags/example_branch_datetime_operator.py
[2025-10-02T21:38:28.787+0000] {processor.py:914} INFO - Processing file /home/airflow/.local/lib/python3.12/site-packages/airflow/example_dags/example_branch_datetime_operator.py for tasks to queue
[2025-10-02T21:38:28.790+0000] {logging_mixin.py:190} INFO - [2025-10-02T21:38:28.789+0000] {dagbag.py:588} INFO - Filling up the DagBag from /home/airflow/.local/lib/python3.12/site-packages/airflow/example_dags/example_branch_datetime_operator.py
[2025-10-02T21:38:28.804+0000] {processor.py:925} INFO - DAG(s) 'example_branch_datetime_operator_3', 'example_branch_datetime_operator', 'example_branch_datetime_operator_2' retrieved from /home/airflow/.local/lib/python3.12/site-packages/airflow/example_dags/example_branch_datetime_operator.py
[2025-10-02T21:38:28.837+0000] {logging_mixin.py:190} INFO - [2025-10-02T21:38:28.837+0000] {dag.py:3239} INFO - Sync 3 DAGs
[2025-10-02T21:38:28.865+0000] {logging_mixin.py:190} INFO - [2025-10-02T21:38:28.865+0000] {dag.py:4180} INFO - Setting next_dagrun for example_branch_datetime_operator to 2025-10-01 00:00:00+00:00, run_after=2025-10-02 00:00:00+00:00
[2025-10-02T21:38:28.870+0000] {logging_mixin.py:190} INFO - [2025-10-02T21:38:28.870+0000] {dag.py:4180} INFO - Setting next_dagrun for example_branch_datetime_operator_2 to 2025-10-01 00:00:00+00:00, run_after=2025-10-02 00:00:00+00:00
[2025-10-02T21:38:28.873+0000] {logging_mixin.py:190} INFO - [2025-10-02T21:38:28.873+0000] {dag.py:4180} INFO - Setting next_dagrun for example_branch_datetime_operator_3 to 2025-10-01 00:00:00+00:00, run_after=2025-10-02 00:00:00+00:00
[2025-10-02T21:38:28.890+0000] {processor.py:208} INFO - Processing /home/airflow/.local/lib/python3.12/site-packages/airflow/example_dags/example_branch_datetime_operator.py took 0.111 seconds
[2025-10-02T21:38:59.249+0000] {processor.py:186} INFO - Started process (PID=840) to work on /home/airflow/.local/lib/python3.12/site-packages/airflow/example_dags/example_branch_datetime_operator.py
[2025-10-02T21:38:59.250+0000] {processor.py:914} INFO - Processing file /home/airflow/.local/lib/python3.12/site-packages/airflow/example_dags/example_branch_datetime_operator.py for tasks to queue
[2025-10-02T21:38:59.253+0000] {logging_mixin.py:190} INFO - [2025-10-02T21:38:59.252+0000] {dagbag.py:588} INFO - Filling up the DagBag from /home/airflow/.local/lib/python3.12/site-packages/airflow/example_dags/example_branch_datetime_operator.py
[2025-10-02T21:38:59.269+0000] {processor.py:925} INFO - DAG(s) 'example_branch_datetime_operator_2', 'example_branch_datetime_operator', 'example_branch_datetime_operator_3' retrieved from /home/airflow/.local/lib/python3.12/site-packages/airflow/example_dags/example_branch_datetime_operator.py
[2025-10-02T21:38:59.303+0000] {logging_mixin.py:190} INFO - [2025-10-02T21:38:59.302+0000] {dag.py:3239} INFO - Sync 3 DAGs
[2025-10-02T21:38:59.345+0000] {logging_mixin.py:190} INFO - [2025-10-02T21:38:59.345+0000] {dag.py:4180} INFO - Setting next_dagrun for example_branch_datetime_operator to 2025-10-01 00:00:00+00:00, run_after=2025-10-02 00:00:00+00:00
[2025-10-02T21:38:59.356+0000] {logging_mixin.py:190} INFO - [2025-10-02T21:38:59.356+0000] {dag.py:4180} INFO - Setting next_dagrun for example_branch_datetime_operator_2 to 2025-10-01 00:00:00+00:00, run_after=2025-10-02 00:00:00+00:00
[2025-10-02T21:38:59.359+0000] {logging_mixin.py:190} INFO - [2025-10-02T21:38:59.359+0000] {dag.py:4180} INFO - Setting next_dagrun for example_branch_datetime_operator_3 to 2025-10-01 00:00:00+00:00, run_after=2025-10-02 00:00:00+00:00
[2025-10-02T21:38:59.376+0000] {processor.py:208} INFO - Processing /home/airflow/.local/lib/python3.12/site-packages/airflow/example_dags/example_branch_datetime_operator.py took 0.132 seconds
[2025-10-02T21:39:29.505+0000] {processor.py:186} INFO - Started process (PID=903) to work on /home/airflow/.local/lib/python3.12/site-packages/airflow/example_dags/example_branch_datetime_operator.py
[2025-10-02T21:39:29.506+0000] {processor.py:914} INFO - Processing file /home/airflow/.local/lib/python3.12/site-packages/airflow/example_dags/example_branch_datetime_operator.py for tasks to queue
[2025-10-02T21:39:29.510+0000] {logging_mixin.py:190} INFO - [2025-10-02T21:39:29.509+0000] {dagbag.py:588} INFO - Filling up the DagBag from /home/airflow/.local/lib/python3.12/site-packages/airflow/example_dags/example_branch_datetime_operator.py
[2025-10-02T21:39:29.524+0000] {processor.py:925} INFO - DAG(s) 'example_branch_datetime_operator_2', 'example_branch_datetime_operator_3', 'example_branch_datetime_operator' retrieved from /home/airflow/.local/lib/python3.12/site-packages/airflow/example_dags/example_branch_datetime_operator.py
[2025-10-02T21:39:29.572+0000] {logging_mixin.py:190} INFO - [2025-10-02T21:39:29.572+0000] {dag.py:3239} INFO - Sync 3 DAGs
[2025-10-02T21:39:29.599+0000] {logging_mixin.py:190} INFO - [2025-10-02T21:39:29.599+0000] {dag.py:4180} INFO - Setting next_dagrun for example_branch_datetime_operator to 2025-10-01 00:00:00+00:00, run_after=2025-10-02 00:00:00+00:00
[2025-10-02T21:39:29.604+0000] {logging_mixin.py:190} INFO - [2025-10-02T21:39:29.604+0000] {dag.py:4180} INFO - Setting next_dagrun for example_branch_datetime_operator_2 to 2025-10-01 00:00:00+00:00, run_after=2025-10-02 00:00:00+00:00
[2025-10-02T21:39:29.606+0000] {logging_mixin.py:190} INFO - [2025-10-02T21:39:29.606+0000] {dag.py:4180} INFO - Setting next_dagrun for example_branch_datetime_operator_3 to 2025-10-01 00:00:00+00:00, run_after=2025-10-02 00:00:00+00:00
[2025-10-02T21:39:29.622+0000] {processor.py:208} INFO - Processing /home/airflow/.local/lib/python3.12/site-packages/airflow/example_dags/example_branch_datetime_operator.py took 0.124 seconds
[2025-10-02T21:40:00.165+0000] {processor.py:186} INFO - Started process (PID=966) to work on /home/airflow/.local/lib/python3.12/site-packages/airflow/example_dags/example_branch_datetime_operator.py
[2025-10-02T21:40:00.167+0000] {processor.py:914} INFO - Processing file /home/airflow/.local/lib/python3.12/site-packages/airflow/example_dags/example_branch_datetime_operator.py for tasks to queue
[2025-10-02T21:40:00.170+0000] {logging_mixin.py:190} INFO - [2025-10-02T21:40:00.170+0000] {dagbag.py:588} INFO - Filling up the DagBag from /home/airflow/.local/lib/python3.12/site-packages/airflow/example_dags/example_branch_datetime_operator.py
[2025-10-02T21:40:00.186+0000] {processor.py:925} INFO - DAG(s) 'example_branch_datetime_operator', 'example_branch_datetime_operator_2', 'example_branch_datetime_operator_3' retrieved from /home/airflow/.local/lib/python3.12/site-packages/airflow/example_dags/example_branch_datetime_operator.py
[2025-10-02T21:40:00.220+0000] {logging_mixin.py:190} INFO - [2025-10-02T21:40:00.220+0000] {dag.py:3239} INFO - Sync 3 DAGs
[2025-10-02T21:40:00.251+0000] {logging_mixin.py:190} INFO - [2025-10-02T21:40:00.250+0000] {dag.py:4180} INFO - Setting next_dagrun for example_branch_datetime_operator to 2025-10-01 00:00:00+00:00, run_after=2025-10-02 00:00:00+00:00
[2025-10-02T21:40:00.258+0000] {logging_mixin.py:190} INFO - [2025-10-02T21:40:00.257+0000] {dag.py:4180} INFO - Setting next_dagrun for example_branch_datetime_operator_2 to 2025-10-01 00:00:00+00:00, run_after=2025-10-02 00:00:00+00:00
[2025-10-02T21:40:00.261+0000] {logging_mixin.py:190} INFO - [2025-10-02T21:40:00.260+0000] {dag.py:4180} INFO - Setting next_dagrun for example_branch_datetime_operator_3 to 2025-10-01 00:00:00+00:00, run_after=2025-10-02 00:00:00+00:00
[2025-10-02T21:40:00.278+0000] {processor.py:208} INFO - Processing /home/airflow/.local/lib/python3.12/site-packages/airflow/example_dags/example_branch_datetime_operator.py took 0.120 seconds
[2025-10-02T21:40:31.082+0000] {processor.py:186} INFO - Started process (PID=1029) to work on /home/airflow/.local/lib/python3.12/site-packages/airflow/example_dags/example_branch_datetime_operator.py
[2025-10-02T21:40:31.084+0000] {processor.py:914} INFO - Processing file /home/airflow/.local/lib/python3.12/site-packages/airflow/example_dags/example_branch_datetime_operator.py for tasks to queue
[2025-10-02T21:40:31.087+0000] {logging_mixin.py:190} INFO - [2025-10-02T21:40:31.086+0000] {dagbag.py:588} INFO - Filling up the DagBag from /home/airflow/.local/lib/python3.12/site-packages/airflow/example_dags/example_branch_datetime_operator.py
[2025-10-02T21:40:31.102+0000] {processor.py:925} INFO - DAG(s) 'example_branch_datetime_operator_2', 'example_branch_datetime_operator', 'example_branch_datetime_operator_3' retrieved from /home/airflow/.local/lib/python3.12/site-packages/airflow/example_dags/example_branch_datetime_operator.py
[2025-10-02T21:40:31.133+0000] {logging_mixin.py:190} INFO - [2025-10-02T21:40:31.132+0000] {dag.py:3239} INFO - Sync 3 DAGs
[2025-10-02T21:40:31.160+0000] {logging_mixin.py:190} INFO - [2025-10-02T21:40:31.160+0000] {dag.py:4180} INFO - Setting next_dagrun for example_branch_datetime_operator to 2025-10-01 00:00:00+00:00, run_after=2025-10-02 00:00:00+00:00
[2025-10-02T21:40:31.165+0000] {logging_mixin.py:190} INFO - [2025-10-02T21:40:31.165+0000] {dag.py:4180} INFO - Setting next_dagrun for example_branch_datetime_operator_2 to 2025-10-01 00:00:00+00:00, run_after=2025-10-02 00:00:00+00:00
[2025-10-02T21:40:31.168+0000] {logging_mixin.py:190} INFO - [2025-10-02T21:40:31.167+0000] {dag.py:4180} INFO - Setting next_dagrun for example_branch_datetime_operator_3 to 2025-10-01 00:00:00+00:00, run_after=2025-10-02 00:00:00+00:00
[2025-10-02T21:40:31.183+0000] {processor.py:208} INFO - Processing /home/airflow/.local/lib/python3.12/site-packages/airflow/example_dags/example_branch_datetime_operator.py took 0.108 seconds
[2025-10-02T21:41:02.157+0000] {processor.py:186} INFO - Started process (PID=1092) to work on /home/airflow/.local/lib/python3.12/site-packages/airflow/example_dags/example_branch_datetime_operator.py
[2025-10-02T21:41:02.158+0000] {processor.py:914} INFO - Processing file /home/airflow/.local/lib/python3.12/site-packages/airflow/example_dags/example_branch_datetime_operator.py for tasks to queue
[2025-10-02T21:41:02.162+0000] {logging_mixin.py:190} INFO - [2025-10-02T21:41:02.161+0000] {dagbag.py:588} INFO - Filling up the DagBag from /home/airflow/.local/lib/python3.12/site-packages/airflow/example_dags/example_branch_datetime_operator.py
[2025-10-02T21:41:02.179+0000] {processor.py:925} INFO - DAG(s) 'example_branch_datetime_operator', 'example_branch_datetime_operator_3', 'example_branch_datetime_operator_2' retrieved from /home/airflow/.local/lib/python3.12/site-packages/airflow/example_dags/example_branch_datetime_operator.py
[2025-10-02T21:41:02.212+0000] {logging_mixin.py:190} INFO - [2025-10-02T21:41:02.212+0000] {dag.py:3239} INFO - Sync 3 DAGs
[2025-10-02T21:41:02.240+0000] {logging_mixin.py:190} INFO - [2025-10-02T21:41:02.240+0000] {dag.py:4180} INFO - Setting next_dagrun for example_branch_datetime_operator to 2025-10-01 00:00:00+00:00, run_after=2025-10-02 00:00:00+00:00
[2025-10-02T21:41:02.246+0000] {logging_mixin.py:190} INFO - [2025-10-02T21:41:02.246+0000] {dag.py:4180} INFO - Setting next_dagrun for example_branch_datetime_operator_2 to 2025-10-01 00:00:00+00:00, run_after=2025-10-02 00:00:00+00:00
[2025-10-02T21:41:02.249+0000] {logging_mixin.py:190} INFO - [2025-10-02T21:41:02.248+0000] {dag.py:4180} INFO - Setting next_dagrun for example_branch_datetime_operator_3 to 2025-10-01 00:00:00+00:00, run_after=2025-10-02 00:00:00+00:00
[2025-10-02T21:41:02.265+0000] {processor.py:208} INFO - Processing /home/airflow/.local/lib/python3.12/site-packages/airflow/example_dags/example_branch_datetime_operator.py took 0.116 seconds
[2025-10-02T21:41:32.565+0000] {processor.py:186} INFO - Started process (PID=1155) to work on /home/airflow/.local/lib/python3.12/site-packages/airflow/example_dags/example_branch_datetime_operator.py
[2025-10-02T21:41:32.567+0000] {processor.py:914} INFO - Processing file /home/airflow/.local/lib/python3.12/site-packages/airflow/example_dags/example_branch_datetime_operator.py for tasks to queue
[2025-10-02T21:41:32.570+0000] {logging_mixin.py:190} INFO - [2025-10-02T21:41:32.570+0000] {dagbag.py:588} INFO - Filling up the DagBag from /home/airflow/.local/lib/python3.12/site-packages/airflow/example_dags/example_branch_datetime_operator.py
[2025-10-02T21:41:32.586+0000] {processor.py:925} INFO - DAG(s) 'example_branch_datetime_operator_2', 'example_branch_datetime_operator_3', 'example_branch_datetime_operator' retrieved from /home/airflow/.local/lib/python3.12/site-packages/airflow/example_dags/example_branch_datetime_operator.py
[2025-10-02T21:41:32.620+0000] {logging_mixin.py:190} INFO - [2025-10-02T21:41:32.620+0000] {dag.py:3239} INFO - Sync 3 DAGs
[2025-10-02T21:41:32.661+0000] {logging_mixin.py:190} INFO - [2025-10-02T21:41:32.660+0000] {dag.py:4180} INFO - Setting next_dagrun for example_branch_datetime_operator to 2025-10-01 00:00:00+00:00, run_after=2025-10-02 00:00:00+00:00
[2025-10-02T21:41:32.670+0000] {logging_mixin.py:190} INFO - [2025-10-02T21:41:32.670+0000] {dag.py:4180} INFO - Setting next_dagrun for example_branch_datetime_operator_2 to 2025-10-01 00:00:00+00:00, run_after=2025-10-02 00:00:00+00:00
[2025-10-02T21:41:32.674+0000] {logging_mixin.py:190} INFO - [2025-10-02T21:41:32.674+0000] {dag.py:4180} INFO - Setting next_dagrun for example_branch_datetime_operator_3 to 2025-10-01 00:00:00+00:00, run_after=2025-10-02 00:00:00+00:00
[2025-10-02T21:41:32.693+0000] {processor.py:208} INFO - Processing /home/airflow/.local/lib/python3.12/site-packages/airflow/example_dags/example_branch_datetime_operator.py took 0.138 seconds
[2025-10-02T22:00:07.654+0000] {processor.py:186} INFO - Started process (PID=73) to work on /home/airflow/.local/lib/python3.12/site-packages/airflow/example_dags/example_branch_datetime_operator.py
[2025-10-02T22:00:07.656+0000] {processor.py:914} INFO - Processing file /home/airflow/.local/lib/python3.12/site-packages/airflow/example_dags/example_branch_datetime_operator.py for tasks to queue
[2025-10-02T22:00:07.660+0000] {logging_mixin.py:190} INFO - [2025-10-02T22:00:07.659+0000] {dagbag.py:588} INFO - Filling up the DagBag from /home/airflow/.local/lib/python3.12/site-packages/airflow/example_dags/example_branch_datetime_operator.py
[2025-10-02T22:00:07.677+0000] {processor.py:925} INFO - DAG(s) 'example_branch_datetime_operator', 'example_branch_datetime_operator_2', 'example_branch_datetime_operator_3' retrieved from /home/airflow/.local/lib/python3.12/site-packages/airflow/example_dags/example_branch_datetime_operator.py
[2025-10-02T22:00:07.709+0000] {logging_mixin.py:190} INFO - [2025-10-02T22:00:07.709+0000] {dag.py:3239} INFO - Sync 3 DAGs
[2025-10-02T22:00:07.743+0000] {logging_mixin.py:190} INFO - [2025-10-02T22:00:07.742+0000] {dag.py:4180} INFO - Setting next_dagrun for example_branch_datetime_operator to 2025-10-01 00:00:00+00:00, run_after=2025-10-02 00:00:00+00:00
[2025-10-02T22:00:07.747+0000] {logging_mixin.py:190} INFO - [2025-10-02T22:00:07.747+0000] {dag.py:4180} INFO - Setting next_dagrun for example_branch_datetime_operator_2 to 2025-10-01 00:00:00+00:00, run_after=2025-10-02 00:00:00+00:00
[2025-10-02T22:00:07.750+0000] {logging_mixin.py:190} INFO - [2025-10-02T22:00:07.750+0000] {dag.py:4180} INFO - Setting next_dagrun for example_branch_datetime_operator_3 to 2025-10-01 00:00:00+00:00, run_after=2025-10-02 00:00:00+00:00
[2025-10-02T22:00:07.768+0000] {processor.py:208} INFO - Processing /home/airflow/.local/lib/python3.12/site-packages/airflow/example_dags/example_branch_datetime_operator.py took 0.123 seconds
[2025-10-02T22:00:37.912+0000] {processor.py:186} INFO - Started process (PID=137) to work on /home/airflow/.local/lib/python3.12/site-packages/airflow/example_dags/example_branch_datetime_operator.py
[2025-10-02T22:00:37.915+0000] {processor.py:914} INFO - Processing file /home/airflow/.local/lib/python3.12/site-packages/airflow/example_dags/example_branch_datetime_operator.py for tasks to queue
[2025-10-02T22:00:37.918+0000] {logging_mixin.py:190} INFO - [2025-10-02T22:00:37.918+0000] {dagbag.py:588} INFO - Filling up the DagBag from /home/airflow/.local/lib/python3.12/site-packages/airflow/example_dags/example_branch_datetime_operator.py
[2025-10-02T22:00:37.931+0000] {processor.py:925} INFO - DAG(s) 'example_branch_datetime_operator', 'example_branch_datetime_operator_3', 'example_branch_datetime_operator_2' retrieved from /home/airflow/.local/lib/python3.12/site-packages/airflow/example_dags/example_branch_datetime_operator.py
[2025-10-02T22:00:37.961+0000] {logging_mixin.py:190} INFO - [2025-10-02T22:00:37.961+0000] {dag.py:3239} INFO - Sync 3 DAGs
[2025-10-02T22:00:37.988+0000] {logging_mixin.py:190} INFO - [2025-10-02T22:00:37.988+0000] {dag.py:4180} INFO - Setting next_dagrun for example_branch_datetime_operator to 2025-10-01 00:00:00+00:00, run_after=2025-10-02 00:00:00+00:00
[2025-10-02T22:00:37.992+0000] {logging_mixin.py:190} INFO - [2025-10-02T22:00:37.992+0000] {dag.py:4180} INFO - Setting next_dagrun for example_branch_datetime_operator_2 to 2025-10-01 00:00:00+00:00, run_after=2025-10-02 00:00:00+00:00
[2025-10-02T22:00:37.995+0000] {logging_mixin.py:190} INFO - [2025-10-02T22:00:37.995+0000] {dag.py:4180} INFO - Setting next_dagrun for example_branch_datetime_operator_3 to 2025-10-01 00:00:00+00:00, run_after=2025-10-02 00:00:00+00:00
[2025-10-02T22:00:38.010+0000] {processor.py:208} INFO - Processing /home/airflow/.local/lib/python3.12/site-packages/airflow/example_dags/example_branch_datetime_operator.py took 0.105 seconds
[2025-10-02T22:01:08.195+0000] {processor.py:186} INFO - Started process (PID=200) to work on /home/airflow/.local/lib/python3.12/site-packages/airflow/example_dags/example_branch_datetime_operator.py
[2025-10-02T22:01:08.196+0000] {processor.py:914} INFO - Processing file /home/airflow/.local/lib/python3.12/site-packages/airflow/example_dags/example_branch_datetime_operator.py for tasks to queue
[2025-10-02T22:01:08.199+0000] {logging_mixin.py:190} INFO - [2025-10-02T22:01:08.198+0000] {dagbag.py:588} INFO - Filling up the DagBag from /home/airflow/.local/lib/python3.12/site-packages/airflow/example_dags/example_branch_datetime_operator.py
[2025-10-02T22:01:08.211+0000] {processor.py:925} INFO - DAG(s) 'example_branch_datetime_operator_3', 'example_branch_datetime_operator_2', 'example_branch_datetime_operator' retrieved from /home/airflow/.local/lib/python3.12/site-packages/airflow/example_dags/example_branch_datetime_operator.py
[2025-10-02T22:01:08.235+0000] {logging_mixin.py:190} INFO - [2025-10-02T22:01:08.235+0000] {dag.py:3239} INFO - Sync 3 DAGs
[2025-10-02T22:01:08.261+0000] {logging_mixin.py:190} INFO - [2025-10-02T22:01:08.260+0000] {dag.py:4180} INFO - Setting next_dagrun for example_branch_datetime_operator to 2025-10-01 00:00:00+00:00, run_after=2025-10-02 00:00:00+00:00
[2025-10-02T22:01:08.267+0000] {logging_mixin.py:190} INFO - [2025-10-02T22:01:08.267+0000] {dag.py:4180} INFO - Setting next_dagrun for example_branch_datetime_operator_2 to 2025-10-01 00:00:00+00:00, run_after=2025-10-02 00:00:00+00:00
[2025-10-02T22:01:08.271+0000] {logging_mixin.py:190} INFO - [2025-10-02T22:01:08.270+0000] {dag.py:4180} INFO - Setting next_dagrun for example_branch_datetime_operator_3 to 2025-10-01 00:00:00+00:00, run_after=2025-10-02 00:00:00+00:00
[2025-10-02T22:01:08.286+0000] {processor.py:208} INFO - Processing /home/airflow/.local/lib/python3.12/site-packages/airflow/example_dags/example_branch_datetime_operator.py took 0.097 seconds
[2025-10-02T22:01:38.677+0000] {processor.py:186} INFO - Started process (PID=263) to work on /home/airflow/.local/lib/python3.12/site-packages/airflow/example_dags/example_branch_datetime_operator.py
[2025-10-02T22:01:38.678+0000] {processor.py:914} INFO - Processing file /home/airflow/.local/lib/python3.12/site-packages/airflow/example_dags/example_branch_datetime_operator.py for tasks to queue
[2025-10-02T22:01:38.681+0000] {logging_mixin.py:190} INFO - [2025-10-02T22:01:38.681+0000] {dagbag.py:588} INFO - Filling up the DagBag from /home/airflow/.local/lib/python3.12/site-packages/airflow/example_dags/example_branch_datetime_operator.py
[2025-10-02T22:01:38.692+0000] {processor.py:925} INFO - DAG(s) 'example_branch_datetime_operator_2', 'example_branch_datetime_operator_3', 'example_branch_datetime_operator' retrieved from /home/airflow/.local/lib/python3.12/site-packages/airflow/example_dags/example_branch_datetime_operator.py
[2025-10-02T22:01:38.715+0000] {logging_mixin.py:190} INFO - [2025-10-02T22:01:38.715+0000] {dag.py:3239} INFO - Sync 3 DAGs
[2025-10-02T22:01:38.738+0000] {logging_mixin.py:190} INFO - [2025-10-02T22:01:38.737+0000] {dag.py:4180} INFO - Setting next_dagrun for example_branch_datetime_operator to 2025-10-01 00:00:00+00:00, run_after=2025-10-02 00:00:00+00:00
[2025-10-02T22:01:38.742+0000] {logging_mixin.py:190} INFO - [2025-10-02T22:01:38.742+0000] {dag.py:4180} INFO - Setting next_dagrun for example_branch_datetime_operator_2 to 2025-10-01 00:00:00+00:00, run_after=2025-10-02 00:00:00+00:00
[2025-10-02T22:01:38.745+0000] {logging_mixin.py:190} INFO - [2025-10-02T22:01:38.745+0000] {dag.py:4180} INFO - Setting next_dagrun for example_branch_datetime_operator_3 to 2025-10-01 00:00:00+00:00, run_after=2025-10-02 00:00:00+00:00
[2025-10-02T22:01:38.760+0000] {processor.py:208} INFO - Processing /home/airflow/.local/lib/python3.12/site-packages/airflow/example_dags/example_branch_datetime_operator.py took 0.090 seconds
[2025-10-02T22:02:09.018+0000] {processor.py:186} INFO - Started process (PID=332) to work on /home/airflow/.local/lib/python3.12/site-packages/airflow/example_dags/example_branch_datetime_operator.py
[2025-10-02T22:02:09.019+0000] {processor.py:914} INFO - Processing file /home/airflow/.local/lib/python3.12/site-packages/airflow/example_dags/example_branch_datetime_operator.py for tasks to queue
[2025-10-02T22:02:09.022+0000] {logging_mixin.py:190} INFO - [2025-10-02T22:02:09.022+0000] {dagbag.py:588} INFO - Filling up the DagBag from /home/airflow/.local/lib/python3.12/site-packages/airflow/example_dags/example_branch_datetime_operator.py
[2025-10-02T22:02:09.067+0000] {processor.py:925} INFO - DAG(s) 'example_branch_datetime_operator', 'example_branch_datetime_operator_2', 'example_branch_datetime_operator_3' retrieved from /home/airflow/.local/lib/python3.12/site-packages/airflow/example_dags/example_branch_datetime_operator.py
[2025-10-02T22:02:09.156+0000] {logging_mixin.py:190} INFO - [2025-10-02T22:02:09.155+0000] {dag.py:3239} INFO - Sync 3 DAGs
[2025-10-02T22:02:09.256+0000] {logging_mixin.py:190} INFO - [2025-10-02T22:02:09.256+0000] {dag.py:4180} INFO - Setting next_dagrun for example_branch_datetime_operator to 2025-10-01 00:00:00+00:00, run_after=2025-10-02 00:00:00+00:00
[2025-10-02T22:02:09.272+0000] {logging_mixin.py:190} INFO - [2025-10-02T22:02:09.268+0000] {dag.py:4180} INFO - Setting next_dagrun for example_branch_datetime_operator_2 to 2025-10-01 00:00:00+00:00, run_after=2025-10-02 00:00:00+00:00
[2025-10-02T22:02:09.295+0000] {logging_mixin.py:190} INFO - [2025-10-02T22:02:09.294+0000] {dag.py:4180} INFO - Setting next_dagrun for example_branch_datetime_operator_3 to 2025-10-01 00:00:00+00:00, run_after=2025-10-02 00:00:00+00:00
[2025-10-02T22:02:09.363+0000] {processor.py:208} INFO - Processing /home/airflow/.local/lib/python3.12/site-packages/airflow/example_dags/example_branch_datetime_operator.py took 0.354 seconds
[2025-10-02T22:02:40.545+0000] {processor.py:186} INFO - Started process (PID=395) to work on /home/airflow/.local/lib/python3.12/site-packages/airflow/example_dags/example_branch_datetime_operator.py
[2025-10-02T22:02:40.546+0000] {processor.py:914} INFO - Processing file /home/airflow/.local/lib/python3.12/site-packages/airflow/example_dags/example_branch_datetime_operator.py for tasks to queue
[2025-10-02T22:02:40.549+0000] {logging_mixin.py:190} INFO - [2025-10-02T22:02:40.549+0000] {dagbag.py:588} INFO - Filling up the DagBag from /home/airflow/.local/lib/python3.12/site-packages/airflow/example_dags/example_branch_datetime_operator.py
[2025-10-02T22:02:40.564+0000] {processor.py:925} INFO - DAG(s) 'example_branch_datetime_operator', 'example_branch_datetime_operator_2', 'example_branch_datetime_operator_3' retrieved from /home/airflow/.local/lib/python3.12/site-packages/airflow/example_dags/example_branch_datetime_operator.py
[2025-10-02T22:02:40.597+0000] {logging_mixin.py:190} INFO - [2025-10-02T22:02:40.597+0000] {dag.py:3239} INFO - Sync 3 DAGs
[2025-10-02T22:02:40.637+0000] {logging_mixin.py:190} INFO - [2025-10-02T22:02:40.636+0000] {dag.py:4180} INFO - Setting next_dagrun for example_branch_datetime_operator to 2025-10-01 00:00:00+00:00, run_after=2025-10-02 00:00:00+00:00
[2025-10-02T22:02:40.644+0000] {logging_mixin.py:190} INFO - [2025-10-02T22:02:40.643+0000] {dag.py:4180} INFO - Setting next_dagrun for example_branch_datetime_operator_2 to 2025-10-01 00:00:00+00:00, run_after=2025-10-02 00:00:00+00:00
[2025-10-02T22:02:40.649+0000] {logging_mixin.py:190} INFO - [2025-10-02T22:02:40.648+0000] {dag.py:4180} INFO - Setting next_dagrun for example_branch_datetime_operator_3 to 2025-10-01 00:00:00+00:00, run_after=2025-10-02 00:00:00+00:00
[2025-10-02T22:02:40.673+0000] {processor.py:208} INFO - Processing /home/airflow/.local/lib/python3.12/site-packages/airflow/example_dags/example_branch_datetime_operator.py took 0.136 seconds
[2025-10-02T22:03:11.592+0000] {processor.py:186} INFO - Started process (PID=459) to work on /home/airflow/.local/lib/python3.12/site-packages/airflow/example_dags/example_branch_datetime_operator.py
[2025-10-02T22:03:11.594+0000] {processor.py:914} INFO - Processing file /home/airflow/.local/lib/python3.12/site-packages/airflow/example_dags/example_branch_datetime_operator.py for tasks to queue
[2025-10-02T22:03:11.597+0000] {logging_mixin.py:190} INFO - [2025-10-02T22:03:11.597+0000] {dagbag.py:588} INFO - Filling up the DagBag from /home/airflow/.local/lib/python3.12/site-packages/airflow/example_dags/example_branch_datetime_operator.py
[2025-10-02T22:03:11.611+0000] {processor.py:925} INFO - DAG(s) 'example_branch_datetime_operator_3', 'example_branch_datetime_operator', 'example_branch_datetime_operator_2' retrieved from /home/airflow/.local/lib/python3.12/site-packages/airflow/example_dags/example_branch_datetime_operator.py
[2025-10-02T22:03:11.639+0000] {logging_mixin.py:190} INFO - [2025-10-02T22:03:11.639+0000] {dag.py:3239} INFO - Sync 3 DAGs
[2025-10-02T22:03:11.666+0000] {logging_mixin.py:190} INFO - [2025-10-02T22:03:11.665+0000] {dag.py:4180} INFO - Setting next_dagrun for example_branch_datetime_operator to 2025-10-01 00:00:00+00:00, run_after=2025-10-02 00:00:00+00:00
[2025-10-02T22:03:11.673+0000] {logging_mixin.py:190} INFO - [2025-10-02T22:03:11.673+0000] {dag.py:4180} INFO - Setting next_dagrun for example_branch_datetime_operator_2 to 2025-10-01 00:00:00+00:00, run_after=2025-10-02 00:00:00+00:00
[2025-10-02T22:03:11.676+0000] {logging_mixin.py:190} INFO - [2025-10-02T22:03:11.676+0000] {dag.py:4180} INFO - Setting next_dagrun for example_branch_datetime_operator_3 to 2025-10-01 00:00:00+00:00, run_after=2025-10-02 00:00:00+00:00
[2025-10-02T22:03:11.691+0000] {processor.py:208} INFO - Processing /home/airflow/.local/lib/python3.12/site-packages/airflow/example_dags/example_branch_datetime_operator.py took 0.107 seconds
[2025-10-02T22:03:41.952+0000] {processor.py:186} INFO - Started process (PID=522) to work on /home/airflow/.local/lib/python3.12/site-packages/airflow/example_dags/example_branch_datetime_operator.py
[2025-10-02T22:03:41.953+0000] {processor.py:914} INFO - Processing file /home/airflow/.local/lib/python3.12/site-packages/airflow/example_dags/example_branch_datetime_operator.py for tasks to queue
[2025-10-02T22:03:41.956+0000] {logging_mixin.py:190} INFO - [2025-10-02T22:03:41.956+0000] {dagbag.py:588} INFO - Filling up the DagBag from /home/airflow/.local/lib/python3.12/site-packages/airflow/example_dags/example_branch_datetime_operator.py
[2025-10-02T22:03:41.969+0000] {processor.py:925} INFO - DAG(s) 'example_branch_datetime_operator', 'example_branch_datetime_operator_3', 'example_branch_datetime_operator_2' retrieved from /home/airflow/.local/lib/python3.12/site-packages/airflow/example_dags/example_branch_datetime_operator.py
[2025-10-02T22:03:41.997+0000] {logging_mixin.py:190} INFO - [2025-10-02T22:03:41.997+0000] {dag.py:3239} INFO - Sync 3 DAGs
[2025-10-02T22:03:42.024+0000] {logging_mixin.py:190} INFO - [2025-10-02T22:03:42.024+0000] {dag.py:4180} INFO - Setting next_dagrun for example_branch_datetime_operator to 2025-10-01 00:00:00+00:00, run_after=2025-10-02 00:00:00+00:00
[2025-10-02T22:03:42.029+0000] {logging_mixin.py:190} INFO - [2025-10-02T22:03:42.029+0000] {dag.py:4180} INFO - Setting next_dagrun for example_branch_datetime_operator_2 to 2025-10-01 00:00:00+00:00, run_after=2025-10-02 00:00:00+00:00
[2025-10-02T22:03:42.032+0000] {logging_mixin.py:190} INFO - [2025-10-02T22:03:42.032+0000] {dag.py:4180} INFO - Setting next_dagrun for example_branch_datetime_operator_3 to 2025-10-01 00:00:00+00:00, run_after=2025-10-02 00:00:00+00:00
[2025-10-02T22:03:42.048+0000] {processor.py:208} INFO - Processing /home/airflow/.local/lib/python3.12/site-packages/airflow/example_dags/example_branch_datetime_operator.py took 0.103 seconds
[2025-10-02T22:04:13.115+0000] {processor.py:186} INFO - Started process (PID=585) to work on /home/airflow/.local/lib/python3.12/site-packages/airflow/example_dags/example_branch_datetime_operator.py
[2025-10-02T22:04:13.116+0000] {processor.py:914} INFO - Processing file /home/airflow/.local/lib/python3.12/site-packages/airflow/example_dags/example_branch_datetime_operator.py for tasks to queue
[2025-10-02T22:04:13.119+0000] {logging_mixin.py:190} INFO - [2025-10-02T22:04:13.119+0000] {dagbag.py:588} INFO - Filling up the DagBag from /home/airflow/.local/lib/python3.12/site-packages/airflow/example_dags/example_branch_datetime_operator.py
[2025-10-02T22:04:13.132+0000] {processor.py:925} INFO - DAG(s) 'example_branch_datetime_operator_3', 'example_branch_datetime_operator_2', 'example_branch_datetime_operator' retrieved from /home/airflow/.local/lib/python3.12/site-packages/airflow/example_dags/example_branch_datetime_operator.py
[2025-10-02T22:04:13.173+0000] {logging_mixin.py:190} INFO - [2025-10-02T22:04:13.173+0000] {dag.py:3239} INFO - Sync 3 DAGs
[2025-10-02T22:04:13.212+0000] {logging_mixin.py:190} INFO - [2025-10-02T22:04:13.212+0000] {dag.py:4180} INFO - Setting next_dagrun for example_branch_datetime_operator to 2025-10-01 00:00:00+00:00, run_after=2025-10-02 00:00:00+00:00
[2025-10-02T22:04:13.224+0000] {logging_mixin.py:190} INFO - [2025-10-02T22:04:13.223+0000] {dag.py:4180} INFO - Setting next_dagrun for example_branch_datetime_operator_2 to 2025-10-01 00:00:00+00:00, run_after=2025-10-02 00:00:00+00:00
[2025-10-02T22:04:13.231+0000] {logging_mixin.py:190} INFO - [2025-10-02T22:04:13.231+0000] {dag.py:4180} INFO - Setting next_dagrun for example_branch_datetime_operator_3 to 2025-10-01 00:00:00+00:00, run_after=2025-10-02 00:00:00+00:00
[2025-10-02T22:04:13.265+0000] {processor.py:208} INFO - Processing /home/airflow/.local/lib/python3.12/site-packages/airflow/example_dags/example_branch_datetime_operator.py took 0.158 seconds
[2025-10-02T22:04:43.677+0000] {processor.py:186} INFO - Started process (PID=648) to work on /home/airflow/.local/lib/python3.12/site-packages/airflow/example_dags/example_branch_datetime_operator.py
[2025-10-02T22:04:43.679+0000] {processor.py:914} INFO - Processing file /home/airflow/.local/lib/python3.12/site-packages/airflow/example_dags/example_branch_datetime_operator.py for tasks to queue
[2025-10-02T22:04:43.682+0000] {logging_mixin.py:190} INFO - [2025-10-02T22:04:43.681+0000] {dagbag.py:588} INFO - Filling up the DagBag from /home/airflow/.local/lib/python3.12/site-packages/airflow/example_dags/example_branch_datetime_operator.py
[2025-10-02T22:04:43.697+0000] {processor.py:925} INFO - DAG(s) 'example_branch_datetime_operator_2', 'example_branch_datetime_operator_3', 'example_branch_datetime_operator' retrieved from /home/airflow/.local/lib/python3.12/site-packages/airflow/example_dags/example_branch_datetime_operator.py
[2025-10-02T22:04:43.728+0000] {logging_mixin.py:190} INFO - [2025-10-02T22:04:43.728+0000] {dag.py:3239} INFO - Sync 3 DAGs
[2025-10-02T22:04:43.755+0000] {logging_mixin.py:190} INFO - [2025-10-02T22:04:43.755+0000] {dag.py:4180} INFO - Setting next_dagrun for example_branch_datetime_operator to 2025-10-01 00:00:00+00:00, run_after=2025-10-02 00:00:00+00:00
[2025-10-02T22:04:43.761+0000] {logging_mixin.py:190} INFO - [2025-10-02T22:04:43.760+0000] {dag.py:4180} INFO - Setting next_dagrun for example_branch_datetime_operator_2 to 2025-10-01 00:00:00+00:00, run_after=2025-10-02 00:00:00+00:00
[2025-10-02T22:04:43.763+0000] {logging_mixin.py:190} INFO - [2025-10-02T22:04:43.763+0000] {dag.py:4180} INFO - Setting next_dagrun for example_branch_datetime_operator_3 to 2025-10-01 00:00:00+00:00, run_after=2025-10-02 00:00:00+00:00
[2025-10-02T22:04:43.781+0000] {processor.py:208} INFO - Processing /home/airflow/.local/lib/python3.12/site-packages/airflow/example_dags/example_branch_datetime_operator.py took 0.111 seconds
[2025-10-02T22:05:14.545+0000] {processor.py:186} INFO - Started process (PID=711) to work on /home/airflow/.local/lib/python3.12/site-packages/airflow/example_dags/example_branch_datetime_operator.py
[2025-10-02T22:05:14.547+0000] {processor.py:914} INFO - Processing file /home/airflow/.local/lib/python3.12/site-packages/airflow/example_dags/example_branch_datetime_operator.py for tasks to queue
[2025-10-02T22:05:14.550+0000] {logging_mixin.py:190} INFO - [2025-10-02T22:05:14.550+0000] {dagbag.py:588} INFO - Filling up the DagBag from /home/airflow/.local/lib/python3.12/site-packages/airflow/example_dags/example_branch_datetime_operator.py
[2025-10-02T22:05:14.567+0000] {processor.py:925} INFO - DAG(s) 'example_branch_datetime_operator_2', 'example_branch_datetime_operator_3', 'example_branch_datetime_operator' retrieved from /home/airflow/.local/lib/python3.12/site-packages/airflow/example_dags/example_branch_datetime_operator.py
[2025-10-02T22:05:14.599+0000] {logging_mixin.py:190} INFO - [2025-10-02T22:05:14.599+0000] {dag.py:3239} INFO - Sync 3 DAGs
[2025-10-02T22:05:14.629+0000] {logging_mixin.py:190} INFO - [2025-10-02T22:05:14.629+0000] {dag.py:4180} INFO - Setting next_dagrun for example_branch_datetime_operator to 2025-10-01 00:00:00+00:00, run_after=2025-10-02 00:00:00+00:00
[2025-10-02T22:05:14.637+0000] {logging_mixin.py:190} INFO - [2025-10-02T22:05:14.637+0000] {dag.py:4180} INFO - Setting next_dagrun for example_branch_datetime_operator_2 to 2025-10-01 00:00:00+00:00, run_after=2025-10-02 00:00:00+00:00
[2025-10-02T22:05:14.640+0000] {logging_mixin.py:190} INFO - [2025-10-02T22:05:14.640+0000] {dag.py:4180} INFO - Setting next_dagrun for example_branch_datetime_operator_3 to 2025-10-01 00:00:00+00:00, run_after=2025-10-02 00:00:00+00:00
[2025-10-02T22:05:14.660+0000] {processor.py:208} INFO - Processing /home/airflow/.local/lib/python3.12/site-packages/airflow/example_dags/example_branch_datetime_operator.py took 0.122 seconds
[2025-10-02T22:05:45.148+0000] {processor.py:186} INFO - Started process (PID=774) to work on /home/airflow/.local/lib/python3.12/site-packages/airflow/example_dags/example_branch_datetime_operator.py
[2025-10-02T22:05:45.150+0000] {processor.py:914} INFO - Processing file /home/airflow/.local/lib/python3.12/site-packages/airflow/example_dags/example_branch_datetime_operator.py for tasks to queue
[2025-10-02T22:05:45.155+0000] {logging_mixin.py:190} INFO - [2025-10-02T22:05:45.155+0000] {dagbag.py:588} INFO - Filling up the DagBag from /home/airflow/.local/lib/python3.12/site-packages/airflow/example_dags/example_branch_datetime_operator.py
[2025-10-02T22:05:45.174+0000] {processor.py:925} INFO - DAG(s) 'example_branch_datetime_operator', 'example_branch_datetime_operator_3', 'example_branch_datetime_operator_2' retrieved from /home/airflow/.local/lib/python3.12/site-packages/airflow/example_dags/example_branch_datetime_operator.py
[2025-10-02T22:05:45.203+0000] {logging_mixin.py:190} INFO - [2025-10-02T22:05:45.203+0000] {dag.py:3239} INFO - Sync 3 DAGs
[2025-10-02T22:05:45.232+0000] {logging_mixin.py:190} INFO - [2025-10-02T22:05:45.231+0000] {dag.py:4180} INFO - Setting next_dagrun for example_branch_datetime_operator to 2025-10-01 00:00:00+00:00, run_after=2025-10-02 00:00:00+00:00
[2025-10-02T22:05:45.238+0000] {logging_mixin.py:190} INFO - [2025-10-02T22:05:45.237+0000] {dag.py:4180} INFO - Setting next_dagrun for example_branch_datetime_operator_2 to 2025-10-01 00:00:00+00:00, run_after=2025-10-02 00:00:00+00:00
[2025-10-02T22:05:45.241+0000] {logging_mixin.py:190} INFO - [2025-10-02T22:05:45.241+0000] {dag.py:4180} INFO - Setting next_dagrun for example_branch_datetime_operator_3 to 2025-10-01 00:00:00+00:00, run_after=2025-10-02 00:00:00+00:00
[2025-10-02T22:05:45.259+0000] {processor.py:208} INFO - Processing /home/airflow/.local/lib/python3.12/site-packages/airflow/example_dags/example_branch_datetime_operator.py took 0.119 seconds
