[2025-10-02T20:11:16.126+0000] {processor.py:186} INFO - Started process (PID=89) to work on /home/airflow/.local/lib/python3.12/site-packages/airflow/example_dags/example_display_name.py
[2025-10-02T20:11:16.128+0000] {processor.py:914} INFO - Processing file /home/airflow/.local/lib/python3.12/site-packages/airflow/example_dags/example_display_name.py for tasks to queue
[2025-10-02T20:11:16.132+0000] {logging_mixin.py:190} INFO - [2025-10-02T20:11:16.131+0000] {dagbag.py:588} INFO - Filling up the DagBag from /home/airflow/.local/lib/python3.12/site-packages/airflow/example_dags/example_display_name.py
[2025-10-02T20:11:16.143+0000] {processor.py:925} INFO - DAG(s) 'example_display_name' retrieved from /home/airflow/.local/lib/python3.12/site-packages/airflow/example_dags/example_display_name.py
[2025-10-02T20:11:16.361+0000] {logging_mixin.py:190} INFO - [2025-10-02T20:11:16.361+0000] {dag.py:3239} INFO - Sync 1 DAGs
[2025-10-02T20:11:16.416+0000] {logging_mixin.py:190} INFO - [2025-10-02T20:11:16.416+0000] {dag.py:4180} INFO - Setting next_dagrun for example_display_name to None, run_after=None
[2025-10-02T20:11:16.447+0000] {processor.py:208} INFO - Processing /home/airflow/.local/lib/python3.12/site-packages/airflow/example_dags/example_display_name.py took 0.328 seconds
[2025-10-02T20:11:46.547+0000] {processor.py:186} INFO - Started process (PID=152) to work on /home/airflow/.local/lib/python3.12/site-packages/airflow/example_dags/example_display_name.py
[2025-10-02T20:11:46.549+0000] {processor.py:914} INFO - Processing file /home/airflow/.local/lib/python3.12/site-packages/airflow/example_dags/example_display_name.py for tasks to queue
[2025-10-02T20:11:46.552+0000] {logging_mixin.py:190} INFO - [2025-10-02T20:11:46.551+0000] {dagbag.py:588} INFO - Filling up the DagBag from /home/airflow/.local/lib/python3.12/site-packages/airflow/example_dags/example_display_name.py
[2025-10-02T20:11:46.560+0000] {processor.py:925} INFO - DAG(s) 'example_display_name' retrieved from /home/airflow/.local/lib/python3.12/site-packages/airflow/example_dags/example_display_name.py
[2025-10-02T20:11:46.579+0000] {logging_mixin.py:190} INFO - [2025-10-02T20:11:46.578+0000] {dag.py:3239} INFO - Sync 1 DAGs
[2025-10-02T20:11:46.593+0000] {logging_mixin.py:190} INFO - [2025-10-02T20:11:46.593+0000] {dag.py:4180} INFO - Setting next_dagrun for example_display_name to None, run_after=None
[2025-10-02T20:11:46.610+0000] {processor.py:208} INFO - Processing /home/airflow/.local/lib/python3.12/site-packages/airflow/example_dags/example_display_name.py took 0.070 seconds
[2025-10-02T20:12:17.441+0000] {processor.py:186} INFO - Started process (PID=215) to work on /home/airflow/.local/lib/python3.12/site-packages/airflow/example_dags/example_display_name.py
[2025-10-02T20:12:17.442+0000] {processor.py:914} INFO - Processing file /home/airflow/.local/lib/python3.12/site-packages/airflow/example_dags/example_display_name.py for tasks to queue
[2025-10-02T20:12:17.447+0000] {logging_mixin.py:190} INFO - [2025-10-02T20:12:17.446+0000] {dagbag.py:588} INFO - Filling up the DagBag from /home/airflow/.local/lib/python3.12/site-packages/airflow/example_dags/example_display_name.py
[2025-10-02T20:12:17.461+0000] {processor.py:925} INFO - DAG(s) 'example_display_name' retrieved from /home/airflow/.local/lib/python3.12/site-packages/airflow/example_dags/example_display_name.py
[2025-10-02T20:12:17.491+0000] {logging_mixin.py:190} INFO - [2025-10-02T20:12:17.490+0000] {dag.py:3239} INFO - Sync 1 DAGs
[2025-10-02T20:12:17.511+0000] {logging_mixin.py:190} INFO - [2025-10-02T20:12:17.511+0000] {dag.py:4180} INFO - Setting next_dagrun for example_display_name to None, run_after=None
[2025-10-02T20:12:17.532+0000] {processor.py:208} INFO - Processing /home/airflow/.local/lib/python3.12/site-packages/airflow/example_dags/example_display_name.py took 0.100 seconds
[2025-10-02T20:12:48.633+0000] {processor.py:186} INFO - Started process (PID=278) to work on /home/airflow/.local/lib/python3.12/site-packages/airflow/example_dags/example_display_name.py
[2025-10-02T20:12:48.635+0000] {processor.py:914} INFO - Processing file /home/airflow/.local/lib/python3.12/site-packages/airflow/example_dags/example_display_name.py for tasks to queue
[2025-10-02T20:12:48.638+0000] {logging_mixin.py:190} INFO - [2025-10-02T20:12:48.638+0000] {dagbag.py:588} INFO - Filling up the DagBag from /home/airflow/.local/lib/python3.12/site-packages/airflow/example_dags/example_display_name.py
[2025-10-02T20:12:48.649+0000] {processor.py:925} INFO - DAG(s) 'example_display_name' retrieved from /home/airflow/.local/lib/python3.12/site-packages/airflow/example_dags/example_display_name.py
[2025-10-02T20:12:48.673+0000] {logging_mixin.py:190} INFO - [2025-10-02T20:12:48.673+0000] {dag.py:3239} INFO - Sync 1 DAGs
[2025-10-02T20:12:48.689+0000] {logging_mixin.py:190} INFO - [2025-10-02T20:12:48.689+0000] {dag.py:4180} INFO - Setting next_dagrun for example_display_name to None, run_after=None
[2025-10-02T20:12:48.709+0000] {processor.py:208} INFO - Processing /home/airflow/.local/lib/python3.12/site-packages/airflow/example_dags/example_display_name.py took 0.085 seconds
[2025-10-02T20:13:19.023+0000] {processor.py:186} INFO - Started process (PID=341) to work on /home/airflow/.local/lib/python3.12/site-packages/airflow/example_dags/example_display_name.py
[2025-10-02T20:13:19.025+0000] {processor.py:914} INFO - Processing file /home/airflow/.local/lib/python3.12/site-packages/airflow/example_dags/example_display_name.py for tasks to queue
[2025-10-02T20:13:19.031+0000] {logging_mixin.py:190} INFO - [2025-10-02T20:13:19.030+0000] {dagbag.py:588} INFO - Filling up the DagBag from /home/airflow/.local/lib/python3.12/site-packages/airflow/example_dags/example_display_name.py
[2025-10-02T20:13:19.049+0000] {processor.py:925} INFO - DAG(s) 'example_display_name' retrieved from /home/airflow/.local/lib/python3.12/site-packages/airflow/example_dags/example_display_name.py
[2025-10-02T20:13:19.085+0000] {logging_mixin.py:190} INFO - [2025-10-02T20:13:19.085+0000] {dag.py:3239} INFO - Sync 1 DAGs
[2025-10-02T20:13:19.105+0000] {logging_mixin.py:190} INFO - [2025-10-02T20:13:19.105+0000] {dag.py:4180} INFO - Setting next_dagrun for example_display_name to None, run_after=None
[2025-10-02T20:13:19.127+0000] {processor.py:208} INFO - Processing /home/airflow/.local/lib/python3.12/site-packages/airflow/example_dags/example_display_name.py took 0.117 seconds
[2025-10-02T20:13:49.354+0000] {processor.py:186} INFO - Started process (PID=404) to work on /home/airflow/.local/lib/python3.12/site-packages/airflow/example_dags/example_display_name.py
[2025-10-02T20:13:49.355+0000] {processor.py:914} INFO - Processing file /home/airflow/.local/lib/python3.12/site-packages/airflow/example_dags/example_display_name.py for tasks to queue
[2025-10-02T20:13:49.359+0000] {logging_mixin.py:190} INFO - [2025-10-02T20:13:49.358+0000] {dagbag.py:588} INFO - Filling up the DagBag from /home/airflow/.local/lib/python3.12/site-packages/airflow/example_dags/example_display_name.py
[2025-10-02T20:13:49.368+0000] {processor.py:925} INFO - DAG(s) 'example_display_name' retrieved from /home/airflow/.local/lib/python3.12/site-packages/airflow/example_dags/example_display_name.py
[2025-10-02T20:13:49.387+0000] {logging_mixin.py:190} INFO - [2025-10-02T20:13:49.386+0000] {dag.py:3239} INFO - Sync 1 DAGs
[2025-10-02T20:13:49.402+0000] {logging_mixin.py:190} INFO - [2025-10-02T20:13:49.402+0000] {dag.py:4180} INFO - Setting next_dagrun for example_display_name to None, run_after=None
[2025-10-02T20:13:49.420+0000] {processor.py:208} INFO - Processing /home/airflow/.local/lib/python3.12/site-packages/airflow/example_dags/example_display_name.py took 0.073 seconds
[2025-10-02T20:14:19.954+0000] {processor.py:186} INFO - Started process (PID=467) to work on /home/airflow/.local/lib/python3.12/site-packages/airflow/example_dags/example_display_name.py
[2025-10-02T20:14:19.956+0000] {processor.py:914} INFO - Processing file /home/airflow/.local/lib/python3.12/site-packages/airflow/example_dags/example_display_name.py for tasks to queue
[2025-10-02T20:14:19.959+0000] {logging_mixin.py:190} INFO - [2025-10-02T20:14:19.958+0000] {dagbag.py:588} INFO - Filling up the DagBag from /home/airflow/.local/lib/python3.12/site-packages/airflow/example_dags/example_display_name.py
[2025-10-02T20:14:19.968+0000] {processor.py:925} INFO - DAG(s) 'example_display_name' retrieved from /home/airflow/.local/lib/python3.12/site-packages/airflow/example_dags/example_display_name.py
[2025-10-02T20:14:19.987+0000] {logging_mixin.py:190} INFO - [2025-10-02T20:14:19.987+0000] {dag.py:3239} INFO - Sync 1 DAGs
[2025-10-02T20:14:20.003+0000] {logging_mixin.py:190} INFO - [2025-10-02T20:14:20.003+0000] {dag.py:4180} INFO - Setting next_dagrun for example_display_name to None, run_after=None
[2025-10-02T20:14:20.021+0000] {processor.py:208} INFO - Processing /home/airflow/.local/lib/python3.12/site-packages/airflow/example_dags/example_display_name.py took 0.074 seconds
[2025-10-02T20:14:50.338+0000] {processor.py:186} INFO - Started process (PID=530) to work on /home/airflow/.local/lib/python3.12/site-packages/airflow/example_dags/example_display_name.py
[2025-10-02T20:14:50.339+0000] {processor.py:914} INFO - Processing file /home/airflow/.local/lib/python3.12/site-packages/airflow/example_dags/example_display_name.py for tasks to queue
[2025-10-02T20:14:50.342+0000] {logging_mixin.py:190} INFO - [2025-10-02T20:14:50.342+0000] {dagbag.py:588} INFO - Filling up the DagBag from /home/airflow/.local/lib/python3.12/site-packages/airflow/example_dags/example_display_name.py
[2025-10-02T20:14:50.352+0000] {processor.py:925} INFO - DAG(s) 'example_display_name' retrieved from /home/airflow/.local/lib/python3.12/site-packages/airflow/example_dags/example_display_name.py
[2025-10-02T20:14:50.372+0000] {logging_mixin.py:190} INFO - [2025-10-02T20:14:50.372+0000] {dag.py:3239} INFO - Sync 1 DAGs
[2025-10-02T20:14:50.386+0000] {logging_mixin.py:190} INFO - [2025-10-02T20:14:50.386+0000] {dag.py:4180} INFO - Setting next_dagrun for example_display_name to None, run_after=None
[2025-10-02T20:14:50.405+0000] {processor.py:208} INFO - Processing /home/airflow/.local/lib/python3.12/site-packages/airflow/example_dags/example_display_name.py took 0.073 seconds
[2025-10-02T20:15:42.317+0000] {processor.py:186} INFO - Started process (PID=594) to work on /home/airflow/.local/lib/python3.12/site-packages/airflow/example_dags/example_display_name.py
[2025-10-02T20:15:42.318+0000] {processor.py:914} INFO - Processing file /home/airflow/.local/lib/python3.12/site-packages/airflow/example_dags/example_display_name.py for tasks to queue
[2025-10-02T20:15:42.322+0000] {logging_mixin.py:190} INFO - [2025-10-02T20:15:42.321+0000] {dagbag.py:588} INFO - Filling up the DagBag from /home/airflow/.local/lib/python3.12/site-packages/airflow/example_dags/example_display_name.py
[2025-10-02T20:15:42.334+0000] {processor.py:925} INFO - DAG(s) 'example_display_name' retrieved from /home/airflow/.local/lib/python3.12/site-packages/airflow/example_dags/example_display_name.py
[2025-10-02T20:15:42.357+0000] {logging_mixin.py:190} INFO - [2025-10-02T20:15:42.357+0000] {dag.py:3239} INFO - Sync 1 DAGs
[2025-10-02T20:15:42.375+0000] {logging_mixin.py:190} INFO - [2025-10-02T20:15:42.375+0000] {dag.py:4180} INFO - Setting next_dagrun for example_display_name to None, run_after=None
[2025-10-02T20:15:42.396+0000] {processor.py:208} INFO - Processing /home/airflow/.local/lib/python3.12/site-packages/airflow/example_dags/example_display_name.py took 0.087 seconds
[2025-10-02T20:16:13.449+0000] {processor.py:186} INFO - Started process (PID=657) to work on /home/airflow/.local/lib/python3.12/site-packages/airflow/example_dags/example_display_name.py
[2025-10-02T20:16:13.450+0000] {processor.py:914} INFO - Processing file /home/airflow/.local/lib/python3.12/site-packages/airflow/example_dags/example_display_name.py for tasks to queue
[2025-10-02T20:16:13.455+0000] {logging_mixin.py:190} INFO - [2025-10-02T20:16:13.454+0000] {dagbag.py:588} INFO - Filling up the DagBag from /home/airflow/.local/lib/python3.12/site-packages/airflow/example_dags/example_display_name.py
[2025-10-02T20:16:13.466+0000] {processor.py:925} INFO - DAG(s) 'example_display_name' retrieved from /home/airflow/.local/lib/python3.12/site-packages/airflow/example_dags/example_display_name.py
[2025-10-02T20:16:13.493+0000] {logging_mixin.py:190} INFO - [2025-10-02T20:16:13.493+0000] {dag.py:3239} INFO - Sync 1 DAGs
[2025-10-02T20:16:13.513+0000] {logging_mixin.py:190} INFO - [2025-10-02T20:16:13.513+0000] {dag.py:4180} INFO - Setting next_dagrun for example_display_name to None, run_after=None
[2025-10-02T20:16:13.538+0000] {processor.py:208} INFO - Processing /home/airflow/.local/lib/python3.12/site-packages/airflow/example_dags/example_display_name.py took 0.098 seconds
[2025-10-02T20:16:43.681+0000] {processor.py:186} INFO - Started process (PID=720) to work on /home/airflow/.local/lib/python3.12/site-packages/airflow/example_dags/example_display_name.py
[2025-10-02T20:16:43.682+0000] {processor.py:914} INFO - Processing file /home/airflow/.local/lib/python3.12/site-packages/airflow/example_dags/example_display_name.py for tasks to queue
[2025-10-02T20:16:43.687+0000] {logging_mixin.py:190} INFO - [2025-10-02T20:16:43.686+0000] {dagbag.py:588} INFO - Filling up the DagBag from /home/airflow/.local/lib/python3.12/site-packages/airflow/example_dags/example_display_name.py
[2025-10-02T20:16:43.697+0000] {processor.py:925} INFO - DAG(s) 'example_display_name' retrieved from /home/airflow/.local/lib/python3.12/site-packages/airflow/example_dags/example_display_name.py
[2025-10-02T20:16:43.720+0000] {logging_mixin.py:190} INFO - [2025-10-02T20:16:43.720+0000] {dag.py:3239} INFO - Sync 1 DAGs
[2025-10-02T20:16:43.739+0000] {logging_mixin.py:190} INFO - [2025-10-02T20:16:43.739+0000] {dag.py:4180} INFO - Setting next_dagrun for example_display_name to None, run_after=None
[2025-10-02T20:16:43.759+0000] {processor.py:208} INFO - Processing /home/airflow/.local/lib/python3.12/site-packages/airflow/example_dags/example_display_name.py took 0.086 seconds
[2025-10-02T20:17:14.418+0000] {processor.py:186} INFO - Started process (PID=783) to work on /home/airflow/.local/lib/python3.12/site-packages/airflow/example_dags/example_display_name.py
[2025-10-02T20:17:14.419+0000] {processor.py:914} INFO - Processing file /home/airflow/.local/lib/python3.12/site-packages/airflow/example_dags/example_display_name.py for tasks to queue
[2025-10-02T20:17:14.423+0000] {logging_mixin.py:190} INFO - [2025-10-02T20:17:14.423+0000] {dagbag.py:588} INFO - Filling up the DagBag from /home/airflow/.local/lib/python3.12/site-packages/airflow/example_dags/example_display_name.py
[2025-10-02T20:17:14.432+0000] {processor.py:925} INFO - DAG(s) 'example_display_name' retrieved from /home/airflow/.local/lib/python3.12/site-packages/airflow/example_dags/example_display_name.py
[2025-10-02T20:17:14.452+0000] {logging_mixin.py:190} INFO - [2025-10-02T20:17:14.452+0000] {dag.py:3239} INFO - Sync 1 DAGs
[2025-10-02T20:17:14.467+0000] {logging_mixin.py:190} INFO - [2025-10-02T20:17:14.467+0000] {dag.py:4180} INFO - Setting next_dagrun for example_display_name to None, run_after=None
[2025-10-02T20:17:14.486+0000] {processor.py:208} INFO - Processing /home/airflow/.local/lib/python3.12/site-packages/airflow/example_dags/example_display_name.py took 0.075 seconds
[2025-10-02T20:17:44.849+0000] {processor.py:186} INFO - Started process (PID=846) to work on /home/airflow/.local/lib/python3.12/site-packages/airflow/example_dags/example_display_name.py
[2025-10-02T20:17:44.850+0000] {processor.py:914} INFO - Processing file /home/airflow/.local/lib/python3.12/site-packages/airflow/example_dags/example_display_name.py for tasks to queue
[2025-10-02T20:17:44.854+0000] {logging_mixin.py:190} INFO - [2025-10-02T20:17:44.853+0000] {dagbag.py:588} INFO - Filling up the DagBag from /home/airflow/.local/lib/python3.12/site-packages/airflow/example_dags/example_display_name.py
[2025-10-02T20:17:44.863+0000] {processor.py:925} INFO - DAG(s) 'example_display_name' retrieved from /home/airflow/.local/lib/python3.12/site-packages/airflow/example_dags/example_display_name.py
[2025-10-02T20:17:44.886+0000] {logging_mixin.py:190} INFO - [2025-10-02T20:17:44.885+0000] {dag.py:3239} INFO - Sync 1 DAGs
[2025-10-02T20:17:44.902+0000] {logging_mixin.py:190} INFO - [2025-10-02T20:17:44.901+0000] {dag.py:4180} INFO - Setting next_dagrun for example_display_name to None, run_after=None
[2025-10-02T20:17:44.919+0000] {processor.py:208} INFO - Processing /home/airflow/.local/lib/python3.12/site-packages/airflow/example_dags/example_display_name.py took 0.078 seconds
[2025-10-02T20:18:15.558+0000] {processor.py:186} INFO - Started process (PID=909) to work on /home/airflow/.local/lib/python3.12/site-packages/airflow/example_dags/example_display_name.py
[2025-10-02T20:18:15.559+0000] {processor.py:914} INFO - Processing file /home/airflow/.local/lib/python3.12/site-packages/airflow/example_dags/example_display_name.py for tasks to queue
[2025-10-02T20:18:15.563+0000] {logging_mixin.py:190} INFO - [2025-10-02T20:18:15.562+0000] {dagbag.py:588} INFO - Filling up the DagBag from /home/airflow/.local/lib/python3.12/site-packages/airflow/example_dags/example_display_name.py
[2025-10-02T20:18:15.572+0000] {processor.py:925} INFO - DAG(s) 'example_display_name' retrieved from /home/airflow/.local/lib/python3.12/site-packages/airflow/example_dags/example_display_name.py
[2025-10-02T20:18:15.596+0000] {logging_mixin.py:190} INFO - [2025-10-02T20:18:15.595+0000] {dag.py:3239} INFO - Sync 1 DAGs
[2025-10-02T20:18:15.614+0000] {logging_mixin.py:190} INFO - [2025-10-02T20:18:15.613+0000] {dag.py:4180} INFO - Setting next_dagrun for example_display_name to None, run_after=None
[2025-10-02T20:18:15.632+0000] {processor.py:208} INFO - Processing /home/airflow/.local/lib/python3.12/site-packages/airflow/example_dags/example_display_name.py took 0.081 seconds
[2025-10-02T20:18:45.999+0000] {processor.py:186} INFO - Started process (PID=973) to work on /home/airflow/.local/lib/python3.12/site-packages/airflow/example_dags/example_display_name.py
[2025-10-02T20:18:46.003+0000] {processor.py:914} INFO - Processing file /home/airflow/.local/lib/python3.12/site-packages/airflow/example_dags/example_display_name.py for tasks to queue
[2025-10-02T20:18:46.007+0000] {logging_mixin.py:190} INFO - [2025-10-02T20:18:46.006+0000] {dagbag.py:588} INFO - Filling up the DagBag from /home/airflow/.local/lib/python3.12/site-packages/airflow/example_dags/example_display_name.py
[2025-10-02T20:18:46.017+0000] {processor.py:925} INFO - DAG(s) 'example_display_name' retrieved from /home/airflow/.local/lib/python3.12/site-packages/airflow/example_dags/example_display_name.py
[2025-10-02T20:18:46.039+0000] {logging_mixin.py:190} INFO - [2025-10-02T20:18:46.038+0000] {dag.py:3239} INFO - Sync 1 DAGs
[2025-10-02T20:18:46.055+0000] {logging_mixin.py:190} INFO - [2025-10-02T20:18:46.054+0000] {dag.py:4180} INFO - Setting next_dagrun for example_display_name to None, run_after=None
[2025-10-02T20:18:46.074+0000] {processor.py:208} INFO - Processing /home/airflow/.local/lib/python3.12/site-packages/airflow/example_dags/example_display_name.py took 0.083 seconds
[2025-10-02T20:19:16.840+0000] {processor.py:186} INFO - Started process (PID=1036) to work on /home/airflow/.local/lib/python3.12/site-packages/airflow/example_dags/example_display_name.py
[2025-10-02T20:19:16.841+0000] {processor.py:914} INFO - Processing file /home/airflow/.local/lib/python3.12/site-packages/airflow/example_dags/example_display_name.py for tasks to queue
[2025-10-02T20:19:16.846+0000] {logging_mixin.py:190} INFO - [2025-10-02T20:19:16.845+0000] {dagbag.py:588} INFO - Filling up the DagBag from /home/airflow/.local/lib/python3.12/site-packages/airflow/example_dags/example_display_name.py
[2025-10-02T20:19:16.857+0000] {processor.py:925} INFO - DAG(s) 'example_display_name' retrieved from /home/airflow/.local/lib/python3.12/site-packages/airflow/example_dags/example_display_name.py
[2025-10-02T20:19:16.884+0000] {logging_mixin.py:190} INFO - [2025-10-02T20:19:16.883+0000] {dag.py:3239} INFO - Sync 1 DAGs
[2025-10-02T20:19:16.903+0000] {logging_mixin.py:190} INFO - [2025-10-02T20:19:16.903+0000] {dag.py:4180} INFO - Setting next_dagrun for example_display_name to None, run_after=None
[2025-10-02T20:19:16.927+0000] {processor.py:208} INFO - Processing /home/airflow/.local/lib/python3.12/site-packages/airflow/example_dags/example_display_name.py took 0.095 seconds
[2025-10-02T20:19:47.970+0000] {processor.py:186} INFO - Started process (PID=1099) to work on /home/airflow/.local/lib/python3.12/site-packages/airflow/example_dags/example_display_name.py
[2025-10-02T20:19:47.971+0000] {processor.py:914} INFO - Processing file /home/airflow/.local/lib/python3.12/site-packages/airflow/example_dags/example_display_name.py for tasks to queue
[2025-10-02T20:19:47.975+0000] {logging_mixin.py:190} INFO - [2025-10-02T20:19:47.975+0000] {dagbag.py:588} INFO - Filling up the DagBag from /home/airflow/.local/lib/python3.12/site-packages/airflow/example_dags/example_display_name.py
[2025-10-02T20:19:47.988+0000] {processor.py:925} INFO - DAG(s) 'example_display_name' retrieved from /home/airflow/.local/lib/python3.12/site-packages/airflow/example_dags/example_display_name.py
[2025-10-02T20:19:48.014+0000] {logging_mixin.py:190} INFO - [2025-10-02T20:19:48.014+0000] {dag.py:3239} INFO - Sync 1 DAGs
[2025-10-02T20:19:48.032+0000] {logging_mixin.py:190} INFO - [2025-10-02T20:19:48.032+0000] {dag.py:4180} INFO - Setting next_dagrun for example_display_name to None, run_after=None
[2025-10-02T20:19:48.052+0000] {processor.py:208} INFO - Processing /home/airflow/.local/lib/python3.12/site-packages/airflow/example_dags/example_display_name.py took 0.091 seconds
[2025-10-02T20:20:26.109+0000] {processor.py:186} INFO - Started process (PID=1162) to work on /home/airflow/.local/lib/python3.12/site-packages/airflow/example_dags/example_display_name.py
[2025-10-02T20:20:26.115+0000] {processor.py:914} INFO - Processing file /home/airflow/.local/lib/python3.12/site-packages/airflow/example_dags/example_display_name.py for tasks to queue
[2025-10-02T20:20:26.124+0000] {logging_mixin.py:190} INFO - [2025-10-02T20:20:26.124+0000] {dagbag.py:588} INFO - Filling up the DagBag from /home/airflow/.local/lib/python3.12/site-packages/airflow/example_dags/example_display_name.py
[2025-10-02T20:20:26.160+0000] {processor.py:925} INFO - DAG(s) 'example_display_name' retrieved from /home/airflow/.local/lib/python3.12/site-packages/airflow/example_dags/example_display_name.py
[2025-10-02T20:20:38.775+0000] {logging_mixin.py:190} INFO - [2025-10-02T20:20:38.772+0000] {dag.py:3239} INFO - Sync 1 DAGs
[2025-10-02T20:20:38.809+0000] {logging_mixin.py:190} INFO - [2025-10-02T20:20:38.809+0000] {dag.py:4180} INFO - Setting next_dagrun for example_display_name to None, run_after=None
[2025-10-02T20:20:38.846+0000] {processor.py:208} INFO - Processing /home/airflow/.local/lib/python3.12/site-packages/airflow/example_dags/example_display_name.py took 12.751 seconds
[2025-10-02T20:21:09.134+0000] {processor.py:186} INFO - Started process (PID=1225) to work on /home/airflow/.local/lib/python3.12/site-packages/airflow/example_dags/example_display_name.py
[2025-10-02T20:21:09.136+0000] {processor.py:914} INFO - Processing file /home/airflow/.local/lib/python3.12/site-packages/airflow/example_dags/example_display_name.py for tasks to queue
[2025-10-02T20:21:09.140+0000] {logging_mixin.py:190} INFO - [2025-10-02T20:21:09.139+0000] {dagbag.py:588} INFO - Filling up the DagBag from /home/airflow/.local/lib/python3.12/site-packages/airflow/example_dags/example_display_name.py
[2025-10-02T20:21:09.154+0000] {processor.py:925} INFO - DAG(s) 'example_display_name' retrieved from /home/airflow/.local/lib/python3.12/site-packages/airflow/example_dags/example_display_name.py
[2025-10-02T20:21:09.181+0000] {logging_mixin.py:190} INFO - [2025-10-02T20:21:09.181+0000] {dag.py:3239} INFO - Sync 1 DAGs
[2025-10-02T20:21:09.199+0000] {logging_mixin.py:190} INFO - [2025-10-02T20:21:09.199+0000] {dag.py:4180} INFO - Setting next_dagrun for example_display_name to None, run_after=None
[2025-10-02T20:21:09.220+0000] {processor.py:208} INFO - Processing /home/airflow/.local/lib/python3.12/site-packages/airflow/example_dags/example_display_name.py took 0.100 seconds
[2025-10-02T20:21:39.342+0000] {processor.py:186} INFO - Started process (PID=1288) to work on /home/airflow/.local/lib/python3.12/site-packages/airflow/example_dags/example_display_name.py
[2025-10-02T20:21:39.343+0000] {processor.py:914} INFO - Processing file /home/airflow/.local/lib/python3.12/site-packages/airflow/example_dags/example_display_name.py for tasks to queue
[2025-10-02T20:21:39.347+0000] {logging_mixin.py:190} INFO - [2025-10-02T20:21:39.346+0000] {dagbag.py:588} INFO - Filling up the DagBag from /home/airflow/.local/lib/python3.12/site-packages/airflow/example_dags/example_display_name.py
[2025-10-02T20:21:39.358+0000] {processor.py:925} INFO - DAG(s) 'example_display_name' retrieved from /home/airflow/.local/lib/python3.12/site-packages/airflow/example_dags/example_display_name.py
[2025-10-02T20:21:39.380+0000] {logging_mixin.py:190} INFO - [2025-10-02T20:21:39.380+0000] {dag.py:3239} INFO - Sync 1 DAGs
[2025-10-02T20:21:39.395+0000] {logging_mixin.py:190} INFO - [2025-10-02T20:21:39.395+0000] {dag.py:4180} INFO - Setting next_dagrun for example_display_name to None, run_after=None
[2025-10-02T20:21:39.412+0000] {processor.py:208} INFO - Processing /home/airflow/.local/lib/python3.12/site-packages/airflow/example_dags/example_display_name.py took 0.077 seconds
[2025-10-02T20:22:10.312+0000] {processor.py:186} INFO - Started process (PID=1351) to work on /home/airflow/.local/lib/python3.12/site-packages/airflow/example_dags/example_display_name.py
[2025-10-02T20:22:10.314+0000] {processor.py:914} INFO - Processing file /home/airflow/.local/lib/python3.12/site-packages/airflow/example_dags/example_display_name.py for tasks to queue
[2025-10-02T20:22:10.320+0000] {logging_mixin.py:190} INFO - [2025-10-02T20:22:10.319+0000] {dagbag.py:588} INFO - Filling up the DagBag from /home/airflow/.local/lib/python3.12/site-packages/airflow/example_dags/example_display_name.py
[2025-10-02T20:22:10.343+0000] {processor.py:925} INFO - DAG(s) 'example_display_name' retrieved from /home/airflow/.local/lib/python3.12/site-packages/airflow/example_dags/example_display_name.py
[2025-10-02T20:22:10.366+0000] {logging_mixin.py:190} INFO - [2025-10-02T20:22:10.366+0000] {dag.py:3239} INFO - Sync 1 DAGs
[2025-10-02T20:22:10.382+0000] {logging_mixin.py:190} INFO - [2025-10-02T20:22:10.382+0000] {dag.py:4180} INFO - Setting next_dagrun for example_display_name to None, run_after=None
[2025-10-02T20:22:10.403+0000] {processor.py:208} INFO - Processing /home/airflow/.local/lib/python3.12/site-packages/airflow/example_dags/example_display_name.py took 0.097 seconds
[2025-10-02T20:26:03.249+0000] {processor.py:186} INFO - Started process (PID=76) to work on /home/airflow/.local/lib/python3.12/site-packages/airflow/example_dags/example_display_name.py
[2025-10-02T20:26:03.251+0000] {processor.py:914} INFO - Processing file /home/airflow/.local/lib/python3.12/site-packages/airflow/example_dags/example_display_name.py for tasks to queue
[2025-10-02T20:26:03.254+0000] {logging_mixin.py:190} INFO - [2025-10-02T20:26:03.253+0000] {dagbag.py:588} INFO - Filling up the DagBag from /home/airflow/.local/lib/python3.12/site-packages/airflow/example_dags/example_display_name.py
[2025-10-02T20:26:03.262+0000] {processor.py:925} INFO - DAG(s) 'example_display_name' retrieved from /home/airflow/.local/lib/python3.12/site-packages/airflow/example_dags/example_display_name.py
[2025-10-02T20:26:03.286+0000] {logging_mixin.py:190} INFO - [2025-10-02T20:26:03.286+0000] {dag.py:3239} INFO - Sync 1 DAGs
[2025-10-02T20:26:03.305+0000] {logging_mixin.py:190} INFO - [2025-10-02T20:26:03.305+0000] {dag.py:4180} INFO - Setting next_dagrun for example_display_name to None, run_after=None
[2025-10-02T20:26:03.325+0000] {processor.py:208} INFO - Processing /home/airflow/.local/lib/python3.12/site-packages/airflow/example_dags/example_display_name.py took 0.082 seconds
[2025-10-02T20:26:34.075+0000] {processor.py:186} INFO - Started process (PID=139) to work on /home/airflow/.local/lib/python3.12/site-packages/airflow/example_dags/example_display_name.py
[2025-10-02T20:26:34.077+0000] {processor.py:914} INFO - Processing file /home/airflow/.local/lib/python3.12/site-packages/airflow/example_dags/example_display_name.py for tasks to queue
[2025-10-02T20:26:34.080+0000] {logging_mixin.py:190} INFO - [2025-10-02T20:26:34.079+0000] {dagbag.py:588} INFO - Filling up the DagBag from /home/airflow/.local/lib/python3.12/site-packages/airflow/example_dags/example_display_name.py
[2025-10-02T20:26:34.090+0000] {processor.py:925} INFO - DAG(s) 'example_display_name' retrieved from /home/airflow/.local/lib/python3.12/site-packages/airflow/example_dags/example_display_name.py
[2025-10-02T20:26:34.117+0000] {logging_mixin.py:190} INFO - [2025-10-02T20:26:34.117+0000] {dag.py:3239} INFO - Sync 1 DAGs
[2025-10-02T20:26:34.135+0000] {logging_mixin.py:190} INFO - [2025-10-02T20:26:34.135+0000] {dag.py:4180} INFO - Setting next_dagrun for example_display_name to None, run_after=None
[2025-10-02T20:26:34.157+0000] {processor.py:208} INFO - Processing /home/airflow/.local/lib/python3.12/site-packages/airflow/example_dags/example_display_name.py took 0.091 seconds
[2025-10-02T20:30:59.570+0000] {processor.py:186} INFO - Started process (PID=83) to work on /home/airflow/.local/lib/python3.12/site-packages/airflow/example_dags/example_display_name.py
[2025-10-02T20:30:59.572+0000] {processor.py:914} INFO - Processing file /home/airflow/.local/lib/python3.12/site-packages/airflow/example_dags/example_display_name.py for tasks to queue
[2025-10-02T20:30:59.576+0000] {logging_mixin.py:190} INFO - [2025-10-02T20:30:59.575+0000] {dagbag.py:588} INFO - Filling up the DagBag from /home/airflow/.local/lib/python3.12/site-packages/airflow/example_dags/example_display_name.py
[2025-10-02T20:30:59.588+0000] {processor.py:925} INFO - DAG(s) 'example_display_name' retrieved from /home/airflow/.local/lib/python3.12/site-packages/airflow/example_dags/example_display_name.py
[2025-10-02T20:30:59.615+0000] {logging_mixin.py:190} INFO - [2025-10-02T20:30:59.615+0000] {dag.py:3239} INFO - Sync 1 DAGs
[2025-10-02T20:30:59.633+0000] {logging_mixin.py:190} INFO - [2025-10-02T20:30:59.632+0000] {dag.py:4180} INFO - Setting next_dagrun for example_display_name to None, run_after=None
[2025-10-02T20:30:59.657+0000] {processor.py:208} INFO - Processing /home/airflow/.local/lib/python3.12/site-packages/airflow/example_dags/example_display_name.py took 0.096 seconds
[2025-10-02T20:31:30.280+0000] {processor.py:186} INFO - Started process (PID=146) to work on /home/airflow/.local/lib/python3.12/site-packages/airflow/example_dags/example_display_name.py
[2025-10-02T20:31:30.281+0000] {processor.py:914} INFO - Processing file /home/airflow/.local/lib/python3.12/site-packages/airflow/example_dags/example_display_name.py for tasks to queue
[2025-10-02T20:31:30.284+0000] {logging_mixin.py:190} INFO - [2025-10-02T20:31:30.284+0000] {dagbag.py:588} INFO - Filling up the DagBag from /home/airflow/.local/lib/python3.12/site-packages/airflow/example_dags/example_display_name.py
[2025-10-02T20:31:30.294+0000] {processor.py:925} INFO - DAG(s) 'example_display_name' retrieved from /home/airflow/.local/lib/python3.12/site-packages/airflow/example_dags/example_display_name.py
[2025-10-02T20:31:30.317+0000] {logging_mixin.py:190} INFO - [2025-10-02T20:31:30.316+0000] {dag.py:3239} INFO - Sync 1 DAGs
[2025-10-02T20:31:30.333+0000] {logging_mixin.py:190} INFO - [2025-10-02T20:31:30.333+0000] {dag.py:4180} INFO - Setting next_dagrun for example_display_name to None, run_after=None
[2025-10-02T20:31:30.354+0000] {processor.py:208} INFO - Processing /home/airflow/.local/lib/python3.12/site-packages/airflow/example_dags/example_display_name.py took 0.081 seconds
[2025-10-02T20:32:01.046+0000] {processor.py:186} INFO - Started process (PID=209) to work on /home/airflow/.local/lib/python3.12/site-packages/airflow/example_dags/example_display_name.py
[2025-10-02T20:32:01.048+0000] {processor.py:914} INFO - Processing file /home/airflow/.local/lib/python3.12/site-packages/airflow/example_dags/example_display_name.py for tasks to queue
[2025-10-02T20:32:01.051+0000] {logging_mixin.py:190} INFO - [2025-10-02T20:32:01.051+0000] {dagbag.py:588} INFO - Filling up the DagBag from /home/airflow/.local/lib/python3.12/site-packages/airflow/example_dags/example_display_name.py
[2025-10-02T20:32:01.060+0000] {processor.py:925} INFO - DAG(s) 'example_display_name' retrieved from /home/airflow/.local/lib/python3.12/site-packages/airflow/example_dags/example_display_name.py
[2025-10-02T20:32:01.083+0000] {logging_mixin.py:190} INFO - [2025-10-02T20:32:01.083+0000] {dag.py:3239} INFO - Sync 1 DAGs
[2025-10-02T20:32:01.101+0000] {logging_mixin.py:190} INFO - [2025-10-02T20:32:01.100+0000] {dag.py:4180} INFO - Setting next_dagrun for example_display_name to None, run_after=None
[2025-10-02T20:32:01.120+0000] {processor.py:208} INFO - Processing /home/airflow/.local/lib/python3.12/site-packages/airflow/example_dags/example_display_name.py took 0.080 seconds
[2025-10-02T20:32:31.894+0000] {processor.py:186} INFO - Started process (PID=275) to work on /home/airflow/.local/lib/python3.12/site-packages/airflow/example_dags/example_display_name.py
[2025-10-02T20:32:31.896+0000] {processor.py:914} INFO - Processing file /home/airflow/.local/lib/python3.12/site-packages/airflow/example_dags/example_display_name.py for tasks to queue
[2025-10-02T20:32:31.899+0000] {logging_mixin.py:190} INFO - [2025-10-02T20:32:31.898+0000] {dagbag.py:588} INFO - Filling up the DagBag from /home/airflow/.local/lib/python3.12/site-packages/airflow/example_dags/example_display_name.py
[2025-10-02T20:32:31.908+0000] {processor.py:925} INFO - DAG(s) 'example_display_name' retrieved from /home/airflow/.local/lib/python3.12/site-packages/airflow/example_dags/example_display_name.py
[2025-10-02T20:32:31.934+0000] {logging_mixin.py:190} INFO - [2025-10-02T20:32:31.933+0000] {dag.py:3239} INFO - Sync 1 DAGs
[2025-10-02T20:32:31.953+0000] {logging_mixin.py:190} INFO - [2025-10-02T20:32:31.952+0000] {dag.py:4180} INFO - Setting next_dagrun for example_display_name to None, run_after=None
[2025-10-02T20:32:31.979+0000] {processor.py:208} INFO - Processing /home/airflow/.local/lib/python3.12/site-packages/airflow/example_dags/example_display_name.py took 0.092 seconds
[2025-10-02T20:33:02.411+0000] {processor.py:186} INFO - Started process (PID=340) to work on /home/airflow/.local/lib/python3.12/site-packages/airflow/example_dags/example_display_name.py
[2025-10-02T20:33:02.412+0000] {processor.py:914} INFO - Processing file /home/airflow/.local/lib/python3.12/site-packages/airflow/example_dags/example_display_name.py for tasks to queue
[2025-10-02T20:33:02.416+0000] {logging_mixin.py:190} INFO - [2025-10-02T20:33:02.415+0000] {dagbag.py:588} INFO - Filling up the DagBag from /home/airflow/.local/lib/python3.12/site-packages/airflow/example_dags/example_display_name.py
[2025-10-02T20:33:02.425+0000] {processor.py:925} INFO - DAG(s) 'example_display_name' retrieved from /home/airflow/.local/lib/python3.12/site-packages/airflow/example_dags/example_display_name.py
[2025-10-02T20:33:02.449+0000] {logging_mixin.py:190} INFO - [2025-10-02T20:33:02.449+0000] {dag.py:3239} INFO - Sync 1 DAGs
[2025-10-02T20:33:02.469+0000] {logging_mixin.py:190} INFO - [2025-10-02T20:33:02.469+0000] {dag.py:4180} INFO - Setting next_dagrun for example_display_name to None, run_after=None
[2025-10-02T20:33:02.494+0000] {processor.py:208} INFO - Processing /home/airflow/.local/lib/python3.12/site-packages/airflow/example_dags/example_display_name.py took 0.089 seconds
[2025-10-02T20:35:16.726+0000] {processor.py:186} INFO - Started process (PID=82) to work on /home/airflow/.local/lib/python3.12/site-packages/airflow/example_dags/example_display_name.py
[2025-10-02T20:35:16.728+0000] {processor.py:914} INFO - Processing file /home/airflow/.local/lib/python3.12/site-packages/airflow/example_dags/example_display_name.py for tasks to queue
[2025-10-02T20:35:16.732+0000] {logging_mixin.py:190} INFO - [2025-10-02T20:35:16.731+0000] {dagbag.py:588} INFO - Filling up the DagBag from /home/airflow/.local/lib/python3.12/site-packages/airflow/example_dags/example_display_name.py
[2025-10-02T20:35:16.747+0000] {processor.py:925} INFO - DAG(s) 'example_display_name' retrieved from /home/airflow/.local/lib/python3.12/site-packages/airflow/example_dags/example_display_name.py
[2025-10-02T20:35:16.777+0000] {logging_mixin.py:190} INFO - [2025-10-02T20:35:16.776+0000] {dag.py:3239} INFO - Sync 1 DAGs
[2025-10-02T20:35:16.809+0000] {logging_mixin.py:190} INFO - [2025-10-02T20:35:16.809+0000] {dag.py:4180} INFO - Setting next_dagrun for example_display_name to None, run_after=None
[2025-10-02T20:35:16.845+0000] {processor.py:208} INFO - Processing /home/airflow/.local/lib/python3.12/site-packages/airflow/example_dags/example_display_name.py took 0.132 seconds
[2025-10-02T20:35:46.985+0000] {processor.py:186} INFO - Started process (PID=139) to work on /home/airflow/.local/lib/python3.12/site-packages/airflow/example_dags/example_display_name.py
[2025-10-02T20:35:46.986+0000] {processor.py:914} INFO - Processing file /home/airflow/.local/lib/python3.12/site-packages/airflow/example_dags/example_display_name.py for tasks to queue
[2025-10-02T20:35:46.989+0000] {logging_mixin.py:190} INFO - [2025-10-02T20:35:46.989+0000] {dagbag.py:588} INFO - Filling up the DagBag from /home/airflow/.local/lib/python3.12/site-packages/airflow/example_dags/example_display_name.py
[2025-10-02T20:35:46.999+0000] {processor.py:925} INFO - DAG(s) 'example_display_name' retrieved from /home/airflow/.local/lib/python3.12/site-packages/airflow/example_dags/example_display_name.py
[2025-10-02T20:35:47.019+0000] {logging_mixin.py:190} INFO - [2025-10-02T20:35:47.019+0000] {dag.py:3239} INFO - Sync 1 DAGs
[2025-10-02T20:35:47.033+0000] {logging_mixin.py:190} INFO - [2025-10-02T20:35:47.033+0000] {dag.py:4180} INFO - Setting next_dagrun for example_display_name to None, run_after=None
[2025-10-02T20:35:47.048+0000] {processor.py:208} INFO - Processing /home/airflow/.local/lib/python3.12/site-packages/airflow/example_dags/example_display_name.py took 0.069 seconds
[2025-10-02T20:36:17.722+0000] {processor.py:186} INFO - Started process (PID=208) to work on /home/airflow/.local/lib/python3.12/site-packages/airflow/example_dags/example_display_name.py
[2025-10-02T20:36:17.723+0000] {processor.py:914} INFO - Processing file /home/airflow/.local/lib/python3.12/site-packages/airflow/example_dags/example_display_name.py for tasks to queue
[2025-10-02T20:36:17.727+0000] {logging_mixin.py:190} INFO - [2025-10-02T20:36:17.726+0000] {dagbag.py:588} INFO - Filling up the DagBag from /home/airflow/.local/lib/python3.12/site-packages/airflow/example_dags/example_display_name.py
[2025-10-02T20:36:17.739+0000] {processor.py:925} INFO - DAG(s) 'example_display_name' retrieved from /home/airflow/.local/lib/python3.12/site-packages/airflow/example_dags/example_display_name.py
[2025-10-02T20:36:17.762+0000] {logging_mixin.py:190} INFO - [2025-10-02T20:36:17.761+0000] {dag.py:3239} INFO - Sync 1 DAGs
[2025-10-02T20:36:17.778+0000] {logging_mixin.py:190} INFO - [2025-10-02T20:36:17.778+0000] {dag.py:4180} INFO - Setting next_dagrun for example_display_name to None, run_after=None
[2025-10-02T20:36:17.797+0000] {processor.py:208} INFO - Processing /home/airflow/.local/lib/python3.12/site-packages/airflow/example_dags/example_display_name.py took 0.083 seconds
[2025-10-02T20:36:48.259+0000] {processor.py:186} INFO - Started process (PID=271) to work on /home/airflow/.local/lib/python3.12/site-packages/airflow/example_dags/example_display_name.py
[2025-10-02T20:36:48.260+0000] {processor.py:914} INFO - Processing file /home/airflow/.local/lib/python3.12/site-packages/airflow/example_dags/example_display_name.py for tasks to queue
[2025-10-02T20:36:48.263+0000] {logging_mixin.py:190} INFO - [2025-10-02T20:36:48.263+0000] {dagbag.py:588} INFO - Filling up the DagBag from /home/airflow/.local/lib/python3.12/site-packages/airflow/example_dags/example_display_name.py
[2025-10-02T20:36:48.273+0000] {processor.py:925} INFO - DAG(s) 'example_display_name' retrieved from /home/airflow/.local/lib/python3.12/site-packages/airflow/example_dags/example_display_name.py
[2025-10-02T20:36:48.294+0000] {logging_mixin.py:190} INFO - [2025-10-02T20:36:48.293+0000] {dag.py:3239} INFO - Sync 1 DAGs
[2025-10-02T20:36:48.307+0000] {logging_mixin.py:190} INFO - [2025-10-02T20:36:48.307+0000] {dag.py:4180} INFO - Setting next_dagrun for example_display_name to None, run_after=None
[2025-10-02T20:36:48.323+0000] {processor.py:208} INFO - Processing /home/airflow/.local/lib/python3.12/site-packages/airflow/example_dags/example_display_name.py took 0.072 seconds
[2025-10-02T20:37:18.800+0000] {processor.py:186} INFO - Started process (PID=334) to work on /home/airflow/.local/lib/python3.12/site-packages/airflow/example_dags/example_display_name.py
[2025-10-02T20:37:18.802+0000] {processor.py:914} INFO - Processing file /home/airflow/.local/lib/python3.12/site-packages/airflow/example_dags/example_display_name.py for tasks to queue
[2025-10-02T20:37:18.805+0000] {logging_mixin.py:190} INFO - [2025-10-02T20:37:18.805+0000] {dagbag.py:588} INFO - Filling up the DagBag from /home/airflow/.local/lib/python3.12/site-packages/airflow/example_dags/example_display_name.py
[2025-10-02T20:37:18.813+0000] {processor.py:925} INFO - DAG(s) 'example_display_name' retrieved from /home/airflow/.local/lib/python3.12/site-packages/airflow/example_dags/example_display_name.py
[2025-10-02T20:37:18.834+0000] {logging_mixin.py:190} INFO - [2025-10-02T20:37:18.834+0000] {dag.py:3239} INFO - Sync 1 DAGs
[2025-10-02T20:37:18.848+0000] {logging_mixin.py:190} INFO - [2025-10-02T20:37:18.848+0000] {dag.py:4180} INFO - Setting next_dagrun for example_display_name to None, run_after=None
[2025-10-02T20:37:18.865+0000] {processor.py:208} INFO - Processing /home/airflow/.local/lib/python3.12/site-packages/airflow/example_dags/example_display_name.py took 0.071 seconds
[2025-10-02T20:37:48.946+0000] {processor.py:186} INFO - Started process (PID=397) to work on /home/airflow/.local/lib/python3.12/site-packages/airflow/example_dags/example_display_name.py
[2025-10-02T20:37:48.947+0000] {processor.py:914} INFO - Processing file /home/airflow/.local/lib/python3.12/site-packages/airflow/example_dags/example_display_name.py for tasks to queue
[2025-10-02T20:37:48.950+0000] {logging_mixin.py:190} INFO - [2025-10-02T20:37:48.949+0000] {dagbag.py:588} INFO - Filling up the DagBag from /home/airflow/.local/lib/python3.12/site-packages/airflow/example_dags/example_display_name.py
[2025-10-02T20:37:48.958+0000] {processor.py:925} INFO - DAG(s) 'example_display_name' retrieved from /home/airflow/.local/lib/python3.12/site-packages/airflow/example_dags/example_display_name.py
[2025-10-02T20:37:48.978+0000] {logging_mixin.py:190} INFO - [2025-10-02T20:37:48.977+0000] {dag.py:3239} INFO - Sync 1 DAGs
[2025-10-02T20:37:48.993+0000] {logging_mixin.py:190} INFO - [2025-10-02T20:37:48.993+0000] {dag.py:4180} INFO - Setting next_dagrun for example_display_name to None, run_after=None
[2025-10-02T20:37:49.010+0000] {processor.py:208} INFO - Processing /home/airflow/.local/lib/python3.12/site-packages/airflow/example_dags/example_display_name.py took 0.070 seconds
[2025-10-02T20:38:19.413+0000] {processor.py:186} INFO - Started process (PID=460) to work on /home/airflow/.local/lib/python3.12/site-packages/airflow/example_dags/example_display_name.py
[2025-10-02T20:38:19.415+0000] {processor.py:914} INFO - Processing file /home/airflow/.local/lib/python3.12/site-packages/airflow/example_dags/example_display_name.py for tasks to queue
[2025-10-02T20:38:19.417+0000] {logging_mixin.py:190} INFO - [2025-10-02T20:38:19.417+0000] {dagbag.py:588} INFO - Filling up the DagBag from /home/airflow/.local/lib/python3.12/site-packages/airflow/example_dags/example_display_name.py
[2025-10-02T20:38:19.427+0000] {processor.py:925} INFO - DAG(s) 'example_display_name' retrieved from /home/airflow/.local/lib/python3.12/site-packages/airflow/example_dags/example_display_name.py
[2025-10-02T20:38:19.448+0000] {logging_mixin.py:190} INFO - [2025-10-02T20:38:19.448+0000] {dag.py:3239} INFO - Sync 1 DAGs
[2025-10-02T20:38:19.465+0000] {logging_mixin.py:190} INFO - [2025-10-02T20:38:19.465+0000] {dag.py:4180} INFO - Setting next_dagrun for example_display_name to None, run_after=None
[2025-10-02T20:38:19.485+0000] {processor.py:208} INFO - Processing /home/airflow/.local/lib/python3.12/site-packages/airflow/example_dags/example_display_name.py took 0.079 seconds
[2025-10-02T20:38:49.908+0000] {processor.py:186} INFO - Started process (PID=523) to work on /home/airflow/.local/lib/python3.12/site-packages/airflow/example_dags/example_display_name.py
[2025-10-02T20:38:49.909+0000] {processor.py:914} INFO - Processing file /home/airflow/.local/lib/python3.12/site-packages/airflow/example_dags/example_display_name.py for tasks to queue
[2025-10-02T20:38:49.912+0000] {logging_mixin.py:190} INFO - [2025-10-02T20:38:49.912+0000] {dagbag.py:588} INFO - Filling up the DagBag from /home/airflow/.local/lib/python3.12/site-packages/airflow/example_dags/example_display_name.py
[2025-10-02T20:38:49.921+0000] {processor.py:925} INFO - DAG(s) 'example_display_name' retrieved from /home/airflow/.local/lib/python3.12/site-packages/airflow/example_dags/example_display_name.py
[2025-10-02T20:38:49.940+0000] {logging_mixin.py:190} INFO - [2025-10-02T20:38:49.940+0000] {dag.py:3239} INFO - Sync 1 DAGs
[2025-10-02T20:38:49.955+0000] {logging_mixin.py:190} INFO - [2025-10-02T20:38:49.955+0000] {dag.py:4180} INFO - Setting next_dagrun for example_display_name to None, run_after=None
[2025-10-02T20:38:49.972+0000] {processor.py:208} INFO - Processing /home/airflow/.local/lib/python3.12/site-packages/airflow/example_dags/example_display_name.py took 0.070 seconds
[2025-10-02T20:39:20.203+0000] {processor.py:186} INFO - Started process (PID=587) to work on /home/airflow/.local/lib/python3.12/site-packages/airflow/example_dags/example_display_name.py
[2025-10-02T20:39:20.204+0000] {processor.py:914} INFO - Processing file /home/airflow/.local/lib/python3.12/site-packages/airflow/example_dags/example_display_name.py for tasks to queue
[2025-10-02T20:39:20.207+0000] {logging_mixin.py:190} INFO - [2025-10-02T20:39:20.206+0000] {dagbag.py:588} INFO - Filling up the DagBag from /home/airflow/.local/lib/python3.12/site-packages/airflow/example_dags/example_display_name.py
[2025-10-02T20:39:20.214+0000] {processor.py:925} INFO - DAG(s) 'example_display_name' retrieved from /home/airflow/.local/lib/python3.12/site-packages/airflow/example_dags/example_display_name.py
[2025-10-02T20:39:20.233+0000] {logging_mixin.py:190} INFO - [2025-10-02T20:39:20.233+0000] {dag.py:3239} INFO - Sync 1 DAGs
[2025-10-02T20:39:20.246+0000] {logging_mixin.py:190} INFO - [2025-10-02T20:39:20.246+0000] {dag.py:4180} INFO - Setting next_dagrun for example_display_name to None, run_after=None
[2025-10-02T20:39:20.261+0000] {processor.py:208} INFO - Processing /home/airflow/.local/lib/python3.12/site-packages/airflow/example_dags/example_display_name.py took 0.064 seconds
[2025-10-02T20:39:52.008+0000] {processor.py:186} INFO - Started process (PID=650) to work on /home/airflow/.local/lib/python3.12/site-packages/airflow/example_dags/example_display_name.py
[2025-10-02T20:39:52.013+0000] {processor.py:914} INFO - Processing file /home/airflow/.local/lib/python3.12/site-packages/airflow/example_dags/example_display_name.py for tasks to queue
[2025-10-02T20:39:52.018+0000] {logging_mixin.py:190} INFO - [2025-10-02T20:39:52.017+0000] {dagbag.py:588} INFO - Filling up the DagBag from /home/airflow/.local/lib/python3.12/site-packages/airflow/example_dags/example_display_name.py
[2025-10-02T20:39:52.033+0000] {processor.py:925} INFO - DAG(s) 'example_display_name' retrieved from /home/airflow/.local/lib/python3.12/site-packages/airflow/example_dags/example_display_name.py
[2025-10-02T20:39:52.067+0000] {logging_mixin.py:190} INFO - [2025-10-02T20:39:52.066+0000] {dag.py:3239} INFO - Sync 1 DAGs
[2025-10-02T20:39:52.103+0000] {logging_mixin.py:190} INFO - [2025-10-02T20:39:52.103+0000] {dag.py:4180} INFO - Setting next_dagrun for example_display_name to None, run_after=None
[2025-10-02T20:39:52.139+0000] {processor.py:208} INFO - Processing /home/airflow/.local/lib/python3.12/site-packages/airflow/example_dags/example_display_name.py took 0.145 seconds
[2025-10-02T20:41:15.658+0000] {processor.py:186} INFO - Started process (PID=85) to work on /home/airflow/.local/lib/python3.12/site-packages/airflow/example_dags/example_display_name.py
[2025-10-02T20:41:15.661+0000] {processor.py:914} INFO - Processing file /home/airflow/.local/lib/python3.12/site-packages/airflow/example_dags/example_display_name.py for tasks to queue
[2025-10-02T20:41:15.665+0000] {logging_mixin.py:190} INFO - [2025-10-02T20:41:15.664+0000] {dagbag.py:588} INFO - Filling up the DagBag from /home/airflow/.local/lib/python3.12/site-packages/airflow/example_dags/example_display_name.py
[2025-10-02T20:41:15.675+0000] {processor.py:925} INFO - DAG(s) 'example_display_name' retrieved from /home/airflow/.local/lib/python3.12/site-packages/airflow/example_dags/example_display_name.py
[2025-10-02T20:41:15.701+0000] {logging_mixin.py:190} INFO - [2025-10-02T20:41:15.701+0000] {dag.py:3239} INFO - Sync 1 DAGs
[2025-10-02T20:41:15.717+0000] {logging_mixin.py:190} INFO - [2025-10-02T20:41:15.717+0000] {dag.py:4180} INFO - Setting next_dagrun for example_display_name to None, run_after=None
[2025-10-02T20:41:15.746+0000] {processor.py:208} INFO - Processing /home/airflow/.local/lib/python3.12/site-packages/airflow/example_dags/example_display_name.py took 0.097 seconds
[2025-10-02T20:41:45.985+0000] {processor.py:186} INFO - Started process (PID=142) to work on /home/airflow/.local/lib/python3.12/site-packages/airflow/example_dags/example_display_name.py
[2025-10-02T20:41:45.986+0000] {processor.py:914} INFO - Processing file /home/airflow/.local/lib/python3.12/site-packages/airflow/example_dags/example_display_name.py for tasks to queue
[2025-10-02T20:41:45.989+0000] {logging_mixin.py:190} INFO - [2025-10-02T20:41:45.988+0000] {dagbag.py:588} INFO - Filling up the DagBag from /home/airflow/.local/lib/python3.12/site-packages/airflow/example_dags/example_display_name.py
[2025-10-02T20:41:45.998+0000] {processor.py:925} INFO - DAG(s) 'example_display_name' retrieved from /home/airflow/.local/lib/python3.12/site-packages/airflow/example_dags/example_display_name.py
[2025-10-02T20:41:46.021+0000] {logging_mixin.py:190} INFO - [2025-10-02T20:41:46.021+0000] {dag.py:3239} INFO - Sync 1 DAGs
[2025-10-02T20:41:46.039+0000] {logging_mixin.py:190} INFO - [2025-10-02T20:41:46.038+0000] {dag.py:4180} INFO - Setting next_dagrun for example_display_name to None, run_after=None
[2025-10-02T20:41:46.060+0000] {processor.py:208} INFO - Processing /home/airflow/.local/lib/python3.12/site-packages/airflow/example_dags/example_display_name.py took 0.083 seconds
[2025-10-02T20:42:16.864+0000] {processor.py:186} INFO - Started process (PID=211) to work on /home/airflow/.local/lib/python3.12/site-packages/airflow/example_dags/example_display_name.py
[2025-10-02T20:42:16.865+0000] {processor.py:914} INFO - Processing file /home/airflow/.local/lib/python3.12/site-packages/airflow/example_dags/example_display_name.py for tasks to queue
[2025-10-02T20:42:16.869+0000] {logging_mixin.py:190} INFO - [2025-10-02T20:42:16.868+0000] {dagbag.py:588} INFO - Filling up the DagBag from /home/airflow/.local/lib/python3.12/site-packages/airflow/example_dags/example_display_name.py
[2025-10-02T20:42:16.878+0000] {processor.py:925} INFO - DAG(s) 'example_display_name' retrieved from /home/airflow/.local/lib/python3.12/site-packages/airflow/example_dags/example_display_name.py
[2025-10-02T20:42:16.903+0000] {logging_mixin.py:190} INFO - [2025-10-02T20:42:16.903+0000] {dag.py:3239} INFO - Sync 1 DAGs
[2025-10-02T20:42:16.921+0000] {logging_mixin.py:190} INFO - [2025-10-02T20:42:16.920+0000] {dag.py:4180} INFO - Setting next_dagrun for example_display_name to None, run_after=None
[2025-10-02T20:42:16.942+0000] {processor.py:208} INFO - Processing /home/airflow/.local/lib/python3.12/site-packages/airflow/example_dags/example_display_name.py took 0.086 seconds
[2025-10-02T20:42:47.145+0000] {processor.py:186} INFO - Started process (PID=274) to work on /home/airflow/.local/lib/python3.12/site-packages/airflow/example_dags/example_display_name.py
[2025-10-02T20:42:47.146+0000] {processor.py:914} INFO - Processing file /home/airflow/.local/lib/python3.12/site-packages/airflow/example_dags/example_display_name.py for tasks to queue
[2025-10-02T20:42:47.149+0000] {logging_mixin.py:190} INFO - [2025-10-02T20:42:47.148+0000] {dagbag.py:588} INFO - Filling up the DagBag from /home/airflow/.local/lib/python3.12/site-packages/airflow/example_dags/example_display_name.py
[2025-10-02T20:42:47.159+0000] {processor.py:925} INFO - DAG(s) 'example_display_name' retrieved from /home/airflow/.local/lib/python3.12/site-packages/airflow/example_dags/example_display_name.py
[2025-10-02T20:42:47.178+0000] {logging_mixin.py:190} INFO - [2025-10-02T20:42:47.178+0000] {dag.py:3239} INFO - Sync 1 DAGs
[2025-10-02T20:42:47.192+0000] {logging_mixin.py:190} INFO - [2025-10-02T20:42:47.192+0000] {dag.py:4180} INFO - Setting next_dagrun for example_display_name to None, run_after=None
[2025-10-02T20:42:47.208+0000] {processor.py:208} INFO - Processing /home/airflow/.local/lib/python3.12/site-packages/airflow/example_dags/example_display_name.py took 0.071 seconds
[2025-10-02T20:43:17.814+0000] {processor.py:186} INFO - Started process (PID=337) to work on /home/airflow/.local/lib/python3.12/site-packages/airflow/example_dags/example_display_name.py
[2025-10-02T20:43:17.815+0000] {processor.py:914} INFO - Processing file /home/airflow/.local/lib/python3.12/site-packages/airflow/example_dags/example_display_name.py for tasks to queue
[2025-10-02T20:43:17.817+0000] {logging_mixin.py:190} INFO - [2025-10-02T20:43:17.817+0000] {dagbag.py:588} INFO - Filling up the DagBag from /home/airflow/.local/lib/python3.12/site-packages/airflow/example_dags/example_display_name.py
[2025-10-02T20:43:17.825+0000] {processor.py:925} INFO - DAG(s) 'example_display_name' retrieved from /home/airflow/.local/lib/python3.12/site-packages/airflow/example_dags/example_display_name.py
[2025-10-02T20:43:17.843+0000] {logging_mixin.py:190} INFO - [2025-10-02T20:43:17.843+0000] {dag.py:3239} INFO - Sync 1 DAGs
[2025-10-02T20:43:17.857+0000] {logging_mixin.py:190} INFO - [2025-10-02T20:43:17.857+0000] {dag.py:4180} INFO - Setting next_dagrun for example_display_name to None, run_after=None
[2025-10-02T20:43:17.874+0000] {processor.py:208} INFO - Processing /home/airflow/.local/lib/python3.12/site-packages/airflow/example_dags/example_display_name.py took 0.066 seconds
[2025-10-02T20:43:48.681+0000] {processor.py:186} INFO - Started process (PID=401) to work on /home/airflow/.local/lib/python3.12/site-packages/airflow/example_dags/example_display_name.py
[2025-10-02T20:43:48.683+0000] {processor.py:914} INFO - Processing file /home/airflow/.local/lib/python3.12/site-packages/airflow/example_dags/example_display_name.py for tasks to queue
[2025-10-02T20:43:48.686+0000] {logging_mixin.py:190} INFO - [2025-10-02T20:43:48.686+0000] {dagbag.py:588} INFO - Filling up the DagBag from /home/airflow/.local/lib/python3.12/site-packages/airflow/example_dags/example_display_name.py
[2025-10-02T20:43:48.695+0000] {processor.py:925} INFO - DAG(s) 'example_display_name' retrieved from /home/airflow/.local/lib/python3.12/site-packages/airflow/example_dags/example_display_name.py
[2025-10-02T20:43:48.717+0000] {logging_mixin.py:190} INFO - [2025-10-02T20:43:48.717+0000] {dag.py:3239} INFO - Sync 1 DAGs
[2025-10-02T20:43:48.734+0000] {logging_mixin.py:190} INFO - [2025-10-02T20:43:48.734+0000] {dag.py:4180} INFO - Setting next_dagrun for example_display_name to None, run_after=None
[2025-10-02T20:43:48.754+0000] {processor.py:208} INFO - Processing /home/airflow/.local/lib/python3.12/site-packages/airflow/example_dags/example_display_name.py took 0.080 seconds
[2025-10-02T20:44:19.269+0000] {processor.py:186} INFO - Started process (PID=464) to work on /home/airflow/.local/lib/python3.12/site-packages/airflow/example_dags/example_display_name.py
[2025-10-02T20:44:19.270+0000] {processor.py:914} INFO - Processing file /home/airflow/.local/lib/python3.12/site-packages/airflow/example_dags/example_display_name.py for tasks to queue
[2025-10-02T20:44:19.273+0000] {logging_mixin.py:190} INFO - [2025-10-02T20:44:19.273+0000] {dagbag.py:588} INFO - Filling up the DagBag from /home/airflow/.local/lib/python3.12/site-packages/airflow/example_dags/example_display_name.py
[2025-10-02T20:44:19.281+0000] {processor.py:925} INFO - DAG(s) 'example_display_name' retrieved from /home/airflow/.local/lib/python3.12/site-packages/airflow/example_dags/example_display_name.py
[2025-10-02T20:44:19.303+0000] {logging_mixin.py:190} INFO - [2025-10-02T20:44:19.303+0000] {dag.py:3239} INFO - Sync 1 DAGs
[2025-10-02T20:44:19.318+0000] {logging_mixin.py:190} INFO - [2025-10-02T20:44:19.318+0000] {dag.py:4180} INFO - Setting next_dagrun for example_display_name to None, run_after=None
[2025-10-02T20:44:19.335+0000] {processor.py:208} INFO - Processing /home/airflow/.local/lib/python3.12/site-packages/airflow/example_dags/example_display_name.py took 0.073 seconds
[2025-10-02T20:44:49.479+0000] {processor.py:186} INFO - Started process (PID=527) to work on /home/airflow/.local/lib/python3.12/site-packages/airflow/example_dags/example_display_name.py
[2025-10-02T20:44:49.480+0000] {processor.py:914} INFO - Processing file /home/airflow/.local/lib/python3.12/site-packages/airflow/example_dags/example_display_name.py for tasks to queue
[2025-10-02T20:44:49.484+0000] {logging_mixin.py:190} INFO - [2025-10-02T20:44:49.483+0000] {dagbag.py:588} INFO - Filling up the DagBag from /home/airflow/.local/lib/python3.12/site-packages/airflow/example_dags/example_display_name.py
[2025-10-02T20:44:49.492+0000] {processor.py:925} INFO - DAG(s) 'example_display_name' retrieved from /home/airflow/.local/lib/python3.12/site-packages/airflow/example_dags/example_display_name.py
[2025-10-02T20:44:49.514+0000] {logging_mixin.py:190} INFO - [2025-10-02T20:44:49.514+0000] {dag.py:3239} INFO - Sync 1 DAGs
[2025-10-02T20:44:49.530+0000] {logging_mixin.py:190} INFO - [2025-10-02T20:44:49.530+0000] {dag.py:4180} INFO - Setting next_dagrun for example_display_name to None, run_after=None
[2025-10-02T20:44:49.548+0000] {processor.py:208} INFO - Processing /home/airflow/.local/lib/python3.12/site-packages/airflow/example_dags/example_display_name.py took 0.076 seconds
[2025-10-02T20:45:19.798+0000] {processor.py:186} INFO - Started process (PID=590) to work on /home/airflow/.local/lib/python3.12/site-packages/airflow/example_dags/example_display_name.py
[2025-10-02T20:45:19.799+0000] {processor.py:914} INFO - Processing file /home/airflow/.local/lib/python3.12/site-packages/airflow/example_dags/example_display_name.py for tasks to queue
[2025-10-02T20:45:19.802+0000] {logging_mixin.py:190} INFO - [2025-10-02T20:45:19.801+0000] {dagbag.py:588} INFO - Filling up the DagBag from /home/airflow/.local/lib/python3.12/site-packages/airflow/example_dags/example_display_name.py
[2025-10-02T20:45:19.809+0000] {processor.py:925} INFO - DAG(s) 'example_display_name' retrieved from /home/airflow/.local/lib/python3.12/site-packages/airflow/example_dags/example_display_name.py
[2025-10-02T20:45:19.828+0000] {logging_mixin.py:190} INFO - [2025-10-02T20:45:19.828+0000] {dag.py:3239} INFO - Sync 1 DAGs
[2025-10-02T20:45:19.844+0000] {logging_mixin.py:190} INFO - [2025-10-02T20:45:19.843+0000] {dag.py:4180} INFO - Setting next_dagrun for example_display_name to None, run_after=None
[2025-10-02T20:45:19.861+0000] {processor.py:208} INFO - Processing /home/airflow/.local/lib/python3.12/site-packages/airflow/example_dags/example_display_name.py took 0.069 seconds
[2025-10-02T20:52:14.766+0000] {processor.py:186} INFO - Started process (PID=76) to work on /home/airflow/.local/lib/python3.12/site-packages/airflow/example_dags/example_display_name.py
[2025-10-02T20:52:14.770+0000] {processor.py:914} INFO - Processing file /home/airflow/.local/lib/python3.12/site-packages/airflow/example_dags/example_display_name.py for tasks to queue
[2025-10-02T20:52:14.779+0000] {logging_mixin.py:190} INFO - [2025-10-02T20:52:14.779+0000] {dagbag.py:588} INFO - Filling up the DagBag from /home/airflow/.local/lib/python3.12/site-packages/airflow/example_dags/example_display_name.py
[2025-10-02T20:52:14.801+0000] {processor.py:925} INFO - DAG(s) 'example_display_name' retrieved from /home/airflow/.local/lib/python3.12/site-packages/airflow/example_dags/example_display_name.py
[2025-10-02T20:52:14.841+0000] {logging_mixin.py:190} INFO - [2025-10-02T20:52:14.840+0000] {dag.py:3239} INFO - Sync 1 DAGs
[2025-10-02T20:52:14.863+0000] {logging_mixin.py:190} INFO - [2025-10-02T20:52:14.863+0000] {dag.py:4180} INFO - Setting next_dagrun for example_display_name to None, run_after=None
[2025-10-02T20:52:14.884+0000] {processor.py:208} INFO - Processing /home/airflow/.local/lib/python3.12/site-packages/airflow/example_dags/example_display_name.py took 0.126 seconds
[2025-10-02T20:52:44.943+0000] {processor.py:186} INFO - Started process (PID=139) to work on /home/airflow/.local/lib/python3.12/site-packages/airflow/example_dags/example_display_name.py
[2025-10-02T20:52:44.944+0000] {processor.py:914} INFO - Processing file /home/airflow/.local/lib/python3.12/site-packages/airflow/example_dags/example_display_name.py for tasks to queue
[2025-10-02T20:52:44.947+0000] {logging_mixin.py:190} INFO - [2025-10-02T20:52:44.947+0000] {dagbag.py:588} INFO - Filling up the DagBag from /home/airflow/.local/lib/python3.12/site-packages/airflow/example_dags/example_display_name.py
[2025-10-02T20:52:44.956+0000] {processor.py:925} INFO - DAG(s) 'example_display_name' retrieved from /home/airflow/.local/lib/python3.12/site-packages/airflow/example_dags/example_display_name.py
[2025-10-02T20:52:44.976+0000] {logging_mixin.py:190} INFO - [2025-10-02T20:52:44.975+0000] {dag.py:3239} INFO - Sync 1 DAGs
[2025-10-02T20:52:44.991+0000] {logging_mixin.py:190} INFO - [2025-10-02T20:52:44.991+0000] {dag.py:4180} INFO - Setting next_dagrun for example_display_name to None, run_after=None
[2025-10-02T20:52:45.010+0000] {processor.py:208} INFO - Processing /home/airflow/.local/lib/python3.12/site-packages/airflow/example_dags/example_display_name.py took 0.073 seconds
[2025-10-02T20:53:15.056+0000] {processor.py:186} INFO - Started process (PID=201) to work on /home/airflow/.local/lib/python3.12/site-packages/airflow/example_dags/example_display_name.py
[2025-10-02T20:53:15.057+0000] {processor.py:914} INFO - Processing file /home/airflow/.local/lib/python3.12/site-packages/airflow/example_dags/example_display_name.py for tasks to queue
[2025-10-02T20:53:15.059+0000] {logging_mixin.py:190} INFO - [2025-10-02T20:53:15.059+0000] {dagbag.py:588} INFO - Filling up the DagBag from /home/airflow/.local/lib/python3.12/site-packages/airflow/example_dags/example_display_name.py
[2025-10-02T20:53:15.067+0000] {processor.py:925} INFO - DAG(s) 'example_display_name' retrieved from /home/airflow/.local/lib/python3.12/site-packages/airflow/example_dags/example_display_name.py
[2025-10-02T20:53:15.087+0000] {logging_mixin.py:190} INFO - [2025-10-02T20:53:15.086+0000] {dag.py:3239} INFO - Sync 1 DAGs
[2025-10-02T20:53:15.101+0000] {logging_mixin.py:190} INFO - [2025-10-02T20:53:15.101+0000] {dag.py:4180} INFO - Setting next_dagrun for example_display_name to None, run_after=None
[2025-10-02T20:53:15.118+0000] {processor.py:208} INFO - Processing /home/airflow/.local/lib/python3.12/site-packages/airflow/example_dags/example_display_name.py took 0.068 seconds
[2025-10-02T20:53:45.244+0000] {processor.py:186} INFO - Started process (PID=264) to work on /home/airflow/.local/lib/python3.12/site-packages/airflow/example_dags/example_display_name.py
[2025-10-02T20:53:45.245+0000] {processor.py:914} INFO - Processing file /home/airflow/.local/lib/python3.12/site-packages/airflow/example_dags/example_display_name.py for tasks to queue
[2025-10-02T20:53:45.249+0000] {logging_mixin.py:190} INFO - [2025-10-02T20:53:45.248+0000] {dagbag.py:588} INFO - Filling up the DagBag from /home/airflow/.local/lib/python3.12/site-packages/airflow/example_dags/example_display_name.py
[2025-10-02T20:53:45.257+0000] {processor.py:925} INFO - DAG(s) 'example_display_name' retrieved from /home/airflow/.local/lib/python3.12/site-packages/airflow/example_dags/example_display_name.py
[2025-10-02T20:53:45.279+0000] {logging_mixin.py:190} INFO - [2025-10-02T20:53:45.279+0000] {dag.py:3239} INFO - Sync 1 DAGs
[2025-10-02T20:53:45.295+0000] {logging_mixin.py:190} INFO - [2025-10-02T20:53:45.295+0000] {dag.py:4180} INFO - Setting next_dagrun for example_display_name to None, run_after=None
[2025-10-02T20:53:45.313+0000] {processor.py:208} INFO - Processing /home/airflow/.local/lib/python3.12/site-packages/airflow/example_dags/example_display_name.py took 0.076 seconds
[2025-10-02T20:54:15.957+0000] {processor.py:186} INFO - Started process (PID=328) to work on /home/airflow/.local/lib/python3.12/site-packages/airflow/example_dags/example_display_name.py
[2025-10-02T20:54:15.959+0000] {processor.py:914} INFO - Processing file /home/airflow/.local/lib/python3.12/site-packages/airflow/example_dags/example_display_name.py for tasks to queue
[2025-10-02T20:54:15.962+0000] {logging_mixin.py:190} INFO - [2025-10-02T20:54:15.962+0000] {dagbag.py:588} INFO - Filling up the DagBag from /home/airflow/.local/lib/python3.12/site-packages/airflow/example_dags/example_display_name.py
[2025-10-02T20:54:15.971+0000] {processor.py:925} INFO - DAG(s) 'example_display_name' retrieved from /home/airflow/.local/lib/python3.12/site-packages/airflow/example_dags/example_display_name.py
[2025-10-02T20:54:15.991+0000] {logging_mixin.py:190} INFO - [2025-10-02T20:54:15.991+0000] {dag.py:3239} INFO - Sync 1 DAGs
[2025-10-02T20:54:16.006+0000] {logging_mixin.py:190} INFO - [2025-10-02T20:54:16.006+0000] {dag.py:4180} INFO - Setting next_dagrun for example_display_name to None, run_after=None
[2025-10-02T20:54:16.024+0000] {processor.py:208} INFO - Processing /home/airflow/.local/lib/python3.12/site-packages/airflow/example_dags/example_display_name.py took 0.077 seconds
[2025-10-02T20:54:46.550+0000] {processor.py:186} INFO - Started process (PID=391) to work on /home/airflow/.local/lib/python3.12/site-packages/airflow/example_dags/example_display_name.py
[2025-10-02T20:54:46.552+0000] {processor.py:914} INFO - Processing file /home/airflow/.local/lib/python3.12/site-packages/airflow/example_dags/example_display_name.py for tasks to queue
[2025-10-02T20:54:46.555+0000] {logging_mixin.py:190} INFO - [2025-10-02T20:54:46.554+0000] {dagbag.py:588} INFO - Filling up the DagBag from /home/airflow/.local/lib/python3.12/site-packages/airflow/example_dags/example_display_name.py
[2025-10-02T20:54:46.565+0000] {processor.py:925} INFO - DAG(s) 'example_display_name' retrieved from /home/airflow/.local/lib/python3.12/site-packages/airflow/example_dags/example_display_name.py
[2025-10-02T20:54:46.589+0000] {logging_mixin.py:190} INFO - [2025-10-02T20:54:46.588+0000] {dag.py:3239} INFO - Sync 1 DAGs
[2025-10-02T20:54:46.604+0000] {logging_mixin.py:190} INFO - [2025-10-02T20:54:46.604+0000] {dag.py:4180} INFO - Setting next_dagrun for example_display_name to None, run_after=None
[2025-10-02T20:54:46.622+0000] {processor.py:208} INFO - Processing /home/airflow/.local/lib/python3.12/site-packages/airflow/example_dags/example_display_name.py took 0.079 seconds
[2025-10-02T20:55:17.278+0000] {processor.py:186} INFO - Started process (PID=454) to work on /home/airflow/.local/lib/python3.12/site-packages/airflow/example_dags/example_display_name.py
[2025-10-02T20:55:17.279+0000] {processor.py:914} INFO - Processing file /home/airflow/.local/lib/python3.12/site-packages/airflow/example_dags/example_display_name.py for tasks to queue
[2025-10-02T20:55:17.283+0000] {logging_mixin.py:190} INFO - [2025-10-02T20:55:17.282+0000] {dagbag.py:588} INFO - Filling up the DagBag from /home/airflow/.local/lib/python3.12/site-packages/airflow/example_dags/example_display_name.py
[2025-10-02T20:55:17.291+0000] {processor.py:925} INFO - DAG(s) 'example_display_name' retrieved from /home/airflow/.local/lib/python3.12/site-packages/airflow/example_dags/example_display_name.py
[2025-10-02T20:55:17.313+0000] {logging_mixin.py:190} INFO - [2025-10-02T20:55:17.313+0000] {dag.py:3239} INFO - Sync 1 DAGs
[2025-10-02T20:55:17.330+0000] {logging_mixin.py:190} INFO - [2025-10-02T20:55:17.329+0000] {dag.py:4180} INFO - Setting next_dagrun for example_display_name to None, run_after=None
[2025-10-02T20:55:17.348+0000] {processor.py:208} INFO - Processing /home/airflow/.local/lib/python3.12/site-packages/airflow/example_dags/example_display_name.py took 0.077 seconds
[2025-10-02T20:55:47.751+0000] {processor.py:186} INFO - Started process (PID=518) to work on /home/airflow/.local/lib/python3.12/site-packages/airflow/example_dags/example_display_name.py
[2025-10-02T20:55:47.752+0000] {processor.py:914} INFO - Processing file /home/airflow/.local/lib/python3.12/site-packages/airflow/example_dags/example_display_name.py for tasks to queue
[2025-10-02T20:55:47.755+0000] {logging_mixin.py:190} INFO - [2025-10-02T20:55:47.754+0000] {dagbag.py:588} INFO - Filling up the DagBag from /home/airflow/.local/lib/python3.12/site-packages/airflow/example_dags/example_display_name.py
[2025-10-02T20:55:47.764+0000] {processor.py:925} INFO - DAG(s) 'example_display_name' retrieved from /home/airflow/.local/lib/python3.12/site-packages/airflow/example_dags/example_display_name.py
[2025-10-02T20:55:47.783+0000] {logging_mixin.py:190} INFO - [2025-10-02T20:55:47.783+0000] {dag.py:3239} INFO - Sync 1 DAGs
[2025-10-02T20:55:47.797+0000] {logging_mixin.py:190} INFO - [2025-10-02T20:55:47.797+0000] {dag.py:4180} INFO - Setting next_dagrun for example_display_name to None, run_after=None
[2025-10-02T20:55:47.812+0000] {processor.py:208} INFO - Processing /home/airflow/.local/lib/python3.12/site-packages/airflow/example_dags/example_display_name.py took 0.067 seconds
[2025-10-02T20:56:18.373+0000] {processor.py:186} INFO - Started process (PID=581) to work on /home/airflow/.local/lib/python3.12/site-packages/airflow/example_dags/example_display_name.py
[2025-10-02T20:56:18.374+0000] {processor.py:914} INFO - Processing file /home/airflow/.local/lib/python3.12/site-packages/airflow/example_dags/example_display_name.py for tasks to queue
[2025-10-02T20:56:18.377+0000] {logging_mixin.py:190} INFO - [2025-10-02T20:56:18.376+0000] {dagbag.py:588} INFO - Filling up the DagBag from /home/airflow/.local/lib/python3.12/site-packages/airflow/example_dags/example_display_name.py
[2025-10-02T20:56:18.385+0000] {processor.py:925} INFO - DAG(s) 'example_display_name' retrieved from /home/airflow/.local/lib/python3.12/site-packages/airflow/example_dags/example_display_name.py
[2025-10-02T20:56:18.405+0000] {logging_mixin.py:190} INFO - [2025-10-02T20:56:18.405+0000] {dag.py:3239} INFO - Sync 1 DAGs
[2025-10-02T20:56:18.420+0000] {logging_mixin.py:190} INFO - [2025-10-02T20:56:18.419+0000] {dag.py:4180} INFO - Setting next_dagrun for example_display_name to None, run_after=None
[2025-10-02T20:56:18.436+0000] {processor.py:208} INFO - Processing /home/airflow/.local/lib/python3.12/site-packages/airflow/example_dags/example_display_name.py took 0.069 seconds
[2025-10-02T20:56:49.863+0000] {processor.py:186} INFO - Started process (PID=643) to work on /home/airflow/.local/lib/python3.12/site-packages/airflow/example_dags/example_display_name.py
[2025-10-02T20:56:49.864+0000] {processor.py:914} INFO - Processing file /home/airflow/.local/lib/python3.12/site-packages/airflow/example_dags/example_display_name.py for tasks to queue
[2025-10-02T20:56:49.868+0000] {logging_mixin.py:190} INFO - [2025-10-02T20:56:49.867+0000] {dagbag.py:588} INFO - Filling up the DagBag from /home/airflow/.local/lib/python3.12/site-packages/airflow/example_dags/example_display_name.py
[2025-10-02T20:56:49.878+0000] {processor.py:925} INFO - DAG(s) 'example_display_name' retrieved from /home/airflow/.local/lib/python3.12/site-packages/airflow/example_dags/example_display_name.py
[2025-10-02T20:56:49.901+0000] {logging_mixin.py:190} INFO - [2025-10-02T20:56:49.901+0000] {dag.py:3239} INFO - Sync 1 DAGs
[2025-10-02T20:56:49.918+0000] {logging_mixin.py:190} INFO - [2025-10-02T20:56:49.917+0000] {dag.py:4180} INFO - Setting next_dagrun for example_display_name to None, run_after=None
[2025-10-02T20:56:49.938+0000] {processor.py:208} INFO - Processing /home/airflow/.local/lib/python3.12/site-packages/airflow/example_dags/example_display_name.py took 0.083 seconds
[2025-10-02T20:57:20.015+0000] {processor.py:186} INFO - Started process (PID=706) to work on /home/airflow/.local/lib/python3.12/site-packages/airflow/example_dags/example_display_name.py
[2025-10-02T20:57:20.016+0000] {processor.py:914} INFO - Processing file /home/airflow/.local/lib/python3.12/site-packages/airflow/example_dags/example_display_name.py for tasks to queue
[2025-10-02T20:57:20.019+0000] {logging_mixin.py:190} INFO - [2025-10-02T20:57:20.019+0000] {dagbag.py:588} INFO - Filling up the DagBag from /home/airflow/.local/lib/python3.12/site-packages/airflow/example_dags/example_display_name.py
[2025-10-02T20:57:20.029+0000] {processor.py:925} INFO - DAG(s) 'example_display_name' retrieved from /home/airflow/.local/lib/python3.12/site-packages/airflow/example_dags/example_display_name.py
[2025-10-02T20:57:20.052+0000] {logging_mixin.py:190} INFO - [2025-10-02T20:57:20.052+0000] {dag.py:3239} INFO - Sync 1 DAGs
[2025-10-02T20:57:20.068+0000] {logging_mixin.py:190} INFO - [2025-10-02T20:57:20.068+0000] {dag.py:4180} INFO - Setting next_dagrun for example_display_name to None, run_after=None
[2025-10-02T20:57:20.086+0000] {processor.py:208} INFO - Processing /home/airflow/.local/lib/python3.12/site-packages/airflow/example_dags/example_display_name.py took 0.080 seconds
[2025-10-02T20:57:50.232+0000] {processor.py:186} INFO - Started process (PID=769) to work on /home/airflow/.local/lib/python3.12/site-packages/airflow/example_dags/example_display_name.py
[2025-10-02T20:57:50.233+0000] {processor.py:914} INFO - Processing file /home/airflow/.local/lib/python3.12/site-packages/airflow/example_dags/example_display_name.py for tasks to queue
[2025-10-02T20:57:50.237+0000] {logging_mixin.py:190} INFO - [2025-10-02T20:57:50.237+0000] {dagbag.py:588} INFO - Filling up the DagBag from /home/airflow/.local/lib/python3.12/site-packages/airflow/example_dags/example_display_name.py
[2025-10-02T20:57:50.247+0000] {processor.py:925} INFO - DAG(s) 'example_display_name' retrieved from /home/airflow/.local/lib/python3.12/site-packages/airflow/example_dags/example_display_name.py
[2025-10-02T20:57:50.270+0000] {logging_mixin.py:190} INFO - [2025-10-02T20:57:50.270+0000] {dag.py:3239} INFO - Sync 1 DAGs
[2025-10-02T20:57:50.288+0000] {logging_mixin.py:190} INFO - [2025-10-02T20:57:50.287+0000] {dag.py:4180} INFO - Setting next_dagrun for example_display_name to None, run_after=None
[2025-10-02T20:57:50.307+0000] {processor.py:208} INFO - Processing /home/airflow/.local/lib/python3.12/site-packages/airflow/example_dags/example_display_name.py took 0.083 seconds
[2025-10-02T21:01:07.553+0000] {processor.py:186} INFO - Started process (PID=78) to work on /home/airflow/.local/lib/python3.12/site-packages/airflow/example_dags/example_display_name.py
[2025-10-02T21:01:07.556+0000] {processor.py:914} INFO - Processing file /home/airflow/.local/lib/python3.12/site-packages/airflow/example_dags/example_display_name.py for tasks to queue
[2025-10-02T21:01:07.558+0000] {logging_mixin.py:190} INFO - [2025-10-02T21:01:07.558+0000] {dagbag.py:588} INFO - Filling up the DagBag from /home/airflow/.local/lib/python3.12/site-packages/airflow/example_dags/example_display_name.py
[2025-10-02T21:01:07.575+0000] {processor.py:925} INFO - DAG(s) 'example_display_name' retrieved from /home/airflow/.local/lib/python3.12/site-packages/airflow/example_dags/example_display_name.py
[2025-10-02T21:01:07.616+0000] {logging_mixin.py:190} INFO - [2025-10-02T21:01:07.616+0000] {dag.py:3239} INFO - Sync 1 DAGs
[2025-10-02T21:01:07.633+0000] {logging_mixin.py:190} INFO - [2025-10-02T21:01:07.633+0000] {dag.py:4180} INFO - Setting next_dagrun for example_display_name to None, run_after=None
[2025-10-02T21:01:07.658+0000] {processor.py:208} INFO - Processing /home/airflow/.local/lib/python3.12/site-packages/airflow/example_dags/example_display_name.py took 0.111 seconds
[2025-10-02T21:01:38.465+0000] {processor.py:186} INFO - Started process (PID=141) to work on /home/airflow/.local/lib/python3.12/site-packages/airflow/example_dags/example_display_name.py
[2025-10-02T21:01:38.466+0000] {processor.py:914} INFO - Processing file /home/airflow/.local/lib/python3.12/site-packages/airflow/example_dags/example_display_name.py for tasks to queue
[2025-10-02T21:01:38.470+0000] {logging_mixin.py:190} INFO - [2025-10-02T21:01:38.469+0000] {dagbag.py:588} INFO - Filling up the DagBag from /home/airflow/.local/lib/python3.12/site-packages/airflow/example_dags/example_display_name.py
[2025-10-02T21:01:38.479+0000] {processor.py:925} INFO - DAG(s) 'example_display_name' retrieved from /home/airflow/.local/lib/python3.12/site-packages/airflow/example_dags/example_display_name.py
[2025-10-02T21:01:38.502+0000] {logging_mixin.py:190} INFO - [2025-10-02T21:01:38.501+0000] {dag.py:3239} INFO - Sync 1 DAGs
[2025-10-02T21:01:38.518+0000] {logging_mixin.py:190} INFO - [2025-10-02T21:01:38.517+0000] {dag.py:4180} INFO - Setting next_dagrun for example_display_name to None, run_after=None
[2025-10-02T21:01:38.538+0000] {processor.py:208} INFO - Processing /home/airflow/.local/lib/python3.12/site-packages/airflow/example_dags/example_display_name.py took 0.081 seconds
[2025-10-02T21:02:09.536+0000] {processor.py:186} INFO - Started process (PID=204) to work on /home/airflow/.local/lib/python3.12/site-packages/airflow/example_dags/example_display_name.py
[2025-10-02T21:02:09.538+0000] {processor.py:914} INFO - Processing file /home/airflow/.local/lib/python3.12/site-packages/airflow/example_dags/example_display_name.py for tasks to queue
[2025-10-02T21:02:09.541+0000] {logging_mixin.py:190} INFO - [2025-10-02T21:02:09.541+0000] {dagbag.py:588} INFO - Filling up the DagBag from /home/airflow/.local/lib/python3.12/site-packages/airflow/example_dags/example_display_name.py
[2025-10-02T21:02:09.553+0000] {processor.py:925} INFO - DAG(s) 'example_display_name' retrieved from /home/airflow/.local/lib/python3.12/site-packages/airflow/example_dags/example_display_name.py
[2025-10-02T21:02:09.586+0000] {logging_mixin.py:190} INFO - [2025-10-02T21:02:09.585+0000] {dag.py:3239} INFO - Sync 1 DAGs
[2025-10-02T21:02:09.612+0000] {logging_mixin.py:190} INFO - [2025-10-02T21:02:09.611+0000] {dag.py:4180} INFO - Setting next_dagrun for example_display_name to None, run_after=None
[2025-10-02T21:02:09.641+0000] {processor.py:208} INFO - Processing /home/airflow/.local/lib/python3.12/site-packages/airflow/example_dags/example_display_name.py took 0.112 seconds
[2025-10-02T21:02:40.583+0000] {processor.py:186} INFO - Started process (PID=268) to work on /home/airflow/.local/lib/python3.12/site-packages/airflow/example_dags/example_display_name.py
[2025-10-02T21:02:40.584+0000] {processor.py:914} INFO - Processing file /home/airflow/.local/lib/python3.12/site-packages/airflow/example_dags/example_display_name.py for tasks to queue
[2025-10-02T21:02:40.587+0000] {logging_mixin.py:190} INFO - [2025-10-02T21:02:40.587+0000] {dagbag.py:588} INFO - Filling up the DagBag from /home/airflow/.local/lib/python3.12/site-packages/airflow/example_dags/example_display_name.py
[2025-10-02T21:02:40.598+0000] {processor.py:925} INFO - DAG(s) 'example_display_name' retrieved from /home/airflow/.local/lib/python3.12/site-packages/airflow/example_dags/example_display_name.py
[2025-10-02T21:02:40.622+0000] {logging_mixin.py:190} INFO - [2025-10-02T21:02:40.622+0000] {dag.py:3239} INFO - Sync 1 DAGs
[2025-10-02T21:02:40.639+0000] {logging_mixin.py:190} INFO - [2025-10-02T21:02:40.638+0000] {dag.py:4180} INFO - Setting next_dagrun for example_display_name to None, run_after=None
[2025-10-02T21:02:40.658+0000] {processor.py:208} INFO - Processing /home/airflow/.local/lib/python3.12/site-packages/airflow/example_dags/example_display_name.py took 0.082 seconds
[2025-10-02T21:03:11.485+0000] {processor.py:186} INFO - Started process (PID=331) to work on /home/airflow/.local/lib/python3.12/site-packages/airflow/example_dags/example_display_name.py
[2025-10-02T21:03:11.486+0000] {processor.py:914} INFO - Processing file /home/airflow/.local/lib/python3.12/site-packages/airflow/example_dags/example_display_name.py for tasks to queue
[2025-10-02T21:03:11.489+0000] {logging_mixin.py:190} INFO - [2025-10-02T21:03:11.488+0000] {dagbag.py:588} INFO - Filling up the DagBag from /home/airflow/.local/lib/python3.12/site-packages/airflow/example_dags/example_display_name.py
[2025-10-02T21:03:11.497+0000] {processor.py:925} INFO - DAG(s) 'example_display_name' retrieved from /home/airflow/.local/lib/python3.12/site-packages/airflow/example_dags/example_display_name.py
[2025-10-02T21:03:11.516+0000] {logging_mixin.py:190} INFO - [2025-10-02T21:03:11.515+0000] {dag.py:3239} INFO - Sync 1 DAGs
[2025-10-02T21:03:11.529+0000] {logging_mixin.py:190} INFO - [2025-10-02T21:03:11.529+0000] {dag.py:4180} INFO - Setting next_dagrun for example_display_name to None, run_after=None
[2025-10-02T21:03:11.554+0000] {processor.py:208} INFO - Processing /home/airflow/.local/lib/python3.12/site-packages/airflow/example_dags/example_display_name.py took 0.074 seconds
[2025-10-02T21:03:41.804+0000] {processor.py:186} INFO - Started process (PID=394) to work on /home/airflow/.local/lib/python3.12/site-packages/airflow/example_dags/example_display_name.py
[2025-10-02T21:03:41.805+0000] {processor.py:914} INFO - Processing file /home/airflow/.local/lib/python3.12/site-packages/airflow/example_dags/example_display_name.py for tasks to queue
[2025-10-02T21:03:41.808+0000] {logging_mixin.py:190} INFO - [2025-10-02T21:03:41.808+0000] {dagbag.py:588} INFO - Filling up the DagBag from /home/airflow/.local/lib/python3.12/site-packages/airflow/example_dags/example_display_name.py
[2025-10-02T21:03:41.818+0000] {processor.py:925} INFO - DAG(s) 'example_display_name' retrieved from /home/airflow/.local/lib/python3.12/site-packages/airflow/example_dags/example_display_name.py
[2025-10-02T21:03:41.840+0000] {logging_mixin.py:190} INFO - [2025-10-02T21:03:41.840+0000] {dag.py:3239} INFO - Sync 1 DAGs
[2025-10-02T21:03:41.857+0000] {logging_mixin.py:190} INFO - [2025-10-02T21:03:41.857+0000] {dag.py:4180} INFO - Setting next_dagrun for example_display_name to None, run_after=None
[2025-10-02T21:03:41.877+0000] {processor.py:208} INFO - Processing /home/airflow/.local/lib/python3.12/site-packages/airflow/example_dags/example_display_name.py took 0.079 seconds
[2025-10-02T21:04:12.045+0000] {processor.py:186} INFO - Started process (PID=457) to work on /home/airflow/.local/lib/python3.12/site-packages/airflow/example_dags/example_display_name.py
[2025-10-02T21:04:12.046+0000] {processor.py:914} INFO - Processing file /home/airflow/.local/lib/python3.12/site-packages/airflow/example_dags/example_display_name.py for tasks to queue
[2025-10-02T21:04:12.048+0000] {logging_mixin.py:190} INFO - [2025-10-02T21:04:12.048+0000] {dagbag.py:588} INFO - Filling up the DagBag from /home/airflow/.local/lib/python3.12/site-packages/airflow/example_dags/example_display_name.py
[2025-10-02T21:04:12.056+0000] {processor.py:925} INFO - DAG(s) 'example_display_name' retrieved from /home/airflow/.local/lib/python3.12/site-packages/airflow/example_dags/example_display_name.py
[2025-10-02T21:04:12.077+0000] {logging_mixin.py:190} INFO - [2025-10-02T21:04:12.077+0000] {dag.py:3239} INFO - Sync 1 DAGs
[2025-10-02T21:04:12.092+0000] {logging_mixin.py:190} INFO - [2025-10-02T21:04:12.092+0000] {dag.py:4180} INFO - Setting next_dagrun for example_display_name to None, run_after=None
[2025-10-02T21:04:12.111+0000] {processor.py:208} INFO - Processing /home/airflow/.local/lib/python3.12/site-packages/airflow/example_dags/example_display_name.py took 0.072 seconds
[2025-10-02T21:04:42.770+0000] {processor.py:186} INFO - Started process (PID=520) to work on /home/airflow/.local/lib/python3.12/site-packages/airflow/example_dags/example_display_name.py
[2025-10-02T21:04:42.771+0000] {processor.py:914} INFO - Processing file /home/airflow/.local/lib/python3.12/site-packages/airflow/example_dags/example_display_name.py for tasks to queue
[2025-10-02T21:04:42.774+0000] {logging_mixin.py:190} INFO - [2025-10-02T21:04:42.774+0000] {dagbag.py:588} INFO - Filling up the DagBag from /home/airflow/.local/lib/python3.12/site-packages/airflow/example_dags/example_display_name.py
[2025-10-02T21:04:42.785+0000] {processor.py:925} INFO - DAG(s) 'example_display_name' retrieved from /home/airflow/.local/lib/python3.12/site-packages/airflow/example_dags/example_display_name.py
[2025-10-02T21:04:42.808+0000] {logging_mixin.py:190} INFO - [2025-10-02T21:04:42.808+0000] {dag.py:3239} INFO - Sync 1 DAGs
[2025-10-02T21:04:42.825+0000] {logging_mixin.py:190} INFO - [2025-10-02T21:04:42.824+0000] {dag.py:4180} INFO - Setting next_dagrun for example_display_name to None, run_after=None
[2025-10-02T21:04:42.845+0000] {processor.py:208} INFO - Processing /home/airflow/.local/lib/python3.12/site-packages/airflow/example_dags/example_display_name.py took 0.081 seconds
[2025-10-02T21:05:12.964+0000] {processor.py:186} INFO - Started process (PID=583) to work on /home/airflow/.local/lib/python3.12/site-packages/airflow/example_dags/example_display_name.py
[2025-10-02T21:05:12.965+0000] {processor.py:914} INFO - Processing file /home/airflow/.local/lib/python3.12/site-packages/airflow/example_dags/example_display_name.py for tasks to queue
[2025-10-02T21:05:12.969+0000] {logging_mixin.py:190} INFO - [2025-10-02T21:05:12.969+0000] {dagbag.py:588} INFO - Filling up the DagBag from /home/airflow/.local/lib/python3.12/site-packages/airflow/example_dags/example_display_name.py
[2025-10-02T21:05:12.977+0000] {processor.py:925} INFO - DAG(s) 'example_display_name' retrieved from /home/airflow/.local/lib/python3.12/site-packages/airflow/example_dags/example_display_name.py
[2025-10-02T21:05:12.996+0000] {logging_mixin.py:190} INFO - [2025-10-02T21:05:12.995+0000] {dag.py:3239} INFO - Sync 1 DAGs
[2025-10-02T21:05:13.010+0000] {logging_mixin.py:190} INFO - [2025-10-02T21:05:13.010+0000] {dag.py:4180} INFO - Setting next_dagrun for example_display_name to None, run_after=None
[2025-10-02T21:05:13.026+0000] {processor.py:208} INFO - Processing /home/airflow/.local/lib/python3.12/site-packages/airflow/example_dags/example_display_name.py took 0.068 seconds
[2025-10-02T21:05:43.507+0000] {processor.py:186} INFO - Started process (PID=646) to work on /home/airflow/.local/lib/python3.12/site-packages/airflow/example_dags/example_display_name.py
[2025-10-02T21:05:43.518+0000] {processor.py:914} INFO - Processing file /home/airflow/.local/lib/python3.12/site-packages/airflow/example_dags/example_display_name.py for tasks to queue
[2025-10-02T21:05:43.533+0000] {logging_mixin.py:190} INFO - [2025-10-02T21:05:43.522+0000] {dagbag.py:588} INFO - Filling up the DagBag from /home/airflow/.local/lib/python3.12/site-packages/airflow/example_dags/example_display_name.py
[2025-10-02T21:05:43.571+0000] {processor.py:925} INFO - DAG(s) 'example_display_name' retrieved from /home/airflow/.local/lib/python3.12/site-packages/airflow/example_dags/example_display_name.py
[2025-10-02T21:05:43.681+0000] {logging_mixin.py:190} INFO - [2025-10-02T21:05:43.680+0000] {dag.py:3239} INFO - Sync 1 DAGs
[2025-10-02T21:05:43.769+0000] {logging_mixin.py:190} INFO - [2025-10-02T21:05:43.768+0000] {dag.py:4180} INFO - Setting next_dagrun for example_display_name to None, run_after=None
[2025-10-02T21:05:43.833+0000] {processor.py:208} INFO - Processing /home/airflow/.local/lib/python3.12/site-packages/airflow/example_dags/example_display_name.py took 0.348 seconds
[2025-10-02T21:06:14.191+0000] {processor.py:186} INFO - Started process (PID=712) to work on /home/airflow/.local/lib/python3.12/site-packages/airflow/example_dags/example_display_name.py
[2025-10-02T21:06:14.193+0000] {processor.py:914} INFO - Processing file /home/airflow/.local/lib/python3.12/site-packages/airflow/example_dags/example_display_name.py for tasks to queue
[2025-10-02T21:06:14.196+0000] {logging_mixin.py:190} INFO - [2025-10-02T21:06:14.195+0000] {dagbag.py:588} INFO - Filling up the DagBag from /home/airflow/.local/lib/python3.12/site-packages/airflow/example_dags/example_display_name.py
[2025-10-02T21:06:14.205+0000] {processor.py:925} INFO - DAG(s) 'example_display_name' retrieved from /home/airflow/.local/lib/python3.12/site-packages/airflow/example_dags/example_display_name.py
[2025-10-02T21:06:14.231+0000] {logging_mixin.py:190} INFO - [2025-10-02T21:06:14.230+0000] {dag.py:3239} INFO - Sync 1 DAGs
[2025-10-02T21:06:14.246+0000] {logging_mixin.py:190} INFO - [2025-10-02T21:06:14.246+0000] {dag.py:4180} INFO - Setting next_dagrun for example_display_name to None, run_after=None
[2025-10-02T21:06:14.266+0000] {processor.py:208} INFO - Processing /home/airflow/.local/lib/python3.12/site-packages/airflow/example_dags/example_display_name.py took 0.082 seconds
[2025-10-02T21:06:45.164+0000] {processor.py:186} INFO - Started process (PID=779) to work on /home/airflow/.local/lib/python3.12/site-packages/airflow/example_dags/example_display_name.py
[2025-10-02T21:06:45.166+0000] {processor.py:914} INFO - Processing file /home/airflow/.local/lib/python3.12/site-packages/airflow/example_dags/example_display_name.py for tasks to queue
[2025-10-02T21:06:45.178+0000] {logging_mixin.py:190} INFO - [2025-10-02T21:06:45.177+0000] {dagbag.py:588} INFO - Filling up the DagBag from /home/airflow/.local/lib/python3.12/site-packages/airflow/example_dags/example_display_name.py
[2025-10-02T21:06:45.205+0000] {processor.py:925} INFO - DAG(s) 'example_display_name' retrieved from /home/airflow/.local/lib/python3.12/site-packages/airflow/example_dags/example_display_name.py
[2025-10-02T21:06:45.250+0000] {logging_mixin.py:190} INFO - [2025-10-02T21:06:45.250+0000] {dag.py:3239} INFO - Sync 1 DAGs
[2025-10-02T21:06:45.271+0000] {logging_mixin.py:190} INFO - [2025-10-02T21:06:45.271+0000] {dag.py:4180} INFO - Setting next_dagrun for example_display_name to None, run_after=None
[2025-10-02T21:06:45.304+0000] {processor.py:208} INFO - Processing /home/airflow/.local/lib/python3.12/site-packages/airflow/example_dags/example_display_name.py took 0.152 seconds
[2025-10-02T21:09:09.491+0000] {processor.py:186} INFO - Started process (PID=77) to work on /home/airflow/.local/lib/python3.12/site-packages/airflow/example_dags/example_display_name.py
[2025-10-02T21:09:09.493+0000] {processor.py:914} INFO - Processing file /home/airflow/.local/lib/python3.12/site-packages/airflow/example_dags/example_display_name.py for tasks to queue
[2025-10-02T21:09:09.498+0000] {logging_mixin.py:190} INFO - [2025-10-02T21:09:09.497+0000] {dagbag.py:588} INFO - Filling up the DagBag from /home/airflow/.local/lib/python3.12/site-packages/airflow/example_dags/example_display_name.py
[2025-10-02T21:09:09.511+0000] {processor.py:925} INFO - DAG(s) 'example_display_name' retrieved from /home/airflow/.local/lib/python3.12/site-packages/airflow/example_dags/example_display_name.py
[2025-10-02T21:09:09.550+0000] {logging_mixin.py:190} INFO - [2025-10-02T21:09:09.550+0000] {dag.py:3239} INFO - Sync 1 DAGs
[2025-10-02T21:09:09.589+0000] {logging_mixin.py:190} INFO - [2025-10-02T21:09:09.588+0000] {dag.py:4180} INFO - Setting next_dagrun for example_display_name to None, run_after=None
[2025-10-02T21:09:09.623+0000] {processor.py:208} INFO - Processing /home/airflow/.local/lib/python3.12/site-packages/airflow/example_dags/example_display_name.py took 0.140 seconds
[2025-10-02T21:12:44.614+0000] {processor.py:186} INFO - Started process (PID=77) to work on /home/airflow/.local/lib/python3.12/site-packages/airflow/example_dags/example_display_name.py
[2025-10-02T21:12:44.616+0000] {processor.py:914} INFO - Processing file /home/airflow/.local/lib/python3.12/site-packages/airflow/example_dags/example_display_name.py for tasks to queue
[2025-10-02T21:12:44.627+0000] {logging_mixin.py:190} INFO - [2025-10-02T21:12:44.626+0000] {dagbag.py:588} INFO - Filling up the DagBag from /home/airflow/.local/lib/python3.12/site-packages/airflow/example_dags/example_display_name.py
[2025-10-02T21:12:44.652+0000] {processor.py:925} INFO - DAG(s) 'example_display_name' retrieved from /home/airflow/.local/lib/python3.12/site-packages/airflow/example_dags/example_display_name.py
[2025-10-02T21:12:44.714+0000] {logging_mixin.py:190} INFO - [2025-10-02T21:12:44.713+0000] {dag.py:3239} INFO - Sync 1 DAGs
[2025-10-02T21:12:44.846+0000] {logging_mixin.py:190} INFO - [2025-10-02T21:12:44.842+0000] {dag.py:4180} INFO - Setting next_dagrun for example_display_name to None, run_after=None
[2025-10-02T21:12:44.909+0000] {processor.py:208} INFO - Processing /home/airflow/.local/lib/python3.12/site-packages/airflow/example_dags/example_display_name.py took 0.316 seconds
[2025-10-02T21:13:15.892+0000] {processor.py:186} INFO - Started process (PID=140) to work on /home/airflow/.local/lib/python3.12/site-packages/airflow/example_dags/example_display_name.py
[2025-10-02T21:13:15.893+0000] {processor.py:914} INFO - Processing file /home/airflow/.local/lib/python3.12/site-packages/airflow/example_dags/example_display_name.py for tasks to queue
[2025-10-02T21:13:15.896+0000] {logging_mixin.py:190} INFO - [2025-10-02T21:13:15.896+0000] {dagbag.py:588} INFO - Filling up the DagBag from /home/airflow/.local/lib/python3.12/site-packages/airflow/example_dags/example_display_name.py
[2025-10-02T21:13:15.908+0000] {processor.py:925} INFO - DAG(s) 'example_display_name' retrieved from /home/airflow/.local/lib/python3.12/site-packages/airflow/example_dags/example_display_name.py
[2025-10-02T21:13:15.933+0000] {logging_mixin.py:190} INFO - [2025-10-02T21:13:15.933+0000] {dag.py:3239} INFO - Sync 1 DAGs
[2025-10-02T21:13:15.959+0000] {logging_mixin.py:190} INFO - [2025-10-02T21:13:15.959+0000] {dag.py:4180} INFO - Setting next_dagrun for example_display_name to None, run_after=None
[2025-10-02T21:13:15.982+0000] {processor.py:208} INFO - Processing /home/airflow/.local/lib/python3.12/site-packages/airflow/example_dags/example_display_name.py took 0.098 seconds
[2025-10-02T21:13:46.157+0000] {processor.py:186} INFO - Started process (PID=203) to work on /home/airflow/.local/lib/python3.12/site-packages/airflow/example_dags/example_display_name.py
[2025-10-02T21:13:46.158+0000] {processor.py:914} INFO - Processing file /home/airflow/.local/lib/python3.12/site-packages/airflow/example_dags/example_display_name.py for tasks to queue
[2025-10-02T21:13:46.162+0000] {logging_mixin.py:190} INFO - [2025-10-02T21:13:46.162+0000] {dagbag.py:588} INFO - Filling up the DagBag from /home/airflow/.local/lib/python3.12/site-packages/airflow/example_dags/example_display_name.py
[2025-10-02T21:13:46.172+0000] {processor.py:925} INFO - DAG(s) 'example_display_name' retrieved from /home/airflow/.local/lib/python3.12/site-packages/airflow/example_dags/example_display_name.py
[2025-10-02T21:13:46.198+0000] {logging_mixin.py:190} INFO - [2025-10-02T21:13:46.198+0000] {dag.py:3239} INFO - Sync 1 DAGs
[2025-10-02T21:13:46.222+0000] {logging_mixin.py:190} INFO - [2025-10-02T21:13:46.222+0000] {dag.py:4180} INFO - Setting next_dagrun for example_display_name to None, run_after=None
[2025-10-02T21:13:46.243+0000] {processor.py:208} INFO - Processing /home/airflow/.local/lib/python3.12/site-packages/airflow/example_dags/example_display_name.py took 0.093 seconds
[2025-10-02T21:19:07.970+0000] {processor.py:186} INFO - Started process (PID=75) to work on /home/airflow/.local/lib/python3.12/site-packages/airflow/example_dags/example_display_name.py
[2025-10-02T21:19:07.971+0000] {processor.py:914} INFO - Processing file /home/airflow/.local/lib/python3.12/site-packages/airflow/example_dags/example_display_name.py for tasks to queue
[2025-10-02T21:19:07.976+0000] {logging_mixin.py:190} INFO - [2025-10-02T21:19:07.975+0000] {dagbag.py:588} INFO - Filling up the DagBag from /home/airflow/.local/lib/python3.12/site-packages/airflow/example_dags/example_display_name.py
[2025-10-02T21:19:07.985+0000] {processor.py:925} INFO - DAG(s) 'example_display_name' retrieved from /home/airflow/.local/lib/python3.12/site-packages/airflow/example_dags/example_display_name.py
[2025-10-02T21:19:08.008+0000] {logging_mixin.py:190} INFO - [2025-10-02T21:19:08.008+0000] {dag.py:3239} INFO - Sync 1 DAGs
[2025-10-02T21:19:08.035+0000] {logging_mixin.py:190} INFO - [2025-10-02T21:19:08.035+0000] {dag.py:4180} INFO - Setting next_dagrun for example_display_name to None, run_after=None
[2025-10-02T21:19:08.071+0000] {processor.py:208} INFO - Processing /home/airflow/.local/lib/python3.12/site-packages/airflow/example_dags/example_display_name.py took 0.108 seconds
[2025-10-02T21:19:38.772+0000] {processor.py:186} INFO - Started process (PID=138) to work on /home/airflow/.local/lib/python3.12/site-packages/airflow/example_dags/example_display_name.py
[2025-10-02T21:19:38.773+0000] {processor.py:914} INFO - Processing file /home/airflow/.local/lib/python3.12/site-packages/airflow/example_dags/example_display_name.py for tasks to queue
[2025-10-02T21:19:38.777+0000] {logging_mixin.py:190} INFO - [2025-10-02T21:19:38.776+0000] {dagbag.py:588} INFO - Filling up the DagBag from /home/airflow/.local/lib/python3.12/site-packages/airflow/example_dags/example_display_name.py
[2025-10-02T21:19:38.786+0000] {processor.py:925} INFO - DAG(s) 'example_display_name' retrieved from /home/airflow/.local/lib/python3.12/site-packages/airflow/example_dags/example_display_name.py
[2025-10-02T21:19:38.807+0000] {logging_mixin.py:190} INFO - [2025-10-02T21:19:38.807+0000] {dag.py:3239} INFO - Sync 1 DAGs
[2025-10-02T21:19:38.822+0000] {logging_mixin.py:190} INFO - [2025-10-02T21:19:38.822+0000] {dag.py:4180} INFO - Setting next_dagrun for example_display_name to None, run_after=None
[2025-10-02T21:19:38.839+0000] {processor.py:208} INFO - Processing /home/airflow/.local/lib/python3.12/site-packages/airflow/example_dags/example_display_name.py took 0.074 seconds
[2025-10-02T21:20:09.338+0000] {processor.py:186} INFO - Started process (PID=202) to work on /home/airflow/.local/lib/python3.12/site-packages/airflow/example_dags/example_display_name.py
[2025-10-02T21:20:09.343+0000] {processor.py:914} INFO - Processing file /home/airflow/.local/lib/python3.12/site-packages/airflow/example_dags/example_display_name.py for tasks to queue
[2025-10-02T21:20:09.346+0000] {logging_mixin.py:190} INFO - [2025-10-02T21:20:09.346+0000] {dagbag.py:588} INFO - Filling up the DagBag from /home/airflow/.local/lib/python3.12/site-packages/airflow/example_dags/example_display_name.py
[2025-10-02T21:20:09.357+0000] {processor.py:925} INFO - DAG(s) 'example_display_name' retrieved from /home/airflow/.local/lib/python3.12/site-packages/airflow/example_dags/example_display_name.py
[2025-10-02T21:20:09.390+0000] {logging_mixin.py:190} INFO - [2025-10-02T21:20:09.390+0000] {dag.py:3239} INFO - Sync 1 DAGs
[2025-10-02T21:20:09.417+0000] {logging_mixin.py:190} INFO - [2025-10-02T21:20:09.416+0000] {dag.py:4180} INFO - Setting next_dagrun for example_display_name to None, run_after=None
[2025-10-02T21:20:09.450+0000] {processor.py:208} INFO - Processing /home/airflow/.local/lib/python3.12/site-packages/airflow/example_dags/example_display_name.py took 0.120 seconds
[2025-10-02T21:20:40.090+0000] {processor.py:186} INFO - Started process (PID=265) to work on /home/airflow/.local/lib/python3.12/site-packages/airflow/example_dags/example_display_name.py
[2025-10-02T21:20:40.092+0000] {processor.py:914} INFO - Processing file /home/airflow/.local/lib/python3.12/site-packages/airflow/example_dags/example_display_name.py for tasks to queue
[2025-10-02T21:20:40.095+0000] {logging_mixin.py:190} INFO - [2025-10-02T21:20:40.094+0000] {dagbag.py:588} INFO - Filling up the DagBag from /home/airflow/.local/lib/python3.12/site-packages/airflow/example_dags/example_display_name.py
[2025-10-02T21:20:40.103+0000] {processor.py:925} INFO - DAG(s) 'example_display_name' retrieved from /home/airflow/.local/lib/python3.12/site-packages/airflow/example_dags/example_display_name.py
[2025-10-02T21:20:40.124+0000] {logging_mixin.py:190} INFO - [2025-10-02T21:20:40.123+0000] {dag.py:3239} INFO - Sync 1 DAGs
[2025-10-02T21:20:40.143+0000] {logging_mixin.py:190} INFO - [2025-10-02T21:20:40.143+0000] {dag.py:4180} INFO - Setting next_dagrun for example_display_name to None, run_after=None
[2025-10-02T21:20:40.161+0000] {processor.py:208} INFO - Processing /home/airflow/.local/lib/python3.12/site-packages/airflow/example_dags/example_display_name.py took 0.077 seconds
[2025-10-02T21:25:45.811+0000] {processor.py:186} INFO - Started process (PID=80) to work on /home/airflow/.local/lib/python3.12/site-packages/airflow/example_dags/example_display_name.py
[2025-10-02T21:25:45.812+0000] {processor.py:914} INFO - Processing file /home/airflow/.local/lib/python3.12/site-packages/airflow/example_dags/example_display_name.py for tasks to queue
[2025-10-02T21:25:45.817+0000] {logging_mixin.py:190} INFO - [2025-10-02T21:25:45.816+0000] {dagbag.py:588} INFO - Filling up the DagBag from /home/airflow/.local/lib/python3.12/site-packages/airflow/example_dags/example_display_name.py
[2025-10-02T21:25:45.831+0000] {processor.py:925} INFO - DAG(s) 'example_display_name' retrieved from /home/airflow/.local/lib/python3.12/site-packages/airflow/example_dags/example_display_name.py
[2025-10-02T21:25:45.878+0000] {logging_mixin.py:190} INFO - [2025-10-02T21:25:45.878+0000] {dag.py:3239} INFO - Sync 1 DAGs
[2025-10-02T21:25:45.907+0000] {logging_mixin.py:190} INFO - [2025-10-02T21:25:45.907+0000] {dag.py:4180} INFO - Setting next_dagrun for example_display_name to None, run_after=None
[2025-10-02T21:25:45.934+0000] {processor.py:208} INFO - Processing /home/airflow/.local/lib/python3.12/site-packages/airflow/example_dags/example_display_name.py took 0.132 seconds
[2025-10-02T21:26:16.881+0000] {processor.py:186} INFO - Started process (PID=143) to work on /home/airflow/.local/lib/python3.12/site-packages/airflow/example_dags/example_display_name.py
[2025-10-02T21:26:16.882+0000] {processor.py:914} INFO - Processing file /home/airflow/.local/lib/python3.12/site-packages/airflow/example_dags/example_display_name.py for tasks to queue
[2025-10-02T21:26:16.885+0000] {logging_mixin.py:190} INFO - [2025-10-02T21:26:16.885+0000] {dagbag.py:588} INFO - Filling up the DagBag from /home/airflow/.local/lib/python3.12/site-packages/airflow/example_dags/example_display_name.py
[2025-10-02T21:26:16.895+0000] {processor.py:925} INFO - DAG(s) 'example_display_name' retrieved from /home/airflow/.local/lib/python3.12/site-packages/airflow/example_dags/example_display_name.py
[2025-10-02T21:26:16.919+0000] {logging_mixin.py:190} INFO - [2025-10-02T21:26:16.919+0000] {dag.py:3239} INFO - Sync 1 DAGs
[2025-10-02T21:26:16.934+0000] {logging_mixin.py:190} INFO - [2025-10-02T21:26:16.934+0000] {dag.py:4180} INFO - Setting next_dagrun for example_display_name to None, run_after=None
[2025-10-02T21:26:16.954+0000] {processor.py:208} INFO - Processing /home/airflow/.local/lib/python3.12/site-packages/airflow/example_dags/example_display_name.py took 0.080 seconds
[2025-10-02T21:26:47.724+0000] {processor.py:186} INFO - Started process (PID=206) to work on /home/airflow/.local/lib/python3.12/site-packages/airflow/example_dags/example_display_name.py
[2025-10-02T21:26:47.725+0000] {processor.py:914} INFO - Processing file /home/airflow/.local/lib/python3.12/site-packages/airflow/example_dags/example_display_name.py for tasks to queue
[2025-10-02T21:26:47.728+0000] {logging_mixin.py:190} INFO - [2025-10-02T21:26:47.728+0000] {dagbag.py:588} INFO - Filling up the DagBag from /home/airflow/.local/lib/python3.12/site-packages/airflow/example_dags/example_display_name.py
[2025-10-02T21:26:47.738+0000] {processor.py:925} INFO - DAG(s) 'example_display_name' retrieved from /home/airflow/.local/lib/python3.12/site-packages/airflow/example_dags/example_display_name.py
[2025-10-02T21:26:47.766+0000] {logging_mixin.py:190} INFO - [2025-10-02T21:26:47.766+0000] {dag.py:3239} INFO - Sync 1 DAGs
[2025-10-02T21:26:47.790+0000] {logging_mixin.py:190} INFO - [2025-10-02T21:26:47.789+0000] {dag.py:4180} INFO - Setting next_dagrun for example_display_name to None, run_after=None
[2025-10-02T21:26:47.810+0000] {processor.py:208} INFO - Processing /home/airflow/.local/lib/python3.12/site-packages/airflow/example_dags/example_display_name.py took 0.093 seconds
[2025-10-02T21:27:18.324+0000] {processor.py:186} INFO - Started process (PID=269) to work on /home/airflow/.local/lib/python3.12/site-packages/airflow/example_dags/example_display_name.py
[2025-10-02T21:27:18.325+0000] {processor.py:914} INFO - Processing file /home/airflow/.local/lib/python3.12/site-packages/airflow/example_dags/example_display_name.py for tasks to queue
[2025-10-02T21:27:18.328+0000] {logging_mixin.py:190} INFO - [2025-10-02T21:27:18.328+0000] {dagbag.py:588} INFO - Filling up the DagBag from /home/airflow/.local/lib/python3.12/site-packages/airflow/example_dags/example_display_name.py
[2025-10-02T21:27:18.338+0000] {processor.py:925} INFO - DAG(s) 'example_display_name' retrieved from /home/airflow/.local/lib/python3.12/site-packages/airflow/example_dags/example_display_name.py
[2025-10-02T21:27:18.360+0000] {logging_mixin.py:190} INFO - [2025-10-02T21:27:18.360+0000] {dag.py:3239} INFO - Sync 1 DAGs
[2025-10-02T21:27:18.380+0000] {logging_mixin.py:190} INFO - [2025-10-02T21:27:18.379+0000] {dag.py:4180} INFO - Setting next_dagrun for example_display_name to None, run_after=None
[2025-10-02T21:27:18.411+0000] {processor.py:208} INFO - Processing /home/airflow/.local/lib/python3.12/site-packages/airflow/example_dags/example_display_name.py took 0.095 seconds
[2025-10-02T21:27:48.736+0000] {processor.py:186} INFO - Started process (PID=331) to work on /home/airflow/.local/lib/python3.12/site-packages/airflow/example_dags/example_display_name.py
[2025-10-02T21:27:48.737+0000] {processor.py:914} INFO - Processing file /home/airflow/.local/lib/python3.12/site-packages/airflow/example_dags/example_display_name.py for tasks to queue
[2025-10-02T21:27:48.742+0000] {logging_mixin.py:190} INFO - [2025-10-02T21:27:48.742+0000] {dagbag.py:588} INFO - Filling up the DagBag from /home/airflow/.local/lib/python3.12/site-packages/airflow/example_dags/example_display_name.py
[2025-10-02T21:27:48.750+0000] {processor.py:925} INFO - DAG(s) 'example_display_name' retrieved from /home/airflow/.local/lib/python3.12/site-packages/airflow/example_dags/example_display_name.py
[2025-10-02T21:27:48.770+0000] {logging_mixin.py:190} INFO - [2025-10-02T21:27:48.769+0000] {dag.py:3239} INFO - Sync 1 DAGs
[2025-10-02T21:27:48.783+0000] {logging_mixin.py:190} INFO - [2025-10-02T21:27:48.783+0000] {dag.py:4180} INFO - Setting next_dagrun for example_display_name to None, run_after=None
[2025-10-02T21:27:48.799+0000] {processor.py:208} INFO - Processing /home/airflow/.local/lib/python3.12/site-packages/airflow/example_dags/example_display_name.py took 0.070 seconds
[2025-10-02T21:28:19.598+0000] {processor.py:186} INFO - Started process (PID=395) to work on /home/airflow/.local/lib/python3.12/site-packages/airflow/example_dags/example_display_name.py
[2025-10-02T21:28:19.599+0000] {processor.py:914} INFO - Processing file /home/airflow/.local/lib/python3.12/site-packages/airflow/example_dags/example_display_name.py for tasks to queue
[2025-10-02T21:28:19.602+0000] {logging_mixin.py:190} INFO - [2025-10-02T21:28:19.602+0000] {dagbag.py:588} INFO - Filling up the DagBag from /home/airflow/.local/lib/python3.12/site-packages/airflow/example_dags/example_display_name.py
[2025-10-02T21:28:19.612+0000] {processor.py:925} INFO - DAG(s) 'example_display_name' retrieved from /home/airflow/.local/lib/python3.12/site-packages/airflow/example_dags/example_display_name.py
[2025-10-02T21:28:19.635+0000] {logging_mixin.py:190} INFO - [2025-10-02T21:28:19.635+0000] {dag.py:3239} INFO - Sync 1 DAGs
[2025-10-02T21:28:19.657+0000] {logging_mixin.py:190} INFO - [2025-10-02T21:28:19.657+0000] {dag.py:4180} INFO - Setting next_dagrun for example_display_name to None, run_after=None
[2025-10-02T21:28:19.679+0000] {processor.py:208} INFO - Processing /home/airflow/.local/lib/python3.12/site-packages/airflow/example_dags/example_display_name.py took 0.088 seconds
[2025-10-02T21:30:02.059+0000] {processor.py:186} INFO - Started process (PID=84) to work on /home/airflow/.local/lib/python3.12/site-packages/airflow/example_dags/example_display_name.py
[2025-10-02T21:30:02.061+0000] {processor.py:914} INFO - Processing file /home/airflow/.local/lib/python3.12/site-packages/airflow/example_dags/example_display_name.py for tasks to queue
[2025-10-02T21:30:02.067+0000] {logging_mixin.py:190} INFO - [2025-10-02T21:30:02.066+0000] {dagbag.py:588} INFO - Filling up the DagBag from /home/airflow/.local/lib/python3.12/site-packages/airflow/example_dags/example_display_name.py
[2025-10-02T21:30:02.080+0000] {processor.py:925} INFO - DAG(s) 'example_display_name' retrieved from /home/airflow/.local/lib/python3.12/site-packages/airflow/example_dags/example_display_name.py
[2025-10-02T21:30:02.115+0000] {logging_mixin.py:190} INFO - [2025-10-02T21:30:02.115+0000] {dag.py:3239} INFO - Sync 1 DAGs
[2025-10-02T21:30:02.150+0000] {logging_mixin.py:190} INFO - [2025-10-02T21:30:02.150+0000] {dag.py:4180} INFO - Setting next_dagrun for example_display_name to None, run_after=None
[2025-10-02T21:30:02.187+0000] {processor.py:208} INFO - Processing /home/airflow/.local/lib/python3.12/site-packages/airflow/example_dags/example_display_name.py took 0.141 seconds
[2025-10-02T21:30:32.693+0000] {processor.py:186} INFO - Started process (PID=147) to work on /home/airflow/.local/lib/python3.12/site-packages/airflow/example_dags/example_display_name.py
[2025-10-02T21:30:32.695+0000] {processor.py:914} INFO - Processing file /home/airflow/.local/lib/python3.12/site-packages/airflow/example_dags/example_display_name.py for tasks to queue
[2025-10-02T21:30:32.698+0000] {logging_mixin.py:190} INFO - [2025-10-02T21:30:32.697+0000] {dagbag.py:588} INFO - Filling up the DagBag from /home/airflow/.local/lib/python3.12/site-packages/airflow/example_dags/example_display_name.py
[2025-10-02T21:30:32.707+0000] {processor.py:925} INFO - DAG(s) 'example_display_name' retrieved from /home/airflow/.local/lib/python3.12/site-packages/airflow/example_dags/example_display_name.py
[2025-10-02T21:30:32.729+0000] {logging_mixin.py:190} INFO - [2025-10-02T21:30:32.728+0000] {dag.py:3239} INFO - Sync 1 DAGs
[2025-10-02T21:30:32.744+0000] {logging_mixin.py:190} INFO - [2025-10-02T21:30:32.744+0000] {dag.py:4180} INFO - Setting next_dagrun for example_display_name to None, run_after=None
[2025-10-02T21:30:32.767+0000] {processor.py:208} INFO - Processing /home/airflow/.local/lib/python3.12/site-packages/airflow/example_dags/example_display_name.py took 0.080 seconds
[2025-10-02T21:31:03.561+0000] {processor.py:186} INFO - Started process (PID=209) to work on /home/airflow/.local/lib/python3.12/site-packages/airflow/example_dags/example_display_name.py
[2025-10-02T21:31:03.563+0000] {processor.py:914} INFO - Processing file /home/airflow/.local/lib/python3.12/site-packages/airflow/example_dags/example_display_name.py for tasks to queue
[2025-10-02T21:31:03.564+0000] {logging_mixin.py:190} INFO - [2025-10-02T21:31:03.564+0000] {dagbag.py:588} INFO - Filling up the DagBag from /home/airflow/.local/lib/python3.12/site-packages/airflow/example_dags/example_display_name.py
[2025-10-02T21:31:03.573+0000] {processor.py:925} INFO - DAG(s) 'example_display_name' retrieved from /home/airflow/.local/lib/python3.12/site-packages/airflow/example_dags/example_display_name.py
[2025-10-02T21:31:03.596+0000] {logging_mixin.py:190} INFO - [2025-10-02T21:31:03.596+0000] {dag.py:3239} INFO - Sync 1 DAGs
[2025-10-02T21:31:03.615+0000] {logging_mixin.py:190} INFO - [2025-10-02T21:31:03.615+0000] {dag.py:4180} INFO - Setting next_dagrun for example_display_name to None, run_after=None
[2025-10-02T21:31:03.635+0000] {processor.py:208} INFO - Processing /home/airflow/.local/lib/python3.12/site-packages/airflow/example_dags/example_display_name.py took 0.081 seconds
[2025-10-02T21:31:34.589+0000] {processor.py:186} INFO - Started process (PID=273) to work on /home/airflow/.local/lib/python3.12/site-packages/airflow/example_dags/example_display_name.py
[2025-10-02T21:31:34.590+0000] {processor.py:914} INFO - Processing file /home/airflow/.local/lib/python3.12/site-packages/airflow/example_dags/example_display_name.py for tasks to queue
[2025-10-02T21:31:34.591+0000] {logging_mixin.py:190} INFO - [2025-10-02T21:31:34.591+0000] {dagbag.py:588} INFO - Filling up the DagBag from /home/airflow/.local/lib/python3.12/site-packages/airflow/example_dags/example_display_name.py
[2025-10-02T21:31:34.601+0000] {processor.py:925} INFO - DAG(s) 'example_display_name' retrieved from /home/airflow/.local/lib/python3.12/site-packages/airflow/example_dags/example_display_name.py
[2025-10-02T21:31:34.621+0000] {logging_mixin.py:190} INFO - [2025-10-02T21:31:34.621+0000] {dag.py:3239} INFO - Sync 1 DAGs
[2025-10-02T21:31:34.638+0000] {logging_mixin.py:190} INFO - [2025-10-02T21:31:34.638+0000] {dag.py:4180} INFO - Setting next_dagrun for example_display_name to None, run_after=None
[2025-10-02T21:31:34.658+0000] {processor.py:208} INFO - Processing /home/airflow/.local/lib/python3.12/site-packages/airflow/example_dags/example_display_name.py took 0.076 seconds
[2025-10-02T21:32:51.864+0000] {processor.py:186} INFO - Started process (PID=82) to work on /home/airflow/.local/lib/python3.12/site-packages/airflow/example_dags/example_display_name.py
[2025-10-02T21:32:51.866+0000] {processor.py:914} INFO - Processing file /home/airflow/.local/lib/python3.12/site-packages/airflow/example_dags/example_display_name.py for tasks to queue
[2025-10-02T21:32:51.870+0000] {logging_mixin.py:190} INFO - [2025-10-02T21:32:51.869+0000] {dagbag.py:588} INFO - Filling up the DagBag from /home/airflow/.local/lib/python3.12/site-packages/airflow/example_dags/example_display_name.py
[2025-10-02T21:32:51.881+0000] {processor.py:925} INFO - DAG(s) 'example_display_name' retrieved from /home/airflow/.local/lib/python3.12/site-packages/airflow/example_dags/example_display_name.py
[2025-10-02T21:32:51.945+0000] {logging_mixin.py:190} INFO - [2025-10-02T21:32:51.944+0000] {dag.py:3239} INFO - Sync 1 DAGs
[2025-10-02T21:32:52.000+0000] {logging_mixin.py:190} INFO - [2025-10-02T21:32:51.999+0000] {dag.py:4180} INFO - Setting next_dagrun for example_display_name to None, run_after=None
[2025-10-02T21:32:52.086+0000] {processor.py:208} INFO - Processing /home/airflow/.local/lib/python3.12/site-packages/airflow/example_dags/example_display_name.py took 0.238 seconds
[2025-10-02T21:33:23.069+0000] {processor.py:186} INFO - Started process (PID=145) to work on /home/airflow/.local/lib/python3.12/site-packages/airflow/example_dags/example_display_name.py
[2025-10-02T21:33:23.070+0000] {processor.py:914} INFO - Processing file /home/airflow/.local/lib/python3.12/site-packages/airflow/example_dags/example_display_name.py for tasks to queue
[2025-10-02T21:33:23.073+0000] {logging_mixin.py:190} INFO - [2025-10-02T21:33:23.073+0000] {dagbag.py:588} INFO - Filling up the DagBag from /home/airflow/.local/lib/python3.12/site-packages/airflow/example_dags/example_display_name.py
[2025-10-02T21:33:23.081+0000] {processor.py:925} INFO - DAG(s) 'example_display_name' retrieved from /home/airflow/.local/lib/python3.12/site-packages/airflow/example_dags/example_display_name.py
[2025-10-02T21:33:23.104+0000] {logging_mixin.py:190} INFO - [2025-10-02T21:33:23.104+0000] {dag.py:3239} INFO - Sync 1 DAGs
[2025-10-02T21:33:23.120+0000] {logging_mixin.py:190} INFO - [2025-10-02T21:33:23.120+0000] {dag.py:4180} INFO - Setting next_dagrun for example_display_name to None, run_after=None
[2025-10-02T21:33:23.138+0000] {processor.py:208} INFO - Processing /home/airflow/.local/lib/python3.12/site-packages/airflow/example_dags/example_display_name.py took 0.075 seconds
[2025-10-02T21:33:53.252+0000] {processor.py:186} INFO - Started process (PID=208) to work on /home/airflow/.local/lib/python3.12/site-packages/airflow/example_dags/example_display_name.py
[2025-10-02T21:33:53.253+0000] {processor.py:914} INFO - Processing file /home/airflow/.local/lib/python3.12/site-packages/airflow/example_dags/example_display_name.py for tasks to queue
[2025-10-02T21:33:53.256+0000] {logging_mixin.py:190} INFO - [2025-10-02T21:33:53.256+0000] {dagbag.py:588} INFO - Filling up the DagBag from /home/airflow/.local/lib/python3.12/site-packages/airflow/example_dags/example_display_name.py
[2025-10-02T21:33:53.265+0000] {processor.py:925} INFO - DAG(s) 'example_display_name' retrieved from /home/airflow/.local/lib/python3.12/site-packages/airflow/example_dags/example_display_name.py
[2025-10-02T21:33:53.287+0000] {logging_mixin.py:190} INFO - [2025-10-02T21:33:53.287+0000] {dag.py:3239} INFO - Sync 1 DAGs
[2025-10-02T21:33:53.305+0000] {logging_mixin.py:190} INFO - [2025-10-02T21:33:53.304+0000] {dag.py:4180} INFO - Setting next_dagrun for example_display_name to None, run_after=None
[2025-10-02T21:33:53.327+0000] {processor.py:208} INFO - Processing /home/airflow/.local/lib/python3.12/site-packages/airflow/example_dags/example_display_name.py took 0.082 seconds
[2025-10-02T21:34:23.865+0000] {processor.py:186} INFO - Started process (PID=271) to work on /home/airflow/.local/lib/python3.12/site-packages/airflow/example_dags/example_display_name.py
[2025-10-02T21:34:23.867+0000] {processor.py:914} INFO - Processing file /home/airflow/.local/lib/python3.12/site-packages/airflow/example_dags/example_display_name.py for tasks to queue
[2025-10-02T21:34:23.870+0000] {logging_mixin.py:190} INFO - [2025-10-02T21:34:23.870+0000] {dagbag.py:588} INFO - Filling up the DagBag from /home/airflow/.local/lib/python3.12/site-packages/airflow/example_dags/example_display_name.py
[2025-10-02T21:34:23.879+0000] {processor.py:925} INFO - DAG(s) 'example_display_name' retrieved from /home/airflow/.local/lib/python3.12/site-packages/airflow/example_dags/example_display_name.py
[2025-10-02T21:34:23.901+0000] {logging_mixin.py:190} INFO - [2025-10-02T21:34:23.900+0000] {dag.py:3239} INFO - Sync 1 DAGs
[2025-10-02T21:34:23.919+0000] {logging_mixin.py:190} INFO - [2025-10-02T21:34:23.919+0000] {dag.py:4180} INFO - Setting next_dagrun for example_display_name to None, run_after=None
[2025-10-02T21:34:23.938+0000] {processor.py:208} INFO - Processing /home/airflow/.local/lib/python3.12/site-packages/airflow/example_dags/example_display_name.py took 0.081 seconds
[2025-10-02T21:34:54.493+0000] {processor.py:186} INFO - Started process (PID=335) to work on /home/airflow/.local/lib/python3.12/site-packages/airflow/example_dags/example_display_name.py
[2025-10-02T21:34:54.494+0000] {processor.py:914} INFO - Processing file /home/airflow/.local/lib/python3.12/site-packages/airflow/example_dags/example_display_name.py for tasks to queue
[2025-10-02T21:34:54.497+0000] {logging_mixin.py:190} INFO - [2025-10-02T21:34:54.496+0000] {dagbag.py:588} INFO - Filling up the DagBag from /home/airflow/.local/lib/python3.12/site-packages/airflow/example_dags/example_display_name.py
[2025-10-02T21:34:54.506+0000] {processor.py:925} INFO - DAG(s) 'example_display_name' retrieved from /home/airflow/.local/lib/python3.12/site-packages/airflow/example_dags/example_display_name.py
[2025-10-02T21:34:54.530+0000] {logging_mixin.py:190} INFO - [2025-10-02T21:34:54.530+0000] {dag.py:3239} INFO - Sync 1 DAGs
[2025-10-02T21:34:54.546+0000] {logging_mixin.py:190} INFO - [2025-10-02T21:34:54.546+0000] {dag.py:4180} INFO - Setting next_dagrun for example_display_name to None, run_after=None
[2025-10-02T21:34:54.566+0000] {processor.py:208} INFO - Processing /home/airflow/.local/lib/python3.12/site-packages/airflow/example_dags/example_display_name.py took 0.080 seconds
[2025-10-02T21:35:24.865+0000] {processor.py:186} INFO - Started process (PID=398) to work on /home/airflow/.local/lib/python3.12/site-packages/airflow/example_dags/example_display_name.py
[2025-10-02T21:35:24.866+0000] {processor.py:914} INFO - Processing file /home/airflow/.local/lib/python3.12/site-packages/airflow/example_dags/example_display_name.py for tasks to queue
[2025-10-02T21:35:24.869+0000] {logging_mixin.py:190} INFO - [2025-10-02T21:35:24.869+0000] {dagbag.py:588} INFO - Filling up the DagBag from /home/airflow/.local/lib/python3.12/site-packages/airflow/example_dags/example_display_name.py
[2025-10-02T21:35:24.879+0000] {processor.py:925} INFO - DAG(s) 'example_display_name' retrieved from /home/airflow/.local/lib/python3.12/site-packages/airflow/example_dags/example_display_name.py
[2025-10-02T21:35:24.901+0000] {logging_mixin.py:190} INFO - [2025-10-02T21:35:24.901+0000] {dag.py:3239} INFO - Sync 1 DAGs
[2025-10-02T21:35:24.922+0000] {logging_mixin.py:190} INFO - [2025-10-02T21:35:24.922+0000] {dag.py:4180} INFO - Setting next_dagrun for example_display_name to None, run_after=None
[2025-10-02T21:35:24.940+0000] {processor.py:208} INFO - Processing /home/airflow/.local/lib/python3.12/site-packages/airflow/example_dags/example_display_name.py took 0.082 seconds
[2025-10-02T21:35:56.011+0000] {processor.py:186} INFO - Started process (PID=461) to work on /home/airflow/.local/lib/python3.12/site-packages/airflow/example_dags/example_display_name.py
[2025-10-02T21:35:56.013+0000] {processor.py:914} INFO - Processing file /home/airflow/.local/lib/python3.12/site-packages/airflow/example_dags/example_display_name.py for tasks to queue
[2025-10-02T21:35:56.027+0000] {logging_mixin.py:190} INFO - [2025-10-02T21:35:56.019+0000] {dagbag.py:588} INFO - Filling up the DagBag from /home/airflow/.local/lib/python3.12/site-packages/airflow/example_dags/example_display_name.py
[2025-10-02T21:35:56.052+0000] {processor.py:925} INFO - DAG(s) 'example_display_name' retrieved from /home/airflow/.local/lib/python3.12/site-packages/airflow/example_dags/example_display_name.py
[2025-10-02T21:35:56.117+0000] {logging_mixin.py:190} INFO - [2025-10-02T21:35:56.112+0000] {dag.py:3239} INFO - Sync 1 DAGs
[2025-10-02T21:35:56.178+0000] {logging_mixin.py:190} INFO - [2025-10-02T21:35:56.177+0000] {dag.py:4180} INFO - Setting next_dagrun for example_display_name to None, run_after=None
[2025-10-02T21:35:56.216+0000] {processor.py:208} INFO - Processing /home/airflow/.local/lib/python3.12/site-packages/airflow/example_dags/example_display_name.py took 0.223 seconds
[2025-10-02T21:36:27.161+0000] {processor.py:186} INFO - Started process (PID=524) to work on /home/airflow/.local/lib/python3.12/site-packages/airflow/example_dags/example_display_name.py
[2025-10-02T21:36:27.162+0000] {processor.py:914} INFO - Processing file /home/airflow/.local/lib/python3.12/site-packages/airflow/example_dags/example_display_name.py for tasks to queue
[2025-10-02T21:36:27.166+0000] {logging_mixin.py:190} INFO - [2025-10-02T21:36:27.165+0000] {dagbag.py:588} INFO - Filling up the DagBag from /home/airflow/.local/lib/python3.12/site-packages/airflow/example_dags/example_display_name.py
[2025-10-02T21:36:27.175+0000] {processor.py:925} INFO - DAG(s) 'example_display_name' retrieved from /home/airflow/.local/lib/python3.12/site-packages/airflow/example_dags/example_display_name.py
[2025-10-02T21:36:27.203+0000] {logging_mixin.py:190} INFO - [2025-10-02T21:36:27.203+0000] {dag.py:3239} INFO - Sync 1 DAGs
[2025-10-02T21:36:27.223+0000] {logging_mixin.py:190} INFO - [2025-10-02T21:36:27.223+0000] {dag.py:4180} INFO - Setting next_dagrun for example_display_name to None, run_after=None
[2025-10-02T21:36:27.248+0000] {processor.py:208} INFO - Processing /home/airflow/.local/lib/python3.12/site-packages/airflow/example_dags/example_display_name.py took 0.094 seconds
[2025-10-02T21:36:57.801+0000] {processor.py:186} INFO - Started process (PID=587) to work on /home/airflow/.local/lib/python3.12/site-packages/airflow/example_dags/example_display_name.py
[2025-10-02T21:36:57.802+0000] {processor.py:914} INFO - Processing file /home/airflow/.local/lib/python3.12/site-packages/airflow/example_dags/example_display_name.py for tasks to queue
[2025-10-02T21:36:57.805+0000] {logging_mixin.py:190} INFO - [2025-10-02T21:36:57.805+0000] {dagbag.py:588} INFO - Filling up the DagBag from /home/airflow/.local/lib/python3.12/site-packages/airflow/example_dags/example_display_name.py
[2025-10-02T21:36:57.814+0000] {processor.py:925} INFO - DAG(s) 'example_display_name' retrieved from /home/airflow/.local/lib/python3.12/site-packages/airflow/example_dags/example_display_name.py
[2025-10-02T21:36:57.835+0000] {logging_mixin.py:190} INFO - [2025-10-02T21:36:57.835+0000] {dag.py:3239} INFO - Sync 1 DAGs
[2025-10-02T21:36:57.851+0000] {logging_mixin.py:190} INFO - [2025-10-02T21:36:57.851+0000] {dag.py:4180} INFO - Setting next_dagrun for example_display_name to None, run_after=None
[2025-10-02T21:36:57.878+0000] {processor.py:208} INFO - Processing /home/airflow/.local/lib/python3.12/site-packages/airflow/example_dags/example_display_name.py took 0.084 seconds
[2025-10-02T21:37:28.431+0000] {processor.py:186} INFO - Started process (PID=650) to work on /home/airflow/.local/lib/python3.12/site-packages/airflow/example_dags/example_display_name.py
[2025-10-02T21:37:28.432+0000] {processor.py:914} INFO - Processing file /home/airflow/.local/lib/python3.12/site-packages/airflow/example_dags/example_display_name.py for tasks to queue
[2025-10-02T21:37:28.435+0000] {logging_mixin.py:190} INFO - [2025-10-02T21:37:28.435+0000] {dagbag.py:588} INFO - Filling up the DagBag from /home/airflow/.local/lib/python3.12/site-packages/airflow/example_dags/example_display_name.py
[2025-10-02T21:37:28.443+0000] {processor.py:925} INFO - DAG(s) 'example_display_name' retrieved from /home/airflow/.local/lib/python3.12/site-packages/airflow/example_dags/example_display_name.py
[2025-10-02T21:37:28.462+0000] {logging_mixin.py:190} INFO - [2025-10-02T21:37:28.462+0000] {dag.py:3239} INFO - Sync 1 DAGs
[2025-10-02T21:37:28.477+0000] {logging_mixin.py:190} INFO - [2025-10-02T21:37:28.477+0000] {dag.py:4180} INFO - Setting next_dagrun for example_display_name to None, run_after=None
[2025-10-02T21:37:28.493+0000] {processor.py:208} INFO - Processing /home/airflow/.local/lib/python3.12/site-packages/airflow/example_dags/example_display_name.py took 0.068 seconds
[2025-10-02T21:37:58.593+0000] {processor.py:186} INFO - Started process (PID=713) to work on /home/airflow/.local/lib/python3.12/site-packages/airflow/example_dags/example_display_name.py
[2025-10-02T21:37:58.594+0000] {processor.py:914} INFO - Processing file /home/airflow/.local/lib/python3.12/site-packages/airflow/example_dags/example_display_name.py for tasks to queue
[2025-10-02T21:37:58.597+0000] {logging_mixin.py:190} INFO - [2025-10-02T21:37:58.596+0000] {dagbag.py:588} INFO - Filling up the DagBag from /home/airflow/.local/lib/python3.12/site-packages/airflow/example_dags/example_display_name.py
[2025-10-02T21:37:58.604+0000] {processor.py:925} INFO - DAG(s) 'example_display_name' retrieved from /home/airflow/.local/lib/python3.12/site-packages/airflow/example_dags/example_display_name.py
[2025-10-02T21:37:58.625+0000] {logging_mixin.py:190} INFO - [2025-10-02T21:37:58.625+0000] {dag.py:3239} INFO - Sync 1 DAGs
[2025-10-02T21:37:58.640+0000] {logging_mixin.py:190} INFO - [2025-10-02T21:37:58.640+0000] {dag.py:4180} INFO - Setting next_dagrun for example_display_name to None, run_after=None
[2025-10-02T21:37:58.670+0000] {processor.py:208} INFO - Processing /home/airflow/.local/lib/python3.12/site-packages/airflow/example_dags/example_display_name.py took 0.083 seconds
[2025-10-02T21:38:28.784+0000] {processor.py:186} INFO - Started process (PID=776) to work on /home/airflow/.local/lib/python3.12/site-packages/airflow/example_dags/example_display_name.py
[2025-10-02T21:38:28.786+0000] {processor.py:914} INFO - Processing file /home/airflow/.local/lib/python3.12/site-packages/airflow/example_dags/example_display_name.py for tasks to queue
[2025-10-02T21:38:28.789+0000] {logging_mixin.py:190} INFO - [2025-10-02T21:38:28.789+0000] {dagbag.py:588} INFO - Filling up the DagBag from /home/airflow/.local/lib/python3.12/site-packages/airflow/example_dags/example_display_name.py
[2025-10-02T21:38:28.798+0000] {processor.py:925} INFO - DAG(s) 'example_display_name' retrieved from /home/airflow/.local/lib/python3.12/site-packages/airflow/example_dags/example_display_name.py
[2025-10-02T21:38:28.822+0000] {logging_mixin.py:190} INFO - [2025-10-02T21:38:28.821+0000] {dag.py:3239} INFO - Sync 1 DAGs
[2025-10-02T21:38:28.839+0000] {logging_mixin.py:190} INFO - [2025-10-02T21:38:28.839+0000] {dag.py:4180} INFO - Setting next_dagrun for example_display_name to None, run_after=None
[2025-10-02T21:38:28.858+0000] {processor.py:208} INFO - Processing /home/airflow/.local/lib/python3.12/site-packages/airflow/example_dags/example_display_name.py took 0.081 seconds
[2025-10-02T21:38:59.248+0000] {processor.py:186} INFO - Started process (PID=839) to work on /home/airflow/.local/lib/python3.12/site-packages/airflow/example_dags/example_display_name.py
[2025-10-02T21:38:59.250+0000] {processor.py:914} INFO - Processing file /home/airflow/.local/lib/python3.12/site-packages/airflow/example_dags/example_display_name.py for tasks to queue
[2025-10-02T21:38:59.253+0000] {logging_mixin.py:190} INFO - [2025-10-02T21:38:59.252+0000] {dagbag.py:588} INFO - Filling up the DagBag from /home/airflow/.local/lib/python3.12/site-packages/airflow/example_dags/example_display_name.py
[2025-10-02T21:38:59.261+0000] {processor.py:925} INFO - DAG(s) 'example_display_name' retrieved from /home/airflow/.local/lib/python3.12/site-packages/airflow/example_dags/example_display_name.py
[2025-10-02T21:38:59.286+0000] {logging_mixin.py:190} INFO - [2025-10-02T21:38:59.286+0000] {dag.py:3239} INFO - Sync 1 DAGs
[2025-10-02T21:38:59.307+0000] {logging_mixin.py:190} INFO - [2025-10-02T21:38:59.306+0000] {dag.py:4180} INFO - Setting next_dagrun for example_display_name to None, run_after=None
[2025-10-02T21:38:59.337+0000] {processor.py:208} INFO - Processing /home/airflow/.local/lib/python3.12/site-packages/airflow/example_dags/example_display_name.py took 0.094 seconds
[2025-10-02T21:39:29.391+0000] {processor.py:186} INFO - Started process (PID=902) to work on /home/airflow/.local/lib/python3.12/site-packages/airflow/example_dags/example_display_name.py
[2025-10-02T21:39:29.392+0000] {processor.py:914} INFO - Processing file /home/airflow/.local/lib/python3.12/site-packages/airflow/example_dags/example_display_name.py for tasks to queue
[2025-10-02T21:39:29.396+0000] {logging_mixin.py:190} INFO - [2025-10-02T21:39:29.396+0000] {dagbag.py:588} INFO - Filling up the DagBag from /home/airflow/.local/lib/python3.12/site-packages/airflow/example_dags/example_display_name.py
[2025-10-02T21:39:29.405+0000] {processor.py:925} INFO - DAG(s) 'example_display_name' retrieved from /home/airflow/.local/lib/python3.12/site-packages/airflow/example_dags/example_display_name.py
[2025-10-02T21:39:29.427+0000] {logging_mixin.py:190} INFO - [2025-10-02T21:39:29.427+0000] {dag.py:3239} INFO - Sync 1 DAGs
[2025-10-02T21:39:29.443+0000] {logging_mixin.py:190} INFO - [2025-10-02T21:39:29.443+0000] {dag.py:4180} INFO - Setting next_dagrun for example_display_name to None, run_after=None
[2025-10-02T21:39:29.461+0000] {processor.py:208} INFO - Processing /home/airflow/.local/lib/python3.12/site-packages/airflow/example_dags/example_display_name.py took 0.077 seconds
[2025-10-02T21:40:00.030+0000] {processor.py:186} INFO - Started process (PID=965) to work on /home/airflow/.local/lib/python3.12/site-packages/airflow/example_dags/example_display_name.py
[2025-10-02T21:40:00.032+0000] {processor.py:914} INFO - Processing file /home/airflow/.local/lib/python3.12/site-packages/airflow/example_dags/example_display_name.py for tasks to queue
[2025-10-02T21:40:00.036+0000] {logging_mixin.py:190} INFO - [2025-10-02T21:40:00.036+0000] {dagbag.py:588} INFO - Filling up the DagBag from /home/airflow/.local/lib/python3.12/site-packages/airflow/example_dags/example_display_name.py
[2025-10-02T21:40:00.047+0000] {processor.py:925} INFO - DAG(s) 'example_display_name' retrieved from /home/airflow/.local/lib/python3.12/site-packages/airflow/example_dags/example_display_name.py
[2025-10-02T21:40:00.073+0000] {logging_mixin.py:190} INFO - [2025-10-02T21:40:00.073+0000] {dag.py:3239} INFO - Sync 1 DAGs
[2025-10-02T21:40:00.094+0000] {logging_mixin.py:190} INFO - [2025-10-02T21:40:00.094+0000] {dag.py:4180} INFO - Setting next_dagrun for example_display_name to None, run_after=None
[2025-10-02T21:40:00.115+0000] {processor.py:208} INFO - Processing /home/airflow/.local/lib/python3.12/site-packages/airflow/example_dags/example_display_name.py took 0.095 seconds
[2025-10-02T21:40:31.077+0000] {processor.py:186} INFO - Started process (PID=1028) to work on /home/airflow/.local/lib/python3.12/site-packages/airflow/example_dags/example_display_name.py
[2025-10-02T21:40:31.079+0000] {processor.py:914} INFO - Processing file /home/airflow/.local/lib/python3.12/site-packages/airflow/example_dags/example_display_name.py for tasks to queue
[2025-10-02T21:40:31.082+0000] {logging_mixin.py:190} INFO - [2025-10-02T21:40:31.082+0000] {dagbag.py:588} INFO - Filling up the DagBag from /home/airflow/.local/lib/python3.12/site-packages/airflow/example_dags/example_display_name.py
[2025-10-02T21:40:31.093+0000] {processor.py:925} INFO - DAG(s) 'example_display_name' retrieved from /home/airflow/.local/lib/python3.12/site-packages/airflow/example_dags/example_display_name.py
[2025-10-02T21:40:31.114+0000] {logging_mixin.py:190} INFO - [2025-10-02T21:40:31.114+0000] {dag.py:3239} INFO - Sync 1 DAGs
[2025-10-02T21:40:31.132+0000] {logging_mixin.py:190} INFO - [2025-10-02T21:40:31.132+0000] {dag.py:4180} INFO - Setting next_dagrun for example_display_name to None, run_after=None
[2025-10-02T21:40:31.152+0000] {processor.py:208} INFO - Processing /home/airflow/.local/lib/python3.12/site-packages/airflow/example_dags/example_display_name.py took 0.082 seconds
[2025-10-02T21:41:02.031+0000] {processor.py:186} INFO - Started process (PID=1091) to work on /home/airflow/.local/lib/python3.12/site-packages/airflow/example_dags/example_display_name.py
[2025-10-02T21:41:02.033+0000] {processor.py:914} INFO - Processing file /home/airflow/.local/lib/python3.12/site-packages/airflow/example_dags/example_display_name.py for tasks to queue
[2025-10-02T21:41:02.036+0000] {logging_mixin.py:190} INFO - [2025-10-02T21:41:02.035+0000] {dagbag.py:588} INFO - Filling up the DagBag from /home/airflow/.local/lib/python3.12/site-packages/airflow/example_dags/example_display_name.py
[2025-10-02T21:41:02.047+0000] {processor.py:925} INFO - DAG(s) 'example_display_name' retrieved from /home/airflow/.local/lib/python3.12/site-packages/airflow/example_dags/example_display_name.py
[2025-10-02T21:41:02.069+0000] {logging_mixin.py:190} INFO - [2025-10-02T21:41:02.069+0000] {dag.py:3239} INFO - Sync 1 DAGs
[2025-10-02T21:41:02.086+0000] {logging_mixin.py:190} INFO - [2025-10-02T21:41:02.086+0000] {dag.py:4180} INFO - Setting next_dagrun for example_display_name to None, run_after=None
[2025-10-02T21:41:02.106+0000] {processor.py:208} INFO - Processing /home/airflow/.local/lib/python3.12/site-packages/airflow/example_dags/example_display_name.py took 0.082 seconds
[2025-10-02T21:41:32.497+0000] {processor.py:186} INFO - Started process (PID=1154) to work on /home/airflow/.local/lib/python3.12/site-packages/airflow/example_dags/example_display_name.py
[2025-10-02T21:41:32.498+0000] {processor.py:914} INFO - Processing file /home/airflow/.local/lib/python3.12/site-packages/airflow/example_dags/example_display_name.py for tasks to queue
[2025-10-02T21:41:32.502+0000] {logging_mixin.py:190} INFO - [2025-10-02T21:41:32.502+0000] {dagbag.py:588} INFO - Filling up the DagBag from /home/airflow/.local/lib/python3.12/site-packages/airflow/example_dags/example_display_name.py
[2025-10-02T21:41:32.513+0000] {processor.py:925} INFO - DAG(s) 'example_display_name' retrieved from /home/airflow/.local/lib/python3.12/site-packages/airflow/example_dags/example_display_name.py
[2025-10-02T21:41:32.539+0000] {logging_mixin.py:190} INFO - [2025-10-02T21:41:32.538+0000] {dag.py:3239} INFO - Sync 1 DAGs
[2025-10-02T21:41:32.561+0000] {logging_mixin.py:190} INFO - [2025-10-02T21:41:32.561+0000] {dag.py:4180} INFO - Setting next_dagrun for example_display_name to None, run_after=None
[2025-10-02T21:41:32.583+0000] {processor.py:208} INFO - Processing /home/airflow/.local/lib/python3.12/site-packages/airflow/example_dags/example_display_name.py took 0.095 seconds
[2025-10-02T22:00:07.543+0000] {processor.py:186} INFO - Started process (PID=72) to work on /home/airflow/.local/lib/python3.12/site-packages/airflow/example_dags/example_display_name.py
[2025-10-02T22:00:07.544+0000] {processor.py:914} INFO - Processing file /home/airflow/.local/lib/python3.12/site-packages/airflow/example_dags/example_display_name.py for tasks to queue
[2025-10-02T22:00:07.547+0000] {logging_mixin.py:190} INFO - [2025-10-02T22:00:07.547+0000] {dagbag.py:588} INFO - Filling up the DagBag from /home/airflow/.local/lib/python3.12/site-packages/airflow/example_dags/example_display_name.py
[2025-10-02T22:00:07.555+0000] {processor.py:925} INFO - DAG(s) 'example_display_name' retrieved from /home/airflow/.local/lib/python3.12/site-packages/airflow/example_dags/example_display_name.py
[2025-10-02T22:00:07.579+0000] {logging_mixin.py:190} INFO - [2025-10-02T22:00:07.579+0000] {dag.py:3239} INFO - Sync 1 DAGs
[2025-10-02T22:00:07.604+0000] {logging_mixin.py:190} INFO - [2025-10-02T22:00:07.603+0000] {dag.py:4180} INFO - Setting next_dagrun for example_display_name to None, run_after=None
[2025-10-02T22:00:07.631+0000] {processor.py:208} INFO - Processing /home/airflow/.local/lib/python3.12/site-packages/airflow/example_dags/example_display_name.py took 0.095 seconds
[2025-10-02T22:00:37.841+0000] {processor.py:186} INFO - Started process (PID=136) to work on /home/airflow/.local/lib/python3.12/site-packages/airflow/example_dags/example_display_name.py
[2025-10-02T22:00:37.842+0000] {processor.py:914} INFO - Processing file /home/airflow/.local/lib/python3.12/site-packages/airflow/example_dags/example_display_name.py for tasks to queue
[2025-10-02T22:00:37.846+0000] {logging_mixin.py:190} INFO - [2025-10-02T22:00:37.845+0000] {dagbag.py:588} INFO - Filling up the DagBag from /home/airflow/.local/lib/python3.12/site-packages/airflow/example_dags/example_display_name.py
[2025-10-02T22:00:37.855+0000] {processor.py:925} INFO - DAG(s) 'example_display_name' retrieved from /home/airflow/.local/lib/python3.12/site-packages/airflow/example_dags/example_display_name.py
[2025-10-02T22:00:37.876+0000] {logging_mixin.py:190} INFO - [2025-10-02T22:00:37.876+0000] {dag.py:3239} INFO - Sync 1 DAGs
[2025-10-02T22:00:37.892+0000] {logging_mixin.py:190} INFO - [2025-10-02T22:00:37.891+0000] {dag.py:4180} INFO - Setting next_dagrun for example_display_name to None, run_after=None
[2025-10-02T22:00:37.911+0000] {processor.py:208} INFO - Processing /home/airflow/.local/lib/python3.12/site-packages/airflow/example_dags/example_display_name.py took 0.077 seconds
[2025-10-02T22:01:08.138+0000] {processor.py:186} INFO - Started process (PID=199) to work on /home/airflow/.local/lib/python3.12/site-packages/airflow/example_dags/example_display_name.py
[2025-10-02T22:01:08.139+0000] {processor.py:914} INFO - Processing file /home/airflow/.local/lib/python3.12/site-packages/airflow/example_dags/example_display_name.py for tasks to queue
[2025-10-02T22:01:08.142+0000] {logging_mixin.py:190} INFO - [2025-10-02T22:01:08.142+0000] {dagbag.py:588} INFO - Filling up the DagBag from /home/airflow/.local/lib/python3.12/site-packages/airflow/example_dags/example_display_name.py
[2025-10-02T22:01:08.150+0000] {processor.py:925} INFO - DAG(s) 'example_display_name' retrieved from /home/airflow/.local/lib/python3.12/site-packages/airflow/example_dags/example_display_name.py
[2025-10-02T22:01:08.170+0000] {logging_mixin.py:190} INFO - [2025-10-02T22:01:08.169+0000] {dag.py:3239} INFO - Sync 1 DAGs
[2025-10-02T22:01:08.185+0000] {logging_mixin.py:190} INFO - [2025-10-02T22:01:08.185+0000] {dag.py:4180} INFO - Setting next_dagrun for example_display_name to None, run_after=None
[2025-10-02T22:01:08.203+0000] {processor.py:208} INFO - Processing /home/airflow/.local/lib/python3.12/site-packages/airflow/example_dags/example_display_name.py took 0.072 seconds
[2025-10-02T22:01:38.609+0000] {processor.py:186} INFO - Started process (PID=262) to work on /home/airflow/.local/lib/python3.12/site-packages/airflow/example_dags/example_display_name.py
[2025-10-02T22:01:38.610+0000] {processor.py:914} INFO - Processing file /home/airflow/.local/lib/python3.12/site-packages/airflow/example_dags/example_display_name.py for tasks to queue
[2025-10-02T22:01:38.613+0000] {logging_mixin.py:190} INFO - [2025-10-02T22:01:38.613+0000] {dagbag.py:588} INFO - Filling up the DagBag from /home/airflow/.local/lib/python3.12/site-packages/airflow/example_dags/example_display_name.py
[2025-10-02T22:01:38.621+0000] {processor.py:925} INFO - DAG(s) 'example_display_name' retrieved from /home/airflow/.local/lib/python3.12/site-packages/airflow/example_dags/example_display_name.py
[2025-10-02T22:01:38.638+0000] {logging_mixin.py:190} INFO - [2025-10-02T22:01:38.638+0000] {dag.py:3239} INFO - Sync 1 DAGs
[2025-10-02T22:01:38.652+0000] {logging_mixin.py:190} INFO - [2025-10-02T22:01:38.652+0000] {dag.py:4180} INFO - Setting next_dagrun for example_display_name to None, run_after=None
[2025-10-02T22:01:38.668+0000] {processor.py:208} INFO - Processing /home/airflow/.local/lib/python3.12/site-packages/airflow/example_dags/example_display_name.py took 0.065 seconds
[2025-10-02T22:02:08.960+0000] {processor.py:186} INFO - Started process (PID=331) to work on /home/airflow/.local/lib/python3.12/site-packages/airflow/example_dags/example_display_name.py
[2025-10-02T22:02:08.961+0000] {processor.py:914} INFO - Processing file /home/airflow/.local/lib/python3.12/site-packages/airflow/example_dags/example_display_name.py for tasks to queue
[2025-10-02T22:02:08.964+0000] {logging_mixin.py:190} INFO - [2025-10-02T22:02:08.964+0000] {dagbag.py:588} INFO - Filling up the DagBag from /home/airflow/.local/lib/python3.12/site-packages/airflow/example_dags/example_display_name.py
[2025-10-02T22:02:08.972+0000] {processor.py:925} INFO - DAG(s) 'example_display_name' retrieved from /home/airflow/.local/lib/python3.12/site-packages/airflow/example_dags/example_display_name.py
[2025-10-02T22:02:08.991+0000] {logging_mixin.py:190} INFO - [2025-10-02T22:02:08.991+0000] {dag.py:3239} INFO - Sync 1 DAGs
[2025-10-02T22:02:09.007+0000] {logging_mixin.py:190} INFO - [2025-10-02T22:02:09.006+0000] {dag.py:4180} INFO - Setting next_dagrun for example_display_name to None, run_after=None
[2025-10-02T22:02:09.024+0000] {processor.py:208} INFO - Processing /home/airflow/.local/lib/python3.12/site-packages/airflow/example_dags/example_display_name.py took 0.071 seconds
[2025-10-02T22:02:40.413+0000] {processor.py:186} INFO - Started process (PID=394) to work on /home/airflow/.local/lib/python3.12/site-packages/airflow/example_dags/example_display_name.py
[2025-10-02T22:02:40.414+0000] {processor.py:914} INFO - Processing file /home/airflow/.local/lib/python3.12/site-packages/airflow/example_dags/example_display_name.py for tasks to queue
[2025-10-02T22:02:40.417+0000] {logging_mixin.py:190} INFO - [2025-10-02T22:02:40.417+0000] {dagbag.py:588} INFO - Filling up the DagBag from /home/airflow/.local/lib/python3.12/site-packages/airflow/example_dags/example_display_name.py
[2025-10-02T22:02:40.429+0000] {processor.py:925} INFO - DAG(s) 'example_display_name' retrieved from /home/airflow/.local/lib/python3.12/site-packages/airflow/example_dags/example_display_name.py
[2025-10-02T22:02:40.464+0000] {logging_mixin.py:190} INFO - [2025-10-02T22:02:40.464+0000] {dag.py:3239} INFO - Sync 1 DAGs
[2025-10-02T22:02:40.483+0000] {logging_mixin.py:190} INFO - [2025-10-02T22:02:40.482+0000] {dag.py:4180} INFO - Setting next_dagrun for example_display_name to None, run_after=None
[2025-10-02T22:02:40.505+0000] {processor.py:208} INFO - Processing /home/airflow/.local/lib/python3.12/site-packages/airflow/example_dags/example_display_name.py took 0.100 seconds
[2025-10-02T22:03:11.590+0000] {processor.py:186} INFO - Started process (PID=458) to work on /home/airflow/.local/lib/python3.12/site-packages/airflow/example_dags/example_display_name.py
[2025-10-02T22:03:11.592+0000] {processor.py:914} INFO - Processing file /home/airflow/.local/lib/python3.12/site-packages/airflow/example_dags/example_display_name.py for tasks to queue
[2025-10-02T22:03:11.596+0000] {logging_mixin.py:190} INFO - [2025-10-02T22:03:11.596+0000] {dagbag.py:588} INFO - Filling up the DagBag from /home/airflow/.local/lib/python3.12/site-packages/airflow/example_dags/example_display_name.py
[2025-10-02T22:03:11.607+0000] {processor.py:925} INFO - DAG(s) 'example_display_name' retrieved from /home/airflow/.local/lib/python3.12/site-packages/airflow/example_dags/example_display_name.py
[2025-10-02T22:03:11.629+0000] {logging_mixin.py:190} INFO - [2025-10-02T22:03:11.629+0000] {dag.py:3239} INFO - Sync 1 DAGs
[2025-10-02T22:03:11.645+0000] {logging_mixin.py:190} INFO - [2025-10-02T22:03:11.645+0000] {dag.py:4180} INFO - Setting next_dagrun for example_display_name to None, run_after=None
[2025-10-02T22:03:11.663+0000] {processor.py:208} INFO - Processing /home/airflow/.local/lib/python3.12/site-packages/airflow/example_dags/example_display_name.py took 0.080 seconds
[2025-10-02T22:03:41.934+0000] {processor.py:186} INFO - Started process (PID=521) to work on /home/airflow/.local/lib/python3.12/site-packages/airflow/example_dags/example_display_name.py
[2025-10-02T22:03:41.935+0000] {processor.py:914} INFO - Processing file /home/airflow/.local/lib/python3.12/site-packages/airflow/example_dags/example_display_name.py for tasks to queue
[2025-10-02T22:03:41.938+0000] {logging_mixin.py:190} INFO - [2025-10-02T22:03:41.938+0000] {dagbag.py:588} INFO - Filling up the DagBag from /home/airflow/.local/lib/python3.12/site-packages/airflow/example_dags/example_display_name.py
[2025-10-02T22:03:41.947+0000] {processor.py:925} INFO - DAG(s) 'example_display_name' retrieved from /home/airflow/.local/lib/python3.12/site-packages/airflow/example_dags/example_display_name.py
[2025-10-02T22:03:41.966+0000] {logging_mixin.py:190} INFO - [2025-10-02T22:03:41.966+0000] {dag.py:3239} INFO - Sync 1 DAGs
[2025-10-02T22:03:41.982+0000] {logging_mixin.py:190} INFO - [2025-10-02T22:03:41.982+0000] {dag.py:4180} INFO - Setting next_dagrun for example_display_name to None, run_after=None
[2025-10-02T22:03:42.000+0000] {processor.py:208} INFO - Processing /home/airflow/.local/lib/python3.12/site-packages/airflow/example_dags/example_display_name.py took 0.072 seconds
[2025-10-02T22:04:13.054+0000] {processor.py:186} INFO - Started process (PID=584) to work on /home/airflow/.local/lib/python3.12/site-packages/airflow/example_dags/example_display_name.py
[2025-10-02T22:04:13.055+0000] {processor.py:914} INFO - Processing file /home/airflow/.local/lib/python3.12/site-packages/airflow/example_dags/example_display_name.py for tasks to queue
[2025-10-02T22:04:13.058+0000] {logging_mixin.py:190} INFO - [2025-10-02T22:04:13.058+0000] {dagbag.py:588} INFO - Filling up the DagBag from /home/airflow/.local/lib/python3.12/site-packages/airflow/example_dags/example_display_name.py
[2025-10-02T22:04:13.068+0000] {processor.py:925} INFO - DAG(s) 'example_display_name' retrieved from /home/airflow/.local/lib/python3.12/site-packages/airflow/example_dags/example_display_name.py
[2025-10-02T22:04:13.091+0000] {logging_mixin.py:190} INFO - [2025-10-02T22:04:13.091+0000] {dag.py:3239} INFO - Sync 1 DAGs
[2025-10-02T22:04:13.107+0000] {logging_mixin.py:190} INFO - [2025-10-02T22:04:13.106+0000] {dag.py:4180} INFO - Setting next_dagrun for example_display_name to None, run_after=None
[2025-10-02T22:04:13.125+0000] {processor.py:208} INFO - Processing /home/airflow/.local/lib/python3.12/site-packages/airflow/example_dags/example_display_name.py took 0.079 seconds
[2025-10-02T22:04:43.615+0000] {processor.py:186} INFO - Started process (PID=647) to work on /home/airflow/.local/lib/python3.12/site-packages/airflow/example_dags/example_display_name.py
[2025-10-02T22:04:43.616+0000] {processor.py:914} INFO - Processing file /home/airflow/.local/lib/python3.12/site-packages/airflow/example_dags/example_display_name.py for tasks to queue
[2025-10-02T22:04:43.619+0000] {logging_mixin.py:190} INFO - [2025-10-02T22:04:43.619+0000] {dagbag.py:588} INFO - Filling up the DagBag from /home/airflow/.local/lib/python3.12/site-packages/airflow/example_dags/example_display_name.py
[2025-10-02T22:04:43.628+0000] {processor.py:925} INFO - DAG(s) 'example_display_name' retrieved from /home/airflow/.local/lib/python3.12/site-packages/airflow/example_dags/example_display_name.py
[2025-10-02T22:04:43.650+0000] {logging_mixin.py:190} INFO - [2025-10-02T22:04:43.649+0000] {dag.py:3239} INFO - Sync 1 DAGs
[2025-10-02T22:04:43.667+0000] {logging_mixin.py:190} INFO - [2025-10-02T22:04:43.666+0000] {dag.py:4180} INFO - Setting next_dagrun for example_display_name to None, run_after=None
[2025-10-02T22:04:43.687+0000] {processor.py:208} INFO - Processing /home/airflow/.local/lib/python3.12/site-packages/airflow/example_dags/example_display_name.py took 0.078 seconds
[2025-10-02T22:05:14.408+0000] {processor.py:186} INFO - Started process (PID=710) to work on /home/airflow/.local/lib/python3.12/site-packages/airflow/example_dags/example_display_name.py
[2025-10-02T22:05:14.409+0000] {processor.py:914} INFO - Processing file /home/airflow/.local/lib/python3.12/site-packages/airflow/example_dags/example_display_name.py for tasks to queue
[2025-10-02T22:05:14.412+0000] {logging_mixin.py:190} INFO - [2025-10-02T22:05:14.412+0000] {dagbag.py:588} INFO - Filling up the DagBag from /home/airflow/.local/lib/python3.12/site-packages/airflow/example_dags/example_display_name.py
[2025-10-02T22:05:14.422+0000] {processor.py:925} INFO - DAG(s) 'example_display_name' retrieved from /home/airflow/.local/lib/python3.12/site-packages/airflow/example_dags/example_display_name.py
[2025-10-02T22:05:14.442+0000] {logging_mixin.py:190} INFO - [2025-10-02T22:05:14.442+0000] {dag.py:3239} INFO - Sync 1 DAGs
[2025-10-02T22:05:14.458+0000] {logging_mixin.py:190} INFO - [2025-10-02T22:05:14.458+0000] {dag.py:4180} INFO - Setting next_dagrun for example_display_name to None, run_after=None
[2025-10-02T22:05:14.475+0000] {processor.py:208} INFO - Processing /home/airflow/.local/lib/python3.12/site-packages/airflow/example_dags/example_display_name.py took 0.074 seconds
[2025-10-02T22:05:45.087+0000] {processor.py:186} INFO - Started process (PID=773) to work on /home/airflow/.local/lib/python3.12/site-packages/airflow/example_dags/example_display_name.py
[2025-10-02T22:05:45.088+0000] {processor.py:914} INFO - Processing file /home/airflow/.local/lib/python3.12/site-packages/airflow/example_dags/example_display_name.py for tasks to queue
[2025-10-02T22:05:45.091+0000] {logging_mixin.py:190} INFO - [2025-10-02T22:05:45.091+0000] {dagbag.py:588} INFO - Filling up the DagBag from /home/airflow/.local/lib/python3.12/site-packages/airflow/example_dags/example_display_name.py
[2025-10-02T22:05:45.100+0000] {processor.py:925} INFO - DAG(s) 'example_display_name' retrieved from /home/airflow/.local/lib/python3.12/site-packages/airflow/example_dags/example_display_name.py
[2025-10-02T22:05:45.121+0000] {logging_mixin.py:190} INFO - [2025-10-02T22:05:45.120+0000] {dag.py:3239} INFO - Sync 1 DAGs
[2025-10-02T22:05:45.136+0000] {logging_mixin.py:190} INFO - [2025-10-02T22:05:45.136+0000] {dag.py:4180} INFO - Setting next_dagrun for example_display_name to None, run_after=None
[2025-10-02T22:05:45.164+0000] {processor.py:208} INFO - Processing /home/airflow/.local/lib/python3.12/site-packages/airflow/example_dags/example_display_name.py took 0.083 seconds
