[2025-10-02T20:11:10.122+0000] {processor.py:186} INFO - Started process (PID=67) to work on /home/airflow/.local/lib/python3.12/site-packages/airflow/example_dags/example_subdag_operator.py
[2025-10-02T20:11:10.124+0000] {processor.py:914} INFO - Processing file /home/airflow/.local/lib/python3.12/site-packages/airflow/example_dags/example_subdag_operator.py for tasks to queue
[2025-10-02T20:11:10.132+0000] {logging_mixin.py:190} INFO - [2025-10-02T20:11:10.131+0000] {dagbag.py:588} INFO - Filling up the DagBag from /home/airflow/.local/lib/python3.12/site-packages/airflow/example_dags/example_subdag_operator.py
[2025-10-02T20:11:10.222+0000] {processor.py:925} INFO - DAG(s) 'example_subdag_operator.section-1', 'example_subdag_operator.section-2', 'example_subdag_operator' retrieved from /home/airflow/.local/lib/python3.12/site-packages/airflow/example_dags/example_subdag_operator.py
[2025-10-02T20:11:10.544+0000] {logging_mixin.py:190} INFO - [2025-10-02T20:11:10.540+0000] {dag.py:3239} INFO - Sync 3 DAGs
[2025-10-02T20:11:10.596+0000] {logging_mixin.py:190} INFO - [2025-10-02T20:11:10.595+0000] {dag.py:4180} INFO - Setting next_dagrun for example_subdag_operator to 2022-01-01 00:00:00+00:00, run_after=2022-01-01 00:00:00+00:00
[2025-10-02T20:11:10.599+0000] {logging_mixin.py:190} INFO - [2025-10-02T20:11:10.599+0000] {dag.py:4180} INFO - Setting next_dagrun for example_subdag_operator.section-1 to None, run_after=None
[2025-10-02T20:11:10.602+0000] {logging_mixin.py:190} INFO - [2025-10-02T20:11:10.602+0000] {dag.py:4180} INFO - Setting next_dagrun for example_subdag_operator.section-2 to None, run_after=None
[2025-10-02T20:11:10.612+0000] {logging_mixin.py:190} INFO - [2025-10-02T20:11:10.611+0000] {dag.py:3239} INFO - Sync 2 DAGs
[2025-10-02T20:11:10.619+0000] {logging_mixin.py:190} INFO - [2025-10-02T20:11:10.619+0000] {dag.py:4180} INFO - Setting next_dagrun for example_subdag_operator.section-1 to None, run_after=None
[2025-10-02T20:11:10.620+0000] {logging_mixin.py:190} INFO - [2025-10-02T20:11:10.620+0000] {dag.py:4180} INFO - Setting next_dagrun for example_subdag_operator.section-2 to None, run_after=None
[2025-10-02T20:11:10.643+0000] {processor.py:208} INFO - Processing /home/airflow/.local/lib/python3.12/site-packages/airflow/example_dags/example_subdag_operator.py took 0.533 seconds
[2025-10-02T20:11:40.937+0000] {processor.py:186} INFO - Started process (PID=129) to work on /home/airflow/.local/lib/python3.12/site-packages/airflow/example_dags/example_subdag_operator.py
[2025-10-02T20:11:40.944+0000] {processor.py:914} INFO - Processing file /home/airflow/.local/lib/python3.12/site-packages/airflow/example_dags/example_subdag_operator.py for tasks to queue
[2025-10-02T20:11:40.962+0000] {logging_mixin.py:190} INFO - [2025-10-02T20:11:40.962+0000] {dagbag.py:588} INFO - Filling up the DagBag from /home/airflow/.local/lib/python3.12/site-packages/airflow/example_dags/example_subdag_operator.py
[2025-10-02T20:11:41.177+0000] {processor.py:925} INFO - DAG(s) 'example_subdag_operator.section-1', 'example_subdag_operator.section-2', 'example_subdag_operator' retrieved from /home/airflow/.local/lib/python3.12/site-packages/airflow/example_dags/example_subdag_operator.py
[2025-10-02T20:11:41.201+0000] {logging_mixin.py:190} INFO - [2025-10-02T20:11:41.201+0000] {dag.py:3239} INFO - Sync 3 DAGs
[2025-10-02T20:11:41.251+0000] {logging_mixin.py:190} INFO - [2025-10-02T20:11:41.250+0000] {dag.py:4180} INFO - Setting next_dagrun for example_subdag_operator to 2022-01-01 00:00:00+00:00, run_after=2022-01-01 00:00:00+00:00
[2025-10-02T20:11:41.258+0000] {logging_mixin.py:190} INFO - [2025-10-02T20:11:41.258+0000] {dag.py:4180} INFO - Setting next_dagrun for example_subdag_operator.section-1 to None, run_after=None
[2025-10-02T20:11:41.260+0000] {logging_mixin.py:190} INFO - [2025-10-02T20:11:41.260+0000] {dag.py:4180} INFO - Setting next_dagrun for example_subdag_operator.section-2 to None, run_after=None
[2025-10-02T20:11:41.274+0000] {logging_mixin.py:190} INFO - [2025-10-02T20:11:41.274+0000] {dag.py:3239} INFO - Sync 2 DAGs
[2025-10-02T20:11:41.280+0000] {logging_mixin.py:190} INFO - [2025-10-02T20:11:41.280+0000] {dag.py:4180} INFO - Setting next_dagrun for example_subdag_operator.section-1 to None, run_after=None
[2025-10-02T20:11:41.282+0000] {logging_mixin.py:190} INFO - [2025-10-02T20:11:41.282+0000] {dag.py:4180} INFO - Setting next_dagrun for example_subdag_operator.section-2 to None, run_after=None
[2025-10-02T20:11:41.296+0000] {processor.py:208} INFO - Processing /home/airflow/.local/lib/python3.12/site-packages/airflow/example_dags/example_subdag_operator.py took 0.396 seconds
[2025-10-02T20:12:11.400+0000] {processor.py:186} INFO - Started process (PID=192) to work on /home/airflow/.local/lib/python3.12/site-packages/airflow/example_dags/example_subdag_operator.py
[2025-10-02T20:12:11.402+0000] {processor.py:914} INFO - Processing file /home/airflow/.local/lib/python3.12/site-packages/airflow/example_dags/example_subdag_operator.py for tasks to queue
[2025-10-02T20:12:11.406+0000] {logging_mixin.py:190} INFO - [2025-10-02T20:12:11.405+0000] {dagbag.py:588} INFO - Filling up the DagBag from /home/airflow/.local/lib/python3.12/site-packages/airflow/example_dags/example_subdag_operator.py
[2025-10-02T20:12:11.448+0000] {processor.py:925} INFO - DAG(s) 'example_subdag_operator.section-1', 'example_subdag_operator.section-2', 'example_subdag_operator' retrieved from /home/airflow/.local/lib/python3.12/site-packages/airflow/example_dags/example_subdag_operator.py
[2025-10-02T20:12:11.476+0000] {logging_mixin.py:190} INFO - [2025-10-02T20:12:11.476+0000] {dag.py:3239} INFO - Sync 3 DAGs
[2025-10-02T20:12:11.513+0000] {logging_mixin.py:190} INFO - [2025-10-02T20:12:11.513+0000] {dag.py:4180} INFO - Setting next_dagrun for example_subdag_operator to 2022-01-01 00:00:00+00:00, run_after=2022-01-01 00:00:00+00:00
[2025-10-02T20:12:11.518+0000] {logging_mixin.py:190} INFO - [2025-10-02T20:12:11.518+0000] {dag.py:4180} INFO - Setting next_dagrun for example_subdag_operator.section-1 to None, run_after=None
[2025-10-02T20:12:11.519+0000] {logging_mixin.py:190} INFO - [2025-10-02T20:12:11.519+0000] {dag.py:4180} INFO - Setting next_dagrun for example_subdag_operator.section-2 to None, run_after=None
[2025-10-02T20:12:11.527+0000] {logging_mixin.py:190} INFO - [2025-10-02T20:12:11.527+0000] {dag.py:3239} INFO - Sync 2 DAGs
[2025-10-02T20:12:11.533+0000] {logging_mixin.py:190} INFO - [2025-10-02T20:12:11.532+0000] {dag.py:4180} INFO - Setting next_dagrun for example_subdag_operator.section-1 to None, run_after=None
[2025-10-02T20:12:11.533+0000] {logging_mixin.py:190} INFO - [2025-10-02T20:12:11.533+0000] {dag.py:4180} INFO - Setting next_dagrun for example_subdag_operator.section-2 to None, run_after=None
[2025-10-02T20:12:11.543+0000] {processor.py:208} INFO - Processing /home/airflow/.local/lib/python3.12/site-packages/airflow/example_dags/example_subdag_operator.py took 0.155 seconds
[2025-10-02T20:12:41.610+0000] {processor.py:186} INFO - Started process (PID=255) to work on /home/airflow/.local/lib/python3.12/site-packages/airflow/example_dags/example_subdag_operator.py
[2025-10-02T20:12:41.612+0000] {processor.py:914} INFO - Processing file /home/airflow/.local/lib/python3.12/site-packages/airflow/example_dags/example_subdag_operator.py for tasks to queue
[2025-10-02T20:12:41.617+0000] {logging_mixin.py:190} INFO - [2025-10-02T20:12:41.616+0000] {dagbag.py:588} INFO - Filling up the DagBag from /home/airflow/.local/lib/python3.12/site-packages/airflow/example_dags/example_subdag_operator.py
[2025-10-02T20:12:41.664+0000] {processor.py:925} INFO - DAG(s) 'example_subdag_operator.section-1', 'example_subdag_operator.section-2', 'example_subdag_operator' retrieved from /home/airflow/.local/lib/python3.12/site-packages/airflow/example_dags/example_subdag_operator.py
[2025-10-02T20:12:41.681+0000] {logging_mixin.py:190} INFO - [2025-10-02T20:12:41.681+0000] {dag.py:3239} INFO - Sync 3 DAGs
[2025-10-02T20:12:41.714+0000] {logging_mixin.py:190} INFO - [2025-10-02T20:12:41.714+0000] {dag.py:4180} INFO - Setting next_dagrun for example_subdag_operator to 2022-01-01 00:00:00+00:00, run_after=2022-01-01 00:00:00+00:00
[2025-10-02T20:12:41.718+0000] {logging_mixin.py:190} INFO - [2025-10-02T20:12:41.718+0000] {dag.py:4180} INFO - Setting next_dagrun for example_subdag_operator.section-1 to None, run_after=None
[2025-10-02T20:12:41.719+0000] {logging_mixin.py:190} INFO - [2025-10-02T20:12:41.719+0000] {dag.py:4180} INFO - Setting next_dagrun for example_subdag_operator.section-2 to None, run_after=None
[2025-10-02T20:12:41.728+0000] {logging_mixin.py:190} INFO - [2025-10-02T20:12:41.727+0000] {dag.py:3239} INFO - Sync 2 DAGs
[2025-10-02T20:12:41.733+0000] {logging_mixin.py:190} INFO - [2025-10-02T20:12:41.733+0000] {dag.py:4180} INFO - Setting next_dagrun for example_subdag_operator.section-1 to None, run_after=None
[2025-10-02T20:12:41.734+0000] {logging_mixin.py:190} INFO - [2025-10-02T20:12:41.734+0000] {dag.py:4180} INFO - Setting next_dagrun for example_subdag_operator.section-2 to None, run_after=None
[2025-10-02T20:12:41.747+0000] {processor.py:208} INFO - Processing /home/airflow/.local/lib/python3.12/site-packages/airflow/example_dags/example_subdag_operator.py took 0.149 seconds
[2025-10-02T20:13:11.907+0000] {processor.py:186} INFO - Started process (PID=318) to work on /home/airflow/.local/lib/python3.12/site-packages/airflow/example_dags/example_subdag_operator.py
[2025-10-02T20:13:11.908+0000] {processor.py:914} INFO - Processing file /home/airflow/.local/lib/python3.12/site-packages/airflow/example_dags/example_subdag_operator.py for tasks to queue
[2025-10-02T20:13:11.912+0000] {logging_mixin.py:190} INFO - [2025-10-02T20:13:11.911+0000] {dagbag.py:588} INFO - Filling up the DagBag from /home/airflow/.local/lib/python3.12/site-packages/airflow/example_dags/example_subdag_operator.py
[2025-10-02T20:13:11.943+0000] {processor.py:925} INFO - DAG(s) 'example_subdag_operator.section-1', 'example_subdag_operator.section-2', 'example_subdag_operator' retrieved from /home/airflow/.local/lib/python3.12/site-packages/airflow/example_dags/example_subdag_operator.py
[2025-10-02T20:13:11.962+0000] {logging_mixin.py:190} INFO - [2025-10-02T20:13:11.962+0000] {dag.py:3239} INFO - Sync 3 DAGs
[2025-10-02T20:13:11.992+0000] {logging_mixin.py:190} INFO - [2025-10-02T20:13:11.992+0000] {dag.py:4180} INFO - Setting next_dagrun for example_subdag_operator to 2022-01-01 00:00:00+00:00, run_after=2022-01-01 00:00:00+00:00
[2025-10-02T20:13:11.996+0000] {logging_mixin.py:190} INFO - [2025-10-02T20:13:11.996+0000] {dag.py:4180} INFO - Setting next_dagrun for example_subdag_operator.section-1 to None, run_after=None
[2025-10-02T20:13:11.997+0000] {logging_mixin.py:190} INFO - [2025-10-02T20:13:11.997+0000] {dag.py:4180} INFO - Setting next_dagrun for example_subdag_operator.section-2 to None, run_after=None
[2025-10-02T20:13:12.005+0000] {logging_mixin.py:190} INFO - [2025-10-02T20:13:12.005+0000] {dag.py:3239} INFO - Sync 2 DAGs
[2025-10-02T20:13:12.011+0000] {logging_mixin.py:190} INFO - [2025-10-02T20:13:12.010+0000] {dag.py:4180} INFO - Setting next_dagrun for example_subdag_operator.section-1 to None, run_after=None
[2025-10-02T20:13:12.011+0000] {logging_mixin.py:190} INFO - [2025-10-02T20:13:12.011+0000] {dag.py:4180} INFO - Setting next_dagrun for example_subdag_operator.section-2 to None, run_after=None
[2025-10-02T20:13:12.023+0000] {processor.py:208} INFO - Processing /home/airflow/.local/lib/python3.12/site-packages/airflow/example_dags/example_subdag_operator.py took 0.124 seconds
[2025-10-02T20:13:42.346+0000] {processor.py:186} INFO - Started process (PID=381) to work on /home/airflow/.local/lib/python3.12/site-packages/airflow/example_dags/example_subdag_operator.py
[2025-10-02T20:13:42.348+0000] {processor.py:914} INFO - Processing file /home/airflow/.local/lib/python3.12/site-packages/airflow/example_dags/example_subdag_operator.py for tasks to queue
[2025-10-02T20:13:42.351+0000] {logging_mixin.py:190} INFO - [2025-10-02T20:13:42.350+0000] {dagbag.py:588} INFO - Filling up the DagBag from /home/airflow/.local/lib/python3.12/site-packages/airflow/example_dags/example_subdag_operator.py
[2025-10-02T20:13:42.381+0000] {processor.py:925} INFO - DAG(s) 'example_subdag_operator.section-1', 'example_subdag_operator.section-2', 'example_subdag_operator' retrieved from /home/airflow/.local/lib/python3.12/site-packages/airflow/example_dags/example_subdag_operator.py
[2025-10-02T20:13:42.399+0000] {logging_mixin.py:190} INFO - [2025-10-02T20:13:42.399+0000] {dag.py:3239} INFO - Sync 3 DAGs
[2025-10-02T20:13:42.427+0000] {logging_mixin.py:190} INFO - [2025-10-02T20:13:42.427+0000] {dag.py:4180} INFO - Setting next_dagrun for example_subdag_operator to 2022-01-01 00:00:00+00:00, run_after=2022-01-01 00:00:00+00:00
[2025-10-02T20:13:42.432+0000] {logging_mixin.py:190} INFO - [2025-10-02T20:13:42.432+0000] {dag.py:4180} INFO - Setting next_dagrun for example_subdag_operator.section-1 to None, run_after=None
[2025-10-02T20:13:42.434+0000] {logging_mixin.py:190} INFO - [2025-10-02T20:13:42.434+0000] {dag.py:4180} INFO - Setting next_dagrun for example_subdag_operator.section-2 to None, run_after=None
[2025-10-02T20:13:42.443+0000] {logging_mixin.py:190} INFO - [2025-10-02T20:13:42.443+0000] {dag.py:3239} INFO - Sync 2 DAGs
[2025-10-02T20:13:42.449+0000] {logging_mixin.py:190} INFO - [2025-10-02T20:13:42.449+0000] {dag.py:4180} INFO - Setting next_dagrun for example_subdag_operator.section-1 to None, run_after=None
[2025-10-02T20:13:42.450+0000] {logging_mixin.py:190} INFO - [2025-10-02T20:13:42.450+0000] {dag.py:4180} INFO - Setting next_dagrun for example_subdag_operator.section-2 to None, run_after=None
[2025-10-02T20:13:42.461+0000] {processor.py:208} INFO - Processing /home/airflow/.local/lib/python3.12/site-packages/airflow/example_dags/example_subdag_operator.py took 0.122 seconds
[2025-10-02T20:14:13.057+0000] {processor.py:186} INFO - Started process (PID=444) to work on /home/airflow/.local/lib/python3.12/site-packages/airflow/example_dags/example_subdag_operator.py
[2025-10-02T20:14:13.058+0000] {processor.py:914} INFO - Processing file /home/airflow/.local/lib/python3.12/site-packages/airflow/example_dags/example_subdag_operator.py for tasks to queue
[2025-10-02T20:14:13.061+0000] {logging_mixin.py:190} INFO - [2025-10-02T20:14:13.060+0000] {dagbag.py:588} INFO - Filling up the DagBag from /home/airflow/.local/lib/python3.12/site-packages/airflow/example_dags/example_subdag_operator.py
[2025-10-02T20:14:13.088+0000] {processor.py:925} INFO - DAG(s) 'example_subdag_operator.section-1', 'example_subdag_operator.section-2', 'example_subdag_operator' retrieved from /home/airflow/.local/lib/python3.12/site-packages/airflow/example_dags/example_subdag_operator.py
[2025-10-02T20:14:13.102+0000] {logging_mixin.py:190} INFO - [2025-10-02T20:14:13.102+0000] {dag.py:3239} INFO - Sync 3 DAGs
[2025-10-02T20:14:13.126+0000] {logging_mixin.py:190} INFO - [2025-10-02T20:14:13.126+0000] {dag.py:4180} INFO - Setting next_dagrun for example_subdag_operator to 2022-01-01 00:00:00+00:00, run_after=2022-01-01 00:00:00+00:00
[2025-10-02T20:14:13.130+0000] {logging_mixin.py:190} INFO - [2025-10-02T20:14:13.130+0000] {dag.py:4180} INFO - Setting next_dagrun for example_subdag_operator.section-1 to None, run_after=None
[2025-10-02T20:14:13.131+0000] {logging_mixin.py:190} INFO - [2025-10-02T20:14:13.131+0000] {dag.py:4180} INFO - Setting next_dagrun for example_subdag_operator.section-2 to None, run_after=None
[2025-10-02T20:14:13.138+0000] {logging_mixin.py:190} INFO - [2025-10-02T20:14:13.138+0000] {dag.py:3239} INFO - Sync 2 DAGs
[2025-10-02T20:14:13.143+0000] {logging_mixin.py:190} INFO - [2025-10-02T20:14:13.143+0000] {dag.py:4180} INFO - Setting next_dagrun for example_subdag_operator.section-1 to None, run_after=None
[2025-10-02T20:14:13.144+0000] {logging_mixin.py:190} INFO - [2025-10-02T20:14:13.144+0000] {dag.py:4180} INFO - Setting next_dagrun for example_subdag_operator.section-2 to None, run_after=None
[2025-10-02T20:14:13.154+0000] {processor.py:208} INFO - Processing /home/airflow/.local/lib/python3.12/site-packages/airflow/example_dags/example_subdag_operator.py took 0.104 seconds
[2025-10-02T20:14:43.645+0000] {processor.py:186} INFO - Started process (PID=507) to work on /home/airflow/.local/lib/python3.12/site-packages/airflow/example_dags/example_subdag_operator.py
[2025-10-02T20:14:43.646+0000] {processor.py:914} INFO - Processing file /home/airflow/.local/lib/python3.12/site-packages/airflow/example_dags/example_subdag_operator.py for tasks to queue
[2025-10-02T20:14:43.649+0000] {logging_mixin.py:190} INFO - [2025-10-02T20:14:43.649+0000] {dagbag.py:588} INFO - Filling up the DagBag from /home/airflow/.local/lib/python3.12/site-packages/airflow/example_dags/example_subdag_operator.py
[2025-10-02T20:14:43.677+0000] {processor.py:925} INFO - DAG(s) 'example_subdag_operator.section-1', 'example_subdag_operator.section-2', 'example_subdag_operator' retrieved from /home/airflow/.local/lib/python3.12/site-packages/airflow/example_dags/example_subdag_operator.py
[2025-10-02T20:14:43.694+0000] {logging_mixin.py:190} INFO - [2025-10-02T20:14:43.694+0000] {dag.py:3239} INFO - Sync 3 DAGs
[2025-10-02T20:14:43.718+0000] {logging_mixin.py:190} INFO - [2025-10-02T20:14:43.717+0000] {dag.py:4180} INFO - Setting next_dagrun for example_subdag_operator to 2022-01-01 00:00:00+00:00, run_after=2022-01-01 00:00:00+00:00
[2025-10-02T20:14:43.721+0000] {logging_mixin.py:190} INFO - [2025-10-02T20:14:43.721+0000] {dag.py:4180} INFO - Setting next_dagrun for example_subdag_operator.section-1 to None, run_after=None
[2025-10-02T20:14:43.723+0000] {logging_mixin.py:190} INFO - [2025-10-02T20:14:43.723+0000] {dag.py:4180} INFO - Setting next_dagrun for example_subdag_operator.section-2 to None, run_after=None
[2025-10-02T20:14:43.729+0000] {logging_mixin.py:190} INFO - [2025-10-02T20:14:43.729+0000] {dag.py:3239} INFO - Sync 2 DAGs
[2025-10-02T20:14:43.735+0000] {logging_mixin.py:190} INFO - [2025-10-02T20:14:43.734+0000] {dag.py:4180} INFO - Setting next_dagrun for example_subdag_operator.section-1 to None, run_after=None
[2025-10-02T20:14:43.735+0000] {logging_mixin.py:190} INFO - [2025-10-02T20:14:43.735+0000] {dag.py:4180} INFO - Setting next_dagrun for example_subdag_operator.section-2 to None, run_after=None
[2025-10-02T20:14:43.746+0000] {processor.py:208} INFO - Processing /home/airflow/.local/lib/python3.12/site-packages/airflow/example_dags/example_subdag_operator.py took 0.108 seconds
[2025-10-02T20:15:40.349+0000] {processor.py:186} INFO - Started process (PID=572) to work on /home/airflow/.local/lib/python3.12/site-packages/airflow/example_dags/example_subdag_operator.py
[2025-10-02T20:15:40.351+0000] {processor.py:914} INFO - Processing file /home/airflow/.local/lib/python3.12/site-packages/airflow/example_dags/example_subdag_operator.py for tasks to queue
[2025-10-02T20:15:40.356+0000] {logging_mixin.py:190} INFO - [2025-10-02T20:15:40.355+0000] {dagbag.py:588} INFO - Filling up the DagBag from /home/airflow/.local/lib/python3.12/site-packages/airflow/example_dags/example_subdag_operator.py
[2025-10-02T20:15:40.397+0000] {processor.py:925} INFO - DAG(s) 'example_subdag_operator.section-1', 'example_subdag_operator.section-2', 'example_subdag_operator' retrieved from /home/airflow/.local/lib/python3.12/site-packages/airflow/example_dags/example_subdag_operator.py
[2025-10-02T20:15:40.425+0000] {logging_mixin.py:190} INFO - [2025-10-02T20:15:40.425+0000] {dag.py:3239} INFO - Sync 3 DAGs
[2025-10-02T20:15:40.457+0000] {logging_mixin.py:190} INFO - [2025-10-02T20:15:40.457+0000] {dag.py:4180} INFO - Setting next_dagrun for example_subdag_operator to 2022-01-01 00:00:00+00:00, run_after=2022-01-01 00:00:00+00:00
[2025-10-02T20:15:40.462+0000] {logging_mixin.py:190} INFO - [2025-10-02T20:15:40.462+0000] {dag.py:4180} INFO - Setting next_dagrun for example_subdag_operator.section-1 to None, run_after=None
[2025-10-02T20:15:40.464+0000] {logging_mixin.py:190} INFO - [2025-10-02T20:15:40.464+0000] {dag.py:4180} INFO - Setting next_dagrun for example_subdag_operator.section-2 to None, run_after=None
[2025-10-02T20:15:40.476+0000] {logging_mixin.py:190} INFO - [2025-10-02T20:15:40.476+0000] {dag.py:3239} INFO - Sync 2 DAGs
[2025-10-02T20:15:40.484+0000] {logging_mixin.py:190} INFO - [2025-10-02T20:15:40.484+0000] {dag.py:4180} INFO - Setting next_dagrun for example_subdag_operator.section-1 to None, run_after=None
[2025-10-02T20:15:40.485+0000] {logging_mixin.py:190} INFO - [2025-10-02T20:15:40.485+0000] {dag.py:4180} INFO - Setting next_dagrun for example_subdag_operator.section-2 to None, run_after=None
[2025-10-02T20:15:40.502+0000] {processor.py:208} INFO - Processing /home/airflow/.local/lib/python3.12/site-packages/airflow/example_dags/example_subdag_operator.py took 0.163 seconds
[2025-10-02T20:16:11.341+0000] {processor.py:186} INFO - Started process (PID=635) to work on /home/airflow/.local/lib/python3.12/site-packages/airflow/example_dags/example_subdag_operator.py
[2025-10-02T20:16:11.342+0000] {processor.py:914} INFO - Processing file /home/airflow/.local/lib/python3.12/site-packages/airflow/example_dags/example_subdag_operator.py for tasks to queue
[2025-10-02T20:16:11.346+0000] {logging_mixin.py:190} INFO - [2025-10-02T20:16:11.345+0000] {dagbag.py:588} INFO - Filling up the DagBag from /home/airflow/.local/lib/python3.12/site-packages/airflow/example_dags/example_subdag_operator.py
[2025-10-02T20:16:11.381+0000] {processor.py:925} INFO - DAG(s) 'example_subdag_operator.section-1', 'example_subdag_operator.section-2', 'example_subdag_operator' retrieved from /home/airflow/.local/lib/python3.12/site-packages/airflow/example_dags/example_subdag_operator.py
[2025-10-02T20:16:11.399+0000] {logging_mixin.py:190} INFO - [2025-10-02T20:16:11.399+0000] {dag.py:3239} INFO - Sync 3 DAGs
[2025-10-02T20:16:11.426+0000] {logging_mixin.py:190} INFO - [2025-10-02T20:16:11.426+0000] {dag.py:4180} INFO - Setting next_dagrun for example_subdag_operator to 2022-01-01 00:00:00+00:00, run_after=2022-01-01 00:00:00+00:00
[2025-10-02T20:16:11.432+0000] {logging_mixin.py:190} INFO - [2025-10-02T20:16:11.432+0000] {dag.py:4180} INFO - Setting next_dagrun for example_subdag_operator.section-1 to None, run_after=None
[2025-10-02T20:16:11.435+0000] {logging_mixin.py:190} INFO - [2025-10-02T20:16:11.434+0000] {dag.py:4180} INFO - Setting next_dagrun for example_subdag_operator.section-2 to None, run_after=None
[2025-10-02T20:16:11.443+0000] {logging_mixin.py:190} INFO - [2025-10-02T20:16:11.443+0000] {dag.py:3239} INFO - Sync 2 DAGs
[2025-10-02T20:16:11.449+0000] {logging_mixin.py:190} INFO - [2025-10-02T20:16:11.449+0000] {dag.py:4180} INFO - Setting next_dagrun for example_subdag_operator.section-1 to None, run_after=None
[2025-10-02T20:16:11.450+0000] {logging_mixin.py:190} INFO - [2025-10-02T20:16:11.450+0000] {dag.py:4180} INFO - Setting next_dagrun for example_subdag_operator.section-2 to None, run_after=None
[2025-10-02T20:16:11.461+0000] {processor.py:208} INFO - Processing /home/airflow/.local/lib/python3.12/site-packages/airflow/example_dags/example_subdag_operator.py took 0.129 seconds
[2025-10-02T20:16:42.213+0000] {processor.py:186} INFO - Started process (PID=698) to work on /home/airflow/.local/lib/python3.12/site-packages/airflow/example_dags/example_subdag_operator.py
[2025-10-02T20:16:42.214+0000] {processor.py:914} INFO - Processing file /home/airflow/.local/lib/python3.12/site-packages/airflow/example_dags/example_subdag_operator.py for tasks to queue
[2025-10-02T20:16:42.217+0000] {logging_mixin.py:190} INFO - [2025-10-02T20:16:42.217+0000] {dagbag.py:588} INFO - Filling up the DagBag from /home/airflow/.local/lib/python3.12/site-packages/airflow/example_dags/example_subdag_operator.py
[2025-10-02T20:16:42.249+0000] {processor.py:925} INFO - DAG(s) 'example_subdag_operator.section-1', 'example_subdag_operator.section-2', 'example_subdag_operator' retrieved from /home/airflow/.local/lib/python3.12/site-packages/airflow/example_dags/example_subdag_operator.py
[2025-10-02T20:16:42.266+0000] {logging_mixin.py:190} INFO - [2025-10-02T20:16:42.266+0000] {dag.py:3239} INFO - Sync 3 DAGs
[2025-10-02T20:16:42.292+0000] {logging_mixin.py:190} INFO - [2025-10-02T20:16:42.292+0000] {dag.py:4180} INFO - Setting next_dagrun for example_subdag_operator to 2022-01-01 00:00:00+00:00, run_after=2022-01-01 00:00:00+00:00
[2025-10-02T20:16:42.296+0000] {logging_mixin.py:190} INFO - [2025-10-02T20:16:42.296+0000] {dag.py:4180} INFO - Setting next_dagrun for example_subdag_operator.section-1 to None, run_after=None
[2025-10-02T20:16:42.298+0000] {logging_mixin.py:190} INFO - [2025-10-02T20:16:42.297+0000] {dag.py:4180} INFO - Setting next_dagrun for example_subdag_operator.section-2 to None, run_after=None
[2025-10-02T20:16:42.306+0000] {logging_mixin.py:190} INFO - [2025-10-02T20:16:42.306+0000] {dag.py:3239} INFO - Sync 2 DAGs
[2025-10-02T20:16:42.311+0000] {logging_mixin.py:190} INFO - [2025-10-02T20:16:42.311+0000] {dag.py:4180} INFO - Setting next_dagrun for example_subdag_operator.section-1 to None, run_after=None
[2025-10-02T20:16:42.312+0000] {logging_mixin.py:190} INFO - [2025-10-02T20:16:42.312+0000] {dag.py:4180} INFO - Setting next_dagrun for example_subdag_operator.section-2 to None, run_after=None
[2025-10-02T20:16:42.322+0000] {processor.py:208} INFO - Processing /home/airflow/.local/lib/python3.12/site-packages/airflow/example_dags/example_subdag_operator.py took 0.117 seconds
[2025-10-02T20:17:12.929+0000] {processor.py:186} INFO - Started process (PID=761) to work on /home/airflow/.local/lib/python3.12/site-packages/airflow/example_dags/example_subdag_operator.py
[2025-10-02T20:17:12.931+0000] {processor.py:914} INFO - Processing file /home/airflow/.local/lib/python3.12/site-packages/airflow/example_dags/example_subdag_operator.py for tasks to queue
[2025-10-02T20:17:12.934+0000] {logging_mixin.py:190} INFO - [2025-10-02T20:17:12.934+0000] {dagbag.py:588} INFO - Filling up the DagBag from /home/airflow/.local/lib/python3.12/site-packages/airflow/example_dags/example_subdag_operator.py
[2025-10-02T20:17:12.964+0000] {processor.py:925} INFO - DAG(s) 'example_subdag_operator.section-1', 'example_subdag_operator.section-2', 'example_subdag_operator' retrieved from /home/airflow/.local/lib/python3.12/site-packages/airflow/example_dags/example_subdag_operator.py
[2025-10-02T20:17:12.980+0000] {logging_mixin.py:190} INFO - [2025-10-02T20:17:12.979+0000] {dag.py:3239} INFO - Sync 3 DAGs
[2025-10-02T20:17:13.011+0000] {logging_mixin.py:190} INFO - [2025-10-02T20:17:13.011+0000] {dag.py:4180} INFO - Setting next_dagrun for example_subdag_operator to 2022-01-01 00:00:00+00:00, run_after=2022-01-01 00:00:00+00:00
[2025-10-02T20:17:13.016+0000] {logging_mixin.py:190} INFO - [2025-10-02T20:17:13.016+0000] {dag.py:4180} INFO - Setting next_dagrun for example_subdag_operator.section-1 to None, run_after=None
[2025-10-02T20:17:13.018+0000] {logging_mixin.py:190} INFO - [2025-10-02T20:17:13.018+0000] {dag.py:4180} INFO - Setting next_dagrun for example_subdag_operator.section-2 to None, run_after=None
[2025-10-02T20:17:13.027+0000] {logging_mixin.py:190} INFO - [2025-10-02T20:17:13.026+0000] {dag.py:3239} INFO - Sync 2 DAGs
[2025-10-02T20:17:13.033+0000] {logging_mixin.py:190} INFO - [2025-10-02T20:17:13.032+0000] {dag.py:4180} INFO - Setting next_dagrun for example_subdag_operator.section-1 to None, run_after=None
[2025-10-02T20:17:13.033+0000] {logging_mixin.py:190} INFO - [2025-10-02T20:17:13.033+0000] {dag.py:4180} INFO - Setting next_dagrun for example_subdag_operator.section-2 to None, run_after=None
[2025-10-02T20:17:13.045+0000] {processor.py:208} INFO - Processing /home/airflow/.local/lib/python3.12/site-packages/airflow/example_dags/example_subdag_operator.py took 0.123 seconds
[2025-10-02T20:17:43.246+0000] {processor.py:186} INFO - Started process (PID=824) to work on /home/airflow/.local/lib/python3.12/site-packages/airflow/example_dags/example_subdag_operator.py
[2025-10-02T20:17:43.247+0000] {processor.py:914} INFO - Processing file /home/airflow/.local/lib/python3.12/site-packages/airflow/example_dags/example_subdag_operator.py for tasks to queue
[2025-10-02T20:17:43.250+0000] {logging_mixin.py:190} INFO - [2025-10-02T20:17:43.250+0000] {dagbag.py:588} INFO - Filling up the DagBag from /home/airflow/.local/lib/python3.12/site-packages/airflow/example_dags/example_subdag_operator.py
[2025-10-02T20:17:43.281+0000] {processor.py:925} INFO - DAG(s) 'example_subdag_operator.section-1', 'example_subdag_operator.section-2', 'example_subdag_operator' retrieved from /home/airflow/.local/lib/python3.12/site-packages/airflow/example_dags/example_subdag_operator.py
[2025-10-02T20:17:43.297+0000] {logging_mixin.py:190} INFO - [2025-10-02T20:17:43.297+0000] {dag.py:3239} INFO - Sync 3 DAGs
[2025-10-02T20:17:43.322+0000] {logging_mixin.py:190} INFO - [2025-10-02T20:17:43.322+0000] {dag.py:4180} INFO - Setting next_dagrun for example_subdag_operator to 2022-01-01 00:00:00+00:00, run_after=2022-01-01 00:00:00+00:00
[2025-10-02T20:17:43.325+0000] {logging_mixin.py:190} INFO - [2025-10-02T20:17:43.325+0000] {dag.py:4180} INFO - Setting next_dagrun for example_subdag_operator.section-1 to None, run_after=None
[2025-10-02T20:17:43.327+0000] {logging_mixin.py:190} INFO - [2025-10-02T20:17:43.327+0000] {dag.py:4180} INFO - Setting next_dagrun for example_subdag_operator.section-2 to None, run_after=None
[2025-10-02T20:17:43.334+0000] {logging_mixin.py:190} INFO - [2025-10-02T20:17:43.334+0000] {dag.py:3239} INFO - Sync 2 DAGs
[2025-10-02T20:17:43.339+0000] {logging_mixin.py:190} INFO - [2025-10-02T20:17:43.339+0000] {dag.py:4180} INFO - Setting next_dagrun for example_subdag_operator.section-1 to None, run_after=None
[2025-10-02T20:17:43.340+0000] {logging_mixin.py:190} INFO - [2025-10-02T20:17:43.339+0000] {dag.py:4180} INFO - Setting next_dagrun for example_subdag_operator.section-2 to None, run_after=None
[2025-10-02T20:17:43.349+0000] {processor.py:208} INFO - Processing /home/airflow/.local/lib/python3.12/site-packages/airflow/example_dags/example_subdag_operator.py took 0.110 seconds
[2025-10-02T20:18:14.014+0000] {processor.py:186} INFO - Started process (PID=887) to work on /home/airflow/.local/lib/python3.12/site-packages/airflow/example_dags/example_subdag_operator.py
[2025-10-02T20:18:14.015+0000] {processor.py:914} INFO - Processing file /home/airflow/.local/lib/python3.12/site-packages/airflow/example_dags/example_subdag_operator.py for tasks to queue
[2025-10-02T20:18:14.018+0000] {logging_mixin.py:190} INFO - [2025-10-02T20:18:14.018+0000] {dagbag.py:588} INFO - Filling up the DagBag from /home/airflow/.local/lib/python3.12/site-packages/airflow/example_dags/example_subdag_operator.py
[2025-10-02T20:18:14.050+0000] {processor.py:925} INFO - DAG(s) 'example_subdag_operator.section-1', 'example_subdag_operator.section-2', 'example_subdag_operator' retrieved from /home/airflow/.local/lib/python3.12/site-packages/airflow/example_dags/example_subdag_operator.py
[2025-10-02T20:18:14.066+0000] {logging_mixin.py:190} INFO - [2025-10-02T20:18:14.066+0000] {dag.py:3239} INFO - Sync 3 DAGs
[2025-10-02T20:18:14.090+0000] {logging_mixin.py:190} INFO - [2025-10-02T20:18:14.090+0000] {dag.py:4180} INFO - Setting next_dagrun for example_subdag_operator to 2022-01-01 00:00:00+00:00, run_after=2022-01-01 00:00:00+00:00
[2025-10-02T20:18:14.094+0000] {logging_mixin.py:190} INFO - [2025-10-02T20:18:14.094+0000] {dag.py:4180} INFO - Setting next_dagrun for example_subdag_operator.section-1 to None, run_after=None
[2025-10-02T20:18:14.096+0000] {logging_mixin.py:190} INFO - [2025-10-02T20:18:14.095+0000] {dag.py:4180} INFO - Setting next_dagrun for example_subdag_operator.section-2 to None, run_after=None
[2025-10-02T20:18:14.103+0000] {logging_mixin.py:190} INFO - [2025-10-02T20:18:14.103+0000] {dag.py:3239} INFO - Sync 2 DAGs
[2025-10-02T20:18:14.109+0000] {logging_mixin.py:190} INFO - [2025-10-02T20:18:14.108+0000] {dag.py:4180} INFO - Setting next_dagrun for example_subdag_operator.section-1 to None, run_after=None
[2025-10-02T20:18:14.109+0000] {logging_mixin.py:190} INFO - [2025-10-02T20:18:14.109+0000] {dag.py:4180} INFO - Setting next_dagrun for example_subdag_operator.section-2 to None, run_after=None
[2025-10-02T20:18:14.120+0000] {processor.py:208} INFO - Processing /home/airflow/.local/lib/python3.12/site-packages/airflow/example_dags/example_subdag_operator.py took 0.114 seconds
[2025-10-02T20:18:44.255+0000] {processor.py:186} INFO - Started process (PID=951) to work on /home/airflow/.local/lib/python3.12/site-packages/airflow/example_dags/example_subdag_operator.py
[2025-10-02T20:18:44.257+0000] {processor.py:914} INFO - Processing file /home/airflow/.local/lib/python3.12/site-packages/airflow/example_dags/example_subdag_operator.py for tasks to queue
[2025-10-02T20:18:44.260+0000] {logging_mixin.py:190} INFO - [2025-10-02T20:18:44.259+0000] {dagbag.py:588} INFO - Filling up the DagBag from /home/airflow/.local/lib/python3.12/site-packages/airflow/example_dags/example_subdag_operator.py
[2025-10-02T20:18:44.292+0000] {processor.py:925} INFO - DAG(s) 'example_subdag_operator.section-1', 'example_subdag_operator.section-2', 'example_subdag_operator' retrieved from /home/airflow/.local/lib/python3.12/site-packages/airflow/example_dags/example_subdag_operator.py
[2025-10-02T20:18:44.308+0000] {logging_mixin.py:190} INFO - [2025-10-02T20:18:44.308+0000] {dag.py:3239} INFO - Sync 3 DAGs
[2025-10-02T20:18:44.335+0000] {logging_mixin.py:190} INFO - [2025-10-02T20:18:44.335+0000] {dag.py:4180} INFO - Setting next_dagrun for example_subdag_operator to 2022-01-01 00:00:00+00:00, run_after=2022-01-01 00:00:00+00:00
[2025-10-02T20:18:44.339+0000] {logging_mixin.py:190} INFO - [2025-10-02T20:18:44.339+0000] {dag.py:4180} INFO - Setting next_dagrun for example_subdag_operator.section-1 to None, run_after=None
[2025-10-02T20:18:44.340+0000] {logging_mixin.py:190} INFO - [2025-10-02T20:18:44.340+0000] {dag.py:4180} INFO - Setting next_dagrun for example_subdag_operator.section-2 to None, run_after=None
[2025-10-02T20:18:44.347+0000] {logging_mixin.py:190} INFO - [2025-10-02T20:18:44.347+0000] {dag.py:3239} INFO - Sync 2 DAGs
[2025-10-02T20:18:44.353+0000] {logging_mixin.py:190} INFO - [2025-10-02T20:18:44.352+0000] {dag.py:4180} INFO - Setting next_dagrun for example_subdag_operator.section-1 to None, run_after=None
[2025-10-02T20:18:44.353+0000] {logging_mixin.py:190} INFO - [2025-10-02T20:18:44.353+0000] {dag.py:4180} INFO - Setting next_dagrun for example_subdag_operator.section-2 to None, run_after=None
[2025-10-02T20:18:44.363+0000] {processor.py:208} INFO - Processing /home/airflow/.local/lib/python3.12/site-packages/airflow/example_dags/example_subdag_operator.py took 0.116 seconds
[2025-10-02T20:19:15.272+0000] {processor.py:186} INFO - Started process (PID=1014) to work on /home/airflow/.local/lib/python3.12/site-packages/airflow/example_dags/example_subdag_operator.py
[2025-10-02T20:19:15.273+0000] {processor.py:914} INFO - Processing file /home/airflow/.local/lib/python3.12/site-packages/airflow/example_dags/example_subdag_operator.py for tasks to queue
[2025-10-02T20:19:15.276+0000] {logging_mixin.py:190} INFO - [2025-10-02T20:19:15.276+0000] {dagbag.py:588} INFO - Filling up the DagBag from /home/airflow/.local/lib/python3.12/site-packages/airflow/example_dags/example_subdag_operator.py
[2025-10-02T20:19:15.307+0000] {processor.py:925} INFO - DAG(s) 'example_subdag_operator.section-1', 'example_subdag_operator.section-2', 'example_subdag_operator' retrieved from /home/airflow/.local/lib/python3.12/site-packages/airflow/example_dags/example_subdag_operator.py
[2025-10-02T20:19:15.322+0000] {logging_mixin.py:190} INFO - [2025-10-02T20:19:15.322+0000] {dag.py:3239} INFO - Sync 3 DAGs
[2025-10-02T20:19:15.348+0000] {logging_mixin.py:190} INFO - [2025-10-02T20:19:15.347+0000] {dag.py:4180} INFO - Setting next_dagrun for example_subdag_operator to 2022-01-01 00:00:00+00:00, run_after=2022-01-01 00:00:00+00:00
[2025-10-02T20:19:15.351+0000] {logging_mixin.py:190} INFO - [2025-10-02T20:19:15.351+0000] {dag.py:4180} INFO - Setting next_dagrun for example_subdag_operator.section-1 to None, run_after=None
[2025-10-02T20:19:15.352+0000] {logging_mixin.py:190} INFO - [2025-10-02T20:19:15.352+0000] {dag.py:4180} INFO - Setting next_dagrun for example_subdag_operator.section-2 to None, run_after=None
[2025-10-02T20:19:15.359+0000] {logging_mixin.py:190} INFO - [2025-10-02T20:19:15.359+0000] {dag.py:3239} INFO - Sync 2 DAGs
[2025-10-02T20:19:15.364+0000] {logging_mixin.py:190} INFO - [2025-10-02T20:19:15.364+0000] {dag.py:4180} INFO - Setting next_dagrun for example_subdag_operator.section-1 to None, run_after=None
[2025-10-02T20:19:15.364+0000] {logging_mixin.py:190} INFO - [2025-10-02T20:19:15.364+0000] {dag.py:4180} INFO - Setting next_dagrun for example_subdag_operator.section-2 to None, run_after=None
[2025-10-02T20:19:15.374+0000] {processor.py:208} INFO - Processing /home/airflow/.local/lib/python3.12/site-packages/airflow/example_dags/example_subdag_operator.py took 0.110 seconds
[2025-10-02T20:19:46.308+0000] {processor.py:186} INFO - Started process (PID=1077) to work on /home/airflow/.local/lib/python3.12/site-packages/airflow/example_dags/example_subdag_operator.py
[2025-10-02T20:19:46.309+0000] {processor.py:914} INFO - Processing file /home/airflow/.local/lib/python3.12/site-packages/airflow/example_dags/example_subdag_operator.py for tasks to queue
[2025-10-02T20:19:46.313+0000] {logging_mixin.py:190} INFO - [2025-10-02T20:19:46.312+0000] {dagbag.py:588} INFO - Filling up the DagBag from /home/airflow/.local/lib/python3.12/site-packages/airflow/example_dags/example_subdag_operator.py
[2025-10-02T20:19:46.347+0000] {processor.py:925} INFO - DAG(s) 'example_subdag_operator.section-1', 'example_subdag_operator.section-2', 'example_subdag_operator' retrieved from /home/airflow/.local/lib/python3.12/site-packages/airflow/example_dags/example_subdag_operator.py
[2025-10-02T20:19:46.363+0000] {logging_mixin.py:190} INFO - [2025-10-02T20:19:46.363+0000] {dag.py:3239} INFO - Sync 3 DAGs
[2025-10-02T20:19:46.389+0000] {logging_mixin.py:190} INFO - [2025-10-02T20:19:46.389+0000] {dag.py:4180} INFO - Setting next_dagrun for example_subdag_operator to 2022-01-01 00:00:00+00:00, run_after=2022-01-01 00:00:00+00:00
[2025-10-02T20:19:46.393+0000] {logging_mixin.py:190} INFO - [2025-10-02T20:19:46.393+0000] {dag.py:4180} INFO - Setting next_dagrun for example_subdag_operator.section-1 to None, run_after=None
[2025-10-02T20:19:46.394+0000] {logging_mixin.py:190} INFO - [2025-10-02T20:19:46.394+0000] {dag.py:4180} INFO - Setting next_dagrun for example_subdag_operator.section-2 to None, run_after=None
[2025-10-02T20:19:46.401+0000] {logging_mixin.py:190} INFO - [2025-10-02T20:19:46.401+0000] {dag.py:3239} INFO - Sync 2 DAGs
[2025-10-02T20:19:46.406+0000] {logging_mixin.py:190} INFO - [2025-10-02T20:19:46.406+0000] {dag.py:4180} INFO - Setting next_dagrun for example_subdag_operator.section-1 to None, run_after=None
[2025-10-02T20:19:46.407+0000] {logging_mixin.py:190} INFO - [2025-10-02T20:19:46.407+0000] {dag.py:4180} INFO - Setting next_dagrun for example_subdag_operator.section-2 to None, run_after=None
[2025-10-02T20:19:46.417+0000] {processor.py:208} INFO - Processing /home/airflow/.local/lib/python3.12/site-packages/airflow/example_dags/example_subdag_operator.py took 0.116 seconds
[2025-10-02T20:20:19.829+0000] {processor.py:186} INFO - Started process (PID=1140) to work on /home/airflow/.local/lib/python3.12/site-packages/airflow/example_dags/example_subdag_operator.py
[2025-10-02T20:20:19.858+0000] {processor.py:914} INFO - Processing file /home/airflow/.local/lib/python3.12/site-packages/airflow/example_dags/example_subdag_operator.py for tasks to queue
[2025-10-02T20:20:19.874+0000] {logging_mixin.py:190} INFO - [2025-10-02T20:20:19.866+0000] {dagbag.py:588} INFO - Filling up the DagBag from /home/airflow/.local/lib/python3.12/site-packages/airflow/example_dags/example_subdag_operator.py
[2025-10-02T20:20:20.084+0000] {processor.py:925} INFO - DAG(s) 'example_subdag_operator.section-1', 'example_subdag_operator.section-2', 'example_subdag_operator' retrieved from /home/airflow/.local/lib/python3.12/site-packages/airflow/example_dags/example_subdag_operator.py
[2025-10-02T20:20:20.183+0000] {logging_mixin.py:190} INFO - [2025-10-02T20:20:20.182+0000] {dag.py:3239} INFO - Sync 3 DAGs
[2025-10-02T20:20:20.346+0000] {logging_mixin.py:190} INFO - [2025-10-02T20:20:20.344+0000] {dag.py:4180} INFO - Setting next_dagrun for example_subdag_operator to 2022-01-01 00:00:00+00:00, run_after=2022-01-01 00:00:00+00:00
[2025-10-02T20:20:20.377+0000] {logging_mixin.py:190} INFO - [2025-10-02T20:20:20.376+0000] {dag.py:4180} INFO - Setting next_dagrun for example_subdag_operator.section-1 to None, run_after=None
[2025-10-02T20:20:20.406+0000] {logging_mixin.py:190} INFO - [2025-10-02T20:20:20.406+0000] {dag.py:4180} INFO - Setting next_dagrun for example_subdag_operator.section-2 to None, run_after=None
[2025-10-02T20:20:20.450+0000] {logging_mixin.py:190} INFO - [2025-10-02T20:20:20.449+0000] {dag.py:3239} INFO - Sync 2 DAGs
[2025-10-02T20:20:20.469+0000] {logging_mixin.py:190} INFO - [2025-10-02T20:20:20.468+0000] {dag.py:4180} INFO - Setting next_dagrun for example_subdag_operator.section-1 to None, run_after=None
[2025-10-02T20:20:20.481+0000] {logging_mixin.py:190} INFO - [2025-10-02T20:20:20.480+0000] {dag.py:4180} INFO - Setting next_dagrun for example_subdag_operator.section-2 to None, run_after=None
[2025-10-02T20:20:20.534+0000] {processor.py:208} INFO - Processing /home/airflow/.local/lib/python3.12/site-packages/airflow/example_dags/example_subdag_operator.py took 0.729 seconds
[2025-10-02T20:20:51.010+0000] {processor.py:186} INFO - Started process (PID=1203) to work on /home/airflow/.local/lib/python3.12/site-packages/airflow/example_dags/example_subdag_operator.py
[2025-10-02T20:20:51.012+0000] {processor.py:914} INFO - Processing file /home/airflow/.local/lib/python3.12/site-packages/airflow/example_dags/example_subdag_operator.py for tasks to queue
[2025-10-02T20:20:51.015+0000] {logging_mixin.py:190} INFO - [2025-10-02T20:20:51.015+0000] {dagbag.py:588} INFO - Filling up the DagBag from /home/airflow/.local/lib/python3.12/site-packages/airflow/example_dags/example_subdag_operator.py
[2025-10-02T20:20:51.044+0000] {processor.py:925} INFO - DAG(s) 'example_subdag_operator.section-1', 'example_subdag_operator.section-2', 'example_subdag_operator' retrieved from /home/airflow/.local/lib/python3.12/site-packages/airflow/example_dags/example_subdag_operator.py
[2025-10-02T20:20:51.060+0000] {logging_mixin.py:190} INFO - [2025-10-02T20:20:51.060+0000] {dag.py:3239} INFO - Sync 3 DAGs
[2025-10-02T20:20:51.085+0000] {logging_mixin.py:190} INFO - [2025-10-02T20:20:51.085+0000] {dag.py:4180} INFO - Setting next_dagrun for example_subdag_operator to 2022-01-01 00:00:00+00:00, run_after=2022-01-01 00:00:00+00:00
[2025-10-02T20:20:51.089+0000] {logging_mixin.py:190} INFO - [2025-10-02T20:20:51.088+0000] {dag.py:4180} INFO - Setting next_dagrun for example_subdag_operator.section-1 to None, run_after=None
[2025-10-02T20:20:51.090+0000] {logging_mixin.py:190} INFO - [2025-10-02T20:20:51.090+0000] {dag.py:4180} INFO - Setting next_dagrun for example_subdag_operator.section-2 to None, run_after=None
[2025-10-02T20:20:51.098+0000] {logging_mixin.py:190} INFO - [2025-10-02T20:20:51.098+0000] {dag.py:3239} INFO - Sync 2 DAGs
[2025-10-02T20:20:51.104+0000] {logging_mixin.py:190} INFO - [2025-10-02T20:20:51.104+0000] {dag.py:4180} INFO - Setting next_dagrun for example_subdag_operator.section-1 to None, run_after=None
[2025-10-02T20:20:51.104+0000] {logging_mixin.py:190} INFO - [2025-10-02T20:20:51.104+0000] {dag.py:4180} INFO - Setting next_dagrun for example_subdag_operator.section-2 to None, run_after=None
[2025-10-02T20:20:51.113+0000] {processor.py:208} INFO - Processing /home/airflow/.local/lib/python3.12/site-packages/airflow/example_dags/example_subdag_operator.py took 0.110 seconds
[2025-10-02T20:21:21.525+0000] {processor.py:186} INFO - Started process (PID=1266) to work on /home/airflow/.local/lib/python3.12/site-packages/airflow/example_dags/example_subdag_operator.py
[2025-10-02T20:21:21.527+0000] {processor.py:914} INFO - Processing file /home/airflow/.local/lib/python3.12/site-packages/airflow/example_dags/example_subdag_operator.py for tasks to queue
[2025-10-02T20:21:21.530+0000] {logging_mixin.py:190} INFO - [2025-10-02T20:21:21.530+0000] {dagbag.py:588} INFO - Filling up the DagBag from /home/airflow/.local/lib/python3.12/site-packages/airflow/example_dags/example_subdag_operator.py
[2025-10-02T20:21:21.562+0000] {processor.py:925} INFO - DAG(s) 'example_subdag_operator.section-1', 'example_subdag_operator.section-2', 'example_subdag_operator' retrieved from /home/airflow/.local/lib/python3.12/site-packages/airflow/example_dags/example_subdag_operator.py
[2025-10-02T20:21:21.579+0000] {logging_mixin.py:190} INFO - [2025-10-02T20:21:21.579+0000] {dag.py:3239} INFO - Sync 3 DAGs
[2025-10-02T20:21:21.604+0000] {logging_mixin.py:190} INFO - [2025-10-02T20:21:21.604+0000] {dag.py:4180} INFO - Setting next_dagrun for example_subdag_operator to 2022-01-01 00:00:00+00:00, run_after=2022-01-01 00:00:00+00:00
[2025-10-02T20:21:21.608+0000] {logging_mixin.py:190} INFO - [2025-10-02T20:21:21.608+0000] {dag.py:4180} INFO - Setting next_dagrun for example_subdag_operator.section-1 to None, run_after=None
[2025-10-02T20:21:21.610+0000] {logging_mixin.py:190} INFO - [2025-10-02T20:21:21.609+0000] {dag.py:4180} INFO - Setting next_dagrun for example_subdag_operator.section-2 to None, run_after=None
[2025-10-02T20:21:21.616+0000] {logging_mixin.py:190} INFO - [2025-10-02T20:21:21.616+0000] {dag.py:3239} INFO - Sync 2 DAGs
[2025-10-02T20:21:21.622+0000] {logging_mixin.py:190} INFO - [2025-10-02T20:21:21.622+0000] {dag.py:4180} INFO - Setting next_dagrun for example_subdag_operator.section-1 to None, run_after=None
[2025-10-02T20:21:21.623+0000] {logging_mixin.py:190} INFO - [2025-10-02T20:21:21.623+0000] {dag.py:4180} INFO - Setting next_dagrun for example_subdag_operator.section-2 to None, run_after=None
[2025-10-02T20:21:21.633+0000] {processor.py:208} INFO - Processing /home/airflow/.local/lib/python3.12/site-packages/airflow/example_dags/example_subdag_operator.py took 0.117 seconds
[2025-10-02T20:21:52.238+0000] {processor.py:186} INFO - Started process (PID=1329) to work on /home/airflow/.local/lib/python3.12/site-packages/airflow/example_dags/example_subdag_operator.py
[2025-10-02T20:21:52.239+0000] {processor.py:914} INFO - Processing file /home/airflow/.local/lib/python3.12/site-packages/airflow/example_dags/example_subdag_operator.py for tasks to queue
[2025-10-02T20:21:52.243+0000] {logging_mixin.py:190} INFO - [2025-10-02T20:21:52.243+0000] {dagbag.py:588} INFO - Filling up the DagBag from /home/airflow/.local/lib/python3.12/site-packages/airflow/example_dags/example_subdag_operator.py
[2025-10-02T20:21:52.276+0000] {processor.py:925} INFO - DAG(s) 'example_subdag_operator.section-1', 'example_subdag_operator.section-2', 'example_subdag_operator' retrieved from /home/airflow/.local/lib/python3.12/site-packages/airflow/example_dags/example_subdag_operator.py
[2025-10-02T20:21:52.294+0000] {logging_mixin.py:190} INFO - [2025-10-02T20:21:52.294+0000] {dag.py:3239} INFO - Sync 3 DAGs
[2025-10-02T20:21:52.320+0000] {logging_mixin.py:190} INFO - [2025-10-02T20:21:52.320+0000] {dag.py:4180} INFO - Setting next_dagrun for example_subdag_operator to 2022-01-01 00:00:00+00:00, run_after=2022-01-01 00:00:00+00:00
[2025-10-02T20:21:52.324+0000] {logging_mixin.py:190} INFO - [2025-10-02T20:21:52.324+0000] {dag.py:4180} INFO - Setting next_dagrun for example_subdag_operator.section-1 to None, run_after=None
[2025-10-02T20:21:52.325+0000] {logging_mixin.py:190} INFO - [2025-10-02T20:21:52.325+0000] {dag.py:4180} INFO - Setting next_dagrun for example_subdag_operator.section-2 to None, run_after=None
[2025-10-02T20:21:52.333+0000] {logging_mixin.py:190} INFO - [2025-10-02T20:21:52.333+0000] {dag.py:3239} INFO - Sync 2 DAGs
[2025-10-02T20:21:52.340+0000] {logging_mixin.py:190} INFO - [2025-10-02T20:21:52.340+0000] {dag.py:4180} INFO - Setting next_dagrun for example_subdag_operator.section-1 to None, run_after=None
[2025-10-02T20:21:52.341+0000] {logging_mixin.py:190} INFO - [2025-10-02T20:21:52.341+0000] {dag.py:4180} INFO - Setting next_dagrun for example_subdag_operator.section-2 to None, run_after=None
[2025-10-02T20:21:52.351+0000] {processor.py:208} INFO - Processing /home/airflow/.local/lib/python3.12/site-packages/airflow/example_dags/example_subdag_operator.py took 0.121 seconds
[2025-10-02T20:25:59.173+0000] {processor.py:186} INFO - Started process (PID=54) to work on /home/airflow/.local/lib/python3.12/site-packages/airflow/example_dags/example_subdag_operator.py
[2025-10-02T20:25:59.177+0000] {processor.py:914} INFO - Processing file /home/airflow/.local/lib/python3.12/site-packages/airflow/example_dags/example_subdag_operator.py for tasks to queue
[2025-10-02T20:25:59.183+0000] {logging_mixin.py:190} INFO - [2025-10-02T20:25:59.181+0000] {dagbag.py:588} INFO - Filling up the DagBag from /home/airflow/.local/lib/python3.12/site-packages/airflow/example_dags/example_subdag_operator.py
[2025-10-02T20:25:59.229+0000] {processor.py:925} INFO - DAG(s) 'example_subdag_operator.section-1', 'example_subdag_operator.section-2', 'example_subdag_operator' retrieved from /home/airflow/.local/lib/python3.12/site-packages/airflow/example_dags/example_subdag_operator.py
[2025-10-02T20:25:59.264+0000] {logging_mixin.py:190} INFO - [2025-10-02T20:25:59.264+0000] {dag.py:3239} INFO - Sync 3 DAGs
[2025-10-02T20:25:59.357+0000] {logging_mixin.py:190} INFO - [2025-10-02T20:25:59.356+0000] {dag.py:4180} INFO - Setting next_dagrun for example_subdag_operator to 2022-01-01 00:00:00+00:00, run_after=2022-01-01 00:00:00+00:00
[2025-10-02T20:25:59.366+0000] {logging_mixin.py:190} INFO - [2025-10-02T20:25:59.366+0000] {dag.py:4180} INFO - Setting next_dagrun for example_subdag_operator.section-1 to None, run_after=None
[2025-10-02T20:25:59.370+0000] {logging_mixin.py:190} INFO - [2025-10-02T20:25:59.370+0000] {dag.py:4180} INFO - Setting next_dagrun for example_subdag_operator.section-2 to None, run_after=None
[2025-10-02T20:25:59.383+0000] {logging_mixin.py:190} INFO - [2025-10-02T20:25:59.383+0000] {dag.py:3239} INFO - Sync 2 DAGs
[2025-10-02T20:25:59.395+0000] {logging_mixin.py:190} INFO - [2025-10-02T20:25:59.395+0000] {dag.py:4180} INFO - Setting next_dagrun for example_subdag_operator.section-1 to None, run_after=None
[2025-10-02T20:25:59.396+0000] {logging_mixin.py:190} INFO - [2025-10-02T20:25:59.396+0000] {dag.py:4180} INFO - Setting next_dagrun for example_subdag_operator.section-2 to None, run_after=None
[2025-10-02T20:25:59.418+0000] {processor.py:208} INFO - Processing /home/airflow/.local/lib/python3.12/site-packages/airflow/example_dags/example_subdag_operator.py took 0.264 seconds
[2025-10-02T20:26:29.579+0000] {processor.py:186} INFO - Started process (PID=117) to work on /home/airflow/.local/lib/python3.12/site-packages/airflow/example_dags/example_subdag_operator.py
[2025-10-02T20:26:29.580+0000] {processor.py:914} INFO - Processing file /home/airflow/.local/lib/python3.12/site-packages/airflow/example_dags/example_subdag_operator.py for tasks to queue
[2025-10-02T20:26:29.583+0000] {logging_mixin.py:190} INFO - [2025-10-02T20:26:29.582+0000] {dagbag.py:588} INFO - Filling up the DagBag from /home/airflow/.local/lib/python3.12/site-packages/airflow/example_dags/example_subdag_operator.py
[2025-10-02T20:26:29.614+0000] {processor.py:925} INFO - DAG(s) 'example_subdag_operator.section-1', 'example_subdag_operator.section-2', 'example_subdag_operator' retrieved from /home/airflow/.local/lib/python3.12/site-packages/airflow/example_dags/example_subdag_operator.py
[2025-10-02T20:26:29.634+0000] {logging_mixin.py:190} INFO - [2025-10-02T20:26:29.633+0000] {dag.py:3239} INFO - Sync 3 DAGs
[2025-10-02T20:26:29.669+0000] {logging_mixin.py:190} INFO - [2025-10-02T20:26:29.669+0000] {dag.py:4180} INFO - Setting next_dagrun for example_subdag_operator to 2022-01-01 00:00:00+00:00, run_after=2022-01-01 00:00:00+00:00
[2025-10-02T20:26:29.675+0000] {logging_mixin.py:190} INFO - [2025-10-02T20:26:29.675+0000] {dag.py:4180} INFO - Setting next_dagrun for example_subdag_operator.section-1 to None, run_after=None
[2025-10-02T20:26:29.677+0000] {logging_mixin.py:190} INFO - [2025-10-02T20:26:29.676+0000] {dag.py:4180} INFO - Setting next_dagrun for example_subdag_operator.section-2 to None, run_after=None
[2025-10-02T20:26:29.687+0000] {logging_mixin.py:190} INFO - [2025-10-02T20:26:29.687+0000] {dag.py:3239} INFO - Sync 2 DAGs
[2025-10-02T20:26:29.694+0000] {logging_mixin.py:190} INFO - [2025-10-02T20:26:29.694+0000] {dag.py:4180} INFO - Setting next_dagrun for example_subdag_operator.section-1 to None, run_after=None
[2025-10-02T20:26:29.695+0000] {logging_mixin.py:190} INFO - [2025-10-02T20:26:29.694+0000] {dag.py:4180} INFO - Setting next_dagrun for example_subdag_operator.section-2 to None, run_after=None
[2025-10-02T20:26:29.705+0000] {processor.py:208} INFO - Processing /home/airflow/.local/lib/python3.12/site-packages/airflow/example_dags/example_subdag_operator.py took 0.132 seconds
[2025-10-02T20:30:55.469+0000] {processor.py:186} INFO - Started process (PID=56) to work on /home/airflow/.local/lib/python3.12/site-packages/airflow/example_dags/example_subdag_operator.py
[2025-10-02T20:30:55.470+0000] {processor.py:914} INFO - Processing file /home/airflow/.local/lib/python3.12/site-packages/airflow/example_dags/example_subdag_operator.py for tasks to queue
[2025-10-02T20:30:55.473+0000] {logging_mixin.py:190} INFO - [2025-10-02T20:30:55.473+0000] {dagbag.py:588} INFO - Filling up the DagBag from /home/airflow/.local/lib/python3.12/site-packages/airflow/example_dags/example_subdag_operator.py
[2025-10-02T20:30:55.505+0000] {processor.py:925} INFO - DAG(s) 'example_subdag_operator.section-1', 'example_subdag_operator.section-2', 'example_subdag_operator' retrieved from /home/airflow/.local/lib/python3.12/site-packages/airflow/example_dags/example_subdag_operator.py
[2025-10-02T20:30:55.537+0000] {logging_mixin.py:190} INFO - [2025-10-02T20:30:55.536+0000] {dag.py:3239} INFO - Sync 3 DAGs
[2025-10-02T20:30:55.566+0000] {logging_mixin.py:190} INFO - [2025-10-02T20:30:55.566+0000] {dag.py:4180} INFO - Setting next_dagrun for example_subdag_operator to 2022-01-01 00:00:00+00:00, run_after=2022-01-01 00:00:00+00:00
[2025-10-02T20:30:55.571+0000] {logging_mixin.py:190} INFO - [2025-10-02T20:30:55.571+0000] {dag.py:4180} INFO - Setting next_dagrun for example_subdag_operator.section-1 to None, run_after=None
[2025-10-02T20:30:55.575+0000] {logging_mixin.py:190} INFO - [2025-10-02T20:30:55.574+0000] {dag.py:4180} INFO - Setting next_dagrun for example_subdag_operator.section-2 to None, run_after=None
[2025-10-02T20:30:55.587+0000] {logging_mixin.py:190} INFO - [2025-10-02T20:30:55.586+0000] {dag.py:3239} INFO - Sync 2 DAGs
[2025-10-02T20:30:55.601+0000] {logging_mixin.py:190} INFO - [2025-10-02T20:30:55.601+0000] {dag.py:4180} INFO - Setting next_dagrun for example_subdag_operator.section-1 to None, run_after=None
[2025-10-02T20:30:55.602+0000] {logging_mixin.py:190} INFO - [2025-10-02T20:30:55.602+0000] {dag.py:4180} INFO - Setting next_dagrun for example_subdag_operator.section-2 to None, run_after=None
[2025-10-02T20:30:55.620+0000] {processor.py:208} INFO - Processing /home/airflow/.local/lib/python3.12/site-packages/airflow/example_dags/example_subdag_operator.py took 0.158 seconds
[2025-10-02T20:31:26.424+0000] {processor.py:186} INFO - Started process (PID=118) to work on /home/airflow/.local/lib/python3.12/site-packages/airflow/example_dags/example_subdag_operator.py
[2025-10-02T20:31:26.425+0000] {processor.py:914} INFO - Processing file /home/airflow/.local/lib/python3.12/site-packages/airflow/example_dags/example_subdag_operator.py for tasks to queue
[2025-10-02T20:31:26.428+0000] {logging_mixin.py:190} INFO - [2025-10-02T20:31:26.427+0000] {dagbag.py:588} INFO - Filling up the DagBag from /home/airflow/.local/lib/python3.12/site-packages/airflow/example_dags/example_subdag_operator.py
[2025-10-02T20:31:26.458+0000] {processor.py:925} INFO - DAG(s) 'example_subdag_operator.section-1', 'example_subdag_operator.section-2', 'example_subdag_operator' retrieved from /home/airflow/.local/lib/python3.12/site-packages/airflow/example_dags/example_subdag_operator.py
[2025-10-02T20:31:26.475+0000] {logging_mixin.py:190} INFO - [2025-10-02T20:31:26.475+0000] {dag.py:3239} INFO - Sync 3 DAGs
[2025-10-02T20:31:26.499+0000] {logging_mixin.py:190} INFO - [2025-10-02T20:31:26.498+0000] {dag.py:4180} INFO - Setting next_dagrun for example_subdag_operator to 2022-01-01 00:00:00+00:00, run_after=2022-01-01 00:00:00+00:00
[2025-10-02T20:31:26.503+0000] {logging_mixin.py:190} INFO - [2025-10-02T20:31:26.503+0000] {dag.py:4180} INFO - Setting next_dagrun for example_subdag_operator.section-1 to None, run_after=None
[2025-10-02T20:31:26.505+0000] {logging_mixin.py:190} INFO - [2025-10-02T20:31:26.505+0000] {dag.py:4180} INFO - Setting next_dagrun for example_subdag_operator.section-2 to None, run_after=None
[2025-10-02T20:31:26.513+0000] {logging_mixin.py:190} INFO - [2025-10-02T20:31:26.513+0000] {dag.py:3239} INFO - Sync 2 DAGs
[2025-10-02T20:31:26.519+0000] {logging_mixin.py:190} INFO - [2025-10-02T20:31:26.519+0000] {dag.py:4180} INFO - Setting next_dagrun for example_subdag_operator.section-1 to None, run_after=None
[2025-10-02T20:31:26.520+0000] {logging_mixin.py:190} INFO - [2025-10-02T20:31:26.520+0000] {dag.py:4180} INFO - Setting next_dagrun for example_subdag_operator.section-2 to None, run_after=None
[2025-10-02T20:31:26.530+0000] {processor.py:208} INFO - Processing /home/airflow/.local/lib/python3.12/site-packages/airflow/example_dags/example_subdag_operator.py took 0.113 seconds
[2025-10-02T20:31:57.361+0000] {processor.py:186} INFO - Started process (PID=181) to work on /home/airflow/.local/lib/python3.12/site-packages/airflow/example_dags/example_subdag_operator.py
[2025-10-02T20:31:57.362+0000] {processor.py:914} INFO - Processing file /home/airflow/.local/lib/python3.12/site-packages/airflow/example_dags/example_subdag_operator.py for tasks to queue
[2025-10-02T20:31:57.365+0000] {logging_mixin.py:190} INFO - [2025-10-02T20:31:57.365+0000] {dagbag.py:588} INFO - Filling up the DagBag from /home/airflow/.local/lib/python3.12/site-packages/airflow/example_dags/example_subdag_operator.py
[2025-10-02T20:31:57.393+0000] {processor.py:925} INFO - DAG(s) 'example_subdag_operator.section-1', 'example_subdag_operator.section-2', 'example_subdag_operator' retrieved from /home/airflow/.local/lib/python3.12/site-packages/airflow/example_dags/example_subdag_operator.py
[2025-10-02T20:31:57.408+0000] {logging_mixin.py:190} INFO - [2025-10-02T20:31:57.408+0000] {dag.py:3239} INFO - Sync 3 DAGs
[2025-10-02T20:31:57.442+0000] {logging_mixin.py:190} INFO - [2025-10-02T20:31:57.442+0000] {dag.py:4180} INFO - Setting next_dagrun for example_subdag_operator to 2022-01-01 00:00:00+00:00, run_after=2022-01-01 00:00:00+00:00
[2025-10-02T20:31:57.447+0000] {logging_mixin.py:190} INFO - [2025-10-02T20:31:57.447+0000] {dag.py:4180} INFO - Setting next_dagrun for example_subdag_operator.section-1 to None, run_after=None
[2025-10-02T20:31:57.448+0000] {logging_mixin.py:190} INFO - [2025-10-02T20:31:57.448+0000] {dag.py:4180} INFO - Setting next_dagrun for example_subdag_operator.section-2 to None, run_after=None
[2025-10-02T20:31:57.456+0000] {logging_mixin.py:190} INFO - [2025-10-02T20:31:57.456+0000] {dag.py:3239} INFO - Sync 2 DAGs
[2025-10-02T20:31:57.463+0000] {logging_mixin.py:190} INFO - [2025-10-02T20:31:57.463+0000] {dag.py:4180} INFO - Setting next_dagrun for example_subdag_operator.section-1 to None, run_after=None
[2025-10-02T20:31:57.464+0000] {logging_mixin.py:190} INFO - [2025-10-02T20:31:57.463+0000] {dag.py:4180} INFO - Setting next_dagrun for example_subdag_operator.section-2 to None, run_after=None
[2025-10-02T20:31:57.474+0000] {processor.py:208} INFO - Processing /home/airflow/.local/lib/python3.12/site-packages/airflow/example_dags/example_subdag_operator.py took 0.119 seconds
[2025-10-02T20:32:28.321+0000] {processor.py:186} INFO - Started process (PID=247) to work on /home/airflow/.local/lib/python3.12/site-packages/airflow/example_dags/example_subdag_operator.py
[2025-10-02T20:32:28.322+0000] {processor.py:914} INFO - Processing file /home/airflow/.local/lib/python3.12/site-packages/airflow/example_dags/example_subdag_operator.py for tasks to queue
[2025-10-02T20:32:28.325+0000] {logging_mixin.py:190} INFO - [2025-10-02T20:32:28.324+0000] {dagbag.py:588} INFO - Filling up the DagBag from /home/airflow/.local/lib/python3.12/site-packages/airflow/example_dags/example_subdag_operator.py
[2025-10-02T20:32:28.350+0000] {processor.py:925} INFO - DAG(s) 'example_subdag_operator.section-1', 'example_subdag_operator.section-2', 'example_subdag_operator' retrieved from /home/airflow/.local/lib/python3.12/site-packages/airflow/example_dags/example_subdag_operator.py
[2025-10-02T20:32:28.366+0000] {logging_mixin.py:190} INFO - [2025-10-02T20:32:28.365+0000] {dag.py:3239} INFO - Sync 3 DAGs
[2025-10-02T20:32:28.390+0000] {logging_mixin.py:190} INFO - [2025-10-02T20:32:28.390+0000] {dag.py:4180} INFO - Setting next_dagrun for example_subdag_operator to 2022-01-01 00:00:00+00:00, run_after=2022-01-01 00:00:00+00:00
[2025-10-02T20:32:28.394+0000] {logging_mixin.py:190} INFO - [2025-10-02T20:32:28.394+0000] {dag.py:4180} INFO - Setting next_dagrun for example_subdag_operator.section-1 to None, run_after=None
[2025-10-02T20:32:28.395+0000] {logging_mixin.py:190} INFO - [2025-10-02T20:32:28.395+0000] {dag.py:4180} INFO - Setting next_dagrun for example_subdag_operator.section-2 to None, run_after=None
[2025-10-02T20:32:28.401+0000] {logging_mixin.py:190} INFO - [2025-10-02T20:32:28.401+0000] {dag.py:3239} INFO - Sync 2 DAGs
[2025-10-02T20:32:28.406+0000] {logging_mixin.py:190} INFO - [2025-10-02T20:32:28.406+0000] {dag.py:4180} INFO - Setting next_dagrun for example_subdag_operator.section-1 to None, run_after=None
[2025-10-02T20:32:28.407+0000] {logging_mixin.py:190} INFO - [2025-10-02T20:32:28.406+0000] {dag.py:4180} INFO - Setting next_dagrun for example_subdag_operator.section-2 to None, run_after=None
[2025-10-02T20:32:28.416+0000] {processor.py:208} INFO - Processing /home/airflow/.local/lib/python3.12/site-packages/airflow/example_dags/example_subdag_operator.py took 0.101 seconds
[2025-10-02T20:32:58.545+0000] {processor.py:186} INFO - Started process (PID=311) to work on /home/airflow/.local/lib/python3.12/site-packages/airflow/example_dags/example_subdag_operator.py
[2025-10-02T20:32:58.546+0000] {processor.py:914} INFO - Processing file /home/airflow/.local/lib/python3.12/site-packages/airflow/example_dags/example_subdag_operator.py for tasks to queue
[2025-10-02T20:32:58.548+0000] {logging_mixin.py:190} INFO - [2025-10-02T20:32:58.548+0000] {dagbag.py:588} INFO - Filling up the DagBag from /home/airflow/.local/lib/python3.12/site-packages/airflow/example_dags/example_subdag_operator.py
[2025-10-02T20:32:58.573+0000] {processor.py:925} INFO - DAG(s) 'example_subdag_operator.section-1', 'example_subdag_operator.section-2', 'example_subdag_operator' retrieved from /home/airflow/.local/lib/python3.12/site-packages/airflow/example_dags/example_subdag_operator.py
[2025-10-02T20:32:58.586+0000] {logging_mixin.py:190} INFO - [2025-10-02T20:32:58.586+0000] {dag.py:3239} INFO - Sync 3 DAGs
[2025-10-02T20:32:58.609+0000] {logging_mixin.py:190} INFO - [2025-10-02T20:32:58.609+0000] {dag.py:4180} INFO - Setting next_dagrun for example_subdag_operator to 2022-01-01 00:00:00+00:00, run_after=2022-01-01 00:00:00+00:00
[2025-10-02T20:32:58.613+0000] {logging_mixin.py:190} INFO - [2025-10-02T20:32:58.612+0000] {dag.py:4180} INFO - Setting next_dagrun for example_subdag_operator.section-1 to None, run_after=None
[2025-10-02T20:32:58.618+0000] {logging_mixin.py:190} INFO - [2025-10-02T20:32:58.617+0000] {dag.py:4180} INFO - Setting next_dagrun for example_subdag_operator.section-2 to None, run_after=None
[2025-10-02T20:32:58.625+0000] {logging_mixin.py:190} INFO - [2025-10-02T20:32:58.625+0000] {dag.py:3239} INFO - Sync 2 DAGs
[2025-10-02T20:32:58.630+0000] {logging_mixin.py:190} INFO - [2025-10-02T20:32:58.630+0000] {dag.py:4180} INFO - Setting next_dagrun for example_subdag_operator.section-1 to None, run_after=None
[2025-10-02T20:32:58.630+0000] {logging_mixin.py:190} INFO - [2025-10-02T20:32:58.630+0000] {dag.py:4180} INFO - Setting next_dagrun for example_subdag_operator.section-2 to None, run_after=None
[2025-10-02T20:32:58.639+0000] {processor.py:208} INFO - Processing /home/airflow/.local/lib/python3.12/site-packages/airflow/example_dags/example_subdag_operator.py took 0.100 seconds
[2025-10-02T20:35:13.288+0000] {processor.py:186} INFO - Started process (PID=54) to work on /home/airflow/.local/lib/python3.12/site-packages/airflow/example_dags/example_subdag_operator.py
[2025-10-02T20:35:13.289+0000] {processor.py:914} INFO - Processing file /home/airflow/.local/lib/python3.12/site-packages/airflow/example_dags/example_subdag_operator.py for tasks to queue
[2025-10-02T20:35:13.294+0000] {logging_mixin.py:190} INFO - [2025-10-02T20:35:13.294+0000] {dagbag.py:588} INFO - Filling up the DagBag from /home/airflow/.local/lib/python3.12/site-packages/airflow/example_dags/example_subdag_operator.py
[2025-10-02T20:35:13.348+0000] {processor.py:925} INFO - DAG(s) 'example_subdag_operator.section-1', 'example_subdag_operator.section-2', 'example_subdag_operator' retrieved from /home/airflow/.local/lib/python3.12/site-packages/airflow/example_dags/example_subdag_operator.py
[2025-10-02T20:35:13.387+0000] {logging_mixin.py:190} INFO - [2025-10-02T20:35:13.387+0000] {dag.py:3239} INFO - Sync 3 DAGs
[2025-10-02T20:35:13.474+0000] {logging_mixin.py:190} INFO - [2025-10-02T20:35:13.474+0000] {dag.py:4180} INFO - Setting next_dagrun for example_subdag_operator to 2022-01-01 00:00:00+00:00, run_after=2022-01-01 00:00:00+00:00
[2025-10-02T20:35:13.485+0000] {logging_mixin.py:190} INFO - [2025-10-02T20:35:13.485+0000] {dag.py:4180} INFO - Setting next_dagrun for example_subdag_operator.section-1 to None, run_after=None
[2025-10-02T20:35:13.488+0000] {logging_mixin.py:190} INFO - [2025-10-02T20:35:13.488+0000] {dag.py:4180} INFO - Setting next_dagrun for example_subdag_operator.section-2 to None, run_after=None
[2025-10-02T20:35:13.508+0000] {logging_mixin.py:190} INFO - [2025-10-02T20:35:13.507+0000] {dag.py:3239} INFO - Sync 2 DAGs
[2025-10-02T20:35:13.530+0000] {logging_mixin.py:190} INFO - [2025-10-02T20:35:13.529+0000] {dag.py:4180} INFO - Setting next_dagrun for example_subdag_operator.section-1 to None, run_after=None
[2025-10-02T20:35:13.532+0000] {logging_mixin.py:190} INFO - [2025-10-02T20:35:13.530+0000] {dag.py:4180} INFO - Setting next_dagrun for example_subdag_operator.section-2 to None, run_after=None
[2025-10-02T20:35:13.565+0000] {processor.py:208} INFO - Processing /home/airflow/.local/lib/python3.12/site-packages/airflow/example_dags/example_subdag_operator.py took 0.288 seconds
[2025-10-02T20:35:44.220+0000] {processor.py:186} INFO - Started process (PID=117) to work on /home/airflow/.local/lib/python3.12/site-packages/airflow/example_dags/example_subdag_operator.py
[2025-10-02T20:35:44.221+0000] {processor.py:914} INFO - Processing file /home/airflow/.local/lib/python3.12/site-packages/airflow/example_dags/example_subdag_operator.py for tasks to queue
[2025-10-02T20:35:44.228+0000] {logging_mixin.py:190} INFO - [2025-10-02T20:35:44.227+0000] {dagbag.py:588} INFO - Filling up the DagBag from /home/airflow/.local/lib/python3.12/site-packages/airflow/example_dags/example_subdag_operator.py
[2025-10-02T20:35:44.261+0000] {processor.py:925} INFO - DAG(s) 'example_subdag_operator.section-1', 'example_subdag_operator.section-2', 'example_subdag_operator' retrieved from /home/airflow/.local/lib/python3.12/site-packages/airflow/example_dags/example_subdag_operator.py
[2025-10-02T20:35:44.278+0000] {logging_mixin.py:190} INFO - [2025-10-02T20:35:44.278+0000] {dag.py:3239} INFO - Sync 3 DAGs
[2025-10-02T20:35:44.305+0000] {logging_mixin.py:190} INFO - [2025-10-02T20:35:44.305+0000] {dag.py:4180} INFO - Setting next_dagrun for example_subdag_operator to 2022-01-01 00:00:00+00:00, run_after=2022-01-01 00:00:00+00:00
[2025-10-02T20:35:44.309+0000] {logging_mixin.py:190} INFO - [2025-10-02T20:35:44.309+0000] {dag.py:4180} INFO - Setting next_dagrun for example_subdag_operator.section-1 to None, run_after=None
[2025-10-02T20:35:44.311+0000] {logging_mixin.py:190} INFO - [2025-10-02T20:35:44.311+0000] {dag.py:4180} INFO - Setting next_dagrun for example_subdag_operator.section-2 to None, run_after=None
[2025-10-02T20:35:44.319+0000] {logging_mixin.py:190} INFO - [2025-10-02T20:35:44.319+0000] {dag.py:3239} INFO - Sync 2 DAGs
[2025-10-02T20:35:44.325+0000] {logging_mixin.py:190} INFO - [2025-10-02T20:35:44.324+0000] {dag.py:4180} INFO - Setting next_dagrun for example_subdag_operator.section-1 to None, run_after=None
[2025-10-02T20:35:44.325+0000] {logging_mixin.py:190} INFO - [2025-10-02T20:35:44.325+0000] {dag.py:4180} INFO - Setting next_dagrun for example_subdag_operator.section-2 to None, run_after=None
[2025-10-02T20:35:44.336+0000] {processor.py:208} INFO - Processing /home/airflow/.local/lib/python3.12/site-packages/airflow/example_dags/example_subdag_operator.py took 0.123 seconds
[2025-10-02T20:36:14.927+0000] {processor.py:186} INFO - Started process (PID=180) to work on /home/airflow/.local/lib/python3.12/site-packages/airflow/example_dags/example_subdag_operator.py
[2025-10-02T20:36:14.928+0000] {processor.py:914} INFO - Processing file /home/airflow/.local/lib/python3.12/site-packages/airflow/example_dags/example_subdag_operator.py for tasks to queue
[2025-10-02T20:36:14.930+0000] {logging_mixin.py:190} INFO - [2025-10-02T20:36:14.930+0000] {dagbag.py:588} INFO - Filling up the DagBag from /home/airflow/.local/lib/python3.12/site-packages/airflow/example_dags/example_subdag_operator.py
[2025-10-02T20:36:14.954+0000] {processor.py:925} INFO - DAG(s) 'example_subdag_operator.section-1', 'example_subdag_operator.section-2', 'example_subdag_operator' retrieved from /home/airflow/.local/lib/python3.12/site-packages/airflow/example_dags/example_subdag_operator.py
[2025-10-02T20:36:14.968+0000] {logging_mixin.py:190} INFO - [2025-10-02T20:36:14.968+0000] {dag.py:3239} INFO - Sync 3 DAGs
[2025-10-02T20:36:14.990+0000] {logging_mixin.py:190} INFO - [2025-10-02T20:36:14.989+0000] {dag.py:4180} INFO - Setting next_dagrun for example_subdag_operator to 2022-01-01 00:00:00+00:00, run_after=2022-01-01 00:00:00+00:00
[2025-10-02T20:36:14.993+0000] {logging_mixin.py:190} INFO - [2025-10-02T20:36:14.993+0000] {dag.py:4180} INFO - Setting next_dagrun for example_subdag_operator.section-1 to None, run_after=None
[2025-10-02T20:36:14.994+0000] {logging_mixin.py:190} INFO - [2025-10-02T20:36:14.994+0000] {dag.py:4180} INFO - Setting next_dagrun for example_subdag_operator.section-2 to None, run_after=None
[2025-10-02T20:36:15.000+0000] {logging_mixin.py:190} INFO - [2025-10-02T20:36:15.000+0000] {dag.py:3239} INFO - Sync 2 DAGs
[2025-10-02T20:36:15.005+0000] {logging_mixin.py:190} INFO - [2025-10-02T20:36:15.005+0000] {dag.py:4180} INFO - Setting next_dagrun for example_subdag_operator.section-1 to None, run_after=None
[2025-10-02T20:36:15.005+0000] {logging_mixin.py:190} INFO - [2025-10-02T20:36:15.005+0000] {dag.py:4180} INFO - Setting next_dagrun for example_subdag_operator.section-2 to None, run_after=None
[2025-10-02T20:36:15.014+0000] {processor.py:208} INFO - Processing /home/airflow/.local/lib/python3.12/site-packages/airflow/example_dags/example_subdag_operator.py took 0.094 seconds
[2025-10-02T20:36:45.673+0000] {processor.py:186} INFO - Started process (PID=243) to work on /home/airflow/.local/lib/python3.12/site-packages/airflow/example_dags/example_subdag_operator.py
[2025-10-02T20:36:45.674+0000] {processor.py:914} INFO - Processing file /home/airflow/.local/lib/python3.12/site-packages/airflow/example_dags/example_subdag_operator.py for tasks to queue
[2025-10-02T20:36:45.676+0000] {logging_mixin.py:190} INFO - [2025-10-02T20:36:45.676+0000] {dagbag.py:588} INFO - Filling up the DagBag from /home/airflow/.local/lib/python3.12/site-packages/airflow/example_dags/example_subdag_operator.py
[2025-10-02T20:36:45.704+0000] {processor.py:925} INFO - DAG(s) 'example_subdag_operator.section-1', 'example_subdag_operator.section-2', 'example_subdag_operator' retrieved from /home/airflow/.local/lib/python3.12/site-packages/airflow/example_dags/example_subdag_operator.py
[2025-10-02T20:36:45.718+0000] {logging_mixin.py:190} INFO - [2025-10-02T20:36:45.718+0000] {dag.py:3239} INFO - Sync 3 DAGs
[2025-10-02T20:36:45.742+0000] {logging_mixin.py:190} INFO - [2025-10-02T20:36:45.742+0000] {dag.py:4180} INFO - Setting next_dagrun for example_subdag_operator to 2022-01-01 00:00:00+00:00, run_after=2022-01-01 00:00:00+00:00
[2025-10-02T20:36:45.745+0000] {logging_mixin.py:190} INFO - [2025-10-02T20:36:45.745+0000] {dag.py:4180} INFO - Setting next_dagrun for example_subdag_operator.section-1 to None, run_after=None
[2025-10-02T20:36:45.747+0000] {logging_mixin.py:190} INFO - [2025-10-02T20:36:45.747+0000] {dag.py:4180} INFO - Setting next_dagrun for example_subdag_operator.section-2 to None, run_after=None
[2025-10-02T20:36:45.753+0000] {logging_mixin.py:190} INFO - [2025-10-02T20:36:45.753+0000] {dag.py:3239} INFO - Sync 2 DAGs
[2025-10-02T20:36:45.757+0000] {logging_mixin.py:190} INFO - [2025-10-02T20:36:45.757+0000] {dag.py:4180} INFO - Setting next_dagrun for example_subdag_operator.section-1 to None, run_after=None
[2025-10-02T20:36:45.758+0000] {logging_mixin.py:190} INFO - [2025-10-02T20:36:45.758+0000] {dag.py:4180} INFO - Setting next_dagrun for example_subdag_operator.section-2 to None, run_after=None
[2025-10-02T20:36:45.768+0000] {processor.py:208} INFO - Processing /home/airflow/.local/lib/python3.12/site-packages/airflow/example_dags/example_subdag_operator.py took 0.101 seconds
[2025-10-02T20:37:16.187+0000] {processor.py:186} INFO - Started process (PID=306) to work on /home/airflow/.local/lib/python3.12/site-packages/airflow/example_dags/example_subdag_operator.py
[2025-10-02T20:37:16.188+0000] {processor.py:914} INFO - Processing file /home/airflow/.local/lib/python3.12/site-packages/airflow/example_dags/example_subdag_operator.py for tasks to queue
[2025-10-02T20:37:16.190+0000] {logging_mixin.py:190} INFO - [2025-10-02T20:37:16.190+0000] {dagbag.py:588} INFO - Filling up the DagBag from /home/airflow/.local/lib/python3.12/site-packages/airflow/example_dags/example_subdag_operator.py
[2025-10-02T20:37:16.219+0000] {processor.py:925} INFO - DAG(s) 'example_subdag_operator.section-1', 'example_subdag_operator.section-2', 'example_subdag_operator' retrieved from /home/airflow/.local/lib/python3.12/site-packages/airflow/example_dags/example_subdag_operator.py
[2025-10-02T20:37:16.233+0000] {logging_mixin.py:190} INFO - [2025-10-02T20:37:16.233+0000] {dag.py:3239} INFO - Sync 3 DAGs
[2025-10-02T20:37:16.255+0000] {logging_mixin.py:190} INFO - [2025-10-02T20:37:16.255+0000] {dag.py:4180} INFO - Setting next_dagrun for example_subdag_operator to 2022-01-01 00:00:00+00:00, run_after=2022-01-01 00:00:00+00:00
[2025-10-02T20:37:16.258+0000] {logging_mixin.py:190} INFO - [2025-10-02T20:37:16.258+0000] {dag.py:4180} INFO - Setting next_dagrun for example_subdag_operator.section-1 to None, run_after=None
[2025-10-02T20:37:16.259+0000] {logging_mixin.py:190} INFO - [2025-10-02T20:37:16.259+0000] {dag.py:4180} INFO - Setting next_dagrun for example_subdag_operator.section-2 to None, run_after=None
[2025-10-02T20:37:16.265+0000] {logging_mixin.py:190} INFO - [2025-10-02T20:37:16.265+0000] {dag.py:3239} INFO - Sync 2 DAGs
[2025-10-02T20:37:16.269+0000] {logging_mixin.py:190} INFO - [2025-10-02T20:37:16.269+0000] {dag.py:4180} INFO - Setting next_dagrun for example_subdag_operator.section-1 to None, run_after=None
[2025-10-02T20:37:16.270+0000] {logging_mixin.py:190} INFO - [2025-10-02T20:37:16.270+0000] {dag.py:4180} INFO - Setting next_dagrun for example_subdag_operator.section-2 to None, run_after=None
[2025-10-02T20:37:16.279+0000] {processor.py:208} INFO - Processing /home/airflow/.local/lib/python3.12/site-packages/airflow/example_dags/example_subdag_operator.py took 0.098 seconds
[2025-10-02T20:37:46.529+0000] {processor.py:186} INFO - Started process (PID=369) to work on /home/airflow/.local/lib/python3.12/site-packages/airflow/example_dags/example_subdag_operator.py
[2025-10-02T20:37:46.530+0000] {processor.py:914} INFO - Processing file /home/airflow/.local/lib/python3.12/site-packages/airflow/example_dags/example_subdag_operator.py for tasks to queue
[2025-10-02T20:37:46.533+0000] {logging_mixin.py:190} INFO - [2025-10-02T20:37:46.533+0000] {dagbag.py:588} INFO - Filling up the DagBag from /home/airflow/.local/lib/python3.12/site-packages/airflow/example_dags/example_subdag_operator.py
[2025-10-02T20:37:46.558+0000] {processor.py:925} INFO - DAG(s) 'example_subdag_operator.section-1', 'example_subdag_operator.section-2', 'example_subdag_operator' retrieved from /home/airflow/.local/lib/python3.12/site-packages/airflow/example_dags/example_subdag_operator.py
[2025-10-02T20:37:46.573+0000] {logging_mixin.py:190} INFO - [2025-10-02T20:37:46.573+0000] {dag.py:3239} INFO - Sync 3 DAGs
[2025-10-02T20:37:46.598+0000] {logging_mixin.py:190} INFO - [2025-10-02T20:37:46.597+0000] {dag.py:4180} INFO - Setting next_dagrun for example_subdag_operator to 2022-01-01 00:00:00+00:00, run_after=2022-01-01 00:00:00+00:00
[2025-10-02T20:37:46.601+0000] {logging_mixin.py:190} INFO - [2025-10-02T20:37:46.601+0000] {dag.py:4180} INFO - Setting next_dagrun for example_subdag_operator.section-1 to None, run_after=None
[2025-10-02T20:37:46.602+0000] {logging_mixin.py:190} INFO - [2025-10-02T20:37:46.602+0000] {dag.py:4180} INFO - Setting next_dagrun for example_subdag_operator.section-2 to None, run_after=None
[2025-10-02T20:37:46.608+0000] {logging_mixin.py:190} INFO - [2025-10-02T20:37:46.608+0000] {dag.py:3239} INFO - Sync 2 DAGs
[2025-10-02T20:37:46.613+0000] {logging_mixin.py:190} INFO - [2025-10-02T20:37:46.613+0000] {dag.py:4180} INFO - Setting next_dagrun for example_subdag_operator.section-1 to None, run_after=None
[2025-10-02T20:37:46.614+0000] {logging_mixin.py:190} INFO - [2025-10-02T20:37:46.614+0000] {dag.py:4180} INFO - Setting next_dagrun for example_subdag_operator.section-2 to None, run_after=None
[2025-10-02T20:37:46.623+0000] {processor.py:208} INFO - Processing /home/airflow/.local/lib/python3.12/site-packages/airflow/example_dags/example_subdag_operator.py took 0.100 seconds
[2025-10-02T20:38:16.983+0000] {processor.py:186} INFO - Started process (PID=432) to work on /home/airflow/.local/lib/python3.12/site-packages/airflow/example_dags/example_subdag_operator.py
[2025-10-02T20:38:16.984+0000] {processor.py:914} INFO - Processing file /home/airflow/.local/lib/python3.12/site-packages/airflow/example_dags/example_subdag_operator.py for tasks to queue
[2025-10-02T20:38:16.987+0000] {logging_mixin.py:190} INFO - [2025-10-02T20:38:16.986+0000] {dagbag.py:588} INFO - Filling up the DagBag from /home/airflow/.local/lib/python3.12/site-packages/airflow/example_dags/example_subdag_operator.py
[2025-10-02T20:38:17.012+0000] {processor.py:925} INFO - DAG(s) 'example_subdag_operator.section-1', 'example_subdag_operator.section-2', 'example_subdag_operator' retrieved from /home/airflow/.local/lib/python3.12/site-packages/airflow/example_dags/example_subdag_operator.py
[2025-10-02T20:38:17.030+0000] {logging_mixin.py:190} INFO - [2025-10-02T20:38:17.030+0000] {dag.py:3239} INFO - Sync 3 DAGs
[2025-10-02T20:38:17.055+0000] {logging_mixin.py:190} INFO - [2025-10-02T20:38:17.055+0000] {dag.py:4180} INFO - Setting next_dagrun for example_subdag_operator to 2022-01-01 00:00:00+00:00, run_after=2022-01-01 00:00:00+00:00
[2025-10-02T20:38:17.059+0000] {logging_mixin.py:190} INFO - [2025-10-02T20:38:17.059+0000] {dag.py:4180} INFO - Setting next_dagrun for example_subdag_operator.section-1 to None, run_after=None
[2025-10-02T20:38:17.060+0000] {logging_mixin.py:190} INFO - [2025-10-02T20:38:17.060+0000] {dag.py:4180} INFO - Setting next_dagrun for example_subdag_operator.section-2 to None, run_after=None
[2025-10-02T20:38:17.067+0000] {logging_mixin.py:190} INFO - [2025-10-02T20:38:17.067+0000] {dag.py:3239} INFO - Sync 2 DAGs
[2025-10-02T20:38:17.072+0000] {logging_mixin.py:190} INFO - [2025-10-02T20:38:17.072+0000] {dag.py:4180} INFO - Setting next_dagrun for example_subdag_operator.section-1 to None, run_after=None
[2025-10-02T20:38:17.072+0000] {logging_mixin.py:190} INFO - [2025-10-02T20:38:17.072+0000] {dag.py:4180} INFO - Setting next_dagrun for example_subdag_operator.section-2 to None, run_after=None
[2025-10-02T20:38:17.082+0000] {processor.py:208} INFO - Processing /home/airflow/.local/lib/python3.12/site-packages/airflow/example_dags/example_subdag_operator.py took 0.105 seconds
[2025-10-02T20:38:47.579+0000] {processor.py:186} INFO - Started process (PID=495) to work on /home/airflow/.local/lib/python3.12/site-packages/airflow/example_dags/example_subdag_operator.py
[2025-10-02T20:38:47.580+0000] {processor.py:914} INFO - Processing file /home/airflow/.local/lib/python3.12/site-packages/airflow/example_dags/example_subdag_operator.py for tasks to queue
[2025-10-02T20:38:47.582+0000] {logging_mixin.py:190} INFO - [2025-10-02T20:38:47.582+0000] {dagbag.py:588} INFO - Filling up the DagBag from /home/airflow/.local/lib/python3.12/site-packages/airflow/example_dags/example_subdag_operator.py
[2025-10-02T20:38:47.609+0000] {processor.py:925} INFO - DAG(s) 'example_subdag_operator.section-1', 'example_subdag_operator.section-2', 'example_subdag_operator' retrieved from /home/airflow/.local/lib/python3.12/site-packages/airflow/example_dags/example_subdag_operator.py
[2025-10-02T20:38:47.624+0000] {logging_mixin.py:190} INFO - [2025-10-02T20:38:47.624+0000] {dag.py:3239} INFO - Sync 3 DAGs
[2025-10-02T20:38:47.648+0000] {logging_mixin.py:190} INFO - [2025-10-02T20:38:47.648+0000] {dag.py:4180} INFO - Setting next_dagrun for example_subdag_operator to 2022-01-01 00:00:00+00:00, run_after=2022-01-01 00:00:00+00:00
[2025-10-02T20:38:47.652+0000] {logging_mixin.py:190} INFO - [2025-10-02T20:38:47.651+0000] {dag.py:4180} INFO - Setting next_dagrun for example_subdag_operator.section-1 to None, run_after=None
[2025-10-02T20:38:47.653+0000] {logging_mixin.py:190} INFO - [2025-10-02T20:38:47.653+0000] {dag.py:4180} INFO - Setting next_dagrun for example_subdag_operator.section-2 to None, run_after=None
[2025-10-02T20:38:47.659+0000] {logging_mixin.py:190} INFO - [2025-10-02T20:38:47.659+0000] {dag.py:3239} INFO - Sync 2 DAGs
[2025-10-02T20:38:47.665+0000] {logging_mixin.py:190} INFO - [2025-10-02T20:38:47.665+0000] {dag.py:4180} INFO - Setting next_dagrun for example_subdag_operator.section-1 to None, run_after=None
[2025-10-02T20:38:47.666+0000] {logging_mixin.py:190} INFO - [2025-10-02T20:38:47.665+0000] {dag.py:4180} INFO - Setting next_dagrun for example_subdag_operator.section-2 to None, run_after=None
[2025-10-02T20:38:47.675+0000] {processor.py:208} INFO - Processing /home/airflow/.local/lib/python3.12/site-packages/airflow/example_dags/example_subdag_operator.py took 0.103 seconds
[2025-10-02T20:39:18.680+0000] {processor.py:186} INFO - Started process (PID=565) to work on /home/airflow/.local/lib/python3.12/site-packages/airflow/example_dags/example_subdag_operator.py
[2025-10-02T20:39:18.681+0000] {processor.py:914} INFO - Processing file /home/airflow/.local/lib/python3.12/site-packages/airflow/example_dags/example_subdag_operator.py for tasks to queue
[2025-10-02T20:39:18.684+0000] {logging_mixin.py:190} INFO - [2025-10-02T20:39:18.683+0000] {dagbag.py:588} INFO - Filling up the DagBag from /home/airflow/.local/lib/python3.12/site-packages/airflow/example_dags/example_subdag_operator.py
[2025-10-02T20:39:18.708+0000] {processor.py:925} INFO - DAG(s) 'example_subdag_operator.section-1', 'example_subdag_operator.section-2', 'example_subdag_operator' retrieved from /home/airflow/.local/lib/python3.12/site-packages/airflow/example_dags/example_subdag_operator.py
[2025-10-02T20:39:18.722+0000] {logging_mixin.py:190} INFO - [2025-10-02T20:39:18.722+0000] {dag.py:3239} INFO - Sync 3 DAGs
[2025-10-02T20:39:18.743+0000] {logging_mixin.py:190} INFO - [2025-10-02T20:39:18.743+0000] {dag.py:4180} INFO - Setting next_dagrun for example_subdag_operator to 2022-01-01 00:00:00+00:00, run_after=2022-01-01 00:00:00+00:00
[2025-10-02T20:39:18.746+0000] {logging_mixin.py:190} INFO - [2025-10-02T20:39:18.746+0000] {dag.py:4180} INFO - Setting next_dagrun for example_subdag_operator.section-1 to None, run_after=None
[2025-10-02T20:39:18.748+0000] {logging_mixin.py:190} INFO - [2025-10-02T20:39:18.747+0000] {dag.py:4180} INFO - Setting next_dagrun for example_subdag_operator.section-2 to None, run_after=None
[2025-10-02T20:39:18.754+0000] {logging_mixin.py:190} INFO - [2025-10-02T20:39:18.753+0000] {dag.py:3239} INFO - Sync 2 DAGs
[2025-10-02T20:39:18.759+0000] {logging_mixin.py:190} INFO - [2025-10-02T20:39:18.759+0000] {dag.py:4180} INFO - Setting next_dagrun for example_subdag_operator.section-1 to None, run_after=None
[2025-10-02T20:39:18.760+0000] {logging_mixin.py:190} INFO - [2025-10-02T20:39:18.760+0000] {dag.py:4180} INFO - Setting next_dagrun for example_subdag_operator.section-2 to None, run_after=None
[2025-10-02T20:39:18.774+0000] {processor.py:208} INFO - Processing /home/airflow/.local/lib/python3.12/site-packages/airflow/example_dags/example_subdag_operator.py took 0.099 seconds
[2025-10-02T20:39:49.287+0000] {processor.py:186} INFO - Started process (PID=628) to work on /home/airflow/.local/lib/python3.12/site-packages/airflow/example_dags/example_subdag_operator.py
[2025-10-02T20:39:49.289+0000] {processor.py:914} INFO - Processing file /home/airflow/.local/lib/python3.12/site-packages/airflow/example_dags/example_subdag_operator.py for tasks to queue
[2025-10-02T20:39:49.297+0000] {logging_mixin.py:190} INFO - [2025-10-02T20:39:49.295+0000] {dagbag.py:588} INFO - Filling up the DagBag from /home/airflow/.local/lib/python3.12/site-packages/airflow/example_dags/example_subdag_operator.py
[2025-10-02T20:39:49.357+0000] {processor.py:925} INFO - DAG(s) 'example_subdag_operator.section-1', 'example_subdag_operator.section-2', 'example_subdag_operator' retrieved from /home/airflow/.local/lib/python3.12/site-packages/airflow/example_dags/example_subdag_operator.py
[2025-10-02T20:39:49.391+0000] {logging_mixin.py:190} INFO - [2025-10-02T20:39:49.390+0000] {dag.py:3239} INFO - Sync 3 DAGs
[2025-10-02T20:39:49.441+0000] {logging_mixin.py:190} INFO - [2025-10-02T20:39:49.440+0000] {dag.py:4180} INFO - Setting next_dagrun for example_subdag_operator to 2022-01-01 00:00:00+00:00, run_after=2022-01-01 00:00:00+00:00
[2025-10-02T20:39:49.448+0000] {logging_mixin.py:190} INFO - [2025-10-02T20:39:49.447+0000] {dag.py:4180} INFO - Setting next_dagrun for example_subdag_operator.section-1 to None, run_after=None
[2025-10-02T20:39:49.451+0000] {logging_mixin.py:190} INFO - [2025-10-02T20:39:49.450+0000] {dag.py:4180} INFO - Setting next_dagrun for example_subdag_operator.section-2 to None, run_after=None
[2025-10-02T20:39:49.467+0000] {logging_mixin.py:190} INFO - [2025-10-02T20:39:49.467+0000] {dag.py:3239} INFO - Sync 2 DAGs
[2025-10-02T20:39:49.479+0000] {logging_mixin.py:190} INFO - [2025-10-02T20:39:49.478+0000] {dag.py:4180} INFO - Setting next_dagrun for example_subdag_operator.section-1 to None, run_after=None
[2025-10-02T20:39:49.480+0000] {logging_mixin.py:190} INFO - [2025-10-02T20:39:49.479+0000] {dag.py:4180} INFO - Setting next_dagrun for example_subdag_operator.section-2 to None, run_after=None
[2025-10-02T20:39:49.498+0000] {processor.py:208} INFO - Processing /home/airflow/.local/lib/python3.12/site-packages/airflow/example_dags/example_subdag_operator.py took 0.229 seconds
[2025-10-02T20:41:12.077+0000] {processor.py:186} INFO - Started process (PID=57) to work on /home/airflow/.local/lib/python3.12/site-packages/airflow/example_dags/example_subdag_operator.py
[2025-10-02T20:41:12.079+0000] {processor.py:914} INFO - Processing file /home/airflow/.local/lib/python3.12/site-packages/airflow/example_dags/example_subdag_operator.py for tasks to queue
[2025-10-02T20:41:12.087+0000] {logging_mixin.py:190} INFO - [2025-10-02T20:41:12.086+0000] {dagbag.py:588} INFO - Filling up the DagBag from /home/airflow/.local/lib/python3.12/site-packages/airflow/example_dags/example_subdag_operator.py
[2025-10-02T20:41:12.154+0000] {processor.py:925} INFO - DAG(s) 'example_subdag_operator.section-1', 'example_subdag_operator.section-2', 'example_subdag_operator' retrieved from /home/airflow/.local/lib/python3.12/site-packages/airflow/example_dags/example_subdag_operator.py
[2025-10-02T20:41:12.204+0000] {logging_mixin.py:190} INFO - [2025-10-02T20:41:12.204+0000] {dag.py:3239} INFO - Sync 3 DAGs
[2025-10-02T20:41:12.312+0000] {logging_mixin.py:190} INFO - [2025-10-02T20:41:12.312+0000] {dag.py:4180} INFO - Setting next_dagrun for example_subdag_operator to 2022-01-01 00:00:00+00:00, run_after=2022-01-01 00:00:00+00:00
[2025-10-02T20:41:12.324+0000] {logging_mixin.py:190} INFO - [2025-10-02T20:41:12.324+0000] {dag.py:4180} INFO - Setting next_dagrun for example_subdag_operator.section-1 to None, run_after=None
[2025-10-02T20:41:12.328+0000] {logging_mixin.py:190} INFO - [2025-10-02T20:41:12.327+0000] {dag.py:4180} INFO - Setting next_dagrun for example_subdag_operator.section-2 to None, run_after=None
[2025-10-02T20:41:12.345+0000] {logging_mixin.py:190} INFO - [2025-10-02T20:41:12.345+0000] {dag.py:3239} INFO - Sync 2 DAGs
[2025-10-02T20:41:12.361+0000] {logging_mixin.py:190} INFO - [2025-10-02T20:41:12.360+0000] {dag.py:4180} INFO - Setting next_dagrun for example_subdag_operator.section-1 to None, run_after=None
[2025-10-02T20:41:12.362+0000] {logging_mixin.py:190} INFO - [2025-10-02T20:41:12.362+0000] {dag.py:4180} INFO - Setting next_dagrun for example_subdag_operator.section-2 to None, run_after=None
[2025-10-02T20:41:12.402+0000] {processor.py:208} INFO - Processing /home/airflow/.local/lib/python3.12/site-packages/airflow/example_dags/example_subdag_operator.py took 0.335 seconds
[2025-10-02T20:41:43.133+0000] {processor.py:186} INFO - Started process (PID=120) to work on /home/airflow/.local/lib/python3.12/site-packages/airflow/example_dags/example_subdag_operator.py
[2025-10-02T20:41:43.134+0000] {processor.py:914} INFO - Processing file /home/airflow/.local/lib/python3.12/site-packages/airflow/example_dags/example_subdag_operator.py for tasks to queue
[2025-10-02T20:41:43.138+0000] {logging_mixin.py:190} INFO - [2025-10-02T20:41:43.137+0000] {dagbag.py:588} INFO - Filling up the DagBag from /home/airflow/.local/lib/python3.12/site-packages/airflow/example_dags/example_subdag_operator.py
[2025-10-02T20:41:43.174+0000] {processor.py:925} INFO - DAG(s) 'example_subdag_operator.section-1', 'example_subdag_operator.section-2', 'example_subdag_operator' retrieved from /home/airflow/.local/lib/python3.12/site-packages/airflow/example_dags/example_subdag_operator.py
[2025-10-02T20:41:43.198+0000] {logging_mixin.py:190} INFO - [2025-10-02T20:41:43.198+0000] {dag.py:3239} INFO - Sync 3 DAGs
[2025-10-02T20:41:43.231+0000] {logging_mixin.py:190} INFO - [2025-10-02T20:41:43.231+0000] {dag.py:4180} INFO - Setting next_dagrun for example_subdag_operator to 2022-01-01 00:00:00+00:00, run_after=2022-01-01 00:00:00+00:00
[2025-10-02T20:41:43.235+0000] {logging_mixin.py:190} INFO - [2025-10-02T20:41:43.235+0000] {dag.py:4180} INFO - Setting next_dagrun for example_subdag_operator.section-1 to None, run_after=None
[2025-10-02T20:41:43.237+0000] {logging_mixin.py:190} INFO - [2025-10-02T20:41:43.237+0000] {dag.py:4180} INFO - Setting next_dagrun for example_subdag_operator.section-2 to None, run_after=None
[2025-10-02T20:41:43.244+0000] {logging_mixin.py:190} INFO - [2025-10-02T20:41:43.244+0000] {dag.py:3239} INFO - Sync 2 DAGs
[2025-10-02T20:41:43.250+0000] {logging_mixin.py:190} INFO - [2025-10-02T20:41:43.250+0000] {dag.py:4180} INFO - Setting next_dagrun for example_subdag_operator.section-1 to None, run_after=None
[2025-10-02T20:41:43.251+0000] {logging_mixin.py:190} INFO - [2025-10-02T20:41:43.251+0000] {dag.py:4180} INFO - Setting next_dagrun for example_subdag_operator.section-2 to None, run_after=None
[2025-10-02T20:41:43.262+0000] {processor.py:208} INFO - Processing /home/airflow/.local/lib/python3.12/site-packages/airflow/example_dags/example_subdag_operator.py took 0.137 seconds
[2025-10-02T20:42:13.981+0000] {processor.py:186} INFO - Started process (PID=183) to work on /home/airflow/.local/lib/python3.12/site-packages/airflow/example_dags/example_subdag_operator.py
[2025-10-02T20:42:13.983+0000] {processor.py:914} INFO - Processing file /home/airflow/.local/lib/python3.12/site-packages/airflow/example_dags/example_subdag_operator.py for tasks to queue
[2025-10-02T20:42:13.986+0000] {logging_mixin.py:190} INFO - [2025-10-02T20:42:13.985+0000] {dagbag.py:588} INFO - Filling up the DagBag from /home/airflow/.local/lib/python3.12/site-packages/airflow/example_dags/example_subdag_operator.py
[2025-10-02T20:42:14.018+0000] {processor.py:925} INFO - DAG(s) 'example_subdag_operator.section-1', 'example_subdag_operator.section-2', 'example_subdag_operator' retrieved from /home/airflow/.local/lib/python3.12/site-packages/airflow/example_dags/example_subdag_operator.py
[2025-10-02T20:42:14.038+0000] {logging_mixin.py:190} INFO - [2025-10-02T20:42:14.037+0000] {dag.py:3239} INFO - Sync 3 DAGs
[2025-10-02T20:42:14.067+0000] {logging_mixin.py:190} INFO - [2025-10-02T20:42:14.066+0000] {dag.py:4180} INFO - Setting next_dagrun for example_subdag_operator to 2022-01-01 00:00:00+00:00, run_after=2022-01-01 00:00:00+00:00
[2025-10-02T20:42:14.071+0000] {logging_mixin.py:190} INFO - [2025-10-02T20:42:14.071+0000] {dag.py:4180} INFO - Setting next_dagrun for example_subdag_operator.section-1 to None, run_after=None
[2025-10-02T20:42:14.073+0000] {logging_mixin.py:190} INFO - [2025-10-02T20:42:14.073+0000] {dag.py:4180} INFO - Setting next_dagrun for example_subdag_operator.section-2 to None, run_after=None
[2025-10-02T20:42:14.082+0000] {logging_mixin.py:190} INFO - [2025-10-02T20:42:14.081+0000] {dag.py:3239} INFO - Sync 2 DAGs
[2025-10-02T20:42:14.089+0000] {logging_mixin.py:190} INFO - [2025-10-02T20:42:14.088+0000] {dag.py:4180} INFO - Setting next_dagrun for example_subdag_operator.section-1 to None, run_after=None
[2025-10-02T20:42:14.090+0000] {logging_mixin.py:190} INFO - [2025-10-02T20:42:14.089+0000] {dag.py:4180} INFO - Setting next_dagrun for example_subdag_operator.section-2 to None, run_after=None
[2025-10-02T20:42:14.101+0000] {processor.py:208} INFO - Processing /home/airflow/.local/lib/python3.12/site-packages/airflow/example_dags/example_subdag_operator.py took 0.127 seconds
[2025-10-02T20:42:44.503+0000] {processor.py:186} INFO - Started process (PID=246) to work on /home/airflow/.local/lib/python3.12/site-packages/airflow/example_dags/example_subdag_operator.py
[2025-10-02T20:42:44.504+0000] {processor.py:914} INFO - Processing file /home/airflow/.local/lib/python3.12/site-packages/airflow/example_dags/example_subdag_operator.py for tasks to queue
[2025-10-02T20:42:44.507+0000] {logging_mixin.py:190} INFO - [2025-10-02T20:42:44.506+0000] {dagbag.py:588} INFO - Filling up the DagBag from /home/airflow/.local/lib/python3.12/site-packages/airflow/example_dags/example_subdag_operator.py
[2025-10-02T20:42:44.531+0000] {processor.py:925} INFO - DAG(s) 'example_subdag_operator.section-1', 'example_subdag_operator.section-2', 'example_subdag_operator' retrieved from /home/airflow/.local/lib/python3.12/site-packages/airflow/example_dags/example_subdag_operator.py
[2025-10-02T20:42:44.546+0000] {logging_mixin.py:190} INFO - [2025-10-02T20:42:44.545+0000] {dag.py:3239} INFO - Sync 3 DAGs
[2025-10-02T20:42:44.568+0000] {logging_mixin.py:190} INFO - [2025-10-02T20:42:44.568+0000] {dag.py:4180} INFO - Setting next_dagrun for example_subdag_operator to 2022-01-01 00:00:00+00:00, run_after=2022-01-01 00:00:00+00:00
[2025-10-02T20:42:44.571+0000] {logging_mixin.py:190} INFO - [2025-10-02T20:42:44.571+0000] {dag.py:4180} INFO - Setting next_dagrun for example_subdag_operator.section-1 to None, run_after=None
[2025-10-02T20:42:44.572+0000] {logging_mixin.py:190} INFO - [2025-10-02T20:42:44.572+0000] {dag.py:4180} INFO - Setting next_dagrun for example_subdag_operator.section-2 to None, run_after=None
[2025-10-02T20:42:44.579+0000] {logging_mixin.py:190} INFO - [2025-10-02T20:42:44.578+0000] {dag.py:3239} INFO - Sync 2 DAGs
[2025-10-02T20:42:44.584+0000] {logging_mixin.py:190} INFO - [2025-10-02T20:42:44.584+0000] {dag.py:4180} INFO - Setting next_dagrun for example_subdag_operator.section-1 to None, run_after=None
[2025-10-02T20:42:44.584+0000] {logging_mixin.py:190} INFO - [2025-10-02T20:42:44.584+0000] {dag.py:4180} INFO - Setting next_dagrun for example_subdag_operator.section-2 to None, run_after=None
[2025-10-02T20:42:44.595+0000] {processor.py:208} INFO - Processing /home/airflow/.local/lib/python3.12/site-packages/airflow/example_dags/example_subdag_operator.py took 0.097 seconds
[2025-10-02T20:43:15.401+0000] {processor.py:186} INFO - Started process (PID=309) to work on /home/airflow/.local/lib/python3.12/site-packages/airflow/example_dags/example_subdag_operator.py
[2025-10-02T20:43:15.402+0000] {processor.py:914} INFO - Processing file /home/airflow/.local/lib/python3.12/site-packages/airflow/example_dags/example_subdag_operator.py for tasks to queue
[2025-10-02T20:43:15.404+0000] {logging_mixin.py:190} INFO - [2025-10-02T20:43:15.404+0000] {dagbag.py:588} INFO - Filling up the DagBag from /home/airflow/.local/lib/python3.12/site-packages/airflow/example_dags/example_subdag_operator.py
[2025-10-02T20:43:15.428+0000] {processor.py:925} INFO - DAG(s) 'example_subdag_operator.section-1', 'example_subdag_operator.section-2', 'example_subdag_operator' retrieved from /home/airflow/.local/lib/python3.12/site-packages/airflow/example_dags/example_subdag_operator.py
[2025-10-02T20:43:15.442+0000] {logging_mixin.py:190} INFO - [2025-10-02T20:43:15.442+0000] {dag.py:3239} INFO - Sync 3 DAGs
[2025-10-02T20:43:15.463+0000] {logging_mixin.py:190} INFO - [2025-10-02T20:43:15.463+0000] {dag.py:4180} INFO - Setting next_dagrun for example_subdag_operator to 2022-01-01 00:00:00+00:00, run_after=2022-01-01 00:00:00+00:00
[2025-10-02T20:43:15.466+0000] {logging_mixin.py:190} INFO - [2025-10-02T20:43:15.466+0000] {dag.py:4180} INFO - Setting next_dagrun for example_subdag_operator.section-1 to None, run_after=None
[2025-10-02T20:43:15.467+0000] {logging_mixin.py:190} INFO - [2025-10-02T20:43:15.467+0000] {dag.py:4180} INFO - Setting next_dagrun for example_subdag_operator.section-2 to None, run_after=None
[2025-10-02T20:43:15.473+0000] {logging_mixin.py:190} INFO - [2025-10-02T20:43:15.473+0000] {dag.py:3239} INFO - Sync 2 DAGs
[2025-10-02T20:43:15.478+0000] {logging_mixin.py:190} INFO - [2025-10-02T20:43:15.478+0000] {dag.py:4180} INFO - Setting next_dagrun for example_subdag_operator.section-1 to None, run_after=None
[2025-10-02T20:43:15.478+0000] {logging_mixin.py:190} INFO - [2025-10-02T20:43:15.478+0000] {dag.py:4180} INFO - Setting next_dagrun for example_subdag_operator.section-2 to None, run_after=None
[2025-10-02T20:43:15.487+0000] {processor.py:208} INFO - Processing /home/airflow/.local/lib/python3.12/site-packages/airflow/example_dags/example_subdag_operator.py took 0.092 seconds
[2025-10-02T20:43:46.037+0000] {processor.py:186} INFO - Started process (PID=372) to work on /home/airflow/.local/lib/python3.12/site-packages/airflow/example_dags/example_subdag_operator.py
[2025-10-02T20:43:46.038+0000] {processor.py:914} INFO - Processing file /home/airflow/.local/lib/python3.12/site-packages/airflow/example_dags/example_subdag_operator.py for tasks to queue
[2025-10-02T20:43:46.040+0000] {logging_mixin.py:190} INFO - [2025-10-02T20:43:46.040+0000] {dagbag.py:588} INFO - Filling up the DagBag from /home/airflow/.local/lib/python3.12/site-packages/airflow/example_dags/example_subdag_operator.py
[2025-10-02T20:43:46.067+0000] {processor.py:925} INFO - DAG(s) 'example_subdag_operator.section-1', 'example_subdag_operator.section-2', 'example_subdag_operator' retrieved from /home/airflow/.local/lib/python3.12/site-packages/airflow/example_dags/example_subdag_operator.py
[2025-10-02T20:43:46.083+0000] {logging_mixin.py:190} INFO - [2025-10-02T20:43:46.082+0000] {dag.py:3239} INFO - Sync 3 DAGs
[2025-10-02T20:43:46.110+0000] {logging_mixin.py:190} INFO - [2025-10-02T20:43:46.110+0000] {dag.py:4180} INFO - Setting next_dagrun for example_subdag_operator to 2022-01-01 00:00:00+00:00, run_after=2022-01-01 00:00:00+00:00
[2025-10-02T20:43:46.115+0000] {logging_mixin.py:190} INFO - [2025-10-02T20:43:46.114+0000] {dag.py:4180} INFO - Setting next_dagrun for example_subdag_operator.section-1 to None, run_after=None
[2025-10-02T20:43:46.116+0000] {logging_mixin.py:190} INFO - [2025-10-02T20:43:46.116+0000] {dag.py:4180} INFO - Setting next_dagrun for example_subdag_operator.section-2 to None, run_after=None
[2025-10-02T20:43:46.124+0000] {logging_mixin.py:190} INFO - [2025-10-02T20:43:46.124+0000] {dag.py:3239} INFO - Sync 2 DAGs
[2025-10-02T20:43:46.130+0000] {logging_mixin.py:190} INFO - [2025-10-02T20:43:46.129+0000] {dag.py:4180} INFO - Setting next_dagrun for example_subdag_operator.section-1 to None, run_after=None
[2025-10-02T20:43:46.130+0000] {logging_mixin.py:190} INFO - [2025-10-02T20:43:46.130+0000] {dag.py:4180} INFO - Setting next_dagrun for example_subdag_operator.section-2 to None, run_after=None
[2025-10-02T20:43:46.144+0000] {processor.py:208} INFO - Processing /home/airflow/.local/lib/python3.12/site-packages/airflow/example_dags/example_subdag_operator.py took 0.114 seconds
[2025-10-02T20:44:16.480+0000] {processor.py:186} INFO - Started process (PID=436) to work on /home/airflow/.local/lib/python3.12/site-packages/airflow/example_dags/example_subdag_operator.py
[2025-10-02T20:44:16.482+0000] {processor.py:914} INFO - Processing file /home/airflow/.local/lib/python3.12/site-packages/airflow/example_dags/example_subdag_operator.py for tasks to queue
[2025-10-02T20:44:16.485+0000] {logging_mixin.py:190} INFO - [2025-10-02T20:44:16.484+0000] {dagbag.py:588} INFO - Filling up the DagBag from /home/airflow/.local/lib/python3.12/site-packages/airflow/example_dags/example_subdag_operator.py
[2025-10-02T20:44:16.523+0000] {processor.py:925} INFO - DAG(s) 'example_subdag_operator.section-1', 'example_subdag_operator.section-2', 'example_subdag_operator' retrieved from /home/airflow/.local/lib/python3.12/site-packages/airflow/example_dags/example_subdag_operator.py
[2025-10-02T20:44:16.547+0000] {logging_mixin.py:190} INFO - [2025-10-02T20:44:16.546+0000] {dag.py:3239} INFO - Sync 3 DAGs
[2025-10-02T20:44:16.573+0000] {logging_mixin.py:190} INFO - [2025-10-02T20:44:16.573+0000] {dag.py:4180} INFO - Setting next_dagrun for example_subdag_operator to 2022-01-01 00:00:00+00:00, run_after=2022-01-01 00:00:00+00:00
[2025-10-02T20:44:16.577+0000] {logging_mixin.py:190} INFO - [2025-10-02T20:44:16.576+0000] {dag.py:4180} INFO - Setting next_dagrun for example_subdag_operator.section-1 to None, run_after=None
[2025-10-02T20:44:16.578+0000] {logging_mixin.py:190} INFO - [2025-10-02T20:44:16.578+0000] {dag.py:4180} INFO - Setting next_dagrun for example_subdag_operator.section-2 to None, run_after=None
[2025-10-02T20:44:16.585+0000] {logging_mixin.py:190} INFO - [2025-10-02T20:44:16.585+0000] {dag.py:3239} INFO - Sync 2 DAGs
[2025-10-02T20:44:16.592+0000] {logging_mixin.py:190} INFO - [2025-10-02T20:44:16.591+0000] {dag.py:4180} INFO - Setting next_dagrun for example_subdag_operator.section-1 to None, run_after=None
[2025-10-02T20:44:16.592+0000] {logging_mixin.py:190} INFO - [2025-10-02T20:44:16.592+0000] {dag.py:4180} INFO - Setting next_dagrun for example_subdag_operator.section-2 to None, run_after=None
[2025-10-02T20:44:16.607+0000] {processor.py:208} INFO - Processing /home/airflow/.local/lib/python3.12/site-packages/airflow/example_dags/example_subdag_operator.py took 0.137 seconds
[2025-10-02T20:44:46.826+0000] {processor.py:186} INFO - Started process (PID=504) to work on /home/airflow/.local/lib/python3.12/site-packages/airflow/example_dags/example_subdag_operator.py
[2025-10-02T20:44:46.827+0000] {processor.py:914} INFO - Processing file /home/airflow/.local/lib/python3.12/site-packages/airflow/example_dags/example_subdag_operator.py for tasks to queue
[2025-10-02T20:44:46.830+0000] {logging_mixin.py:190} INFO - [2025-10-02T20:44:46.829+0000] {dagbag.py:588} INFO - Filling up the DagBag from /home/airflow/.local/lib/python3.12/site-packages/airflow/example_dags/example_subdag_operator.py
[2025-10-02T20:44:46.857+0000] {processor.py:925} INFO - DAG(s) 'example_subdag_operator.section-1', 'example_subdag_operator.section-2', 'example_subdag_operator' retrieved from /home/airflow/.local/lib/python3.12/site-packages/airflow/example_dags/example_subdag_operator.py
[2025-10-02T20:44:46.871+0000] {logging_mixin.py:190} INFO - [2025-10-02T20:44:46.871+0000] {dag.py:3239} INFO - Sync 3 DAGs
[2025-10-02T20:44:46.893+0000] {logging_mixin.py:190} INFO - [2025-10-02T20:44:46.893+0000] {dag.py:4180} INFO - Setting next_dagrun for example_subdag_operator to 2022-01-01 00:00:00+00:00, run_after=2022-01-01 00:00:00+00:00
[2025-10-02T20:44:46.897+0000] {logging_mixin.py:190} INFO - [2025-10-02T20:44:46.897+0000] {dag.py:4180} INFO - Setting next_dagrun for example_subdag_operator.section-1 to None, run_after=None
[2025-10-02T20:44:46.898+0000] {logging_mixin.py:190} INFO - [2025-10-02T20:44:46.898+0000] {dag.py:4180} INFO - Setting next_dagrun for example_subdag_operator.section-2 to None, run_after=None
[2025-10-02T20:44:46.905+0000] {logging_mixin.py:190} INFO - [2025-10-02T20:44:46.905+0000] {dag.py:3239} INFO - Sync 2 DAGs
[2025-10-02T20:44:46.910+0000] {logging_mixin.py:190} INFO - [2025-10-02T20:44:46.910+0000] {dag.py:4180} INFO - Setting next_dagrun for example_subdag_operator.section-1 to None, run_after=None
[2025-10-02T20:44:46.911+0000] {logging_mixin.py:190} INFO - [2025-10-02T20:44:46.911+0000] {dag.py:4180} INFO - Setting next_dagrun for example_subdag_operator.section-2 to None, run_after=None
[2025-10-02T20:44:46.919+0000] {processor.py:208} INFO - Processing /home/airflow/.local/lib/python3.12/site-packages/airflow/example_dags/example_subdag_operator.py took 0.099 seconds
[2025-10-02T20:45:17.343+0000] {processor.py:186} INFO - Started process (PID=568) to work on /home/airflow/.local/lib/python3.12/site-packages/airflow/example_dags/example_subdag_operator.py
[2025-10-02T20:45:17.344+0000] {processor.py:914} INFO - Processing file /home/airflow/.local/lib/python3.12/site-packages/airflow/example_dags/example_subdag_operator.py for tasks to queue
[2025-10-02T20:45:17.346+0000] {logging_mixin.py:190} INFO - [2025-10-02T20:45:17.346+0000] {dagbag.py:588} INFO - Filling up the DagBag from /home/airflow/.local/lib/python3.12/site-packages/airflow/example_dags/example_subdag_operator.py
[2025-10-02T20:45:17.373+0000] {processor.py:925} INFO - DAG(s) 'example_subdag_operator.section-1', 'example_subdag_operator.section-2', 'example_subdag_operator' retrieved from /home/airflow/.local/lib/python3.12/site-packages/airflow/example_dags/example_subdag_operator.py
[2025-10-02T20:45:17.387+0000] {logging_mixin.py:190} INFO - [2025-10-02T20:45:17.386+0000] {dag.py:3239} INFO - Sync 3 DAGs
[2025-10-02T20:45:17.408+0000] {logging_mixin.py:190} INFO - [2025-10-02T20:45:17.408+0000] {dag.py:4180} INFO - Setting next_dagrun for example_subdag_operator to 2022-01-01 00:00:00+00:00, run_after=2022-01-01 00:00:00+00:00
[2025-10-02T20:45:17.412+0000] {logging_mixin.py:190} INFO - [2025-10-02T20:45:17.412+0000] {dag.py:4180} INFO - Setting next_dagrun for example_subdag_operator.section-1 to None, run_after=None
[2025-10-02T20:45:17.413+0000] {logging_mixin.py:190} INFO - [2025-10-02T20:45:17.413+0000] {dag.py:4180} INFO - Setting next_dagrun for example_subdag_operator.section-2 to None, run_after=None
[2025-10-02T20:45:17.420+0000] {logging_mixin.py:190} INFO - [2025-10-02T20:45:17.419+0000] {dag.py:3239} INFO - Sync 2 DAGs
[2025-10-02T20:45:17.425+0000] {logging_mixin.py:190} INFO - [2025-10-02T20:45:17.425+0000] {dag.py:4180} INFO - Setting next_dagrun for example_subdag_operator.section-1 to None, run_after=None
[2025-10-02T20:45:17.426+0000] {logging_mixin.py:190} INFO - [2025-10-02T20:45:17.426+0000] {dag.py:4180} INFO - Setting next_dagrun for example_subdag_operator.section-2 to None, run_after=None
[2025-10-02T20:45:17.436+0000] {processor.py:208} INFO - Processing /home/airflow/.local/lib/python3.12/site-packages/airflow/example_dags/example_subdag_operator.py took 0.099 seconds
[2025-10-02T20:52:11.555+0000] {processor.py:186} INFO - Started process (PID=54) to work on /home/airflow/.local/lib/python3.12/site-packages/airflow/example_dags/example_subdag_operator.py
[2025-10-02T20:52:11.557+0000] {processor.py:914} INFO - Processing file /home/airflow/.local/lib/python3.12/site-packages/airflow/example_dags/example_subdag_operator.py for tasks to queue
[2025-10-02T20:52:11.562+0000] {logging_mixin.py:190} INFO - [2025-10-02T20:52:11.561+0000] {dagbag.py:588} INFO - Filling up the DagBag from /home/airflow/.local/lib/python3.12/site-packages/airflow/example_dags/example_subdag_operator.py
[2025-10-02T20:52:11.608+0000] {processor.py:925} INFO - DAG(s) 'example_subdag_operator.section-1', 'example_subdag_operator.section-2', 'example_subdag_operator' retrieved from /home/airflow/.local/lib/python3.12/site-packages/airflow/example_dags/example_subdag_operator.py
[2025-10-02T20:52:11.653+0000] {logging_mixin.py:190} INFO - [2025-10-02T20:52:11.652+0000] {dag.py:3239} INFO - Sync 3 DAGs
[2025-10-02T20:52:11.709+0000] {logging_mixin.py:190} INFO - [2025-10-02T20:52:11.709+0000] {dag.py:4180} INFO - Setting next_dagrun for example_subdag_operator to 2022-01-01 00:00:00+00:00, run_after=2022-01-01 00:00:00+00:00
[2025-10-02T20:52:11.722+0000] {logging_mixin.py:190} INFO - [2025-10-02T20:52:11.722+0000] {dag.py:4180} INFO - Setting next_dagrun for example_subdag_operator.section-1 to None, run_after=None
[2025-10-02T20:52:11.730+0000] {logging_mixin.py:190} INFO - [2025-10-02T20:52:11.730+0000] {dag.py:4180} INFO - Setting next_dagrun for example_subdag_operator.section-2 to None, run_after=None
[2025-10-02T20:52:11.741+0000] {logging_mixin.py:190} INFO - [2025-10-02T20:52:11.741+0000] {dag.py:3239} INFO - Sync 2 DAGs
[2025-10-02T20:52:11.753+0000] {logging_mixin.py:190} INFO - [2025-10-02T20:52:11.753+0000] {dag.py:4180} INFO - Setting next_dagrun for example_subdag_operator.section-1 to None, run_after=None
[2025-10-02T20:52:11.755+0000] {logging_mixin.py:190} INFO - [2025-10-02T20:52:11.754+0000] {dag.py:4180} INFO - Setting next_dagrun for example_subdag_operator.section-2 to None, run_after=None
[2025-10-02T20:52:11.769+0000] {processor.py:208} INFO - Processing /home/airflow/.local/lib/python3.12/site-packages/airflow/example_dags/example_subdag_operator.py took 0.221 seconds
[2025-10-02T20:52:42.014+0000] {processor.py:186} INFO - Started process (PID=117) to work on /home/airflow/.local/lib/python3.12/site-packages/airflow/example_dags/example_subdag_operator.py
[2025-10-02T20:52:42.015+0000] {processor.py:914} INFO - Processing file /home/airflow/.local/lib/python3.12/site-packages/airflow/example_dags/example_subdag_operator.py for tasks to queue
[2025-10-02T20:52:42.018+0000] {logging_mixin.py:190} INFO - [2025-10-02T20:52:42.018+0000] {dagbag.py:588} INFO - Filling up the DagBag from /home/airflow/.local/lib/python3.12/site-packages/airflow/example_dags/example_subdag_operator.py
[2025-10-02T20:52:42.049+0000] {processor.py:925} INFO - DAG(s) 'example_subdag_operator.section-1', 'example_subdag_operator.section-2', 'example_subdag_operator' retrieved from /home/airflow/.local/lib/python3.12/site-packages/airflow/example_dags/example_subdag_operator.py
[2025-10-02T20:52:42.065+0000] {logging_mixin.py:190} INFO - [2025-10-02T20:52:42.065+0000] {dag.py:3239} INFO - Sync 3 DAGs
[2025-10-02T20:52:42.090+0000] {logging_mixin.py:190} INFO - [2025-10-02T20:52:42.090+0000] {dag.py:4180} INFO - Setting next_dagrun for example_subdag_operator to 2022-01-01 00:00:00+00:00, run_after=2022-01-01 00:00:00+00:00
[2025-10-02T20:52:42.095+0000] {logging_mixin.py:190} INFO - [2025-10-02T20:52:42.094+0000] {dag.py:4180} INFO - Setting next_dagrun for example_subdag_operator.section-1 to None, run_after=None
[2025-10-02T20:52:42.096+0000] {logging_mixin.py:190} INFO - [2025-10-02T20:52:42.096+0000] {dag.py:4180} INFO - Setting next_dagrun for example_subdag_operator.section-2 to None, run_after=None
[2025-10-02T20:52:42.104+0000] {logging_mixin.py:190} INFO - [2025-10-02T20:52:42.104+0000] {dag.py:3239} INFO - Sync 2 DAGs
[2025-10-02T20:52:42.109+0000] {logging_mixin.py:190} INFO - [2025-10-02T20:52:42.109+0000] {dag.py:4180} INFO - Setting next_dagrun for example_subdag_operator.section-1 to None, run_after=None
[2025-10-02T20:52:42.110+0000] {logging_mixin.py:190} INFO - [2025-10-02T20:52:42.109+0000] {dag.py:4180} INFO - Setting next_dagrun for example_subdag_operator.section-2 to None, run_after=None
[2025-10-02T20:52:42.119+0000] {processor.py:208} INFO - Processing /home/airflow/.local/lib/python3.12/site-packages/airflow/example_dags/example_subdag_operator.py took 0.112 seconds
[2025-10-02T20:53:13.108+0000] {processor.py:186} INFO - Started process (PID=180) to work on /home/airflow/.local/lib/python3.12/site-packages/airflow/example_dags/example_subdag_operator.py
[2025-10-02T20:53:13.109+0000] {processor.py:914} INFO - Processing file /home/airflow/.local/lib/python3.12/site-packages/airflow/example_dags/example_subdag_operator.py for tasks to queue
[2025-10-02T20:53:13.112+0000] {logging_mixin.py:190} INFO - [2025-10-02T20:53:13.111+0000] {dagbag.py:588} INFO - Filling up the DagBag from /home/airflow/.local/lib/python3.12/site-packages/airflow/example_dags/example_subdag_operator.py
[2025-10-02T20:53:13.139+0000] {processor.py:925} INFO - DAG(s) 'example_subdag_operator.section-1', 'example_subdag_operator.section-2', 'example_subdag_operator' retrieved from /home/airflow/.local/lib/python3.12/site-packages/airflow/example_dags/example_subdag_operator.py
[2025-10-02T20:53:13.154+0000] {logging_mixin.py:190} INFO - [2025-10-02T20:53:13.154+0000] {dag.py:3239} INFO - Sync 3 DAGs
[2025-10-02T20:53:13.179+0000] {logging_mixin.py:190} INFO - [2025-10-02T20:53:13.179+0000] {dag.py:4180} INFO - Setting next_dagrun for example_subdag_operator to 2022-01-01 00:00:00+00:00, run_after=2022-01-01 00:00:00+00:00
[2025-10-02T20:53:13.184+0000] {logging_mixin.py:190} INFO - [2025-10-02T20:53:13.184+0000] {dag.py:4180} INFO - Setting next_dagrun for example_subdag_operator.section-1 to None, run_after=None
[2025-10-02T20:53:13.186+0000] {logging_mixin.py:190} INFO - [2025-10-02T20:53:13.186+0000] {dag.py:4180} INFO - Setting next_dagrun for example_subdag_operator.section-2 to None, run_after=None
[2025-10-02T20:53:13.194+0000] {logging_mixin.py:190} INFO - [2025-10-02T20:53:13.193+0000] {dag.py:3239} INFO - Sync 2 DAGs
[2025-10-02T20:53:13.199+0000] {logging_mixin.py:190} INFO - [2025-10-02T20:53:13.199+0000] {dag.py:4180} INFO - Setting next_dagrun for example_subdag_operator.section-1 to None, run_after=None
[2025-10-02T20:53:13.199+0000] {logging_mixin.py:190} INFO - [2025-10-02T20:53:13.199+0000] {dag.py:4180} INFO - Setting next_dagrun for example_subdag_operator.section-2 to None, run_after=None
[2025-10-02T20:53:13.212+0000] {processor.py:208} INFO - Processing /home/airflow/.local/lib/python3.12/site-packages/airflow/example_dags/example_subdag_operator.py took 0.111 seconds
[2025-10-02T20:53:43.283+0000] {processor.py:186} INFO - Started process (PID=242) to work on /home/airflow/.local/lib/python3.12/site-packages/airflow/example_dags/example_subdag_operator.py
[2025-10-02T20:53:43.284+0000] {processor.py:914} INFO - Processing file /home/airflow/.local/lib/python3.12/site-packages/airflow/example_dags/example_subdag_operator.py for tasks to queue
[2025-10-02T20:53:43.286+0000] {logging_mixin.py:190} INFO - [2025-10-02T20:53:43.286+0000] {dagbag.py:588} INFO - Filling up the DagBag from /home/airflow/.local/lib/python3.12/site-packages/airflow/example_dags/example_subdag_operator.py
[2025-10-02T20:53:43.312+0000] {processor.py:925} INFO - DAG(s) 'example_subdag_operator.section-1', 'example_subdag_operator.section-2', 'example_subdag_operator' retrieved from /home/airflow/.local/lib/python3.12/site-packages/airflow/example_dags/example_subdag_operator.py
[2025-10-02T20:53:43.326+0000] {logging_mixin.py:190} INFO - [2025-10-02T20:53:43.326+0000] {dag.py:3239} INFO - Sync 3 DAGs
[2025-10-02T20:53:43.349+0000] {logging_mixin.py:190} INFO - [2025-10-02T20:53:43.349+0000] {dag.py:4180} INFO - Setting next_dagrun for example_subdag_operator to 2022-01-01 00:00:00+00:00, run_after=2022-01-01 00:00:00+00:00
[2025-10-02T20:53:43.353+0000] {logging_mixin.py:190} INFO - [2025-10-02T20:53:43.353+0000] {dag.py:4180} INFO - Setting next_dagrun for example_subdag_operator.section-1 to None, run_after=None
[2025-10-02T20:53:43.356+0000] {logging_mixin.py:190} INFO - [2025-10-02T20:53:43.356+0000] {dag.py:4180} INFO - Setting next_dagrun for example_subdag_operator.section-2 to None, run_after=None
[2025-10-02T20:53:43.372+0000] {logging_mixin.py:190} INFO - [2025-10-02T20:53:43.372+0000] {dag.py:3239} INFO - Sync 2 DAGs
[2025-10-02T20:53:43.378+0000] {logging_mixin.py:190} INFO - [2025-10-02T20:53:43.378+0000] {dag.py:4180} INFO - Setting next_dagrun for example_subdag_operator.section-1 to None, run_after=None
[2025-10-02T20:53:43.379+0000] {logging_mixin.py:190} INFO - [2025-10-02T20:53:43.379+0000] {dag.py:4180} INFO - Setting next_dagrun for example_subdag_operator.section-2 to None, run_after=None
[2025-10-02T20:53:43.392+0000] {processor.py:208} INFO - Processing /home/airflow/.local/lib/python3.12/site-packages/airflow/example_dags/example_subdag_operator.py took 0.114 seconds
[2025-10-02T20:54:14.056+0000] {processor.py:186} INFO - Started process (PID=306) to work on /home/airflow/.local/lib/python3.12/site-packages/airflow/example_dags/example_subdag_operator.py
[2025-10-02T20:54:14.057+0000] {processor.py:914} INFO - Processing file /home/airflow/.local/lib/python3.12/site-packages/airflow/example_dags/example_subdag_operator.py for tasks to queue
[2025-10-02T20:54:14.060+0000] {logging_mixin.py:190} INFO - [2025-10-02T20:54:14.059+0000] {dagbag.py:588} INFO - Filling up the DagBag from /home/airflow/.local/lib/python3.12/site-packages/airflow/example_dags/example_subdag_operator.py
[2025-10-02T20:54:14.100+0000] {processor.py:925} INFO - DAG(s) 'example_subdag_operator.section-1', 'example_subdag_operator.section-2', 'example_subdag_operator' retrieved from /home/airflow/.local/lib/python3.12/site-packages/airflow/example_dags/example_subdag_operator.py
[2025-10-02T20:54:14.139+0000] {logging_mixin.py:190} INFO - [2025-10-02T20:54:14.139+0000] {dag.py:3239} INFO - Sync 3 DAGs
[2025-10-02T20:54:14.173+0000] {logging_mixin.py:190} INFO - [2025-10-02T20:54:14.173+0000] {dag.py:4180} INFO - Setting next_dagrun for example_subdag_operator to 2022-01-01 00:00:00+00:00, run_after=2022-01-01 00:00:00+00:00
[2025-10-02T20:54:14.177+0000] {logging_mixin.py:190} INFO - [2025-10-02T20:54:14.177+0000] {dag.py:4180} INFO - Setting next_dagrun for example_subdag_operator.section-1 to None, run_after=None
[2025-10-02T20:54:14.178+0000] {logging_mixin.py:190} INFO - [2025-10-02T20:54:14.178+0000] {dag.py:4180} INFO - Setting next_dagrun for example_subdag_operator.section-2 to None, run_after=None
[2025-10-02T20:54:14.185+0000] {logging_mixin.py:190} INFO - [2025-10-02T20:54:14.185+0000] {dag.py:3239} INFO - Sync 2 DAGs
[2025-10-02T20:54:14.191+0000] {logging_mixin.py:190} INFO - [2025-10-02T20:54:14.190+0000] {dag.py:4180} INFO - Setting next_dagrun for example_subdag_operator.section-1 to None, run_after=None
[2025-10-02T20:54:14.191+0000] {logging_mixin.py:190} INFO - [2025-10-02T20:54:14.191+0000] {dag.py:4180} INFO - Setting next_dagrun for example_subdag_operator.section-2 to None, run_after=None
[2025-10-02T20:54:14.201+0000] {processor.py:208} INFO - Processing /home/airflow/.local/lib/python3.12/site-packages/airflow/example_dags/example_subdag_operator.py took 0.152 seconds
[2025-10-02T20:54:45.116+0000] {processor.py:186} INFO - Started process (PID=369) to work on /home/airflow/.local/lib/python3.12/site-packages/airflow/example_dags/example_subdag_operator.py
[2025-10-02T20:54:45.117+0000] {processor.py:914} INFO - Processing file /home/airflow/.local/lib/python3.12/site-packages/airflow/example_dags/example_subdag_operator.py for tasks to queue
[2025-10-02T20:54:45.119+0000] {logging_mixin.py:190} INFO - [2025-10-02T20:54:45.119+0000] {dagbag.py:588} INFO - Filling up the DagBag from /home/airflow/.local/lib/python3.12/site-packages/airflow/example_dags/example_subdag_operator.py
[2025-10-02T20:54:45.145+0000] {processor.py:925} INFO - DAG(s) 'example_subdag_operator.section-1', 'example_subdag_operator.section-2', 'example_subdag_operator' retrieved from /home/airflow/.local/lib/python3.12/site-packages/airflow/example_dags/example_subdag_operator.py
[2025-10-02T20:54:45.159+0000] {logging_mixin.py:190} INFO - [2025-10-02T20:54:45.159+0000] {dag.py:3239} INFO - Sync 3 DAGs
[2025-10-02T20:54:45.182+0000] {logging_mixin.py:190} INFO - [2025-10-02T20:54:45.182+0000] {dag.py:4180} INFO - Setting next_dagrun for example_subdag_operator to 2022-01-01 00:00:00+00:00, run_after=2022-01-01 00:00:00+00:00
[2025-10-02T20:54:45.186+0000] {logging_mixin.py:190} INFO - [2025-10-02T20:54:45.186+0000] {dag.py:4180} INFO - Setting next_dagrun for example_subdag_operator.section-1 to None, run_after=None
[2025-10-02T20:54:45.187+0000] {logging_mixin.py:190} INFO - [2025-10-02T20:54:45.187+0000] {dag.py:4180} INFO - Setting next_dagrun for example_subdag_operator.section-2 to None, run_after=None
[2025-10-02T20:54:45.193+0000] {logging_mixin.py:190} INFO - [2025-10-02T20:54:45.193+0000] {dag.py:3239} INFO - Sync 2 DAGs
[2025-10-02T20:54:45.198+0000] {logging_mixin.py:190} INFO - [2025-10-02T20:54:45.198+0000] {dag.py:4180} INFO - Setting next_dagrun for example_subdag_operator.section-1 to None, run_after=None
[2025-10-02T20:54:45.199+0000] {logging_mixin.py:190} INFO - [2025-10-02T20:54:45.199+0000] {dag.py:4180} INFO - Setting next_dagrun for example_subdag_operator.section-2 to None, run_after=None
[2025-10-02T20:54:45.216+0000] {processor.py:208} INFO - Processing /home/airflow/.local/lib/python3.12/site-packages/airflow/example_dags/example_subdag_operator.py took 0.105 seconds
[2025-10-02T20:55:15.364+0000] {processor.py:186} INFO - Started process (PID=431) to work on /home/airflow/.local/lib/python3.12/site-packages/airflow/example_dags/example_subdag_operator.py
[2025-10-02T20:55:15.365+0000] {processor.py:914} INFO - Processing file /home/airflow/.local/lib/python3.12/site-packages/airflow/example_dags/example_subdag_operator.py for tasks to queue
[2025-10-02T20:55:15.368+0000] {logging_mixin.py:190} INFO - [2025-10-02T20:55:15.367+0000] {dagbag.py:588} INFO - Filling up the DagBag from /home/airflow/.local/lib/python3.12/site-packages/airflow/example_dags/example_subdag_operator.py
[2025-10-02T20:55:15.394+0000] {processor.py:925} INFO - DAG(s) 'example_subdag_operator.section-1', 'example_subdag_operator.section-2', 'example_subdag_operator' retrieved from /home/airflow/.local/lib/python3.12/site-packages/airflow/example_dags/example_subdag_operator.py
[2025-10-02T20:55:15.407+0000] {logging_mixin.py:190} INFO - [2025-10-02T20:55:15.406+0000] {dag.py:3239} INFO - Sync 3 DAGs
[2025-10-02T20:55:15.427+0000] {logging_mixin.py:190} INFO - [2025-10-02T20:55:15.427+0000] {dag.py:4180} INFO - Setting next_dagrun for example_subdag_operator to 2022-01-01 00:00:00+00:00, run_after=2022-01-01 00:00:00+00:00
[2025-10-02T20:55:15.430+0000] {logging_mixin.py:190} INFO - [2025-10-02T20:55:15.430+0000] {dag.py:4180} INFO - Setting next_dagrun for example_subdag_operator.section-1 to None, run_after=None
[2025-10-02T20:55:15.431+0000] {logging_mixin.py:190} INFO - [2025-10-02T20:55:15.431+0000] {dag.py:4180} INFO - Setting next_dagrun for example_subdag_operator.section-2 to None, run_after=None
[2025-10-02T20:55:15.438+0000] {logging_mixin.py:190} INFO - [2025-10-02T20:55:15.438+0000] {dag.py:3239} INFO - Sync 2 DAGs
[2025-10-02T20:55:15.443+0000] {logging_mixin.py:190} INFO - [2025-10-02T20:55:15.442+0000] {dag.py:4180} INFO - Setting next_dagrun for example_subdag_operator.section-1 to None, run_after=None
[2025-10-02T20:55:15.443+0000] {logging_mixin.py:190} INFO - [2025-10-02T20:55:15.443+0000] {dag.py:4180} INFO - Setting next_dagrun for example_subdag_operator.section-2 to None, run_after=None
[2025-10-02T20:55:15.452+0000] {processor.py:208} INFO - Processing /home/airflow/.local/lib/python3.12/site-packages/airflow/example_dags/example_subdag_operator.py took 0.094 seconds
[2025-10-02T20:55:46.155+0000] {processor.py:186} INFO - Started process (PID=496) to work on /home/airflow/.local/lib/python3.12/site-packages/airflow/example_dags/example_subdag_operator.py
[2025-10-02T20:55:46.156+0000] {processor.py:914} INFO - Processing file /home/airflow/.local/lib/python3.12/site-packages/airflow/example_dags/example_subdag_operator.py for tasks to queue
[2025-10-02T20:55:46.159+0000] {logging_mixin.py:190} INFO - [2025-10-02T20:55:46.159+0000] {dagbag.py:588} INFO - Filling up the DagBag from /home/airflow/.local/lib/python3.12/site-packages/airflow/example_dags/example_subdag_operator.py
[2025-10-02T20:55:46.187+0000] {processor.py:925} INFO - DAG(s) 'example_subdag_operator.section-1', 'example_subdag_operator.section-2', 'example_subdag_operator' retrieved from /home/airflow/.local/lib/python3.12/site-packages/airflow/example_dags/example_subdag_operator.py
[2025-10-02T20:55:46.203+0000] {logging_mixin.py:190} INFO - [2025-10-02T20:55:46.203+0000] {dag.py:3239} INFO - Sync 3 DAGs
[2025-10-02T20:55:46.229+0000] {logging_mixin.py:190} INFO - [2025-10-02T20:55:46.229+0000] {dag.py:4180} INFO - Setting next_dagrun for example_subdag_operator to 2022-01-01 00:00:00+00:00, run_after=2022-01-01 00:00:00+00:00
[2025-10-02T20:55:46.234+0000] {logging_mixin.py:190} INFO - [2025-10-02T20:55:46.234+0000] {dag.py:4180} INFO - Setting next_dagrun for example_subdag_operator.section-1 to None, run_after=None
[2025-10-02T20:55:46.235+0000] {logging_mixin.py:190} INFO - [2025-10-02T20:55:46.235+0000] {dag.py:4180} INFO - Setting next_dagrun for example_subdag_operator.section-2 to None, run_after=None
[2025-10-02T20:55:46.243+0000] {logging_mixin.py:190} INFO - [2025-10-02T20:55:46.243+0000] {dag.py:3239} INFO - Sync 2 DAGs
[2025-10-02T20:55:46.250+0000] {logging_mixin.py:190} INFO - [2025-10-02T20:55:46.250+0000] {dag.py:4180} INFO - Setting next_dagrun for example_subdag_operator.section-1 to None, run_after=None
[2025-10-02T20:55:46.251+0000] {logging_mixin.py:190} INFO - [2025-10-02T20:55:46.251+0000] {dag.py:4180} INFO - Setting next_dagrun for example_subdag_operator.section-2 to None, run_after=None
[2025-10-02T20:55:46.270+0000] {processor.py:208} INFO - Processing /home/airflow/.local/lib/python3.12/site-packages/airflow/example_dags/example_subdag_operator.py took 0.121 seconds
[2025-10-02T20:56:16.738+0000] {processor.py:186} INFO - Started process (PID=559) to work on /home/airflow/.local/lib/python3.12/site-packages/airflow/example_dags/example_subdag_operator.py
[2025-10-02T20:56:16.738+0000] {processor.py:914} INFO - Processing file /home/airflow/.local/lib/python3.12/site-packages/airflow/example_dags/example_subdag_operator.py for tasks to queue
[2025-10-02T20:56:16.741+0000] {logging_mixin.py:190} INFO - [2025-10-02T20:56:16.740+0000] {dagbag.py:588} INFO - Filling up the DagBag from /home/airflow/.local/lib/python3.12/site-packages/airflow/example_dags/example_subdag_operator.py
[2025-10-02T20:56:16.766+0000] {processor.py:925} INFO - DAG(s) 'example_subdag_operator.section-1', 'example_subdag_operator.section-2', 'example_subdag_operator' retrieved from /home/airflow/.local/lib/python3.12/site-packages/airflow/example_dags/example_subdag_operator.py
[2025-10-02T20:56:16.781+0000] {logging_mixin.py:190} INFO - [2025-10-02T20:56:16.781+0000] {dag.py:3239} INFO - Sync 3 DAGs
[2025-10-02T20:56:16.806+0000] {logging_mixin.py:190} INFO - [2025-10-02T20:56:16.805+0000] {dag.py:4180} INFO - Setting next_dagrun for example_subdag_operator to 2022-01-01 00:00:00+00:00, run_after=2022-01-01 00:00:00+00:00
[2025-10-02T20:56:16.809+0000] {logging_mixin.py:190} INFO - [2025-10-02T20:56:16.809+0000] {dag.py:4180} INFO - Setting next_dagrun for example_subdag_operator.section-1 to None, run_after=None
[2025-10-02T20:56:16.811+0000] {logging_mixin.py:190} INFO - [2025-10-02T20:56:16.810+0000] {dag.py:4180} INFO - Setting next_dagrun for example_subdag_operator.section-2 to None, run_after=None
[2025-10-02T20:56:16.818+0000] {logging_mixin.py:190} INFO - [2025-10-02T20:56:16.818+0000] {dag.py:3239} INFO - Sync 2 DAGs
[2025-10-02T20:56:16.824+0000] {logging_mixin.py:190} INFO - [2025-10-02T20:56:16.823+0000] {dag.py:4180} INFO - Setting next_dagrun for example_subdag_operator.section-1 to None, run_after=None
[2025-10-02T20:56:16.824+0000] {logging_mixin.py:190} INFO - [2025-10-02T20:56:16.824+0000] {dag.py:4180} INFO - Setting next_dagrun for example_subdag_operator.section-2 to None, run_after=None
[2025-10-02T20:56:16.837+0000] {processor.py:208} INFO - Processing /home/airflow/.local/lib/python3.12/site-packages/airflow/example_dags/example_subdag_operator.py took 0.105 seconds
[2025-10-02T20:56:47.747+0000] {processor.py:186} INFO - Started process (PID=621) to work on /home/airflow/.local/lib/python3.12/site-packages/airflow/example_dags/example_subdag_operator.py
[2025-10-02T20:56:47.748+0000] {processor.py:914} INFO - Processing file /home/airflow/.local/lib/python3.12/site-packages/airflow/example_dags/example_subdag_operator.py for tasks to queue
[2025-10-02T20:56:47.753+0000] {logging_mixin.py:190} INFO - [2025-10-02T20:56:47.753+0000] {dagbag.py:588} INFO - Filling up the DagBag from /home/airflow/.local/lib/python3.12/site-packages/airflow/example_dags/example_subdag_operator.py
[2025-10-02T20:56:47.780+0000] {processor.py:925} INFO - DAG(s) 'example_subdag_operator.section-1', 'example_subdag_operator.section-2', 'example_subdag_operator' retrieved from /home/airflow/.local/lib/python3.12/site-packages/airflow/example_dags/example_subdag_operator.py
[2025-10-02T20:56:47.794+0000] {logging_mixin.py:190} INFO - [2025-10-02T20:56:47.794+0000] {dag.py:3239} INFO - Sync 3 DAGs
[2025-10-02T20:56:47.817+0000] {logging_mixin.py:190} INFO - [2025-10-02T20:56:47.817+0000] {dag.py:4180} INFO - Setting next_dagrun for example_subdag_operator to 2022-01-01 00:00:00+00:00, run_after=2022-01-01 00:00:00+00:00
[2025-10-02T20:56:47.821+0000] {logging_mixin.py:190} INFO - [2025-10-02T20:56:47.821+0000] {dag.py:4180} INFO - Setting next_dagrun for example_subdag_operator.section-1 to None, run_after=None
[2025-10-02T20:56:47.823+0000] {logging_mixin.py:190} INFO - [2025-10-02T20:56:47.823+0000] {dag.py:4180} INFO - Setting next_dagrun for example_subdag_operator.section-2 to None, run_after=None
[2025-10-02T20:56:47.830+0000] {logging_mixin.py:190} INFO - [2025-10-02T20:56:47.830+0000] {dag.py:3239} INFO - Sync 2 DAGs
[2025-10-02T20:56:47.835+0000] {logging_mixin.py:190} INFO - [2025-10-02T20:56:47.835+0000] {dag.py:4180} INFO - Setting next_dagrun for example_subdag_operator.section-1 to None, run_after=None
[2025-10-02T20:56:47.835+0000] {logging_mixin.py:190} INFO - [2025-10-02T20:56:47.835+0000] {dag.py:4180} INFO - Setting next_dagrun for example_subdag_operator.section-2 to None, run_after=None
[2025-10-02T20:56:47.844+0000] {processor.py:208} INFO - Processing /home/airflow/.local/lib/python3.12/site-packages/airflow/example_dags/example_subdag_operator.py took 0.103 seconds
[2025-10-02T20:57:18.162+0000] {processor.py:186} INFO - Started process (PID=684) to work on /home/airflow/.local/lib/python3.12/site-packages/airflow/example_dags/example_subdag_operator.py
[2025-10-02T20:57:18.163+0000] {processor.py:914} INFO - Processing file /home/airflow/.local/lib/python3.12/site-packages/airflow/example_dags/example_subdag_operator.py for tasks to queue
[2025-10-02T20:57:18.166+0000] {logging_mixin.py:190} INFO - [2025-10-02T20:57:18.166+0000] {dagbag.py:588} INFO - Filling up the DagBag from /home/airflow/.local/lib/python3.12/site-packages/airflow/example_dags/example_subdag_operator.py
[2025-10-02T20:57:18.198+0000] {processor.py:925} INFO - DAG(s) 'example_subdag_operator.section-1', 'example_subdag_operator.section-2', 'example_subdag_operator' retrieved from /home/airflow/.local/lib/python3.12/site-packages/airflow/example_dags/example_subdag_operator.py
[2025-10-02T20:57:18.225+0000] {logging_mixin.py:190} INFO - [2025-10-02T20:57:18.224+0000] {dag.py:3239} INFO - Sync 3 DAGs
[2025-10-02T20:57:18.257+0000] {logging_mixin.py:190} INFO - [2025-10-02T20:57:18.257+0000] {dag.py:4180} INFO - Setting next_dagrun for example_subdag_operator to 2022-01-01 00:00:00+00:00, run_after=2022-01-01 00:00:00+00:00
[2025-10-02T20:57:18.262+0000] {logging_mixin.py:190} INFO - [2025-10-02T20:57:18.262+0000] {dag.py:4180} INFO - Setting next_dagrun for example_subdag_operator.section-1 to None, run_after=None
[2025-10-02T20:57:18.264+0000] {logging_mixin.py:190} INFO - [2025-10-02T20:57:18.264+0000] {dag.py:4180} INFO - Setting next_dagrun for example_subdag_operator.section-2 to None, run_after=None
[2025-10-02T20:57:18.273+0000] {logging_mixin.py:190} INFO - [2025-10-02T20:57:18.272+0000] {dag.py:3239} INFO - Sync 2 DAGs
[2025-10-02T20:57:18.279+0000] {logging_mixin.py:190} INFO - [2025-10-02T20:57:18.279+0000] {dag.py:4180} INFO - Setting next_dagrun for example_subdag_operator.section-1 to None, run_after=None
[2025-10-02T20:57:18.280+0000] {logging_mixin.py:190} INFO - [2025-10-02T20:57:18.280+0000] {dag.py:4180} INFO - Setting next_dagrun for example_subdag_operator.section-2 to None, run_after=None
[2025-10-02T20:57:18.291+0000] {processor.py:208} INFO - Processing /home/airflow/.local/lib/python3.12/site-packages/airflow/example_dags/example_subdag_operator.py took 0.136 seconds
[2025-10-02T20:57:48.693+0000] {processor.py:186} INFO - Started process (PID=747) to work on /home/airflow/.local/lib/python3.12/site-packages/airflow/example_dags/example_subdag_operator.py
[2025-10-02T20:57:48.694+0000] {processor.py:914} INFO - Processing file /home/airflow/.local/lib/python3.12/site-packages/airflow/example_dags/example_subdag_operator.py for tasks to queue
[2025-10-02T20:57:48.697+0000] {logging_mixin.py:190} INFO - [2025-10-02T20:57:48.697+0000] {dagbag.py:588} INFO - Filling up the DagBag from /home/airflow/.local/lib/python3.12/site-packages/airflow/example_dags/example_subdag_operator.py
[2025-10-02T20:57:48.726+0000] {processor.py:925} INFO - DAG(s) 'example_subdag_operator.section-1', 'example_subdag_operator.section-2', 'example_subdag_operator' retrieved from /home/airflow/.local/lib/python3.12/site-packages/airflow/example_dags/example_subdag_operator.py
[2025-10-02T20:57:48.740+0000] {logging_mixin.py:190} INFO - [2025-10-02T20:57:48.740+0000] {dag.py:3239} INFO - Sync 3 DAGs
[2025-10-02T20:57:48.762+0000] {logging_mixin.py:190} INFO - [2025-10-02T20:57:48.762+0000] {dag.py:4180} INFO - Setting next_dagrun for example_subdag_operator to 2022-01-01 00:00:00+00:00, run_after=2022-01-01 00:00:00+00:00
[2025-10-02T20:57:48.766+0000] {logging_mixin.py:190} INFO - [2025-10-02T20:57:48.766+0000] {dag.py:4180} INFO - Setting next_dagrun for example_subdag_operator.section-1 to None, run_after=None
[2025-10-02T20:57:48.767+0000] {logging_mixin.py:190} INFO - [2025-10-02T20:57:48.767+0000] {dag.py:4180} INFO - Setting next_dagrun for example_subdag_operator.section-2 to None, run_after=None
[2025-10-02T20:57:48.774+0000] {logging_mixin.py:190} INFO - [2025-10-02T20:57:48.774+0000] {dag.py:3239} INFO - Sync 2 DAGs
[2025-10-02T20:57:48.779+0000] {logging_mixin.py:190} INFO - [2025-10-02T20:57:48.778+0000] {dag.py:4180} INFO - Setting next_dagrun for example_subdag_operator.section-1 to None, run_after=None
[2025-10-02T20:57:48.783+0000] {logging_mixin.py:190} INFO - [2025-10-02T20:57:48.783+0000] {dag.py:4180} INFO - Setting next_dagrun for example_subdag_operator.section-2 to None, run_after=None
[2025-10-02T20:57:48.792+0000] {processor.py:208} INFO - Processing /home/airflow/.local/lib/python3.12/site-packages/airflow/example_dags/example_subdag_operator.py took 0.107 seconds
[2025-10-02T21:01:03.055+0000] {processor.py:186} INFO - Started process (PID=56) to work on /home/airflow/.local/lib/python3.12/site-packages/airflow/example_dags/example_subdag_operator.py
[2025-10-02T21:01:03.057+0000] {processor.py:914} INFO - Processing file /home/airflow/.local/lib/python3.12/site-packages/airflow/example_dags/example_subdag_operator.py for tasks to queue
[2025-10-02T21:01:03.072+0000] {logging_mixin.py:190} INFO - [2025-10-02T21:01:03.072+0000] {dagbag.py:588} INFO - Filling up the DagBag from /home/airflow/.local/lib/python3.12/site-packages/airflow/example_dags/example_subdag_operator.py
[2025-10-02T21:01:03.215+0000] {processor.py:925} INFO - DAG(s) 'example_subdag_operator.section-1', 'example_subdag_operator.section-2', 'example_subdag_operator' retrieved from /home/airflow/.local/lib/python3.12/site-packages/airflow/example_dags/example_subdag_operator.py
[2025-10-02T21:01:03.505+0000] {logging_mixin.py:190} INFO - [2025-10-02T21:01:03.504+0000] {dag.py:3239} INFO - Sync 3 DAGs
[2025-10-02T21:01:03.953+0000] {logging_mixin.py:190} INFO - [2025-10-02T21:01:03.952+0000] {dag.py:4180} INFO - Setting next_dagrun for example_subdag_operator to 2022-01-01 00:00:00+00:00, run_after=2022-01-01 00:00:00+00:00
[2025-10-02T21:01:03.985+0000] {logging_mixin.py:190} INFO - [2025-10-02T21:01:03.984+0000] {dag.py:4180} INFO - Setting next_dagrun for example_subdag_operator.section-1 to None, run_after=None
[2025-10-02T21:01:04.005+0000] {logging_mixin.py:190} INFO - [2025-10-02T21:01:04.002+0000] {dag.py:4180} INFO - Setting next_dagrun for example_subdag_operator.section-2 to None, run_after=None
[2025-10-02T21:01:04.086+0000] {logging_mixin.py:190} INFO - [2025-10-02T21:01:04.085+0000] {dag.py:3239} INFO - Sync 2 DAGs
[2025-10-02T21:01:04.118+0000] {logging_mixin.py:190} INFO - [2025-10-02T21:01:04.118+0000] {dag.py:4180} INFO - Setting next_dagrun for example_subdag_operator.section-1 to None, run_after=None
[2025-10-02T21:01:04.122+0000] {logging_mixin.py:190} INFO - [2025-10-02T21:01:04.121+0000] {dag.py:4180} INFO - Setting next_dagrun for example_subdag_operator.section-2 to None, run_after=None
[2025-10-02T21:01:04.152+0000] {processor.py:208} INFO - Processing /home/airflow/.local/lib/python3.12/site-packages/airflow/example_dags/example_subdag_operator.py took 1.109 seconds
[2025-10-02T21:01:34.422+0000] {processor.py:186} INFO - Started process (PID=119) to work on /home/airflow/.local/lib/python3.12/site-packages/airflow/example_dags/example_subdag_operator.py
[2025-10-02T21:01:34.423+0000] {processor.py:914} INFO - Processing file /home/airflow/.local/lib/python3.12/site-packages/airflow/example_dags/example_subdag_operator.py for tasks to queue
[2025-10-02T21:01:34.427+0000] {logging_mixin.py:190} INFO - [2025-10-02T21:01:34.426+0000] {dagbag.py:588} INFO - Filling up the DagBag from /home/airflow/.local/lib/python3.12/site-packages/airflow/example_dags/example_subdag_operator.py
[2025-10-02T21:01:34.462+0000] {processor.py:925} INFO - DAG(s) 'example_subdag_operator.section-1', 'example_subdag_operator.section-2', 'example_subdag_operator' retrieved from /home/airflow/.local/lib/python3.12/site-packages/airflow/example_dags/example_subdag_operator.py
[2025-10-02T21:01:34.479+0000] {logging_mixin.py:190} INFO - [2025-10-02T21:01:34.479+0000] {dag.py:3239} INFO - Sync 3 DAGs
[2025-10-02T21:01:34.505+0000] {logging_mixin.py:190} INFO - [2025-10-02T21:01:34.505+0000] {dag.py:4180} INFO - Setting next_dagrun for example_subdag_operator to 2022-01-01 00:00:00+00:00, run_after=2022-01-01 00:00:00+00:00
[2025-10-02T21:01:34.512+0000] {logging_mixin.py:190} INFO - [2025-10-02T21:01:34.512+0000] {dag.py:4180} INFO - Setting next_dagrun for example_subdag_operator.section-1 to None, run_after=None
[2025-10-02T21:01:34.513+0000] {logging_mixin.py:190} INFO - [2025-10-02T21:01:34.513+0000] {dag.py:4180} INFO - Setting next_dagrun for example_subdag_operator.section-2 to None, run_after=None
[2025-10-02T21:01:34.523+0000] {logging_mixin.py:190} INFO - [2025-10-02T21:01:34.523+0000] {dag.py:3239} INFO - Sync 2 DAGs
[2025-10-02T21:01:34.529+0000] {logging_mixin.py:190} INFO - [2025-10-02T21:01:34.529+0000] {dag.py:4180} INFO - Setting next_dagrun for example_subdag_operator.section-1 to None, run_after=None
[2025-10-02T21:01:34.530+0000] {logging_mixin.py:190} INFO - [2025-10-02T21:01:34.530+0000] {dag.py:4180} INFO - Setting next_dagrun for example_subdag_operator.section-2 to None, run_after=None
[2025-10-02T21:01:34.542+0000] {processor.py:208} INFO - Processing /home/airflow/.local/lib/python3.12/site-packages/airflow/example_dags/example_subdag_operator.py took 0.130 seconds
[2025-10-02T21:02:04.663+0000] {processor.py:186} INFO - Started process (PID=182) to work on /home/airflow/.local/lib/python3.12/site-packages/airflow/example_dags/example_subdag_operator.py
[2025-10-02T21:02:04.664+0000] {processor.py:914} INFO - Processing file /home/airflow/.local/lib/python3.12/site-packages/airflow/example_dags/example_subdag_operator.py for tasks to queue
[2025-10-02T21:02:04.666+0000] {logging_mixin.py:190} INFO - [2025-10-02T21:02:04.666+0000] {dagbag.py:588} INFO - Filling up the DagBag from /home/airflow/.local/lib/python3.12/site-packages/airflow/example_dags/example_subdag_operator.py
[2025-10-02T21:02:04.694+0000] {processor.py:925} INFO - DAG(s) 'example_subdag_operator.section-1', 'example_subdag_operator.section-2', 'example_subdag_operator' retrieved from /home/airflow/.local/lib/python3.12/site-packages/airflow/example_dags/example_subdag_operator.py
[2025-10-02T21:02:04.708+0000] {logging_mixin.py:190} INFO - [2025-10-02T21:02:04.708+0000] {dag.py:3239} INFO - Sync 3 DAGs
[2025-10-02T21:02:04.731+0000] {logging_mixin.py:190} INFO - [2025-10-02T21:02:04.731+0000] {dag.py:4180} INFO - Setting next_dagrun for example_subdag_operator to 2022-01-01 00:00:00+00:00, run_after=2022-01-01 00:00:00+00:00
[2025-10-02T21:02:04.736+0000] {logging_mixin.py:190} INFO - [2025-10-02T21:02:04.735+0000] {dag.py:4180} INFO - Setting next_dagrun for example_subdag_operator.section-1 to None, run_after=None
[2025-10-02T21:02:04.737+0000] {logging_mixin.py:190} INFO - [2025-10-02T21:02:04.737+0000] {dag.py:4180} INFO - Setting next_dagrun for example_subdag_operator.section-2 to None, run_after=None
[2025-10-02T21:02:04.743+0000] {logging_mixin.py:190} INFO - [2025-10-02T21:02:04.743+0000] {dag.py:3239} INFO - Sync 2 DAGs
[2025-10-02T21:02:04.748+0000] {logging_mixin.py:190} INFO - [2025-10-02T21:02:04.748+0000] {dag.py:4180} INFO - Setting next_dagrun for example_subdag_operator.section-1 to None, run_after=None
[2025-10-02T21:02:04.748+0000] {logging_mixin.py:190} INFO - [2025-10-02T21:02:04.748+0000] {dag.py:4180} INFO - Setting next_dagrun for example_subdag_operator.section-2 to None, run_after=None
[2025-10-02T21:02:04.758+0000] {processor.py:208} INFO - Processing /home/airflow/.local/lib/python3.12/site-packages/airflow/example_dags/example_subdag_operator.py took 0.102 seconds
[2025-10-02T21:02:35.158+0000] {processor.py:186} INFO - Started process (PID=246) to work on /home/airflow/.local/lib/python3.12/site-packages/airflow/example_dags/example_subdag_operator.py
[2025-10-02T21:02:35.159+0000] {processor.py:914} INFO - Processing file /home/airflow/.local/lib/python3.12/site-packages/airflow/example_dags/example_subdag_operator.py for tasks to queue
[2025-10-02T21:02:35.162+0000] {logging_mixin.py:190} INFO - [2025-10-02T21:02:35.162+0000] {dagbag.py:588} INFO - Filling up the DagBag from /home/airflow/.local/lib/python3.12/site-packages/airflow/example_dags/example_subdag_operator.py
[2025-10-02T21:02:35.188+0000] {processor.py:925} INFO - DAG(s) 'example_subdag_operator.section-1', 'example_subdag_operator.section-2', 'example_subdag_operator' retrieved from /home/airflow/.local/lib/python3.12/site-packages/airflow/example_dags/example_subdag_operator.py
[2025-10-02T21:02:35.203+0000] {logging_mixin.py:190} INFO - [2025-10-02T21:02:35.202+0000] {dag.py:3239} INFO - Sync 3 DAGs
[2025-10-02T21:02:35.224+0000] {logging_mixin.py:190} INFO - [2025-10-02T21:02:35.224+0000] {dag.py:4180} INFO - Setting next_dagrun for example_subdag_operator to 2022-01-01 00:00:00+00:00, run_after=2022-01-01 00:00:00+00:00
[2025-10-02T21:02:35.227+0000] {logging_mixin.py:190} INFO - [2025-10-02T21:02:35.227+0000] {dag.py:4180} INFO - Setting next_dagrun for example_subdag_operator.section-1 to None, run_after=None
[2025-10-02T21:02:35.229+0000] {logging_mixin.py:190} INFO - [2025-10-02T21:02:35.228+0000] {dag.py:4180} INFO - Setting next_dagrun for example_subdag_operator.section-2 to None, run_after=None
[2025-10-02T21:02:35.235+0000] {logging_mixin.py:190} INFO - [2025-10-02T21:02:35.235+0000] {dag.py:3239} INFO - Sync 2 DAGs
[2025-10-02T21:02:35.239+0000] {logging_mixin.py:190} INFO - [2025-10-02T21:02:35.239+0000] {dag.py:4180} INFO - Setting next_dagrun for example_subdag_operator.section-1 to None, run_after=None
[2025-10-02T21:02:35.240+0000] {logging_mixin.py:190} INFO - [2025-10-02T21:02:35.239+0000] {dag.py:4180} INFO - Setting next_dagrun for example_subdag_operator.section-2 to None, run_after=None
[2025-10-02T21:02:35.249+0000] {processor.py:208} INFO - Processing /home/airflow/.local/lib/python3.12/site-packages/airflow/example_dags/example_subdag_operator.py took 0.097 seconds
[2025-10-02T21:03:05.960+0000] {processor.py:186} INFO - Started process (PID=309) to work on /home/airflow/.local/lib/python3.12/site-packages/airflow/example_dags/example_subdag_operator.py
[2025-10-02T21:03:05.961+0000] {processor.py:914} INFO - Processing file /home/airflow/.local/lib/python3.12/site-packages/airflow/example_dags/example_subdag_operator.py for tasks to queue
[2025-10-02T21:03:05.963+0000] {logging_mixin.py:190} INFO - [2025-10-02T21:03:05.963+0000] {dagbag.py:588} INFO - Filling up the DagBag from /home/airflow/.local/lib/python3.12/site-packages/airflow/example_dags/example_subdag_operator.py
[2025-10-02T21:03:05.991+0000] {processor.py:925} INFO - DAG(s) 'example_subdag_operator.section-1', 'example_subdag_operator.section-2', 'example_subdag_operator' retrieved from /home/airflow/.local/lib/python3.12/site-packages/airflow/example_dags/example_subdag_operator.py
[2025-10-02T21:03:06.006+0000] {logging_mixin.py:190} INFO - [2025-10-02T21:03:06.006+0000] {dag.py:3239} INFO - Sync 3 DAGs
[2025-10-02T21:03:06.032+0000] {logging_mixin.py:190} INFO - [2025-10-02T21:03:06.032+0000] {dag.py:4180} INFO - Setting next_dagrun for example_subdag_operator to 2022-01-01 00:00:00+00:00, run_after=2022-01-01 00:00:00+00:00
[2025-10-02T21:03:06.036+0000] {logging_mixin.py:190} INFO - [2025-10-02T21:03:06.036+0000] {dag.py:4180} INFO - Setting next_dagrun for example_subdag_operator.section-1 to None, run_after=None
[2025-10-02T21:03:06.038+0000] {logging_mixin.py:190} INFO - [2025-10-02T21:03:06.038+0000] {dag.py:4180} INFO - Setting next_dagrun for example_subdag_operator.section-2 to None, run_after=None
[2025-10-02T21:03:06.045+0000] {logging_mixin.py:190} INFO - [2025-10-02T21:03:06.045+0000] {dag.py:3239} INFO - Sync 2 DAGs
[2025-10-02T21:03:06.051+0000] {logging_mixin.py:190} INFO - [2025-10-02T21:03:06.050+0000] {dag.py:4180} INFO - Setting next_dagrun for example_subdag_operator.section-1 to None, run_after=None
[2025-10-02T21:03:06.051+0000] {logging_mixin.py:190} INFO - [2025-10-02T21:03:06.051+0000] {dag.py:4180} INFO - Setting next_dagrun for example_subdag_operator.section-2 to None, run_after=None
[2025-10-02T21:03:06.061+0000] {processor.py:208} INFO - Processing /home/airflow/.local/lib/python3.12/site-packages/airflow/example_dags/example_subdag_operator.py took 0.108 seconds
[2025-10-02T21:03:36.111+0000] {processor.py:186} INFO - Started process (PID=371) to work on /home/airflow/.local/lib/python3.12/site-packages/airflow/example_dags/example_subdag_operator.py
[2025-10-02T21:03:36.112+0000] {processor.py:914} INFO - Processing file /home/airflow/.local/lib/python3.12/site-packages/airflow/example_dags/example_subdag_operator.py for tasks to queue
[2025-10-02T21:03:36.115+0000] {logging_mixin.py:190} INFO - [2025-10-02T21:03:36.114+0000] {dagbag.py:588} INFO - Filling up the DagBag from /home/airflow/.local/lib/python3.12/site-packages/airflow/example_dags/example_subdag_operator.py
[2025-10-02T21:03:36.140+0000] {processor.py:925} INFO - DAG(s) 'example_subdag_operator.section-1', 'example_subdag_operator.section-2', 'example_subdag_operator' retrieved from /home/airflow/.local/lib/python3.12/site-packages/airflow/example_dags/example_subdag_operator.py
[2025-10-02T21:03:36.153+0000] {logging_mixin.py:190} INFO - [2025-10-02T21:03:36.153+0000] {dag.py:3239} INFO - Sync 3 DAGs
[2025-10-02T21:03:36.176+0000] {logging_mixin.py:190} INFO - [2025-10-02T21:03:36.176+0000] {dag.py:4180} INFO - Setting next_dagrun for example_subdag_operator to 2022-01-01 00:00:00+00:00, run_after=2022-01-01 00:00:00+00:00
[2025-10-02T21:03:36.179+0000] {logging_mixin.py:190} INFO - [2025-10-02T21:03:36.179+0000] {dag.py:4180} INFO - Setting next_dagrun for example_subdag_operator.section-1 to None, run_after=None
[2025-10-02T21:03:36.180+0000] {logging_mixin.py:190} INFO - [2025-10-02T21:03:36.180+0000] {dag.py:4180} INFO - Setting next_dagrun for example_subdag_operator.section-2 to None, run_after=None
[2025-10-02T21:03:36.187+0000] {logging_mixin.py:190} INFO - [2025-10-02T21:03:36.187+0000] {dag.py:3239} INFO - Sync 2 DAGs
[2025-10-02T21:03:36.191+0000] {logging_mixin.py:190} INFO - [2025-10-02T21:03:36.191+0000] {dag.py:4180} INFO - Setting next_dagrun for example_subdag_operator.section-1 to None, run_after=None
[2025-10-02T21:03:36.192+0000] {logging_mixin.py:190} INFO - [2025-10-02T21:03:36.192+0000] {dag.py:4180} INFO - Setting next_dagrun for example_subdag_operator.section-2 to None, run_after=None
[2025-10-02T21:03:36.200+0000] {processor.py:208} INFO - Processing /home/airflow/.local/lib/python3.12/site-packages/airflow/example_dags/example_subdag_operator.py took 0.095 seconds
[2025-10-02T21:04:06.684+0000] {processor.py:186} INFO - Started process (PID=434) to work on /home/airflow/.local/lib/python3.12/site-packages/airflow/example_dags/example_subdag_operator.py
[2025-10-02T21:04:06.685+0000] {processor.py:914} INFO - Processing file /home/airflow/.local/lib/python3.12/site-packages/airflow/example_dags/example_subdag_operator.py for tasks to queue
[2025-10-02T21:04:06.688+0000] {logging_mixin.py:190} INFO - [2025-10-02T21:04:06.688+0000] {dagbag.py:588} INFO - Filling up the DagBag from /home/airflow/.local/lib/python3.12/site-packages/airflow/example_dags/example_subdag_operator.py
[2025-10-02T21:04:06.722+0000] {processor.py:925} INFO - DAG(s) 'example_subdag_operator.section-1', 'example_subdag_operator.section-2', 'example_subdag_operator' retrieved from /home/airflow/.local/lib/python3.12/site-packages/airflow/example_dags/example_subdag_operator.py
[2025-10-02T21:04:06.738+0000] {logging_mixin.py:190} INFO - [2025-10-02T21:04:06.738+0000] {dag.py:3239} INFO - Sync 3 DAGs
[2025-10-02T21:04:06.763+0000] {logging_mixin.py:190} INFO - [2025-10-02T21:04:06.763+0000] {dag.py:4180} INFO - Setting next_dagrun for example_subdag_operator to 2022-01-01 00:00:00+00:00, run_after=2022-01-01 00:00:00+00:00
[2025-10-02T21:04:06.767+0000] {logging_mixin.py:190} INFO - [2025-10-02T21:04:06.767+0000] {dag.py:4180} INFO - Setting next_dagrun for example_subdag_operator.section-1 to None, run_after=None
[2025-10-02T21:04:06.769+0000] {logging_mixin.py:190} INFO - [2025-10-02T21:04:06.769+0000] {dag.py:4180} INFO - Setting next_dagrun for example_subdag_operator.section-2 to None, run_after=None
[2025-10-02T21:04:06.776+0000] {logging_mixin.py:190} INFO - [2025-10-02T21:04:06.776+0000] {dag.py:3239} INFO - Sync 2 DAGs
[2025-10-02T21:04:06.782+0000] {logging_mixin.py:190} INFO - [2025-10-02T21:04:06.781+0000] {dag.py:4180} INFO - Setting next_dagrun for example_subdag_operator.section-1 to None, run_after=None
[2025-10-02T21:04:06.782+0000] {logging_mixin.py:190} INFO - [2025-10-02T21:04:06.782+0000] {dag.py:4180} INFO - Setting next_dagrun for example_subdag_operator.section-2 to None, run_after=None
[2025-10-02T21:04:06.792+0000] {processor.py:208} INFO - Processing /home/airflow/.local/lib/python3.12/site-packages/airflow/example_dags/example_subdag_operator.py took 0.115 seconds
[2025-10-02T21:04:37.177+0000] {processor.py:186} INFO - Started process (PID=498) to work on /home/airflow/.local/lib/python3.12/site-packages/airflow/example_dags/example_subdag_operator.py
[2025-10-02T21:04:37.178+0000] {processor.py:914} INFO - Processing file /home/airflow/.local/lib/python3.12/site-packages/airflow/example_dags/example_subdag_operator.py for tasks to queue
[2025-10-02T21:04:37.181+0000] {logging_mixin.py:190} INFO - [2025-10-02T21:04:37.181+0000] {dagbag.py:588} INFO - Filling up the DagBag from /home/airflow/.local/lib/python3.12/site-packages/airflow/example_dags/example_subdag_operator.py
[2025-10-02T21:04:37.213+0000] {processor.py:925} INFO - DAG(s) 'example_subdag_operator.section-1', 'example_subdag_operator.section-2', 'example_subdag_operator' retrieved from /home/airflow/.local/lib/python3.12/site-packages/airflow/example_dags/example_subdag_operator.py
[2025-10-02T21:04:37.231+0000] {logging_mixin.py:190} INFO - [2025-10-02T21:04:37.231+0000] {dag.py:3239} INFO - Sync 3 DAGs
[2025-10-02T21:04:37.256+0000] {logging_mixin.py:190} INFO - [2025-10-02T21:04:37.256+0000] {dag.py:4180} INFO - Setting next_dagrun for example_subdag_operator to 2022-01-01 00:00:00+00:00, run_after=2022-01-01 00:00:00+00:00
[2025-10-02T21:04:37.261+0000] {logging_mixin.py:190} INFO - [2025-10-02T21:04:37.261+0000] {dag.py:4180} INFO - Setting next_dagrun for example_subdag_operator.section-1 to None, run_after=None
[2025-10-02T21:04:37.263+0000] {logging_mixin.py:190} INFO - [2025-10-02T21:04:37.262+0000] {dag.py:4180} INFO - Setting next_dagrun for example_subdag_operator.section-2 to None, run_after=None
[2025-10-02T21:04:37.270+0000] {logging_mixin.py:190} INFO - [2025-10-02T21:04:37.270+0000] {dag.py:3239} INFO - Sync 2 DAGs
[2025-10-02T21:04:37.276+0000] {logging_mixin.py:190} INFO - [2025-10-02T21:04:37.275+0000] {dag.py:4180} INFO - Setting next_dagrun for example_subdag_operator.section-1 to None, run_after=None
[2025-10-02T21:04:37.277+0000] {logging_mixin.py:190} INFO - [2025-10-02T21:04:37.276+0000] {dag.py:4180} INFO - Setting next_dagrun for example_subdag_operator.section-2 to None, run_after=None
[2025-10-02T21:04:37.287+0000] {processor.py:208} INFO - Processing /home/airflow/.local/lib/python3.12/site-packages/airflow/example_dags/example_subdag_operator.py took 0.117 seconds
[2025-10-02T21:05:07.339+0000] {processor.py:186} INFO - Started process (PID=560) to work on /home/airflow/.local/lib/python3.12/site-packages/airflow/example_dags/example_subdag_operator.py
[2025-10-02T21:05:07.340+0000] {processor.py:914} INFO - Processing file /home/airflow/.local/lib/python3.12/site-packages/airflow/example_dags/example_subdag_operator.py for tasks to queue
[2025-10-02T21:05:07.343+0000] {logging_mixin.py:190} INFO - [2025-10-02T21:05:07.342+0000] {dagbag.py:588} INFO - Filling up the DagBag from /home/airflow/.local/lib/python3.12/site-packages/airflow/example_dags/example_subdag_operator.py
[2025-10-02T21:05:07.371+0000] {processor.py:925} INFO - DAG(s) 'example_subdag_operator.section-1', 'example_subdag_operator.section-2', 'example_subdag_operator' retrieved from /home/airflow/.local/lib/python3.12/site-packages/airflow/example_dags/example_subdag_operator.py
[2025-10-02T21:05:07.394+0000] {logging_mixin.py:190} INFO - [2025-10-02T21:05:07.393+0000] {dag.py:3239} INFO - Sync 3 DAGs
[2025-10-02T21:05:07.416+0000] {logging_mixin.py:190} INFO - [2025-10-02T21:05:07.416+0000] {dag.py:4180} INFO - Setting next_dagrun for example_subdag_operator to 2022-01-01 00:00:00+00:00, run_after=2022-01-01 00:00:00+00:00
[2025-10-02T21:05:07.420+0000] {logging_mixin.py:190} INFO - [2025-10-02T21:05:07.420+0000] {dag.py:4180} INFO - Setting next_dagrun for example_subdag_operator.section-1 to None, run_after=None
[2025-10-02T21:05:07.421+0000] {logging_mixin.py:190} INFO - [2025-10-02T21:05:07.421+0000] {dag.py:4180} INFO - Setting next_dagrun for example_subdag_operator.section-2 to None, run_after=None
[2025-10-02T21:05:07.428+0000] {logging_mixin.py:190} INFO - [2025-10-02T21:05:07.428+0000] {dag.py:3239} INFO - Sync 2 DAGs
[2025-10-02T21:05:07.434+0000] {logging_mixin.py:190} INFO - [2025-10-02T21:05:07.433+0000] {dag.py:4180} INFO - Setting next_dagrun for example_subdag_operator.section-1 to None, run_after=None
[2025-10-02T21:05:07.434+0000] {logging_mixin.py:190} INFO - [2025-10-02T21:05:07.434+0000] {dag.py:4180} INFO - Setting next_dagrun for example_subdag_operator.section-2 to None, run_after=None
[2025-10-02T21:05:07.444+0000] {processor.py:208} INFO - Processing /home/airflow/.local/lib/python3.12/site-packages/airflow/example_dags/example_subdag_operator.py took 0.112 seconds
[2025-10-02T21:05:37.984+0000] {processor.py:186} INFO - Started process (PID=624) to work on /home/airflow/.local/lib/python3.12/site-packages/airflow/example_dags/example_subdag_operator.py
[2025-10-02T21:05:37.985+0000] {processor.py:914} INFO - Processing file /home/airflow/.local/lib/python3.12/site-packages/airflow/example_dags/example_subdag_operator.py for tasks to queue
[2025-10-02T21:05:37.987+0000] {logging_mixin.py:190} INFO - [2025-10-02T21:05:37.987+0000] {dagbag.py:588} INFO - Filling up the DagBag from /home/airflow/.local/lib/python3.12/site-packages/airflow/example_dags/example_subdag_operator.py
[2025-10-02T21:05:38.013+0000] {processor.py:925} INFO - DAG(s) 'example_subdag_operator.section-1', 'example_subdag_operator.section-2', 'example_subdag_operator' retrieved from /home/airflow/.local/lib/python3.12/site-packages/airflow/example_dags/example_subdag_operator.py
[2025-10-02T21:05:38.027+0000] {logging_mixin.py:190} INFO - [2025-10-02T21:05:38.027+0000] {dag.py:3239} INFO - Sync 3 DAGs
[2025-10-02T21:05:38.052+0000] {logging_mixin.py:190} INFO - [2025-10-02T21:05:38.051+0000] {dag.py:4180} INFO - Setting next_dagrun for example_subdag_operator to 2022-01-01 00:00:00+00:00, run_after=2022-01-01 00:00:00+00:00
[2025-10-02T21:05:38.055+0000] {logging_mixin.py:190} INFO - [2025-10-02T21:05:38.055+0000] {dag.py:4180} INFO - Setting next_dagrun for example_subdag_operator.section-1 to None, run_after=None
[2025-10-02T21:05:38.057+0000] {logging_mixin.py:190} INFO - [2025-10-02T21:05:38.057+0000] {dag.py:4180} INFO - Setting next_dagrun for example_subdag_operator.section-2 to None, run_after=None
[2025-10-02T21:05:38.063+0000] {logging_mixin.py:190} INFO - [2025-10-02T21:05:38.063+0000] {dag.py:3239} INFO - Sync 2 DAGs
[2025-10-02T21:05:38.068+0000] {logging_mixin.py:190} INFO - [2025-10-02T21:05:38.068+0000] {dag.py:4180} INFO - Setting next_dagrun for example_subdag_operator.section-1 to None, run_after=None
[2025-10-02T21:05:38.069+0000] {logging_mixin.py:190} INFO - [2025-10-02T21:05:38.069+0000] {dag.py:4180} INFO - Setting next_dagrun for example_subdag_operator.section-2 to None, run_after=None
[2025-10-02T21:05:38.083+0000] {processor.py:208} INFO - Processing /home/airflow/.local/lib/python3.12/site-packages/airflow/example_dags/example_subdag_operator.py took 0.105 seconds
[2025-10-02T21:06:08.632+0000] {processor.py:186} INFO - Started process (PID=690) to work on /home/airflow/.local/lib/python3.12/site-packages/airflow/example_dags/example_subdag_operator.py
[2025-10-02T21:06:08.633+0000] {processor.py:914} INFO - Processing file /home/airflow/.local/lib/python3.12/site-packages/airflow/example_dags/example_subdag_operator.py for tasks to queue
[2025-10-02T21:06:08.636+0000] {logging_mixin.py:190} INFO - [2025-10-02T21:06:08.635+0000] {dagbag.py:588} INFO - Filling up the DagBag from /home/airflow/.local/lib/python3.12/site-packages/airflow/example_dags/example_subdag_operator.py
[2025-10-02T21:06:08.667+0000] {processor.py:925} INFO - DAG(s) 'example_subdag_operator.section-1', 'example_subdag_operator.section-2', 'example_subdag_operator' retrieved from /home/airflow/.local/lib/python3.12/site-packages/airflow/example_dags/example_subdag_operator.py
[2025-10-02T21:06:08.684+0000] {logging_mixin.py:190} INFO - [2025-10-02T21:06:08.684+0000] {dag.py:3239} INFO - Sync 3 DAGs
[2025-10-02T21:06:08.709+0000] {logging_mixin.py:190} INFO - [2025-10-02T21:06:08.709+0000] {dag.py:4180} INFO - Setting next_dagrun for example_subdag_operator to 2022-01-01 00:00:00+00:00, run_after=2022-01-01 00:00:00+00:00
[2025-10-02T21:06:08.713+0000] {logging_mixin.py:190} INFO - [2025-10-02T21:06:08.713+0000] {dag.py:4180} INFO - Setting next_dagrun for example_subdag_operator.section-1 to None, run_after=None
[2025-10-02T21:06:08.715+0000] {logging_mixin.py:190} INFO - [2025-10-02T21:06:08.715+0000] {dag.py:4180} INFO - Setting next_dagrun for example_subdag_operator.section-2 to None, run_after=None
[2025-10-02T21:06:08.723+0000] {logging_mixin.py:190} INFO - [2025-10-02T21:06:08.723+0000] {dag.py:3239} INFO - Sync 2 DAGs
[2025-10-02T21:06:08.729+0000] {logging_mixin.py:190} INFO - [2025-10-02T21:06:08.729+0000] {dag.py:4180} INFO - Setting next_dagrun for example_subdag_operator.section-1 to None, run_after=None
[2025-10-02T21:06:08.730+0000] {logging_mixin.py:190} INFO - [2025-10-02T21:06:08.729+0000] {dag.py:4180} INFO - Setting next_dagrun for example_subdag_operator.section-2 to None, run_after=None
[2025-10-02T21:06:08.740+0000] {processor.py:208} INFO - Processing /home/airflow/.local/lib/python3.12/site-packages/airflow/example_dags/example_subdag_operator.py took 0.115 seconds
[2025-10-02T21:06:38.919+0000] {processor.py:186} INFO - Started process (PID=756) to work on /home/airflow/.local/lib/python3.12/site-packages/airflow/example_dags/example_subdag_operator.py
[2025-10-02T21:06:38.921+0000] {processor.py:914} INFO - Processing file /home/airflow/.local/lib/python3.12/site-packages/airflow/example_dags/example_subdag_operator.py for tasks to queue
[2025-10-02T21:06:38.931+0000] {logging_mixin.py:190} INFO - [2025-10-02T21:06:38.930+0000] {dagbag.py:588} INFO - Filling up the DagBag from /home/airflow/.local/lib/python3.12/site-packages/airflow/example_dags/example_subdag_operator.py
[2025-10-02T21:06:38.999+0000] {processor.py:925} INFO - DAG(s) 'example_subdag_operator.section-1', 'example_subdag_operator.section-2', 'example_subdag_operator' retrieved from /home/airflow/.local/lib/python3.12/site-packages/airflow/example_dags/example_subdag_operator.py
[2025-10-02T21:06:39.056+0000] {logging_mixin.py:190} INFO - [2025-10-02T21:06:39.056+0000] {dag.py:3239} INFO - Sync 3 DAGs
[2025-10-02T21:06:39.118+0000] {logging_mixin.py:190} INFO - [2025-10-02T21:06:39.118+0000] {dag.py:4180} INFO - Setting next_dagrun for example_subdag_operator to 2022-01-01 00:00:00+00:00, run_after=2022-01-01 00:00:00+00:00
[2025-10-02T21:06:39.132+0000] {logging_mixin.py:190} INFO - [2025-10-02T21:06:39.132+0000] {dag.py:4180} INFO - Setting next_dagrun for example_subdag_operator.section-1 to None, run_after=None
[2025-10-02T21:06:39.135+0000] {logging_mixin.py:190} INFO - [2025-10-02T21:06:39.135+0000] {dag.py:4180} INFO - Setting next_dagrun for example_subdag_operator.section-2 to None, run_after=None
[2025-10-02T21:06:39.160+0000] {logging_mixin.py:190} INFO - [2025-10-02T21:06:39.160+0000] {dag.py:3239} INFO - Sync 2 DAGs
[2025-10-02T21:06:39.184+0000] {logging_mixin.py:190} INFO - [2025-10-02T21:06:39.184+0000] {dag.py:4180} INFO - Setting next_dagrun for example_subdag_operator.section-1 to None, run_after=None
[2025-10-02T21:06:39.196+0000] {logging_mixin.py:190} INFO - [2025-10-02T21:06:39.196+0000] {dag.py:4180} INFO - Setting next_dagrun for example_subdag_operator.section-2 to None, run_after=None
[2025-10-02T21:06:39.249+0000] {processor.py:208} INFO - Processing /home/airflow/.local/lib/python3.12/site-packages/airflow/example_dags/example_subdag_operator.py took 0.347 seconds
[2025-10-02T21:09:05.391+0000] {processor.py:186} INFO - Started process (PID=55) to work on /home/airflow/.local/lib/python3.12/site-packages/airflow/example_dags/example_subdag_operator.py
[2025-10-02T21:09:05.399+0000] {processor.py:914} INFO - Processing file /home/airflow/.local/lib/python3.12/site-packages/airflow/example_dags/example_subdag_operator.py for tasks to queue
[2025-10-02T21:09:05.403+0000] {logging_mixin.py:190} INFO - [2025-10-02T21:09:05.403+0000] {dagbag.py:588} INFO - Filling up the DagBag from /home/airflow/.local/lib/python3.12/site-packages/airflow/example_dags/example_subdag_operator.py
[2025-10-02T21:09:05.467+0000] {processor.py:925} INFO - DAG(s) 'example_subdag_operator.section-1', 'example_subdag_operator.section-2', 'example_subdag_operator' retrieved from /home/airflow/.local/lib/python3.12/site-packages/airflow/example_dags/example_subdag_operator.py
[2025-10-02T21:09:05.515+0000] {logging_mixin.py:190} INFO - [2025-10-02T21:09:05.515+0000] {dag.py:3239} INFO - Sync 3 DAGs
[2025-10-02T21:09:05.565+0000] {logging_mixin.py:190} INFO - [2025-10-02T21:09:05.565+0000] {dag.py:4180} INFO - Setting next_dagrun for example_subdag_operator to 2022-01-01 00:00:00+00:00, run_after=2022-01-01 00:00:00+00:00
[2025-10-02T21:09:05.575+0000] {logging_mixin.py:190} INFO - [2025-10-02T21:09:05.575+0000] {dag.py:4180} INFO - Setting next_dagrun for example_subdag_operator.section-1 to None, run_after=None
[2025-10-02T21:09:05.577+0000] {logging_mixin.py:190} INFO - [2025-10-02T21:09:05.577+0000] {dag.py:4180} INFO - Setting next_dagrun for example_subdag_operator.section-2 to None, run_after=None
[2025-10-02T21:09:05.590+0000] {logging_mixin.py:190} INFO - [2025-10-02T21:09:05.590+0000] {dag.py:3239} INFO - Sync 2 DAGs
[2025-10-02T21:09:05.598+0000] {logging_mixin.py:190} INFO - [2025-10-02T21:09:05.598+0000] {dag.py:4180} INFO - Setting next_dagrun for example_subdag_operator.section-1 to None, run_after=None
[2025-10-02T21:09:05.599+0000] {logging_mixin.py:190} INFO - [2025-10-02T21:09:05.599+0000] {dag.py:4180} INFO - Setting next_dagrun for example_subdag_operator.section-2 to None, run_after=None
[2025-10-02T21:09:05.614+0000] {processor.py:208} INFO - Processing /home/airflow/.local/lib/python3.12/site-packages/airflow/example_dags/example_subdag_operator.py took 0.231 seconds
[2025-10-02T21:09:36.014+0000] {processor.py:186} INFO - Started process (PID=118) to work on /home/airflow/.local/lib/python3.12/site-packages/airflow/example_dags/example_subdag_operator.py
[2025-10-02T21:09:36.015+0000] {processor.py:914} INFO - Processing file /home/airflow/.local/lib/python3.12/site-packages/airflow/example_dags/example_subdag_operator.py for tasks to queue
[2025-10-02T21:09:36.018+0000] {logging_mixin.py:190} INFO - [2025-10-02T21:09:36.018+0000] {dagbag.py:588} INFO - Filling up the DagBag from /home/airflow/.local/lib/python3.12/site-packages/airflow/example_dags/example_subdag_operator.py
[2025-10-02T21:09:36.051+0000] {processor.py:925} INFO - DAG(s) 'example_subdag_operator.section-1', 'example_subdag_operator.section-2', 'example_subdag_operator' retrieved from /home/airflow/.local/lib/python3.12/site-packages/airflow/example_dags/example_subdag_operator.py
[2025-10-02T21:09:36.069+0000] {logging_mixin.py:190} INFO - [2025-10-02T21:09:36.069+0000] {dag.py:3239} INFO - Sync 3 DAGs
[2025-10-02T21:09:36.096+0000] {logging_mixin.py:190} INFO - [2025-10-02T21:09:36.096+0000] {dag.py:4180} INFO - Setting next_dagrun for example_subdag_operator to 2022-01-01 00:00:00+00:00, run_after=2022-01-01 00:00:00+00:00
[2025-10-02T21:09:36.101+0000] {logging_mixin.py:190} INFO - [2025-10-02T21:09:36.100+0000] {dag.py:4180} INFO - Setting next_dagrun for example_subdag_operator.section-1 to None, run_after=None
[2025-10-02T21:09:36.103+0000] {logging_mixin.py:190} INFO - [2025-10-02T21:09:36.102+0000] {dag.py:4180} INFO - Setting next_dagrun for example_subdag_operator.section-2 to None, run_after=None
[2025-10-02T21:09:36.112+0000] {logging_mixin.py:190} INFO - [2025-10-02T21:09:36.112+0000] {dag.py:3239} INFO - Sync 2 DAGs
[2025-10-02T21:09:36.120+0000] {logging_mixin.py:190} INFO - [2025-10-02T21:09:36.120+0000] {dag.py:4180} INFO - Setting next_dagrun for example_subdag_operator.section-1 to None, run_after=None
[2025-10-02T21:09:36.121+0000] {logging_mixin.py:190} INFO - [2025-10-02T21:09:36.121+0000] {dag.py:4180} INFO - Setting next_dagrun for example_subdag_operator.section-2 to None, run_after=None
[2025-10-02T21:09:36.144+0000] {processor.py:208} INFO - Processing /home/airflow/.local/lib/python3.12/site-packages/airflow/example_dags/example_subdag_operator.py took 0.138 seconds
[2025-10-02T21:12:40.475+0000] {processor.py:186} INFO - Started process (PID=55) to work on /home/airflow/.local/lib/python3.12/site-packages/airflow/example_dags/example_subdag_operator.py
[2025-10-02T21:12:40.476+0000] {processor.py:914} INFO - Processing file /home/airflow/.local/lib/python3.12/site-packages/airflow/example_dags/example_subdag_operator.py for tasks to queue
[2025-10-02T21:12:40.481+0000] {logging_mixin.py:190} INFO - [2025-10-02T21:12:40.480+0000] {dagbag.py:588} INFO - Filling up the DagBag from /home/airflow/.local/lib/python3.12/site-packages/airflow/example_dags/example_subdag_operator.py
[2025-10-02T21:12:40.513+0000] {processor.py:925} INFO - DAG(s) 'example_subdag_operator.section-1', 'example_subdag_operator.section-2', 'example_subdag_operator' retrieved from /home/airflow/.local/lib/python3.12/site-packages/airflow/example_dags/example_subdag_operator.py
[2025-10-02T21:12:40.539+0000] {logging_mixin.py:190} INFO - [2025-10-02T21:12:40.539+0000] {dag.py:3239} INFO - Sync 3 DAGs
[2025-10-02T21:12:40.568+0000] {logging_mixin.py:190} INFO - [2025-10-02T21:12:40.567+0000] {dag.py:4180} INFO - Setting next_dagrun for example_subdag_operator to 2022-01-01 00:00:00+00:00, run_after=2022-01-01 00:00:00+00:00
[2025-10-02T21:12:40.601+0000] {logging_mixin.py:190} INFO - [2025-10-02T21:12:40.593+0000] {dag.py:4180} INFO - Setting next_dagrun for example_subdag_operator.section-1 to None, run_after=None
[2025-10-02T21:12:40.625+0000] {logging_mixin.py:190} INFO - [2025-10-02T21:12:40.624+0000] {dag.py:4180} INFO - Setting next_dagrun for example_subdag_operator.section-2 to None, run_after=None
[2025-10-02T21:12:40.684+0000] {logging_mixin.py:190} INFO - [2025-10-02T21:12:40.683+0000] {dag.py:3239} INFO - Sync 2 DAGs
[2025-10-02T21:12:40.733+0000] {logging_mixin.py:190} INFO - [2025-10-02T21:12:40.732+0000] {dag.py:4180} INFO - Setting next_dagrun for example_subdag_operator.section-1 to None, run_after=None
[2025-10-02T21:12:40.743+0000] {logging_mixin.py:190} INFO - [2025-10-02T21:12:40.742+0000] {dag.py:4180} INFO - Setting next_dagrun for example_subdag_operator.section-2 to None, run_after=None
[2025-10-02T21:12:40.820+0000] {processor.py:208} INFO - Processing /home/airflow/.local/lib/python3.12/site-packages/airflow/example_dags/example_subdag_operator.py took 0.354 seconds
[2025-10-02T21:13:11.550+0000] {processor.py:186} INFO - Started process (PID=118) to work on /home/airflow/.local/lib/python3.12/site-packages/airflow/example_dags/example_subdag_operator.py
[2025-10-02T21:13:11.551+0000] {processor.py:914} INFO - Processing file /home/airflow/.local/lib/python3.12/site-packages/airflow/example_dags/example_subdag_operator.py for tasks to queue
[2025-10-02T21:13:11.554+0000] {logging_mixin.py:190} INFO - [2025-10-02T21:13:11.553+0000] {dagbag.py:588} INFO - Filling up the DagBag from /home/airflow/.local/lib/python3.12/site-packages/airflow/example_dags/example_subdag_operator.py
[2025-10-02T21:13:11.586+0000] {processor.py:925} INFO - DAG(s) 'example_subdag_operator.section-1', 'example_subdag_operator.section-2', 'example_subdag_operator' retrieved from /home/airflow/.local/lib/python3.12/site-packages/airflow/example_dags/example_subdag_operator.py
[2025-10-02T21:13:11.613+0000] {logging_mixin.py:190} INFO - [2025-10-02T21:13:11.613+0000] {dag.py:3239} INFO - Sync 3 DAGs
[2025-10-02T21:13:11.649+0000] {logging_mixin.py:190} INFO - [2025-10-02T21:13:11.648+0000] {dag.py:4180} INFO - Setting next_dagrun for example_subdag_operator to 2022-01-01 00:00:00+00:00, run_after=2022-01-01 00:00:00+00:00
[2025-10-02T21:13:11.658+0000] {logging_mixin.py:190} INFO - [2025-10-02T21:13:11.658+0000] {dag.py:4180} INFO - Setting next_dagrun for example_subdag_operator.section-1 to None, run_after=None
[2025-10-02T21:13:11.660+0000] {logging_mixin.py:190} INFO - [2025-10-02T21:13:11.660+0000] {dag.py:4180} INFO - Setting next_dagrun for example_subdag_operator.section-2 to None, run_after=None
[2025-10-02T21:13:11.673+0000] {logging_mixin.py:190} INFO - [2025-10-02T21:13:11.672+0000] {dag.py:3239} INFO - Sync 2 DAGs
[2025-10-02T21:13:11.681+0000] {logging_mixin.py:190} INFO - [2025-10-02T21:13:11.680+0000] {dag.py:4180} INFO - Setting next_dagrun for example_subdag_operator.section-1 to None, run_after=None
[2025-10-02T21:13:11.681+0000] {logging_mixin.py:190} INFO - [2025-10-02T21:13:11.681+0000] {dag.py:4180} INFO - Setting next_dagrun for example_subdag_operator.section-2 to None, run_after=None
[2025-10-02T21:13:11.695+0000] {processor.py:208} INFO - Processing /home/airflow/.local/lib/python3.12/site-packages/airflow/example_dags/example_subdag_operator.py took 0.153 seconds
[2025-10-02T21:13:42.541+0000] {processor.py:186} INFO - Started process (PID=181) to work on /home/airflow/.local/lib/python3.12/site-packages/airflow/example_dags/example_subdag_operator.py
[2025-10-02T21:13:42.542+0000] {processor.py:914} INFO - Processing file /home/airflow/.local/lib/python3.12/site-packages/airflow/example_dags/example_subdag_operator.py for tasks to queue
[2025-10-02T21:13:42.545+0000] {logging_mixin.py:190} INFO - [2025-10-02T21:13:42.544+0000] {dagbag.py:588} INFO - Filling up the DagBag from /home/airflow/.local/lib/python3.12/site-packages/airflow/example_dags/example_subdag_operator.py
[2025-10-02T21:13:42.572+0000] {processor.py:925} INFO - DAG(s) 'example_subdag_operator.section-1', 'example_subdag_operator.section-2', 'example_subdag_operator' retrieved from /home/airflow/.local/lib/python3.12/site-packages/airflow/example_dags/example_subdag_operator.py
[2025-10-02T21:13:42.589+0000] {logging_mixin.py:190} INFO - [2025-10-02T21:13:42.589+0000] {dag.py:3239} INFO - Sync 3 DAGs
[2025-10-02T21:13:42.611+0000] {logging_mixin.py:190} INFO - [2025-10-02T21:13:42.610+0000] {dag.py:4180} INFO - Setting next_dagrun for example_subdag_operator to 2022-01-01 00:00:00+00:00, run_after=2022-01-01 00:00:00+00:00
[2025-10-02T21:13:42.614+0000] {logging_mixin.py:190} INFO - [2025-10-02T21:13:42.614+0000] {dag.py:4180} INFO - Setting next_dagrun for example_subdag_operator.section-1 to None, run_after=None
[2025-10-02T21:13:42.615+0000] {logging_mixin.py:190} INFO - [2025-10-02T21:13:42.615+0000] {dag.py:4180} INFO - Setting next_dagrun for example_subdag_operator.section-2 to None, run_after=None
[2025-10-02T21:13:42.621+0000] {logging_mixin.py:190} INFO - [2025-10-02T21:13:42.621+0000] {dag.py:3239} INFO - Sync 2 DAGs
[2025-10-02T21:13:42.626+0000] {logging_mixin.py:190} INFO - [2025-10-02T21:13:42.626+0000] {dag.py:4180} INFO - Setting next_dagrun for example_subdag_operator.section-1 to None, run_after=None
[2025-10-02T21:13:42.626+0000] {logging_mixin.py:190} INFO - [2025-10-02T21:13:42.626+0000] {dag.py:4180} INFO - Setting next_dagrun for example_subdag_operator.section-2 to None, run_after=None
[2025-10-02T21:13:42.635+0000] {processor.py:208} INFO - Processing /home/airflow/.local/lib/python3.12/site-packages/airflow/example_dags/example_subdag_operator.py took 0.101 seconds
[2025-10-02T21:19:03.238+0000] {processor.py:186} INFO - Started process (PID=47) to work on /home/airflow/.local/lib/python3.12/site-packages/airflow/example_dags/example_subdag_operator.py
[2025-10-02T21:19:03.240+0000] {processor.py:914} INFO - Processing file /home/airflow/.local/lib/python3.12/site-packages/airflow/example_dags/example_subdag_operator.py for tasks to queue
[2025-10-02T21:19:03.246+0000] {logging_mixin.py:190} INFO - [2025-10-02T21:19:03.245+0000] {dagbag.py:588} INFO - Filling up the DagBag from /home/airflow/.local/lib/python3.12/site-packages/airflow/example_dags/example_subdag_operator.py
[2025-10-02T21:19:03.313+0000] {processor.py:925} INFO - DAG(s) 'example_subdag_operator.section-1', 'example_subdag_operator.section-2', 'example_subdag_operator' retrieved from /home/airflow/.local/lib/python3.12/site-packages/airflow/example_dags/example_subdag_operator.py
[2025-10-02T21:19:03.367+0000] {logging_mixin.py:190} INFO - [2025-10-02T21:19:03.367+0000] {dag.py:3239} INFO - Sync 3 DAGs
[2025-10-02T21:19:03.415+0000] {logging_mixin.py:190} INFO - [2025-10-02T21:19:03.415+0000] {dag.py:4180} INFO - Setting next_dagrun for example_subdag_operator to 2022-01-01 00:00:00+00:00, run_after=2022-01-01 00:00:00+00:00
[2025-10-02T21:19:03.436+0000] {logging_mixin.py:190} INFO - [2025-10-02T21:19:03.436+0000] {dag.py:4180} INFO - Setting next_dagrun for example_subdag_operator.section-1 to None, run_after=None
[2025-10-02T21:19:03.455+0000] {logging_mixin.py:190} INFO - [2025-10-02T21:19:03.455+0000] {dag.py:4180} INFO - Setting next_dagrun for example_subdag_operator.section-2 to None, run_after=None
[2025-10-02T21:19:03.479+0000] {logging_mixin.py:190} INFO - [2025-10-02T21:19:03.478+0000] {dag.py:3239} INFO - Sync 2 DAGs
[2025-10-02T21:19:03.500+0000] {logging_mixin.py:190} INFO - [2025-10-02T21:19:03.500+0000] {dag.py:4180} INFO - Setting next_dagrun for example_subdag_operator.section-1 to None, run_after=None
[2025-10-02T21:19:03.503+0000] {logging_mixin.py:190} INFO - [2025-10-02T21:19:03.503+0000] {dag.py:4180} INFO - Setting next_dagrun for example_subdag_operator.section-2 to None, run_after=None
[2025-10-02T21:19:03.531+0000] {processor.py:208} INFO - Processing /home/airflow/.local/lib/python3.12/site-packages/airflow/example_dags/example_subdag_operator.py took 0.306 seconds
[2025-10-02T21:19:34.433+0000] {processor.py:186} INFO - Started process (PID=116) to work on /home/airflow/.local/lib/python3.12/site-packages/airflow/example_dags/example_subdag_operator.py
[2025-10-02T21:19:34.434+0000] {processor.py:914} INFO - Processing file /home/airflow/.local/lib/python3.12/site-packages/airflow/example_dags/example_subdag_operator.py for tasks to queue
[2025-10-02T21:19:34.436+0000] {logging_mixin.py:190} INFO - [2025-10-02T21:19:34.436+0000] {dagbag.py:588} INFO - Filling up the DagBag from /home/airflow/.local/lib/python3.12/site-packages/airflow/example_dags/example_subdag_operator.py
[2025-10-02T21:19:34.467+0000] {processor.py:925} INFO - DAG(s) 'example_subdag_operator.section-1', 'example_subdag_operator.section-2', 'example_subdag_operator' retrieved from /home/airflow/.local/lib/python3.12/site-packages/airflow/example_dags/example_subdag_operator.py
[2025-10-02T21:19:34.483+0000] {logging_mixin.py:190} INFO - [2025-10-02T21:19:34.483+0000] {dag.py:3239} INFO - Sync 3 DAGs
[2025-10-02T21:19:34.513+0000] {logging_mixin.py:190} INFO - [2025-10-02T21:19:34.513+0000] {dag.py:4180} INFO - Setting next_dagrun for example_subdag_operator to 2022-01-01 00:00:00+00:00, run_after=2022-01-01 00:00:00+00:00
[2025-10-02T21:19:34.517+0000] {logging_mixin.py:190} INFO - [2025-10-02T21:19:34.517+0000] {dag.py:4180} INFO - Setting next_dagrun for example_subdag_operator.section-1 to None, run_after=None
[2025-10-02T21:19:34.518+0000] {logging_mixin.py:190} INFO - [2025-10-02T21:19:34.518+0000] {dag.py:4180} INFO - Setting next_dagrun for example_subdag_operator.section-2 to None, run_after=None
[2025-10-02T21:19:34.527+0000] {logging_mixin.py:190} INFO - [2025-10-02T21:19:34.526+0000] {dag.py:3239} INFO - Sync 2 DAGs
[2025-10-02T21:19:34.532+0000] {logging_mixin.py:190} INFO - [2025-10-02T21:19:34.532+0000] {dag.py:4180} INFO - Setting next_dagrun for example_subdag_operator.section-1 to None, run_after=None
[2025-10-02T21:19:34.533+0000] {logging_mixin.py:190} INFO - [2025-10-02T21:19:34.533+0000] {dag.py:4180} INFO - Setting next_dagrun for example_subdag_operator.section-2 to None, run_after=None
[2025-10-02T21:19:34.545+0000] {processor.py:208} INFO - Processing /home/airflow/.local/lib/python3.12/site-packages/airflow/example_dags/example_subdag_operator.py took 0.119 seconds
[2025-10-02T21:20:05.647+0000] {processor.py:186} INFO - Started process (PID=180) to work on /home/airflow/.local/lib/python3.12/site-packages/airflow/example_dags/example_subdag_operator.py
[2025-10-02T21:20:05.648+0000] {processor.py:914} INFO - Processing file /home/airflow/.local/lib/python3.12/site-packages/airflow/example_dags/example_subdag_operator.py for tasks to queue
[2025-10-02T21:20:05.652+0000] {logging_mixin.py:190} INFO - [2025-10-02T21:20:05.651+0000] {dagbag.py:588} INFO - Filling up the DagBag from /home/airflow/.local/lib/python3.12/site-packages/airflow/example_dags/example_subdag_operator.py
[2025-10-02T21:20:05.683+0000] {processor.py:925} INFO - DAG(s) 'example_subdag_operator.section-1', 'example_subdag_operator.section-2', 'example_subdag_operator' retrieved from /home/airflow/.local/lib/python3.12/site-packages/airflow/example_dags/example_subdag_operator.py
[2025-10-02T21:20:05.699+0000] {logging_mixin.py:190} INFO - [2025-10-02T21:20:05.699+0000] {dag.py:3239} INFO - Sync 3 DAGs
[2025-10-02T21:20:05.724+0000] {logging_mixin.py:190} INFO - [2025-10-02T21:20:05.723+0000] {dag.py:4180} INFO - Setting next_dagrun for example_subdag_operator to 2022-01-01 00:00:00+00:00, run_after=2022-01-01 00:00:00+00:00
[2025-10-02T21:20:05.731+0000] {logging_mixin.py:190} INFO - [2025-10-02T21:20:05.731+0000] {dag.py:4180} INFO - Setting next_dagrun for example_subdag_operator.section-1 to None, run_after=None
[2025-10-02T21:20:05.732+0000] {logging_mixin.py:190} INFO - [2025-10-02T21:20:05.732+0000] {dag.py:4180} INFO - Setting next_dagrun for example_subdag_operator.section-2 to None, run_after=None
[2025-10-02T21:20:05.740+0000] {logging_mixin.py:190} INFO - [2025-10-02T21:20:05.740+0000] {dag.py:3239} INFO - Sync 2 DAGs
[2025-10-02T21:20:05.746+0000] {logging_mixin.py:190} INFO - [2025-10-02T21:20:05.745+0000] {dag.py:4180} INFO - Setting next_dagrun for example_subdag_operator.section-1 to None, run_after=None
[2025-10-02T21:20:05.746+0000] {logging_mixin.py:190} INFO - [2025-10-02T21:20:05.746+0000] {dag.py:4180} INFO - Setting next_dagrun for example_subdag_operator.section-2 to None, run_after=None
[2025-10-02T21:20:05.756+0000] {processor.py:208} INFO - Processing /home/airflow/.local/lib/python3.12/site-packages/airflow/example_dags/example_subdag_operator.py took 0.117 seconds
[2025-10-02T21:20:36.514+0000] {processor.py:186} INFO - Started process (PID=243) to work on /home/airflow/.local/lib/python3.12/site-packages/airflow/example_dags/example_subdag_operator.py
[2025-10-02T21:20:36.515+0000] {processor.py:914} INFO - Processing file /home/airflow/.local/lib/python3.12/site-packages/airflow/example_dags/example_subdag_operator.py for tasks to queue
[2025-10-02T21:20:36.518+0000] {logging_mixin.py:190} INFO - [2025-10-02T21:20:36.517+0000] {dagbag.py:588} INFO - Filling up the DagBag from /home/airflow/.local/lib/python3.12/site-packages/airflow/example_dags/example_subdag_operator.py
[2025-10-02T21:20:36.548+0000] {processor.py:925} INFO - DAG(s) 'example_subdag_operator.section-1', 'example_subdag_operator.section-2', 'example_subdag_operator' retrieved from /home/airflow/.local/lib/python3.12/site-packages/airflow/example_dags/example_subdag_operator.py
[2025-10-02T21:20:36.564+0000] {logging_mixin.py:190} INFO - [2025-10-02T21:20:36.564+0000] {dag.py:3239} INFO - Sync 3 DAGs
[2025-10-02T21:20:36.591+0000] {logging_mixin.py:190} INFO - [2025-10-02T21:20:36.591+0000] {dag.py:4180} INFO - Setting next_dagrun for example_subdag_operator to 2022-01-01 00:00:00+00:00, run_after=2022-01-01 00:00:00+00:00
[2025-10-02T21:20:36.595+0000] {logging_mixin.py:190} INFO - [2025-10-02T21:20:36.595+0000] {dag.py:4180} INFO - Setting next_dagrun for example_subdag_operator.section-1 to None, run_after=None
[2025-10-02T21:20:36.597+0000] {logging_mixin.py:190} INFO - [2025-10-02T21:20:36.596+0000] {dag.py:4180} INFO - Setting next_dagrun for example_subdag_operator.section-2 to None, run_after=None
[2025-10-02T21:20:36.604+0000] {logging_mixin.py:190} INFO - [2025-10-02T21:20:36.604+0000] {dag.py:3239} INFO - Sync 2 DAGs
[2025-10-02T21:20:36.610+0000] {logging_mixin.py:190} INFO - [2025-10-02T21:20:36.609+0000] {dag.py:4180} INFO - Setting next_dagrun for example_subdag_operator.section-1 to None, run_after=None
[2025-10-02T21:20:36.610+0000] {logging_mixin.py:190} INFO - [2025-10-02T21:20:36.610+0000] {dag.py:4180} INFO - Setting next_dagrun for example_subdag_operator.section-2 to None, run_after=None
[2025-10-02T21:20:36.621+0000] {processor.py:208} INFO - Processing /home/airflow/.local/lib/python3.12/site-packages/airflow/example_dags/example_subdag_operator.py took 0.115 seconds
[2025-10-02T21:25:41.459+0000] {processor.py:186} INFO - Started process (PID=53) to work on /home/airflow/.local/lib/python3.12/site-packages/airflow/example_dags/example_subdag_operator.py
[2025-10-02T21:25:41.460+0000] {processor.py:914} INFO - Processing file /home/airflow/.local/lib/python3.12/site-packages/airflow/example_dags/example_subdag_operator.py for tasks to queue
[2025-10-02T21:25:41.464+0000] {logging_mixin.py:190} INFO - [2025-10-02T21:25:41.464+0000] {dagbag.py:588} INFO - Filling up the DagBag from /home/airflow/.local/lib/python3.12/site-packages/airflow/example_dags/example_subdag_operator.py
[2025-10-02T21:25:41.503+0000] {processor.py:925} INFO - DAG(s) 'example_subdag_operator.section-1', 'example_subdag_operator.section-2', 'example_subdag_operator' retrieved from /home/airflow/.local/lib/python3.12/site-packages/airflow/example_dags/example_subdag_operator.py
[2025-10-02T21:25:41.544+0000] {logging_mixin.py:190} INFO - [2025-10-02T21:25:41.543+0000] {dag.py:3239} INFO - Sync 3 DAGs
[2025-10-02T21:25:41.592+0000] {logging_mixin.py:190} INFO - [2025-10-02T21:25:41.592+0000] {dag.py:4180} INFO - Setting next_dagrun for example_subdag_operator to 2022-01-01 00:00:00+00:00, run_after=2022-01-01 00:00:00+00:00
[2025-10-02T21:25:41.599+0000] {logging_mixin.py:190} INFO - [2025-10-02T21:25:41.599+0000] {dag.py:4180} INFO - Setting next_dagrun for example_subdag_operator.section-1 to None, run_after=None
[2025-10-02T21:25:41.609+0000] {logging_mixin.py:190} INFO - [2025-10-02T21:25:41.609+0000] {dag.py:4180} INFO - Setting next_dagrun for example_subdag_operator.section-2 to None, run_after=None
[2025-10-02T21:25:41.625+0000] {logging_mixin.py:190} INFO - [2025-10-02T21:25:41.624+0000] {dag.py:3239} INFO - Sync 2 DAGs
[2025-10-02T21:25:41.634+0000] {logging_mixin.py:190} INFO - [2025-10-02T21:25:41.634+0000] {dag.py:4180} INFO - Setting next_dagrun for example_subdag_operator.section-1 to None, run_after=None
[2025-10-02T21:25:41.635+0000] {logging_mixin.py:190} INFO - [2025-10-02T21:25:41.635+0000] {dag.py:4180} INFO - Setting next_dagrun for example_subdag_operator.section-2 to None, run_after=None
[2025-10-02T21:25:41.656+0000] {processor.py:208} INFO - Processing /home/airflow/.local/lib/python3.12/site-packages/airflow/example_dags/example_subdag_operator.py took 0.204 seconds
[2025-10-02T21:26:11.914+0000] {processor.py:186} INFO - Started process (PID=114) to work on /home/airflow/.local/lib/python3.12/site-packages/airflow/example_dags/example_subdag_operator.py
[2025-10-02T21:26:11.915+0000] {processor.py:914} INFO - Processing file /home/airflow/.local/lib/python3.12/site-packages/airflow/example_dags/example_subdag_operator.py for tasks to queue
[2025-10-02T21:26:11.918+0000] {logging_mixin.py:190} INFO - [2025-10-02T21:26:11.918+0000] {dagbag.py:588} INFO - Filling up the DagBag from /home/airflow/.local/lib/python3.12/site-packages/airflow/example_dags/example_subdag_operator.py
[2025-10-02T21:26:11.949+0000] {processor.py:925} INFO - DAG(s) 'example_subdag_operator.section-1', 'example_subdag_operator.section-2', 'example_subdag_operator' retrieved from /home/airflow/.local/lib/python3.12/site-packages/airflow/example_dags/example_subdag_operator.py
[2025-10-02T21:26:11.969+0000] {logging_mixin.py:190} INFO - [2025-10-02T21:26:11.969+0000] {dag.py:3239} INFO - Sync 3 DAGs
[2025-10-02T21:26:11.995+0000] {logging_mixin.py:190} INFO - [2025-10-02T21:26:11.995+0000] {dag.py:4180} INFO - Setting next_dagrun for example_subdag_operator to 2022-01-01 00:00:00+00:00, run_after=2022-01-01 00:00:00+00:00
[2025-10-02T21:26:12.000+0000] {logging_mixin.py:190} INFO - [2025-10-02T21:26:12.000+0000] {dag.py:4180} INFO - Setting next_dagrun for example_subdag_operator.section-1 to None, run_after=None
[2025-10-02T21:26:12.002+0000] {logging_mixin.py:190} INFO - [2025-10-02T21:26:12.001+0000] {dag.py:4180} INFO - Setting next_dagrun for example_subdag_operator.section-2 to None, run_after=None
[2025-10-02T21:26:12.012+0000] {logging_mixin.py:190} INFO - [2025-10-02T21:26:12.012+0000] {dag.py:3239} INFO - Sync 2 DAGs
[2025-10-02T21:26:12.019+0000] {logging_mixin.py:190} INFO - [2025-10-02T21:26:12.019+0000] {dag.py:4180} INFO - Setting next_dagrun for example_subdag_operator.section-1 to None, run_after=None
[2025-10-02T21:26:12.020+0000] {logging_mixin.py:190} INFO - [2025-10-02T21:26:12.019+0000] {dag.py:4180} INFO - Setting next_dagrun for example_subdag_operator.section-2 to None, run_after=None
[2025-10-02T21:26:12.031+0000] {processor.py:208} INFO - Processing /home/airflow/.local/lib/python3.12/site-packages/airflow/example_dags/example_subdag_operator.py took 0.124 seconds
[2025-10-02T21:26:42.960+0000] {processor.py:186} INFO - Started process (PID=178) to work on /home/airflow/.local/lib/python3.12/site-packages/airflow/example_dags/example_subdag_operator.py
[2025-10-02T21:26:42.961+0000] {processor.py:914} INFO - Processing file /home/airflow/.local/lib/python3.12/site-packages/airflow/example_dags/example_subdag_operator.py for tasks to queue
[2025-10-02T21:26:42.965+0000] {logging_mixin.py:190} INFO - [2025-10-02T21:26:42.965+0000] {dagbag.py:588} INFO - Filling up the DagBag from /home/airflow/.local/lib/python3.12/site-packages/airflow/example_dags/example_subdag_operator.py
[2025-10-02T21:26:42.996+0000] {processor.py:925} INFO - DAG(s) 'example_subdag_operator.section-1', 'example_subdag_operator.section-2', 'example_subdag_operator' retrieved from /home/airflow/.local/lib/python3.12/site-packages/airflow/example_dags/example_subdag_operator.py
[2025-10-02T21:26:43.011+0000] {logging_mixin.py:190} INFO - [2025-10-02T21:26:43.011+0000] {dag.py:3239} INFO - Sync 3 DAGs
[2025-10-02T21:26:43.034+0000] {logging_mixin.py:190} INFO - [2025-10-02T21:26:43.034+0000] {dag.py:4180} INFO - Setting next_dagrun for example_subdag_operator to 2022-01-01 00:00:00+00:00, run_after=2022-01-01 00:00:00+00:00
[2025-10-02T21:26:43.038+0000] {logging_mixin.py:190} INFO - [2025-10-02T21:26:43.038+0000] {dag.py:4180} INFO - Setting next_dagrun for example_subdag_operator.section-1 to None, run_after=None
[2025-10-02T21:26:43.043+0000] {logging_mixin.py:190} INFO - [2025-10-02T21:26:43.043+0000] {dag.py:4180} INFO - Setting next_dagrun for example_subdag_operator.section-2 to None, run_after=None
[2025-10-02T21:26:43.050+0000] {logging_mixin.py:190} INFO - [2025-10-02T21:26:43.049+0000] {dag.py:3239} INFO - Sync 2 DAGs
[2025-10-02T21:26:43.055+0000] {logging_mixin.py:190} INFO - [2025-10-02T21:26:43.054+0000] {dag.py:4180} INFO - Setting next_dagrun for example_subdag_operator.section-1 to None, run_after=None
[2025-10-02T21:26:43.055+0000] {logging_mixin.py:190} INFO - [2025-10-02T21:26:43.055+0000] {dag.py:4180} INFO - Setting next_dagrun for example_subdag_operator.section-2 to None, run_after=None
[2025-10-02T21:26:43.065+0000] {processor.py:208} INFO - Processing /home/airflow/.local/lib/python3.12/site-packages/airflow/example_dags/example_subdag_operator.py took 0.111 seconds
[2025-10-02T21:27:13.813+0000] {processor.py:186} INFO - Started process (PID=241) to work on /home/airflow/.local/lib/python3.12/site-packages/airflow/example_dags/example_subdag_operator.py
[2025-10-02T21:27:13.814+0000] {processor.py:914} INFO - Processing file /home/airflow/.local/lib/python3.12/site-packages/airflow/example_dags/example_subdag_operator.py for tasks to queue
[2025-10-02T21:27:13.817+0000] {logging_mixin.py:190} INFO - [2025-10-02T21:27:13.816+0000] {dagbag.py:588} INFO - Filling up the DagBag from /home/airflow/.local/lib/python3.12/site-packages/airflow/example_dags/example_subdag_operator.py
[2025-10-02T21:27:13.843+0000] {processor.py:925} INFO - DAG(s) 'example_subdag_operator.section-1', 'example_subdag_operator.section-2', 'example_subdag_operator' retrieved from /home/airflow/.local/lib/python3.12/site-packages/airflow/example_dags/example_subdag_operator.py
[2025-10-02T21:27:13.858+0000] {logging_mixin.py:190} INFO - [2025-10-02T21:27:13.857+0000] {dag.py:3239} INFO - Sync 3 DAGs
[2025-10-02T21:27:13.886+0000] {logging_mixin.py:190} INFO - [2025-10-02T21:27:13.886+0000] {dag.py:4180} INFO - Setting next_dagrun for example_subdag_operator to 2022-01-01 00:00:00+00:00, run_after=2022-01-01 00:00:00+00:00
[2025-10-02T21:27:13.890+0000] {logging_mixin.py:190} INFO - [2025-10-02T21:27:13.889+0000] {dag.py:4180} INFO - Setting next_dagrun for example_subdag_operator.section-1 to None, run_after=None
[2025-10-02T21:27:13.891+0000] {logging_mixin.py:190} INFO - [2025-10-02T21:27:13.891+0000] {dag.py:4180} INFO - Setting next_dagrun for example_subdag_operator.section-2 to None, run_after=None
[2025-10-02T21:27:13.898+0000] {logging_mixin.py:190} INFO - [2025-10-02T21:27:13.898+0000] {dag.py:3239} INFO - Sync 2 DAGs
[2025-10-02T21:27:13.903+0000] {logging_mixin.py:190} INFO - [2025-10-02T21:27:13.902+0000] {dag.py:4180} INFO - Setting next_dagrun for example_subdag_operator.section-1 to None, run_after=None
[2025-10-02T21:27:13.903+0000] {logging_mixin.py:190} INFO - [2025-10-02T21:27:13.903+0000] {dag.py:4180} INFO - Setting next_dagrun for example_subdag_operator.section-2 to None, run_after=None
[2025-10-02T21:27:13.913+0000] {processor.py:208} INFO - Processing /home/airflow/.local/lib/python3.12/site-packages/airflow/example_dags/example_subdag_operator.py took 0.106 seconds
[2025-10-02T21:27:44.227+0000] {processor.py:186} INFO - Started process (PID=304) to work on /home/airflow/.local/lib/python3.12/site-packages/airflow/example_dags/example_subdag_operator.py
[2025-10-02T21:27:44.229+0000] {processor.py:914} INFO - Processing file /home/airflow/.local/lib/python3.12/site-packages/airflow/example_dags/example_subdag_operator.py for tasks to queue
[2025-10-02T21:27:44.231+0000] {logging_mixin.py:190} INFO - [2025-10-02T21:27:44.231+0000] {dagbag.py:588} INFO - Filling up the DagBag from /home/airflow/.local/lib/python3.12/site-packages/airflow/example_dags/example_subdag_operator.py
[2025-10-02T21:27:44.260+0000] {processor.py:925} INFO - DAG(s) 'example_subdag_operator.section-1', 'example_subdag_operator.section-2', 'example_subdag_operator' retrieved from /home/airflow/.local/lib/python3.12/site-packages/airflow/example_dags/example_subdag_operator.py
[2025-10-02T21:27:44.276+0000] {logging_mixin.py:190} INFO - [2025-10-02T21:27:44.275+0000] {dag.py:3239} INFO - Sync 3 DAGs
[2025-10-02T21:27:44.299+0000] {logging_mixin.py:190} INFO - [2025-10-02T21:27:44.299+0000] {dag.py:4180} INFO - Setting next_dagrun for example_subdag_operator to 2022-01-01 00:00:00+00:00, run_after=2022-01-01 00:00:00+00:00
[2025-10-02T21:27:44.303+0000] {logging_mixin.py:190} INFO - [2025-10-02T21:27:44.303+0000] {dag.py:4180} INFO - Setting next_dagrun for example_subdag_operator.section-1 to None, run_after=None
[2025-10-02T21:27:44.304+0000] {logging_mixin.py:190} INFO - [2025-10-02T21:27:44.304+0000] {dag.py:4180} INFO - Setting next_dagrun for example_subdag_operator.section-2 to None, run_after=None
[2025-10-02T21:27:44.311+0000] {logging_mixin.py:190} INFO - [2025-10-02T21:27:44.311+0000] {dag.py:3239} INFO - Sync 2 DAGs
[2025-10-02T21:27:44.316+0000] {logging_mixin.py:190} INFO - [2025-10-02T21:27:44.316+0000] {dag.py:4180} INFO - Setting next_dagrun for example_subdag_operator.section-1 to None, run_after=None
[2025-10-02T21:27:44.317+0000] {logging_mixin.py:190} INFO - [2025-10-02T21:27:44.317+0000] {dag.py:4180} INFO - Setting next_dagrun for example_subdag_operator.section-2 to None, run_after=None
[2025-10-02T21:27:44.328+0000] {processor.py:208} INFO - Processing /home/airflow/.local/lib/python3.12/site-packages/airflow/example_dags/example_subdag_operator.py took 0.107 seconds
[2025-10-02T21:28:14.710+0000] {processor.py:186} INFO - Started process (PID=366) to work on /home/airflow/.local/lib/python3.12/site-packages/airflow/example_dags/example_subdag_operator.py
[2025-10-02T21:28:14.711+0000] {processor.py:914} INFO - Processing file /home/airflow/.local/lib/python3.12/site-packages/airflow/example_dags/example_subdag_operator.py for tasks to queue
[2025-10-02T21:28:14.714+0000] {logging_mixin.py:190} INFO - [2025-10-02T21:28:14.713+0000] {dagbag.py:588} INFO - Filling up the DagBag from /home/airflow/.local/lib/python3.12/site-packages/airflow/example_dags/example_subdag_operator.py
[2025-10-02T21:28:14.740+0000] {processor.py:925} INFO - DAG(s) 'example_subdag_operator.section-1', 'example_subdag_operator.section-2', 'example_subdag_operator' retrieved from /home/airflow/.local/lib/python3.12/site-packages/airflow/example_dags/example_subdag_operator.py
[2025-10-02T21:28:14.755+0000] {logging_mixin.py:190} INFO - [2025-10-02T21:28:14.754+0000] {dag.py:3239} INFO - Sync 3 DAGs
[2025-10-02T21:28:14.780+0000] {logging_mixin.py:190} INFO - [2025-10-02T21:28:14.779+0000] {dag.py:4180} INFO - Setting next_dagrun for example_subdag_operator to 2022-01-01 00:00:00+00:00, run_after=2022-01-01 00:00:00+00:00
[2025-10-02T21:28:14.786+0000] {logging_mixin.py:190} INFO - [2025-10-02T21:28:14.786+0000] {dag.py:4180} INFO - Setting next_dagrun for example_subdag_operator.section-1 to None, run_after=None
[2025-10-02T21:28:14.787+0000] {logging_mixin.py:190} INFO - [2025-10-02T21:28:14.787+0000] {dag.py:4180} INFO - Setting next_dagrun for example_subdag_operator.section-2 to None, run_after=None
[2025-10-02T21:28:14.795+0000] {logging_mixin.py:190} INFO - [2025-10-02T21:28:14.795+0000] {dag.py:3239} INFO - Sync 2 DAGs
[2025-10-02T21:28:14.800+0000] {logging_mixin.py:190} INFO - [2025-10-02T21:28:14.800+0000] {dag.py:4180} INFO - Setting next_dagrun for example_subdag_operator.section-1 to None, run_after=None
[2025-10-02T21:28:14.800+0000] {logging_mixin.py:190} INFO - [2025-10-02T21:28:14.800+0000] {dag.py:4180} INFO - Setting next_dagrun for example_subdag_operator.section-2 to None, run_after=None
[2025-10-02T21:28:14.810+0000] {processor.py:208} INFO - Processing /home/airflow/.local/lib/python3.12/site-packages/airflow/example_dags/example_subdag_operator.py took 0.106 seconds
[2025-10-02T21:29:57.796+0000] {processor.py:186} INFO - Started process (PID=56) to work on /home/airflow/.local/lib/python3.12/site-packages/airflow/example_dags/example_subdag_operator.py
[2025-10-02T21:29:57.797+0000] {processor.py:914} INFO - Processing file /home/airflow/.local/lib/python3.12/site-packages/airflow/example_dags/example_subdag_operator.py for tasks to queue
[2025-10-02T21:29:57.803+0000] {logging_mixin.py:190} INFO - [2025-10-02T21:29:57.802+0000] {dagbag.py:588} INFO - Filling up the DagBag from /home/airflow/.local/lib/python3.12/site-packages/airflow/example_dags/example_subdag_operator.py
[2025-10-02T21:29:57.872+0000] {processor.py:925} INFO - DAG(s) 'example_subdag_operator.section-1', 'example_subdag_operator.section-2', 'example_subdag_operator' retrieved from /home/airflow/.local/lib/python3.12/site-packages/airflow/example_dags/example_subdag_operator.py
[2025-10-02T21:29:57.896+0000] {logging_mixin.py:190} INFO - [2025-10-02T21:29:57.896+0000] {dag.py:3239} INFO - Sync 3 DAGs
[2025-10-02T21:29:57.940+0000] {logging_mixin.py:190} INFO - [2025-10-02T21:29:57.940+0000] {dag.py:4180} INFO - Setting next_dagrun for example_subdag_operator to 2022-01-01 00:00:00+00:00, run_after=2022-01-01 00:00:00+00:00
[2025-10-02T21:29:57.945+0000] {logging_mixin.py:190} INFO - [2025-10-02T21:29:57.945+0000] {dag.py:4180} INFO - Setting next_dagrun for example_subdag_operator.section-1 to None, run_after=None
[2025-10-02T21:29:57.952+0000] {logging_mixin.py:190} INFO - [2025-10-02T21:29:57.952+0000] {dag.py:4180} INFO - Setting next_dagrun for example_subdag_operator.section-2 to None, run_after=None
[2025-10-02T21:29:57.968+0000] {logging_mixin.py:190} INFO - [2025-10-02T21:29:57.967+0000] {dag.py:3239} INFO - Sync 2 DAGs
[2025-10-02T21:29:57.985+0000] {logging_mixin.py:190} INFO - [2025-10-02T21:29:57.985+0000] {dag.py:4180} INFO - Setting next_dagrun for example_subdag_operator.section-1 to None, run_after=None
[2025-10-02T21:29:57.988+0000] {logging_mixin.py:190} INFO - [2025-10-02T21:29:57.988+0000] {dag.py:4180} INFO - Setting next_dagrun for example_subdag_operator.section-2 to None, run_after=None
[2025-10-02T21:29:58.010+0000] {processor.py:208} INFO - Processing /home/airflow/.local/lib/python3.12/site-packages/airflow/example_dags/example_subdag_operator.py took 0.229 seconds
[2025-10-02T21:30:28.793+0000] {processor.py:186} INFO - Started process (PID=119) to work on /home/airflow/.local/lib/python3.12/site-packages/airflow/example_dags/example_subdag_operator.py
[2025-10-02T21:30:28.794+0000] {processor.py:914} INFO - Processing file /home/airflow/.local/lib/python3.12/site-packages/airflow/example_dags/example_subdag_operator.py for tasks to queue
[2025-10-02T21:30:28.797+0000] {logging_mixin.py:190} INFO - [2025-10-02T21:30:28.797+0000] {dagbag.py:588} INFO - Filling up the DagBag from /home/airflow/.local/lib/python3.12/site-packages/airflow/example_dags/example_subdag_operator.py
[2025-10-02T21:30:28.829+0000] {processor.py:925} INFO - DAG(s) 'example_subdag_operator.section-1', 'example_subdag_operator.section-2', 'example_subdag_operator' retrieved from /home/airflow/.local/lib/python3.12/site-packages/airflow/example_dags/example_subdag_operator.py
[2025-10-02T21:30:28.856+0000] {logging_mixin.py:190} INFO - [2025-10-02T21:30:28.855+0000] {dag.py:3239} INFO - Sync 3 DAGs
[2025-10-02T21:30:28.899+0000] {logging_mixin.py:190} INFO - [2025-10-02T21:30:28.899+0000] {dag.py:4180} INFO - Setting next_dagrun for example_subdag_operator to 2022-01-01 00:00:00+00:00, run_after=2022-01-01 00:00:00+00:00
[2025-10-02T21:30:28.906+0000] {logging_mixin.py:190} INFO - [2025-10-02T21:30:28.905+0000] {dag.py:4180} INFO - Setting next_dagrun for example_subdag_operator.section-1 to None, run_after=None
[2025-10-02T21:30:28.907+0000] {logging_mixin.py:190} INFO - [2025-10-02T21:30:28.907+0000] {dag.py:4180} INFO - Setting next_dagrun for example_subdag_operator.section-2 to None, run_after=None
[2025-10-02T21:30:28.917+0000] {logging_mixin.py:190} INFO - [2025-10-02T21:30:28.917+0000] {dag.py:3239} INFO - Sync 2 DAGs
[2025-10-02T21:30:28.924+0000] {logging_mixin.py:190} INFO - [2025-10-02T21:30:28.924+0000] {dag.py:4180} INFO - Setting next_dagrun for example_subdag_operator.section-1 to None, run_after=None
[2025-10-02T21:30:28.925+0000] {logging_mixin.py:190} INFO - [2025-10-02T21:30:28.925+0000] {dag.py:4180} INFO - Setting next_dagrun for example_subdag_operator.section-2 to None, run_after=None
[2025-10-02T21:30:28.938+0000] {processor.py:208} INFO - Processing /home/airflow/.local/lib/python3.12/site-packages/airflow/example_dags/example_subdag_operator.py took 0.152 seconds
[2025-10-02T21:30:59.491+0000] {processor.py:186} INFO - Started process (PID=182) to work on /home/airflow/.local/lib/python3.12/site-packages/airflow/example_dags/example_subdag_operator.py
[2025-10-02T21:30:59.492+0000] {processor.py:914} INFO - Processing file /home/airflow/.local/lib/python3.12/site-packages/airflow/example_dags/example_subdag_operator.py for tasks to queue
[2025-10-02T21:30:59.493+0000] {logging_mixin.py:190} INFO - [2025-10-02T21:30:59.493+0000] {dagbag.py:588} INFO - Filling up the DagBag from /home/airflow/.local/lib/python3.12/site-packages/airflow/example_dags/example_subdag_operator.py
[2025-10-02T21:30:59.522+0000] {processor.py:925} INFO - DAG(s) 'example_subdag_operator.section-1', 'example_subdag_operator.section-2', 'example_subdag_operator' retrieved from /home/airflow/.local/lib/python3.12/site-packages/airflow/example_dags/example_subdag_operator.py
[2025-10-02T21:30:59.538+0000] {logging_mixin.py:190} INFO - [2025-10-02T21:30:59.538+0000] {dag.py:3239} INFO - Sync 3 DAGs
[2025-10-02T21:30:59.571+0000] {logging_mixin.py:190} INFO - [2025-10-02T21:30:59.571+0000] {dag.py:4180} INFO - Setting next_dagrun for example_subdag_operator to 2022-01-01 00:00:00+00:00, run_after=2022-01-01 00:00:00+00:00
[2025-10-02T21:30:59.576+0000] {logging_mixin.py:190} INFO - [2025-10-02T21:30:59.576+0000] {dag.py:4180} INFO - Setting next_dagrun for example_subdag_operator.section-1 to None, run_after=None
[2025-10-02T21:30:59.578+0000] {logging_mixin.py:190} INFO - [2025-10-02T21:30:59.578+0000] {dag.py:4180} INFO - Setting next_dagrun for example_subdag_operator.section-2 to None, run_after=None
[2025-10-02T21:30:59.585+0000] {logging_mixin.py:190} INFO - [2025-10-02T21:30:59.585+0000] {dag.py:3239} INFO - Sync 2 DAGs
[2025-10-02T21:30:59.591+0000] {logging_mixin.py:190} INFO - [2025-10-02T21:30:59.590+0000] {dag.py:4180} INFO - Setting next_dagrun for example_subdag_operator.section-1 to None, run_after=None
[2025-10-02T21:30:59.591+0000] {logging_mixin.py:190} INFO - [2025-10-02T21:30:59.591+0000] {dag.py:4180} INFO - Setting next_dagrun for example_subdag_operator.section-2 to None, run_after=None
[2025-10-02T21:30:59.603+0000] {processor.py:208} INFO - Processing /home/airflow/.local/lib/python3.12/site-packages/airflow/example_dags/example_subdag_operator.py took 0.119 seconds
[2025-10-02T21:31:29.920+0000] {processor.py:186} INFO - Started process (PID=244) to work on /home/airflow/.local/lib/python3.12/site-packages/airflow/example_dags/example_subdag_operator.py
[2025-10-02T21:31:29.922+0000] {processor.py:914} INFO - Processing file /home/airflow/.local/lib/python3.12/site-packages/airflow/example_dags/example_subdag_operator.py for tasks to queue
[2025-10-02T21:31:29.923+0000] {logging_mixin.py:190} INFO - [2025-10-02T21:31:29.923+0000] {dagbag.py:588} INFO - Filling up the DagBag from /home/airflow/.local/lib/python3.12/site-packages/airflow/example_dags/example_subdag_operator.py
[2025-10-02T21:31:29.950+0000] {processor.py:925} INFO - DAG(s) 'example_subdag_operator.section-1', 'example_subdag_operator.section-2', 'example_subdag_operator' retrieved from /home/airflow/.local/lib/python3.12/site-packages/airflow/example_dags/example_subdag_operator.py
[2025-10-02T21:31:29.964+0000] {logging_mixin.py:190} INFO - [2025-10-02T21:31:29.964+0000] {dag.py:3239} INFO - Sync 3 DAGs
[2025-10-02T21:31:29.987+0000] {logging_mixin.py:190} INFO - [2025-10-02T21:31:29.987+0000] {dag.py:4180} INFO - Setting next_dagrun for example_subdag_operator to 2022-01-01 00:00:00+00:00, run_after=2022-01-01 00:00:00+00:00
[2025-10-02T21:31:29.991+0000] {logging_mixin.py:190} INFO - [2025-10-02T21:31:29.990+0000] {dag.py:4180} INFO - Setting next_dagrun for example_subdag_operator.section-1 to None, run_after=None
[2025-10-02T21:31:29.992+0000] {logging_mixin.py:190} INFO - [2025-10-02T21:31:29.992+0000] {dag.py:4180} INFO - Setting next_dagrun for example_subdag_operator.section-2 to None, run_after=None
[2025-10-02T21:31:29.998+0000] {logging_mixin.py:190} INFO - [2025-10-02T21:31:29.998+0000] {dag.py:3239} INFO - Sync 2 DAGs
[2025-10-02T21:31:30.004+0000] {logging_mixin.py:190} INFO - [2025-10-02T21:31:30.003+0000] {dag.py:4180} INFO - Setting next_dagrun for example_subdag_operator.section-1 to None, run_after=None
[2025-10-02T21:31:30.004+0000] {logging_mixin.py:190} INFO - [2025-10-02T21:31:30.004+0000] {dag.py:4180} INFO - Setting next_dagrun for example_subdag_operator.section-2 to None, run_after=None
[2025-10-02T21:31:30.014+0000] {processor.py:208} INFO - Processing /home/airflow/.local/lib/python3.12/site-packages/airflow/example_dags/example_subdag_operator.py took 0.101 seconds
[2025-10-02T21:32:48.340+0000] {processor.py:186} INFO - Started process (PID=54) to work on /home/airflow/.local/lib/python3.12/site-packages/airflow/example_dags/example_subdag_operator.py
[2025-10-02T21:32:48.342+0000] {processor.py:914} INFO - Processing file /home/airflow/.local/lib/python3.12/site-packages/airflow/example_dags/example_subdag_operator.py for tasks to queue
[2025-10-02T21:32:48.346+0000] {logging_mixin.py:190} INFO - [2025-10-02T21:32:48.345+0000] {dagbag.py:588} INFO - Filling up the DagBag from /home/airflow/.local/lib/python3.12/site-packages/airflow/example_dags/example_subdag_operator.py
[2025-10-02T21:32:48.400+0000] {processor.py:925} INFO - DAG(s) 'example_subdag_operator.section-1', 'example_subdag_operator.section-2', 'example_subdag_operator' retrieved from /home/airflow/.local/lib/python3.12/site-packages/airflow/example_dags/example_subdag_operator.py
[2025-10-02T21:32:48.432+0000] {logging_mixin.py:190} INFO - [2025-10-02T21:32:48.432+0000] {dag.py:3239} INFO - Sync 3 DAGs
[2025-10-02T21:32:48.461+0000] {logging_mixin.py:190} INFO - [2025-10-02T21:32:48.460+0000] {dag.py:4180} INFO - Setting next_dagrun for example_subdag_operator to 2022-01-01 00:00:00+00:00, run_after=2022-01-01 00:00:00+00:00
[2025-10-02T21:32:48.465+0000] {logging_mixin.py:190} INFO - [2025-10-02T21:32:48.464+0000] {dag.py:4180} INFO - Setting next_dagrun for example_subdag_operator.section-1 to None, run_after=None
[2025-10-02T21:32:48.466+0000] {logging_mixin.py:190} INFO - [2025-10-02T21:32:48.466+0000] {dag.py:4180} INFO - Setting next_dagrun for example_subdag_operator.section-2 to None, run_after=None
[2025-10-02T21:32:48.475+0000] {logging_mixin.py:190} INFO - [2025-10-02T21:32:48.475+0000] {dag.py:3239} INFO - Sync 2 DAGs
[2025-10-02T21:32:48.482+0000] {logging_mixin.py:190} INFO - [2025-10-02T21:32:48.482+0000] {dag.py:4180} INFO - Setting next_dagrun for example_subdag_operator.section-1 to None, run_after=None
[2025-10-02T21:32:48.483+0000] {logging_mixin.py:190} INFO - [2025-10-02T21:32:48.482+0000] {dag.py:4180} INFO - Setting next_dagrun for example_subdag_operator.section-2 to None, run_after=None
[2025-10-02T21:32:48.494+0000] {processor.py:208} INFO - Processing /home/airflow/.local/lib/python3.12/site-packages/airflow/example_dags/example_subdag_operator.py took 0.176 seconds
[2025-10-02T21:33:19.090+0000] {processor.py:186} INFO - Started process (PID=116) to work on /home/airflow/.local/lib/python3.12/site-packages/airflow/example_dags/example_subdag_operator.py
[2025-10-02T21:33:19.092+0000] {processor.py:914} INFO - Processing file /home/airflow/.local/lib/python3.12/site-packages/airflow/example_dags/example_subdag_operator.py for tasks to queue
[2025-10-02T21:33:19.095+0000] {logging_mixin.py:190} INFO - [2025-10-02T21:33:19.095+0000] {dagbag.py:588} INFO - Filling up the DagBag from /home/airflow/.local/lib/python3.12/site-packages/airflow/example_dags/example_subdag_operator.py
[2025-10-02T21:33:19.134+0000] {processor.py:925} INFO - DAG(s) 'example_subdag_operator.section-1', 'example_subdag_operator.section-2', 'example_subdag_operator' retrieved from /home/airflow/.local/lib/python3.12/site-packages/airflow/example_dags/example_subdag_operator.py
[2025-10-02T21:33:19.158+0000] {logging_mixin.py:190} INFO - [2025-10-02T21:33:19.158+0000] {dag.py:3239} INFO - Sync 3 DAGs
[2025-10-02T21:33:19.186+0000] {logging_mixin.py:190} INFO - [2025-10-02T21:33:19.185+0000] {dag.py:4180} INFO - Setting next_dagrun for example_subdag_operator to 2022-01-01 00:00:00+00:00, run_after=2022-01-01 00:00:00+00:00
[2025-10-02T21:33:19.191+0000] {logging_mixin.py:190} INFO - [2025-10-02T21:33:19.191+0000] {dag.py:4180} INFO - Setting next_dagrun for example_subdag_operator.section-1 to None, run_after=None
[2025-10-02T21:33:19.192+0000] {logging_mixin.py:190} INFO - [2025-10-02T21:33:19.192+0000] {dag.py:4180} INFO - Setting next_dagrun for example_subdag_operator.section-2 to None, run_after=None
[2025-10-02T21:33:19.201+0000] {logging_mixin.py:190} INFO - [2025-10-02T21:33:19.201+0000] {dag.py:3239} INFO - Sync 2 DAGs
[2025-10-02T21:33:19.207+0000] {logging_mixin.py:190} INFO - [2025-10-02T21:33:19.207+0000] {dag.py:4180} INFO - Setting next_dagrun for example_subdag_operator.section-1 to None, run_after=None
[2025-10-02T21:33:19.208+0000] {logging_mixin.py:190} INFO - [2025-10-02T21:33:19.207+0000] {dag.py:4180} INFO - Setting next_dagrun for example_subdag_operator.section-2 to None, run_after=None
[2025-10-02T21:33:19.223+0000] {processor.py:208} INFO - Processing /home/airflow/.local/lib/python3.12/site-packages/airflow/example_dags/example_subdag_operator.py took 0.141 seconds
[2025-10-02T21:33:49.462+0000] {processor.py:186} INFO - Started process (PID=179) to work on /home/airflow/.local/lib/python3.12/site-packages/airflow/example_dags/example_subdag_operator.py
[2025-10-02T21:33:49.463+0000] {processor.py:914} INFO - Processing file /home/airflow/.local/lib/python3.12/site-packages/airflow/example_dags/example_subdag_operator.py for tasks to queue
[2025-10-02T21:33:49.466+0000] {logging_mixin.py:190} INFO - [2025-10-02T21:33:49.466+0000] {dagbag.py:588} INFO - Filling up the DagBag from /home/airflow/.local/lib/python3.12/site-packages/airflow/example_dags/example_subdag_operator.py
[2025-10-02T21:33:49.496+0000] {processor.py:925} INFO - DAG(s) 'example_subdag_operator.section-1', 'example_subdag_operator.section-2', 'example_subdag_operator' retrieved from /home/airflow/.local/lib/python3.12/site-packages/airflow/example_dags/example_subdag_operator.py
[2025-10-02T21:33:49.512+0000] {logging_mixin.py:190} INFO - [2025-10-02T21:33:49.511+0000] {dag.py:3239} INFO - Sync 3 DAGs
[2025-10-02T21:33:49.536+0000] {logging_mixin.py:190} INFO - [2025-10-02T21:33:49.536+0000] {dag.py:4180} INFO - Setting next_dagrun for example_subdag_operator to 2022-01-01 00:00:00+00:00, run_after=2022-01-01 00:00:00+00:00
[2025-10-02T21:33:49.540+0000] {logging_mixin.py:190} INFO - [2025-10-02T21:33:49.540+0000] {dag.py:4180} INFO - Setting next_dagrun for example_subdag_operator.section-1 to None, run_after=None
[2025-10-02T21:33:49.541+0000] {logging_mixin.py:190} INFO - [2025-10-02T21:33:49.541+0000] {dag.py:4180} INFO - Setting next_dagrun for example_subdag_operator.section-2 to None, run_after=None
[2025-10-02T21:33:49.548+0000] {logging_mixin.py:190} INFO - [2025-10-02T21:33:49.547+0000] {dag.py:3239} INFO - Sync 2 DAGs
[2025-10-02T21:33:49.554+0000] {logging_mixin.py:190} INFO - [2025-10-02T21:33:49.554+0000] {dag.py:4180} INFO - Setting next_dagrun for example_subdag_operator.section-1 to None, run_after=None
[2025-10-02T21:33:49.554+0000] {logging_mixin.py:190} INFO - [2025-10-02T21:33:49.554+0000] {dag.py:4180} INFO - Setting next_dagrun for example_subdag_operator.section-2 to None, run_after=None
[2025-10-02T21:33:49.564+0000] {processor.py:208} INFO - Processing /home/airflow/.local/lib/python3.12/site-packages/airflow/example_dags/example_subdag_operator.py took 0.108 seconds
[2025-10-02T21:34:20.179+0000] {processor.py:186} INFO - Started process (PID=242) to work on /home/airflow/.local/lib/python3.12/site-packages/airflow/example_dags/example_subdag_operator.py
[2025-10-02T21:34:20.181+0000] {processor.py:914} INFO - Processing file /home/airflow/.local/lib/python3.12/site-packages/airflow/example_dags/example_subdag_operator.py for tasks to queue
[2025-10-02T21:34:20.183+0000] {logging_mixin.py:190} INFO - [2025-10-02T21:34:20.183+0000] {dagbag.py:588} INFO - Filling up the DagBag from /home/airflow/.local/lib/python3.12/site-packages/airflow/example_dags/example_subdag_operator.py
[2025-10-02T21:34:20.208+0000] {processor.py:925} INFO - DAG(s) 'example_subdag_operator.section-1', 'example_subdag_operator.section-2', 'example_subdag_operator' retrieved from /home/airflow/.local/lib/python3.12/site-packages/airflow/example_dags/example_subdag_operator.py
[2025-10-02T21:34:20.223+0000] {logging_mixin.py:190} INFO - [2025-10-02T21:34:20.223+0000] {dag.py:3239} INFO - Sync 3 DAGs
[2025-10-02T21:34:20.247+0000] {logging_mixin.py:190} INFO - [2025-10-02T21:34:20.246+0000] {dag.py:4180} INFO - Setting next_dagrun for example_subdag_operator to 2022-01-01 00:00:00+00:00, run_after=2022-01-01 00:00:00+00:00
[2025-10-02T21:34:20.250+0000] {logging_mixin.py:190} INFO - [2025-10-02T21:34:20.250+0000] {dag.py:4180} INFO - Setting next_dagrun for example_subdag_operator.section-1 to None, run_after=None
[2025-10-02T21:34:20.251+0000] {logging_mixin.py:190} INFO - [2025-10-02T21:34:20.251+0000] {dag.py:4180} INFO - Setting next_dagrun for example_subdag_operator.section-2 to None, run_after=None
[2025-10-02T21:34:20.258+0000] {logging_mixin.py:190} INFO - [2025-10-02T21:34:20.258+0000] {dag.py:3239} INFO - Sync 2 DAGs
[2025-10-02T21:34:20.263+0000] {logging_mixin.py:190} INFO - [2025-10-02T21:34:20.262+0000] {dag.py:4180} INFO - Setting next_dagrun for example_subdag_operator.section-1 to None, run_after=None
[2025-10-02T21:34:20.263+0000] {logging_mixin.py:190} INFO - [2025-10-02T21:34:20.263+0000] {dag.py:4180} INFO - Setting next_dagrun for example_subdag_operator.section-2 to None, run_after=None
[2025-10-02T21:34:20.272+0000] {processor.py:208} INFO - Processing /home/airflow/.local/lib/python3.12/site-packages/airflow/example_dags/example_subdag_operator.py took 0.099 seconds
[2025-10-02T21:34:50.958+0000] {processor.py:186} INFO - Started process (PID=305) to work on /home/airflow/.local/lib/python3.12/site-packages/airflow/example_dags/example_subdag_operator.py
[2025-10-02T21:34:50.959+0000] {processor.py:914} INFO - Processing file /home/airflow/.local/lib/python3.12/site-packages/airflow/example_dags/example_subdag_operator.py for tasks to queue
[2025-10-02T21:34:50.962+0000] {logging_mixin.py:190} INFO - [2025-10-02T21:34:50.961+0000] {dagbag.py:588} INFO - Filling up the DagBag from /home/airflow/.local/lib/python3.12/site-packages/airflow/example_dags/example_subdag_operator.py
[2025-10-02T21:34:50.986+0000] {processor.py:925} INFO - DAG(s) 'example_subdag_operator.section-1', 'example_subdag_operator.section-2', 'example_subdag_operator' retrieved from /home/airflow/.local/lib/python3.12/site-packages/airflow/example_dags/example_subdag_operator.py
[2025-10-02T21:34:51.000+0000] {logging_mixin.py:190} INFO - [2025-10-02T21:34:50.999+0000] {dag.py:3239} INFO - Sync 3 DAGs
[2025-10-02T21:34:51.022+0000] {logging_mixin.py:190} INFO - [2025-10-02T21:34:51.021+0000] {dag.py:4180} INFO - Setting next_dagrun for example_subdag_operator to 2022-01-01 00:00:00+00:00, run_after=2022-01-01 00:00:00+00:00
[2025-10-02T21:34:51.025+0000] {logging_mixin.py:190} INFO - [2025-10-02T21:34:51.025+0000] {dag.py:4180} INFO - Setting next_dagrun for example_subdag_operator.section-1 to None, run_after=None
[2025-10-02T21:34:51.026+0000] {logging_mixin.py:190} INFO - [2025-10-02T21:34:51.026+0000] {dag.py:4180} INFO - Setting next_dagrun for example_subdag_operator.section-2 to None, run_after=None
[2025-10-02T21:34:51.032+0000] {logging_mixin.py:190} INFO - [2025-10-02T21:34:51.032+0000] {dag.py:3239} INFO - Sync 2 DAGs
[2025-10-02T21:34:51.037+0000] {logging_mixin.py:190} INFO - [2025-10-02T21:34:51.037+0000] {dag.py:4180} INFO - Setting next_dagrun for example_subdag_operator.section-1 to None, run_after=None
[2025-10-02T21:34:51.037+0000] {logging_mixin.py:190} INFO - [2025-10-02T21:34:51.037+0000] {dag.py:4180} INFO - Setting next_dagrun for example_subdag_operator.section-2 to None, run_after=None
[2025-10-02T21:34:51.046+0000] {processor.py:208} INFO - Processing /home/airflow/.local/lib/python3.12/site-packages/airflow/example_dags/example_subdag_operator.py took 0.095 seconds
[2025-10-02T21:35:21.426+0000] {processor.py:186} INFO - Started process (PID=375) to work on /home/airflow/.local/lib/python3.12/site-packages/airflow/example_dags/example_subdag_operator.py
[2025-10-02T21:35:21.427+0000] {processor.py:914} INFO - Processing file /home/airflow/.local/lib/python3.12/site-packages/airflow/example_dags/example_subdag_operator.py for tasks to queue
[2025-10-02T21:35:21.430+0000] {logging_mixin.py:190} INFO - [2025-10-02T21:35:21.430+0000] {dagbag.py:588} INFO - Filling up the DagBag from /home/airflow/.local/lib/python3.12/site-packages/airflow/example_dags/example_subdag_operator.py
[2025-10-02T21:35:21.457+0000] {processor.py:925} INFO - DAG(s) 'example_subdag_operator.section-1', 'example_subdag_operator.section-2', 'example_subdag_operator' retrieved from /home/airflow/.local/lib/python3.12/site-packages/airflow/example_dags/example_subdag_operator.py
[2025-10-02T21:35:21.472+0000] {logging_mixin.py:190} INFO - [2025-10-02T21:35:21.472+0000] {dag.py:3239} INFO - Sync 3 DAGs
[2025-10-02T21:35:21.495+0000] {logging_mixin.py:190} INFO - [2025-10-02T21:35:21.494+0000] {dag.py:4180} INFO - Setting next_dagrun for example_subdag_operator to 2022-01-01 00:00:00+00:00, run_after=2022-01-01 00:00:00+00:00
[2025-10-02T21:35:21.498+0000] {logging_mixin.py:190} INFO - [2025-10-02T21:35:21.498+0000] {dag.py:4180} INFO - Setting next_dagrun for example_subdag_operator.section-1 to None, run_after=None
[2025-10-02T21:35:21.500+0000] {logging_mixin.py:190} INFO - [2025-10-02T21:35:21.499+0000] {dag.py:4180} INFO - Setting next_dagrun for example_subdag_operator.section-2 to None, run_after=None
[2025-10-02T21:35:21.507+0000] {logging_mixin.py:190} INFO - [2025-10-02T21:35:21.506+0000] {dag.py:3239} INFO - Sync 2 DAGs
[2025-10-02T21:35:21.511+0000] {logging_mixin.py:190} INFO - [2025-10-02T21:35:21.511+0000] {dag.py:4180} INFO - Setting next_dagrun for example_subdag_operator.section-1 to None, run_after=None
[2025-10-02T21:35:21.512+0000] {logging_mixin.py:190} INFO - [2025-10-02T21:35:21.512+0000] {dag.py:4180} INFO - Setting next_dagrun for example_subdag_operator.section-2 to None, run_after=None
[2025-10-02T21:35:21.522+0000] {processor.py:208} INFO - Processing /home/airflow/.local/lib/python3.12/site-packages/airflow/example_dags/example_subdag_operator.py took 0.102 seconds
[2025-10-02T21:35:52.277+0000] {processor.py:186} INFO - Started process (PID=438) to work on /home/airflow/.local/lib/python3.12/site-packages/airflow/example_dags/example_subdag_operator.py
[2025-10-02T21:35:52.278+0000] {processor.py:914} INFO - Processing file /home/airflow/.local/lib/python3.12/site-packages/airflow/example_dags/example_subdag_operator.py for tasks to queue
[2025-10-02T21:35:52.280+0000] {logging_mixin.py:190} INFO - [2025-10-02T21:35:52.280+0000] {dagbag.py:588} INFO - Filling up the DagBag from /home/airflow/.local/lib/python3.12/site-packages/airflow/example_dags/example_subdag_operator.py
[2025-10-02T21:35:52.307+0000] {processor.py:925} INFO - DAG(s) 'example_subdag_operator.section-1', 'example_subdag_operator.section-2', 'example_subdag_operator' retrieved from /home/airflow/.local/lib/python3.12/site-packages/airflow/example_dags/example_subdag_operator.py
[2025-10-02T21:35:52.322+0000] {logging_mixin.py:190} INFO - [2025-10-02T21:35:52.322+0000] {dag.py:3239} INFO - Sync 3 DAGs
[2025-10-02T21:35:52.344+0000] {logging_mixin.py:190} INFO - [2025-10-02T21:35:52.344+0000] {dag.py:4180} INFO - Setting next_dagrun for example_subdag_operator to 2022-01-01 00:00:00+00:00, run_after=2022-01-01 00:00:00+00:00
[2025-10-02T21:35:52.349+0000] {logging_mixin.py:190} INFO - [2025-10-02T21:35:52.349+0000] {dag.py:4180} INFO - Setting next_dagrun for example_subdag_operator.section-1 to None, run_after=None
[2025-10-02T21:35:52.351+0000] {logging_mixin.py:190} INFO - [2025-10-02T21:35:52.351+0000] {dag.py:4180} INFO - Setting next_dagrun for example_subdag_operator.section-2 to None, run_after=None
[2025-10-02T21:35:52.358+0000] {logging_mixin.py:190} INFO - [2025-10-02T21:35:52.358+0000] {dag.py:3239} INFO - Sync 2 DAGs
[2025-10-02T21:35:52.364+0000] {logging_mixin.py:190} INFO - [2025-10-02T21:35:52.364+0000] {dag.py:4180} INFO - Setting next_dagrun for example_subdag_operator.section-1 to None, run_after=None
[2025-10-02T21:35:52.365+0000] {logging_mixin.py:190} INFO - [2025-10-02T21:35:52.365+0000] {dag.py:4180} INFO - Setting next_dagrun for example_subdag_operator.section-2 to None, run_after=None
[2025-10-02T21:35:52.375+0000] {processor.py:208} INFO - Processing /home/airflow/.local/lib/python3.12/site-packages/airflow/example_dags/example_subdag_operator.py took 0.104 seconds
[2025-10-02T21:36:22.710+0000] {processor.py:186} INFO - Started process (PID=501) to work on /home/airflow/.local/lib/python3.12/site-packages/airflow/example_dags/example_subdag_operator.py
[2025-10-02T21:36:22.711+0000] {processor.py:914} INFO - Processing file /home/airflow/.local/lib/python3.12/site-packages/airflow/example_dags/example_subdag_operator.py for tasks to queue
[2025-10-02T21:36:22.714+0000] {logging_mixin.py:190} INFO - [2025-10-02T21:36:22.713+0000] {dagbag.py:588} INFO - Filling up the DagBag from /home/airflow/.local/lib/python3.12/site-packages/airflow/example_dags/example_subdag_operator.py
[2025-10-02T21:36:22.745+0000] {processor.py:925} INFO - DAG(s) 'example_subdag_operator.section-1', 'example_subdag_operator.section-2', 'example_subdag_operator' retrieved from /home/airflow/.local/lib/python3.12/site-packages/airflow/example_dags/example_subdag_operator.py
[2025-10-02T21:36:22.760+0000] {logging_mixin.py:190} INFO - [2025-10-02T21:36:22.759+0000] {dag.py:3239} INFO - Sync 3 DAGs
[2025-10-02T21:36:22.785+0000] {logging_mixin.py:190} INFO - [2025-10-02T21:36:22.784+0000] {dag.py:4180} INFO - Setting next_dagrun for example_subdag_operator to 2022-01-01 00:00:00+00:00, run_after=2022-01-01 00:00:00+00:00
[2025-10-02T21:36:22.789+0000] {logging_mixin.py:190} INFO - [2025-10-02T21:36:22.789+0000] {dag.py:4180} INFO - Setting next_dagrun for example_subdag_operator.section-1 to None, run_after=None
[2025-10-02T21:36:22.791+0000] {logging_mixin.py:190} INFO - [2025-10-02T21:36:22.791+0000] {dag.py:4180} INFO - Setting next_dagrun for example_subdag_operator.section-2 to None, run_after=None
[2025-10-02T21:36:22.802+0000] {logging_mixin.py:190} INFO - [2025-10-02T21:36:22.802+0000] {dag.py:3239} INFO - Sync 2 DAGs
[2025-10-02T21:36:22.808+0000] {logging_mixin.py:190} INFO - [2025-10-02T21:36:22.808+0000] {dag.py:4180} INFO - Setting next_dagrun for example_subdag_operator.section-1 to None, run_after=None
[2025-10-02T21:36:22.809+0000] {logging_mixin.py:190} INFO - [2025-10-02T21:36:22.809+0000] {dag.py:4180} INFO - Setting next_dagrun for example_subdag_operator.section-2 to None, run_after=None
[2025-10-02T21:36:22.819+0000] {processor.py:208} INFO - Processing /home/airflow/.local/lib/python3.12/site-packages/airflow/example_dags/example_subdag_operator.py took 0.116 seconds
[2025-10-02T21:36:53.820+0000] {processor.py:186} INFO - Started process (PID=565) to work on /home/airflow/.local/lib/python3.12/site-packages/airflow/example_dags/example_subdag_operator.py
[2025-10-02T21:36:53.821+0000] {processor.py:914} INFO - Processing file /home/airflow/.local/lib/python3.12/site-packages/airflow/example_dags/example_subdag_operator.py for tasks to queue
[2025-10-02T21:36:53.823+0000] {logging_mixin.py:190} INFO - [2025-10-02T21:36:53.823+0000] {dagbag.py:588} INFO - Filling up the DagBag from /home/airflow/.local/lib/python3.12/site-packages/airflow/example_dags/example_subdag_operator.py
[2025-10-02T21:36:53.852+0000] {processor.py:925} INFO - DAG(s) 'example_subdag_operator.section-1', 'example_subdag_operator.section-2', 'example_subdag_operator' retrieved from /home/airflow/.local/lib/python3.12/site-packages/airflow/example_dags/example_subdag_operator.py
[2025-10-02T21:36:53.867+0000] {logging_mixin.py:190} INFO - [2025-10-02T21:36:53.867+0000] {dag.py:3239} INFO - Sync 3 DAGs
[2025-10-02T21:36:53.890+0000] {logging_mixin.py:190} INFO - [2025-10-02T21:36:53.890+0000] {dag.py:4180} INFO - Setting next_dagrun for example_subdag_operator to 2022-01-01 00:00:00+00:00, run_after=2022-01-01 00:00:00+00:00
[2025-10-02T21:36:53.894+0000] {logging_mixin.py:190} INFO - [2025-10-02T21:36:53.894+0000] {dag.py:4180} INFO - Setting next_dagrun for example_subdag_operator.section-1 to None, run_after=None
[2025-10-02T21:36:53.895+0000] {logging_mixin.py:190} INFO - [2025-10-02T21:36:53.895+0000] {dag.py:4180} INFO - Setting next_dagrun for example_subdag_operator.section-2 to None, run_after=None
[2025-10-02T21:36:53.902+0000] {logging_mixin.py:190} INFO - [2025-10-02T21:36:53.902+0000] {dag.py:3239} INFO - Sync 2 DAGs
[2025-10-02T21:36:53.907+0000] {logging_mixin.py:190} INFO - [2025-10-02T21:36:53.907+0000] {dag.py:4180} INFO - Setting next_dagrun for example_subdag_operator.section-1 to None, run_after=None
[2025-10-02T21:36:53.908+0000] {logging_mixin.py:190} INFO - [2025-10-02T21:36:53.908+0000] {dag.py:4180} INFO - Setting next_dagrun for example_subdag_operator.section-2 to None, run_after=None
[2025-10-02T21:36:53.920+0000] {processor.py:208} INFO - Processing /home/airflow/.local/lib/python3.12/site-packages/airflow/example_dags/example_subdag_operator.py took 0.107 seconds
[2025-10-02T21:37:24.374+0000] {processor.py:186} INFO - Started process (PID=628) to work on /home/airflow/.local/lib/python3.12/site-packages/airflow/example_dags/example_subdag_operator.py
[2025-10-02T21:37:24.375+0000] {processor.py:914} INFO - Processing file /home/airflow/.local/lib/python3.12/site-packages/airflow/example_dags/example_subdag_operator.py for tasks to queue
[2025-10-02T21:37:24.378+0000] {logging_mixin.py:190} INFO - [2025-10-02T21:37:24.378+0000] {dagbag.py:588} INFO - Filling up the DagBag from /home/airflow/.local/lib/python3.12/site-packages/airflow/example_dags/example_subdag_operator.py
[2025-10-02T21:37:24.406+0000] {processor.py:925} INFO - DAG(s) 'example_subdag_operator.section-1', 'example_subdag_operator.section-2', 'example_subdag_operator' retrieved from /home/airflow/.local/lib/python3.12/site-packages/airflow/example_dags/example_subdag_operator.py
[2025-10-02T21:37:24.420+0000] {logging_mixin.py:190} INFO - [2025-10-02T21:37:24.420+0000] {dag.py:3239} INFO - Sync 3 DAGs
[2025-10-02T21:37:24.444+0000] {logging_mixin.py:190} INFO - [2025-10-02T21:37:24.443+0000] {dag.py:4180} INFO - Setting next_dagrun for example_subdag_operator to 2022-01-01 00:00:00+00:00, run_after=2022-01-01 00:00:00+00:00
[2025-10-02T21:37:24.447+0000] {logging_mixin.py:190} INFO - [2025-10-02T21:37:24.447+0000] {dag.py:4180} INFO - Setting next_dagrun for example_subdag_operator.section-1 to None, run_after=None
[2025-10-02T21:37:24.449+0000] {logging_mixin.py:190} INFO - [2025-10-02T21:37:24.449+0000] {dag.py:4180} INFO - Setting next_dagrun for example_subdag_operator.section-2 to None, run_after=None
[2025-10-02T21:37:24.455+0000] {logging_mixin.py:190} INFO - [2025-10-02T21:37:24.455+0000] {dag.py:3239} INFO - Sync 2 DAGs
[2025-10-02T21:37:24.461+0000] {logging_mixin.py:190} INFO - [2025-10-02T21:37:24.461+0000] {dag.py:4180} INFO - Setting next_dagrun for example_subdag_operator.section-1 to None, run_after=None
[2025-10-02T21:37:24.461+0000] {logging_mixin.py:190} INFO - [2025-10-02T21:37:24.461+0000] {dag.py:4180} INFO - Setting next_dagrun for example_subdag_operator.section-2 to None, run_after=None
[2025-10-02T21:37:24.471+0000] {processor.py:208} INFO - Processing /home/airflow/.local/lib/python3.12/site-packages/airflow/example_dags/example_subdag_operator.py took 0.103 seconds
[2025-10-02T21:37:55.133+0000] {processor.py:186} INFO - Started process (PID=691) to work on /home/airflow/.local/lib/python3.12/site-packages/airflow/example_dags/example_subdag_operator.py
[2025-10-02T21:37:55.134+0000] {processor.py:914} INFO - Processing file /home/airflow/.local/lib/python3.12/site-packages/airflow/example_dags/example_subdag_operator.py for tasks to queue
[2025-10-02T21:37:55.136+0000] {logging_mixin.py:190} INFO - [2025-10-02T21:37:55.136+0000] {dagbag.py:588} INFO - Filling up the DagBag from /home/airflow/.local/lib/python3.12/site-packages/airflow/example_dags/example_subdag_operator.py
[2025-10-02T21:37:55.164+0000] {processor.py:925} INFO - DAG(s) 'example_subdag_operator.section-1', 'example_subdag_operator.section-2', 'example_subdag_operator' retrieved from /home/airflow/.local/lib/python3.12/site-packages/airflow/example_dags/example_subdag_operator.py
[2025-10-02T21:37:55.179+0000] {logging_mixin.py:190} INFO - [2025-10-02T21:37:55.178+0000] {dag.py:3239} INFO - Sync 3 DAGs
[2025-10-02T21:37:55.202+0000] {logging_mixin.py:190} INFO - [2025-10-02T21:37:55.202+0000] {dag.py:4180} INFO - Setting next_dagrun for example_subdag_operator to 2022-01-01 00:00:00+00:00, run_after=2022-01-01 00:00:00+00:00
[2025-10-02T21:37:55.206+0000] {logging_mixin.py:190} INFO - [2025-10-02T21:37:55.206+0000] {dag.py:4180} INFO - Setting next_dagrun for example_subdag_operator.section-1 to None, run_after=None
[2025-10-02T21:37:55.208+0000] {logging_mixin.py:190} INFO - [2025-10-02T21:37:55.208+0000] {dag.py:4180} INFO - Setting next_dagrun for example_subdag_operator.section-2 to None, run_after=None
[2025-10-02T21:37:55.215+0000] {logging_mixin.py:190} INFO - [2025-10-02T21:37:55.214+0000] {dag.py:3239} INFO - Sync 2 DAGs
[2025-10-02T21:37:55.220+0000] {logging_mixin.py:190} INFO - [2025-10-02T21:37:55.220+0000] {dag.py:4180} INFO - Setting next_dagrun for example_subdag_operator.section-1 to None, run_after=None
[2025-10-02T21:37:55.220+0000] {logging_mixin.py:190} INFO - [2025-10-02T21:37:55.220+0000] {dag.py:4180} INFO - Setting next_dagrun for example_subdag_operator.section-2 to None, run_after=None
[2025-10-02T21:37:55.230+0000] {processor.py:208} INFO - Processing /home/airflow/.local/lib/python3.12/site-packages/airflow/example_dags/example_subdag_operator.py took 0.104 seconds
[2025-10-02T21:38:25.503+0000] {processor.py:186} INFO - Started process (PID=754) to work on /home/airflow/.local/lib/python3.12/site-packages/airflow/example_dags/example_subdag_operator.py
[2025-10-02T21:38:25.505+0000] {processor.py:914} INFO - Processing file /home/airflow/.local/lib/python3.12/site-packages/airflow/example_dags/example_subdag_operator.py for tasks to queue
[2025-10-02T21:38:25.507+0000] {logging_mixin.py:190} INFO - [2025-10-02T21:38:25.507+0000] {dagbag.py:588} INFO - Filling up the DagBag from /home/airflow/.local/lib/python3.12/site-packages/airflow/example_dags/example_subdag_operator.py
[2025-10-02T21:38:25.535+0000] {processor.py:925} INFO - DAG(s) 'example_subdag_operator.section-1', 'example_subdag_operator.section-2', 'example_subdag_operator' retrieved from /home/airflow/.local/lib/python3.12/site-packages/airflow/example_dags/example_subdag_operator.py
[2025-10-02T21:38:25.550+0000] {logging_mixin.py:190} INFO - [2025-10-02T21:38:25.550+0000] {dag.py:3239} INFO - Sync 3 DAGs
[2025-10-02T21:38:25.587+0000] {logging_mixin.py:190} INFO - [2025-10-02T21:38:25.587+0000] {dag.py:4180} INFO - Setting next_dagrun for example_subdag_operator to 2022-01-01 00:00:00+00:00, run_after=2022-01-01 00:00:00+00:00
[2025-10-02T21:38:25.592+0000] {logging_mixin.py:190} INFO - [2025-10-02T21:38:25.591+0000] {dag.py:4180} INFO - Setting next_dagrun for example_subdag_operator.section-1 to None, run_after=None
[2025-10-02T21:38:25.593+0000] {logging_mixin.py:190} INFO - [2025-10-02T21:38:25.593+0000] {dag.py:4180} INFO - Setting next_dagrun for example_subdag_operator.section-2 to None, run_after=None
[2025-10-02T21:38:25.604+0000] {logging_mixin.py:190} INFO - [2025-10-02T21:38:25.604+0000] {dag.py:3239} INFO - Sync 2 DAGs
[2025-10-02T21:38:25.609+0000] {logging_mixin.py:190} INFO - [2025-10-02T21:38:25.609+0000] {dag.py:4180} INFO - Setting next_dagrun for example_subdag_operator.section-1 to None, run_after=None
[2025-10-02T21:38:25.610+0000] {logging_mixin.py:190} INFO - [2025-10-02T21:38:25.609+0000] {dag.py:4180} INFO - Setting next_dagrun for example_subdag_operator.section-2 to None, run_after=None
[2025-10-02T21:38:25.619+0000] {processor.py:208} INFO - Processing /home/airflow/.local/lib/python3.12/site-packages/airflow/example_dags/example_subdag_operator.py took 0.122 seconds
[2025-10-02T21:38:55.675+0000] {processor.py:186} INFO - Started process (PID=816) to work on /home/airflow/.local/lib/python3.12/site-packages/airflow/example_dags/example_subdag_operator.py
[2025-10-02T21:38:55.676+0000] {processor.py:914} INFO - Processing file /home/airflow/.local/lib/python3.12/site-packages/airflow/example_dags/example_subdag_operator.py for tasks to queue
[2025-10-02T21:38:55.679+0000] {logging_mixin.py:190} INFO - [2025-10-02T21:38:55.678+0000] {dagbag.py:588} INFO - Filling up the DagBag from /home/airflow/.local/lib/python3.12/site-packages/airflow/example_dags/example_subdag_operator.py
[2025-10-02T21:38:55.706+0000] {processor.py:925} INFO - DAG(s) 'example_subdag_operator.section-1', 'example_subdag_operator.section-2', 'example_subdag_operator' retrieved from /home/airflow/.local/lib/python3.12/site-packages/airflow/example_dags/example_subdag_operator.py
[2025-10-02T21:38:55.720+0000] {logging_mixin.py:190} INFO - [2025-10-02T21:38:55.720+0000] {dag.py:3239} INFO - Sync 3 DAGs
[2025-10-02T21:38:55.745+0000] {logging_mixin.py:190} INFO - [2025-10-02T21:38:55.745+0000] {dag.py:4180} INFO - Setting next_dagrun for example_subdag_operator to 2022-01-01 00:00:00+00:00, run_after=2022-01-01 00:00:00+00:00
[2025-10-02T21:38:55.749+0000] {logging_mixin.py:190} INFO - [2025-10-02T21:38:55.749+0000] {dag.py:4180} INFO - Setting next_dagrun for example_subdag_operator.section-1 to None, run_after=None
[2025-10-02T21:38:55.751+0000] {logging_mixin.py:190} INFO - [2025-10-02T21:38:55.751+0000] {dag.py:4180} INFO - Setting next_dagrun for example_subdag_operator.section-2 to None, run_after=None
[2025-10-02T21:38:55.759+0000] {logging_mixin.py:190} INFO - [2025-10-02T21:38:55.758+0000] {dag.py:3239} INFO - Sync 2 DAGs
[2025-10-02T21:38:55.763+0000] {logging_mixin.py:190} INFO - [2025-10-02T21:38:55.763+0000] {dag.py:4180} INFO - Setting next_dagrun for example_subdag_operator.section-1 to None, run_after=None
[2025-10-02T21:38:55.764+0000] {logging_mixin.py:190} INFO - [2025-10-02T21:38:55.764+0000] {dag.py:4180} INFO - Setting next_dagrun for example_subdag_operator.section-2 to None, run_after=None
[2025-10-02T21:38:55.773+0000] {processor.py:208} INFO - Processing /home/airflow/.local/lib/python3.12/site-packages/airflow/example_dags/example_subdag_operator.py took 0.105 seconds
[2025-10-02T21:39:26.347+0000] {processor.py:186} INFO - Started process (PID=879) to work on /home/airflow/.local/lib/python3.12/site-packages/airflow/example_dags/example_subdag_operator.py
[2025-10-02T21:39:26.362+0000] {processor.py:914} INFO - Processing file /home/airflow/.local/lib/python3.12/site-packages/airflow/example_dags/example_subdag_operator.py for tasks to queue
[2025-10-02T21:39:26.372+0000] {logging_mixin.py:190} INFO - [2025-10-02T21:39:26.371+0000] {dagbag.py:588} INFO - Filling up the DagBag from /home/airflow/.local/lib/python3.12/site-packages/airflow/example_dags/example_subdag_operator.py
[2025-10-02T21:39:26.488+0000] {processor.py:925} INFO - DAG(s) 'example_subdag_operator.section-1', 'example_subdag_operator.section-2', 'example_subdag_operator' retrieved from /home/airflow/.local/lib/python3.12/site-packages/airflow/example_dags/example_subdag_operator.py
[2025-10-02T21:39:26.526+0000] {logging_mixin.py:190} INFO - [2025-10-02T21:39:26.525+0000] {dag.py:3239} INFO - Sync 3 DAGs
[2025-10-02T21:39:26.583+0000] {logging_mixin.py:190} INFO - [2025-10-02T21:39:26.582+0000] {dag.py:4180} INFO - Setting next_dagrun for example_subdag_operator to 2022-01-01 00:00:00+00:00, run_after=2022-01-01 00:00:00+00:00
[2025-10-02T21:39:26.592+0000] {logging_mixin.py:190} INFO - [2025-10-02T21:39:26.592+0000] {dag.py:4180} INFO - Setting next_dagrun for example_subdag_operator.section-1 to None, run_after=None
[2025-10-02T21:39:26.595+0000] {logging_mixin.py:190} INFO - [2025-10-02T21:39:26.595+0000] {dag.py:4180} INFO - Setting next_dagrun for example_subdag_operator.section-2 to None, run_after=None
[2025-10-02T21:39:26.618+0000] {logging_mixin.py:190} INFO - [2025-10-02T21:39:26.618+0000] {dag.py:3239} INFO - Sync 2 DAGs
[2025-10-02T21:39:26.636+0000] {logging_mixin.py:190} INFO - [2025-10-02T21:39:26.636+0000] {dag.py:4180} INFO - Setting next_dagrun for example_subdag_operator.section-1 to None, run_after=None
[2025-10-02T21:39:26.638+0000] {logging_mixin.py:190} INFO - [2025-10-02T21:39:26.637+0000] {dag.py:4180} INFO - Setting next_dagrun for example_subdag_operator.section-2 to None, run_after=None
[2025-10-02T21:39:26.657+0000] {processor.py:208} INFO - Processing /home/airflow/.local/lib/python3.12/site-packages/airflow/example_dags/example_subdag_operator.py took 0.338 seconds
[2025-10-02T21:39:57.256+0000] {processor.py:186} INFO - Started process (PID=942) to work on /home/airflow/.local/lib/python3.12/site-packages/airflow/example_dags/example_subdag_operator.py
[2025-10-02T21:39:57.258+0000] {processor.py:914} INFO - Processing file /home/airflow/.local/lib/python3.12/site-packages/airflow/example_dags/example_subdag_operator.py for tasks to queue
[2025-10-02T21:39:57.262+0000] {logging_mixin.py:190} INFO - [2025-10-02T21:39:57.262+0000] {dagbag.py:588} INFO - Filling up the DagBag from /home/airflow/.local/lib/python3.12/site-packages/airflow/example_dags/example_subdag_operator.py
[2025-10-02T21:39:57.291+0000] {processor.py:925} INFO - DAG(s) 'example_subdag_operator.section-1', 'example_subdag_operator.section-2', 'example_subdag_operator' retrieved from /home/airflow/.local/lib/python3.12/site-packages/airflow/example_dags/example_subdag_operator.py
[2025-10-02T21:39:57.307+0000] {logging_mixin.py:190} INFO - [2025-10-02T21:39:57.307+0000] {dag.py:3239} INFO - Sync 3 DAGs
[2025-10-02T21:39:57.333+0000] {logging_mixin.py:190} INFO - [2025-10-02T21:39:57.332+0000] {dag.py:4180} INFO - Setting next_dagrun for example_subdag_operator to 2022-01-01 00:00:00+00:00, run_after=2022-01-01 00:00:00+00:00
[2025-10-02T21:39:57.337+0000] {logging_mixin.py:190} INFO - [2025-10-02T21:39:57.336+0000] {dag.py:4180} INFO - Setting next_dagrun for example_subdag_operator.section-1 to None, run_after=None
[2025-10-02T21:39:57.338+0000] {logging_mixin.py:190} INFO - [2025-10-02T21:39:57.338+0000] {dag.py:4180} INFO - Setting next_dagrun for example_subdag_operator.section-2 to None, run_after=None
[2025-10-02T21:39:57.346+0000] {logging_mixin.py:190} INFO - [2025-10-02T21:39:57.346+0000] {dag.py:3239} INFO - Sync 2 DAGs
[2025-10-02T21:39:57.352+0000] {logging_mixin.py:190} INFO - [2025-10-02T21:39:57.352+0000] {dag.py:4180} INFO - Setting next_dagrun for example_subdag_operator.section-1 to None, run_after=None
[2025-10-02T21:39:57.352+0000] {logging_mixin.py:190} INFO - [2025-10-02T21:39:57.352+0000] {dag.py:4180} INFO - Setting next_dagrun for example_subdag_operator.section-2 to None, run_after=None
[2025-10-02T21:39:57.365+0000] {processor.py:208} INFO - Processing /home/airflow/.local/lib/python3.12/site-packages/airflow/example_dags/example_subdag_operator.py took 0.116 seconds
[2025-10-02T21:40:28.189+0000] {processor.py:186} INFO - Started process (PID=1006) to work on /home/airflow/.local/lib/python3.12/site-packages/airflow/example_dags/example_subdag_operator.py
[2025-10-02T21:40:28.190+0000] {processor.py:914} INFO - Processing file /home/airflow/.local/lib/python3.12/site-packages/airflow/example_dags/example_subdag_operator.py for tasks to queue
[2025-10-02T21:40:28.193+0000] {logging_mixin.py:190} INFO - [2025-10-02T21:40:28.192+0000] {dagbag.py:588} INFO - Filling up the DagBag from /home/airflow/.local/lib/python3.12/site-packages/airflow/example_dags/example_subdag_operator.py
[2025-10-02T21:40:28.219+0000] {processor.py:925} INFO - DAG(s) 'example_subdag_operator.section-1', 'example_subdag_operator.section-2', 'example_subdag_operator' retrieved from /home/airflow/.local/lib/python3.12/site-packages/airflow/example_dags/example_subdag_operator.py
[2025-10-02T21:40:28.276+0000] {logging_mixin.py:190} INFO - [2025-10-02T21:40:28.275+0000] {dag.py:3239} INFO - Sync 3 DAGs
[2025-10-02T21:40:28.361+0000] {logging_mixin.py:190} INFO - [2025-10-02T21:40:28.360+0000] {dag.py:4180} INFO - Setting next_dagrun for example_subdag_operator to 2022-01-01 00:00:00+00:00, run_after=2022-01-01 00:00:00+00:00
[2025-10-02T21:40:28.374+0000] {logging_mixin.py:190} INFO - [2025-10-02T21:40:28.374+0000] {dag.py:4180} INFO - Setting next_dagrun for example_subdag_operator.section-1 to None, run_after=None
[2025-10-02T21:40:28.377+0000] {logging_mixin.py:190} INFO - [2025-10-02T21:40:28.377+0000] {dag.py:4180} INFO - Setting next_dagrun for example_subdag_operator.section-2 to None, run_after=None
[2025-10-02T21:40:28.398+0000] {logging_mixin.py:190} INFO - [2025-10-02T21:40:28.398+0000] {dag.py:3239} INFO - Sync 2 DAGs
[2025-10-02T21:40:28.414+0000] {logging_mixin.py:190} INFO - [2025-10-02T21:40:28.414+0000] {dag.py:4180} INFO - Setting next_dagrun for example_subdag_operator.section-1 to None, run_after=None
[2025-10-02T21:40:28.416+0000] {logging_mixin.py:190} INFO - [2025-10-02T21:40:28.416+0000] {dag.py:4180} INFO - Setting next_dagrun for example_subdag_operator.section-2 to None, run_after=None
[2025-10-02T21:40:28.440+0000] {processor.py:208} INFO - Processing /home/airflow/.local/lib/python3.12/site-packages/airflow/example_dags/example_subdag_operator.py took 0.258 seconds
[2025-10-02T21:40:59.292+0000] {processor.py:186} INFO - Started process (PID=1069) to work on /home/airflow/.local/lib/python3.12/site-packages/airflow/example_dags/example_subdag_operator.py
[2025-10-02T21:40:59.293+0000] {processor.py:914} INFO - Processing file /home/airflow/.local/lib/python3.12/site-packages/airflow/example_dags/example_subdag_operator.py for tasks to queue
[2025-10-02T21:40:59.296+0000] {logging_mixin.py:190} INFO - [2025-10-02T21:40:59.295+0000] {dagbag.py:588} INFO - Filling up the DagBag from /home/airflow/.local/lib/python3.12/site-packages/airflow/example_dags/example_subdag_operator.py
[2025-10-02T21:40:59.332+0000] {processor.py:925} INFO - DAG(s) 'example_subdag_operator.section-1', 'example_subdag_operator.section-2', 'example_subdag_operator' retrieved from /home/airflow/.local/lib/python3.12/site-packages/airflow/example_dags/example_subdag_operator.py
[2025-10-02T21:40:59.355+0000] {logging_mixin.py:190} INFO - [2025-10-02T21:40:59.355+0000] {dag.py:3239} INFO - Sync 3 DAGs
[2025-10-02T21:40:59.399+0000] {logging_mixin.py:190} INFO - [2025-10-02T21:40:59.398+0000] {dag.py:4180} INFO - Setting next_dagrun for example_subdag_operator to 2022-01-01 00:00:00+00:00, run_after=2022-01-01 00:00:00+00:00
[2025-10-02T21:40:59.406+0000] {logging_mixin.py:190} INFO - [2025-10-02T21:40:59.406+0000] {dag.py:4180} INFO - Setting next_dagrun for example_subdag_operator.section-1 to None, run_after=None
[2025-10-02T21:40:59.408+0000] {logging_mixin.py:190} INFO - [2025-10-02T21:40:59.408+0000] {dag.py:4180} INFO - Setting next_dagrun for example_subdag_operator.section-2 to None, run_after=None
[2025-10-02T21:40:59.422+0000] {logging_mixin.py:190} INFO - [2025-10-02T21:40:59.422+0000] {dag.py:3239} INFO - Sync 2 DAGs
[2025-10-02T21:40:59.432+0000] {logging_mixin.py:190} INFO - [2025-10-02T21:40:59.432+0000] {dag.py:4180} INFO - Setting next_dagrun for example_subdag_operator.section-1 to None, run_after=None
[2025-10-02T21:40:59.435+0000] {logging_mixin.py:190} INFO - [2025-10-02T21:40:59.434+0000] {dag.py:4180} INFO - Setting next_dagrun for example_subdag_operator.section-2 to None, run_after=None
[2025-10-02T21:40:59.452+0000] {processor.py:208} INFO - Processing /home/airflow/.local/lib/python3.12/site-packages/airflow/example_dags/example_subdag_operator.py took 0.168 seconds
[2025-10-02T21:41:30.451+0000] {processor.py:186} INFO - Started process (PID=1132) to work on /home/airflow/.local/lib/python3.12/site-packages/airflow/example_dags/example_subdag_operator.py
[2025-10-02T21:41:30.453+0000] {processor.py:914} INFO - Processing file /home/airflow/.local/lib/python3.12/site-packages/airflow/example_dags/example_subdag_operator.py for tasks to queue
[2025-10-02T21:41:30.459+0000] {logging_mixin.py:190} INFO - [2025-10-02T21:41:30.458+0000] {dagbag.py:588} INFO - Filling up the DagBag from /home/airflow/.local/lib/python3.12/site-packages/airflow/example_dags/example_subdag_operator.py
[2025-10-02T21:41:30.509+0000] {processor.py:925} INFO - DAG(s) 'example_subdag_operator.section-1', 'example_subdag_operator.section-2', 'example_subdag_operator' retrieved from /home/airflow/.local/lib/python3.12/site-packages/airflow/example_dags/example_subdag_operator.py
[2025-10-02T21:41:30.545+0000] {logging_mixin.py:190} INFO - [2025-10-02T21:41:30.545+0000] {dag.py:3239} INFO - Sync 3 DAGs
[2025-10-02T21:41:30.598+0000] {logging_mixin.py:190} INFO - [2025-10-02T21:41:30.598+0000] {dag.py:4180} INFO - Setting next_dagrun for example_subdag_operator to 2022-01-01 00:00:00+00:00, run_after=2022-01-01 00:00:00+00:00
[2025-10-02T21:41:30.604+0000] {logging_mixin.py:190} INFO - [2025-10-02T21:41:30.604+0000] {dag.py:4180} INFO - Setting next_dagrun for example_subdag_operator.section-1 to None, run_after=None
[2025-10-02T21:41:30.607+0000] {logging_mixin.py:190} INFO - [2025-10-02T21:41:30.606+0000] {dag.py:4180} INFO - Setting next_dagrun for example_subdag_operator.section-2 to None, run_after=None
[2025-10-02T21:41:30.617+0000] {logging_mixin.py:190} INFO - [2025-10-02T21:41:30.616+0000] {dag.py:3239} INFO - Sync 2 DAGs
[2025-10-02T21:41:30.628+0000] {logging_mixin.py:190} INFO - [2025-10-02T21:41:30.626+0000] {dag.py:4180} INFO - Setting next_dagrun for example_subdag_operator.section-1 to None, run_after=None
[2025-10-02T21:41:30.632+0000] {logging_mixin.py:190} INFO - [2025-10-02T21:41:30.632+0000] {dag.py:4180} INFO - Setting next_dagrun for example_subdag_operator.section-2 to None, run_after=None
[2025-10-02T21:41:30.654+0000] {processor.py:208} INFO - Processing /home/airflow/.local/lib/python3.12/site-packages/airflow/example_dags/example_subdag_operator.py took 0.216 seconds
[2025-10-02T22:00:05.878+0000] {processor.py:186} INFO - Started process (PID=50) to work on /home/airflow/.local/lib/python3.12/site-packages/airflow/example_dags/example_subdag_operator.py
[2025-10-02T22:00:05.880+0000] {processor.py:914} INFO - Processing file /home/airflow/.local/lib/python3.12/site-packages/airflow/example_dags/example_subdag_operator.py for tasks to queue
[2025-10-02T22:00:05.882+0000] {logging_mixin.py:190} INFO - [2025-10-02T22:00:05.882+0000] {dagbag.py:588} INFO - Filling up the DagBag from /home/airflow/.local/lib/python3.12/site-packages/airflow/example_dags/example_subdag_operator.py
[2025-10-02T22:00:05.913+0000] {processor.py:925} INFO - DAG(s) 'example_subdag_operator.section-1', 'example_subdag_operator.section-2', 'example_subdag_operator' retrieved from /home/airflow/.local/lib/python3.12/site-packages/airflow/example_dags/example_subdag_operator.py
[2025-10-02T22:00:05.941+0000] {logging_mixin.py:190} INFO - [2025-10-02T22:00:05.941+0000] {dag.py:3239} INFO - Sync 3 DAGs
[2025-10-02T22:00:05.971+0000] {logging_mixin.py:190} INFO - [2025-10-02T22:00:05.971+0000] {dag.py:4180} INFO - Setting next_dagrun for example_subdag_operator to 2022-01-01 00:00:00+00:00, run_after=2022-01-01 00:00:00+00:00
[2025-10-02T22:00:05.975+0000] {logging_mixin.py:190} INFO - [2025-10-02T22:00:05.975+0000] {dag.py:4180} INFO - Setting next_dagrun for example_subdag_operator.section-1 to None, run_after=None
[2025-10-02T22:00:05.978+0000] {logging_mixin.py:190} INFO - [2025-10-02T22:00:05.977+0000] {dag.py:4180} INFO - Setting next_dagrun for example_subdag_operator.section-2 to None, run_after=None
[2025-10-02T22:00:05.987+0000] {logging_mixin.py:190} INFO - [2025-10-02T22:00:05.987+0000] {dag.py:3239} INFO - Sync 2 DAGs
[2025-10-02T22:00:05.995+0000] {logging_mixin.py:190} INFO - [2025-10-02T22:00:05.994+0000] {dag.py:4180} INFO - Setting next_dagrun for example_subdag_operator.section-1 to None, run_after=None
[2025-10-02T22:00:05.995+0000] {logging_mixin.py:190} INFO - [2025-10-02T22:00:05.995+0000] {dag.py:4180} INFO - Setting next_dagrun for example_subdag_operator.section-2 to None, run_after=None
[2025-10-02T22:00:06.006+0000] {processor.py:208} INFO - Processing /home/airflow/.local/lib/python3.12/site-packages/airflow/example_dags/example_subdag_operator.py took 0.135 seconds
[2025-10-02T22:00:36.448+0000] {processor.py:186} INFO - Started process (PID=114) to work on /home/airflow/.local/lib/python3.12/site-packages/airflow/example_dags/example_subdag_operator.py
[2025-10-02T22:00:36.449+0000] {processor.py:914} INFO - Processing file /home/airflow/.local/lib/python3.12/site-packages/airflow/example_dags/example_subdag_operator.py for tasks to queue
[2025-10-02T22:00:36.452+0000] {logging_mixin.py:190} INFO - [2025-10-02T22:00:36.452+0000] {dagbag.py:588} INFO - Filling up the DagBag from /home/airflow/.local/lib/python3.12/site-packages/airflow/example_dags/example_subdag_operator.py
[2025-10-02T22:00:36.479+0000] {processor.py:925} INFO - DAG(s) 'example_subdag_operator.section-1', 'example_subdag_operator.section-2', 'example_subdag_operator' retrieved from /home/airflow/.local/lib/python3.12/site-packages/airflow/example_dags/example_subdag_operator.py
[2025-10-02T22:00:36.493+0000] {logging_mixin.py:190} INFO - [2025-10-02T22:00:36.493+0000] {dag.py:3239} INFO - Sync 3 DAGs
[2025-10-02T22:00:36.518+0000] {logging_mixin.py:190} INFO - [2025-10-02T22:00:36.518+0000] {dag.py:4180} INFO - Setting next_dagrun for example_subdag_operator to 2022-01-01 00:00:00+00:00, run_after=2022-01-01 00:00:00+00:00
[2025-10-02T22:00:36.522+0000] {logging_mixin.py:190} INFO - [2025-10-02T22:00:36.522+0000] {dag.py:4180} INFO - Setting next_dagrun for example_subdag_operator.section-1 to None, run_after=None
[2025-10-02T22:00:36.523+0000] {logging_mixin.py:190} INFO - [2025-10-02T22:00:36.523+0000] {dag.py:4180} INFO - Setting next_dagrun for example_subdag_operator.section-2 to None, run_after=None
[2025-10-02T22:00:36.530+0000] {logging_mixin.py:190} INFO - [2025-10-02T22:00:36.530+0000] {dag.py:3239} INFO - Sync 2 DAGs
[2025-10-02T22:00:36.536+0000] {logging_mixin.py:190} INFO - [2025-10-02T22:00:36.536+0000] {dag.py:4180} INFO - Setting next_dagrun for example_subdag_operator.section-1 to None, run_after=None
[2025-10-02T22:00:36.537+0000] {logging_mixin.py:190} INFO - [2025-10-02T22:00:36.537+0000] {dag.py:4180} INFO - Setting next_dagrun for example_subdag_operator.section-2 to None, run_after=None
[2025-10-02T22:00:36.547+0000] {processor.py:208} INFO - Processing /home/airflow/.local/lib/python3.12/site-packages/airflow/example_dags/example_subdag_operator.py took 0.106 seconds
[2025-10-02T22:01:06.694+0000] {processor.py:186} INFO - Started process (PID=177) to work on /home/airflow/.local/lib/python3.12/site-packages/airflow/example_dags/example_subdag_operator.py
[2025-10-02T22:01:06.695+0000] {processor.py:914} INFO - Processing file /home/airflow/.local/lib/python3.12/site-packages/airflow/example_dags/example_subdag_operator.py for tasks to queue
[2025-10-02T22:01:06.697+0000] {logging_mixin.py:190} INFO - [2025-10-02T22:01:06.697+0000] {dagbag.py:588} INFO - Filling up the DagBag from /home/airflow/.local/lib/python3.12/site-packages/airflow/example_dags/example_subdag_operator.py
[2025-10-02T22:01:06.721+0000] {processor.py:925} INFO - DAG(s) 'example_subdag_operator.section-1', 'example_subdag_operator.section-2', 'example_subdag_operator' retrieved from /home/airflow/.local/lib/python3.12/site-packages/airflow/example_dags/example_subdag_operator.py
[2025-10-02T22:01:06.735+0000] {logging_mixin.py:190} INFO - [2025-10-02T22:01:06.735+0000] {dag.py:3239} INFO - Sync 3 DAGs
[2025-10-02T22:01:06.758+0000] {logging_mixin.py:190} INFO - [2025-10-02T22:01:06.757+0000] {dag.py:4180} INFO - Setting next_dagrun for example_subdag_operator to 2022-01-01 00:00:00+00:00, run_after=2022-01-01 00:00:00+00:00
[2025-10-02T22:01:06.761+0000] {logging_mixin.py:190} INFO - [2025-10-02T22:01:06.761+0000] {dag.py:4180} INFO - Setting next_dagrun for example_subdag_operator.section-1 to None, run_after=None
[2025-10-02T22:01:06.762+0000] {logging_mixin.py:190} INFO - [2025-10-02T22:01:06.762+0000] {dag.py:4180} INFO - Setting next_dagrun for example_subdag_operator.section-2 to None, run_after=None
[2025-10-02T22:01:06.768+0000] {logging_mixin.py:190} INFO - [2025-10-02T22:01:06.768+0000] {dag.py:3239} INFO - Sync 2 DAGs
[2025-10-02T22:01:06.774+0000] {logging_mixin.py:190} INFO - [2025-10-02T22:01:06.774+0000] {dag.py:4180} INFO - Setting next_dagrun for example_subdag_operator.section-1 to None, run_after=None
[2025-10-02T22:01:06.774+0000] {logging_mixin.py:190} INFO - [2025-10-02T22:01:06.774+0000] {dag.py:4180} INFO - Setting next_dagrun for example_subdag_operator.section-2 to None, run_after=None
[2025-10-02T22:01:06.783+0000] {processor.py:208} INFO - Processing /home/airflow/.local/lib/python3.12/site-packages/airflow/example_dags/example_subdag_operator.py took 0.095 seconds
[2025-10-02T22:01:37.073+0000] {processor.py:186} INFO - Started process (PID=239) to work on /home/airflow/.local/lib/python3.12/site-packages/airflow/example_dags/example_subdag_operator.py
[2025-10-02T22:01:37.074+0000] {processor.py:914} INFO - Processing file /home/airflow/.local/lib/python3.12/site-packages/airflow/example_dags/example_subdag_operator.py for tasks to queue
[2025-10-02T22:01:37.076+0000] {logging_mixin.py:190} INFO - [2025-10-02T22:01:37.076+0000] {dagbag.py:588} INFO - Filling up the DagBag from /home/airflow/.local/lib/python3.12/site-packages/airflow/example_dags/example_subdag_operator.py
[2025-10-02T22:01:37.100+0000] {processor.py:925} INFO - DAG(s) 'example_subdag_operator.section-1', 'example_subdag_operator.section-2', 'example_subdag_operator' retrieved from /home/airflow/.local/lib/python3.12/site-packages/airflow/example_dags/example_subdag_operator.py
[2025-10-02T22:01:37.113+0000] {logging_mixin.py:190} INFO - [2025-10-02T22:01:37.113+0000] {dag.py:3239} INFO - Sync 3 DAGs
[2025-10-02T22:01:37.134+0000] {logging_mixin.py:190} INFO - [2025-10-02T22:01:37.133+0000] {dag.py:4180} INFO - Setting next_dagrun for example_subdag_operator to 2022-01-01 00:00:00+00:00, run_after=2022-01-01 00:00:00+00:00
[2025-10-02T22:01:37.137+0000] {logging_mixin.py:190} INFO - [2025-10-02T22:01:37.137+0000] {dag.py:4180} INFO - Setting next_dagrun for example_subdag_operator.section-1 to None, run_after=None
[2025-10-02T22:01:37.138+0000] {logging_mixin.py:190} INFO - [2025-10-02T22:01:37.138+0000] {dag.py:4180} INFO - Setting next_dagrun for example_subdag_operator.section-2 to None, run_after=None
[2025-10-02T22:01:37.144+0000] {logging_mixin.py:190} INFO - [2025-10-02T22:01:37.144+0000] {dag.py:3239} INFO - Sync 2 DAGs
[2025-10-02T22:01:37.148+0000] {logging_mixin.py:190} INFO - [2025-10-02T22:01:37.148+0000] {dag.py:4180} INFO - Setting next_dagrun for example_subdag_operator.section-1 to None, run_after=None
[2025-10-02T22:01:37.149+0000] {logging_mixin.py:190} INFO - [2025-10-02T22:01:37.149+0000] {dag.py:4180} INFO - Setting next_dagrun for example_subdag_operator.section-2 to None, run_after=None
[2025-10-02T22:01:37.157+0000] {processor.py:208} INFO - Processing /home/airflow/.local/lib/python3.12/site-packages/airflow/example_dags/example_subdag_operator.py took 0.090 seconds
[2025-10-02T22:02:07.372+0000] {processor.py:186} INFO - Started process (PID=302) to work on /home/airflow/.local/lib/python3.12/site-packages/airflow/example_dags/example_subdag_operator.py
[2025-10-02T22:02:07.373+0000] {processor.py:914} INFO - Processing file /home/airflow/.local/lib/python3.12/site-packages/airflow/example_dags/example_subdag_operator.py for tasks to queue
[2025-10-02T22:02:07.376+0000] {logging_mixin.py:190} INFO - [2025-10-02T22:02:07.376+0000] {dagbag.py:588} INFO - Filling up the DagBag from /home/airflow/.local/lib/python3.12/site-packages/airflow/example_dags/example_subdag_operator.py
[2025-10-02T22:02:07.405+0000] {processor.py:925} INFO - DAG(s) 'example_subdag_operator.section-1', 'example_subdag_operator.section-2', 'example_subdag_operator' retrieved from /home/airflow/.local/lib/python3.12/site-packages/airflow/example_dags/example_subdag_operator.py
[2025-10-02T22:02:07.421+0000] {logging_mixin.py:190} INFO - [2025-10-02T22:02:07.421+0000] {dag.py:3239} INFO - Sync 3 DAGs
[2025-10-02T22:02:07.445+0000] {logging_mixin.py:190} INFO - [2025-10-02T22:02:07.445+0000] {dag.py:4180} INFO - Setting next_dagrun for example_subdag_operator to 2022-01-01 00:00:00+00:00, run_after=2022-01-01 00:00:00+00:00
[2025-10-02T22:02:07.449+0000] {logging_mixin.py:190} INFO - [2025-10-02T22:02:07.449+0000] {dag.py:4180} INFO - Setting next_dagrun for example_subdag_operator.section-1 to None, run_after=None
[2025-10-02T22:02:07.450+0000] {logging_mixin.py:190} INFO - [2025-10-02T22:02:07.450+0000] {dag.py:4180} INFO - Setting next_dagrun for example_subdag_operator.section-2 to None, run_after=None
[2025-10-02T22:02:07.457+0000] {logging_mixin.py:190} INFO - [2025-10-02T22:02:07.457+0000] {dag.py:3239} INFO - Sync 2 DAGs
[2025-10-02T22:02:07.463+0000] {logging_mixin.py:190} INFO - [2025-10-02T22:02:07.463+0000] {dag.py:4180} INFO - Setting next_dagrun for example_subdag_operator.section-1 to None, run_after=None
[2025-10-02T22:02:07.463+0000] {logging_mixin.py:190} INFO - [2025-10-02T22:02:07.463+0000] {dag.py:4180} INFO - Setting next_dagrun for example_subdag_operator.section-2 to None, run_after=None
[2025-10-02T22:02:07.473+0000] {processor.py:208} INFO - Processing /home/airflow/.local/lib/python3.12/site-packages/airflow/example_dags/example_subdag_operator.py took 0.109 seconds
[2025-10-02T22:02:38.192+0000] {processor.py:186} INFO - Started process (PID=366) to work on /home/airflow/.local/lib/python3.12/site-packages/airflow/example_dags/example_subdag_operator.py
[2025-10-02T22:02:38.193+0000] {processor.py:914} INFO - Processing file /home/airflow/.local/lib/python3.12/site-packages/airflow/example_dags/example_subdag_operator.py for tasks to queue
[2025-10-02T22:02:38.196+0000] {logging_mixin.py:190} INFO - [2025-10-02T22:02:38.195+0000] {dagbag.py:588} INFO - Filling up the DagBag from /home/airflow/.local/lib/python3.12/site-packages/airflow/example_dags/example_subdag_operator.py
[2025-10-02T22:02:38.221+0000] {processor.py:925} INFO - DAG(s) 'example_subdag_operator.section-1', 'example_subdag_operator.section-2', 'example_subdag_operator' retrieved from /home/airflow/.local/lib/python3.12/site-packages/airflow/example_dags/example_subdag_operator.py
[2025-10-02T22:02:38.234+0000] {logging_mixin.py:190} INFO - [2025-10-02T22:02:38.234+0000] {dag.py:3239} INFO - Sync 3 DAGs
[2025-10-02T22:02:38.257+0000] {logging_mixin.py:190} INFO - [2025-10-02T22:02:38.257+0000] {dag.py:4180} INFO - Setting next_dagrun for example_subdag_operator to 2022-01-01 00:00:00+00:00, run_after=2022-01-01 00:00:00+00:00
[2025-10-02T22:02:38.260+0000] {logging_mixin.py:190} INFO - [2025-10-02T22:02:38.260+0000] {dag.py:4180} INFO - Setting next_dagrun for example_subdag_operator.section-1 to None, run_after=None
[2025-10-02T22:02:38.262+0000] {logging_mixin.py:190} INFO - [2025-10-02T22:02:38.262+0000] {dag.py:4180} INFO - Setting next_dagrun for example_subdag_operator.section-2 to None, run_after=None
[2025-10-02T22:02:38.268+0000] {logging_mixin.py:190} INFO - [2025-10-02T22:02:38.268+0000] {dag.py:3239} INFO - Sync 2 DAGs
[2025-10-02T22:02:38.273+0000] {logging_mixin.py:190} INFO - [2025-10-02T22:02:38.273+0000] {dag.py:4180} INFO - Setting next_dagrun for example_subdag_operator.section-1 to None, run_after=None
[2025-10-02T22:02:38.274+0000] {logging_mixin.py:190} INFO - [2025-10-02T22:02:38.274+0000] {dag.py:4180} INFO - Setting next_dagrun for example_subdag_operator.section-2 to None, run_after=None
[2025-10-02T22:02:38.283+0000] {processor.py:208} INFO - Processing /home/airflow/.local/lib/python3.12/site-packages/airflow/example_dags/example_subdag_operator.py took 0.098 seconds
[2025-10-02T22:03:09.671+0000] {processor.py:186} INFO - Started process (PID=436) to work on /home/airflow/.local/lib/python3.12/site-packages/airflow/example_dags/example_subdag_operator.py
[2025-10-02T22:03:09.673+0000] {processor.py:914} INFO - Processing file /home/airflow/.local/lib/python3.12/site-packages/airflow/example_dags/example_subdag_operator.py for tasks to queue
[2025-10-02T22:03:09.677+0000] {logging_mixin.py:190} INFO - [2025-10-02T22:03:09.677+0000] {dagbag.py:588} INFO - Filling up the DagBag from /home/airflow/.local/lib/python3.12/site-packages/airflow/example_dags/example_subdag_operator.py
[2025-10-02T22:03:09.706+0000] {processor.py:925} INFO - DAG(s) 'example_subdag_operator.section-1', 'example_subdag_operator.section-2', 'example_subdag_operator' retrieved from /home/airflow/.local/lib/python3.12/site-packages/airflow/example_dags/example_subdag_operator.py
[2025-10-02T22:03:09.723+0000] {logging_mixin.py:190} INFO - [2025-10-02T22:03:09.723+0000] {dag.py:3239} INFO - Sync 3 DAGs
[2025-10-02T22:03:09.764+0000] {logging_mixin.py:190} INFO - [2025-10-02T22:03:09.763+0000] {dag.py:4180} INFO - Setting next_dagrun for example_subdag_operator to 2022-01-01 00:00:00+00:00, run_after=2022-01-01 00:00:00+00:00
[2025-10-02T22:03:09.769+0000] {logging_mixin.py:190} INFO - [2025-10-02T22:03:09.769+0000] {dag.py:4180} INFO - Setting next_dagrun for example_subdag_operator.section-1 to None, run_after=None
[2025-10-02T22:03:09.772+0000] {logging_mixin.py:190} INFO - [2025-10-02T22:03:09.771+0000] {dag.py:4180} INFO - Setting next_dagrun for example_subdag_operator.section-2 to None, run_after=None
[2025-10-02T22:03:09.782+0000] {logging_mixin.py:190} INFO - [2025-10-02T22:03:09.782+0000] {dag.py:3239} INFO - Sync 2 DAGs
[2025-10-02T22:03:09.794+0000] {logging_mixin.py:190} INFO - [2025-10-02T22:03:09.793+0000] {dag.py:4180} INFO - Setting next_dagrun for example_subdag_operator.section-1 to None, run_after=None
[2025-10-02T22:03:09.795+0000] {logging_mixin.py:190} INFO - [2025-10-02T22:03:09.794+0000] {dag.py:4180} INFO - Setting next_dagrun for example_subdag_operator.section-2 to None, run_after=None
[2025-10-02T22:03:09.808+0000] {processor.py:208} INFO - Processing /home/airflow/.local/lib/python3.12/site-packages/airflow/example_dags/example_subdag_operator.py took 0.143 seconds
[2025-10-02T22:03:40.145+0000] {processor.py:186} INFO - Started process (PID=499) to work on /home/airflow/.local/lib/python3.12/site-packages/airflow/example_dags/example_subdag_operator.py
[2025-10-02T22:03:40.146+0000] {processor.py:914} INFO - Processing file /home/airflow/.local/lib/python3.12/site-packages/airflow/example_dags/example_subdag_operator.py for tasks to queue
[2025-10-02T22:03:40.149+0000] {logging_mixin.py:190} INFO - [2025-10-02T22:03:40.149+0000] {dagbag.py:588} INFO - Filling up the DagBag from /home/airflow/.local/lib/python3.12/site-packages/airflow/example_dags/example_subdag_operator.py
[2025-10-02T22:03:40.174+0000] {processor.py:925} INFO - DAG(s) 'example_subdag_operator.section-1', 'example_subdag_operator.section-2', 'example_subdag_operator' retrieved from /home/airflow/.local/lib/python3.12/site-packages/airflow/example_dags/example_subdag_operator.py
[2025-10-02T22:03:40.188+0000] {logging_mixin.py:190} INFO - [2025-10-02T22:03:40.188+0000] {dag.py:3239} INFO - Sync 3 DAGs
[2025-10-02T22:03:40.212+0000] {logging_mixin.py:190} INFO - [2025-10-02T22:03:40.212+0000] {dag.py:4180} INFO - Setting next_dagrun for example_subdag_operator to 2022-01-01 00:00:00+00:00, run_after=2022-01-01 00:00:00+00:00
[2025-10-02T22:03:40.215+0000] {logging_mixin.py:190} INFO - [2025-10-02T22:03:40.215+0000] {dag.py:4180} INFO - Setting next_dagrun for example_subdag_operator.section-1 to None, run_after=None
[2025-10-02T22:03:40.217+0000] {logging_mixin.py:190} INFO - [2025-10-02T22:03:40.216+0000] {dag.py:4180} INFO - Setting next_dagrun for example_subdag_operator.section-2 to None, run_after=None
[2025-10-02T22:03:40.225+0000] {logging_mixin.py:190} INFO - [2025-10-02T22:03:40.225+0000] {dag.py:3239} INFO - Sync 2 DAGs
[2025-10-02T22:03:40.231+0000] {logging_mixin.py:190} INFO - [2025-10-02T22:03:40.230+0000] {dag.py:4180} INFO - Setting next_dagrun for example_subdag_operator.section-1 to None, run_after=None
[2025-10-02T22:03:40.231+0000] {logging_mixin.py:190} INFO - [2025-10-02T22:03:40.231+0000] {dag.py:4180} INFO - Setting next_dagrun for example_subdag_operator.section-2 to None, run_after=None
[2025-10-02T22:03:40.245+0000] {processor.py:208} INFO - Processing /home/airflow/.local/lib/python3.12/site-packages/airflow/example_dags/example_subdag_operator.py took 0.107 seconds
[2025-10-02T22:04:11.246+0000] {processor.py:186} INFO - Started process (PID=562) to work on /home/airflow/.local/lib/python3.12/site-packages/airflow/example_dags/example_subdag_operator.py
[2025-10-02T22:04:11.247+0000] {processor.py:914} INFO - Processing file /home/airflow/.local/lib/python3.12/site-packages/airflow/example_dags/example_subdag_operator.py for tasks to queue
[2025-10-02T22:04:11.251+0000] {logging_mixin.py:190} INFO - [2025-10-02T22:04:11.250+0000] {dagbag.py:588} INFO - Filling up the DagBag from /home/airflow/.local/lib/python3.12/site-packages/airflow/example_dags/example_subdag_operator.py
[2025-10-02T22:04:11.283+0000] {processor.py:925} INFO - DAG(s) 'example_subdag_operator.section-1', 'example_subdag_operator.section-2', 'example_subdag_operator' retrieved from /home/airflow/.local/lib/python3.12/site-packages/airflow/example_dags/example_subdag_operator.py
[2025-10-02T22:04:11.298+0000] {logging_mixin.py:190} INFO - [2025-10-02T22:04:11.298+0000] {dag.py:3239} INFO - Sync 3 DAGs
[2025-10-02T22:04:11.323+0000] {logging_mixin.py:190} INFO - [2025-10-02T22:04:11.323+0000] {dag.py:4180} INFO - Setting next_dagrun for example_subdag_operator to 2022-01-01 00:00:00+00:00, run_after=2022-01-01 00:00:00+00:00
[2025-10-02T22:04:11.327+0000] {logging_mixin.py:190} INFO - [2025-10-02T22:04:11.327+0000] {dag.py:4180} INFO - Setting next_dagrun for example_subdag_operator.section-1 to None, run_after=None
[2025-10-02T22:04:11.328+0000] {logging_mixin.py:190} INFO - [2025-10-02T22:04:11.328+0000] {dag.py:4180} INFO - Setting next_dagrun for example_subdag_operator.section-2 to None, run_after=None
[2025-10-02T22:04:11.336+0000] {logging_mixin.py:190} INFO - [2025-10-02T22:04:11.336+0000] {dag.py:3239} INFO - Sync 2 DAGs
[2025-10-02T22:04:11.342+0000] {logging_mixin.py:190} INFO - [2025-10-02T22:04:11.342+0000] {dag.py:4180} INFO - Setting next_dagrun for example_subdag_operator.section-1 to None, run_after=None
[2025-10-02T22:04:11.343+0000] {logging_mixin.py:190} INFO - [2025-10-02T22:04:11.343+0000] {dag.py:4180} INFO - Setting next_dagrun for example_subdag_operator.section-2 to None, run_after=None
[2025-10-02T22:04:11.353+0000] {processor.py:208} INFO - Processing /home/airflow/.local/lib/python3.12/site-packages/airflow/example_dags/example_subdag_operator.py took 0.115 seconds
[2025-10-02T22:04:42.199+0000] {processor.py:186} INFO - Started process (PID=625) to work on /home/airflow/.local/lib/python3.12/site-packages/airflow/example_dags/example_subdag_operator.py
[2025-10-02T22:04:42.200+0000] {processor.py:914} INFO - Processing file /home/airflow/.local/lib/python3.12/site-packages/airflow/example_dags/example_subdag_operator.py for tasks to queue
[2025-10-02T22:04:42.202+0000] {logging_mixin.py:190} INFO - [2025-10-02T22:04:42.202+0000] {dagbag.py:588} INFO - Filling up the DagBag from /home/airflow/.local/lib/python3.12/site-packages/airflow/example_dags/example_subdag_operator.py
[2025-10-02T22:04:42.228+0000] {processor.py:925} INFO - DAG(s) 'example_subdag_operator.section-1', 'example_subdag_operator.section-2', 'example_subdag_operator' retrieved from /home/airflow/.local/lib/python3.12/site-packages/airflow/example_dags/example_subdag_operator.py
[2025-10-02T22:04:42.243+0000] {logging_mixin.py:190} INFO - [2025-10-02T22:04:42.242+0000] {dag.py:3239} INFO - Sync 3 DAGs
[2025-10-02T22:04:42.265+0000] {logging_mixin.py:190} INFO - [2025-10-02T22:04:42.265+0000] {dag.py:4180} INFO - Setting next_dagrun for example_subdag_operator to 2022-01-01 00:00:00+00:00, run_after=2022-01-01 00:00:00+00:00
[2025-10-02T22:04:42.268+0000] {logging_mixin.py:190} INFO - [2025-10-02T22:04:42.268+0000] {dag.py:4180} INFO - Setting next_dagrun for example_subdag_operator.section-1 to None, run_after=None
[2025-10-02T22:04:42.269+0000] {logging_mixin.py:190} INFO - [2025-10-02T22:04:42.269+0000] {dag.py:4180} INFO - Setting next_dagrun for example_subdag_operator.section-2 to None, run_after=None
[2025-10-02T22:04:42.276+0000] {logging_mixin.py:190} INFO - [2025-10-02T22:04:42.275+0000] {dag.py:3239} INFO - Sync 2 DAGs
[2025-10-02T22:04:42.280+0000] {logging_mixin.py:190} INFO - [2025-10-02T22:04:42.280+0000] {dag.py:4180} INFO - Setting next_dagrun for example_subdag_operator.section-1 to None, run_after=None
[2025-10-02T22:04:42.281+0000] {logging_mixin.py:190} INFO - [2025-10-02T22:04:42.281+0000] {dag.py:4180} INFO - Setting next_dagrun for example_subdag_operator.section-2 to None, run_after=None
[2025-10-02T22:04:42.290+0000] {processor.py:208} INFO - Processing /home/airflow/.local/lib/python3.12/site-packages/airflow/example_dags/example_subdag_operator.py took 0.097 seconds
[2025-10-02T22:05:12.621+0000] {processor.py:186} INFO - Started process (PID=688) to work on /home/airflow/.local/lib/python3.12/site-packages/airflow/example_dags/example_subdag_operator.py
[2025-10-02T22:05:12.623+0000] {processor.py:914} INFO - Processing file /home/airflow/.local/lib/python3.12/site-packages/airflow/example_dags/example_subdag_operator.py for tasks to queue
[2025-10-02T22:05:12.625+0000] {logging_mixin.py:190} INFO - [2025-10-02T22:05:12.625+0000] {dagbag.py:588} INFO - Filling up the DagBag from /home/airflow/.local/lib/python3.12/site-packages/airflow/example_dags/example_subdag_operator.py
[2025-10-02T22:05:12.653+0000] {processor.py:925} INFO - DAG(s) 'example_subdag_operator.section-1', 'example_subdag_operator.section-2', 'example_subdag_operator' retrieved from /home/airflow/.local/lib/python3.12/site-packages/airflow/example_dags/example_subdag_operator.py
[2025-10-02T22:05:12.669+0000] {logging_mixin.py:190} INFO - [2025-10-02T22:05:12.669+0000] {dag.py:3239} INFO - Sync 3 DAGs
[2025-10-02T22:05:12.694+0000] {logging_mixin.py:190} INFO - [2025-10-02T22:05:12.694+0000] {dag.py:4180} INFO - Setting next_dagrun for example_subdag_operator to 2022-01-01 00:00:00+00:00, run_after=2022-01-01 00:00:00+00:00
[2025-10-02T22:05:12.698+0000] {logging_mixin.py:190} INFO - [2025-10-02T22:05:12.698+0000] {dag.py:4180} INFO - Setting next_dagrun for example_subdag_operator.section-1 to None, run_after=None
[2025-10-02T22:05:12.700+0000] {logging_mixin.py:190} INFO - [2025-10-02T22:05:12.700+0000] {dag.py:4180} INFO - Setting next_dagrun for example_subdag_operator.section-2 to None, run_after=None
[2025-10-02T22:05:12.707+0000] {logging_mixin.py:190} INFO - [2025-10-02T22:05:12.707+0000] {dag.py:3239} INFO - Sync 2 DAGs
[2025-10-02T22:05:12.712+0000] {logging_mixin.py:190} INFO - [2025-10-02T22:05:12.712+0000] {dag.py:4180} INFO - Setting next_dagrun for example_subdag_operator.section-1 to None, run_after=None
[2025-10-02T22:05:12.712+0000] {logging_mixin.py:190} INFO - [2025-10-02T22:05:12.712+0000] {dag.py:4180} INFO - Setting next_dagrun for example_subdag_operator.section-2 to None, run_after=None
[2025-10-02T22:05:12.721+0000] {processor.py:208} INFO - Processing /home/airflow/.local/lib/python3.12/site-packages/airflow/example_dags/example_subdag_operator.py took 0.106 seconds
[2025-10-02T22:05:43.477+0000] {processor.py:186} INFO - Started process (PID=751) to work on /home/airflow/.local/lib/python3.12/site-packages/airflow/example_dags/example_subdag_operator.py
[2025-10-02T22:05:43.478+0000] {processor.py:914} INFO - Processing file /home/airflow/.local/lib/python3.12/site-packages/airflow/example_dags/example_subdag_operator.py for tasks to queue
[2025-10-02T22:05:43.480+0000] {logging_mixin.py:190} INFO - [2025-10-02T22:05:43.480+0000] {dagbag.py:588} INFO - Filling up the DagBag from /home/airflow/.local/lib/python3.12/site-packages/airflow/example_dags/example_subdag_operator.py
[2025-10-02T22:05:43.506+0000] {processor.py:925} INFO - DAG(s) 'example_subdag_operator.section-1', 'example_subdag_operator.section-2', 'example_subdag_operator' retrieved from /home/airflow/.local/lib/python3.12/site-packages/airflow/example_dags/example_subdag_operator.py
[2025-10-02T22:05:43.520+0000] {logging_mixin.py:190} INFO - [2025-10-02T22:05:43.520+0000] {dag.py:3239} INFO - Sync 3 DAGs
[2025-10-02T22:05:43.542+0000] {logging_mixin.py:190} INFO - [2025-10-02T22:05:43.542+0000] {dag.py:4180} INFO - Setting next_dagrun for example_subdag_operator to 2022-01-01 00:00:00+00:00, run_after=2022-01-01 00:00:00+00:00
[2025-10-02T22:05:43.545+0000] {logging_mixin.py:190} INFO - [2025-10-02T22:05:43.545+0000] {dag.py:4180} INFO - Setting next_dagrun for example_subdag_operator.section-1 to None, run_after=None
[2025-10-02T22:05:43.547+0000] {logging_mixin.py:190} INFO - [2025-10-02T22:05:43.547+0000] {dag.py:4180} INFO - Setting next_dagrun for example_subdag_operator.section-2 to None, run_after=None
[2025-10-02T22:05:43.553+0000] {logging_mixin.py:190} INFO - [2025-10-02T22:05:43.552+0000] {dag.py:3239} INFO - Sync 2 DAGs
[2025-10-02T22:05:43.557+0000] {logging_mixin.py:190} INFO - [2025-10-02T22:05:43.557+0000] {dag.py:4180} INFO - Setting next_dagrun for example_subdag_operator.section-1 to None, run_after=None
[2025-10-02T22:05:43.558+0000] {logging_mixin.py:190} INFO - [2025-10-02T22:05:43.558+0000] {dag.py:4180} INFO - Setting next_dagrun for example_subdag_operator.section-2 to None, run_after=None
[2025-10-02T22:05:43.566+0000] {processor.py:208} INFO - Processing /home/airflow/.local/lib/python3.12/site-packages/airflow/example_dags/example_subdag_operator.py took 0.095 seconds
