[2025-10-06T05:54:04.310+0000] {processor.py:186} INFO - Started process (PID=137) to work on /home/airflow/.local/lib/python3.12/site-packages/airflow/example_dags/plugins/workday.py
[2025-10-06T05:54:04.313+0000] {processor.py:914} INFO - Processing file /home/airflow/.local/lib/python3.12/site-packages/airflow/example_dags/plugins/workday.py for tasks to queue
[2025-10-06T05:54:04.321+0000] {logging_mixin.py:190} INFO - [2025-10-06T05:54:04.320+0000] {dagbag.py:588} INFO - Filling up the DagBag from /home/airflow/.local/lib/python3.12/site-packages/airflow/example_dags/plugins/workday.py
[2025-10-06T05:54:04.330+0000] {processor.py:927} WARNING - No viable dags retrieved from /home/airflow/.local/lib/python3.12/site-packages/airflow/example_dags/plugins/workday.py
[2025-10-06T05:54:04.377+0000] {processor.py:208} INFO - Processing /home/airflow/.local/lib/python3.12/site-packages/airflow/example_dags/plugins/workday.py took 0.082 seconds
[2025-10-06T05:54:35.600+0000] {processor.py:186} INFO - Started process (PID=201) to work on /home/airflow/.local/lib/python3.12/site-packages/airflow/example_dags/plugins/workday.py
[2025-10-06T05:54:35.602+0000] {processor.py:914} INFO - Processing file /home/airflow/.local/lib/python3.12/site-packages/airflow/example_dags/plugins/workday.py for tasks to queue
[2025-10-06T05:54:35.610+0000] {logging_mixin.py:190} INFO - [2025-10-06T05:54:35.609+0000] {dagbag.py:588} INFO - Filling up the DagBag from /home/airflow/.local/lib/python3.12/site-packages/airflow/example_dags/plugins/workday.py
[2025-10-06T05:54:35.618+0000] {processor.py:927} WARNING - No viable dags retrieved from /home/airflow/.local/lib/python3.12/site-packages/airflow/example_dags/plugins/workday.py
[2025-10-06T05:54:35.658+0000] {processor.py:208} INFO - Processing /home/airflow/.local/lib/python3.12/site-packages/airflow/example_dags/plugins/workday.py took 0.076 seconds
[2025-10-06T05:55:07.561+0000] {processor.py:186} INFO - Started process (PID=265) to work on /home/airflow/.local/lib/python3.12/site-packages/airflow/example_dags/plugins/workday.py
[2025-10-06T05:55:07.580+0000] {processor.py:914} INFO - Processing file /home/airflow/.local/lib/python3.12/site-packages/airflow/example_dags/plugins/workday.py for tasks to queue
[2025-10-06T05:55:07.598+0000] {logging_mixin.py:190} INFO - [2025-10-06T05:55:07.597+0000] {dagbag.py:588} INFO - Filling up the DagBag from /home/airflow/.local/lib/python3.12/site-packages/airflow/example_dags/plugins/workday.py
[2025-10-06T05:55:07.615+0000] {processor.py:927} WARNING - No viable dags retrieved from /home/airflow/.local/lib/python3.12/site-packages/airflow/example_dags/plugins/workday.py
[2025-10-06T05:55:07.677+0000] {processor.py:208} INFO - Processing /home/airflow/.local/lib/python3.12/site-packages/airflow/example_dags/plugins/workday.py took 0.156 seconds
[2025-10-06T05:55:39.067+0000] {processor.py:186} INFO - Started process (PID=330) to work on /home/airflow/.local/lib/python3.12/site-packages/airflow/example_dags/plugins/workday.py
[2025-10-06T05:55:39.070+0000] {processor.py:914} INFO - Processing file /home/airflow/.local/lib/python3.12/site-packages/airflow/example_dags/plugins/workday.py for tasks to queue
[2025-10-06T05:55:39.080+0000] {logging_mixin.py:190} INFO - [2025-10-06T05:55:39.078+0000] {dagbag.py:588} INFO - Filling up the DagBag from /home/airflow/.local/lib/python3.12/site-packages/airflow/example_dags/plugins/workday.py
[2025-10-06T05:55:39.104+0000] {processor.py:927} WARNING - No viable dags retrieved from /home/airflow/.local/lib/python3.12/site-packages/airflow/example_dags/plugins/workday.py
[2025-10-06T05:55:39.201+0000] {processor.py:208} INFO - Processing /home/airflow/.local/lib/python3.12/site-packages/airflow/example_dags/plugins/workday.py took 0.149 seconds
[2025-10-06T05:56:09.441+0000] {processor.py:186} INFO - Started process (PID=392) to work on /home/airflow/.local/lib/python3.12/site-packages/airflow/example_dags/plugins/workday.py
[2025-10-06T05:56:09.443+0000] {processor.py:914} INFO - Processing file /home/airflow/.local/lib/python3.12/site-packages/airflow/example_dags/plugins/workday.py for tasks to queue
[2025-10-06T05:56:09.450+0000] {logging_mixin.py:190} INFO - [2025-10-06T05:56:09.449+0000] {dagbag.py:588} INFO - Filling up the DagBag from /home/airflow/.local/lib/python3.12/site-packages/airflow/example_dags/plugins/workday.py
[2025-10-06T05:56:09.458+0000] {processor.py:927} WARNING - No viable dags retrieved from /home/airflow/.local/lib/python3.12/site-packages/airflow/example_dags/plugins/workday.py
[2025-10-06T05:56:09.511+0000] {processor.py:208} INFO - Processing /home/airflow/.local/lib/python3.12/site-packages/airflow/example_dags/plugins/workday.py took 0.088 seconds
[2025-10-06T05:56:39.712+0000] {processor.py:186} INFO - Started process (PID=454) to work on /home/airflow/.local/lib/python3.12/site-packages/airflow/example_dags/plugins/workday.py
[2025-10-06T05:56:39.714+0000] {processor.py:914} INFO - Processing file /home/airflow/.local/lib/python3.12/site-packages/airflow/example_dags/plugins/workday.py for tasks to queue
[2025-10-06T05:56:39.722+0000] {logging_mixin.py:190} INFO - [2025-10-06T05:56:39.721+0000] {dagbag.py:588} INFO - Filling up the DagBag from /home/airflow/.local/lib/python3.12/site-packages/airflow/example_dags/plugins/workday.py
[2025-10-06T05:56:39.734+0000] {processor.py:927} WARNING - No viable dags retrieved from /home/airflow/.local/lib/python3.12/site-packages/airflow/example_dags/plugins/workday.py
[2025-10-06T05:56:39.777+0000] {processor.py:208} INFO - Processing /home/airflow/.local/lib/python3.12/site-packages/airflow/example_dags/plugins/workday.py took 0.077 seconds
[2025-10-06T05:57:10.263+0000] {processor.py:186} INFO - Started process (PID=518) to work on /home/airflow/.local/lib/python3.12/site-packages/airflow/example_dags/plugins/workday.py
[2025-10-06T05:57:10.267+0000] {processor.py:914} INFO - Processing file /home/airflow/.local/lib/python3.12/site-packages/airflow/example_dags/plugins/workday.py for tasks to queue
[2025-10-06T05:57:10.274+0000] {logging_mixin.py:190} INFO - [2025-10-06T05:57:10.273+0000] {dagbag.py:588} INFO - Filling up the DagBag from /home/airflow/.local/lib/python3.12/site-packages/airflow/example_dags/plugins/workday.py
[2025-10-06T05:57:10.280+0000] {processor.py:927} WARNING - No viable dags retrieved from /home/airflow/.local/lib/python3.12/site-packages/airflow/example_dags/plugins/workday.py
[2025-10-06T05:57:10.317+0000] {processor.py:208} INFO - Processing /home/airflow/.local/lib/python3.12/site-packages/airflow/example_dags/plugins/workday.py took 0.072 seconds
[2025-10-06T05:57:41.354+0000] {processor.py:186} INFO - Started process (PID=582) to work on /home/airflow/.local/lib/python3.12/site-packages/airflow/example_dags/plugins/workday.py
[2025-10-06T05:57:41.357+0000] {processor.py:914} INFO - Processing file /home/airflow/.local/lib/python3.12/site-packages/airflow/example_dags/plugins/workday.py for tasks to queue
[2025-10-06T05:57:41.365+0000] {logging_mixin.py:190} INFO - [2025-10-06T05:57:41.364+0000] {dagbag.py:588} INFO - Filling up the DagBag from /home/airflow/.local/lib/python3.12/site-packages/airflow/example_dags/plugins/workday.py
[2025-10-06T05:57:41.372+0000] {processor.py:927} WARNING - No viable dags retrieved from /home/airflow/.local/lib/python3.12/site-packages/airflow/example_dags/plugins/workday.py
[2025-10-06T05:57:41.413+0000] {processor.py:208} INFO - Processing /home/airflow/.local/lib/python3.12/site-packages/airflow/example_dags/plugins/workday.py took 0.075 seconds
[2025-10-06T05:58:13.846+0000] {processor.py:186} INFO - Started process (PID=646) to work on /home/airflow/.local/lib/python3.12/site-packages/airflow/example_dags/plugins/workday.py
[2025-10-06T05:58:13.850+0000] {processor.py:914} INFO - Processing file /home/airflow/.local/lib/python3.12/site-packages/airflow/example_dags/plugins/workday.py for tasks to queue
[2025-10-06T05:58:13.860+0000] {logging_mixin.py:190} INFO - [2025-10-06T05:58:13.859+0000] {dagbag.py:588} INFO - Filling up the DagBag from /home/airflow/.local/lib/python3.12/site-packages/airflow/example_dags/plugins/workday.py
[2025-10-06T05:58:13.877+0000] {processor.py:927} WARNING - No viable dags retrieved from /home/airflow/.local/lib/python3.12/site-packages/airflow/example_dags/plugins/workday.py
[2025-10-06T05:58:13.933+0000] {processor.py:208} INFO - Processing /home/airflow/.local/lib/python3.12/site-packages/airflow/example_dags/plugins/workday.py took 0.113 seconds
[2025-10-06T05:58:44.575+0000] {processor.py:186} INFO - Started process (PID=710) to work on /home/airflow/.local/lib/python3.12/site-packages/airflow/example_dags/plugins/workday.py
[2025-10-06T05:58:44.577+0000] {processor.py:914} INFO - Processing file /home/airflow/.local/lib/python3.12/site-packages/airflow/example_dags/plugins/workday.py for tasks to queue
[2025-10-06T05:58:44.587+0000] {logging_mixin.py:190} INFO - [2025-10-06T05:58:44.585+0000] {dagbag.py:588} INFO - Filling up the DagBag from /home/airflow/.local/lib/python3.12/site-packages/airflow/example_dags/plugins/workday.py
[2025-10-06T05:58:44.593+0000] {processor.py:927} WARNING - No viable dags retrieved from /home/airflow/.local/lib/python3.12/site-packages/airflow/example_dags/plugins/workday.py
[2025-10-06T05:58:44.627+0000] {processor.py:208} INFO - Processing /home/airflow/.local/lib/python3.12/site-packages/airflow/example_dags/plugins/workday.py took 0.070 seconds
[2025-10-06T05:59:15.480+0000] {processor.py:186} INFO - Started process (PID=773) to work on /home/airflow/.local/lib/python3.12/site-packages/airflow/example_dags/plugins/workday.py
[2025-10-06T05:59:15.483+0000] {processor.py:914} INFO - Processing file /home/airflow/.local/lib/python3.12/site-packages/airflow/example_dags/plugins/workday.py for tasks to queue
[2025-10-06T05:59:15.490+0000] {logging_mixin.py:190} INFO - [2025-10-06T05:59:15.489+0000] {dagbag.py:588} INFO - Filling up the DagBag from /home/airflow/.local/lib/python3.12/site-packages/airflow/example_dags/plugins/workday.py
[2025-10-06T05:59:15.496+0000] {processor.py:927} WARNING - No viable dags retrieved from /home/airflow/.local/lib/python3.12/site-packages/airflow/example_dags/plugins/workday.py
[2025-10-06T05:59:15.534+0000] {processor.py:208} INFO - Processing /home/airflow/.local/lib/python3.12/site-packages/airflow/example_dags/plugins/workday.py took 0.070 seconds
[2025-10-06T05:59:46.001+0000] {processor.py:186} INFO - Started process (PID=836) to work on /home/airflow/.local/lib/python3.12/site-packages/airflow/example_dags/plugins/workday.py
[2025-10-06T05:59:46.005+0000] {processor.py:914} INFO - Processing file /home/airflow/.local/lib/python3.12/site-packages/airflow/example_dags/plugins/workday.py for tasks to queue
[2025-10-06T05:59:46.012+0000] {logging_mixin.py:190} INFO - [2025-10-06T05:59:46.011+0000] {dagbag.py:588} INFO - Filling up the DagBag from /home/airflow/.local/lib/python3.12/site-packages/airflow/example_dags/plugins/workday.py
[2025-10-06T05:59:46.022+0000] {processor.py:927} WARNING - No viable dags retrieved from /home/airflow/.local/lib/python3.12/site-packages/airflow/example_dags/plugins/workday.py
[2025-10-06T05:59:46.055+0000] {processor.py:208} INFO - Processing /home/airflow/.local/lib/python3.12/site-packages/airflow/example_dags/plugins/workday.py took 0.086 seconds
[2025-10-06T06:00:24.465+0000] {processor.py:186} INFO - Started process (PID=905) to work on /home/airflow/.local/lib/python3.12/site-packages/airflow/example_dags/plugins/workday.py
[2025-10-06T06:00:24.477+0000] {processor.py:914} INFO - Processing file /home/airflow/.local/lib/python3.12/site-packages/airflow/example_dags/plugins/workday.py for tasks to queue
[2025-10-06T06:00:24.494+0000] {logging_mixin.py:190} INFO - [2025-10-06T06:00:24.489+0000] {dagbag.py:588} INFO - Filling up the DagBag from /home/airflow/.local/lib/python3.12/site-packages/airflow/example_dags/plugins/workday.py
[2025-10-06T06:00:24.514+0000] {processor.py:927} WARNING - No viable dags retrieved from /home/airflow/.local/lib/python3.12/site-packages/airflow/example_dags/plugins/workday.py
[2025-10-06T06:00:24.598+0000] {processor.py:208} INFO - Processing /home/airflow/.local/lib/python3.12/site-packages/airflow/example_dags/plugins/workday.py took 0.161 seconds
[2025-10-06T06:01:01.557+0000] {processor.py:186} INFO - Started process (PID=976) to work on /home/airflow/.local/lib/python3.12/site-packages/airflow/example_dags/plugins/workday.py
[2025-10-06T06:01:01.565+0000] {processor.py:914} INFO - Processing file /home/airflow/.local/lib/python3.12/site-packages/airflow/example_dags/plugins/workday.py for tasks to queue
[2025-10-06T06:01:01.572+0000] {logging_mixin.py:190} INFO - [2025-10-06T06:01:01.571+0000] {dagbag.py:588} INFO - Filling up the DagBag from /home/airflow/.local/lib/python3.12/site-packages/airflow/example_dags/plugins/workday.py
[2025-10-06T06:01:01.580+0000] {processor.py:927} WARNING - No viable dags retrieved from /home/airflow/.local/lib/python3.12/site-packages/airflow/example_dags/plugins/workday.py
[2025-10-06T06:01:01.643+0000] {processor.py:208} INFO - Processing /home/airflow/.local/lib/python3.12/site-packages/airflow/example_dags/plugins/workday.py took 0.106 seconds
[2025-10-06T06:01:32.271+0000] {processor.py:186} INFO - Started process (PID=1039) to work on /home/airflow/.local/lib/python3.12/site-packages/airflow/example_dags/plugins/workday.py
[2025-10-06T06:01:32.274+0000] {processor.py:914} INFO - Processing file /home/airflow/.local/lib/python3.12/site-packages/airflow/example_dags/plugins/workday.py for tasks to queue
[2025-10-06T06:01:32.282+0000] {logging_mixin.py:190} INFO - [2025-10-06T06:01:32.281+0000] {dagbag.py:588} INFO - Filling up the DagBag from /home/airflow/.local/lib/python3.12/site-packages/airflow/example_dags/plugins/workday.py
[2025-10-06T06:01:32.290+0000] {processor.py:927} WARNING - No viable dags retrieved from /home/airflow/.local/lib/python3.12/site-packages/airflow/example_dags/plugins/workday.py
[2025-10-06T06:01:32.347+0000] {processor.py:208} INFO - Processing /home/airflow/.local/lib/python3.12/site-packages/airflow/example_dags/plugins/workday.py took 0.092 seconds
[2025-10-06T06:02:03.789+0000] {processor.py:186} INFO - Started process (PID=1105) to work on /home/airflow/.local/lib/python3.12/site-packages/airflow/example_dags/plugins/workday.py
[2025-10-06T06:02:03.792+0000] {processor.py:914} INFO - Processing file /home/airflow/.local/lib/python3.12/site-packages/airflow/example_dags/plugins/workday.py for tasks to queue
[2025-10-06T06:02:03.800+0000] {logging_mixin.py:190} INFO - [2025-10-06T06:02:03.799+0000] {dagbag.py:588} INFO - Filling up the DagBag from /home/airflow/.local/lib/python3.12/site-packages/airflow/example_dags/plugins/workday.py
[2025-10-06T06:02:03.809+0000] {processor.py:927} WARNING - No viable dags retrieved from /home/airflow/.local/lib/python3.12/site-packages/airflow/example_dags/plugins/workday.py
[2025-10-06T06:02:03.850+0000] {processor.py:208} INFO - Processing /home/airflow/.local/lib/python3.12/site-packages/airflow/example_dags/plugins/workday.py took 0.082 seconds
[2025-10-06T06:02:34.961+0000] {processor.py:186} INFO - Started process (PID=1169) to work on /home/airflow/.local/lib/python3.12/site-packages/airflow/example_dags/plugins/workday.py
[2025-10-06T06:02:34.966+0000] {processor.py:914} INFO - Processing file /home/airflow/.local/lib/python3.12/site-packages/airflow/example_dags/plugins/workday.py for tasks to queue
[2025-10-06T06:02:34.976+0000] {logging_mixin.py:190} INFO - [2025-10-06T06:02:34.975+0000] {dagbag.py:588} INFO - Filling up the DagBag from /home/airflow/.local/lib/python3.12/site-packages/airflow/example_dags/plugins/workday.py
[2025-10-06T06:02:34.986+0000] {processor.py:927} WARNING - No viable dags retrieved from /home/airflow/.local/lib/python3.12/site-packages/airflow/example_dags/plugins/workday.py
[2025-10-06T06:02:35.028+0000] {processor.py:208} INFO - Processing /home/airflow/.local/lib/python3.12/site-packages/airflow/example_dags/plugins/workday.py took 0.089 seconds
[2025-10-06T06:03:06.737+0000] {processor.py:186} INFO - Started process (PID=1232) to work on /home/airflow/.local/lib/python3.12/site-packages/airflow/example_dags/plugins/workday.py
[2025-10-06T06:03:06.740+0000] {processor.py:914} INFO - Processing file /home/airflow/.local/lib/python3.12/site-packages/airflow/example_dags/plugins/workday.py for tasks to queue
[2025-10-06T06:03:06.747+0000] {logging_mixin.py:190} INFO - [2025-10-06T06:03:06.746+0000] {dagbag.py:588} INFO - Filling up the DagBag from /home/airflow/.local/lib/python3.12/site-packages/airflow/example_dags/plugins/workday.py
[2025-10-06T06:03:06.756+0000] {processor.py:927} WARNING - No viable dags retrieved from /home/airflow/.local/lib/python3.12/site-packages/airflow/example_dags/plugins/workday.py
[2025-10-06T06:03:06.802+0000] {processor.py:208} INFO - Processing /home/airflow/.local/lib/python3.12/site-packages/airflow/example_dags/plugins/workday.py took 0.086 seconds
[2025-10-06T06:03:40.893+0000] {processor.py:186} INFO - Started process (PID=1300) to work on /home/airflow/.local/lib/python3.12/site-packages/airflow/example_dags/plugins/workday.py
[2025-10-06T06:03:40.895+0000] {processor.py:914} INFO - Processing file /home/airflow/.local/lib/python3.12/site-packages/airflow/example_dags/plugins/workday.py for tasks to queue
[2025-10-06T06:03:40.901+0000] {logging_mixin.py:190} INFO - [2025-10-06T06:03:40.900+0000] {dagbag.py:588} INFO - Filling up the DagBag from /home/airflow/.local/lib/python3.12/site-packages/airflow/example_dags/plugins/workday.py
[2025-10-06T06:03:40.908+0000] {processor.py:927} WARNING - No viable dags retrieved from /home/airflow/.local/lib/python3.12/site-packages/airflow/example_dags/plugins/workday.py
[2025-10-06T06:03:40.940+0000] {processor.py:208} INFO - Processing /home/airflow/.local/lib/python3.12/site-packages/airflow/example_dags/plugins/workday.py took 0.061 seconds
[2025-10-06T06:04:13.042+0000] {processor.py:186} INFO - Started process (PID=1363) to work on /home/airflow/.local/lib/python3.12/site-packages/airflow/example_dags/plugins/workday.py
[2025-10-06T06:04:13.052+0000] {processor.py:914} INFO - Processing file /home/airflow/.local/lib/python3.12/site-packages/airflow/example_dags/plugins/workday.py for tasks to queue
[2025-10-06T06:04:13.075+0000] {logging_mixin.py:190} INFO - [2025-10-06T06:04:13.074+0000] {dagbag.py:588} INFO - Filling up the DagBag from /home/airflow/.local/lib/python3.12/site-packages/airflow/example_dags/plugins/workday.py
[2025-10-06T06:04:13.106+0000] {processor.py:927} WARNING - No viable dags retrieved from /home/airflow/.local/lib/python3.12/site-packages/airflow/example_dags/plugins/workday.py
[2025-10-06T06:04:13.209+0000] {processor.py:208} INFO - Processing /home/airflow/.local/lib/python3.12/site-packages/airflow/example_dags/plugins/workday.py took 0.217 seconds
[2025-10-06T06:04:43.685+0000] {processor.py:186} INFO - Started process (PID=1426) to work on /home/airflow/.local/lib/python3.12/site-packages/airflow/example_dags/plugins/workday.py
[2025-10-06T06:04:43.688+0000] {processor.py:914} INFO - Processing file /home/airflow/.local/lib/python3.12/site-packages/airflow/example_dags/plugins/workday.py for tasks to queue
[2025-10-06T06:04:43.696+0000] {logging_mixin.py:190} INFO - [2025-10-06T06:04:43.695+0000] {dagbag.py:588} INFO - Filling up the DagBag from /home/airflow/.local/lib/python3.12/site-packages/airflow/example_dags/plugins/workday.py
[2025-10-06T06:04:43.704+0000] {processor.py:927} WARNING - No viable dags retrieved from /home/airflow/.local/lib/python3.12/site-packages/airflow/example_dags/plugins/workday.py
[2025-10-06T06:04:43.739+0000] {processor.py:208} INFO - Processing /home/airflow/.local/lib/python3.12/site-packages/airflow/example_dags/plugins/workday.py took 0.070 seconds
[2025-10-06T06:05:14.657+0000] {processor.py:186} INFO - Started process (PID=1489) to work on /home/airflow/.local/lib/python3.12/site-packages/airflow/example_dags/plugins/workday.py
[2025-10-06T06:05:14.663+0000] {processor.py:914} INFO - Processing file /home/airflow/.local/lib/python3.12/site-packages/airflow/example_dags/plugins/workday.py for tasks to queue
[2025-10-06T06:05:14.681+0000] {logging_mixin.py:190} INFO - [2025-10-06T06:05:14.679+0000] {dagbag.py:588} INFO - Filling up the DagBag from /home/airflow/.local/lib/python3.12/site-packages/airflow/example_dags/plugins/workday.py
[2025-10-06T06:05:14.704+0000] {processor.py:927} WARNING - No viable dags retrieved from /home/airflow/.local/lib/python3.12/site-packages/airflow/example_dags/plugins/workday.py
[2025-10-06T06:05:14.768+0000] {processor.py:208} INFO - Processing /home/airflow/.local/lib/python3.12/site-packages/airflow/example_dags/plugins/workday.py took 0.140 seconds
[2025-10-06T06:05:47.912+0000] {processor.py:186} INFO - Started process (PID=1553) to work on /home/airflow/.local/lib/python3.12/site-packages/airflow/example_dags/plugins/workday.py
[2025-10-06T06:05:47.914+0000] {processor.py:914} INFO - Processing file /home/airflow/.local/lib/python3.12/site-packages/airflow/example_dags/plugins/workday.py for tasks to queue
[2025-10-06T06:05:47.921+0000] {logging_mixin.py:190} INFO - [2025-10-06T06:05:47.920+0000] {dagbag.py:588} INFO - Filling up the DagBag from /home/airflow/.local/lib/python3.12/site-packages/airflow/example_dags/plugins/workday.py
[2025-10-06T06:05:47.928+0000] {processor.py:927} WARNING - No viable dags retrieved from /home/airflow/.local/lib/python3.12/site-packages/airflow/example_dags/plugins/workday.py
[2025-10-06T06:05:47.958+0000] {processor.py:208} INFO - Processing /home/airflow/.local/lib/python3.12/site-packages/airflow/example_dags/plugins/workday.py took 0.061 seconds
[2025-10-06T06:06:19.023+0000] {processor.py:186} INFO - Started process (PID=1617) to work on /home/airflow/.local/lib/python3.12/site-packages/airflow/example_dags/plugins/workday.py
[2025-10-06T06:06:19.025+0000] {processor.py:914} INFO - Processing file /home/airflow/.local/lib/python3.12/site-packages/airflow/example_dags/plugins/workday.py for tasks to queue
[2025-10-06T06:06:19.032+0000] {logging_mixin.py:190} INFO - [2025-10-06T06:06:19.031+0000] {dagbag.py:588} INFO - Filling up the DagBag from /home/airflow/.local/lib/python3.12/site-packages/airflow/example_dags/plugins/workday.py
[2025-10-06T06:06:19.038+0000] {processor.py:927} WARNING - No viable dags retrieved from /home/airflow/.local/lib/python3.12/site-packages/airflow/example_dags/plugins/workday.py
[2025-10-06T06:06:19.072+0000] {processor.py:208} INFO - Processing /home/airflow/.local/lib/python3.12/site-packages/airflow/example_dags/plugins/workday.py took 0.065 seconds
[2025-10-06T06:06:51.717+0000] {processor.py:186} INFO - Started process (PID=1681) to work on /home/airflow/.local/lib/python3.12/site-packages/airflow/example_dags/plugins/workday.py
[2025-10-06T06:06:51.719+0000] {processor.py:914} INFO - Processing file /home/airflow/.local/lib/python3.12/site-packages/airflow/example_dags/plugins/workday.py for tasks to queue
[2025-10-06T06:06:51.725+0000] {logging_mixin.py:190} INFO - [2025-10-06T06:06:51.724+0000] {dagbag.py:588} INFO - Filling up the DagBag from /home/airflow/.local/lib/python3.12/site-packages/airflow/example_dags/plugins/workday.py
[2025-10-06T06:06:51.737+0000] {processor.py:927} WARNING - No viable dags retrieved from /home/airflow/.local/lib/python3.12/site-packages/airflow/example_dags/plugins/workday.py
[2025-10-06T06:06:51.769+0000] {processor.py:208} INFO - Processing /home/airflow/.local/lib/python3.12/site-packages/airflow/example_dags/plugins/workday.py took 0.066 seconds
[2025-10-06T06:07:38.838+0000] {processor.py:186} INFO - Started process (PID=1763) to work on /home/airflow/.local/lib/python3.12/site-packages/airflow/example_dags/plugins/workday.py
[2025-10-06T06:07:38.841+0000] {processor.py:914} INFO - Processing file /home/airflow/.local/lib/python3.12/site-packages/airflow/example_dags/plugins/workday.py for tasks to queue
[2025-10-06T06:07:38.850+0000] {logging_mixin.py:190} INFO - [2025-10-06T06:07:38.848+0000] {dagbag.py:588} INFO - Filling up the DagBag from /home/airflow/.local/lib/python3.12/site-packages/airflow/example_dags/plugins/workday.py
[2025-10-06T06:07:38.862+0000] {processor.py:927} WARNING - No viable dags retrieved from /home/airflow/.local/lib/python3.12/site-packages/airflow/example_dags/plugins/workday.py
[2025-10-06T06:07:38.919+0000] {processor.py:208} INFO - Processing /home/airflow/.local/lib/python3.12/site-packages/airflow/example_dags/plugins/workday.py took 0.106 seconds
[2025-10-06T06:08:09.803+0000] {processor.py:186} INFO - Started process (PID=1826) to work on /home/airflow/.local/lib/python3.12/site-packages/airflow/example_dags/plugins/workday.py
[2025-10-06T06:08:09.806+0000] {processor.py:914} INFO - Processing file /home/airflow/.local/lib/python3.12/site-packages/airflow/example_dags/plugins/workday.py for tasks to queue
[2025-10-06T06:08:09.815+0000] {logging_mixin.py:190} INFO - [2025-10-06T06:08:09.813+0000] {dagbag.py:588} INFO - Filling up the DagBag from /home/airflow/.local/lib/python3.12/site-packages/airflow/example_dags/plugins/workday.py
[2025-10-06T06:08:09.823+0000] {processor.py:927} WARNING - No viable dags retrieved from /home/airflow/.local/lib/python3.12/site-packages/airflow/example_dags/plugins/workday.py
[2025-10-06T06:08:09.867+0000] {processor.py:208} INFO - Processing /home/airflow/.local/lib/python3.12/site-packages/airflow/example_dags/plugins/workday.py took 0.084 seconds
[2025-10-06T17:41:18.170+0000] {processor.py:186} INFO - Started process (PID=130) to work on /home/airflow/.local/lib/python3.12/site-packages/airflow/example_dags/plugins/workday.py
[2025-10-06T17:41:18.173+0000] {processor.py:914} INFO - Processing file /home/airflow/.local/lib/python3.12/site-packages/airflow/example_dags/plugins/workday.py for tasks to queue
[2025-10-06T17:41:18.180+0000] {logging_mixin.py:190} INFO - [2025-10-06T17:41:18.179+0000] {dagbag.py:588} INFO - Filling up the DagBag from /home/airflow/.local/lib/python3.12/site-packages/airflow/example_dags/plugins/workday.py
[2025-10-06T17:41:18.185+0000] {processor.py:927} WARNING - No viable dags retrieved from /home/airflow/.local/lib/python3.12/site-packages/airflow/example_dags/plugins/workday.py
[2025-10-06T17:41:18.216+0000] {processor.py:208} INFO - Processing /home/airflow/.local/lib/python3.12/site-packages/airflow/example_dags/plugins/workday.py took 0.059 seconds
[2025-10-06T17:41:56.130+0000] {processor.py:186} INFO - Started process (PID=202) to work on /home/airflow/.local/lib/python3.12/site-packages/airflow/example_dags/plugins/workday.py
[2025-10-06T17:41:56.134+0000] {processor.py:914} INFO - Processing file /home/airflow/.local/lib/python3.12/site-packages/airflow/example_dags/plugins/workday.py for tasks to queue
[2025-10-06T17:41:56.149+0000] {logging_mixin.py:190} INFO - [2025-10-06T17:41:56.148+0000] {dagbag.py:588} INFO - Filling up the DagBag from /home/airflow/.local/lib/python3.12/site-packages/airflow/example_dags/plugins/workday.py
[2025-10-06T17:41:56.163+0000] {processor.py:927} WARNING - No viable dags retrieved from /home/airflow/.local/lib/python3.12/site-packages/airflow/example_dags/plugins/workday.py
[2025-10-06T17:41:56.206+0000] {processor.py:208} INFO - Processing /home/airflow/.local/lib/python3.12/site-packages/airflow/example_dags/plugins/workday.py took 0.101 seconds
[2025-10-06T17:42:31.363+0000] {processor.py:186} INFO - Started process (PID=279) to work on /home/airflow/.local/lib/python3.12/site-packages/airflow/example_dags/plugins/workday.py
[2025-10-06T17:42:31.365+0000] {processor.py:914} INFO - Processing file /home/airflow/.local/lib/python3.12/site-packages/airflow/example_dags/plugins/workday.py for tasks to queue
[2025-10-06T17:42:31.368+0000] {logging_mixin.py:190} INFO - [2025-10-06T17:42:31.368+0000] {dagbag.py:588} INFO - Filling up the DagBag from /home/airflow/.local/lib/python3.12/site-packages/airflow/example_dags/plugins/workday.py
[2025-10-06T17:42:31.372+0000] {processor.py:927} WARNING - No viable dags retrieved from /home/airflow/.local/lib/python3.12/site-packages/airflow/example_dags/plugins/workday.py
[2025-10-06T17:42:31.396+0000] {processor.py:208} INFO - Processing /home/airflow/.local/lib/python3.12/site-packages/airflow/example_dags/plugins/workday.py took 0.041 seconds
[2025-10-06T17:43:03.579+0000] {processor.py:186} INFO - Started process (PID=349) to work on /home/airflow/.local/lib/python3.12/site-packages/airflow/example_dags/plugins/workday.py
[2025-10-06T17:43:03.580+0000] {processor.py:914} INFO - Processing file /home/airflow/.local/lib/python3.12/site-packages/airflow/example_dags/plugins/workday.py for tasks to queue
[2025-10-06T17:43:03.583+0000] {logging_mixin.py:190} INFO - [2025-10-06T17:43:03.583+0000] {dagbag.py:588} INFO - Filling up the DagBag from /home/airflow/.local/lib/python3.12/site-packages/airflow/example_dags/plugins/workday.py
[2025-10-06T17:43:03.586+0000] {processor.py:927} WARNING - No viable dags retrieved from /home/airflow/.local/lib/python3.12/site-packages/airflow/example_dags/plugins/workday.py
[2025-10-06T17:43:03.605+0000] {processor.py:208} INFO - Processing /home/airflow/.local/lib/python3.12/site-packages/airflow/example_dags/plugins/workday.py took 0.033 seconds
[2025-10-06T17:43:34.955+0000] {processor.py:186} INFO - Started process (PID=413) to work on /home/airflow/.local/lib/python3.12/site-packages/airflow/example_dags/plugins/workday.py
[2025-10-06T17:43:34.957+0000] {processor.py:914} INFO - Processing file /home/airflow/.local/lib/python3.12/site-packages/airflow/example_dags/plugins/workday.py for tasks to queue
[2025-10-06T17:43:34.961+0000] {logging_mixin.py:190} INFO - [2025-10-06T17:43:34.960+0000] {dagbag.py:588} INFO - Filling up the DagBag from /home/airflow/.local/lib/python3.12/site-packages/airflow/example_dags/plugins/workday.py
[2025-10-06T17:43:34.965+0000] {processor.py:927} WARNING - No viable dags retrieved from /home/airflow/.local/lib/python3.12/site-packages/airflow/example_dags/plugins/workday.py
[2025-10-06T17:43:34.998+0000] {processor.py:208} INFO - Processing /home/airflow/.local/lib/python3.12/site-packages/airflow/example_dags/plugins/workday.py took 0.051 seconds
[2025-10-06T17:44:06.153+0000] {processor.py:186} INFO - Started process (PID=478) to work on /home/airflow/.local/lib/python3.12/site-packages/airflow/example_dags/plugins/workday.py
[2025-10-06T17:44:06.154+0000] {processor.py:914} INFO - Processing file /home/airflow/.local/lib/python3.12/site-packages/airflow/example_dags/plugins/workday.py for tasks to queue
[2025-10-06T17:44:06.157+0000] {logging_mixin.py:190} INFO - [2025-10-06T17:44:06.157+0000] {dagbag.py:588} INFO - Filling up the DagBag from /home/airflow/.local/lib/python3.12/site-packages/airflow/example_dags/plugins/workday.py
[2025-10-06T17:44:06.161+0000] {processor.py:927} WARNING - No viable dags retrieved from /home/airflow/.local/lib/python3.12/site-packages/airflow/example_dags/plugins/workday.py
[2025-10-06T17:44:06.182+0000] {processor.py:208} INFO - Processing /home/airflow/.local/lib/python3.12/site-packages/airflow/example_dags/plugins/workday.py took 0.038 seconds
[2025-10-06T17:44:36.681+0000] {processor.py:186} INFO - Started process (PID=541) to work on /home/airflow/.local/lib/python3.12/site-packages/airflow/example_dags/plugins/workday.py
[2025-10-06T17:44:36.682+0000] {processor.py:914} INFO - Processing file /home/airflow/.local/lib/python3.12/site-packages/airflow/example_dags/plugins/workday.py for tasks to queue
[2025-10-06T17:44:36.684+0000] {logging_mixin.py:190} INFO - [2025-10-06T17:44:36.684+0000] {dagbag.py:588} INFO - Filling up the DagBag from /home/airflow/.local/lib/python3.12/site-packages/airflow/example_dags/plugins/workday.py
[2025-10-06T17:44:36.687+0000] {processor.py:927} WARNING - No viable dags retrieved from /home/airflow/.local/lib/python3.12/site-packages/airflow/example_dags/plugins/workday.py
[2025-10-06T17:44:36.702+0000] {processor.py:208} INFO - Processing /home/airflow/.local/lib/python3.12/site-packages/airflow/example_dags/plugins/workday.py took 0.027 seconds
[2025-10-06T17:45:07.106+0000] {processor.py:186} INFO - Started process (PID=604) to work on /home/airflow/.local/lib/python3.12/site-packages/airflow/example_dags/plugins/workday.py
[2025-10-06T17:45:07.108+0000] {processor.py:914} INFO - Processing file /home/airflow/.local/lib/python3.12/site-packages/airflow/example_dags/plugins/workday.py for tasks to queue
[2025-10-06T17:45:07.112+0000] {logging_mixin.py:190} INFO - [2025-10-06T17:45:07.111+0000] {dagbag.py:588} INFO - Filling up the DagBag from /home/airflow/.local/lib/python3.12/site-packages/airflow/example_dags/plugins/workday.py
[2025-10-06T17:45:07.116+0000] {processor.py:927} WARNING - No viable dags retrieved from /home/airflow/.local/lib/python3.12/site-packages/airflow/example_dags/plugins/workday.py
[2025-10-06T17:45:07.140+0000] {processor.py:208} INFO - Processing /home/airflow/.local/lib/python3.12/site-packages/airflow/example_dags/plugins/workday.py took 0.044 seconds
[2025-10-06T17:45:49.391+0000] {processor.py:186} INFO - Started process (PID=670) to work on /home/airflow/.local/lib/python3.12/site-packages/airflow/example_dags/plugins/workday.py
[2025-10-06T17:45:49.394+0000] {processor.py:914} INFO - Processing file /home/airflow/.local/lib/python3.12/site-packages/airflow/example_dags/plugins/workday.py for tasks to queue
[2025-10-06T17:45:49.399+0000] {logging_mixin.py:190} INFO - [2025-10-06T17:45:49.398+0000] {dagbag.py:588} INFO - Filling up the DagBag from /home/airflow/.local/lib/python3.12/site-packages/airflow/example_dags/plugins/workday.py
[2025-10-06T17:45:49.403+0000] {processor.py:927} WARNING - No viable dags retrieved from /home/airflow/.local/lib/python3.12/site-packages/airflow/example_dags/plugins/workday.py
[2025-10-06T17:45:49.435+0000] {processor.py:208} INFO - Processing /home/airflow/.local/lib/python3.12/site-packages/airflow/example_dags/plugins/workday.py took 0.054 seconds
[2025-10-06T17:46:21.048+0000] {processor.py:186} INFO - Started process (PID=733) to work on /home/airflow/.local/lib/python3.12/site-packages/airflow/example_dags/plugins/workday.py
[2025-10-06T17:46:21.050+0000] {processor.py:914} INFO - Processing file /home/airflow/.local/lib/python3.12/site-packages/airflow/example_dags/plugins/workday.py for tasks to queue
[2025-10-06T17:46:21.052+0000] {logging_mixin.py:190} INFO - [2025-10-06T17:46:21.052+0000] {dagbag.py:588} INFO - Filling up the DagBag from /home/airflow/.local/lib/python3.12/site-packages/airflow/example_dags/plugins/workday.py
[2025-10-06T17:46:21.056+0000] {processor.py:927} WARNING - No viable dags retrieved from /home/airflow/.local/lib/python3.12/site-packages/airflow/example_dags/plugins/workday.py
[2025-10-06T17:46:21.070+0000] {processor.py:208} INFO - Processing /home/airflow/.local/lib/python3.12/site-packages/airflow/example_dags/plugins/workday.py took 0.029 seconds
[2025-10-06T17:46:54.294+0000] {processor.py:186} INFO - Started process (PID=796) to work on /home/airflow/.local/lib/python3.12/site-packages/airflow/example_dags/plugins/workday.py
[2025-10-06T17:46:54.298+0000] {processor.py:914} INFO - Processing file /home/airflow/.local/lib/python3.12/site-packages/airflow/example_dags/plugins/workday.py for tasks to queue
[2025-10-06T17:46:54.306+0000] {logging_mixin.py:190} INFO - [2025-10-06T17:46:54.305+0000] {dagbag.py:588} INFO - Filling up the DagBag from /home/airflow/.local/lib/python3.12/site-packages/airflow/example_dags/plugins/workday.py
[2025-10-06T17:46:54.310+0000] {processor.py:927} WARNING - No viable dags retrieved from /home/airflow/.local/lib/python3.12/site-packages/airflow/example_dags/plugins/workday.py
[2025-10-06T17:46:54.344+0000] {processor.py:208} INFO - Processing /home/airflow/.local/lib/python3.12/site-packages/airflow/example_dags/plugins/workday.py took 0.060 seconds
[2025-10-06T17:47:24.516+0000] {processor.py:186} INFO - Started process (PID=859) to work on /home/airflow/.local/lib/python3.12/site-packages/airflow/example_dags/plugins/workday.py
[2025-10-06T17:47:24.517+0000] {processor.py:914} INFO - Processing file /home/airflow/.local/lib/python3.12/site-packages/airflow/example_dags/plugins/workday.py for tasks to queue
[2025-10-06T17:47:24.520+0000] {logging_mixin.py:190} INFO - [2025-10-06T17:47:24.520+0000] {dagbag.py:588} INFO - Filling up the DagBag from /home/airflow/.local/lib/python3.12/site-packages/airflow/example_dags/plugins/workday.py
[2025-10-06T17:47:24.523+0000] {processor.py:927} WARNING - No viable dags retrieved from /home/airflow/.local/lib/python3.12/site-packages/airflow/example_dags/plugins/workday.py
[2025-10-06T17:47:24.538+0000] {processor.py:208} INFO - Processing /home/airflow/.local/lib/python3.12/site-packages/airflow/example_dags/plugins/workday.py took 0.027 seconds
[2025-10-06T17:47:55.157+0000] {processor.py:186} INFO - Started process (PID=921) to work on /home/airflow/.local/lib/python3.12/site-packages/airflow/example_dags/plugins/workday.py
[2025-10-06T17:47:55.159+0000] {processor.py:914} INFO - Processing file /home/airflow/.local/lib/python3.12/site-packages/airflow/example_dags/plugins/workday.py for tasks to queue
[2025-10-06T17:47:55.163+0000] {logging_mixin.py:190} INFO - [2025-10-06T17:47:55.163+0000] {dagbag.py:588} INFO - Filling up the DagBag from /home/airflow/.local/lib/python3.12/site-packages/airflow/example_dags/plugins/workday.py
[2025-10-06T17:47:55.168+0000] {processor.py:927} WARNING - No viable dags retrieved from /home/airflow/.local/lib/python3.12/site-packages/airflow/example_dags/plugins/workday.py
[2025-10-06T17:47:55.188+0000] {processor.py:208} INFO - Processing /home/airflow/.local/lib/python3.12/site-packages/airflow/example_dags/plugins/workday.py took 0.039 seconds
[2025-10-06T17:48:25.938+0000] {processor.py:186} INFO - Started process (PID=984) to work on /home/airflow/.local/lib/python3.12/site-packages/airflow/example_dags/plugins/workday.py
[2025-10-06T17:48:25.939+0000] {processor.py:914} INFO - Processing file /home/airflow/.local/lib/python3.12/site-packages/airflow/example_dags/plugins/workday.py for tasks to queue
[2025-10-06T17:48:25.942+0000] {logging_mixin.py:190} INFO - [2025-10-06T17:48:25.942+0000] {dagbag.py:588} INFO - Filling up the DagBag from /home/airflow/.local/lib/python3.12/site-packages/airflow/example_dags/plugins/workday.py
[2025-10-06T17:48:25.946+0000] {processor.py:927} WARNING - No viable dags retrieved from /home/airflow/.local/lib/python3.12/site-packages/airflow/example_dags/plugins/workday.py
[2025-10-06T17:48:25.964+0000] {processor.py:208} INFO - Processing /home/airflow/.local/lib/python3.12/site-packages/airflow/example_dags/plugins/workday.py took 0.033 seconds
[2025-10-06T17:48:57.743+0000] {processor.py:186} INFO - Started process (PID=1048) to work on /home/airflow/.local/lib/python3.12/site-packages/airflow/example_dags/plugins/workday.py
[2025-10-06T17:48:57.747+0000] {processor.py:914} INFO - Processing file /home/airflow/.local/lib/python3.12/site-packages/airflow/example_dags/plugins/workday.py for tasks to queue
[2025-10-06T17:48:57.752+0000] {logging_mixin.py:190} INFO - [2025-10-06T17:48:57.752+0000] {dagbag.py:588} INFO - Filling up the DagBag from /home/airflow/.local/lib/python3.12/site-packages/airflow/example_dags/plugins/workday.py
[2025-10-06T17:48:57.760+0000] {processor.py:927} WARNING - No viable dags retrieved from /home/airflow/.local/lib/python3.12/site-packages/airflow/example_dags/plugins/workday.py
[2025-10-06T17:48:57.796+0000] {processor.py:208} INFO - Processing /home/airflow/.local/lib/python3.12/site-packages/airflow/example_dags/plugins/workday.py took 0.082 seconds
[2025-10-06T17:49:28.837+0000] {processor.py:186} INFO - Started process (PID=1111) to work on /home/airflow/.local/lib/python3.12/site-packages/airflow/example_dags/plugins/workday.py
[2025-10-06T17:49:28.839+0000] {processor.py:914} INFO - Processing file /home/airflow/.local/lib/python3.12/site-packages/airflow/example_dags/plugins/workday.py for tasks to queue
[2025-10-06T17:49:28.843+0000] {logging_mixin.py:190} INFO - [2025-10-06T17:49:28.843+0000] {dagbag.py:588} INFO - Filling up the DagBag from /home/airflow/.local/lib/python3.12/site-packages/airflow/example_dags/plugins/workday.py
[2025-10-06T17:49:28.848+0000] {processor.py:927} WARNING - No viable dags retrieved from /home/airflow/.local/lib/python3.12/site-packages/airflow/example_dags/plugins/workday.py
[2025-10-06T17:49:28.873+0000] {processor.py:208} INFO - Processing /home/airflow/.local/lib/python3.12/site-packages/airflow/example_dags/plugins/workday.py took 0.048 seconds
[2025-10-06T17:49:59.198+0000] {processor.py:186} INFO - Started process (PID=1173) to work on /home/airflow/.local/lib/python3.12/site-packages/airflow/example_dags/plugins/workday.py
[2025-10-06T17:49:59.199+0000] {processor.py:914} INFO - Processing file /home/airflow/.local/lib/python3.12/site-packages/airflow/example_dags/plugins/workday.py for tasks to queue
[2025-10-06T17:49:59.202+0000] {logging_mixin.py:190} INFO - [2025-10-06T17:49:59.202+0000] {dagbag.py:588} INFO - Filling up the DagBag from /home/airflow/.local/lib/python3.12/site-packages/airflow/example_dags/plugins/workday.py
[2025-10-06T17:49:59.207+0000] {processor.py:927} WARNING - No viable dags retrieved from /home/airflow/.local/lib/python3.12/site-packages/airflow/example_dags/plugins/workday.py
[2025-10-06T17:49:59.225+0000] {processor.py:208} INFO - Processing /home/airflow/.local/lib/python3.12/site-packages/airflow/example_dags/plugins/workday.py took 0.035 seconds
[2025-10-06T17:50:29.458+0000] {processor.py:186} INFO - Started process (PID=1236) to work on /home/airflow/.local/lib/python3.12/site-packages/airflow/example_dags/plugins/workday.py
[2025-10-06T17:50:29.461+0000] {processor.py:914} INFO - Processing file /home/airflow/.local/lib/python3.12/site-packages/airflow/example_dags/plugins/workday.py for tasks to queue
[2025-10-06T17:50:29.467+0000] {logging_mixin.py:190} INFO - [2025-10-06T17:50:29.466+0000] {dagbag.py:588} INFO - Filling up the DagBag from /home/airflow/.local/lib/python3.12/site-packages/airflow/example_dags/plugins/workday.py
[2025-10-06T17:50:29.473+0000] {processor.py:927} WARNING - No viable dags retrieved from /home/airflow/.local/lib/python3.12/site-packages/airflow/example_dags/plugins/workday.py
[2025-10-06T17:50:29.507+0000] {processor.py:208} INFO - Processing /home/airflow/.local/lib/python3.12/site-packages/airflow/example_dags/plugins/workday.py took 0.064 seconds
[2025-10-06T17:51:00.404+0000] {processor.py:186} INFO - Started process (PID=1299) to work on /home/airflow/.local/lib/python3.12/site-packages/airflow/example_dags/plugins/workday.py
[2025-10-06T17:51:00.405+0000] {processor.py:914} INFO - Processing file /home/airflow/.local/lib/python3.12/site-packages/airflow/example_dags/plugins/workday.py for tasks to queue
[2025-10-06T17:51:00.407+0000] {logging_mixin.py:190} INFO - [2025-10-06T17:51:00.407+0000] {dagbag.py:588} INFO - Filling up the DagBag from /home/airflow/.local/lib/python3.12/site-packages/airflow/example_dags/plugins/workday.py
[2025-10-06T17:51:00.411+0000] {processor.py:927} WARNING - No viable dags retrieved from /home/airflow/.local/lib/python3.12/site-packages/airflow/example_dags/plugins/workday.py
[2025-10-06T17:51:00.427+0000] {processor.py:208} INFO - Processing /home/airflow/.local/lib/python3.12/site-packages/airflow/example_dags/plugins/workday.py took 0.030 seconds
[2025-10-06T17:51:30.854+0000] {processor.py:186} INFO - Started process (PID=1362) to work on /home/airflow/.local/lib/python3.12/site-packages/airflow/example_dags/plugins/workday.py
[2025-10-06T17:51:30.855+0000] {processor.py:914} INFO - Processing file /home/airflow/.local/lib/python3.12/site-packages/airflow/example_dags/plugins/workday.py for tasks to queue
[2025-10-06T17:51:30.857+0000] {logging_mixin.py:190} INFO - [2025-10-06T17:51:30.857+0000] {dagbag.py:588} INFO - Filling up the DagBag from /home/airflow/.local/lib/python3.12/site-packages/airflow/example_dags/plugins/workday.py
[2025-10-06T17:51:30.860+0000] {processor.py:927} WARNING - No viable dags retrieved from /home/airflow/.local/lib/python3.12/site-packages/airflow/example_dags/plugins/workday.py
[2025-10-06T17:51:30.874+0000] {processor.py:208} INFO - Processing /home/airflow/.local/lib/python3.12/site-packages/airflow/example_dags/plugins/workday.py took 0.026 seconds
[2025-10-06T17:52:01.840+0000] {processor.py:186} INFO - Started process (PID=1425) to work on /home/airflow/.local/lib/python3.12/site-packages/airflow/example_dags/plugins/workday.py
[2025-10-06T17:52:01.842+0000] {processor.py:914} INFO - Processing file /home/airflow/.local/lib/python3.12/site-packages/airflow/example_dags/plugins/workday.py for tasks to queue
[2025-10-06T17:52:01.846+0000] {logging_mixin.py:190} INFO - [2025-10-06T17:52:01.846+0000] {dagbag.py:588} INFO - Filling up the DagBag from /home/airflow/.local/lib/python3.12/site-packages/airflow/example_dags/plugins/workday.py
[2025-10-06T17:52:01.852+0000] {processor.py:927} WARNING - No viable dags retrieved from /home/airflow/.local/lib/python3.12/site-packages/airflow/example_dags/plugins/workday.py
[2025-10-06T17:52:01.878+0000] {processor.py:208} INFO - Processing /home/airflow/.local/lib/python3.12/site-packages/airflow/example_dags/plugins/workday.py took 0.047 seconds
[2025-10-06T17:52:32.535+0000] {processor.py:186} INFO - Started process (PID=1488) to work on /home/airflow/.local/lib/python3.12/site-packages/airflow/example_dags/plugins/workday.py
[2025-10-06T17:52:32.537+0000] {processor.py:914} INFO - Processing file /home/airflow/.local/lib/python3.12/site-packages/airflow/example_dags/plugins/workday.py for tasks to queue
[2025-10-06T17:52:32.540+0000] {logging_mixin.py:190} INFO - [2025-10-06T17:52:32.539+0000] {dagbag.py:588} INFO - Filling up the DagBag from /home/airflow/.local/lib/python3.12/site-packages/airflow/example_dags/plugins/workday.py
[2025-10-06T17:52:32.543+0000] {processor.py:927} WARNING - No viable dags retrieved from /home/airflow/.local/lib/python3.12/site-packages/airflow/example_dags/plugins/workday.py
[2025-10-06T17:52:32.561+0000] {processor.py:208} INFO - Processing /home/airflow/.local/lib/python3.12/site-packages/airflow/example_dags/plugins/workday.py took 0.033 seconds
[2025-10-06T17:53:02.907+0000] {processor.py:186} INFO - Started process (PID=1551) to work on /home/airflow/.local/lib/python3.12/site-packages/airflow/example_dags/plugins/workday.py
[2025-10-06T17:53:02.909+0000] {processor.py:914} INFO - Processing file /home/airflow/.local/lib/python3.12/site-packages/airflow/example_dags/plugins/workday.py for tasks to queue
[2025-10-06T17:53:02.912+0000] {logging_mixin.py:190} INFO - [2025-10-06T17:53:02.911+0000] {dagbag.py:588} INFO - Filling up the DagBag from /home/airflow/.local/lib/python3.12/site-packages/airflow/example_dags/plugins/workday.py
[2025-10-06T17:53:02.915+0000] {processor.py:927} WARNING - No viable dags retrieved from /home/airflow/.local/lib/python3.12/site-packages/airflow/example_dags/plugins/workday.py
[2025-10-06T17:53:02.932+0000] {processor.py:208} INFO - Processing /home/airflow/.local/lib/python3.12/site-packages/airflow/example_dags/plugins/workday.py took 0.032 seconds
[2025-10-06T17:53:37.435+0000] {processor.py:186} INFO - Started process (PID=1615) to work on /home/airflow/.local/lib/python3.12/site-packages/airflow/example_dags/plugins/workday.py
[2025-10-06T17:53:37.437+0000] {processor.py:914} INFO - Processing file /home/airflow/.local/lib/python3.12/site-packages/airflow/example_dags/plugins/workday.py for tasks to queue
[2025-10-06T17:53:37.441+0000] {logging_mixin.py:190} INFO - [2025-10-06T17:53:37.440+0000] {dagbag.py:588} INFO - Filling up the DagBag from /home/airflow/.local/lib/python3.12/site-packages/airflow/example_dags/plugins/workday.py
[2025-10-06T17:53:37.445+0000] {processor.py:927} WARNING - No viable dags retrieved from /home/airflow/.local/lib/python3.12/site-packages/airflow/example_dags/plugins/workday.py
[2025-10-06T17:53:37.461+0000] {processor.py:208} INFO - Processing /home/airflow/.local/lib/python3.12/site-packages/airflow/example_dags/plugins/workday.py took 0.035 seconds
[2025-10-06T17:54:08.287+0000] {processor.py:186} INFO - Started process (PID=1678) to work on /home/airflow/.local/lib/python3.12/site-packages/airflow/example_dags/plugins/workday.py
[2025-10-06T17:54:08.289+0000] {processor.py:914} INFO - Processing file /home/airflow/.local/lib/python3.12/site-packages/airflow/example_dags/plugins/workday.py for tasks to queue
[2025-10-06T17:54:08.293+0000] {logging_mixin.py:190} INFO - [2025-10-06T17:54:08.292+0000] {dagbag.py:588} INFO - Filling up the DagBag from /home/airflow/.local/lib/python3.12/site-packages/airflow/example_dags/plugins/workday.py
[2025-10-06T17:54:08.297+0000] {processor.py:927} WARNING - No viable dags retrieved from /home/airflow/.local/lib/python3.12/site-packages/airflow/example_dags/plugins/workday.py
[2025-10-06T17:54:08.375+0000] {processor.py:208} INFO - Processing /home/airflow/.local/lib/python3.12/site-packages/airflow/example_dags/plugins/workday.py took 0.095 seconds
[2025-10-06T17:54:38.453+0000] {processor.py:186} INFO - Started process (PID=1740) to work on /home/airflow/.local/lib/python3.12/site-packages/airflow/example_dags/plugins/workday.py
[2025-10-06T17:54:38.454+0000] {processor.py:914} INFO - Processing file /home/airflow/.local/lib/python3.12/site-packages/airflow/example_dags/plugins/workday.py for tasks to queue
[2025-10-06T17:54:38.457+0000] {logging_mixin.py:190} INFO - [2025-10-06T17:54:38.456+0000] {dagbag.py:588} INFO - Filling up the DagBag from /home/airflow/.local/lib/python3.12/site-packages/airflow/example_dags/plugins/workday.py
[2025-10-06T17:54:38.460+0000] {processor.py:927} WARNING - No viable dags retrieved from /home/airflow/.local/lib/python3.12/site-packages/airflow/example_dags/plugins/workday.py
[2025-10-06T17:54:38.474+0000] {processor.py:208} INFO - Processing /home/airflow/.local/lib/python3.12/site-packages/airflow/example_dags/plugins/workday.py took 0.027 seconds
[2025-10-06T17:55:10.458+0000] {processor.py:186} INFO - Started process (PID=1803) to work on /home/airflow/.local/lib/python3.12/site-packages/airflow/example_dags/plugins/workday.py
[2025-10-06T17:55:10.459+0000] {processor.py:914} INFO - Processing file /home/airflow/.local/lib/python3.12/site-packages/airflow/example_dags/plugins/workday.py for tasks to queue
[2025-10-06T17:55:10.461+0000] {logging_mixin.py:190} INFO - [2025-10-06T17:55:10.461+0000] {dagbag.py:588} INFO - Filling up the DagBag from /home/airflow/.local/lib/python3.12/site-packages/airflow/example_dags/plugins/workday.py
[2025-10-06T17:55:10.464+0000] {processor.py:927} WARNING - No viable dags retrieved from /home/airflow/.local/lib/python3.12/site-packages/airflow/example_dags/plugins/workday.py
[2025-10-06T17:55:10.479+0000] {processor.py:208} INFO - Processing /home/airflow/.local/lib/python3.12/site-packages/airflow/example_dags/plugins/workday.py took 0.027 seconds
[2025-10-06T17:55:43.544+0000] {processor.py:186} INFO - Started process (PID=1865) to work on /home/airflow/.local/lib/python3.12/site-packages/airflow/example_dags/plugins/workday.py
[2025-10-06T17:55:43.551+0000] {processor.py:914} INFO - Processing file /home/airflow/.local/lib/python3.12/site-packages/airflow/example_dags/plugins/workday.py for tasks to queue
[2025-10-06T17:55:43.561+0000] {logging_mixin.py:190} INFO - [2025-10-06T17:55:43.560+0000] {dagbag.py:588} INFO - Filling up the DagBag from /home/airflow/.local/lib/python3.12/site-packages/airflow/example_dags/plugins/workday.py
[2025-10-06T17:55:43.570+0000] {processor.py:927} WARNING - No viable dags retrieved from /home/airflow/.local/lib/python3.12/site-packages/airflow/example_dags/plugins/workday.py
[2025-10-06T17:55:43.621+0000] {processor.py:208} INFO - Processing /home/airflow/.local/lib/python3.12/site-packages/airflow/example_dags/plugins/workday.py took 0.123 seconds
[2025-10-06T17:56:13.736+0000] {processor.py:186} INFO - Started process (PID=1928) to work on /home/airflow/.local/lib/python3.12/site-packages/airflow/example_dags/plugins/workday.py
[2025-10-06T17:56:13.737+0000] {processor.py:914} INFO - Processing file /home/airflow/.local/lib/python3.12/site-packages/airflow/example_dags/plugins/workday.py for tasks to queue
[2025-10-06T17:56:13.739+0000] {logging_mixin.py:190} INFO - [2025-10-06T17:56:13.739+0000] {dagbag.py:588} INFO - Filling up the DagBag from /home/airflow/.local/lib/python3.12/site-packages/airflow/example_dags/plugins/workday.py
[2025-10-06T17:56:13.742+0000] {processor.py:927} WARNING - No viable dags retrieved from /home/airflow/.local/lib/python3.12/site-packages/airflow/example_dags/plugins/workday.py
[2025-10-06T17:56:13.756+0000] {processor.py:208} INFO - Processing /home/airflow/.local/lib/python3.12/site-packages/airflow/example_dags/plugins/workday.py took 0.026 seconds
[2025-10-06T17:56:44.845+0000] {processor.py:186} INFO - Started process (PID=1991) to work on /home/airflow/.local/lib/python3.12/site-packages/airflow/example_dags/plugins/workday.py
[2025-10-06T17:56:44.847+0000] {processor.py:914} INFO - Processing file /home/airflow/.local/lib/python3.12/site-packages/airflow/example_dags/plugins/workday.py for tasks to queue
[2025-10-06T17:56:44.851+0000] {logging_mixin.py:190} INFO - [2025-10-06T17:56:44.850+0000] {dagbag.py:588} INFO - Filling up the DagBag from /home/airflow/.local/lib/python3.12/site-packages/airflow/example_dags/plugins/workday.py
[2025-10-06T17:56:44.856+0000] {processor.py:927} WARNING - No viable dags retrieved from /home/airflow/.local/lib/python3.12/site-packages/airflow/example_dags/plugins/workday.py
[2025-10-06T17:56:44.882+0000] {processor.py:208} INFO - Processing /home/airflow/.local/lib/python3.12/site-packages/airflow/example_dags/plugins/workday.py took 0.047 seconds
[2025-10-06T17:57:15.070+0000] {processor.py:186} INFO - Started process (PID=2054) to work on /home/airflow/.local/lib/python3.12/site-packages/airflow/example_dags/plugins/workday.py
[2025-10-06T17:57:15.071+0000] {processor.py:914} INFO - Processing file /home/airflow/.local/lib/python3.12/site-packages/airflow/example_dags/plugins/workday.py for tasks to queue
[2025-10-06T17:57:15.075+0000] {logging_mixin.py:190} INFO - [2025-10-06T17:57:15.074+0000] {dagbag.py:588} INFO - Filling up the DagBag from /home/airflow/.local/lib/python3.12/site-packages/airflow/example_dags/plugins/workday.py
[2025-10-06T17:57:15.079+0000] {processor.py:927} WARNING - No viable dags retrieved from /home/airflow/.local/lib/python3.12/site-packages/airflow/example_dags/plugins/workday.py
[2025-10-06T17:57:15.098+0000] {processor.py:208} INFO - Processing /home/airflow/.local/lib/python3.12/site-packages/airflow/example_dags/plugins/workday.py took 0.036 seconds
[2025-10-06T17:57:48.534+0000] {processor.py:186} INFO - Started process (PID=2118) to work on /home/airflow/.local/lib/python3.12/site-packages/airflow/example_dags/plugins/workday.py
[2025-10-06T17:57:48.536+0000] {processor.py:914} INFO - Processing file /home/airflow/.local/lib/python3.12/site-packages/airflow/example_dags/plugins/workday.py for tasks to queue
[2025-10-06T17:57:48.539+0000] {logging_mixin.py:190} INFO - [2025-10-06T17:57:48.539+0000] {dagbag.py:588} INFO - Filling up the DagBag from /home/airflow/.local/lib/python3.12/site-packages/airflow/example_dags/plugins/workday.py
[2025-10-06T17:57:48.543+0000] {processor.py:927} WARNING - No viable dags retrieved from /home/airflow/.local/lib/python3.12/site-packages/airflow/example_dags/plugins/workday.py
[2025-10-06T17:57:48.562+0000] {processor.py:208} INFO - Processing /home/airflow/.local/lib/python3.12/site-packages/airflow/example_dags/plugins/workday.py took 0.036 seconds
[2025-10-06T17:58:21.834+0000] {processor.py:186} INFO - Started process (PID=2184) to work on /home/airflow/.local/lib/python3.12/site-packages/airflow/example_dags/plugins/workday.py
[2025-10-06T17:58:21.835+0000] {processor.py:914} INFO - Processing file /home/airflow/.local/lib/python3.12/site-packages/airflow/example_dags/plugins/workday.py for tasks to queue
[2025-10-06T17:58:21.838+0000] {logging_mixin.py:190} INFO - [2025-10-06T17:58:21.838+0000] {dagbag.py:588} INFO - Filling up the DagBag from /home/airflow/.local/lib/python3.12/site-packages/airflow/example_dags/plugins/workday.py
[2025-10-06T17:58:21.842+0000] {processor.py:927} WARNING - No viable dags retrieved from /home/airflow/.local/lib/python3.12/site-packages/airflow/example_dags/plugins/workday.py
[2025-10-06T17:58:21.862+0000] {processor.py:208} INFO - Processing /home/airflow/.local/lib/python3.12/site-packages/airflow/example_dags/plugins/workday.py took 0.036 seconds
[2025-10-06T17:58:53.367+0000] {processor.py:186} INFO - Started process (PID=2247) to work on /home/airflow/.local/lib/python3.12/site-packages/airflow/example_dags/plugins/workday.py
[2025-10-06T17:58:53.369+0000] {processor.py:914} INFO - Processing file /home/airflow/.local/lib/python3.12/site-packages/airflow/example_dags/plugins/workday.py for tasks to queue
[2025-10-06T17:58:53.372+0000] {logging_mixin.py:190} INFO - [2025-10-06T17:58:53.372+0000] {dagbag.py:588} INFO - Filling up the DagBag from /home/airflow/.local/lib/python3.12/site-packages/airflow/example_dags/plugins/workday.py
[2025-10-06T17:58:53.376+0000] {processor.py:927} WARNING - No viable dags retrieved from /home/airflow/.local/lib/python3.12/site-packages/airflow/example_dags/plugins/workday.py
[2025-10-06T17:58:53.393+0000] {processor.py:208} INFO - Processing /home/airflow/.local/lib/python3.12/site-packages/airflow/example_dags/plugins/workday.py took 0.032 seconds
[2025-10-06T17:59:23.998+0000] {processor.py:186} INFO - Started process (PID=2310) to work on /home/airflow/.local/lib/python3.12/site-packages/airflow/example_dags/plugins/workday.py
[2025-10-06T17:59:24.000+0000] {processor.py:914} INFO - Processing file /home/airflow/.local/lib/python3.12/site-packages/airflow/example_dags/plugins/workday.py for tasks to queue
[2025-10-06T17:59:24.003+0000] {logging_mixin.py:190} INFO - [2025-10-06T17:59:24.003+0000] {dagbag.py:588} INFO - Filling up the DagBag from /home/airflow/.local/lib/python3.12/site-packages/airflow/example_dags/plugins/workday.py
[2025-10-06T17:59:24.006+0000] {processor.py:927} WARNING - No viable dags retrieved from /home/airflow/.local/lib/python3.12/site-packages/airflow/example_dags/plugins/workday.py
[2025-10-06T17:59:24.022+0000] {processor.py:208} INFO - Processing /home/airflow/.local/lib/python3.12/site-packages/airflow/example_dags/plugins/workday.py took 0.035 seconds
[2025-10-06T17:59:54.488+0000] {processor.py:186} INFO - Started process (PID=2373) to work on /home/airflow/.local/lib/python3.12/site-packages/airflow/example_dags/plugins/workday.py
[2025-10-06T17:59:54.490+0000] {processor.py:914} INFO - Processing file /home/airflow/.local/lib/python3.12/site-packages/airflow/example_dags/plugins/workday.py for tasks to queue
[2025-10-06T17:59:54.494+0000] {logging_mixin.py:190} INFO - [2025-10-06T17:59:54.493+0000] {dagbag.py:588} INFO - Filling up the DagBag from /home/airflow/.local/lib/python3.12/site-packages/airflow/example_dags/plugins/workday.py
[2025-10-06T17:59:54.497+0000] {processor.py:927} WARNING - No viable dags retrieved from /home/airflow/.local/lib/python3.12/site-packages/airflow/example_dags/plugins/workday.py
[2025-10-06T17:59:54.516+0000] {processor.py:208} INFO - Processing /home/airflow/.local/lib/python3.12/site-packages/airflow/example_dags/plugins/workday.py took 0.035 seconds
[2025-10-06T18:00:24.639+0000] {processor.py:186} INFO - Started process (PID=2435) to work on /home/airflow/.local/lib/python3.12/site-packages/airflow/example_dags/plugins/workday.py
[2025-10-06T18:00:24.640+0000] {processor.py:914} INFO - Processing file /home/airflow/.local/lib/python3.12/site-packages/airflow/example_dags/plugins/workday.py for tasks to queue
[2025-10-06T18:00:24.643+0000] {logging_mixin.py:190} INFO - [2025-10-06T18:00:24.643+0000] {dagbag.py:588} INFO - Filling up the DagBag from /home/airflow/.local/lib/python3.12/site-packages/airflow/example_dags/plugins/workday.py
[2025-10-06T18:00:24.647+0000] {processor.py:927} WARNING - No viable dags retrieved from /home/airflow/.local/lib/python3.12/site-packages/airflow/example_dags/plugins/workday.py
[2025-10-06T18:00:24.663+0000] {processor.py:208} INFO - Processing /home/airflow/.local/lib/python3.12/site-packages/airflow/example_dags/plugins/workday.py took 0.031 seconds
[2025-10-06T18:00:58.009+0000] {processor.py:186} INFO - Started process (PID=2499) to work on /home/airflow/.local/lib/python3.12/site-packages/airflow/example_dags/plugins/workday.py
[2025-10-06T18:00:58.011+0000] {processor.py:914} INFO - Processing file /home/airflow/.local/lib/python3.12/site-packages/airflow/example_dags/plugins/workday.py for tasks to queue
[2025-10-06T18:00:58.015+0000] {logging_mixin.py:190} INFO - [2025-10-06T18:00:58.015+0000] {dagbag.py:588} INFO - Filling up the DagBag from /home/airflow/.local/lib/python3.12/site-packages/airflow/example_dags/plugins/workday.py
[2025-10-06T18:00:58.021+0000] {processor.py:927} WARNING - No viable dags retrieved from /home/airflow/.local/lib/python3.12/site-packages/airflow/example_dags/plugins/workday.py
[2025-10-06T18:00:58.046+0000] {processor.py:208} INFO - Processing /home/airflow/.local/lib/python3.12/site-packages/airflow/example_dags/plugins/workday.py took 0.046 seconds
[2025-10-06T18:01:31.485+0000] {processor.py:186} INFO - Started process (PID=2564) to work on /home/airflow/.local/lib/python3.12/site-packages/airflow/example_dags/plugins/workday.py
[2025-10-06T18:01:31.486+0000] {processor.py:914} INFO - Processing file /home/airflow/.local/lib/python3.12/site-packages/airflow/example_dags/plugins/workday.py for tasks to queue
[2025-10-06T18:01:31.490+0000] {logging_mixin.py:190} INFO - [2025-10-06T18:01:31.490+0000] {dagbag.py:588} INFO - Filling up the DagBag from /home/airflow/.local/lib/python3.12/site-packages/airflow/example_dags/plugins/workday.py
[2025-10-06T18:01:31.494+0000] {processor.py:927} WARNING - No viable dags retrieved from /home/airflow/.local/lib/python3.12/site-packages/airflow/example_dags/plugins/workday.py
[2025-10-06T18:01:31.513+0000] {processor.py:208} INFO - Processing /home/airflow/.local/lib/python3.12/site-packages/airflow/example_dags/plugins/workday.py took 0.034 seconds
[2025-10-06T18:02:02.112+0000] {processor.py:186} INFO - Started process (PID=2627) to work on /home/airflow/.local/lib/python3.12/site-packages/airflow/example_dags/plugins/workday.py
[2025-10-06T18:02:02.114+0000] {processor.py:914} INFO - Processing file /home/airflow/.local/lib/python3.12/site-packages/airflow/example_dags/plugins/workday.py for tasks to queue
[2025-10-06T18:02:02.118+0000] {logging_mixin.py:190} INFO - [2025-10-06T18:02:02.117+0000] {dagbag.py:588} INFO - Filling up the DagBag from /home/airflow/.local/lib/python3.12/site-packages/airflow/example_dags/plugins/workday.py
[2025-10-06T18:02:02.124+0000] {processor.py:927} WARNING - No viable dags retrieved from /home/airflow/.local/lib/python3.12/site-packages/airflow/example_dags/plugins/workday.py
[2025-10-06T18:02:02.149+0000] {processor.py:208} INFO - Processing /home/airflow/.local/lib/python3.12/site-packages/airflow/example_dags/plugins/workday.py took 0.045 seconds
[2025-10-06T18:02:32.648+0000] {processor.py:186} INFO - Started process (PID=2690) to work on /home/airflow/.local/lib/python3.12/site-packages/airflow/example_dags/plugins/workday.py
[2025-10-06T18:02:32.650+0000] {processor.py:914} INFO - Processing file /home/airflow/.local/lib/python3.12/site-packages/airflow/example_dags/plugins/workday.py for tasks to queue
[2025-10-06T18:02:32.654+0000] {logging_mixin.py:190} INFO - [2025-10-06T18:02:32.654+0000] {dagbag.py:588} INFO - Filling up the DagBag from /home/airflow/.local/lib/python3.12/site-packages/airflow/example_dags/plugins/workday.py
[2025-10-06T18:02:32.660+0000] {processor.py:927} WARNING - No viable dags retrieved from /home/airflow/.local/lib/python3.12/site-packages/airflow/example_dags/plugins/workday.py
[2025-10-06T18:02:32.677+0000] {processor.py:208} INFO - Processing /home/airflow/.local/lib/python3.12/site-packages/airflow/example_dags/plugins/workday.py took 0.036 seconds
[2025-10-06T18:03:05.503+0000] {processor.py:186} INFO - Started process (PID=2752) to work on /home/airflow/.local/lib/python3.12/site-packages/airflow/example_dags/plugins/workday.py
[2025-10-06T18:03:05.506+0000] {processor.py:914} INFO - Processing file /home/airflow/.local/lib/python3.12/site-packages/airflow/example_dags/plugins/workday.py for tasks to queue
[2025-10-06T18:03:05.512+0000] {logging_mixin.py:190} INFO - [2025-10-06T18:03:05.511+0000] {dagbag.py:588} INFO - Filling up the DagBag from /home/airflow/.local/lib/python3.12/site-packages/airflow/example_dags/plugins/workday.py
[2025-10-06T18:03:05.518+0000] {processor.py:927} WARNING - No viable dags retrieved from /home/airflow/.local/lib/python3.12/site-packages/airflow/example_dags/plugins/workday.py
[2025-10-06T18:03:05.546+0000] {processor.py:208} INFO - Processing /home/airflow/.local/lib/python3.12/site-packages/airflow/example_dags/plugins/workday.py took 0.057 seconds
[2025-10-06T18:03:38.565+0000] {processor.py:186} INFO - Started process (PID=2817) to work on /home/airflow/.local/lib/python3.12/site-packages/airflow/example_dags/plugins/workday.py
[2025-10-06T18:03:38.567+0000] {processor.py:914} INFO - Processing file /home/airflow/.local/lib/python3.12/site-packages/airflow/example_dags/plugins/workday.py for tasks to queue
[2025-10-06T18:03:38.572+0000] {logging_mixin.py:190} INFO - [2025-10-06T18:03:38.571+0000] {dagbag.py:588} INFO - Filling up the DagBag from /home/airflow/.local/lib/python3.12/site-packages/airflow/example_dags/plugins/workday.py
[2025-10-06T18:03:38.578+0000] {processor.py:927} WARNING - No viable dags retrieved from /home/airflow/.local/lib/python3.12/site-packages/airflow/example_dags/plugins/workday.py
[2025-10-06T18:03:38.607+0000] {processor.py:208} INFO - Processing /home/airflow/.local/lib/python3.12/site-packages/airflow/example_dags/plugins/workday.py took 0.053 seconds
[2025-10-06T18:04:08.912+0000] {processor.py:186} INFO - Started process (PID=2880) to work on /home/airflow/.local/lib/python3.12/site-packages/airflow/example_dags/plugins/workday.py
[2025-10-06T18:04:08.913+0000] {processor.py:914} INFO - Processing file /home/airflow/.local/lib/python3.12/site-packages/airflow/example_dags/plugins/workday.py for tasks to queue
[2025-10-06T18:04:08.917+0000] {logging_mixin.py:190} INFO - [2025-10-06T18:04:08.917+0000] {dagbag.py:588} INFO - Filling up the DagBag from /home/airflow/.local/lib/python3.12/site-packages/airflow/example_dags/plugins/workday.py
[2025-10-06T18:04:08.922+0000] {processor.py:927} WARNING - No viable dags retrieved from /home/airflow/.local/lib/python3.12/site-packages/airflow/example_dags/plugins/workday.py
[2025-10-06T18:04:08.942+0000] {processor.py:208} INFO - Processing /home/airflow/.local/lib/python3.12/site-packages/airflow/example_dags/plugins/workday.py took 0.041 seconds
[2025-10-06T18:14:36.558+0000] {processor.py:186} INFO - Started process (PID=123) to work on /home/airflow/.local/lib/python3.12/site-packages/airflow/example_dags/plugins/workday.py
[2025-10-06T18:14:36.560+0000] {processor.py:914} INFO - Processing file /home/airflow/.local/lib/python3.12/site-packages/airflow/example_dags/plugins/workday.py for tasks to queue
[2025-10-06T18:14:36.566+0000] {logging_mixin.py:190} INFO - [2025-10-06T18:14:36.565+0000] {dagbag.py:588} INFO - Filling up the DagBag from /home/airflow/.local/lib/python3.12/site-packages/airflow/example_dags/plugins/workday.py
[2025-10-06T18:14:36.572+0000] {processor.py:927} WARNING - No viable dags retrieved from /home/airflow/.local/lib/python3.12/site-packages/airflow/example_dags/plugins/workday.py
[2025-10-06T18:14:36.597+0000] {processor.py:208} INFO - Processing /home/airflow/.local/lib/python3.12/site-packages/airflow/example_dags/plugins/workday.py took 0.050 seconds
[2025-10-06T18:15:29.649+0000] {processor.py:186} INFO - Started process (PID=197) to work on /home/airflow/.local/lib/python3.12/site-packages/airflow/example_dags/plugins/workday.py
[2025-10-06T18:15:29.650+0000] {processor.py:914} INFO - Processing file /home/airflow/.local/lib/python3.12/site-packages/airflow/example_dags/plugins/workday.py for tasks to queue
[2025-10-06T18:15:29.654+0000] {logging_mixin.py:190} INFO - [2025-10-06T18:15:29.653+0000] {dagbag.py:588} INFO - Filling up the DagBag from /home/airflow/.local/lib/python3.12/site-packages/airflow/example_dags/plugins/workday.py
[2025-10-06T18:15:29.659+0000] {processor.py:927} WARNING - No viable dags retrieved from /home/airflow/.local/lib/python3.12/site-packages/airflow/example_dags/plugins/workday.py
[2025-10-06T18:15:29.680+0000] {processor.py:208} INFO - Processing /home/airflow/.local/lib/python3.12/site-packages/airflow/example_dags/plugins/workday.py took 0.038 seconds
[2025-10-06T18:16:02.907+0000] {processor.py:186} INFO - Started process (PID=268) to work on /home/airflow/.local/lib/python3.12/site-packages/airflow/example_dags/plugins/workday.py
[2025-10-06T18:16:02.915+0000] {processor.py:914} INFO - Processing file /home/airflow/.local/lib/python3.12/site-packages/airflow/example_dags/plugins/workday.py for tasks to queue
[2025-10-06T18:16:02.920+0000] {logging_mixin.py:190} INFO - [2025-10-06T18:16:02.919+0000] {dagbag.py:588} INFO - Filling up the DagBag from /home/airflow/.local/lib/python3.12/site-packages/airflow/example_dags/plugins/workday.py
[2025-10-06T18:16:02.923+0000] {processor.py:927} WARNING - No viable dags retrieved from /home/airflow/.local/lib/python3.12/site-packages/airflow/example_dags/plugins/workday.py
[2025-10-06T18:16:02.945+0000] {processor.py:208} INFO - Processing /home/airflow/.local/lib/python3.12/site-packages/airflow/example_dags/plugins/workday.py took 0.068 seconds
[2025-10-06T18:16:33.308+0000] {processor.py:186} INFO - Started process (PID=331) to work on /home/airflow/.local/lib/python3.12/site-packages/airflow/example_dags/plugins/workday.py
[2025-10-06T18:16:33.309+0000] {processor.py:914} INFO - Processing file /home/airflow/.local/lib/python3.12/site-packages/airflow/example_dags/plugins/workday.py for tasks to queue
[2025-10-06T18:16:33.313+0000] {logging_mixin.py:190} INFO - [2025-10-06T18:16:33.312+0000] {dagbag.py:588} INFO - Filling up the DagBag from /home/airflow/.local/lib/python3.12/site-packages/airflow/example_dags/plugins/workday.py
[2025-10-06T18:16:33.318+0000] {processor.py:927} WARNING - No viable dags retrieved from /home/airflow/.local/lib/python3.12/site-packages/airflow/example_dags/plugins/workday.py
[2025-10-06T18:16:33.340+0000] {processor.py:208} INFO - Processing /home/airflow/.local/lib/python3.12/site-packages/airflow/example_dags/plugins/workday.py took 0.044 seconds
[2025-10-06T18:17:15.459+0000] {processor.py:186} INFO - Started process (PID=394) to work on /home/airflow/.local/lib/python3.12/site-packages/airflow/example_dags/plugins/workday.py
[2025-10-06T18:17:15.461+0000] {processor.py:914} INFO - Processing file /home/airflow/.local/lib/python3.12/site-packages/airflow/example_dags/plugins/workday.py for tasks to queue
[2025-10-06T18:17:15.465+0000] {logging_mixin.py:190} INFO - [2025-10-06T18:17:15.464+0000] {dagbag.py:588} INFO - Filling up the DagBag from /home/airflow/.local/lib/python3.12/site-packages/airflow/example_dags/plugins/workday.py
[2025-10-06T18:17:15.468+0000] {processor.py:927} WARNING - No viable dags retrieved from /home/airflow/.local/lib/python3.12/site-packages/airflow/example_dags/plugins/workday.py
[2025-10-06T18:17:15.487+0000] {processor.py:208} INFO - Processing /home/airflow/.local/lib/python3.12/site-packages/airflow/example_dags/plugins/workday.py took 0.034 seconds
[2025-10-06T18:17:49.824+0000] {processor.py:186} INFO - Started process (PID=461) to work on /home/airflow/.local/lib/python3.12/site-packages/airflow/example_dags/plugins/workday.py
[2025-10-06T18:17:49.830+0000] {processor.py:914} INFO - Processing file /home/airflow/.local/lib/python3.12/site-packages/airflow/example_dags/plugins/workday.py for tasks to queue
[2025-10-06T18:17:49.846+0000] {logging_mixin.py:190} INFO - [2025-10-06T18:17:49.844+0000] {dagbag.py:588} INFO - Filling up the DagBag from /home/airflow/.local/lib/python3.12/site-packages/airflow/example_dags/plugins/workday.py
[2025-10-06T18:17:49.860+0000] {processor.py:927} WARNING - No viable dags retrieved from /home/airflow/.local/lib/python3.12/site-packages/airflow/example_dags/plugins/workday.py
[2025-10-06T18:17:49.901+0000] {processor.py:208} INFO - Processing /home/airflow/.local/lib/python3.12/site-packages/airflow/example_dags/plugins/workday.py took 0.115 seconds
[2025-10-06T18:18:20.954+0000] {processor.py:186} INFO - Started process (PID=526) to work on /home/airflow/.local/lib/python3.12/site-packages/airflow/example_dags/plugins/workday.py
[2025-10-06T18:18:20.956+0000] {processor.py:914} INFO - Processing file /home/airflow/.local/lib/python3.12/site-packages/airflow/example_dags/plugins/workday.py for tasks to queue
[2025-10-06T18:18:20.961+0000] {logging_mixin.py:190} INFO - [2025-10-06T18:18:20.960+0000] {dagbag.py:588} INFO - Filling up the DagBag from /home/airflow/.local/lib/python3.12/site-packages/airflow/example_dags/plugins/workday.py
[2025-10-06T18:18:20.967+0000] {processor.py:927} WARNING - No viable dags retrieved from /home/airflow/.local/lib/python3.12/site-packages/airflow/example_dags/plugins/workday.py
[2025-10-06T18:18:20.997+0000] {processor.py:208} INFO - Processing /home/airflow/.local/lib/python3.12/site-packages/airflow/example_dags/plugins/workday.py took 0.052 seconds
[2025-10-06T18:18:51.590+0000] {processor.py:186} INFO - Started process (PID=588) to work on /home/airflow/.local/lib/python3.12/site-packages/airflow/example_dags/plugins/workday.py
[2025-10-06T18:18:51.593+0000] {processor.py:914} INFO - Processing file /home/airflow/.local/lib/python3.12/site-packages/airflow/example_dags/plugins/workday.py for tasks to queue
[2025-10-06T18:18:51.596+0000] {logging_mixin.py:190} INFO - [2025-10-06T18:18:51.595+0000] {dagbag.py:588} INFO - Filling up the DagBag from /home/airflow/.local/lib/python3.12/site-packages/airflow/example_dags/plugins/workday.py
[2025-10-06T18:18:51.599+0000] {processor.py:927} WARNING - No viable dags retrieved from /home/airflow/.local/lib/python3.12/site-packages/airflow/example_dags/plugins/workday.py
[2025-10-06T18:18:51.614+0000] {processor.py:208} INFO - Processing /home/airflow/.local/lib/python3.12/site-packages/airflow/example_dags/plugins/workday.py took 0.031 seconds
[2025-10-06T18:19:22.875+0000] {processor.py:186} INFO - Started process (PID=653) to work on /home/airflow/.local/lib/python3.12/site-packages/airflow/example_dags/plugins/workday.py
[2025-10-06T18:19:22.878+0000] {processor.py:914} INFO - Processing file /home/airflow/.local/lib/python3.12/site-packages/airflow/example_dags/plugins/workday.py for tasks to queue
[2025-10-06T18:19:22.884+0000] {logging_mixin.py:190} INFO - [2025-10-06T18:19:22.883+0000] {dagbag.py:588} INFO - Filling up the DagBag from /home/airflow/.local/lib/python3.12/site-packages/airflow/example_dags/plugins/workday.py
[2025-10-06T18:19:22.890+0000] {processor.py:927} WARNING - No viable dags retrieved from /home/airflow/.local/lib/python3.12/site-packages/airflow/example_dags/plugins/workday.py
[2025-10-06T18:19:22.930+0000] {processor.py:208} INFO - Processing /home/airflow/.local/lib/python3.12/site-packages/airflow/example_dags/plugins/workday.py took 0.068 seconds
[2025-10-06T18:19:55.361+0000] {processor.py:186} INFO - Started process (PID=716) to work on /home/airflow/.local/lib/python3.12/site-packages/airflow/example_dags/plugins/workday.py
[2025-10-06T18:19:55.363+0000] {processor.py:914} INFO - Processing file /home/airflow/.local/lib/python3.12/site-packages/airflow/example_dags/plugins/workday.py for tasks to queue
[2025-10-06T18:19:55.367+0000] {logging_mixin.py:190} INFO - [2025-10-06T18:19:55.367+0000] {dagbag.py:588} INFO - Filling up the DagBag from /home/airflow/.local/lib/python3.12/site-packages/airflow/example_dags/plugins/workday.py
[2025-10-06T18:19:55.371+0000] {processor.py:927} WARNING - No viable dags retrieved from /home/airflow/.local/lib/python3.12/site-packages/airflow/example_dags/plugins/workday.py
[2025-10-06T18:19:55.388+0000] {processor.py:208} INFO - Processing /home/airflow/.local/lib/python3.12/site-packages/airflow/example_dags/plugins/workday.py took 0.037 seconds
[2025-10-06T18:20:27.693+0000] {processor.py:186} INFO - Started process (PID=780) to work on /home/airflow/.local/lib/python3.12/site-packages/airflow/example_dags/plugins/workday.py
[2025-10-06T18:20:27.694+0000] {processor.py:914} INFO - Processing file /home/airflow/.local/lib/python3.12/site-packages/airflow/example_dags/plugins/workday.py for tasks to queue
[2025-10-06T18:20:27.698+0000] {logging_mixin.py:190} INFO - [2025-10-06T18:20:27.698+0000] {dagbag.py:588} INFO - Filling up the DagBag from /home/airflow/.local/lib/python3.12/site-packages/airflow/example_dags/plugins/workday.py
[2025-10-06T18:20:27.704+0000] {processor.py:927} WARNING - No viable dags retrieved from /home/airflow/.local/lib/python3.12/site-packages/airflow/example_dags/plugins/workday.py
[2025-10-06T18:20:27.723+0000] {processor.py:208} INFO - Processing /home/airflow/.local/lib/python3.12/site-packages/airflow/example_dags/plugins/workday.py took 0.039 seconds
[2025-10-06T18:21:43.421+0000] {processor.py:186} INFO - Started process (PID=111) to work on /home/airflow/.local/lib/python3.12/site-packages/airflow/example_dags/plugins/workday.py
[2025-10-06T18:21:43.426+0000] {processor.py:914} INFO - Processing file /home/airflow/.local/lib/python3.12/site-packages/airflow/example_dags/plugins/workday.py for tasks to queue
[2025-10-06T18:21:43.437+0000] {logging_mixin.py:190} INFO - [2025-10-06T18:21:43.436+0000] {dagbag.py:588} INFO - Filling up the DagBag from /home/airflow/.local/lib/python3.12/site-packages/airflow/example_dags/plugins/workday.py
[2025-10-06T18:21:43.457+0000] {processor.py:927} WARNING - No viable dags retrieved from /home/airflow/.local/lib/python3.12/site-packages/airflow/example_dags/plugins/workday.py
[2025-10-06T18:21:43.523+0000] {processor.py:208} INFO - Processing /home/airflow/.local/lib/python3.12/site-packages/airflow/example_dags/plugins/workday.py took 0.122 seconds
[2025-10-06T18:22:15.121+0000] {processor.py:186} INFO - Started process (PID=174) to work on /home/airflow/.local/lib/python3.12/site-packages/airflow/example_dags/plugins/workday.py
[2025-10-06T18:22:15.123+0000] {processor.py:914} INFO - Processing file /home/airflow/.local/lib/python3.12/site-packages/airflow/example_dags/plugins/workday.py for tasks to queue
[2025-10-06T18:22:15.127+0000] {logging_mixin.py:190} INFO - [2025-10-06T18:22:15.126+0000] {dagbag.py:588} INFO - Filling up the DagBag from /home/airflow/.local/lib/python3.12/site-packages/airflow/example_dags/plugins/workday.py
[2025-10-06T18:22:15.131+0000] {processor.py:927} WARNING - No viable dags retrieved from /home/airflow/.local/lib/python3.12/site-packages/airflow/example_dags/plugins/workday.py
[2025-10-06T18:22:15.156+0000] {processor.py:208} INFO - Processing /home/airflow/.local/lib/python3.12/site-packages/airflow/example_dags/plugins/workday.py took 0.044 seconds
[2025-10-06T18:22:47.144+0000] {processor.py:186} INFO - Started process (PID=237) to work on /home/airflow/.local/lib/python3.12/site-packages/airflow/example_dags/plugins/workday.py
[2025-10-06T18:22:47.147+0000] {processor.py:914} INFO - Processing file /home/airflow/.local/lib/python3.12/site-packages/airflow/example_dags/plugins/workday.py for tasks to queue
[2025-10-06T18:22:47.153+0000] {logging_mixin.py:190} INFO - [2025-10-06T18:22:47.152+0000] {dagbag.py:588} INFO - Filling up the DagBag from /home/airflow/.local/lib/python3.12/site-packages/airflow/example_dags/plugins/workday.py
[2025-10-06T18:22:47.160+0000] {processor.py:927} WARNING - No viable dags retrieved from /home/airflow/.local/lib/python3.12/site-packages/airflow/example_dags/plugins/workday.py
[2025-10-06T18:22:47.183+0000] {processor.py:208} INFO - Processing /home/airflow/.local/lib/python3.12/site-packages/airflow/example_dags/plugins/workday.py took 0.053 seconds
[2025-10-06T18:23:17.699+0000] {processor.py:186} INFO - Started process (PID=299) to work on /home/airflow/.local/lib/python3.12/site-packages/airflow/example_dags/plugins/workday.py
[2025-10-06T18:23:17.701+0000] {processor.py:914} INFO - Processing file /home/airflow/.local/lib/python3.12/site-packages/airflow/example_dags/plugins/workday.py for tasks to queue
[2025-10-06T18:23:17.705+0000] {logging_mixin.py:190} INFO - [2025-10-06T18:23:17.704+0000] {dagbag.py:588} INFO - Filling up the DagBag from /home/airflow/.local/lib/python3.12/site-packages/airflow/example_dags/plugins/workday.py
[2025-10-06T18:23:17.710+0000] {processor.py:927} WARNING - No viable dags retrieved from /home/airflow/.local/lib/python3.12/site-packages/airflow/example_dags/plugins/workday.py
[2025-10-06T18:23:17.743+0000] {processor.py:208} INFO - Processing /home/airflow/.local/lib/python3.12/site-packages/airflow/example_dags/plugins/workday.py took 0.056 seconds
[2025-10-06T18:23:47.855+0000] {processor.py:186} INFO - Started process (PID=361) to work on /home/airflow/.local/lib/python3.12/site-packages/airflow/example_dags/plugins/workday.py
[2025-10-06T18:23:47.857+0000] {processor.py:914} INFO - Processing file /home/airflow/.local/lib/python3.12/site-packages/airflow/example_dags/plugins/workday.py for tasks to queue
[2025-10-06T18:23:47.860+0000] {logging_mixin.py:190} INFO - [2025-10-06T18:23:47.859+0000] {dagbag.py:588} INFO - Filling up the DagBag from /home/airflow/.local/lib/python3.12/site-packages/airflow/example_dags/plugins/workday.py
[2025-10-06T18:23:47.863+0000] {processor.py:927} WARNING - No viable dags retrieved from /home/airflow/.local/lib/python3.12/site-packages/airflow/example_dags/plugins/workday.py
[2025-10-06T18:23:47.882+0000] {processor.py:208} INFO - Processing /home/airflow/.local/lib/python3.12/site-packages/airflow/example_dags/plugins/workday.py took 0.035 seconds
[2025-10-06T18:24:18.215+0000] {processor.py:186} INFO - Started process (PID=424) to work on /home/airflow/.local/lib/python3.12/site-packages/airflow/example_dags/plugins/workday.py
[2025-10-06T18:24:18.218+0000] {processor.py:914} INFO - Processing file /home/airflow/.local/lib/python3.12/site-packages/airflow/example_dags/plugins/workday.py for tasks to queue
[2025-10-06T18:24:18.222+0000] {logging_mixin.py:190} INFO - [2025-10-06T18:24:18.222+0000] {dagbag.py:588} INFO - Filling up the DagBag from /home/airflow/.local/lib/python3.12/site-packages/airflow/example_dags/plugins/workday.py
[2025-10-06T18:24:18.227+0000] {processor.py:927} WARNING - No viable dags retrieved from /home/airflow/.local/lib/python3.12/site-packages/airflow/example_dags/plugins/workday.py
[2025-10-06T18:24:18.247+0000] {processor.py:208} INFO - Processing /home/airflow/.local/lib/python3.12/site-packages/airflow/example_dags/plugins/workday.py took 0.046 seconds
[2025-10-06T18:24:49.151+0000] {processor.py:186} INFO - Started process (PID=488) to work on /home/airflow/.local/lib/python3.12/site-packages/airflow/example_dags/plugins/workday.py
[2025-10-06T18:24:49.153+0000] {processor.py:914} INFO - Processing file /home/airflow/.local/lib/python3.12/site-packages/airflow/example_dags/plugins/workday.py for tasks to queue
[2025-10-06T18:24:49.157+0000] {logging_mixin.py:190} INFO - [2025-10-06T18:24:49.156+0000] {dagbag.py:588} INFO - Filling up the DagBag from /home/airflow/.local/lib/python3.12/site-packages/airflow/example_dags/plugins/workday.py
[2025-10-06T18:24:49.162+0000] {processor.py:927} WARNING - No viable dags retrieved from /home/airflow/.local/lib/python3.12/site-packages/airflow/example_dags/plugins/workday.py
[2025-10-06T18:24:49.186+0000] {processor.py:208} INFO - Processing /home/airflow/.local/lib/python3.12/site-packages/airflow/example_dags/plugins/workday.py took 0.047 seconds
[2025-10-06T18:25:20.161+0000] {processor.py:186} INFO - Started process (PID=552) to work on /home/airflow/.local/lib/python3.12/site-packages/airflow/example_dags/plugins/workday.py
[2025-10-06T18:25:20.162+0000] {processor.py:914} INFO - Processing file /home/airflow/.local/lib/python3.12/site-packages/airflow/example_dags/plugins/workday.py for tasks to queue
[2025-10-06T18:25:20.165+0000] {logging_mixin.py:190} INFO - [2025-10-06T18:25:20.165+0000] {dagbag.py:588} INFO - Filling up the DagBag from /home/airflow/.local/lib/python3.12/site-packages/airflow/example_dags/plugins/workday.py
[2025-10-06T18:25:20.175+0000] {processor.py:927} WARNING - No viable dags retrieved from /home/airflow/.local/lib/python3.12/site-packages/airflow/example_dags/plugins/workday.py
[2025-10-06T18:25:20.192+0000] {processor.py:208} INFO - Processing /home/airflow/.local/lib/python3.12/site-packages/airflow/example_dags/plugins/workday.py took 0.038 seconds
[2025-10-06T18:25:50.617+0000] {processor.py:186} INFO - Started process (PID=616) to work on /home/airflow/.local/lib/python3.12/site-packages/airflow/example_dags/plugins/workday.py
[2025-10-06T18:25:50.619+0000] {processor.py:914} INFO - Processing file /home/airflow/.local/lib/python3.12/site-packages/airflow/example_dags/plugins/workday.py for tasks to queue
[2025-10-06T18:25:50.622+0000] {logging_mixin.py:190} INFO - [2025-10-06T18:25:50.621+0000] {dagbag.py:588} INFO - Filling up the DagBag from /home/airflow/.local/lib/python3.12/site-packages/airflow/example_dags/plugins/workday.py
[2025-10-06T18:25:50.626+0000] {processor.py:927} WARNING - No viable dags retrieved from /home/airflow/.local/lib/python3.12/site-packages/airflow/example_dags/plugins/workday.py
[2025-10-06T18:25:50.641+0000] {processor.py:208} INFO - Processing /home/airflow/.local/lib/python3.12/site-packages/airflow/example_dags/plugins/workday.py took 0.031 seconds
[2025-10-06T18:26:21.973+0000] {processor.py:186} INFO - Started process (PID=679) to work on /home/airflow/.local/lib/python3.12/site-packages/airflow/example_dags/plugins/workday.py
[2025-10-06T18:26:21.975+0000] {processor.py:914} INFO - Processing file /home/airflow/.local/lib/python3.12/site-packages/airflow/example_dags/plugins/workday.py for tasks to queue
[2025-10-06T18:26:21.979+0000] {logging_mixin.py:190} INFO - [2025-10-06T18:26:21.978+0000] {dagbag.py:588} INFO - Filling up the DagBag from /home/airflow/.local/lib/python3.12/site-packages/airflow/example_dags/plugins/workday.py
[2025-10-06T18:26:21.983+0000] {processor.py:927} WARNING - No viable dags retrieved from /home/airflow/.local/lib/python3.12/site-packages/airflow/example_dags/plugins/workday.py
[2025-10-06T18:26:22.001+0000] {processor.py:208} INFO - Processing /home/airflow/.local/lib/python3.12/site-packages/airflow/example_dags/plugins/workday.py took 0.034 seconds
[2025-10-06T18:26:52.189+0000] {processor.py:186} INFO - Started process (PID=741) to work on /home/airflow/.local/lib/python3.12/site-packages/airflow/example_dags/plugins/workday.py
[2025-10-06T18:26:52.190+0000] {processor.py:914} INFO - Processing file /home/airflow/.local/lib/python3.12/site-packages/airflow/example_dags/plugins/workday.py for tasks to queue
[2025-10-06T18:26:52.194+0000] {logging_mixin.py:190} INFO - [2025-10-06T18:26:52.193+0000] {dagbag.py:588} INFO - Filling up the DagBag from /home/airflow/.local/lib/python3.12/site-packages/airflow/example_dags/plugins/workday.py
[2025-10-06T18:26:52.197+0000] {processor.py:927} WARNING - No viable dags retrieved from /home/airflow/.local/lib/python3.12/site-packages/airflow/example_dags/plugins/workday.py
[2025-10-06T18:26:52.217+0000] {processor.py:208} INFO - Processing /home/airflow/.local/lib/python3.12/site-packages/airflow/example_dags/plugins/workday.py took 0.037 seconds
[2025-10-06T18:27:23.163+0000] {processor.py:186} INFO - Started process (PID=804) to work on /home/airflow/.local/lib/python3.12/site-packages/airflow/example_dags/plugins/workday.py
[2025-10-06T18:27:23.164+0000] {processor.py:914} INFO - Processing file /home/airflow/.local/lib/python3.12/site-packages/airflow/example_dags/plugins/workday.py for tasks to queue
[2025-10-06T18:27:23.167+0000] {logging_mixin.py:190} INFO - [2025-10-06T18:27:23.167+0000] {dagbag.py:588} INFO - Filling up the DagBag from /home/airflow/.local/lib/python3.12/site-packages/airflow/example_dags/plugins/workday.py
[2025-10-06T18:27:23.170+0000] {processor.py:927} WARNING - No viable dags retrieved from /home/airflow/.local/lib/python3.12/site-packages/airflow/example_dags/plugins/workday.py
[2025-10-06T18:27:23.188+0000] {processor.py:208} INFO - Processing /home/airflow/.local/lib/python3.12/site-packages/airflow/example_dags/plugins/workday.py took 0.033 seconds
[2025-10-06T18:27:53.895+0000] {processor.py:186} INFO - Started process (PID=867) to work on /home/airflow/.local/lib/python3.12/site-packages/airflow/example_dags/plugins/workday.py
[2025-10-06T18:27:53.896+0000] {processor.py:914} INFO - Processing file /home/airflow/.local/lib/python3.12/site-packages/airflow/example_dags/plugins/workday.py for tasks to queue
[2025-10-06T18:27:53.899+0000] {logging_mixin.py:190} INFO - [2025-10-06T18:27:53.899+0000] {dagbag.py:588} INFO - Filling up the DagBag from /home/airflow/.local/lib/python3.12/site-packages/airflow/example_dags/plugins/workday.py
[2025-10-06T18:27:53.902+0000] {processor.py:927} WARNING - No viable dags retrieved from /home/airflow/.local/lib/python3.12/site-packages/airflow/example_dags/plugins/workday.py
[2025-10-06T18:27:53.922+0000] {processor.py:208} INFO - Processing /home/airflow/.local/lib/python3.12/site-packages/airflow/example_dags/plugins/workday.py took 0.035 seconds
[2025-10-06T18:28:26.246+0000] {processor.py:186} INFO - Started process (PID=931) to work on /home/airflow/.local/lib/python3.12/site-packages/airflow/example_dags/plugins/workday.py
[2025-10-06T18:28:26.248+0000] {processor.py:914} INFO - Processing file /home/airflow/.local/lib/python3.12/site-packages/airflow/example_dags/plugins/workday.py for tasks to queue
[2025-10-06T18:28:26.253+0000] {logging_mixin.py:190} INFO - [2025-10-06T18:28:26.252+0000] {dagbag.py:588} INFO - Filling up the DagBag from /home/airflow/.local/lib/python3.12/site-packages/airflow/example_dags/plugins/workday.py
[2025-10-06T18:28:26.257+0000] {processor.py:927} WARNING - No viable dags retrieved from /home/airflow/.local/lib/python3.12/site-packages/airflow/example_dags/plugins/workday.py
[2025-10-06T18:28:26.290+0000] {processor.py:208} INFO - Processing /home/airflow/.local/lib/python3.12/site-packages/airflow/example_dags/plugins/workday.py took 0.055 seconds
[2025-10-06T18:28:56.344+0000] {processor.py:186} INFO - Started process (PID=995) to work on /home/airflow/.local/lib/python3.12/site-packages/airflow/example_dags/plugins/workday.py
[2025-10-06T18:28:56.345+0000] {processor.py:914} INFO - Processing file /home/airflow/.local/lib/python3.12/site-packages/airflow/example_dags/plugins/workday.py for tasks to queue
[2025-10-06T18:28:56.348+0000] {logging_mixin.py:190} INFO - [2025-10-06T18:28:56.348+0000] {dagbag.py:588} INFO - Filling up the DagBag from /home/airflow/.local/lib/python3.12/site-packages/airflow/example_dags/plugins/workday.py
[2025-10-06T18:28:56.351+0000] {processor.py:927} WARNING - No viable dags retrieved from /home/airflow/.local/lib/python3.12/site-packages/airflow/example_dags/plugins/workday.py
[2025-10-06T18:28:56.370+0000] {processor.py:208} INFO - Processing /home/airflow/.local/lib/python3.12/site-packages/airflow/example_dags/plugins/workday.py took 0.032 seconds
[2025-10-06T18:29:30.792+0000] {processor.py:186} INFO - Started process (PID=1059) to work on /home/airflow/.local/lib/python3.12/site-packages/airflow/example_dags/plugins/workday.py
[2025-10-06T18:29:30.793+0000] {processor.py:914} INFO - Processing file /home/airflow/.local/lib/python3.12/site-packages/airflow/example_dags/plugins/workday.py for tasks to queue
[2025-10-06T18:29:30.797+0000] {logging_mixin.py:190} INFO - [2025-10-06T18:29:30.796+0000] {dagbag.py:588} INFO - Filling up the DagBag from /home/airflow/.local/lib/python3.12/site-packages/airflow/example_dags/plugins/workday.py
[2025-10-06T18:29:30.800+0000] {processor.py:927} WARNING - No viable dags retrieved from /home/airflow/.local/lib/python3.12/site-packages/airflow/example_dags/plugins/workday.py
[2025-10-06T18:29:30.819+0000] {processor.py:208} INFO - Processing /home/airflow/.local/lib/python3.12/site-packages/airflow/example_dags/plugins/workday.py took 0.034 seconds
[2025-10-06T18:30:02.461+0000] {processor.py:186} INFO - Started process (PID=1122) to work on /home/airflow/.local/lib/python3.12/site-packages/airflow/example_dags/plugins/workday.py
[2025-10-06T18:30:02.462+0000] {processor.py:914} INFO - Processing file /home/airflow/.local/lib/python3.12/site-packages/airflow/example_dags/plugins/workday.py for tasks to queue
[2025-10-06T18:30:02.465+0000] {logging_mixin.py:190} INFO - [2025-10-06T18:30:02.465+0000] {dagbag.py:588} INFO - Filling up the DagBag from /home/airflow/.local/lib/python3.12/site-packages/airflow/example_dags/plugins/workday.py
[2025-10-06T18:30:02.469+0000] {processor.py:927} WARNING - No viable dags retrieved from /home/airflow/.local/lib/python3.12/site-packages/airflow/example_dags/plugins/workday.py
[2025-10-06T18:30:02.484+0000] {processor.py:208} INFO - Processing /home/airflow/.local/lib/python3.12/site-packages/airflow/example_dags/plugins/workday.py took 0.032 seconds
[2025-10-06T18:30:34.659+0000] {processor.py:186} INFO - Started process (PID=1186) to work on /home/airflow/.local/lib/python3.12/site-packages/airflow/example_dags/plugins/workday.py
[2025-10-06T18:30:34.661+0000] {processor.py:914} INFO - Processing file /home/airflow/.local/lib/python3.12/site-packages/airflow/example_dags/plugins/workday.py for tasks to queue
[2025-10-06T18:30:34.664+0000] {logging_mixin.py:190} INFO - [2025-10-06T18:30:34.663+0000] {dagbag.py:588} INFO - Filling up the DagBag from /home/airflow/.local/lib/python3.12/site-packages/airflow/example_dags/plugins/workday.py
[2025-10-06T18:30:34.667+0000] {processor.py:927} WARNING - No viable dags retrieved from /home/airflow/.local/lib/python3.12/site-packages/airflow/example_dags/plugins/workday.py
[2025-10-06T18:30:34.682+0000] {processor.py:208} INFO - Processing /home/airflow/.local/lib/python3.12/site-packages/airflow/example_dags/plugins/workday.py took 0.030 seconds
[2025-10-06T18:31:05.829+0000] {processor.py:186} INFO - Started process (PID=1249) to work on /home/airflow/.local/lib/python3.12/site-packages/airflow/example_dags/plugins/workday.py
[2025-10-06T18:31:05.830+0000] {processor.py:914} INFO - Processing file /home/airflow/.local/lib/python3.12/site-packages/airflow/example_dags/plugins/workday.py for tasks to queue
[2025-10-06T18:31:05.833+0000] {logging_mixin.py:190} INFO - [2025-10-06T18:31:05.833+0000] {dagbag.py:588} INFO - Filling up the DagBag from /home/airflow/.local/lib/python3.12/site-packages/airflow/example_dags/plugins/workday.py
[2025-10-06T18:31:05.837+0000] {processor.py:927} WARNING - No viable dags retrieved from /home/airflow/.local/lib/python3.12/site-packages/airflow/example_dags/plugins/workday.py
[2025-10-06T18:31:05.857+0000] {processor.py:208} INFO - Processing /home/airflow/.local/lib/python3.12/site-packages/airflow/example_dags/plugins/workday.py took 0.036 seconds
[2025-10-06T18:31:36.064+0000] {processor.py:186} INFO - Started process (PID=1311) to work on /home/airflow/.local/lib/python3.12/site-packages/airflow/example_dags/plugins/workday.py
[2025-10-06T18:31:36.067+0000] {processor.py:914} INFO - Processing file /home/airflow/.local/lib/python3.12/site-packages/airflow/example_dags/plugins/workday.py for tasks to queue
[2025-10-06T18:31:36.072+0000] {logging_mixin.py:190} INFO - [2025-10-06T18:31:36.071+0000] {dagbag.py:588} INFO - Filling up the DagBag from /home/airflow/.local/lib/python3.12/site-packages/airflow/example_dags/plugins/workday.py
[2025-10-06T18:31:36.077+0000] {processor.py:927} WARNING - No viable dags retrieved from /home/airflow/.local/lib/python3.12/site-packages/airflow/example_dags/plugins/workday.py
[2025-10-06T18:31:36.097+0000] {processor.py:208} INFO - Processing /home/airflow/.local/lib/python3.12/site-packages/airflow/example_dags/plugins/workday.py took 0.045 seconds
[2025-10-06T18:32:08.181+0000] {processor.py:186} INFO - Started process (PID=1374) to work on /home/airflow/.local/lib/python3.12/site-packages/airflow/example_dags/plugins/workday.py
[2025-10-06T18:32:08.183+0000] {processor.py:914} INFO - Processing file /home/airflow/.local/lib/python3.12/site-packages/airflow/example_dags/plugins/workday.py for tasks to queue
[2025-10-06T18:32:08.188+0000] {logging_mixin.py:190} INFO - [2025-10-06T18:32:08.188+0000] {dagbag.py:588} INFO - Filling up the DagBag from /home/airflow/.local/lib/python3.12/site-packages/airflow/example_dags/plugins/workday.py
[2025-10-06T18:32:08.194+0000] {processor.py:927} WARNING - No viable dags retrieved from /home/airflow/.local/lib/python3.12/site-packages/airflow/example_dags/plugins/workday.py
[2025-10-06T18:32:08.219+0000] {processor.py:208} INFO - Processing /home/airflow/.local/lib/python3.12/site-packages/airflow/example_dags/plugins/workday.py took 0.055 seconds
[2025-10-06T18:32:40.228+0000] {processor.py:186} INFO - Started process (PID=1437) to work on /home/airflow/.local/lib/python3.12/site-packages/airflow/example_dags/plugins/workday.py
[2025-10-06T18:32:40.229+0000] {processor.py:914} INFO - Processing file /home/airflow/.local/lib/python3.12/site-packages/airflow/example_dags/plugins/workday.py for tasks to queue
[2025-10-06T18:32:40.235+0000] {logging_mixin.py:190} INFO - [2025-10-06T18:32:40.234+0000] {dagbag.py:588} INFO - Filling up the DagBag from /home/airflow/.local/lib/python3.12/site-packages/airflow/example_dags/plugins/workday.py
[2025-10-06T18:32:40.239+0000] {processor.py:927} WARNING - No viable dags retrieved from /home/airflow/.local/lib/python3.12/site-packages/airflow/example_dags/plugins/workday.py
[2025-10-06T18:32:40.268+0000] {processor.py:208} INFO - Processing /home/airflow/.local/lib/python3.12/site-packages/airflow/example_dags/plugins/workday.py took 0.046 seconds
[2025-10-06T18:33:15.687+0000] {processor.py:186} INFO - Started process (PID=1503) to work on /home/airflow/.local/lib/python3.12/site-packages/airflow/example_dags/plugins/workday.py
[2025-10-06T18:33:15.689+0000] {processor.py:914} INFO - Processing file /home/airflow/.local/lib/python3.12/site-packages/airflow/example_dags/plugins/workday.py for tasks to queue
[2025-10-06T18:33:15.696+0000] {logging_mixin.py:190} INFO - [2025-10-06T18:33:15.695+0000] {dagbag.py:588} INFO - Filling up the DagBag from /home/airflow/.local/lib/python3.12/site-packages/airflow/example_dags/plugins/workday.py
[2025-10-06T18:33:15.701+0000] {processor.py:927} WARNING - No viable dags retrieved from /home/airflow/.local/lib/python3.12/site-packages/airflow/example_dags/plugins/workday.py
[2025-10-06T18:33:15.729+0000] {processor.py:208} INFO - Processing /home/airflow/.local/lib/python3.12/site-packages/airflow/example_dags/plugins/workday.py took 0.056 seconds
[2025-10-06T18:33:46.236+0000] {processor.py:186} INFO - Started process (PID=1566) to work on /home/airflow/.local/lib/python3.12/site-packages/airflow/example_dags/plugins/workday.py
[2025-10-06T18:33:46.238+0000] {processor.py:914} INFO - Processing file /home/airflow/.local/lib/python3.12/site-packages/airflow/example_dags/plugins/workday.py for tasks to queue
[2025-10-06T18:33:46.243+0000] {logging_mixin.py:190} INFO - [2025-10-06T18:33:46.242+0000] {dagbag.py:588} INFO - Filling up the DagBag from /home/airflow/.local/lib/python3.12/site-packages/airflow/example_dags/plugins/workday.py
[2025-10-06T18:33:46.248+0000] {processor.py:927} WARNING - No viable dags retrieved from /home/airflow/.local/lib/python3.12/site-packages/airflow/example_dags/plugins/workday.py
[2025-10-06T18:33:46.275+0000] {processor.py:208} INFO - Processing /home/airflow/.local/lib/python3.12/site-packages/airflow/example_dags/plugins/workday.py took 0.052 seconds
[2025-10-06T18:34:17.167+0000] {processor.py:186} INFO - Started process (PID=1629) to work on /home/airflow/.local/lib/python3.12/site-packages/airflow/example_dags/plugins/workday.py
[2025-10-06T18:34:17.168+0000] {processor.py:914} INFO - Processing file /home/airflow/.local/lib/python3.12/site-packages/airflow/example_dags/plugins/workday.py for tasks to queue
[2025-10-06T18:34:17.171+0000] {logging_mixin.py:190} INFO - [2025-10-06T18:34:17.171+0000] {dagbag.py:588} INFO - Filling up the DagBag from /home/airflow/.local/lib/python3.12/site-packages/airflow/example_dags/plugins/workday.py
[2025-10-06T18:34:17.174+0000] {processor.py:927} WARNING - No viable dags retrieved from /home/airflow/.local/lib/python3.12/site-packages/airflow/example_dags/plugins/workday.py
[2025-10-06T18:34:17.190+0000] {processor.py:208} INFO - Processing /home/airflow/.local/lib/python3.12/site-packages/airflow/example_dags/plugins/workday.py took 0.030 seconds
[2025-10-06T18:34:48.627+0000] {processor.py:186} INFO - Started process (PID=1692) to work on /home/airflow/.local/lib/python3.12/site-packages/airflow/example_dags/plugins/workday.py
[2025-10-06T18:34:48.628+0000] {processor.py:914} INFO - Processing file /home/airflow/.local/lib/python3.12/site-packages/airflow/example_dags/plugins/workday.py for tasks to queue
[2025-10-06T18:34:48.631+0000] {logging_mixin.py:190} INFO - [2025-10-06T18:34:48.631+0000] {dagbag.py:588} INFO - Filling up the DagBag from /home/airflow/.local/lib/python3.12/site-packages/airflow/example_dags/plugins/workday.py
[2025-10-06T18:34:48.634+0000] {processor.py:927} WARNING - No viable dags retrieved from /home/airflow/.local/lib/python3.12/site-packages/airflow/example_dags/plugins/workday.py
[2025-10-06T18:34:48.664+0000] {processor.py:208} INFO - Processing /home/airflow/.local/lib/python3.12/site-packages/airflow/example_dags/plugins/workday.py took 0.043 seconds
[2025-10-06T18:35:23.404+0000] {processor.py:186} INFO - Started process (PID=1755) to work on /home/airflow/.local/lib/python3.12/site-packages/airflow/example_dags/plugins/workday.py
[2025-10-06T18:35:23.406+0000] {processor.py:914} INFO - Processing file /home/airflow/.local/lib/python3.12/site-packages/airflow/example_dags/plugins/workday.py for tasks to queue
[2025-10-06T18:35:23.412+0000] {logging_mixin.py:190} INFO - [2025-10-06T18:35:23.411+0000] {dagbag.py:588} INFO - Filling up the DagBag from /home/airflow/.local/lib/python3.12/site-packages/airflow/example_dags/plugins/workday.py
[2025-10-06T18:35:23.419+0000] {processor.py:927} WARNING - No viable dags retrieved from /home/airflow/.local/lib/python3.12/site-packages/airflow/example_dags/plugins/workday.py
[2025-10-06T18:35:23.444+0000] {processor.py:208} INFO - Processing /home/airflow/.local/lib/python3.12/site-packages/airflow/example_dags/plugins/workday.py took 0.056 seconds
[2025-10-06T18:35:54.491+0000] {processor.py:186} INFO - Started process (PID=1818) to work on /home/airflow/.local/lib/python3.12/site-packages/airflow/example_dags/plugins/workday.py
[2025-10-06T18:35:54.492+0000] {processor.py:914} INFO - Processing file /home/airflow/.local/lib/python3.12/site-packages/airflow/example_dags/plugins/workday.py for tasks to queue
[2025-10-06T18:35:54.495+0000] {logging_mixin.py:190} INFO - [2025-10-06T18:35:54.495+0000] {dagbag.py:588} INFO - Filling up the DagBag from /home/airflow/.local/lib/python3.12/site-packages/airflow/example_dags/plugins/workday.py
[2025-10-06T18:35:54.498+0000] {processor.py:927} WARNING - No viable dags retrieved from /home/airflow/.local/lib/python3.12/site-packages/airflow/example_dags/plugins/workday.py
[2025-10-06T18:35:54.513+0000] {processor.py:208} INFO - Processing /home/airflow/.local/lib/python3.12/site-packages/airflow/example_dags/plugins/workday.py took 0.029 seconds
[2025-10-06T18:36:28.761+0000] {processor.py:186} INFO - Started process (PID=1881) to work on /home/airflow/.local/lib/python3.12/site-packages/airflow/example_dags/plugins/workday.py
[2025-10-06T18:36:28.763+0000] {processor.py:914} INFO - Processing file /home/airflow/.local/lib/python3.12/site-packages/airflow/example_dags/plugins/workday.py for tasks to queue
[2025-10-06T18:36:28.769+0000] {logging_mixin.py:190} INFO - [2025-10-06T18:36:28.768+0000] {dagbag.py:588} INFO - Filling up the DagBag from /home/airflow/.local/lib/python3.12/site-packages/airflow/example_dags/plugins/workday.py
[2025-10-06T18:36:28.774+0000] {processor.py:927} WARNING - No viable dags retrieved from /home/airflow/.local/lib/python3.12/site-packages/airflow/example_dags/plugins/workday.py
[2025-10-06T18:36:28.795+0000] {processor.py:208} INFO - Processing /home/airflow/.local/lib/python3.12/site-packages/airflow/example_dags/plugins/workday.py took 0.046 seconds
[2025-10-06T18:36:59.758+0000] {processor.py:186} INFO - Started process (PID=1944) to work on /home/airflow/.local/lib/python3.12/site-packages/airflow/example_dags/plugins/workday.py
[2025-10-06T18:36:59.760+0000] {processor.py:914} INFO - Processing file /home/airflow/.local/lib/python3.12/site-packages/airflow/example_dags/plugins/workday.py for tasks to queue
[2025-10-06T18:36:59.764+0000] {logging_mixin.py:190} INFO - [2025-10-06T18:36:59.763+0000] {dagbag.py:588} INFO - Filling up the DagBag from /home/airflow/.local/lib/python3.12/site-packages/airflow/example_dags/plugins/workday.py
[2025-10-06T18:36:59.768+0000] {processor.py:927} WARNING - No viable dags retrieved from /home/airflow/.local/lib/python3.12/site-packages/airflow/example_dags/plugins/workday.py
[2025-10-06T18:36:59.789+0000] {processor.py:208} INFO - Processing /home/airflow/.local/lib/python3.12/site-packages/airflow/example_dags/plugins/workday.py took 0.040 seconds
[2025-10-06T18:37:30.429+0000] {processor.py:186} INFO - Started process (PID=2007) to work on /home/airflow/.local/lib/python3.12/site-packages/airflow/example_dags/plugins/workday.py
[2025-10-06T18:37:30.430+0000] {processor.py:914} INFO - Processing file /home/airflow/.local/lib/python3.12/site-packages/airflow/example_dags/plugins/workday.py for tasks to queue
[2025-10-06T18:37:30.433+0000] {logging_mixin.py:190} INFO - [2025-10-06T18:37:30.432+0000] {dagbag.py:588} INFO - Filling up the DagBag from /home/airflow/.local/lib/python3.12/site-packages/airflow/example_dags/plugins/workday.py
[2025-10-06T18:37:30.436+0000] {processor.py:927} WARNING - No viable dags retrieved from /home/airflow/.local/lib/python3.12/site-packages/airflow/example_dags/plugins/workday.py
[2025-10-06T18:37:30.451+0000] {processor.py:208} INFO - Processing /home/airflow/.local/lib/python3.12/site-packages/airflow/example_dags/plugins/workday.py took 0.028 seconds
[2025-10-06T18:38:00.589+0000] {processor.py:186} INFO - Started process (PID=2069) to work on /home/airflow/.local/lib/python3.12/site-packages/airflow/example_dags/plugins/workday.py
[2025-10-06T18:38:00.590+0000] {processor.py:914} INFO - Processing file /home/airflow/.local/lib/python3.12/site-packages/airflow/example_dags/plugins/workday.py for tasks to queue
[2025-10-06T18:38:00.593+0000] {logging_mixin.py:190} INFO - [2025-10-06T18:38:00.593+0000] {dagbag.py:588} INFO - Filling up the DagBag from /home/airflow/.local/lib/python3.12/site-packages/airflow/example_dags/plugins/workday.py
[2025-10-06T18:38:00.596+0000] {processor.py:927} WARNING - No viable dags retrieved from /home/airflow/.local/lib/python3.12/site-packages/airflow/example_dags/plugins/workday.py
[2025-10-06T18:38:00.618+0000] {processor.py:208} INFO - Processing /home/airflow/.local/lib/python3.12/site-packages/airflow/example_dags/plugins/workday.py took 0.035 seconds
[2025-10-06T18:38:31.220+0000] {processor.py:186} INFO - Started process (PID=2132) to work on /home/airflow/.local/lib/python3.12/site-packages/airflow/example_dags/plugins/workday.py
[2025-10-06T18:38:31.221+0000] {processor.py:914} INFO - Processing file /home/airflow/.local/lib/python3.12/site-packages/airflow/example_dags/plugins/workday.py for tasks to queue
[2025-10-06T18:38:31.224+0000] {logging_mixin.py:190} INFO - [2025-10-06T18:38:31.224+0000] {dagbag.py:588} INFO - Filling up the DagBag from /home/airflow/.local/lib/python3.12/site-packages/airflow/example_dags/plugins/workday.py
[2025-10-06T18:38:31.227+0000] {processor.py:927} WARNING - No viable dags retrieved from /home/airflow/.local/lib/python3.12/site-packages/airflow/example_dags/plugins/workday.py
[2025-10-06T18:38:31.242+0000] {processor.py:208} INFO - Processing /home/airflow/.local/lib/python3.12/site-packages/airflow/example_dags/plugins/workday.py took 0.029 seconds
[2025-10-06T18:39:01.570+0000] {processor.py:186} INFO - Started process (PID=2195) to work on /home/airflow/.local/lib/python3.12/site-packages/airflow/example_dags/plugins/workday.py
[2025-10-06T18:39:01.571+0000] {processor.py:914} INFO - Processing file /home/airflow/.local/lib/python3.12/site-packages/airflow/example_dags/plugins/workday.py for tasks to queue
[2025-10-06T18:39:01.574+0000] {logging_mixin.py:190} INFO - [2025-10-06T18:39:01.573+0000] {dagbag.py:588} INFO - Filling up the DagBag from /home/airflow/.local/lib/python3.12/site-packages/airflow/example_dags/plugins/workday.py
[2025-10-06T18:39:01.577+0000] {processor.py:927} WARNING - No viable dags retrieved from /home/airflow/.local/lib/python3.12/site-packages/airflow/example_dags/plugins/workday.py
[2025-10-06T18:39:01.612+0000] {processor.py:208} INFO - Processing /home/airflow/.local/lib/python3.12/site-packages/airflow/example_dags/plugins/workday.py took 0.048 seconds
[2025-10-06T18:39:32.825+0000] {processor.py:186} INFO - Started process (PID=2258) to work on /home/airflow/.local/lib/python3.12/site-packages/airflow/example_dags/plugins/workday.py
[2025-10-06T18:39:32.828+0000] {processor.py:914} INFO - Processing file /home/airflow/.local/lib/python3.12/site-packages/airflow/example_dags/plugins/workday.py for tasks to queue
[2025-10-06T18:39:32.834+0000] {logging_mixin.py:190} INFO - [2025-10-06T18:39:32.833+0000] {dagbag.py:588} INFO - Filling up the DagBag from /home/airflow/.local/lib/python3.12/site-packages/airflow/example_dags/plugins/workday.py
[2025-10-06T18:39:32.841+0000] {processor.py:927} WARNING - No viable dags retrieved from /home/airflow/.local/lib/python3.12/site-packages/airflow/example_dags/plugins/workday.py
[2025-10-06T18:39:32.869+0000] {processor.py:208} INFO - Processing /home/airflow/.local/lib/python3.12/site-packages/airflow/example_dags/plugins/workday.py took 0.058 seconds
[2025-10-06T18:40:08.476+0000] {processor.py:186} INFO - Started process (PID=2321) to work on /home/airflow/.local/lib/python3.12/site-packages/airflow/example_dags/plugins/workday.py
[2025-10-06T18:40:08.479+0000] {processor.py:914} INFO - Processing file /home/airflow/.local/lib/python3.12/site-packages/airflow/example_dags/plugins/workday.py for tasks to queue
[2025-10-06T18:40:08.485+0000] {logging_mixin.py:190} INFO - [2025-10-06T18:40:08.484+0000] {dagbag.py:588} INFO - Filling up the DagBag from /home/airflow/.local/lib/python3.12/site-packages/airflow/example_dags/plugins/workday.py
[2025-10-06T18:40:08.491+0000] {processor.py:927} WARNING - No viable dags retrieved from /home/airflow/.local/lib/python3.12/site-packages/airflow/example_dags/plugins/workday.py
[2025-10-06T18:40:08.520+0000] {processor.py:208} INFO - Processing /home/airflow/.local/lib/python3.12/site-packages/airflow/example_dags/plugins/workday.py took 0.055 seconds
[2025-10-06T18:40:39.158+0000] {processor.py:186} INFO - Started process (PID=2384) to work on /home/airflow/.local/lib/python3.12/site-packages/airflow/example_dags/plugins/workday.py
[2025-10-06T18:40:39.161+0000] {processor.py:914} INFO - Processing file /home/airflow/.local/lib/python3.12/site-packages/airflow/example_dags/plugins/workday.py for tasks to queue
[2025-10-06T18:40:39.167+0000] {logging_mixin.py:190} INFO - [2025-10-06T18:40:39.166+0000] {dagbag.py:588} INFO - Filling up the DagBag from /home/airflow/.local/lib/python3.12/site-packages/airflow/example_dags/plugins/workday.py
[2025-10-06T18:40:39.179+0000] {processor.py:927} WARNING - No viable dags retrieved from /home/airflow/.local/lib/python3.12/site-packages/airflow/example_dags/plugins/workday.py
[2025-10-06T18:40:39.213+0000] {processor.py:208} INFO - Processing /home/airflow/.local/lib/python3.12/site-packages/airflow/example_dags/plugins/workday.py took 0.072 seconds
[2025-10-06T18:41:10.054+0000] {processor.py:186} INFO - Started process (PID=2447) to work on /home/airflow/.local/lib/python3.12/site-packages/airflow/example_dags/plugins/workday.py
[2025-10-06T18:41:10.055+0000] {processor.py:914} INFO - Processing file /home/airflow/.local/lib/python3.12/site-packages/airflow/example_dags/plugins/workday.py for tasks to queue
[2025-10-06T18:41:10.058+0000] {logging_mixin.py:190} INFO - [2025-10-06T18:41:10.058+0000] {dagbag.py:588} INFO - Filling up the DagBag from /home/airflow/.local/lib/python3.12/site-packages/airflow/example_dags/plugins/workday.py
[2025-10-06T18:41:10.062+0000] {processor.py:927} WARNING - No viable dags retrieved from /home/airflow/.local/lib/python3.12/site-packages/airflow/example_dags/plugins/workday.py
[2025-10-06T18:41:10.080+0000] {processor.py:208} INFO - Processing /home/airflow/.local/lib/python3.12/site-packages/airflow/example_dags/plugins/workday.py took 0.032 seconds
[2025-10-06T18:41:45.466+0000] {processor.py:186} INFO - Started process (PID=2511) to work on /home/airflow/.local/lib/python3.12/site-packages/airflow/example_dags/plugins/workday.py
[2025-10-06T18:41:45.468+0000] {processor.py:914} INFO - Processing file /home/airflow/.local/lib/python3.12/site-packages/airflow/example_dags/plugins/workday.py for tasks to queue
[2025-10-06T18:41:45.474+0000] {logging_mixin.py:190} INFO - [2025-10-06T18:41:45.473+0000] {dagbag.py:588} INFO - Filling up the DagBag from /home/airflow/.local/lib/python3.12/site-packages/airflow/example_dags/plugins/workday.py
[2025-10-06T18:41:45.481+0000] {processor.py:927} WARNING - No viable dags retrieved from /home/airflow/.local/lib/python3.12/site-packages/airflow/example_dags/plugins/workday.py
[2025-10-06T18:41:45.511+0000] {processor.py:208} INFO - Processing /home/airflow/.local/lib/python3.12/site-packages/airflow/example_dags/plugins/workday.py took 0.061 seconds
[2025-10-06T18:42:16.607+0000] {processor.py:186} INFO - Started process (PID=2574) to work on /home/airflow/.local/lib/python3.12/site-packages/airflow/example_dags/plugins/workday.py
[2025-10-06T18:42:16.609+0000] {processor.py:914} INFO - Processing file /home/airflow/.local/lib/python3.12/site-packages/airflow/example_dags/plugins/workday.py for tasks to queue
[2025-10-06T18:42:16.615+0000] {logging_mixin.py:190} INFO - [2025-10-06T18:42:16.614+0000] {dagbag.py:588} INFO - Filling up the DagBag from /home/airflow/.local/lib/python3.12/site-packages/airflow/example_dags/plugins/workday.py
[2025-10-06T18:42:16.621+0000] {processor.py:927} WARNING - No viable dags retrieved from /home/airflow/.local/lib/python3.12/site-packages/airflow/example_dags/plugins/workday.py
[2025-10-06T18:42:16.650+0000] {processor.py:208} INFO - Processing /home/airflow/.local/lib/python3.12/site-packages/airflow/example_dags/plugins/workday.py took 0.058 seconds
[2025-10-06T18:42:46.905+0000] {processor.py:186} INFO - Started process (PID=2636) to work on /home/airflow/.local/lib/python3.12/site-packages/airflow/example_dags/plugins/workday.py
[2025-10-06T18:42:46.908+0000] {processor.py:914} INFO - Processing file /home/airflow/.local/lib/python3.12/site-packages/airflow/example_dags/plugins/workday.py for tasks to queue
[2025-10-06T18:42:46.914+0000] {logging_mixin.py:190} INFO - [2025-10-06T18:42:46.913+0000] {dagbag.py:588} INFO - Filling up the DagBag from /home/airflow/.local/lib/python3.12/site-packages/airflow/example_dags/plugins/workday.py
[2025-10-06T18:42:46.920+0000] {processor.py:927} WARNING - No viable dags retrieved from /home/airflow/.local/lib/python3.12/site-packages/airflow/example_dags/plugins/workday.py
[2025-10-06T18:42:46.948+0000] {processor.py:208} INFO - Processing /home/airflow/.local/lib/python3.12/site-packages/airflow/example_dags/plugins/workday.py took 0.055 seconds
[2025-10-06T18:43:18.778+0000] {processor.py:186} INFO - Started process (PID=2699) to work on /home/airflow/.local/lib/python3.12/site-packages/airflow/example_dags/plugins/workday.py
[2025-10-06T18:43:18.780+0000] {processor.py:914} INFO - Processing file /home/airflow/.local/lib/python3.12/site-packages/airflow/example_dags/plugins/workday.py for tasks to queue
[2025-10-06T18:43:18.783+0000] {logging_mixin.py:190} INFO - [2025-10-06T18:43:18.783+0000] {dagbag.py:588} INFO - Filling up the DagBag from /home/airflow/.local/lib/python3.12/site-packages/airflow/example_dags/plugins/workday.py
[2025-10-06T18:43:18.788+0000] {processor.py:927} WARNING - No viable dags retrieved from /home/airflow/.local/lib/python3.12/site-packages/airflow/example_dags/plugins/workday.py
[2025-10-06T18:43:18.810+0000] {processor.py:208} INFO - Processing /home/airflow/.local/lib/python3.12/site-packages/airflow/example_dags/plugins/workday.py took 0.041 seconds
[2025-10-06T18:43:49.725+0000] {processor.py:186} INFO - Started process (PID=2762) to work on /home/airflow/.local/lib/python3.12/site-packages/airflow/example_dags/plugins/workday.py
[2025-10-06T18:43:49.727+0000] {processor.py:914} INFO - Processing file /home/airflow/.local/lib/python3.12/site-packages/airflow/example_dags/plugins/workday.py for tasks to queue
[2025-10-06T18:43:49.731+0000] {logging_mixin.py:190} INFO - [2025-10-06T18:43:49.730+0000] {dagbag.py:588} INFO - Filling up the DagBag from /home/airflow/.local/lib/python3.12/site-packages/airflow/example_dags/plugins/workday.py
[2025-10-06T18:43:49.734+0000] {processor.py:927} WARNING - No viable dags retrieved from /home/airflow/.local/lib/python3.12/site-packages/airflow/example_dags/plugins/workday.py
[2025-10-06T18:43:49.755+0000] {processor.py:208} INFO - Processing /home/airflow/.local/lib/python3.12/site-packages/airflow/example_dags/plugins/workday.py took 0.038 seconds
[2025-10-06T18:44:20.573+0000] {processor.py:186} INFO - Started process (PID=2825) to work on /home/airflow/.local/lib/python3.12/site-packages/airflow/example_dags/plugins/workday.py
[2025-10-06T18:44:20.575+0000] {processor.py:914} INFO - Processing file /home/airflow/.local/lib/python3.12/site-packages/airflow/example_dags/plugins/workday.py for tasks to queue
[2025-10-06T18:44:20.580+0000] {logging_mixin.py:190} INFO - [2025-10-06T18:44:20.580+0000] {dagbag.py:588} INFO - Filling up the DagBag from /home/airflow/.local/lib/python3.12/site-packages/airflow/example_dags/plugins/workday.py
[2025-10-06T18:44:20.585+0000] {processor.py:927} WARNING - No viable dags retrieved from /home/airflow/.local/lib/python3.12/site-packages/airflow/example_dags/plugins/workday.py
[2025-10-06T18:44:20.610+0000] {processor.py:208} INFO - Processing /home/airflow/.local/lib/python3.12/site-packages/airflow/example_dags/plugins/workday.py took 0.047 seconds
[2025-10-06T18:44:50.724+0000] {processor.py:186} INFO - Started process (PID=2887) to work on /home/airflow/.local/lib/python3.12/site-packages/airflow/example_dags/plugins/workday.py
[2025-10-06T18:44:50.726+0000] {processor.py:914} INFO - Processing file /home/airflow/.local/lib/python3.12/site-packages/airflow/example_dags/plugins/workday.py for tasks to queue
[2025-10-06T18:44:50.729+0000] {logging_mixin.py:190} INFO - [2025-10-06T18:44:50.729+0000] {dagbag.py:588} INFO - Filling up the DagBag from /home/airflow/.local/lib/python3.12/site-packages/airflow/example_dags/plugins/workday.py
[2025-10-06T18:44:50.732+0000] {processor.py:927} WARNING - No viable dags retrieved from /home/airflow/.local/lib/python3.12/site-packages/airflow/example_dags/plugins/workday.py
[2025-10-06T18:44:50.747+0000] {processor.py:208} INFO - Processing /home/airflow/.local/lib/python3.12/site-packages/airflow/example_dags/plugins/workday.py took 0.030 seconds
[2025-10-06T18:45:21.319+0000] {processor.py:186} INFO - Started process (PID=2944) to work on /home/airflow/.local/lib/python3.12/site-packages/airflow/example_dags/plugins/workday.py
[2025-10-06T18:45:21.320+0000] {processor.py:914} INFO - Processing file /home/airflow/.local/lib/python3.12/site-packages/airflow/example_dags/plugins/workday.py for tasks to queue
[2025-10-06T18:45:21.323+0000] {logging_mixin.py:190} INFO - [2025-10-06T18:45:21.322+0000] {dagbag.py:588} INFO - Filling up the DagBag from /home/airflow/.local/lib/python3.12/site-packages/airflow/example_dags/plugins/workday.py
[2025-10-06T18:45:21.326+0000] {processor.py:927} WARNING - No viable dags retrieved from /home/airflow/.local/lib/python3.12/site-packages/airflow/example_dags/plugins/workday.py
[2025-10-06T18:45:21.342+0000] {processor.py:208} INFO - Processing /home/airflow/.local/lib/python3.12/site-packages/airflow/example_dags/plugins/workday.py took 0.029 seconds
[2025-10-06T18:45:55.825+0000] {processor.py:186} INFO - Started process (PID=3015) to work on /home/airflow/.local/lib/python3.12/site-packages/airflow/example_dags/plugins/workday.py
[2025-10-06T18:45:55.826+0000] {processor.py:914} INFO - Processing file /home/airflow/.local/lib/python3.12/site-packages/airflow/example_dags/plugins/workday.py for tasks to queue
[2025-10-06T18:45:55.829+0000] {logging_mixin.py:190} INFO - [2025-10-06T18:45:55.829+0000] {dagbag.py:588} INFO - Filling up the DagBag from /home/airflow/.local/lib/python3.12/site-packages/airflow/example_dags/plugins/workday.py
[2025-10-06T18:45:55.833+0000] {processor.py:927} WARNING - No viable dags retrieved from /home/airflow/.local/lib/python3.12/site-packages/airflow/example_dags/plugins/workday.py
[2025-10-06T18:45:55.852+0000] {processor.py:208} INFO - Processing /home/airflow/.local/lib/python3.12/site-packages/airflow/example_dags/plugins/workday.py took 0.033 seconds
[2025-10-06T18:46:30.185+0000] {processor.py:186} INFO - Started process (PID=3078) to work on /home/airflow/.local/lib/python3.12/site-packages/airflow/example_dags/plugins/workday.py
[2025-10-06T18:46:30.187+0000] {processor.py:914} INFO - Processing file /home/airflow/.local/lib/python3.12/site-packages/airflow/example_dags/plugins/workday.py for tasks to queue
[2025-10-06T18:46:30.190+0000] {logging_mixin.py:190} INFO - [2025-10-06T18:46:30.190+0000] {dagbag.py:588} INFO - Filling up the DagBag from /home/airflow/.local/lib/python3.12/site-packages/airflow/example_dags/plugins/workday.py
[2025-10-06T18:46:30.196+0000] {processor.py:927} WARNING - No viable dags retrieved from /home/airflow/.local/lib/python3.12/site-packages/airflow/example_dags/plugins/workday.py
[2025-10-06T18:46:30.218+0000] {processor.py:208} INFO - Processing /home/airflow/.local/lib/python3.12/site-packages/airflow/example_dags/plugins/workday.py took 0.042 seconds
[2025-10-06T18:47:02.806+0000] {processor.py:186} INFO - Started process (PID=3142) to work on /home/airflow/.local/lib/python3.12/site-packages/airflow/example_dags/plugins/workday.py
[2025-10-06T18:47:02.808+0000] {processor.py:914} INFO - Processing file /home/airflow/.local/lib/python3.12/site-packages/airflow/example_dags/plugins/workday.py for tasks to queue
[2025-10-06T18:47:02.811+0000] {logging_mixin.py:190} INFO - [2025-10-06T18:47:02.811+0000] {dagbag.py:588} INFO - Filling up the DagBag from /home/airflow/.local/lib/python3.12/site-packages/airflow/example_dags/plugins/workday.py
[2025-10-06T18:47:02.817+0000] {processor.py:927} WARNING - No viable dags retrieved from /home/airflow/.local/lib/python3.12/site-packages/airflow/example_dags/plugins/workday.py
[2025-10-06T18:47:02.838+0000] {processor.py:208} INFO - Processing /home/airflow/.local/lib/python3.12/site-packages/airflow/example_dags/plugins/workday.py took 0.042 seconds
[2025-10-06T18:47:35.324+0000] {processor.py:186} INFO - Started process (PID=3205) to work on /home/airflow/.local/lib/python3.12/site-packages/airflow/example_dags/plugins/workday.py
[2025-10-06T18:47:35.326+0000] {processor.py:914} INFO - Processing file /home/airflow/.local/lib/python3.12/site-packages/airflow/example_dags/plugins/workday.py for tasks to queue
[2025-10-06T18:47:35.330+0000] {logging_mixin.py:190} INFO - [2025-10-06T18:47:35.329+0000] {dagbag.py:588} INFO - Filling up the DagBag from /home/airflow/.local/lib/python3.12/site-packages/airflow/example_dags/plugins/workday.py
[2025-10-06T18:47:35.335+0000] {processor.py:927} WARNING - No viable dags retrieved from /home/airflow/.local/lib/python3.12/site-packages/airflow/example_dags/plugins/workday.py
[2025-10-06T18:47:35.355+0000] {processor.py:208} INFO - Processing /home/airflow/.local/lib/python3.12/site-packages/airflow/example_dags/plugins/workday.py took 0.040 seconds
[2025-10-06T18:48:06.111+0000] {processor.py:186} INFO - Started process (PID=3268) to work on /home/airflow/.local/lib/python3.12/site-packages/airflow/example_dags/plugins/workday.py
[2025-10-06T18:48:06.113+0000] {processor.py:914} INFO - Processing file /home/airflow/.local/lib/python3.12/site-packages/airflow/example_dags/plugins/workday.py for tasks to queue
[2025-10-06T18:48:06.117+0000] {logging_mixin.py:190} INFO - [2025-10-06T18:48:06.117+0000] {dagbag.py:588} INFO - Filling up the DagBag from /home/airflow/.local/lib/python3.12/site-packages/airflow/example_dags/plugins/workday.py
[2025-10-06T18:48:06.122+0000] {processor.py:927} WARNING - No viable dags retrieved from /home/airflow/.local/lib/python3.12/site-packages/airflow/example_dags/plugins/workday.py
[2025-10-06T18:48:06.139+0000] {processor.py:208} INFO - Processing /home/airflow/.local/lib/python3.12/site-packages/airflow/example_dags/plugins/workday.py took 0.037 seconds
[2025-10-06T18:57:14.776+0000] {processor.py:186} INFO - Started process (PID=3338) to work on /home/airflow/.local/lib/python3.12/site-packages/airflow/example_dags/plugins/workday.py
[2025-10-06T18:57:14.806+0000] {processor.py:914} INFO - Processing file /home/airflow/.local/lib/python3.12/site-packages/airflow/example_dags/plugins/workday.py for tasks to queue
[2025-10-06T18:57:14.812+0000] {logging_mixin.py:190} INFO - [2025-10-06T18:57:14.810+0000] {dagbag.py:588} INFO - Filling up the DagBag from /home/airflow/.local/lib/python3.12/site-packages/airflow/example_dags/plugins/workday.py
[2025-10-06T18:57:14.828+0000] {processor.py:927} WARNING - No viable dags retrieved from /home/airflow/.local/lib/python3.12/site-packages/airflow/example_dags/plugins/workday.py
[2025-10-06T18:57:14.888+0000] {processor.py:208} INFO - Processing /home/airflow/.local/lib/python3.12/site-packages/airflow/example_dags/plugins/workday.py took 0.122 seconds
[2025-10-06T18:57:45.081+0000] {processor.py:186} INFO - Started process (PID=3401) to work on /home/airflow/.local/lib/python3.12/site-packages/airflow/example_dags/plugins/workday.py
[2025-10-06T18:57:45.083+0000] {processor.py:914} INFO - Processing file /home/airflow/.local/lib/python3.12/site-packages/airflow/example_dags/plugins/workday.py for tasks to queue
[2025-10-06T18:57:45.085+0000] {logging_mixin.py:190} INFO - [2025-10-06T18:57:45.085+0000] {dagbag.py:588} INFO - Filling up the DagBag from /home/airflow/.local/lib/python3.12/site-packages/airflow/example_dags/plugins/workday.py
[2025-10-06T18:57:45.089+0000] {processor.py:927} WARNING - No viable dags retrieved from /home/airflow/.local/lib/python3.12/site-packages/airflow/example_dags/plugins/workday.py
[2025-10-06T18:57:45.107+0000] {processor.py:208} INFO - Processing /home/airflow/.local/lib/python3.12/site-packages/airflow/example_dags/plugins/workday.py took 0.032 seconds
[2025-10-06T18:58:15.222+0000] {processor.py:186} INFO - Started process (PID=3463) to work on /home/airflow/.local/lib/python3.12/site-packages/airflow/example_dags/plugins/workday.py
[2025-10-06T18:58:15.224+0000] {processor.py:914} INFO - Processing file /home/airflow/.local/lib/python3.12/site-packages/airflow/example_dags/plugins/workday.py for tasks to queue
[2025-10-06T18:58:15.225+0000] {logging_mixin.py:190} INFO - [2025-10-06T18:58:15.225+0000] {dagbag.py:588} INFO - Filling up the DagBag from /home/airflow/.local/lib/python3.12/site-packages/airflow/example_dags/plugins/workday.py
[2025-10-06T18:58:15.228+0000] {processor.py:927} WARNING - No viable dags retrieved from /home/airflow/.local/lib/python3.12/site-packages/airflow/example_dags/plugins/workday.py
[2025-10-06T18:58:15.244+0000] {processor.py:208} INFO - Processing /home/airflow/.local/lib/python3.12/site-packages/airflow/example_dags/plugins/workday.py took 0.029 seconds
[2025-10-06T18:58:46.014+0000] {processor.py:186} INFO - Started process (PID=3520) to work on /home/airflow/.local/lib/python3.12/site-packages/airflow/example_dags/plugins/workday.py
[2025-10-06T18:58:46.015+0000] {processor.py:914} INFO - Processing file /home/airflow/.local/lib/python3.12/site-packages/airflow/example_dags/plugins/workday.py for tasks to queue
[2025-10-06T18:58:46.017+0000] {logging_mixin.py:190} INFO - [2025-10-06T18:58:46.017+0000] {dagbag.py:588} INFO - Filling up the DagBag from /home/airflow/.local/lib/python3.12/site-packages/airflow/example_dags/plugins/workday.py
[2025-10-06T18:58:46.020+0000] {processor.py:927} WARNING - No viable dags retrieved from /home/airflow/.local/lib/python3.12/site-packages/airflow/example_dags/plugins/workday.py
[2025-10-06T18:58:46.034+0000] {processor.py:208} INFO - Processing /home/airflow/.local/lib/python3.12/site-packages/airflow/example_dags/plugins/workday.py took 0.027 seconds
[2025-10-06T18:59:16.801+0000] {processor.py:186} INFO - Started process (PID=3583) to work on /home/airflow/.local/lib/python3.12/site-packages/airflow/example_dags/plugins/workday.py
[2025-10-06T18:59:16.802+0000] {processor.py:914} INFO - Processing file /home/airflow/.local/lib/python3.12/site-packages/airflow/example_dags/plugins/workday.py for tasks to queue
[2025-10-06T18:59:16.803+0000] {logging_mixin.py:190} INFO - [2025-10-06T18:59:16.803+0000] {dagbag.py:588} INFO - Filling up the DagBag from /home/airflow/.local/lib/python3.12/site-packages/airflow/example_dags/plugins/workday.py
[2025-10-06T18:59:16.806+0000] {processor.py:927} WARNING - No viable dags retrieved from /home/airflow/.local/lib/python3.12/site-packages/airflow/example_dags/plugins/workday.py
[2025-10-06T18:59:16.820+0000] {processor.py:208} INFO - Processing /home/airflow/.local/lib/python3.12/site-packages/airflow/example_dags/plugins/workday.py took 0.026 seconds
[2025-10-06T18:59:48.071+0000] {processor.py:186} INFO - Started process (PID=3646) to work on /home/airflow/.local/lib/python3.12/site-packages/airflow/example_dags/plugins/workday.py
[2025-10-06T18:59:48.073+0000] {processor.py:914} INFO - Processing file /home/airflow/.local/lib/python3.12/site-packages/airflow/example_dags/plugins/workday.py for tasks to queue
[2025-10-06T18:59:48.074+0000] {logging_mixin.py:190} INFO - [2025-10-06T18:59:48.074+0000] {dagbag.py:588} INFO - Filling up the DagBag from /home/airflow/.local/lib/python3.12/site-packages/airflow/example_dags/plugins/workday.py
[2025-10-06T18:59:48.077+0000] {processor.py:927} WARNING - No viable dags retrieved from /home/airflow/.local/lib/python3.12/site-packages/airflow/example_dags/plugins/workday.py
[2025-10-06T18:59:48.096+0000] {processor.py:208} INFO - Processing /home/airflow/.local/lib/python3.12/site-packages/airflow/example_dags/plugins/workday.py took 0.032 seconds
[2025-10-06T19:00:21.408+0000] {processor.py:186} INFO - Started process (PID=3726) to work on /home/airflow/.local/lib/python3.12/site-packages/airflow/example_dags/plugins/workday.py
[2025-10-06T19:00:21.409+0000] {processor.py:914} INFO - Processing file /home/airflow/.local/lib/python3.12/site-packages/airflow/example_dags/plugins/workday.py for tasks to queue
[2025-10-06T19:00:21.412+0000] {logging_mixin.py:190} INFO - [2025-10-06T19:00:21.411+0000] {dagbag.py:588} INFO - Filling up the DagBag from /home/airflow/.local/lib/python3.12/site-packages/airflow/example_dags/plugins/workday.py
[2025-10-06T19:00:21.416+0000] {processor.py:927} WARNING - No viable dags retrieved from /home/airflow/.local/lib/python3.12/site-packages/airflow/example_dags/plugins/workday.py
[2025-10-06T19:00:21.443+0000] {processor.py:208} INFO - Processing /home/airflow/.local/lib/python3.12/site-packages/airflow/example_dags/plugins/workday.py took 0.045 seconds
[2025-10-06T19:00:51.944+0000] {processor.py:186} INFO - Started process (PID=3790) to work on /home/airflow/.local/lib/python3.12/site-packages/airflow/example_dags/plugins/workday.py
[2025-10-06T19:00:51.945+0000] {processor.py:914} INFO - Processing file /home/airflow/.local/lib/python3.12/site-packages/airflow/example_dags/plugins/workday.py for tasks to queue
[2025-10-06T19:00:51.947+0000] {logging_mixin.py:190} INFO - [2025-10-06T19:00:51.946+0000] {dagbag.py:588} INFO - Filling up the DagBag from /home/airflow/.local/lib/python3.12/site-packages/airflow/example_dags/plugins/workday.py
[2025-10-06T19:00:51.950+0000] {processor.py:927} WARNING - No viable dags retrieved from /home/airflow/.local/lib/python3.12/site-packages/airflow/example_dags/plugins/workday.py
[2025-10-06T19:00:51.967+0000] {processor.py:208} INFO - Processing /home/airflow/.local/lib/python3.12/site-packages/airflow/example_dags/plugins/workday.py took 0.031 seconds
[2025-10-06T19:01:22.701+0000] {processor.py:186} INFO - Started process (PID=3854) to work on /home/airflow/.local/lib/python3.12/site-packages/airflow/example_dags/plugins/workday.py
[2025-10-06T19:01:22.702+0000] {processor.py:914} INFO - Processing file /home/airflow/.local/lib/python3.12/site-packages/airflow/example_dags/plugins/workday.py for tasks to queue
[2025-10-06T19:01:22.703+0000] {logging_mixin.py:190} INFO - [2025-10-06T19:01:22.703+0000] {dagbag.py:588} INFO - Filling up the DagBag from /home/airflow/.local/lib/python3.12/site-packages/airflow/example_dags/plugins/workday.py
[2025-10-06T19:01:22.706+0000] {processor.py:927} WARNING - No viable dags retrieved from /home/airflow/.local/lib/python3.12/site-packages/airflow/example_dags/plugins/workday.py
[2025-10-06T19:01:22.723+0000] {processor.py:208} INFO - Processing /home/airflow/.local/lib/python3.12/site-packages/airflow/example_dags/plugins/workday.py took 0.030 seconds
[2025-10-06T19:01:53.203+0000] {processor.py:186} INFO - Started process (PID=3918) to work on /home/airflow/.local/lib/python3.12/site-packages/airflow/example_dags/plugins/workday.py
[2025-10-06T19:01:53.204+0000] {processor.py:914} INFO - Processing file /home/airflow/.local/lib/python3.12/site-packages/airflow/example_dags/plugins/workday.py for tasks to queue
[2025-10-06T19:01:53.206+0000] {logging_mixin.py:190} INFO - [2025-10-06T19:01:53.206+0000] {dagbag.py:588} INFO - Filling up the DagBag from /home/airflow/.local/lib/python3.12/site-packages/airflow/example_dags/plugins/workday.py
[2025-10-06T19:01:53.211+0000] {processor.py:927} WARNING - No viable dags retrieved from /home/airflow/.local/lib/python3.12/site-packages/airflow/example_dags/plugins/workday.py
[2025-10-06T19:01:53.231+0000] {processor.py:208} INFO - Processing /home/airflow/.local/lib/python3.12/site-packages/airflow/example_dags/plugins/workday.py took 0.038 seconds
[2025-10-06T19:02:23.778+0000] {processor.py:186} INFO - Started process (PID=3981) to work on /home/airflow/.local/lib/python3.12/site-packages/airflow/example_dags/plugins/workday.py
[2025-10-06T19:02:23.780+0000] {processor.py:914} INFO - Processing file /home/airflow/.local/lib/python3.12/site-packages/airflow/example_dags/plugins/workday.py for tasks to queue
[2025-10-06T19:02:23.782+0000] {logging_mixin.py:190} INFO - [2025-10-06T19:02:23.782+0000] {dagbag.py:588} INFO - Filling up the DagBag from /home/airflow/.local/lib/python3.12/site-packages/airflow/example_dags/plugins/workday.py
[2025-10-06T19:02:23.786+0000] {processor.py:927} WARNING - No viable dags retrieved from /home/airflow/.local/lib/python3.12/site-packages/airflow/example_dags/plugins/workday.py
[2025-10-06T19:02:23.804+0000] {processor.py:208} INFO - Processing /home/airflow/.local/lib/python3.12/site-packages/airflow/example_dags/plugins/workday.py took 0.034 seconds
[2025-10-06T19:02:54.428+0000] {processor.py:186} INFO - Started process (PID=4044) to work on /home/airflow/.local/lib/python3.12/site-packages/airflow/example_dags/plugins/workday.py
[2025-10-06T19:02:54.429+0000] {processor.py:914} INFO - Processing file /home/airflow/.local/lib/python3.12/site-packages/airflow/example_dags/plugins/workday.py for tasks to queue
[2025-10-06T19:02:54.431+0000] {logging_mixin.py:190} INFO - [2025-10-06T19:02:54.431+0000] {dagbag.py:588} INFO - Filling up the DagBag from /home/airflow/.local/lib/python3.12/site-packages/airflow/example_dags/plugins/workday.py
[2025-10-06T19:02:54.437+0000] {processor.py:927} WARNING - No viable dags retrieved from /home/airflow/.local/lib/python3.12/site-packages/airflow/example_dags/plugins/workday.py
[2025-10-06T19:02:54.457+0000] {processor.py:208} INFO - Processing /home/airflow/.local/lib/python3.12/site-packages/airflow/example_dags/plugins/workday.py took 0.039 seconds
[2025-10-06T19:03:25.729+0000] {processor.py:186} INFO - Started process (PID=4101) to work on /home/airflow/.local/lib/python3.12/site-packages/airflow/example_dags/plugins/workday.py
[2025-10-06T19:03:25.731+0000] {processor.py:914} INFO - Processing file /home/airflow/.local/lib/python3.12/site-packages/airflow/example_dags/plugins/workday.py for tasks to queue
[2025-10-06T19:03:25.733+0000] {logging_mixin.py:190} INFO - [2025-10-06T19:03:25.732+0000] {dagbag.py:588} INFO - Filling up the DagBag from /home/airflow/.local/lib/python3.12/site-packages/airflow/example_dags/plugins/workday.py
[2025-10-06T19:03:25.737+0000] {processor.py:927} WARNING - No viable dags retrieved from /home/airflow/.local/lib/python3.12/site-packages/airflow/example_dags/plugins/workday.py
[2025-10-06T19:03:25.754+0000] {processor.py:208} INFO - Processing /home/airflow/.local/lib/python3.12/site-packages/airflow/example_dags/plugins/workday.py took 0.032 seconds
[2025-10-06T19:03:57.614+0000] {processor.py:186} INFO - Started process (PID=4164) to work on /home/airflow/.local/lib/python3.12/site-packages/airflow/example_dags/plugins/workday.py
[2025-10-06T19:03:57.615+0000] {processor.py:914} INFO - Processing file /home/airflow/.local/lib/python3.12/site-packages/airflow/example_dags/plugins/workday.py for tasks to queue
[2025-10-06T19:03:57.617+0000] {logging_mixin.py:190} INFO - [2025-10-06T19:03:57.616+0000] {dagbag.py:588} INFO - Filling up the DagBag from /home/airflow/.local/lib/python3.12/site-packages/airflow/example_dags/plugins/workday.py
[2025-10-06T19:03:57.619+0000] {processor.py:927} WARNING - No viable dags retrieved from /home/airflow/.local/lib/python3.12/site-packages/airflow/example_dags/plugins/workday.py
[2025-10-06T19:03:57.635+0000] {processor.py:208} INFO - Processing /home/airflow/.local/lib/python3.12/site-packages/airflow/example_dags/plugins/workday.py took 0.027 seconds
[2025-10-06T19:04:30.241+0000] {processor.py:186} INFO - Started process (PID=4233) to work on /home/airflow/.local/lib/python3.12/site-packages/airflow/example_dags/plugins/workday.py
[2025-10-06T19:04:30.243+0000] {processor.py:914} INFO - Processing file /home/airflow/.local/lib/python3.12/site-packages/airflow/example_dags/plugins/workday.py for tasks to queue
[2025-10-06T19:04:30.246+0000] {logging_mixin.py:190} INFO - [2025-10-06T19:04:30.246+0000] {dagbag.py:588} INFO - Filling up the DagBag from /home/airflow/.local/lib/python3.12/site-packages/airflow/example_dags/plugins/workday.py
[2025-10-06T19:04:30.250+0000] {processor.py:927} WARNING - No viable dags retrieved from /home/airflow/.local/lib/python3.12/site-packages/airflow/example_dags/plugins/workday.py
[2025-10-06T19:04:30.267+0000] {processor.py:208} INFO - Processing /home/airflow/.local/lib/python3.12/site-packages/airflow/example_dags/plugins/workday.py took 0.035 seconds
[2025-10-06T19:05:01.664+0000] {processor.py:186} INFO - Started process (PID=4291) to work on /home/airflow/.local/lib/python3.12/site-packages/airflow/example_dags/plugins/workday.py
[2025-10-06T19:05:01.665+0000] {processor.py:914} INFO - Processing file /home/airflow/.local/lib/python3.12/site-packages/airflow/example_dags/plugins/workday.py for tasks to queue
[2025-10-06T19:05:01.667+0000] {logging_mixin.py:190} INFO - [2025-10-06T19:05:01.667+0000] {dagbag.py:588} INFO - Filling up the DagBag from /home/airflow/.local/lib/python3.12/site-packages/airflow/example_dags/plugins/workday.py
[2025-10-06T19:05:01.670+0000] {processor.py:927} WARNING - No viable dags retrieved from /home/airflow/.local/lib/python3.12/site-packages/airflow/example_dags/plugins/workday.py
[2025-10-06T19:05:01.687+0000] {processor.py:208} INFO - Processing /home/airflow/.local/lib/python3.12/site-packages/airflow/example_dags/plugins/workday.py took 0.030 seconds
[2025-10-06T19:05:33.341+0000] {processor.py:186} INFO - Started process (PID=4353) to work on /home/airflow/.local/lib/python3.12/site-packages/airflow/example_dags/plugins/workday.py
[2025-10-06T19:05:33.343+0000] {processor.py:914} INFO - Processing file /home/airflow/.local/lib/python3.12/site-packages/airflow/example_dags/plugins/workday.py for tasks to queue
[2025-10-06T19:05:33.344+0000] {logging_mixin.py:190} INFO - [2025-10-06T19:05:33.344+0000] {dagbag.py:588} INFO - Filling up the DagBag from /home/airflow/.local/lib/python3.12/site-packages/airflow/example_dags/plugins/workday.py
[2025-10-06T19:05:33.348+0000] {processor.py:927} WARNING - No viable dags retrieved from /home/airflow/.local/lib/python3.12/site-packages/airflow/example_dags/plugins/workday.py
[2025-10-06T19:05:33.367+0000] {processor.py:208} INFO - Processing /home/airflow/.local/lib/python3.12/site-packages/airflow/example_dags/plugins/workday.py took 0.035 seconds
[2025-10-06T19:06:06.598+0000] {processor.py:186} INFO - Started process (PID=4423) to work on /home/airflow/.local/lib/python3.12/site-packages/airflow/example_dags/plugins/workday.py
[2025-10-06T19:06:06.600+0000] {processor.py:914} INFO - Processing file /home/airflow/.local/lib/python3.12/site-packages/airflow/example_dags/plugins/workday.py for tasks to queue
[2025-10-06T19:06:06.602+0000] {logging_mixin.py:190} INFO - [2025-10-06T19:06:06.601+0000] {dagbag.py:588} INFO - Filling up the DagBag from /home/airflow/.local/lib/python3.12/site-packages/airflow/example_dags/plugins/workday.py
[2025-10-06T19:06:06.604+0000] {processor.py:927} WARNING - No viable dags retrieved from /home/airflow/.local/lib/python3.12/site-packages/airflow/example_dags/plugins/workday.py
[2025-10-06T19:06:06.623+0000] {processor.py:208} INFO - Processing /home/airflow/.local/lib/python3.12/site-packages/airflow/example_dags/plugins/workday.py took 0.033 seconds
[2025-10-06T19:06:36.888+0000] {processor.py:186} INFO - Started process (PID=4480) to work on /home/airflow/.local/lib/python3.12/site-packages/airflow/example_dags/plugins/workday.py
[2025-10-06T19:06:36.890+0000] {processor.py:914} INFO - Processing file /home/airflow/.local/lib/python3.12/site-packages/airflow/example_dags/plugins/workday.py for tasks to queue
[2025-10-06T19:06:36.893+0000] {logging_mixin.py:190} INFO - [2025-10-06T19:06:36.892+0000] {dagbag.py:588} INFO - Filling up the DagBag from /home/airflow/.local/lib/python3.12/site-packages/airflow/example_dags/plugins/workday.py
[2025-10-06T19:06:36.897+0000] {processor.py:927} WARNING - No viable dags retrieved from /home/airflow/.local/lib/python3.12/site-packages/airflow/example_dags/plugins/workday.py
[2025-10-06T19:06:36.918+0000] {processor.py:208} INFO - Processing /home/airflow/.local/lib/python3.12/site-packages/airflow/example_dags/plugins/workday.py took 0.036 seconds
[2025-10-06T19:07:07.828+0000] {processor.py:186} INFO - Started process (PID=4543) to work on /home/airflow/.local/lib/python3.12/site-packages/airflow/example_dags/plugins/workday.py
[2025-10-06T19:07:07.830+0000] {processor.py:914} INFO - Processing file /home/airflow/.local/lib/python3.12/site-packages/airflow/example_dags/plugins/workday.py for tasks to queue
[2025-10-06T19:07:07.832+0000] {logging_mixin.py:190} INFO - [2025-10-06T19:07:07.831+0000] {dagbag.py:588} INFO - Filling up the DagBag from /home/airflow/.local/lib/python3.12/site-packages/airflow/example_dags/plugins/workday.py
[2025-10-06T19:07:07.838+0000] {processor.py:927} WARNING - No viable dags retrieved from /home/airflow/.local/lib/python3.12/site-packages/airflow/example_dags/plugins/workday.py
[2025-10-06T19:07:07.857+0000] {processor.py:208} INFO - Processing /home/airflow/.local/lib/python3.12/site-packages/airflow/example_dags/plugins/workday.py took 0.038 seconds
[2025-10-06T19:07:39.478+0000] {processor.py:186} INFO - Started process (PID=4606) to work on /home/airflow/.local/lib/python3.12/site-packages/airflow/example_dags/plugins/workday.py
[2025-10-06T19:07:39.479+0000] {processor.py:914} INFO - Processing file /home/airflow/.local/lib/python3.12/site-packages/airflow/example_dags/plugins/workday.py for tasks to queue
[2025-10-06T19:07:39.481+0000] {logging_mixin.py:190} INFO - [2025-10-06T19:07:39.480+0000] {dagbag.py:588} INFO - Filling up the DagBag from /home/airflow/.local/lib/python3.12/site-packages/airflow/example_dags/plugins/workday.py
[2025-10-06T19:07:39.484+0000] {processor.py:927} WARNING - No viable dags retrieved from /home/airflow/.local/lib/python3.12/site-packages/airflow/example_dags/plugins/workday.py
[2025-10-06T19:07:39.501+0000] {processor.py:208} INFO - Processing /home/airflow/.local/lib/python3.12/site-packages/airflow/example_dags/plugins/workday.py took 0.032 seconds
[2025-10-06T19:08:10.888+0000] {processor.py:186} INFO - Started process (PID=4669) to work on /home/airflow/.local/lib/python3.12/site-packages/airflow/example_dags/plugins/workday.py
[2025-10-06T19:08:10.890+0000] {processor.py:914} INFO - Processing file /home/airflow/.local/lib/python3.12/site-packages/airflow/example_dags/plugins/workday.py for tasks to queue
[2025-10-06T19:08:10.891+0000] {logging_mixin.py:190} INFO - [2025-10-06T19:08:10.891+0000] {dagbag.py:588} INFO - Filling up the DagBag from /home/airflow/.local/lib/python3.12/site-packages/airflow/example_dags/plugins/workday.py
[2025-10-06T19:08:10.894+0000] {processor.py:927} WARNING - No viable dags retrieved from /home/airflow/.local/lib/python3.12/site-packages/airflow/example_dags/plugins/workday.py
[2025-10-06T19:08:10.909+0000] {processor.py:208} INFO - Processing /home/airflow/.local/lib/python3.12/site-packages/airflow/example_dags/plugins/workday.py took 0.028 seconds
[2025-10-06T19:08:43.546+0000] {processor.py:186} INFO - Started process (PID=4733) to work on /home/airflow/.local/lib/python3.12/site-packages/airflow/example_dags/plugins/workday.py
[2025-10-06T19:08:43.548+0000] {processor.py:914} INFO - Processing file /home/airflow/.local/lib/python3.12/site-packages/airflow/example_dags/plugins/workday.py for tasks to queue
[2025-10-06T19:08:43.549+0000] {logging_mixin.py:190} INFO - [2025-10-06T19:08:43.549+0000] {dagbag.py:588} INFO - Filling up the DagBag from /home/airflow/.local/lib/python3.12/site-packages/airflow/example_dags/plugins/workday.py
[2025-10-06T19:08:43.553+0000] {processor.py:927} WARNING - No viable dags retrieved from /home/airflow/.local/lib/python3.12/site-packages/airflow/example_dags/plugins/workday.py
[2025-10-06T19:08:43.571+0000] {processor.py:208} INFO - Processing /home/airflow/.local/lib/python3.12/site-packages/airflow/example_dags/plugins/workday.py took 0.033 seconds
[2025-10-06T19:09:15.308+0000] {processor.py:186} INFO - Started process (PID=4796) to work on /home/airflow/.local/lib/python3.12/site-packages/airflow/example_dags/plugins/workday.py
[2025-10-06T19:09:15.309+0000] {processor.py:914} INFO - Processing file /home/airflow/.local/lib/python3.12/site-packages/airflow/example_dags/plugins/workday.py for tasks to queue
[2025-10-06T19:09:15.312+0000] {logging_mixin.py:190} INFO - [2025-10-06T19:09:15.311+0000] {dagbag.py:588} INFO - Filling up the DagBag from /home/airflow/.local/lib/python3.12/site-packages/airflow/example_dags/plugins/workday.py
[2025-10-06T19:09:15.315+0000] {processor.py:927} WARNING - No viable dags retrieved from /home/airflow/.local/lib/python3.12/site-packages/airflow/example_dags/plugins/workday.py
[2025-10-06T19:09:15.335+0000] {processor.py:208} INFO - Processing /home/airflow/.local/lib/python3.12/site-packages/airflow/example_dags/plugins/workday.py took 0.036 seconds
[2025-10-06T19:09:47.215+0000] {processor.py:186} INFO - Started process (PID=4859) to work on /home/airflow/.local/lib/python3.12/site-packages/airflow/example_dags/plugins/workday.py
[2025-10-06T19:09:47.217+0000] {processor.py:914} INFO - Processing file /home/airflow/.local/lib/python3.12/site-packages/airflow/example_dags/plugins/workday.py for tasks to queue
[2025-10-06T19:09:47.220+0000] {logging_mixin.py:190} INFO - [2025-10-06T19:09:47.220+0000] {dagbag.py:588} INFO - Filling up the DagBag from /home/airflow/.local/lib/python3.12/site-packages/airflow/example_dags/plugins/workday.py
[2025-10-06T19:09:47.223+0000] {processor.py:927} WARNING - No viable dags retrieved from /home/airflow/.local/lib/python3.12/site-packages/airflow/example_dags/plugins/workday.py
[2025-10-06T19:09:47.238+0000] {processor.py:208} INFO - Processing /home/airflow/.local/lib/python3.12/site-packages/airflow/example_dags/plugins/workday.py took 0.029 seconds
[2025-10-06T19:10:21.138+0000] {processor.py:186} INFO - Started process (PID=4929) to work on /home/airflow/.local/lib/python3.12/site-packages/airflow/example_dags/plugins/workday.py
[2025-10-06T19:10:21.139+0000] {processor.py:914} INFO - Processing file /home/airflow/.local/lib/python3.12/site-packages/airflow/example_dags/plugins/workday.py for tasks to queue
[2025-10-06T19:10:21.141+0000] {logging_mixin.py:190} INFO - [2025-10-06T19:10:21.141+0000] {dagbag.py:588} INFO - Filling up the DagBag from /home/airflow/.local/lib/python3.12/site-packages/airflow/example_dags/plugins/workday.py
[2025-10-06T19:10:21.144+0000] {processor.py:927} WARNING - No viable dags retrieved from /home/airflow/.local/lib/python3.12/site-packages/airflow/example_dags/plugins/workday.py
[2025-10-06T19:10:21.157+0000] {processor.py:208} INFO - Processing /home/airflow/.local/lib/python3.12/site-packages/airflow/example_dags/plugins/workday.py took 0.026 seconds
[2025-10-06T19:10:54.675+0000] {processor.py:186} INFO - Started process (PID=4992) to work on /home/airflow/.local/lib/python3.12/site-packages/airflow/example_dags/plugins/workday.py
[2025-10-06T19:10:54.678+0000] {processor.py:914} INFO - Processing file /home/airflow/.local/lib/python3.12/site-packages/airflow/example_dags/plugins/workday.py for tasks to queue
[2025-10-06T19:10:54.681+0000] {logging_mixin.py:190} INFO - [2025-10-06T19:10:54.680+0000] {dagbag.py:588} INFO - Filling up the DagBag from /home/airflow/.local/lib/python3.12/site-packages/airflow/example_dags/plugins/workday.py
[2025-10-06T19:10:54.685+0000] {processor.py:927} WARNING - No viable dags retrieved from /home/airflow/.local/lib/python3.12/site-packages/airflow/example_dags/plugins/workday.py
[2025-10-06T19:10:54.704+0000] {processor.py:208} INFO - Processing /home/airflow/.local/lib/python3.12/site-packages/airflow/example_dags/plugins/workday.py took 0.041 seconds
[2025-10-06T19:11:25.662+0000] {processor.py:186} INFO - Started process (PID=5055) to work on /home/airflow/.local/lib/python3.12/site-packages/airflow/example_dags/plugins/workday.py
[2025-10-06T19:11:25.663+0000] {processor.py:914} INFO - Processing file /home/airflow/.local/lib/python3.12/site-packages/airflow/example_dags/plugins/workday.py for tasks to queue
[2025-10-06T19:11:25.664+0000] {logging_mixin.py:190} INFO - [2025-10-06T19:11:25.664+0000] {dagbag.py:588} INFO - Filling up the DagBag from /home/airflow/.local/lib/python3.12/site-packages/airflow/example_dags/plugins/workday.py
[2025-10-06T19:11:25.667+0000] {processor.py:927} WARNING - No viable dags retrieved from /home/airflow/.local/lib/python3.12/site-packages/airflow/example_dags/plugins/workday.py
[2025-10-06T19:11:25.681+0000] {processor.py:208} INFO - Processing /home/airflow/.local/lib/python3.12/site-packages/airflow/example_dags/plugins/workday.py took 0.026 seconds
[2025-10-06T19:11:55.827+0000] {processor.py:186} INFO - Started process (PID=5111) to work on /home/airflow/.local/lib/python3.12/site-packages/airflow/example_dags/plugins/workday.py
[2025-10-06T19:11:55.828+0000] {processor.py:914} INFO - Processing file /home/airflow/.local/lib/python3.12/site-packages/airflow/example_dags/plugins/workday.py for tasks to queue
[2025-10-06T19:11:55.830+0000] {logging_mixin.py:190} INFO - [2025-10-06T19:11:55.830+0000] {dagbag.py:588} INFO - Filling up the DagBag from /home/airflow/.local/lib/python3.12/site-packages/airflow/example_dags/plugins/workday.py
[2025-10-06T19:11:55.833+0000] {processor.py:927} WARNING - No viable dags retrieved from /home/airflow/.local/lib/python3.12/site-packages/airflow/example_dags/plugins/workday.py
[2025-10-06T19:11:55.847+0000] {processor.py:208} INFO - Processing /home/airflow/.local/lib/python3.12/site-packages/airflow/example_dags/plugins/workday.py took 0.027 seconds
[2025-10-06T19:12:26.453+0000] {processor.py:186} INFO - Started process (PID=5175) to work on /home/airflow/.local/lib/python3.12/site-packages/airflow/example_dags/plugins/workday.py
[2025-10-06T19:12:26.455+0000] {processor.py:914} INFO - Processing file /home/airflow/.local/lib/python3.12/site-packages/airflow/example_dags/plugins/workday.py for tasks to queue
[2025-10-06T19:12:26.456+0000] {logging_mixin.py:190} INFO - [2025-10-06T19:12:26.456+0000] {dagbag.py:588} INFO - Filling up the DagBag from /home/airflow/.local/lib/python3.12/site-packages/airflow/example_dags/plugins/workday.py
[2025-10-06T19:12:26.459+0000] {processor.py:927} WARNING - No viable dags retrieved from /home/airflow/.local/lib/python3.12/site-packages/airflow/example_dags/plugins/workday.py
[2025-10-06T19:12:26.474+0000] {processor.py:208} INFO - Processing /home/airflow/.local/lib/python3.12/site-packages/airflow/example_dags/plugins/workday.py took 0.027 seconds
[2025-10-06T19:12:57.896+0000] {processor.py:186} INFO - Started process (PID=5238) to work on /home/airflow/.local/lib/python3.12/site-packages/airflow/example_dags/plugins/workday.py
[2025-10-06T19:12:57.897+0000] {processor.py:914} INFO - Processing file /home/airflow/.local/lib/python3.12/site-packages/airflow/example_dags/plugins/workday.py for tasks to queue
[2025-10-06T19:12:57.899+0000] {logging_mixin.py:190} INFO - [2025-10-06T19:12:57.898+0000] {dagbag.py:588} INFO - Filling up the DagBag from /home/airflow/.local/lib/python3.12/site-packages/airflow/example_dags/plugins/workday.py
[2025-10-06T19:12:57.902+0000] {processor.py:927} WARNING - No viable dags retrieved from /home/airflow/.local/lib/python3.12/site-packages/airflow/example_dags/plugins/workday.py
[2025-10-06T19:12:57.920+0000] {processor.py:208} INFO - Processing /home/airflow/.local/lib/python3.12/site-packages/airflow/example_dags/plugins/workday.py took 0.032 seconds
[2025-10-06T19:13:29.575+0000] {processor.py:186} INFO - Started process (PID=5302) to work on /home/airflow/.local/lib/python3.12/site-packages/airflow/example_dags/plugins/workday.py
[2025-10-06T19:13:29.577+0000] {processor.py:914} INFO - Processing file /home/airflow/.local/lib/python3.12/site-packages/airflow/example_dags/plugins/workday.py for tasks to queue
[2025-10-06T19:13:29.579+0000] {logging_mixin.py:190} INFO - [2025-10-06T19:13:29.578+0000] {dagbag.py:588} INFO - Filling up the DagBag from /home/airflow/.local/lib/python3.12/site-packages/airflow/example_dags/plugins/workday.py
[2025-10-06T19:13:29.583+0000] {processor.py:927} WARNING - No viable dags retrieved from /home/airflow/.local/lib/python3.12/site-packages/airflow/example_dags/plugins/workday.py
[2025-10-06T19:13:29.601+0000] {processor.py:208} INFO - Processing /home/airflow/.local/lib/python3.12/site-packages/airflow/example_dags/plugins/workday.py took 0.032 seconds
[2025-10-06T19:14:00.793+0000] {processor.py:186} INFO - Started process (PID=5365) to work on /home/airflow/.local/lib/python3.12/site-packages/airflow/example_dags/plugins/workday.py
[2025-10-06T19:14:00.794+0000] {processor.py:914} INFO - Processing file /home/airflow/.local/lib/python3.12/site-packages/airflow/example_dags/plugins/workday.py for tasks to queue
[2025-10-06T19:14:00.795+0000] {logging_mixin.py:190} INFO - [2025-10-06T19:14:00.795+0000] {dagbag.py:588} INFO - Filling up the DagBag from /home/airflow/.local/lib/python3.12/site-packages/airflow/example_dags/plugins/workday.py
[2025-10-06T19:14:00.798+0000] {processor.py:927} WARNING - No viable dags retrieved from /home/airflow/.local/lib/python3.12/site-packages/airflow/example_dags/plugins/workday.py
[2025-10-06T19:14:00.813+0000] {processor.py:208} INFO - Processing /home/airflow/.local/lib/python3.12/site-packages/airflow/example_dags/plugins/workday.py took 0.026 seconds
[2025-10-06T19:14:32.236+0000] {processor.py:186} INFO - Started process (PID=5428) to work on /home/airflow/.local/lib/python3.12/site-packages/airflow/example_dags/plugins/workday.py
[2025-10-06T19:14:32.237+0000] {processor.py:914} INFO - Processing file /home/airflow/.local/lib/python3.12/site-packages/airflow/example_dags/plugins/workday.py for tasks to queue
[2025-10-06T19:14:32.239+0000] {logging_mixin.py:190} INFO - [2025-10-06T19:14:32.239+0000] {dagbag.py:588} INFO - Filling up the DagBag from /home/airflow/.local/lib/python3.12/site-packages/airflow/example_dags/plugins/workday.py
[2025-10-06T19:14:32.242+0000] {processor.py:927} WARNING - No viable dags retrieved from /home/airflow/.local/lib/python3.12/site-packages/airflow/example_dags/plugins/workday.py
[2025-10-06T19:14:32.257+0000] {processor.py:208} INFO - Processing /home/airflow/.local/lib/python3.12/site-packages/airflow/example_dags/plugins/workday.py took 0.028 seconds
[2025-10-06T19:15:05.132+0000] {processor.py:186} INFO - Started process (PID=5491) to work on /home/airflow/.local/lib/python3.12/site-packages/airflow/example_dags/plugins/workday.py
[2025-10-06T19:15:05.133+0000] {processor.py:914} INFO - Processing file /home/airflow/.local/lib/python3.12/site-packages/airflow/example_dags/plugins/workday.py for tasks to queue
[2025-10-06T19:15:05.134+0000] {logging_mixin.py:190} INFO - [2025-10-06T19:15:05.134+0000] {dagbag.py:588} INFO - Filling up the DagBag from /home/airflow/.local/lib/python3.12/site-packages/airflow/example_dags/plugins/workday.py
[2025-10-06T19:15:05.137+0000] {processor.py:927} WARNING - No viable dags retrieved from /home/airflow/.local/lib/python3.12/site-packages/airflow/example_dags/plugins/workday.py
[2025-10-06T19:15:05.149+0000] {processor.py:208} INFO - Processing /home/airflow/.local/lib/python3.12/site-packages/airflow/example_dags/plugins/workday.py took 0.024 seconds
[2025-10-06T19:15:37.446+0000] {processor.py:186} INFO - Started process (PID=5554) to work on /home/airflow/.local/lib/python3.12/site-packages/airflow/example_dags/plugins/workday.py
[2025-10-06T19:15:37.448+0000] {processor.py:914} INFO - Processing file /home/airflow/.local/lib/python3.12/site-packages/airflow/example_dags/plugins/workday.py for tasks to queue
[2025-10-06T19:15:37.449+0000] {logging_mixin.py:190} INFO - [2025-10-06T19:15:37.449+0000] {dagbag.py:588} INFO - Filling up the DagBag from /home/airflow/.local/lib/python3.12/site-packages/airflow/example_dags/plugins/workday.py
[2025-10-06T19:15:37.452+0000] {processor.py:927} WARNING - No viable dags retrieved from /home/airflow/.local/lib/python3.12/site-packages/airflow/example_dags/plugins/workday.py
[2025-10-06T19:15:37.470+0000] {processor.py:208} INFO - Processing /home/airflow/.local/lib/python3.12/site-packages/airflow/example_dags/plugins/workday.py took 0.031 seconds
[2025-10-06T19:16:09.062+0000] {processor.py:186} INFO - Started process (PID=5617) to work on /home/airflow/.local/lib/python3.12/site-packages/airflow/example_dags/plugins/workday.py
[2025-10-06T19:16:09.064+0000] {processor.py:914} INFO - Processing file /home/airflow/.local/lib/python3.12/site-packages/airflow/example_dags/plugins/workday.py for tasks to queue
[2025-10-06T19:16:09.066+0000] {logging_mixin.py:190} INFO - [2025-10-06T19:16:09.065+0000] {dagbag.py:588} INFO - Filling up the DagBag from /home/airflow/.local/lib/python3.12/site-packages/airflow/example_dags/plugins/workday.py
[2025-10-06T19:16:09.070+0000] {processor.py:927} WARNING - No viable dags retrieved from /home/airflow/.local/lib/python3.12/site-packages/airflow/example_dags/plugins/workday.py
[2025-10-06T19:16:09.089+0000] {processor.py:208} INFO - Processing /home/airflow/.local/lib/python3.12/site-packages/airflow/example_dags/plugins/workday.py took 0.036 seconds
[2025-10-06T19:16:40.131+0000] {processor.py:186} INFO - Started process (PID=5680) to work on /home/airflow/.local/lib/python3.12/site-packages/airflow/example_dags/plugins/workday.py
[2025-10-06T19:16:40.132+0000] {processor.py:914} INFO - Processing file /home/airflow/.local/lib/python3.12/site-packages/airflow/example_dags/plugins/workday.py for tasks to queue
[2025-10-06T19:16:40.133+0000] {logging_mixin.py:190} INFO - [2025-10-06T19:16:40.133+0000] {dagbag.py:588} INFO - Filling up the DagBag from /home/airflow/.local/lib/python3.12/site-packages/airflow/example_dags/plugins/workday.py
[2025-10-06T19:16:40.136+0000] {processor.py:927} WARNING - No viable dags retrieved from /home/airflow/.local/lib/python3.12/site-packages/airflow/example_dags/plugins/workday.py
[2025-10-06T19:16:40.149+0000] {processor.py:208} INFO - Processing /home/airflow/.local/lib/python3.12/site-packages/airflow/example_dags/plugins/workday.py took 0.024 seconds
[2025-10-06T19:17:11.980+0000] {processor.py:186} INFO - Started process (PID=5743) to work on /home/airflow/.local/lib/python3.12/site-packages/airflow/example_dags/plugins/workday.py
[2025-10-06T19:17:11.981+0000] {processor.py:914} INFO - Processing file /home/airflow/.local/lib/python3.12/site-packages/airflow/example_dags/plugins/workday.py for tasks to queue
[2025-10-06T19:17:11.983+0000] {logging_mixin.py:190} INFO - [2025-10-06T19:17:11.983+0000] {dagbag.py:588} INFO - Filling up the DagBag from /home/airflow/.local/lib/python3.12/site-packages/airflow/example_dags/plugins/workday.py
[2025-10-06T19:17:11.987+0000] {processor.py:927} WARNING - No viable dags retrieved from /home/airflow/.local/lib/python3.12/site-packages/airflow/example_dags/plugins/workday.py
[2025-10-06T19:17:12.004+0000] {processor.py:208} INFO - Processing /home/airflow/.local/lib/python3.12/site-packages/airflow/example_dags/plugins/workday.py took 0.030 seconds
[2025-10-06T19:17:43.663+0000] {processor.py:186} INFO - Started process (PID=5806) to work on /home/airflow/.local/lib/python3.12/site-packages/airflow/example_dags/plugins/workday.py
[2025-10-06T19:17:43.664+0000] {processor.py:914} INFO - Processing file /home/airflow/.local/lib/python3.12/site-packages/airflow/example_dags/plugins/workday.py for tasks to queue
[2025-10-06T19:17:43.666+0000] {logging_mixin.py:190} INFO - [2025-10-06T19:17:43.665+0000] {dagbag.py:588} INFO - Filling up the DagBag from /home/airflow/.local/lib/python3.12/site-packages/airflow/example_dags/plugins/workday.py
[2025-10-06T19:17:43.669+0000] {processor.py:927} WARNING - No viable dags retrieved from /home/airflow/.local/lib/python3.12/site-packages/airflow/example_dags/plugins/workday.py
[2025-10-06T19:17:43.689+0000] {processor.py:208} INFO - Processing /home/airflow/.local/lib/python3.12/site-packages/airflow/example_dags/plugins/workday.py took 0.033 seconds
[2025-10-06T19:18:16.016+0000] {processor.py:186} INFO - Started process (PID=5869) to work on /home/airflow/.local/lib/python3.12/site-packages/airflow/example_dags/plugins/workday.py
[2025-10-06T19:18:16.017+0000] {processor.py:914} INFO - Processing file /home/airflow/.local/lib/python3.12/site-packages/airflow/example_dags/plugins/workday.py for tasks to queue
[2025-10-06T19:18:16.019+0000] {logging_mixin.py:190} INFO - [2025-10-06T19:18:16.019+0000] {dagbag.py:588} INFO - Filling up the DagBag from /home/airflow/.local/lib/python3.12/site-packages/airflow/example_dags/plugins/workday.py
[2025-10-06T19:18:16.022+0000] {processor.py:927} WARNING - No viable dags retrieved from /home/airflow/.local/lib/python3.12/site-packages/airflow/example_dags/plugins/workday.py
[2025-10-06T19:18:16.037+0000] {processor.py:208} INFO - Processing /home/airflow/.local/lib/python3.12/site-packages/airflow/example_dags/plugins/workday.py took 0.028 seconds
[2025-10-06T19:18:47.916+0000] {processor.py:186} INFO - Started process (PID=5932) to work on /home/airflow/.local/lib/python3.12/site-packages/airflow/example_dags/plugins/workday.py
[2025-10-06T19:18:47.918+0000] {processor.py:914} INFO - Processing file /home/airflow/.local/lib/python3.12/site-packages/airflow/example_dags/plugins/workday.py for tasks to queue
[2025-10-06T19:18:47.921+0000] {logging_mixin.py:190} INFO - [2025-10-06T19:18:47.920+0000] {dagbag.py:588} INFO - Filling up the DagBag from /home/airflow/.local/lib/python3.12/site-packages/airflow/example_dags/plugins/workday.py
[2025-10-06T19:18:47.925+0000] {processor.py:927} WARNING - No viable dags retrieved from /home/airflow/.local/lib/python3.12/site-packages/airflow/example_dags/plugins/workday.py
[2025-10-06T19:18:47.942+0000] {processor.py:208} INFO - Processing /home/airflow/.local/lib/python3.12/site-packages/airflow/example_dags/plugins/workday.py took 0.034 seconds
[2025-10-06T20:45:18.455+0000] {processor.py:186} INFO - Started process (PID=6001) to work on /home/airflow/.local/lib/python3.12/site-packages/airflow/example_dags/plugins/workday.py
[2025-10-06T20:45:18.471+0000] {processor.py:914} INFO - Processing file /home/airflow/.local/lib/python3.12/site-packages/airflow/example_dags/plugins/workday.py for tasks to queue
[2025-10-06T20:45:18.477+0000] {logging_mixin.py:190} INFO - [2025-10-06T20:45:18.475+0000] {dagbag.py:588} INFO - Filling up the DagBag from /home/airflow/.local/lib/python3.12/site-packages/airflow/example_dags/plugins/workday.py
[2025-10-06T20:45:18.495+0000] {processor.py:927} WARNING - No viable dags retrieved from /home/airflow/.local/lib/python3.12/site-packages/airflow/example_dags/plugins/workday.py
[2025-10-06T20:45:18.577+0000] {processor.py:208} INFO - Processing /home/airflow/.local/lib/python3.12/site-packages/airflow/example_dags/plugins/workday.py took 0.157 seconds
[2025-10-06T20:45:49.127+0000] {processor.py:186} INFO - Started process (PID=6064) to work on /home/airflow/.local/lib/python3.12/site-packages/airflow/example_dags/plugins/workday.py
[2025-10-06T20:45:49.129+0000] {processor.py:914} INFO - Processing file /home/airflow/.local/lib/python3.12/site-packages/airflow/example_dags/plugins/workday.py for tasks to queue
[2025-10-06T20:45:49.132+0000] {logging_mixin.py:190} INFO - [2025-10-06T20:45:49.131+0000] {dagbag.py:588} INFO - Filling up the DagBag from /home/airflow/.local/lib/python3.12/site-packages/airflow/example_dags/plugins/workday.py
[2025-10-06T20:45:49.137+0000] {processor.py:927} WARNING - No viable dags retrieved from /home/airflow/.local/lib/python3.12/site-packages/airflow/example_dags/plugins/workday.py
[2025-10-06T20:45:49.166+0000] {processor.py:208} INFO - Processing /home/airflow/.local/lib/python3.12/site-packages/airflow/example_dags/plugins/workday.py took 0.049 seconds
[2025-10-06T20:46:19.564+0000] {processor.py:186} INFO - Started process (PID=6127) to work on /home/airflow/.local/lib/python3.12/site-packages/airflow/example_dags/plugins/workday.py
[2025-10-06T20:46:19.566+0000] {processor.py:914} INFO - Processing file /home/airflow/.local/lib/python3.12/site-packages/airflow/example_dags/plugins/workday.py for tasks to queue
[2025-10-06T20:46:19.568+0000] {logging_mixin.py:190} INFO - [2025-10-06T20:46:19.567+0000] {dagbag.py:588} INFO - Filling up the DagBag from /home/airflow/.local/lib/python3.12/site-packages/airflow/example_dags/plugins/workday.py
[2025-10-06T20:46:19.571+0000] {processor.py:927} WARNING - No viable dags retrieved from /home/airflow/.local/lib/python3.12/site-packages/airflow/example_dags/plugins/workday.py
[2025-10-06T20:46:19.591+0000] {processor.py:208} INFO - Processing /home/airflow/.local/lib/python3.12/site-packages/airflow/example_dags/plugins/workday.py took 0.034 seconds
[2025-10-06T20:46:50.427+0000] {processor.py:186} INFO - Started process (PID=6190) to work on /home/airflow/.local/lib/python3.12/site-packages/airflow/example_dags/plugins/workday.py
[2025-10-06T20:46:50.429+0000] {processor.py:914} INFO - Processing file /home/airflow/.local/lib/python3.12/site-packages/airflow/example_dags/plugins/workday.py for tasks to queue
[2025-10-06T20:46:50.430+0000] {logging_mixin.py:190} INFO - [2025-10-06T20:46:50.430+0000] {dagbag.py:588} INFO - Filling up the DagBag from /home/airflow/.local/lib/python3.12/site-packages/airflow/example_dags/plugins/workday.py
[2025-10-06T20:46:50.433+0000] {processor.py:927} WARNING - No viable dags retrieved from /home/airflow/.local/lib/python3.12/site-packages/airflow/example_dags/plugins/workday.py
[2025-10-06T20:46:50.452+0000] {processor.py:208} INFO - Processing /home/airflow/.local/lib/python3.12/site-packages/airflow/example_dags/plugins/workday.py took 0.032 seconds
[2025-10-06T20:47:20.925+0000] {processor.py:186} INFO - Started process (PID=6253) to work on /home/airflow/.local/lib/python3.12/site-packages/airflow/example_dags/plugins/workday.py
[2025-10-06T20:47:20.926+0000] {processor.py:914} INFO - Processing file /home/airflow/.local/lib/python3.12/site-packages/airflow/example_dags/plugins/workday.py for tasks to queue
[2025-10-06T20:47:20.928+0000] {logging_mixin.py:190} INFO - [2025-10-06T20:47:20.927+0000] {dagbag.py:588} INFO - Filling up the DagBag from /home/airflow/.local/lib/python3.12/site-packages/airflow/example_dags/plugins/workday.py
[2025-10-06T20:47:20.930+0000] {processor.py:927} WARNING - No viable dags retrieved from /home/airflow/.local/lib/python3.12/site-packages/airflow/example_dags/plugins/workday.py
[2025-10-06T20:47:20.944+0000] {processor.py:208} INFO - Processing /home/airflow/.local/lib/python3.12/site-packages/airflow/example_dags/plugins/workday.py took 0.025 seconds
[2025-10-06T20:47:51.973+0000] {processor.py:186} INFO - Started process (PID=6316) to work on /home/airflow/.local/lib/python3.12/site-packages/airflow/example_dags/plugins/workday.py
[2025-10-06T20:47:51.974+0000] {processor.py:914} INFO - Processing file /home/airflow/.local/lib/python3.12/site-packages/airflow/example_dags/plugins/workday.py for tasks to queue
[2025-10-06T20:47:51.975+0000] {logging_mixin.py:190} INFO - [2025-10-06T20:47:51.975+0000] {dagbag.py:588} INFO - Filling up the DagBag from /home/airflow/.local/lib/python3.12/site-packages/airflow/example_dags/plugins/workday.py
[2025-10-06T20:47:51.978+0000] {processor.py:927} WARNING - No viable dags retrieved from /home/airflow/.local/lib/python3.12/site-packages/airflow/example_dags/plugins/workday.py
[2025-10-06T20:47:51.993+0000] {processor.py:208} INFO - Processing /home/airflow/.local/lib/python3.12/site-packages/airflow/example_dags/plugins/workday.py took 0.027 seconds
[2025-10-06T20:48:22.128+0000] {processor.py:186} INFO - Started process (PID=6378) to work on /home/airflow/.local/lib/python3.12/site-packages/airflow/example_dags/plugins/workday.py
[2025-10-06T20:48:22.129+0000] {processor.py:914} INFO - Processing file /home/airflow/.local/lib/python3.12/site-packages/airflow/example_dags/plugins/workday.py for tasks to queue
[2025-10-06T20:48:22.131+0000] {logging_mixin.py:190} INFO - [2025-10-06T20:48:22.130+0000] {dagbag.py:588} INFO - Filling up the DagBag from /home/airflow/.local/lib/python3.12/site-packages/airflow/example_dags/plugins/workday.py
[2025-10-06T20:48:22.134+0000] {processor.py:927} WARNING - No viable dags retrieved from /home/airflow/.local/lib/python3.12/site-packages/airflow/example_dags/plugins/workday.py
[2025-10-06T20:48:22.149+0000] {processor.py:208} INFO - Processing /home/airflow/.local/lib/python3.12/site-packages/airflow/example_dags/plugins/workday.py took 0.029 seconds
[2025-10-06T20:48:52.635+0000] {processor.py:186} INFO - Started process (PID=6442) to work on /home/airflow/.local/lib/python3.12/site-packages/airflow/example_dags/plugins/workday.py
[2025-10-06T20:48:52.637+0000] {processor.py:914} INFO - Processing file /home/airflow/.local/lib/python3.12/site-packages/airflow/example_dags/plugins/workday.py for tasks to queue
[2025-10-06T20:48:52.638+0000] {logging_mixin.py:190} INFO - [2025-10-06T20:48:52.638+0000] {dagbag.py:588} INFO - Filling up the DagBag from /home/airflow/.local/lib/python3.12/site-packages/airflow/example_dags/plugins/workday.py
[2025-10-06T20:48:52.642+0000] {processor.py:927} WARNING - No viable dags retrieved from /home/airflow/.local/lib/python3.12/site-packages/airflow/example_dags/plugins/workday.py
[2025-10-06T20:48:52.657+0000] {processor.py:208} INFO - Processing /home/airflow/.local/lib/python3.12/site-packages/airflow/example_dags/plugins/workday.py took 0.028 seconds
[2025-10-06T20:49:23.140+0000] {processor.py:186} INFO - Started process (PID=6506) to work on /home/airflow/.local/lib/python3.12/site-packages/airflow/example_dags/plugins/workday.py
[2025-10-06T20:49:23.141+0000] {processor.py:914} INFO - Processing file /home/airflow/.local/lib/python3.12/site-packages/airflow/example_dags/plugins/workday.py for tasks to queue
[2025-10-06T20:49:23.142+0000] {logging_mixin.py:190} INFO - [2025-10-06T20:49:23.142+0000] {dagbag.py:588} INFO - Filling up the DagBag from /home/airflow/.local/lib/python3.12/site-packages/airflow/example_dags/plugins/workday.py
[2025-10-06T20:49:23.145+0000] {processor.py:927} WARNING - No viable dags retrieved from /home/airflow/.local/lib/python3.12/site-packages/airflow/example_dags/plugins/workday.py
[2025-10-06T20:49:23.160+0000] {processor.py:208} INFO - Processing /home/airflow/.local/lib/python3.12/site-packages/airflow/example_dags/plugins/workday.py took 0.026 seconds
[2025-10-06T20:49:53.854+0000] {processor.py:186} INFO - Started process (PID=6570) to work on /home/airflow/.local/lib/python3.12/site-packages/airflow/example_dags/plugins/workday.py
[2025-10-06T20:49:53.856+0000] {processor.py:914} INFO - Processing file /home/airflow/.local/lib/python3.12/site-packages/airflow/example_dags/plugins/workday.py for tasks to queue
[2025-10-06T20:49:53.857+0000] {logging_mixin.py:190} INFO - [2025-10-06T20:49:53.857+0000] {dagbag.py:588} INFO - Filling up the DagBag from /home/airflow/.local/lib/python3.12/site-packages/airflow/example_dags/plugins/workday.py
[2025-10-06T20:49:53.861+0000] {processor.py:927} WARNING - No viable dags retrieved from /home/airflow/.local/lib/python3.12/site-packages/airflow/example_dags/plugins/workday.py
[2025-10-06T20:49:53.878+0000] {processor.py:208} INFO - Processing /home/airflow/.local/lib/python3.12/site-packages/airflow/example_dags/plugins/workday.py took 0.030 seconds
[2025-10-06T20:50:24.871+0000] {processor.py:186} INFO - Started process (PID=6627) to work on /home/airflow/.local/lib/python3.12/site-packages/airflow/example_dags/plugins/workday.py
[2025-10-06T20:50:24.872+0000] {processor.py:914} INFO - Processing file /home/airflow/.local/lib/python3.12/site-packages/airflow/example_dags/plugins/workday.py for tasks to queue
[2025-10-06T20:50:24.874+0000] {logging_mixin.py:190} INFO - [2025-10-06T20:50:24.873+0000] {dagbag.py:588} INFO - Filling up the DagBag from /home/airflow/.local/lib/python3.12/site-packages/airflow/example_dags/plugins/workday.py
[2025-10-06T20:50:24.877+0000] {processor.py:927} WARNING - No viable dags retrieved from /home/airflow/.local/lib/python3.12/site-packages/airflow/example_dags/plugins/workday.py
[2025-10-06T20:50:24.893+0000] {processor.py:208} INFO - Processing /home/airflow/.local/lib/python3.12/site-packages/airflow/example_dags/plugins/workday.py took 0.029 seconds
[2025-10-06T20:50:55.680+0000] {processor.py:186} INFO - Started process (PID=6690) to work on /home/airflow/.local/lib/python3.12/site-packages/airflow/example_dags/plugins/workday.py
[2025-10-06T20:50:55.681+0000] {processor.py:914} INFO - Processing file /home/airflow/.local/lib/python3.12/site-packages/airflow/example_dags/plugins/workday.py for tasks to queue
[2025-10-06T20:50:55.683+0000] {logging_mixin.py:190} INFO - [2025-10-06T20:50:55.682+0000] {dagbag.py:588} INFO - Filling up the DagBag from /home/airflow/.local/lib/python3.12/site-packages/airflow/example_dags/plugins/workday.py
[2025-10-06T20:50:55.685+0000] {processor.py:927} WARNING - No viable dags retrieved from /home/airflow/.local/lib/python3.12/site-packages/airflow/example_dags/plugins/workday.py
[2025-10-06T20:50:55.701+0000] {processor.py:208} INFO - Processing /home/airflow/.local/lib/python3.12/site-packages/airflow/example_dags/plugins/workday.py took 0.028 seconds
[2025-10-06T20:53:37.702+0000] {processor.py:186} INFO - Started process (PID=128) to work on /home/airflow/.local/lib/python3.12/site-packages/airflow/example_dags/plugins/workday.py
[2025-10-06T20:53:37.704+0000] {processor.py:914} INFO - Processing file /home/airflow/.local/lib/python3.12/site-packages/airflow/example_dags/plugins/workday.py for tasks to queue
[2025-10-06T20:53:37.709+0000] {logging_mixin.py:190} INFO - [2025-10-06T20:53:37.709+0000] {dagbag.py:588} INFO - Filling up the DagBag from /home/airflow/.local/lib/python3.12/site-packages/airflow/example_dags/plugins/workday.py
[2025-10-06T20:53:37.719+0000] {processor.py:927} WARNING - No viable dags retrieved from /home/airflow/.local/lib/python3.12/site-packages/airflow/example_dags/plugins/workday.py
[2025-10-06T20:53:37.744+0000] {processor.py:208} INFO - Processing /home/airflow/.local/lib/python3.12/site-packages/airflow/example_dags/plugins/workday.py took 0.057 seconds
[2025-10-06T20:54:10.923+0000] {processor.py:186} INFO - Started process (PID=191) to work on /home/airflow/.local/lib/python3.12/site-packages/airflow/example_dags/plugins/workday.py
[2025-10-06T20:54:10.928+0000] {processor.py:914} INFO - Processing file /home/airflow/.local/lib/python3.12/site-packages/airflow/example_dags/plugins/workday.py for tasks to queue
[2025-10-06T20:54:10.937+0000] {logging_mixin.py:190} INFO - [2025-10-06T20:54:10.936+0000] {dagbag.py:588} INFO - Filling up the DagBag from /home/airflow/.local/lib/python3.12/site-packages/airflow/example_dags/plugins/workday.py
[2025-10-06T20:54:10.946+0000] {processor.py:927} WARNING - No viable dags retrieved from /home/airflow/.local/lib/python3.12/site-packages/airflow/example_dags/plugins/workday.py
[2025-10-06T20:54:10.982+0000] {processor.py:208} INFO - Processing /home/airflow/.local/lib/python3.12/site-packages/airflow/example_dags/plugins/workday.py took 0.081 seconds
[2025-10-06T20:54:43.667+0000] {processor.py:186} INFO - Started process (PID=255) to work on /home/airflow/.local/lib/python3.12/site-packages/airflow/example_dags/plugins/workday.py
[2025-10-06T20:54:43.671+0000] {processor.py:914} INFO - Processing file /home/airflow/.local/lib/python3.12/site-packages/airflow/example_dags/plugins/workday.py for tasks to queue
[2025-10-06T20:54:43.696+0000] {logging_mixin.py:190} INFO - [2025-10-06T20:54:43.686+0000] {dagbag.py:588} INFO - Filling up the DagBag from /home/airflow/.local/lib/python3.12/site-packages/airflow/example_dags/plugins/workday.py
[2025-10-06T20:54:43.712+0000] {processor.py:927} WARNING - No viable dags retrieved from /home/airflow/.local/lib/python3.12/site-packages/airflow/example_dags/plugins/workday.py
[2025-10-06T20:54:43.767+0000] {processor.py:208} INFO - Processing /home/airflow/.local/lib/python3.12/site-packages/airflow/example_dags/plugins/workday.py took 0.126 seconds
[2025-10-06T20:55:25.193+0000] {processor.py:186} INFO - Started process (PID=318) to work on /home/airflow/.local/lib/python3.12/site-packages/airflow/example_dags/plugins/workday.py
[2025-10-06T20:55:25.203+0000] {processor.py:914} INFO - Processing file /home/airflow/.local/lib/python3.12/site-packages/airflow/example_dags/plugins/workday.py for tasks to queue
[2025-10-06T20:55:25.217+0000] {logging_mixin.py:190} INFO - [2025-10-06T20:55:25.216+0000] {dagbag.py:588} INFO - Filling up the DagBag from /home/airflow/.local/lib/python3.12/site-packages/airflow/example_dags/plugins/workday.py
[2025-10-06T20:55:25.233+0000] {processor.py:927} WARNING - No viable dags retrieved from /home/airflow/.local/lib/python3.12/site-packages/airflow/example_dags/plugins/workday.py
[2025-10-06T20:55:25.280+0000] {processor.py:208} INFO - Processing /home/airflow/.local/lib/python3.12/site-packages/airflow/example_dags/plugins/workday.py took 0.123 seconds
[2025-10-06T20:55:55.502+0000] {processor.py:186} INFO - Started process (PID=382) to work on /home/airflow/.local/lib/python3.12/site-packages/airflow/example_dags/plugins/workday.py
[2025-10-06T20:55:55.556+0000] {processor.py:914} INFO - Processing file /home/airflow/.local/lib/python3.12/site-packages/airflow/example_dags/plugins/workday.py for tasks to queue
[2025-10-06T20:55:55.563+0000] {logging_mixin.py:190} INFO - [2025-10-06T20:55:55.562+0000] {dagbag.py:588} INFO - Filling up the DagBag from /home/airflow/.local/lib/python3.12/site-packages/airflow/example_dags/plugins/workday.py
[2025-10-06T20:55:55.570+0000] {processor.py:927} WARNING - No viable dags retrieved from /home/airflow/.local/lib/python3.12/site-packages/airflow/example_dags/plugins/workday.py
[2025-10-06T20:55:55.616+0000] {processor.py:208} INFO - Processing /home/airflow/.local/lib/python3.12/site-packages/airflow/example_dags/plugins/workday.py took 0.127 seconds
[2025-10-06T20:56:26.542+0000] {processor.py:186} INFO - Started process (PID=445) to work on /home/airflow/.local/lib/python3.12/site-packages/airflow/example_dags/plugins/workday.py
[2025-10-06T20:56:26.548+0000] {processor.py:914} INFO - Processing file /home/airflow/.local/lib/python3.12/site-packages/airflow/example_dags/plugins/workday.py for tasks to queue
[2025-10-06T20:56:26.569+0000] {logging_mixin.py:190} INFO - [2025-10-06T20:56:26.569+0000] {dagbag.py:588} INFO - Filling up the DagBag from /home/airflow/.local/lib/python3.12/site-packages/airflow/example_dags/plugins/workday.py
[2025-10-06T20:56:26.579+0000] {processor.py:927} WARNING - No viable dags retrieved from /home/airflow/.local/lib/python3.12/site-packages/airflow/example_dags/plugins/workday.py
[2025-10-06T20:56:26.802+0000] {processor.py:208} INFO - Processing /home/airflow/.local/lib/python3.12/site-packages/airflow/example_dags/plugins/workday.py took 0.271 seconds
[2025-10-06T20:57:01.852+0000] {processor.py:186} INFO - Started process (PID=508) to work on /home/airflow/.local/lib/python3.12/site-packages/airflow/example_dags/plugins/workday.py
[2025-10-06T20:57:01.855+0000] {processor.py:914} INFO - Processing file /home/airflow/.local/lib/python3.12/site-packages/airflow/example_dags/plugins/workday.py for tasks to queue
[2025-10-06T20:57:01.861+0000] {logging_mixin.py:190} INFO - [2025-10-06T20:57:01.861+0000] {dagbag.py:588} INFO - Filling up the DagBag from /home/airflow/.local/lib/python3.12/site-packages/airflow/example_dags/plugins/workday.py
[2025-10-06T20:57:01.868+0000] {processor.py:927} WARNING - No viable dags retrieved from /home/airflow/.local/lib/python3.12/site-packages/airflow/example_dags/plugins/workday.py
[2025-10-06T20:57:01.909+0000] {processor.py:208} INFO - Processing /home/airflow/.local/lib/python3.12/site-packages/airflow/example_dags/plugins/workday.py took 0.072 seconds
[2025-10-06T20:57:36.414+0000] {processor.py:186} INFO - Started process (PID=580) to work on /home/airflow/.local/lib/python3.12/site-packages/airflow/example_dags/plugins/workday.py
[2025-10-06T20:57:36.416+0000] {processor.py:914} INFO - Processing file /home/airflow/.local/lib/python3.12/site-packages/airflow/example_dags/plugins/workday.py for tasks to queue
[2025-10-06T20:57:36.420+0000] {logging_mixin.py:190} INFO - [2025-10-06T20:57:36.420+0000] {dagbag.py:588} INFO - Filling up the DagBag from /home/airflow/.local/lib/python3.12/site-packages/airflow/example_dags/plugins/workday.py
[2025-10-06T20:57:36.425+0000] {processor.py:927} WARNING - No viable dags retrieved from /home/airflow/.local/lib/python3.12/site-packages/airflow/example_dags/plugins/workday.py
[2025-10-06T20:57:36.446+0000] {processor.py:208} INFO - Processing /home/airflow/.local/lib/python3.12/site-packages/airflow/example_dags/plugins/workday.py took 0.042 seconds
[2025-10-06T20:58:08.216+0000] {processor.py:186} INFO - Started process (PID=647) to work on /home/airflow/.local/lib/python3.12/site-packages/airflow/example_dags/plugins/workday.py
[2025-10-06T20:58:08.220+0000] {processor.py:914} INFO - Processing file /home/airflow/.local/lib/python3.12/site-packages/airflow/example_dags/plugins/workday.py for tasks to queue
[2025-10-06T20:58:08.228+0000] {logging_mixin.py:190} INFO - [2025-10-06T20:58:08.227+0000] {dagbag.py:588} INFO - Filling up the DagBag from /home/airflow/.local/lib/python3.12/site-packages/airflow/example_dags/plugins/workday.py
[2025-10-06T20:58:08.234+0000] {processor.py:927} WARNING - No viable dags retrieved from /home/airflow/.local/lib/python3.12/site-packages/airflow/example_dags/plugins/workday.py
[2025-10-06T20:58:08.263+0000] {processor.py:208} INFO - Processing /home/airflow/.local/lib/python3.12/site-packages/airflow/example_dags/plugins/workday.py took 0.063 seconds
[2025-10-06T20:58:39.377+0000] {processor.py:186} INFO - Started process (PID=712) to work on /home/airflow/.local/lib/python3.12/site-packages/airflow/example_dags/plugins/workday.py
[2025-10-06T20:58:39.378+0000] {processor.py:914} INFO - Processing file /home/airflow/.local/lib/python3.12/site-packages/airflow/example_dags/plugins/workday.py for tasks to queue
[2025-10-06T20:58:39.381+0000] {logging_mixin.py:190} INFO - [2025-10-06T20:58:39.381+0000] {dagbag.py:588} INFO - Filling up the DagBag from /home/airflow/.local/lib/python3.12/site-packages/airflow/example_dags/plugins/workday.py
[2025-10-06T20:58:39.384+0000] {processor.py:927} WARNING - No viable dags retrieved from /home/airflow/.local/lib/python3.12/site-packages/airflow/example_dags/plugins/workday.py
[2025-10-06T20:58:39.401+0000] {processor.py:208} INFO - Processing /home/airflow/.local/lib/python3.12/site-packages/airflow/example_dags/plugins/workday.py took 0.032 seconds
[2025-10-06T20:59:09.516+0000] {processor.py:186} INFO - Started process (PID=774) to work on /home/airflow/.local/lib/python3.12/site-packages/airflow/example_dags/plugins/workday.py
[2025-10-06T20:59:09.518+0000] {processor.py:914} INFO - Processing file /home/airflow/.local/lib/python3.12/site-packages/airflow/example_dags/plugins/workday.py for tasks to queue
[2025-10-06T20:59:09.521+0000] {logging_mixin.py:190} INFO - [2025-10-06T20:59:09.521+0000] {dagbag.py:588} INFO - Filling up the DagBag from /home/airflow/.local/lib/python3.12/site-packages/airflow/example_dags/plugins/workday.py
[2025-10-06T20:59:09.524+0000] {processor.py:927} WARNING - No viable dags retrieved from /home/airflow/.local/lib/python3.12/site-packages/airflow/example_dags/plugins/workday.py
[2025-10-06T20:59:09.539+0000] {processor.py:208} INFO - Processing /home/airflow/.local/lib/python3.12/site-packages/airflow/example_dags/plugins/workday.py took 0.029 seconds
[2025-10-06T20:59:41.209+0000] {processor.py:186} INFO - Started process (PID=840) to work on /home/airflow/.local/lib/python3.12/site-packages/airflow/example_dags/plugins/workday.py
[2025-10-06T20:59:41.210+0000] {processor.py:914} INFO - Processing file /home/airflow/.local/lib/python3.12/site-packages/airflow/example_dags/plugins/workday.py for tasks to queue
[2025-10-06T20:59:41.215+0000] {logging_mixin.py:190} INFO - [2025-10-06T20:59:41.214+0000] {dagbag.py:588} INFO - Filling up the DagBag from /home/airflow/.local/lib/python3.12/site-packages/airflow/example_dags/plugins/workday.py
[2025-10-06T20:59:41.220+0000] {processor.py:927} WARNING - No viable dags retrieved from /home/airflow/.local/lib/python3.12/site-packages/airflow/example_dags/plugins/workday.py
[2025-10-06T20:59:41.244+0000] {processor.py:208} INFO - Processing /home/airflow/.local/lib/python3.12/site-packages/airflow/example_dags/plugins/workday.py took 0.046 seconds
[2025-10-06T21:00:18.079+0000] {processor.py:186} INFO - Started process (PID=910) to work on /home/airflow/.local/lib/python3.12/site-packages/airflow/example_dags/plugins/workday.py
[2025-10-06T21:00:18.080+0000] {processor.py:914} INFO - Processing file /home/airflow/.local/lib/python3.12/site-packages/airflow/example_dags/plugins/workday.py for tasks to queue
[2025-10-06T21:00:18.085+0000] {logging_mixin.py:190} INFO - [2025-10-06T21:00:18.084+0000] {dagbag.py:588} INFO - Filling up the DagBag from /home/airflow/.local/lib/python3.12/site-packages/airflow/example_dags/plugins/workday.py
[2025-10-06T21:00:18.090+0000] {processor.py:927} WARNING - No viable dags retrieved from /home/airflow/.local/lib/python3.12/site-packages/airflow/example_dags/plugins/workday.py
[2025-10-06T21:00:18.115+0000] {processor.py:208} INFO - Processing /home/airflow/.local/lib/python3.12/site-packages/airflow/example_dags/plugins/workday.py took 0.048 seconds
[2025-10-06T21:00:49.380+0000] {processor.py:186} INFO - Started process (PID=979) to work on /home/airflow/.local/lib/python3.12/site-packages/airflow/example_dags/plugins/workday.py
[2025-10-06T21:00:49.381+0000] {processor.py:914} INFO - Processing file /home/airflow/.local/lib/python3.12/site-packages/airflow/example_dags/plugins/workday.py for tasks to queue
[2025-10-06T21:00:49.384+0000] {logging_mixin.py:190} INFO - [2025-10-06T21:00:49.383+0000] {dagbag.py:588} INFO - Filling up the DagBag from /home/airflow/.local/lib/python3.12/site-packages/airflow/example_dags/plugins/workday.py
[2025-10-06T21:00:49.387+0000] {processor.py:927} WARNING - No viable dags retrieved from /home/airflow/.local/lib/python3.12/site-packages/airflow/example_dags/plugins/workday.py
[2025-10-06T21:00:49.401+0000] {processor.py:208} INFO - Processing /home/airflow/.local/lib/python3.12/site-packages/airflow/example_dags/plugins/workday.py took 0.027 seconds
[2025-10-06T21:01:19.547+0000] {processor.py:186} INFO - Started process (PID=1041) to work on /home/airflow/.local/lib/python3.12/site-packages/airflow/example_dags/plugins/workday.py
[2025-10-06T21:01:19.548+0000] {processor.py:914} INFO - Processing file /home/airflow/.local/lib/python3.12/site-packages/airflow/example_dags/plugins/workday.py for tasks to queue
[2025-10-06T21:01:19.552+0000] {logging_mixin.py:190} INFO - [2025-10-06T21:01:19.551+0000] {dagbag.py:588} INFO - Filling up the DagBag from /home/airflow/.local/lib/python3.12/site-packages/airflow/example_dags/plugins/workday.py
[2025-10-06T21:01:19.555+0000] {processor.py:927} WARNING - No viable dags retrieved from /home/airflow/.local/lib/python3.12/site-packages/airflow/example_dags/plugins/workday.py
[2025-10-06T21:01:19.570+0000] {processor.py:208} INFO - Processing /home/airflow/.local/lib/python3.12/site-packages/airflow/example_dags/plugins/workday.py took 0.031 seconds
[2025-10-06T21:01:49.766+0000] {processor.py:186} INFO - Started process (PID=1104) to work on /home/airflow/.local/lib/python3.12/site-packages/airflow/example_dags/plugins/workday.py
[2025-10-06T21:01:49.768+0000] {processor.py:914} INFO - Processing file /home/airflow/.local/lib/python3.12/site-packages/airflow/example_dags/plugins/workday.py for tasks to queue
[2025-10-06T21:01:49.772+0000] {logging_mixin.py:190} INFO - [2025-10-06T21:01:49.771+0000] {dagbag.py:588} INFO - Filling up the DagBag from /home/airflow/.local/lib/python3.12/site-packages/airflow/example_dags/plugins/workday.py
[2025-10-06T21:01:49.776+0000] {processor.py:927} WARNING - No viable dags retrieved from /home/airflow/.local/lib/python3.12/site-packages/airflow/example_dags/plugins/workday.py
[2025-10-06T21:01:49.791+0000] {processor.py:208} INFO - Processing /home/airflow/.local/lib/python3.12/site-packages/airflow/example_dags/plugins/workday.py took 0.030 seconds
[2025-10-06T21:02:20.968+0000] {processor.py:186} INFO - Started process (PID=1168) to work on /home/airflow/.local/lib/python3.12/site-packages/airflow/example_dags/plugins/workday.py
[2025-10-06T21:02:20.969+0000] {processor.py:914} INFO - Processing file /home/airflow/.local/lib/python3.12/site-packages/airflow/example_dags/plugins/workday.py for tasks to queue
[2025-10-06T21:02:20.973+0000] {logging_mixin.py:190} INFO - [2025-10-06T21:02:20.973+0000] {dagbag.py:588} INFO - Filling up the DagBag from /home/airflow/.local/lib/python3.12/site-packages/airflow/example_dags/plugins/workday.py
[2025-10-06T21:02:20.976+0000] {processor.py:927} WARNING - No viable dags retrieved from /home/airflow/.local/lib/python3.12/site-packages/airflow/example_dags/plugins/workday.py
[2025-10-06T21:02:20.992+0000] {processor.py:208} INFO - Processing /home/airflow/.local/lib/python3.12/site-packages/airflow/example_dags/plugins/workday.py took 0.032 seconds
[2025-10-06T21:02:55.781+0000] {processor.py:186} INFO - Started process (PID=1236) to work on /home/airflow/.local/lib/python3.12/site-packages/airflow/example_dags/plugins/workday.py
[2025-10-06T21:02:55.784+0000] {processor.py:914} INFO - Processing file /home/airflow/.local/lib/python3.12/site-packages/airflow/example_dags/plugins/workday.py for tasks to queue
[2025-10-06T21:02:55.789+0000] {logging_mixin.py:190} INFO - [2025-10-06T21:02:55.788+0000] {dagbag.py:588} INFO - Filling up the DagBag from /home/airflow/.local/lib/python3.12/site-packages/airflow/example_dags/plugins/workday.py
[2025-10-06T21:02:55.794+0000] {processor.py:927} WARNING - No viable dags retrieved from /home/airflow/.local/lib/python3.12/site-packages/airflow/example_dags/plugins/workday.py
[2025-10-06T21:02:55.825+0000] {processor.py:208} INFO - Processing /home/airflow/.local/lib/python3.12/site-packages/airflow/example_dags/plugins/workday.py took 0.058 seconds
[2025-10-06T21:03:27.329+0000] {processor.py:186} INFO - Started process (PID=1299) to work on /home/airflow/.local/lib/python3.12/site-packages/airflow/example_dags/plugins/workday.py
[2025-10-06T21:03:27.330+0000] {processor.py:914} INFO - Processing file /home/airflow/.local/lib/python3.12/site-packages/airflow/example_dags/plugins/workday.py for tasks to queue
[2025-10-06T21:03:27.335+0000] {logging_mixin.py:190} INFO - [2025-10-06T21:03:27.334+0000] {dagbag.py:588} INFO - Filling up the DagBag from /home/airflow/.local/lib/python3.12/site-packages/airflow/example_dags/plugins/workday.py
[2025-10-06T21:03:27.340+0000] {processor.py:927} WARNING - No viable dags retrieved from /home/airflow/.local/lib/python3.12/site-packages/airflow/example_dags/plugins/workday.py
[2025-10-06T21:03:27.366+0000] {processor.py:208} INFO - Processing /home/airflow/.local/lib/python3.12/site-packages/airflow/example_dags/plugins/workday.py took 0.050 seconds
[2025-10-06T21:03:57.748+0000] {processor.py:186} INFO - Started process (PID=1362) to work on /home/airflow/.local/lib/python3.12/site-packages/airflow/example_dags/plugins/workday.py
[2025-10-06T21:03:57.749+0000] {processor.py:914} INFO - Processing file /home/airflow/.local/lib/python3.12/site-packages/airflow/example_dags/plugins/workday.py for tasks to queue
[2025-10-06T21:03:57.752+0000] {logging_mixin.py:190} INFO - [2025-10-06T21:03:57.752+0000] {dagbag.py:588} INFO - Filling up the DagBag from /home/airflow/.local/lib/python3.12/site-packages/airflow/example_dags/plugins/workday.py
[2025-10-06T21:03:57.756+0000] {processor.py:927} WARNING - No viable dags retrieved from /home/airflow/.local/lib/python3.12/site-packages/airflow/example_dags/plugins/workday.py
[2025-10-06T21:03:57.774+0000] {processor.py:208} INFO - Processing /home/airflow/.local/lib/python3.12/site-packages/airflow/example_dags/plugins/workday.py took 0.033 seconds
[2025-10-06T21:04:28.087+0000] {processor.py:186} INFO - Started process (PID=1424) to work on /home/airflow/.local/lib/python3.12/site-packages/airflow/example_dags/plugins/workday.py
[2025-10-06T21:04:28.089+0000] {processor.py:914} INFO - Processing file /home/airflow/.local/lib/python3.12/site-packages/airflow/example_dags/plugins/workday.py for tasks to queue
[2025-10-06T21:04:28.095+0000] {logging_mixin.py:190} INFO - [2025-10-06T21:04:28.095+0000] {dagbag.py:588} INFO - Filling up the DagBag from /home/airflow/.local/lib/python3.12/site-packages/airflow/example_dags/plugins/workday.py
[2025-10-06T21:04:28.102+0000] {processor.py:927} WARNING - No viable dags retrieved from /home/airflow/.local/lib/python3.12/site-packages/airflow/example_dags/plugins/workday.py
[2025-10-06T21:04:28.134+0000] {processor.py:208} INFO - Processing /home/airflow/.local/lib/python3.12/site-packages/airflow/example_dags/plugins/workday.py took 0.064 seconds
[2025-10-06T21:04:59.161+0000] {processor.py:186} INFO - Started process (PID=1488) to work on /home/airflow/.local/lib/python3.12/site-packages/airflow/example_dags/plugins/workday.py
[2025-10-06T21:04:59.163+0000] {processor.py:914} INFO - Processing file /home/airflow/.local/lib/python3.12/site-packages/airflow/example_dags/plugins/workday.py for tasks to queue
[2025-10-06T21:04:59.168+0000] {logging_mixin.py:190} INFO - [2025-10-06T21:04:59.167+0000] {dagbag.py:588} INFO - Filling up the DagBag from /home/airflow/.local/lib/python3.12/site-packages/airflow/example_dags/plugins/workday.py
[2025-10-06T21:04:59.171+0000] {processor.py:927} WARNING - No viable dags retrieved from /home/airflow/.local/lib/python3.12/site-packages/airflow/example_dags/plugins/workday.py
[2025-10-06T21:04:59.193+0000] {processor.py:208} INFO - Processing /home/airflow/.local/lib/python3.12/site-packages/airflow/example_dags/plugins/workday.py took 0.040 seconds
[2025-10-06T21:05:29.470+0000] {processor.py:186} INFO - Started process (PID=1551) to work on /home/airflow/.local/lib/python3.12/site-packages/airflow/example_dags/plugins/workday.py
[2025-10-06T21:05:29.471+0000] {processor.py:914} INFO - Processing file /home/airflow/.local/lib/python3.12/site-packages/airflow/example_dags/plugins/workday.py for tasks to queue
[2025-10-06T21:05:29.474+0000] {logging_mixin.py:190} INFO - [2025-10-06T21:05:29.473+0000] {dagbag.py:588} INFO - Filling up the DagBag from /home/airflow/.local/lib/python3.12/site-packages/airflow/example_dags/plugins/workday.py
[2025-10-06T21:05:29.477+0000] {processor.py:927} WARNING - No viable dags retrieved from /home/airflow/.local/lib/python3.12/site-packages/airflow/example_dags/plugins/workday.py
[2025-10-06T21:05:29.492+0000] {processor.py:208} INFO - Processing /home/airflow/.local/lib/python3.12/site-packages/airflow/example_dags/plugins/workday.py took 0.028 seconds
[2025-10-06T21:05:59.808+0000] {processor.py:186} INFO - Started process (PID=1615) to work on /home/airflow/.local/lib/python3.12/site-packages/airflow/example_dags/plugins/workday.py
[2025-10-06T21:05:59.809+0000] {processor.py:914} INFO - Processing file /home/airflow/.local/lib/python3.12/site-packages/airflow/example_dags/plugins/workday.py for tasks to queue
[2025-10-06T21:05:59.813+0000] {logging_mixin.py:190} INFO - [2025-10-06T21:05:59.812+0000] {dagbag.py:588} INFO - Filling up the DagBag from /home/airflow/.local/lib/python3.12/site-packages/airflow/example_dags/plugins/workday.py
[2025-10-06T21:05:59.816+0000] {processor.py:927} WARNING - No viable dags retrieved from /home/airflow/.local/lib/python3.12/site-packages/airflow/example_dags/plugins/workday.py
[2025-10-06T21:05:59.830+0000] {processor.py:208} INFO - Processing /home/airflow/.local/lib/python3.12/site-packages/airflow/example_dags/plugins/workday.py took 0.029 seconds
[2025-10-06T21:06:30.074+0000] {processor.py:186} INFO - Started process (PID=1680) to work on /home/airflow/.local/lib/python3.12/site-packages/airflow/example_dags/plugins/workday.py
[2025-10-06T21:06:30.076+0000] {processor.py:914} INFO - Processing file /home/airflow/.local/lib/python3.12/site-packages/airflow/example_dags/plugins/workday.py for tasks to queue
[2025-10-06T21:06:30.080+0000] {logging_mixin.py:190} INFO - [2025-10-06T21:06:30.079+0000] {dagbag.py:588} INFO - Filling up the DagBag from /home/airflow/.local/lib/python3.12/site-packages/airflow/example_dags/plugins/workday.py
[2025-10-06T21:06:30.084+0000] {processor.py:927} WARNING - No viable dags retrieved from /home/airflow/.local/lib/python3.12/site-packages/airflow/example_dags/plugins/workday.py
[2025-10-06T21:06:30.099+0000] {processor.py:208} INFO - Processing /home/airflow/.local/lib/python3.12/site-packages/airflow/example_dags/plugins/workday.py took 0.032 seconds
[2025-10-06T21:07:10.501+0000] {processor.py:186} INFO - Started process (PID=1747) to work on /home/airflow/.local/lib/python3.12/site-packages/airflow/example_dags/plugins/workday.py
[2025-10-06T21:07:10.503+0000] {processor.py:914} INFO - Processing file /home/airflow/.local/lib/python3.12/site-packages/airflow/example_dags/plugins/workday.py for tasks to queue
[2025-10-06T21:07:10.510+0000] {logging_mixin.py:190} INFO - [2025-10-06T21:07:10.509+0000] {dagbag.py:588} INFO - Filling up the DagBag from /home/airflow/.local/lib/python3.12/site-packages/airflow/example_dags/plugins/workday.py
[2025-10-06T21:07:10.517+0000] {processor.py:927} WARNING - No viable dags retrieved from /home/airflow/.local/lib/python3.12/site-packages/airflow/example_dags/plugins/workday.py
[2025-10-06T21:07:10.550+0000] {processor.py:208} INFO - Processing /home/airflow/.local/lib/python3.12/site-packages/airflow/example_dags/plugins/workday.py took 0.062 seconds
[2025-10-06T21:07:41.193+0000] {processor.py:186} INFO - Started process (PID=1811) to work on /home/airflow/.local/lib/python3.12/site-packages/airflow/example_dags/plugins/workday.py
[2025-10-06T21:07:41.195+0000] {processor.py:914} INFO - Processing file /home/airflow/.local/lib/python3.12/site-packages/airflow/example_dags/plugins/workday.py for tasks to queue
[2025-10-06T21:07:41.198+0000] {logging_mixin.py:190} INFO - [2025-10-06T21:07:41.198+0000] {dagbag.py:588} INFO - Filling up the DagBag from /home/airflow/.local/lib/python3.12/site-packages/airflow/example_dags/plugins/workday.py
[2025-10-06T21:07:41.203+0000] {processor.py:927} WARNING - No viable dags retrieved from /home/airflow/.local/lib/python3.12/site-packages/airflow/example_dags/plugins/workday.py
[2025-10-06T21:07:41.223+0000] {processor.py:208} INFO - Processing /home/airflow/.local/lib/python3.12/site-packages/airflow/example_dags/plugins/workday.py took 0.036 seconds
[2025-10-06T21:08:12.096+0000] {processor.py:186} INFO - Started process (PID=1875) to work on /home/airflow/.local/lib/python3.12/site-packages/airflow/example_dags/plugins/workday.py
[2025-10-06T21:08:12.097+0000] {processor.py:914} INFO - Processing file /home/airflow/.local/lib/python3.12/site-packages/airflow/example_dags/plugins/workday.py for tasks to queue
[2025-10-06T21:08:12.101+0000] {logging_mixin.py:190} INFO - [2025-10-06T21:08:12.100+0000] {dagbag.py:588} INFO - Filling up the DagBag from /home/airflow/.local/lib/python3.12/site-packages/airflow/example_dags/plugins/workday.py
[2025-10-06T21:08:12.103+0000] {processor.py:927} WARNING - No viable dags retrieved from /home/airflow/.local/lib/python3.12/site-packages/airflow/example_dags/plugins/workday.py
[2025-10-06T21:08:12.120+0000] {processor.py:208} INFO - Processing /home/airflow/.local/lib/python3.12/site-packages/airflow/example_dags/plugins/workday.py took 0.030 seconds
[2025-10-06T21:08:42.372+0000] {processor.py:186} INFO - Started process (PID=1938) to work on /home/airflow/.local/lib/python3.12/site-packages/airflow/example_dags/plugins/workday.py
[2025-10-06T21:08:42.373+0000] {processor.py:914} INFO - Processing file /home/airflow/.local/lib/python3.12/site-packages/airflow/example_dags/plugins/workday.py for tasks to queue
[2025-10-06T21:08:42.376+0000] {logging_mixin.py:190} INFO - [2025-10-06T21:08:42.375+0000] {dagbag.py:588} INFO - Filling up the DagBag from /home/airflow/.local/lib/python3.12/site-packages/airflow/example_dags/plugins/workday.py
[2025-10-06T21:08:42.379+0000] {processor.py:927} WARNING - No viable dags retrieved from /home/airflow/.local/lib/python3.12/site-packages/airflow/example_dags/plugins/workday.py
[2025-10-06T21:08:42.395+0000] {processor.py:208} INFO - Processing /home/airflow/.local/lib/python3.12/site-packages/airflow/example_dags/plugins/workday.py took 0.030 seconds
[2025-10-06T21:09:13.238+0000] {processor.py:186} INFO - Started process (PID=2000) to work on /home/airflow/.local/lib/python3.12/site-packages/airflow/example_dags/plugins/workday.py
[2025-10-06T21:09:13.239+0000] {processor.py:914} INFO - Processing file /home/airflow/.local/lib/python3.12/site-packages/airflow/example_dags/plugins/workday.py for tasks to queue
[2025-10-06T21:09:13.242+0000] {logging_mixin.py:190} INFO - [2025-10-06T21:09:13.241+0000] {dagbag.py:588} INFO - Filling up the DagBag from /home/airflow/.local/lib/python3.12/site-packages/airflow/example_dags/plugins/workday.py
[2025-10-06T21:09:13.244+0000] {processor.py:927} WARNING - No viable dags retrieved from /home/airflow/.local/lib/python3.12/site-packages/airflow/example_dags/plugins/workday.py
[2025-10-06T21:09:13.258+0000] {processor.py:208} INFO - Processing /home/airflow/.local/lib/python3.12/site-packages/airflow/example_dags/plugins/workday.py took 0.027 seconds
[2025-10-06T21:09:44.094+0000] {processor.py:186} INFO - Started process (PID=2063) to work on /home/airflow/.local/lib/python3.12/site-packages/airflow/example_dags/plugins/workday.py
[2025-10-06T21:09:44.095+0000] {processor.py:914} INFO - Processing file /home/airflow/.local/lib/python3.12/site-packages/airflow/example_dags/plugins/workday.py for tasks to queue
[2025-10-06T21:09:44.098+0000] {logging_mixin.py:190} INFO - [2025-10-06T21:09:44.098+0000] {dagbag.py:588} INFO - Filling up the DagBag from /home/airflow/.local/lib/python3.12/site-packages/airflow/example_dags/plugins/workday.py
[2025-10-06T21:09:44.102+0000] {processor.py:927} WARNING - No viable dags retrieved from /home/airflow/.local/lib/python3.12/site-packages/airflow/example_dags/plugins/workday.py
[2025-10-06T21:09:44.115+0000] {processor.py:208} INFO - Processing /home/airflow/.local/lib/python3.12/site-packages/airflow/example_dags/plugins/workday.py took 0.027 seconds
[2025-10-06T21:10:14.562+0000] {processor.py:186} INFO - Started process (PID=2126) to work on /home/airflow/.local/lib/python3.12/site-packages/airflow/example_dags/plugins/workday.py
[2025-10-06T21:10:14.563+0000] {processor.py:914} INFO - Processing file /home/airflow/.local/lib/python3.12/site-packages/airflow/example_dags/plugins/workday.py for tasks to queue
[2025-10-06T21:10:14.567+0000] {logging_mixin.py:190} INFO - [2025-10-06T21:10:14.566+0000] {dagbag.py:588} INFO - Filling up the DagBag from /home/airflow/.local/lib/python3.12/site-packages/airflow/example_dags/plugins/workday.py
[2025-10-06T21:10:14.570+0000] {processor.py:927} WARNING - No viable dags retrieved from /home/airflow/.local/lib/python3.12/site-packages/airflow/example_dags/plugins/workday.py
[2025-10-06T21:10:14.588+0000] {processor.py:208} INFO - Processing /home/airflow/.local/lib/python3.12/site-packages/airflow/example_dags/plugins/workday.py took 0.033 seconds
[2025-10-06T21:10:46.051+0000] {processor.py:186} INFO - Started process (PID=2191) to work on /home/airflow/.local/lib/python3.12/site-packages/airflow/example_dags/plugins/workday.py
[2025-10-06T21:10:46.054+0000] {processor.py:914} INFO - Processing file /home/airflow/.local/lib/python3.12/site-packages/airflow/example_dags/plugins/workday.py for tasks to queue
[2025-10-06T21:10:46.061+0000] {logging_mixin.py:190} INFO - [2025-10-06T21:10:46.060+0000] {dagbag.py:588} INFO - Filling up the DagBag from /home/airflow/.local/lib/python3.12/site-packages/airflow/example_dags/plugins/workday.py
[2025-10-06T21:10:46.067+0000] {processor.py:927} WARNING - No viable dags retrieved from /home/airflow/.local/lib/python3.12/site-packages/airflow/example_dags/plugins/workday.py
[2025-10-06T21:10:46.100+0000] {processor.py:208} INFO - Processing /home/airflow/.local/lib/python3.12/site-packages/airflow/example_dags/plugins/workday.py took 0.064 seconds
[2025-10-06T21:11:16.212+0000] {processor.py:186} INFO - Started process (PID=2255) to work on /home/airflow/.local/lib/python3.12/site-packages/airflow/example_dags/plugins/workday.py
[2025-10-06T21:11:16.213+0000] {processor.py:914} INFO - Processing file /home/airflow/.local/lib/python3.12/site-packages/airflow/example_dags/plugins/workday.py for tasks to queue
[2025-10-06T21:11:16.215+0000] {logging_mixin.py:190} INFO - [2025-10-06T21:11:16.215+0000] {dagbag.py:588} INFO - Filling up the DagBag from /home/airflow/.local/lib/python3.12/site-packages/airflow/example_dags/plugins/workday.py
[2025-10-06T21:11:16.218+0000] {processor.py:927} WARNING - No viable dags retrieved from /home/airflow/.local/lib/python3.12/site-packages/airflow/example_dags/plugins/workday.py
[2025-10-06T21:11:16.232+0000] {processor.py:208} INFO - Processing /home/airflow/.local/lib/python3.12/site-packages/airflow/example_dags/plugins/workday.py took 0.027 seconds
[2025-10-06T21:11:46.950+0000] {processor.py:186} INFO - Started process (PID=2318) to work on /home/airflow/.local/lib/python3.12/site-packages/airflow/example_dags/plugins/workday.py
[2025-10-06T21:11:46.951+0000] {processor.py:914} INFO - Processing file /home/airflow/.local/lib/python3.12/site-packages/airflow/example_dags/plugins/workday.py for tasks to queue
[2025-10-06T21:11:46.955+0000] {logging_mixin.py:190} INFO - [2025-10-06T21:11:46.954+0000] {dagbag.py:588} INFO - Filling up the DagBag from /home/airflow/.local/lib/python3.12/site-packages/airflow/example_dags/plugins/workday.py
[2025-10-06T21:11:46.959+0000] {processor.py:927} WARNING - No viable dags retrieved from /home/airflow/.local/lib/python3.12/site-packages/airflow/example_dags/plugins/workday.py
[2025-10-06T21:11:46.977+0000] {processor.py:208} INFO - Processing /home/airflow/.local/lib/python3.12/site-packages/airflow/example_dags/plugins/workday.py took 0.035 seconds
[2025-10-06T21:12:17.453+0000] {processor.py:186} INFO - Started process (PID=2381) to work on /home/airflow/.local/lib/python3.12/site-packages/airflow/example_dags/plugins/workday.py
[2025-10-06T21:12:17.454+0000] {processor.py:914} INFO - Processing file /home/airflow/.local/lib/python3.12/site-packages/airflow/example_dags/plugins/workday.py for tasks to queue
[2025-10-06T21:12:17.458+0000] {logging_mixin.py:190} INFO - [2025-10-06T21:12:17.457+0000] {dagbag.py:588} INFO - Filling up the DagBag from /home/airflow/.local/lib/python3.12/site-packages/airflow/example_dags/plugins/workday.py
[2025-10-06T21:12:17.461+0000] {processor.py:927} WARNING - No viable dags retrieved from /home/airflow/.local/lib/python3.12/site-packages/airflow/example_dags/plugins/workday.py
[2025-10-06T21:12:17.476+0000] {processor.py:208} INFO - Processing /home/airflow/.local/lib/python3.12/site-packages/airflow/example_dags/plugins/workday.py took 0.031 seconds
[2025-10-06T21:12:57.492+0000] {processor.py:186} INFO - Started process (PID=2444) to work on /home/airflow/.local/lib/python3.12/site-packages/airflow/example_dags/plugins/workday.py
[2025-10-06T21:12:57.495+0000] {processor.py:914} INFO - Processing file /home/airflow/.local/lib/python3.12/site-packages/airflow/example_dags/plugins/workday.py for tasks to queue
[2025-10-06T21:12:57.499+0000] {logging_mixin.py:190} INFO - [2025-10-06T21:12:57.498+0000] {dagbag.py:588} INFO - Filling up the DagBag from /home/airflow/.local/lib/python3.12/site-packages/airflow/example_dags/plugins/workday.py
[2025-10-06T21:12:57.504+0000] {processor.py:927} WARNING - No viable dags retrieved from /home/airflow/.local/lib/python3.12/site-packages/airflow/example_dags/plugins/workday.py
[2025-10-06T21:12:57.529+0000] {processor.py:208} INFO - Processing /home/airflow/.local/lib/python3.12/site-packages/airflow/example_dags/plugins/workday.py took 0.052 seconds
[2025-10-06T21:13:27.618+0000] {processor.py:186} INFO - Started process (PID=2507) to work on /home/airflow/.local/lib/python3.12/site-packages/airflow/example_dags/plugins/workday.py
[2025-10-06T21:13:27.621+0000] {processor.py:914} INFO - Processing file /home/airflow/.local/lib/python3.12/site-packages/airflow/example_dags/plugins/workday.py for tasks to queue
[2025-10-06T21:13:27.637+0000] {logging_mixin.py:190} INFO - [2025-10-06T21:13:27.637+0000] {dagbag.py:588} INFO - Filling up the DagBag from /home/airflow/.local/lib/python3.12/site-packages/airflow/example_dags/plugins/workday.py
[2025-10-06T21:13:27.651+0000] {processor.py:927} WARNING - No viable dags retrieved from /home/airflow/.local/lib/python3.12/site-packages/airflow/example_dags/plugins/workday.py
[2025-10-06T21:13:27.699+0000] {processor.py:208} INFO - Processing /home/airflow/.local/lib/python3.12/site-packages/airflow/example_dags/plugins/workday.py took 0.093 seconds
[2025-10-06T21:13:59.095+0000] {processor.py:186} INFO - Started process (PID=2575) to work on /home/airflow/.local/lib/python3.12/site-packages/airflow/example_dags/plugins/workday.py
[2025-10-06T21:13:59.097+0000] {processor.py:914} INFO - Processing file /home/airflow/.local/lib/python3.12/site-packages/airflow/example_dags/plugins/workday.py for tasks to queue
[2025-10-06T21:13:59.102+0000] {logging_mixin.py:190} INFO - [2025-10-06T21:13:59.101+0000] {dagbag.py:588} INFO - Filling up the DagBag from /home/airflow/.local/lib/python3.12/site-packages/airflow/example_dags/plugins/workday.py
[2025-10-06T21:13:59.107+0000] {processor.py:927} WARNING - No viable dags retrieved from /home/airflow/.local/lib/python3.12/site-packages/airflow/example_dags/plugins/workday.py
[2025-10-06T21:13:59.139+0000] {processor.py:208} INFO - Processing /home/airflow/.local/lib/python3.12/site-packages/airflow/example_dags/plugins/workday.py took 0.056 seconds
[2025-10-06T21:14:29.447+0000] {processor.py:186} INFO - Started process (PID=2638) to work on /home/airflow/.local/lib/python3.12/site-packages/airflow/example_dags/plugins/workday.py
[2025-10-06T21:14:29.448+0000] {processor.py:914} INFO - Processing file /home/airflow/.local/lib/python3.12/site-packages/airflow/example_dags/plugins/workday.py for tasks to queue
[2025-10-06T21:14:29.452+0000] {logging_mixin.py:190} INFO - [2025-10-06T21:14:29.452+0000] {dagbag.py:588} INFO - Filling up the DagBag from /home/airflow/.local/lib/python3.12/site-packages/airflow/example_dags/plugins/workday.py
[2025-10-06T21:14:29.458+0000] {processor.py:927} WARNING - No viable dags retrieved from /home/airflow/.local/lib/python3.12/site-packages/airflow/example_dags/plugins/workday.py
[2025-10-06T21:14:29.482+0000] {processor.py:208} INFO - Processing /home/airflow/.local/lib/python3.12/site-packages/airflow/example_dags/plugins/workday.py took 0.045 seconds
[2025-10-06T21:15:00.676+0000] {processor.py:186} INFO - Started process (PID=2701) to work on /home/airflow/.local/lib/python3.12/site-packages/airflow/example_dags/plugins/workday.py
[2025-10-06T21:15:00.678+0000] {processor.py:914} INFO - Processing file /home/airflow/.local/lib/python3.12/site-packages/airflow/example_dags/plugins/workday.py for tasks to queue
[2025-10-06T21:15:00.685+0000] {logging_mixin.py:190} INFO - [2025-10-06T21:15:00.683+0000] {dagbag.py:588} INFO - Filling up the DagBag from /home/airflow/.local/lib/python3.12/site-packages/airflow/example_dags/plugins/workday.py
[2025-10-06T21:15:00.692+0000] {processor.py:927} WARNING - No viable dags retrieved from /home/airflow/.local/lib/python3.12/site-packages/airflow/example_dags/plugins/workday.py
[2025-10-06T21:15:00.714+0000] {processor.py:208} INFO - Processing /home/airflow/.local/lib/python3.12/site-packages/airflow/example_dags/plugins/workday.py took 0.049 seconds
[2025-10-06T21:15:31.478+0000] {processor.py:186} INFO - Started process (PID=2764) to work on /home/airflow/.local/lib/python3.12/site-packages/airflow/example_dags/plugins/workday.py
[2025-10-06T21:15:31.480+0000] {processor.py:914} INFO - Processing file /home/airflow/.local/lib/python3.12/site-packages/airflow/example_dags/plugins/workday.py for tasks to queue
[2025-10-06T21:15:31.483+0000] {logging_mixin.py:190} INFO - [2025-10-06T21:15:31.482+0000] {dagbag.py:588} INFO - Filling up the DagBag from /home/airflow/.local/lib/python3.12/site-packages/airflow/example_dags/plugins/workday.py
[2025-10-06T21:15:31.486+0000] {processor.py:927} WARNING - No viable dags retrieved from /home/airflow/.local/lib/python3.12/site-packages/airflow/example_dags/plugins/workday.py
[2025-10-06T21:15:31.499+0000] {processor.py:208} INFO - Processing /home/airflow/.local/lib/python3.12/site-packages/airflow/example_dags/plugins/workday.py took 0.027 seconds
[2025-10-06T21:16:02.313+0000] {processor.py:186} INFO - Started process (PID=2827) to work on /home/airflow/.local/lib/python3.12/site-packages/airflow/example_dags/plugins/workday.py
[2025-10-06T21:16:02.314+0000] {processor.py:914} INFO - Processing file /home/airflow/.local/lib/python3.12/site-packages/airflow/example_dags/plugins/workday.py for tasks to queue
[2025-10-06T21:16:02.318+0000] {logging_mixin.py:190} INFO - [2025-10-06T21:16:02.317+0000] {dagbag.py:588} INFO - Filling up the DagBag from /home/airflow/.local/lib/python3.12/site-packages/airflow/example_dags/plugins/workday.py
[2025-10-06T21:16:02.321+0000] {processor.py:927} WARNING - No viable dags retrieved from /home/airflow/.local/lib/python3.12/site-packages/airflow/example_dags/plugins/workday.py
[2025-10-06T21:16:02.336+0000] {processor.py:208} INFO - Processing /home/airflow/.local/lib/python3.12/site-packages/airflow/example_dags/plugins/workday.py took 0.032 seconds
[2025-10-06T21:16:32.972+0000] {processor.py:186} INFO - Started process (PID=2890) to work on /home/airflow/.local/lib/python3.12/site-packages/airflow/example_dags/plugins/workday.py
[2025-10-06T21:16:32.973+0000] {processor.py:914} INFO - Processing file /home/airflow/.local/lib/python3.12/site-packages/airflow/example_dags/plugins/workday.py for tasks to queue
[2025-10-06T21:16:32.976+0000] {logging_mixin.py:190} INFO - [2025-10-06T21:16:32.975+0000] {dagbag.py:588} INFO - Filling up the DagBag from /home/airflow/.local/lib/python3.12/site-packages/airflow/example_dags/plugins/workday.py
[2025-10-06T21:16:32.979+0000] {processor.py:927} WARNING - No viable dags retrieved from /home/airflow/.local/lib/python3.12/site-packages/airflow/example_dags/plugins/workday.py
[2025-10-06T21:16:32.997+0000] {processor.py:208} INFO - Processing /home/airflow/.local/lib/python3.12/site-packages/airflow/example_dags/plugins/workday.py took 0.031 seconds
[2025-10-06T21:17:03.878+0000] {processor.py:186} INFO - Started process (PID=2953) to work on /home/airflow/.local/lib/python3.12/site-packages/airflow/example_dags/plugins/workday.py
[2025-10-06T21:17:03.880+0000] {processor.py:914} INFO - Processing file /home/airflow/.local/lib/python3.12/site-packages/airflow/example_dags/plugins/workday.py for tasks to queue
[2025-10-06T21:17:03.885+0000] {logging_mixin.py:190} INFO - [2025-10-06T21:17:03.884+0000] {dagbag.py:588} INFO - Filling up the DagBag from /home/airflow/.local/lib/python3.12/site-packages/airflow/example_dags/plugins/workday.py
[2025-10-06T21:17:03.892+0000] {processor.py:927} WARNING - No viable dags retrieved from /home/airflow/.local/lib/python3.12/site-packages/airflow/example_dags/plugins/workday.py
[2025-10-06T21:17:03.910+0000] {processor.py:208} INFO - Processing /home/airflow/.local/lib/python3.12/site-packages/airflow/example_dags/plugins/workday.py took 0.044 seconds
[2025-10-06T21:17:35.537+0000] {processor.py:186} INFO - Started process (PID=3016) to work on /home/airflow/.local/lib/python3.12/site-packages/airflow/example_dags/plugins/workday.py
[2025-10-06T21:17:35.538+0000] {processor.py:914} INFO - Processing file /home/airflow/.local/lib/python3.12/site-packages/airflow/example_dags/plugins/workday.py for tasks to queue
[2025-10-06T21:17:35.542+0000] {logging_mixin.py:190} INFO - [2025-10-06T21:17:35.541+0000] {dagbag.py:588} INFO - Filling up the DagBag from /home/airflow/.local/lib/python3.12/site-packages/airflow/example_dags/plugins/workday.py
[2025-10-06T21:17:35.545+0000] {processor.py:927} WARNING - No viable dags retrieved from /home/airflow/.local/lib/python3.12/site-packages/airflow/example_dags/plugins/workday.py
[2025-10-06T21:17:35.560+0000] {processor.py:208} INFO - Processing /home/airflow/.local/lib/python3.12/site-packages/airflow/example_dags/plugins/workday.py took 0.030 seconds
[2025-10-06T21:18:06.414+0000] {processor.py:186} INFO - Started process (PID=3080) to work on /home/airflow/.local/lib/python3.12/site-packages/airflow/example_dags/plugins/workday.py
[2025-10-06T21:18:06.416+0000] {processor.py:914} INFO - Processing file /home/airflow/.local/lib/python3.12/site-packages/airflow/example_dags/plugins/workday.py for tasks to queue
[2025-10-06T21:18:06.421+0000] {logging_mixin.py:190} INFO - [2025-10-06T21:18:06.420+0000] {dagbag.py:588} INFO - Filling up the DagBag from /home/airflow/.local/lib/python3.12/site-packages/airflow/example_dags/plugins/workday.py
[2025-10-06T21:18:06.425+0000] {processor.py:927} WARNING - No viable dags retrieved from /home/airflow/.local/lib/python3.12/site-packages/airflow/example_dags/plugins/workday.py
[2025-10-06T21:18:06.442+0000] {processor.py:208} INFO - Processing /home/airflow/.local/lib/python3.12/site-packages/airflow/example_dags/plugins/workday.py took 0.036 seconds
[2025-10-06T21:20:23.321+0000] {processor.py:186} INFO - Started process (PID=3185) to work on /home/airflow/.local/lib/python3.12/site-packages/airflow/example_dags/plugins/workday.py
[2025-10-06T21:20:23.322+0000] {processor.py:914} INFO - Processing file /home/airflow/.local/lib/python3.12/site-packages/airflow/example_dags/plugins/workday.py for tasks to queue
[2025-10-06T21:20:23.324+0000] {logging_mixin.py:190} INFO - [2025-10-06T21:20:23.324+0000] {dagbag.py:588} INFO - Filling up the DagBag from /home/airflow/.local/lib/python3.12/site-packages/airflow/example_dags/plugins/workday.py
[2025-10-06T21:20:23.328+0000] {processor.py:927} WARNING - No viable dags retrieved from /home/airflow/.local/lib/python3.12/site-packages/airflow/example_dags/plugins/workday.py
[2025-10-06T21:20:23.344+0000] {processor.py:208} INFO - Processing /home/airflow/.local/lib/python3.12/site-packages/airflow/example_dags/plugins/workday.py took 0.030 seconds
[2025-10-06T21:20:53.680+0000] {processor.py:186} INFO - Started process (PID=3248) to work on /home/airflow/.local/lib/python3.12/site-packages/airflow/example_dags/plugins/workday.py
[2025-10-06T21:20:53.681+0000] {processor.py:914} INFO - Processing file /home/airflow/.local/lib/python3.12/site-packages/airflow/example_dags/plugins/workday.py for tasks to queue
[2025-10-06T21:20:53.683+0000] {logging_mixin.py:190} INFO - [2025-10-06T21:20:53.682+0000] {dagbag.py:588} INFO - Filling up the DagBag from /home/airflow/.local/lib/python3.12/site-packages/airflow/example_dags/plugins/workday.py
[2025-10-06T21:20:53.687+0000] {processor.py:927} WARNING - No viable dags retrieved from /home/airflow/.local/lib/python3.12/site-packages/airflow/example_dags/plugins/workday.py
[2025-10-06T21:20:53.704+0000] {processor.py:208} INFO - Processing /home/airflow/.local/lib/python3.12/site-packages/airflow/example_dags/plugins/workday.py took 0.031 seconds
[2025-10-06T21:21:24.989+0000] {processor.py:186} INFO - Started process (PID=3311) to work on /home/airflow/.local/lib/python3.12/site-packages/airflow/example_dags/plugins/workday.py
[2025-10-06T21:21:24.992+0000] {processor.py:914} INFO - Processing file /home/airflow/.local/lib/python3.12/site-packages/airflow/example_dags/plugins/workday.py for tasks to queue
[2025-10-06T21:21:24.995+0000] {logging_mixin.py:190} INFO - [2025-10-06T21:21:24.994+0000] {dagbag.py:588} INFO - Filling up the DagBag from /home/airflow/.local/lib/python3.12/site-packages/airflow/example_dags/plugins/workday.py
[2025-10-06T21:21:25.003+0000] {processor.py:927} WARNING - No viable dags retrieved from /home/airflow/.local/lib/python3.12/site-packages/airflow/example_dags/plugins/workday.py
[2025-10-06T21:21:25.035+0000] {processor.py:208} INFO - Processing /home/airflow/.local/lib/python3.12/site-packages/airflow/example_dags/plugins/workday.py took 0.062 seconds
[2025-10-06T21:21:55.329+0000] {processor.py:186} INFO - Started process (PID=3374) to work on /home/airflow/.local/lib/python3.12/site-packages/airflow/example_dags/plugins/workday.py
[2025-10-06T21:21:55.330+0000] {processor.py:914} INFO - Processing file /home/airflow/.local/lib/python3.12/site-packages/airflow/example_dags/plugins/workday.py for tasks to queue
[2025-10-06T21:21:55.332+0000] {logging_mixin.py:190} INFO - [2025-10-06T21:21:55.331+0000] {dagbag.py:588} INFO - Filling up the DagBag from /home/airflow/.local/lib/python3.12/site-packages/airflow/example_dags/plugins/workday.py
[2025-10-06T21:21:55.335+0000] {processor.py:927} WARNING - No viable dags retrieved from /home/airflow/.local/lib/python3.12/site-packages/airflow/example_dags/plugins/workday.py
[2025-10-06T21:21:55.349+0000] {processor.py:208} INFO - Processing /home/airflow/.local/lib/python3.12/site-packages/airflow/example_dags/plugins/workday.py took 0.028 seconds
[2025-10-06T21:22:25.986+0000] {processor.py:186} INFO - Started process (PID=3438) to work on /home/airflow/.local/lib/python3.12/site-packages/airflow/example_dags/plugins/workday.py
[2025-10-06T21:22:25.987+0000] {processor.py:914} INFO - Processing file /home/airflow/.local/lib/python3.12/site-packages/airflow/example_dags/plugins/workday.py for tasks to queue
[2025-10-06T21:22:25.988+0000] {logging_mixin.py:190} INFO - [2025-10-06T21:22:25.988+0000] {dagbag.py:588} INFO - Filling up the DagBag from /home/airflow/.local/lib/python3.12/site-packages/airflow/example_dags/plugins/workday.py
[2025-10-06T21:22:25.991+0000] {processor.py:927} WARNING - No viable dags retrieved from /home/airflow/.local/lib/python3.12/site-packages/airflow/example_dags/plugins/workday.py
[2025-10-06T21:22:26.006+0000] {processor.py:208} INFO - Processing /home/airflow/.local/lib/python3.12/site-packages/airflow/example_dags/plugins/workday.py took 0.028 seconds
[2025-10-06T21:22:57.246+0000] {processor.py:186} INFO - Started process (PID=3502) to work on /home/airflow/.local/lib/python3.12/site-packages/airflow/example_dags/plugins/workday.py
[2025-10-06T21:22:57.248+0000] {processor.py:914} INFO - Processing file /home/airflow/.local/lib/python3.12/site-packages/airflow/example_dags/plugins/workday.py for tasks to queue
[2025-10-06T21:22:57.249+0000] {logging_mixin.py:190} INFO - [2025-10-06T21:22:57.249+0000] {dagbag.py:588} INFO - Filling up the DagBag from /home/airflow/.local/lib/python3.12/site-packages/airflow/example_dags/plugins/workday.py
[2025-10-06T21:22:57.253+0000] {processor.py:927} WARNING - No viable dags retrieved from /home/airflow/.local/lib/python3.12/site-packages/airflow/example_dags/plugins/workday.py
[2025-10-06T21:22:57.267+0000] {processor.py:208} INFO - Processing /home/airflow/.local/lib/python3.12/site-packages/airflow/example_dags/plugins/workday.py took 0.029 seconds
[2025-10-06T21:23:28.735+0000] {processor.py:186} INFO - Started process (PID=3565) to work on /home/airflow/.local/lib/python3.12/site-packages/airflow/example_dags/plugins/workday.py
[2025-10-06T21:23:28.736+0000] {processor.py:914} INFO - Processing file /home/airflow/.local/lib/python3.12/site-packages/airflow/example_dags/plugins/workday.py for tasks to queue
[2025-10-06T21:23:28.738+0000] {logging_mixin.py:190} INFO - [2025-10-06T21:23:28.737+0000] {dagbag.py:588} INFO - Filling up the DagBag from /home/airflow/.local/lib/python3.12/site-packages/airflow/example_dags/plugins/workday.py
[2025-10-06T21:23:28.741+0000] {processor.py:927} WARNING - No viable dags retrieved from /home/airflow/.local/lib/python3.12/site-packages/airflow/example_dags/plugins/workday.py
[2025-10-06T21:23:28.756+0000] {processor.py:208} INFO - Processing /home/airflow/.local/lib/python3.12/site-packages/airflow/example_dags/plugins/workday.py took 0.031 seconds
[2025-10-06T21:23:59.940+0000] {processor.py:186} INFO - Started process (PID=3629) to work on /home/airflow/.local/lib/python3.12/site-packages/airflow/example_dags/plugins/workday.py
[2025-10-06T21:23:59.941+0000] {processor.py:914} INFO - Processing file /home/airflow/.local/lib/python3.12/site-packages/airflow/example_dags/plugins/workday.py for tasks to queue
[2025-10-06T21:23:59.944+0000] {logging_mixin.py:190} INFO - [2025-10-06T21:23:59.944+0000] {dagbag.py:588} INFO - Filling up the DagBag from /home/airflow/.local/lib/python3.12/site-packages/airflow/example_dags/plugins/workday.py
[2025-10-06T21:23:59.948+0000] {processor.py:927} WARNING - No viable dags retrieved from /home/airflow/.local/lib/python3.12/site-packages/airflow/example_dags/plugins/workday.py
[2025-10-06T21:23:59.965+0000] {processor.py:208} INFO - Processing /home/airflow/.local/lib/python3.12/site-packages/airflow/example_dags/plugins/workday.py took 0.037 seconds
[2025-10-06T21:24:33.279+0000] {processor.py:186} INFO - Started process (PID=3692) to work on /home/airflow/.local/lib/python3.12/site-packages/airflow/example_dags/plugins/workday.py
[2025-10-06T21:24:33.281+0000] {processor.py:914} INFO - Processing file /home/airflow/.local/lib/python3.12/site-packages/airflow/example_dags/plugins/workday.py for tasks to queue
[2025-10-06T21:24:33.283+0000] {logging_mixin.py:190} INFO - [2025-10-06T21:24:33.283+0000] {dagbag.py:588} INFO - Filling up the DagBag from /home/airflow/.local/lib/python3.12/site-packages/airflow/example_dags/plugins/workday.py
[2025-10-06T21:24:33.288+0000] {processor.py:927} WARNING - No viable dags retrieved from /home/airflow/.local/lib/python3.12/site-packages/airflow/example_dags/plugins/workday.py
[2025-10-06T21:24:33.308+0000] {processor.py:208} INFO - Processing /home/airflow/.local/lib/python3.12/site-packages/airflow/example_dags/plugins/workday.py took 0.041 seconds
[2025-10-06T21:25:04.138+0000] {processor.py:186} INFO - Started process (PID=3755) to work on /home/airflow/.local/lib/python3.12/site-packages/airflow/example_dags/plugins/workday.py
[2025-10-06T21:25:04.139+0000] {processor.py:914} INFO - Processing file /home/airflow/.local/lib/python3.12/site-packages/airflow/example_dags/plugins/workday.py for tasks to queue
[2025-10-06T21:25:04.141+0000] {logging_mixin.py:190} INFO - [2025-10-06T21:25:04.140+0000] {dagbag.py:588} INFO - Filling up the DagBag from /home/airflow/.local/lib/python3.12/site-packages/airflow/example_dags/plugins/workday.py
[2025-10-06T21:25:04.144+0000] {processor.py:927} WARNING - No viable dags retrieved from /home/airflow/.local/lib/python3.12/site-packages/airflow/example_dags/plugins/workday.py
[2025-10-06T21:25:04.162+0000] {processor.py:208} INFO - Processing /home/airflow/.local/lib/python3.12/site-packages/airflow/example_dags/plugins/workday.py took 0.032 seconds
[2025-10-06T21:25:35.242+0000] {processor.py:186} INFO - Started process (PID=3818) to work on /home/airflow/.local/lib/python3.12/site-packages/airflow/example_dags/plugins/workday.py
[2025-10-06T21:25:35.243+0000] {processor.py:914} INFO - Processing file /home/airflow/.local/lib/python3.12/site-packages/airflow/example_dags/plugins/workday.py for tasks to queue
[2025-10-06T21:25:35.245+0000] {logging_mixin.py:190} INFO - [2025-10-06T21:25:35.244+0000] {dagbag.py:588} INFO - Filling up the DagBag from /home/airflow/.local/lib/python3.12/site-packages/airflow/example_dags/plugins/workday.py
[2025-10-06T21:25:35.247+0000] {processor.py:927} WARNING - No viable dags retrieved from /home/airflow/.local/lib/python3.12/site-packages/airflow/example_dags/plugins/workday.py
[2025-10-06T21:25:35.261+0000] {processor.py:208} INFO - Processing /home/airflow/.local/lib/python3.12/site-packages/airflow/example_dags/plugins/workday.py took 0.027 seconds
[2025-10-06T21:26:05.941+0000] {processor.py:186} INFO - Started process (PID=3881) to work on /home/airflow/.local/lib/python3.12/site-packages/airflow/example_dags/plugins/workday.py
[2025-10-06T21:26:05.942+0000] {processor.py:914} INFO - Processing file /home/airflow/.local/lib/python3.12/site-packages/airflow/example_dags/plugins/workday.py for tasks to queue
[2025-10-06T21:26:05.943+0000] {logging_mixin.py:190} INFO - [2025-10-06T21:26:05.943+0000] {dagbag.py:588} INFO - Filling up the DagBag from /home/airflow/.local/lib/python3.12/site-packages/airflow/example_dags/plugins/workday.py
[2025-10-06T21:26:05.946+0000] {processor.py:927} WARNING - No viable dags retrieved from /home/airflow/.local/lib/python3.12/site-packages/airflow/example_dags/plugins/workday.py
[2025-10-06T21:26:05.962+0000] {processor.py:208} INFO - Processing /home/airflow/.local/lib/python3.12/site-packages/airflow/example_dags/plugins/workday.py took 0.028 seconds
[2025-10-06T21:26:38.535+0000] {processor.py:186} INFO - Started process (PID=3944) to work on /home/airflow/.local/lib/python3.12/site-packages/airflow/example_dags/plugins/workday.py
[2025-10-06T21:26:38.536+0000] {processor.py:914} INFO - Processing file /home/airflow/.local/lib/python3.12/site-packages/airflow/example_dags/plugins/workday.py for tasks to queue
[2025-10-06T21:26:38.538+0000] {logging_mixin.py:190} INFO - [2025-10-06T21:26:38.538+0000] {dagbag.py:588} INFO - Filling up the DagBag from /home/airflow/.local/lib/python3.12/site-packages/airflow/example_dags/plugins/workday.py
[2025-10-06T21:26:38.541+0000] {processor.py:927} WARNING - No viable dags retrieved from /home/airflow/.local/lib/python3.12/site-packages/airflow/example_dags/plugins/workday.py
[2025-10-06T21:26:38.554+0000] {processor.py:208} INFO - Processing /home/airflow/.local/lib/python3.12/site-packages/airflow/example_dags/plugins/workday.py took 0.027 seconds
[2025-10-06T21:27:09.563+0000] {processor.py:186} INFO - Started process (PID=4008) to work on /home/airflow/.local/lib/python3.12/site-packages/airflow/example_dags/plugins/workday.py
[2025-10-06T21:27:09.565+0000] {processor.py:914} INFO - Processing file /home/airflow/.local/lib/python3.12/site-packages/airflow/example_dags/plugins/workday.py for tasks to queue
[2025-10-06T21:27:09.566+0000] {logging_mixin.py:190} INFO - [2025-10-06T21:27:09.566+0000] {dagbag.py:588} INFO - Filling up the DagBag from /home/airflow/.local/lib/python3.12/site-packages/airflow/example_dags/plugins/workday.py
[2025-10-06T21:27:09.570+0000] {processor.py:927} WARNING - No viable dags retrieved from /home/airflow/.local/lib/python3.12/site-packages/airflow/example_dags/plugins/workday.py
[2025-10-06T21:27:09.586+0000] {processor.py:208} INFO - Processing /home/airflow/.local/lib/python3.12/site-packages/airflow/example_dags/plugins/workday.py took 0.030 seconds
[2025-10-06T21:27:41.706+0000] {processor.py:186} INFO - Started process (PID=4071) to work on /home/airflow/.local/lib/python3.12/site-packages/airflow/example_dags/plugins/workday.py
[2025-10-06T21:27:41.707+0000] {processor.py:914} INFO - Processing file /home/airflow/.local/lib/python3.12/site-packages/airflow/example_dags/plugins/workday.py for tasks to queue
[2025-10-06T21:27:41.709+0000] {logging_mixin.py:190} INFO - [2025-10-06T21:27:41.709+0000] {dagbag.py:588} INFO - Filling up the DagBag from /home/airflow/.local/lib/python3.12/site-packages/airflow/example_dags/plugins/workday.py
[2025-10-06T21:27:41.713+0000] {processor.py:927} WARNING - No viable dags retrieved from /home/airflow/.local/lib/python3.12/site-packages/airflow/example_dags/plugins/workday.py
[2025-10-06T21:27:41.728+0000] {processor.py:208} INFO - Processing /home/airflow/.local/lib/python3.12/site-packages/airflow/example_dags/plugins/workday.py took 0.028 seconds
[2025-10-06T21:28:12.484+0000] {processor.py:186} INFO - Started process (PID=4134) to work on /home/airflow/.local/lib/python3.12/site-packages/airflow/example_dags/plugins/workday.py
[2025-10-06T21:28:12.485+0000] {processor.py:914} INFO - Processing file /home/airflow/.local/lib/python3.12/site-packages/airflow/example_dags/plugins/workday.py for tasks to queue
[2025-10-06T21:28:12.486+0000] {logging_mixin.py:190} INFO - [2025-10-06T21:28:12.486+0000] {dagbag.py:588} INFO - Filling up the DagBag from /home/airflow/.local/lib/python3.12/site-packages/airflow/example_dags/plugins/workday.py
[2025-10-06T21:28:12.489+0000] {processor.py:927} WARNING - No viable dags retrieved from /home/airflow/.local/lib/python3.12/site-packages/airflow/example_dags/plugins/workday.py
[2025-10-06T21:28:12.506+0000] {processor.py:208} INFO - Processing /home/airflow/.local/lib/python3.12/site-packages/airflow/example_dags/plugins/workday.py took 0.029 seconds
[2025-10-06T21:28:44.511+0000] {processor.py:186} INFO - Started process (PID=4197) to work on /home/airflow/.local/lib/python3.12/site-packages/airflow/example_dags/plugins/workday.py
[2025-10-06T21:28:44.513+0000] {processor.py:914} INFO - Processing file /home/airflow/.local/lib/python3.12/site-packages/airflow/example_dags/plugins/workday.py for tasks to queue
[2025-10-06T21:28:44.514+0000] {logging_mixin.py:190} INFO - [2025-10-06T21:28:44.514+0000] {dagbag.py:588} INFO - Filling up the DagBag from /home/airflow/.local/lib/python3.12/site-packages/airflow/example_dags/plugins/workday.py
[2025-10-06T21:28:44.517+0000] {processor.py:927} WARNING - No viable dags retrieved from /home/airflow/.local/lib/python3.12/site-packages/airflow/example_dags/plugins/workday.py
[2025-10-06T21:28:44.539+0000] {processor.py:208} INFO - Processing /home/airflow/.local/lib/python3.12/site-packages/airflow/example_dags/plugins/workday.py took 0.034 seconds
[2025-10-06T21:29:16.371+0000] {processor.py:186} INFO - Started process (PID=4260) to work on /home/airflow/.local/lib/python3.12/site-packages/airflow/example_dags/plugins/workday.py
[2025-10-06T21:29:16.372+0000] {processor.py:914} INFO - Processing file /home/airflow/.local/lib/python3.12/site-packages/airflow/example_dags/plugins/workday.py for tasks to queue
[2025-10-06T21:29:16.374+0000] {logging_mixin.py:190} INFO - [2025-10-06T21:29:16.373+0000] {dagbag.py:588} INFO - Filling up the DagBag from /home/airflow/.local/lib/python3.12/site-packages/airflow/example_dags/plugins/workday.py
[2025-10-06T21:29:16.378+0000] {processor.py:927} WARNING - No viable dags retrieved from /home/airflow/.local/lib/python3.12/site-packages/airflow/example_dags/plugins/workday.py
[2025-10-06T21:29:16.399+0000] {processor.py:208} INFO - Processing /home/airflow/.local/lib/python3.12/site-packages/airflow/example_dags/plugins/workday.py took 0.037 seconds
[2025-10-06T21:29:47.185+0000] {processor.py:186} INFO - Started process (PID=4323) to work on /home/airflow/.local/lib/python3.12/site-packages/airflow/example_dags/plugins/workday.py
[2025-10-06T21:29:47.186+0000] {processor.py:914} INFO - Processing file /home/airflow/.local/lib/python3.12/site-packages/airflow/example_dags/plugins/workday.py for tasks to queue
[2025-10-06T21:29:47.188+0000] {logging_mixin.py:190} INFO - [2025-10-06T21:29:47.188+0000] {dagbag.py:588} INFO - Filling up the DagBag from /home/airflow/.local/lib/python3.12/site-packages/airflow/example_dags/plugins/workday.py
[2025-10-06T21:29:47.192+0000] {processor.py:927} WARNING - No viable dags retrieved from /home/airflow/.local/lib/python3.12/site-packages/airflow/example_dags/plugins/workday.py
[2025-10-06T21:29:47.212+0000] {processor.py:208} INFO - Processing /home/airflow/.local/lib/python3.12/site-packages/airflow/example_dags/plugins/workday.py took 0.035 seconds
[2025-10-06T21:30:20.516+0000] {processor.py:186} INFO - Started process (PID=4386) to work on /home/airflow/.local/lib/python3.12/site-packages/airflow/example_dags/plugins/workday.py
[2025-10-06T21:30:20.540+0000] {processor.py:914} INFO - Processing file /home/airflow/.local/lib/python3.12/site-packages/airflow/example_dags/plugins/workday.py for tasks to queue
[2025-10-06T21:30:20.546+0000] {logging_mixin.py:190} INFO - [2025-10-06T21:30:20.545+0000] {dagbag.py:588} INFO - Filling up the DagBag from /home/airflow/.local/lib/python3.12/site-packages/airflow/example_dags/plugins/workday.py
[2025-10-06T21:30:20.557+0000] {processor.py:927} WARNING - No viable dags retrieved from /home/airflow/.local/lib/python3.12/site-packages/airflow/example_dags/plugins/workday.py
[2025-10-06T21:30:20.603+0000] {processor.py:208} INFO - Processing /home/airflow/.local/lib/python3.12/site-packages/airflow/example_dags/plugins/workday.py took 0.114 seconds
[2025-10-06T21:30:52.069+0000] {processor.py:186} INFO - Started process (PID=4450) to work on /home/airflow/.local/lib/python3.12/site-packages/airflow/example_dags/plugins/workday.py
[2025-10-06T21:30:52.072+0000] {processor.py:914} INFO - Processing file /home/airflow/.local/lib/python3.12/site-packages/airflow/example_dags/plugins/workday.py for tasks to queue
[2025-10-06T21:30:52.075+0000] {logging_mixin.py:190} INFO - [2025-10-06T21:30:52.074+0000] {dagbag.py:588} INFO - Filling up the DagBag from /home/airflow/.local/lib/python3.12/site-packages/airflow/example_dags/plugins/workday.py
[2025-10-06T21:30:52.081+0000] {processor.py:927} WARNING - No viable dags retrieved from /home/airflow/.local/lib/python3.12/site-packages/airflow/example_dags/plugins/workday.py
[2025-10-06T21:30:52.104+0000] {processor.py:208} INFO - Processing /home/airflow/.local/lib/python3.12/site-packages/airflow/example_dags/plugins/workday.py took 0.044 seconds
[2025-10-06T21:31:22.544+0000] {processor.py:186} INFO - Started process (PID=4513) to work on /home/airflow/.local/lib/python3.12/site-packages/airflow/example_dags/plugins/workday.py
[2025-10-06T21:31:22.546+0000] {processor.py:914} INFO - Processing file /home/airflow/.local/lib/python3.12/site-packages/airflow/example_dags/plugins/workday.py for tasks to queue
[2025-10-06T21:31:22.549+0000] {logging_mixin.py:190} INFO - [2025-10-06T21:31:22.548+0000] {dagbag.py:588} INFO - Filling up the DagBag from /home/airflow/.local/lib/python3.12/site-packages/airflow/example_dags/plugins/workday.py
[2025-10-06T21:31:22.553+0000] {processor.py:927} WARNING - No viable dags retrieved from /home/airflow/.local/lib/python3.12/site-packages/airflow/example_dags/plugins/workday.py
[2025-10-06T21:31:22.577+0000] {processor.py:208} INFO - Processing /home/airflow/.local/lib/python3.12/site-packages/airflow/example_dags/plugins/workday.py took 0.042 seconds
[2025-10-06T21:31:56.147+0000] {processor.py:186} INFO - Started process (PID=4576) to work on /home/airflow/.local/lib/python3.12/site-packages/airflow/example_dags/plugins/workday.py
[2025-10-06T21:31:56.149+0000] {processor.py:914} INFO - Processing file /home/airflow/.local/lib/python3.12/site-packages/airflow/example_dags/plugins/workday.py for tasks to queue
[2025-10-06T21:31:56.152+0000] {logging_mixin.py:190} INFO - [2025-10-06T21:31:56.151+0000] {dagbag.py:588} INFO - Filling up the DagBag from /home/airflow/.local/lib/python3.12/site-packages/airflow/example_dags/plugins/workday.py
[2025-10-06T21:31:56.156+0000] {processor.py:927} WARNING - No viable dags retrieved from /home/airflow/.local/lib/python3.12/site-packages/airflow/example_dags/plugins/workday.py
[2025-10-06T21:31:56.174+0000] {processor.py:208} INFO - Processing /home/airflow/.local/lib/python3.12/site-packages/airflow/example_dags/plugins/workday.py took 0.037 seconds
[2025-10-06T21:32:28.098+0000] {processor.py:186} INFO - Started process (PID=4640) to work on /home/airflow/.local/lib/python3.12/site-packages/airflow/example_dags/plugins/workday.py
[2025-10-06T21:32:28.100+0000] {processor.py:914} INFO - Processing file /home/airflow/.local/lib/python3.12/site-packages/airflow/example_dags/plugins/workday.py for tasks to queue
[2025-10-06T21:32:28.102+0000] {logging_mixin.py:190} INFO - [2025-10-06T21:32:28.102+0000] {dagbag.py:588} INFO - Filling up the DagBag from /home/airflow/.local/lib/python3.12/site-packages/airflow/example_dags/plugins/workday.py
[2025-10-06T21:32:28.107+0000] {processor.py:927} WARNING - No viable dags retrieved from /home/airflow/.local/lib/python3.12/site-packages/airflow/example_dags/plugins/workday.py
[2025-10-06T21:32:28.128+0000] {processor.py:208} INFO - Processing /home/airflow/.local/lib/python3.12/site-packages/airflow/example_dags/plugins/workday.py took 0.039 seconds
[2025-10-06T21:32:59.498+0000] {processor.py:186} INFO - Started process (PID=4706) to work on /home/airflow/.local/lib/python3.12/site-packages/airflow/example_dags/plugins/workday.py
[2025-10-06T21:32:59.500+0000] {processor.py:914} INFO - Processing file /home/airflow/.local/lib/python3.12/site-packages/airflow/example_dags/plugins/workday.py for tasks to queue
[2025-10-06T21:32:59.503+0000] {logging_mixin.py:190} INFO - [2025-10-06T21:32:59.502+0000] {dagbag.py:588} INFO - Filling up the DagBag from /home/airflow/.local/lib/python3.12/site-packages/airflow/example_dags/plugins/workday.py
[2025-10-06T21:32:59.507+0000] {processor.py:927} WARNING - No viable dags retrieved from /home/airflow/.local/lib/python3.12/site-packages/airflow/example_dags/plugins/workday.py
[2025-10-06T21:32:59.528+0000] {processor.py:208} INFO - Processing /home/airflow/.local/lib/python3.12/site-packages/airflow/example_dags/plugins/workday.py took 0.038 seconds
[2025-10-06T21:33:31.926+0000] {processor.py:186} INFO - Started process (PID=4769) to work on /home/airflow/.local/lib/python3.12/site-packages/airflow/example_dags/plugins/workday.py
[2025-10-06T21:33:31.928+0000] {processor.py:914} INFO - Processing file /home/airflow/.local/lib/python3.12/site-packages/airflow/example_dags/plugins/workday.py for tasks to queue
[2025-10-06T21:33:31.930+0000] {logging_mixin.py:190} INFO - [2025-10-06T21:33:31.929+0000] {dagbag.py:588} INFO - Filling up the DagBag from /home/airflow/.local/lib/python3.12/site-packages/airflow/example_dags/plugins/workday.py
[2025-10-06T21:33:31.935+0000] {processor.py:927} WARNING - No viable dags retrieved from /home/airflow/.local/lib/python3.12/site-packages/airflow/example_dags/plugins/workday.py
[2025-10-06T21:33:31.959+0000] {processor.py:208} INFO - Processing /home/airflow/.local/lib/python3.12/site-packages/airflow/example_dags/plugins/workday.py took 0.040 seconds
[2025-10-06T21:34:02.170+0000] {processor.py:186} INFO - Started process (PID=4832) to work on /home/airflow/.local/lib/python3.12/site-packages/airflow/example_dags/plugins/workday.py
[2025-10-06T21:34:02.171+0000] {processor.py:914} INFO - Processing file /home/airflow/.local/lib/python3.12/site-packages/airflow/example_dags/plugins/workday.py for tasks to queue
[2025-10-06T21:34:02.173+0000] {logging_mixin.py:190} INFO - [2025-10-06T21:34:02.173+0000] {dagbag.py:588} INFO - Filling up the DagBag from /home/airflow/.local/lib/python3.12/site-packages/airflow/example_dags/plugins/workday.py
[2025-10-06T21:34:02.177+0000] {processor.py:927} WARNING - No viable dags retrieved from /home/airflow/.local/lib/python3.12/site-packages/airflow/example_dags/plugins/workday.py
[2025-10-06T21:34:02.193+0000] {processor.py:208} INFO - Processing /home/airflow/.local/lib/python3.12/site-packages/airflow/example_dags/plugins/workday.py took 0.031 seconds
[2025-10-06T21:34:33.422+0000] {processor.py:186} INFO - Started process (PID=4895) to work on /home/airflow/.local/lib/python3.12/site-packages/airflow/example_dags/plugins/workday.py
[2025-10-06T21:34:33.423+0000] {processor.py:914} INFO - Processing file /home/airflow/.local/lib/python3.12/site-packages/airflow/example_dags/plugins/workday.py for tasks to queue
[2025-10-06T21:34:33.425+0000] {logging_mixin.py:190} INFO - [2025-10-06T21:34:33.424+0000] {dagbag.py:588} INFO - Filling up the DagBag from /home/airflow/.local/lib/python3.12/site-packages/airflow/example_dags/plugins/workday.py
[2025-10-06T21:34:33.428+0000] {processor.py:927} WARNING - No viable dags retrieved from /home/airflow/.local/lib/python3.12/site-packages/airflow/example_dags/plugins/workday.py
[2025-10-06T21:34:33.444+0000] {processor.py:208} INFO - Processing /home/airflow/.local/lib/python3.12/site-packages/airflow/example_dags/plugins/workday.py took 0.029 seconds
[2025-10-06T21:35:04.453+0000] {processor.py:186} INFO - Started process (PID=4953) to work on /home/airflow/.local/lib/python3.12/site-packages/airflow/example_dags/plugins/workday.py
[2025-10-06T21:35:04.454+0000] {processor.py:914} INFO - Processing file /home/airflow/.local/lib/python3.12/site-packages/airflow/example_dags/plugins/workday.py for tasks to queue
[2025-10-06T21:35:04.455+0000] {logging_mixin.py:190} INFO - [2025-10-06T21:35:04.455+0000] {dagbag.py:588} INFO - Filling up the DagBag from /home/airflow/.local/lib/python3.12/site-packages/airflow/example_dags/plugins/workday.py
[2025-10-06T21:35:04.458+0000] {processor.py:927} WARNING - No viable dags retrieved from /home/airflow/.local/lib/python3.12/site-packages/airflow/example_dags/plugins/workday.py
[2025-10-06T21:35:04.472+0000] {processor.py:208} INFO - Processing /home/airflow/.local/lib/python3.12/site-packages/airflow/example_dags/plugins/workday.py took 0.026 seconds
[2025-10-06T21:35:36.321+0000] {processor.py:186} INFO - Started process (PID=5017) to work on /home/airflow/.local/lib/python3.12/site-packages/airflow/example_dags/plugins/workday.py
[2025-10-06T21:35:36.322+0000] {processor.py:914} INFO - Processing file /home/airflow/.local/lib/python3.12/site-packages/airflow/example_dags/plugins/workday.py for tasks to queue
[2025-10-06T21:35:36.324+0000] {logging_mixin.py:190} INFO - [2025-10-06T21:35:36.323+0000] {dagbag.py:588} INFO - Filling up the DagBag from /home/airflow/.local/lib/python3.12/site-packages/airflow/example_dags/plugins/workday.py
[2025-10-06T21:35:36.328+0000] {processor.py:927} WARNING - No viable dags retrieved from /home/airflow/.local/lib/python3.12/site-packages/airflow/example_dags/plugins/workday.py
[2025-10-06T21:35:36.344+0000] {processor.py:208} INFO - Processing /home/airflow/.local/lib/python3.12/site-packages/airflow/example_dags/plugins/workday.py took 0.031 seconds
[2025-10-06T21:37:19.442+0000] {processor.py:186} INFO - Started process (PID=5105) to work on /home/airflow/.local/lib/python3.12/site-packages/airflow/example_dags/plugins/workday.py
[2025-10-06T21:37:19.443+0000] {processor.py:914} INFO - Processing file /home/airflow/.local/lib/python3.12/site-packages/airflow/example_dags/plugins/workday.py for tasks to queue
[2025-10-06T21:37:19.445+0000] {logging_mixin.py:190} INFO - [2025-10-06T21:37:19.445+0000] {dagbag.py:588} INFO - Filling up the DagBag from /home/airflow/.local/lib/python3.12/site-packages/airflow/example_dags/plugins/workday.py
[2025-10-06T21:37:19.450+0000] {processor.py:927} WARNING - No viable dags retrieved from /home/airflow/.local/lib/python3.12/site-packages/airflow/example_dags/plugins/workday.py
[2025-10-06T21:37:19.473+0000] {processor.py:208} INFO - Processing /home/airflow/.local/lib/python3.12/site-packages/airflow/example_dags/plugins/workday.py took 0.041 seconds
[2025-10-06T21:37:51.714+0000] {processor.py:186} INFO - Started process (PID=5173) to work on /home/airflow/.local/lib/python3.12/site-packages/airflow/example_dags/plugins/workday.py
[2025-10-06T21:37:51.715+0000] {processor.py:914} INFO - Processing file /home/airflow/.local/lib/python3.12/site-packages/airflow/example_dags/plugins/workday.py for tasks to queue
[2025-10-06T21:37:51.718+0000] {logging_mixin.py:190} INFO - [2025-10-06T21:37:51.717+0000] {dagbag.py:588} INFO - Filling up the DagBag from /home/airflow/.local/lib/python3.12/site-packages/airflow/example_dags/plugins/workday.py
[2025-10-06T21:37:51.722+0000] {processor.py:927} WARNING - No viable dags retrieved from /home/airflow/.local/lib/python3.12/site-packages/airflow/example_dags/plugins/workday.py
[2025-10-06T21:37:51.740+0000] {processor.py:208} INFO - Processing /home/airflow/.local/lib/python3.12/site-packages/airflow/example_dags/plugins/workday.py took 0.037 seconds
[2025-10-06T21:38:23.466+0000] {processor.py:186} INFO - Started process (PID=5238) to work on /home/airflow/.local/lib/python3.12/site-packages/airflow/example_dags/plugins/workday.py
[2025-10-06T21:38:23.467+0000] {processor.py:914} INFO - Processing file /home/airflow/.local/lib/python3.12/site-packages/airflow/example_dags/plugins/workday.py for tasks to queue
[2025-10-06T21:38:23.469+0000] {logging_mixin.py:190} INFO - [2025-10-06T21:38:23.468+0000] {dagbag.py:588} INFO - Filling up the DagBag from /home/airflow/.local/lib/python3.12/site-packages/airflow/example_dags/plugins/workday.py
[2025-10-06T21:38:23.473+0000] {processor.py:927} WARNING - No viable dags retrieved from /home/airflow/.local/lib/python3.12/site-packages/airflow/example_dags/plugins/workday.py
[2025-10-06T21:38:23.487+0000] {processor.py:208} INFO - Processing /home/airflow/.local/lib/python3.12/site-packages/airflow/example_dags/plugins/workday.py took 0.028 seconds
[2025-10-06T21:38:55.277+0000] {processor.py:186} INFO - Started process (PID=5304) to work on /home/airflow/.local/lib/python3.12/site-packages/airflow/example_dags/plugins/workday.py
[2025-10-06T21:38:55.278+0000] {processor.py:914} INFO - Processing file /home/airflow/.local/lib/python3.12/site-packages/airflow/example_dags/plugins/workday.py for tasks to queue
[2025-10-06T21:38:55.280+0000] {logging_mixin.py:190} INFO - [2025-10-06T21:38:55.279+0000] {dagbag.py:588} INFO - Filling up the DagBag from /home/airflow/.local/lib/python3.12/site-packages/airflow/example_dags/plugins/workday.py
[2025-10-06T21:38:55.284+0000] {processor.py:927} WARNING - No viable dags retrieved from /home/airflow/.local/lib/python3.12/site-packages/airflow/example_dags/plugins/workday.py
[2025-10-06T21:38:55.299+0000] {processor.py:208} INFO - Processing /home/airflow/.local/lib/python3.12/site-packages/airflow/example_dags/plugins/workday.py took 0.031 seconds
[2025-10-06T21:39:28.013+0000] {processor.py:186} INFO - Started process (PID=5372) to work on /home/airflow/.local/lib/python3.12/site-packages/airflow/example_dags/plugins/workday.py
[2025-10-06T21:39:28.014+0000] {processor.py:914} INFO - Processing file /home/airflow/.local/lib/python3.12/site-packages/airflow/example_dags/plugins/workday.py for tasks to queue
[2025-10-06T21:39:28.016+0000] {logging_mixin.py:190} INFO - [2025-10-06T21:39:28.016+0000] {dagbag.py:588} INFO - Filling up the DagBag from /home/airflow/.local/lib/python3.12/site-packages/airflow/example_dags/plugins/workday.py
[2025-10-06T21:39:28.020+0000] {processor.py:927} WARNING - No viable dags retrieved from /home/airflow/.local/lib/python3.12/site-packages/airflow/example_dags/plugins/workday.py
[2025-10-06T21:39:28.035+0000] {processor.py:208} INFO - Processing /home/airflow/.local/lib/python3.12/site-packages/airflow/example_dags/plugins/workday.py took 0.030 seconds
[2025-10-06T21:40:00.439+0000] {processor.py:186} INFO - Started process (PID=5449) to work on /home/airflow/.local/lib/python3.12/site-packages/airflow/example_dags/plugins/workday.py
[2025-10-06T21:40:00.440+0000] {processor.py:914} INFO - Processing file /home/airflow/.local/lib/python3.12/site-packages/airflow/example_dags/plugins/workday.py for tasks to queue
[2025-10-06T21:40:00.441+0000] {logging_mixin.py:190} INFO - [2025-10-06T21:40:00.441+0000] {dagbag.py:588} INFO - Filling up the DagBag from /home/airflow/.local/lib/python3.12/site-packages/airflow/example_dags/plugins/workday.py
[2025-10-06T21:40:00.445+0000] {processor.py:927} WARNING - No viable dags retrieved from /home/airflow/.local/lib/python3.12/site-packages/airflow/example_dags/plugins/workday.py
[2025-10-06T21:40:00.462+0000] {processor.py:208} INFO - Processing /home/airflow/.local/lib/python3.12/site-packages/airflow/example_dags/plugins/workday.py took 0.029 seconds
[2025-10-06T21:40:33.033+0000] {processor.py:186} INFO - Started process (PID=5515) to work on /home/airflow/.local/lib/python3.12/site-packages/airflow/example_dags/plugins/workday.py
[2025-10-06T21:40:33.034+0000] {processor.py:914} INFO - Processing file /home/airflow/.local/lib/python3.12/site-packages/airflow/example_dags/plugins/workday.py for tasks to queue
[2025-10-06T21:40:33.036+0000] {logging_mixin.py:190} INFO - [2025-10-06T21:40:33.035+0000] {dagbag.py:588} INFO - Filling up the DagBag from /home/airflow/.local/lib/python3.12/site-packages/airflow/example_dags/plugins/workday.py
[2025-10-06T21:40:33.039+0000] {processor.py:927} WARNING - No viable dags retrieved from /home/airflow/.local/lib/python3.12/site-packages/airflow/example_dags/plugins/workday.py
[2025-10-06T21:40:33.055+0000] {processor.py:208} INFO - Processing /home/airflow/.local/lib/python3.12/site-packages/airflow/example_dags/plugins/workday.py took 0.030 seconds
[2025-10-06T21:41:04.077+0000] {processor.py:186} INFO - Started process (PID=5579) to work on /home/airflow/.local/lib/python3.12/site-packages/airflow/example_dags/plugins/workday.py
[2025-10-06T21:41:04.079+0000] {processor.py:914} INFO - Processing file /home/airflow/.local/lib/python3.12/site-packages/airflow/example_dags/plugins/workday.py for tasks to queue
[2025-10-06T21:41:04.081+0000] {logging_mixin.py:190} INFO - [2025-10-06T21:41:04.081+0000] {dagbag.py:588} INFO - Filling up the DagBag from /home/airflow/.local/lib/python3.12/site-packages/airflow/example_dags/plugins/workday.py
[2025-10-06T21:41:04.085+0000] {processor.py:927} WARNING - No viable dags retrieved from /home/airflow/.local/lib/python3.12/site-packages/airflow/example_dags/plugins/workday.py
[2025-10-06T21:41:04.107+0000] {processor.py:208} INFO - Processing /home/airflow/.local/lib/python3.12/site-packages/airflow/example_dags/plugins/workday.py took 0.037 seconds
[2025-10-06T21:41:35.653+0000] {processor.py:186} INFO - Started process (PID=5645) to work on /home/airflow/.local/lib/python3.12/site-packages/airflow/example_dags/plugins/workday.py
[2025-10-06T21:41:35.665+0000] {processor.py:914} INFO - Processing file /home/airflow/.local/lib/python3.12/site-packages/airflow/example_dags/plugins/workday.py for tasks to queue
[2025-10-06T21:41:35.670+0000] {logging_mixin.py:190} INFO - [2025-10-06T21:41:35.669+0000] {dagbag.py:588} INFO - Filling up the DagBag from /home/airflow/.local/lib/python3.12/site-packages/airflow/example_dags/plugins/workday.py
[2025-10-06T21:41:35.678+0000] {processor.py:927} WARNING - No viable dags retrieved from /home/airflow/.local/lib/python3.12/site-packages/airflow/example_dags/plugins/workday.py
[2025-10-06T21:41:35.706+0000] {processor.py:208} INFO - Processing /home/airflow/.local/lib/python3.12/site-packages/airflow/example_dags/plugins/workday.py took 0.075 seconds
[2025-10-06T21:42:11.250+0000] {processor.py:186} INFO - Started process (PID=5717) to work on /home/airflow/.local/lib/python3.12/site-packages/airflow/example_dags/plugins/workday.py
[2025-10-06T21:42:11.251+0000] {processor.py:914} INFO - Processing file /home/airflow/.local/lib/python3.12/site-packages/airflow/example_dags/plugins/workday.py for tasks to queue
[2025-10-06T21:42:11.252+0000] {logging_mixin.py:190} INFO - [2025-10-06T21:42:11.252+0000] {dagbag.py:588} INFO - Filling up the DagBag from /home/airflow/.local/lib/python3.12/site-packages/airflow/example_dags/plugins/workday.py
[2025-10-06T21:42:11.256+0000] {processor.py:927} WARNING - No viable dags retrieved from /home/airflow/.local/lib/python3.12/site-packages/airflow/example_dags/plugins/workday.py
[2025-10-06T21:42:11.280+0000] {processor.py:208} INFO - Processing /home/airflow/.local/lib/python3.12/site-packages/airflow/example_dags/plugins/workday.py took 0.037 seconds
[2025-10-06T21:42:42.062+0000] {processor.py:186} INFO - Started process (PID=5780) to work on /home/airflow/.local/lib/python3.12/site-packages/airflow/example_dags/plugins/workday.py
[2025-10-06T21:42:42.064+0000] {processor.py:914} INFO - Processing file /home/airflow/.local/lib/python3.12/site-packages/airflow/example_dags/plugins/workday.py for tasks to queue
[2025-10-06T21:42:42.066+0000] {logging_mixin.py:190} INFO - [2025-10-06T21:42:42.065+0000] {dagbag.py:588} INFO - Filling up the DagBag from /home/airflow/.local/lib/python3.12/site-packages/airflow/example_dags/plugins/workday.py
[2025-10-06T21:42:42.070+0000] {processor.py:927} WARNING - No viable dags retrieved from /home/airflow/.local/lib/python3.12/site-packages/airflow/example_dags/plugins/workday.py
[2025-10-06T21:42:42.086+0000] {processor.py:208} INFO - Processing /home/airflow/.local/lib/python3.12/site-packages/airflow/example_dags/plugins/workday.py took 0.031 seconds
[2025-10-06T21:43:13.723+0000] {processor.py:186} INFO - Started process (PID=5843) to work on /home/airflow/.local/lib/python3.12/site-packages/airflow/example_dags/plugins/workday.py
[2025-10-06T21:43:13.724+0000] {processor.py:914} INFO - Processing file /home/airflow/.local/lib/python3.12/site-packages/airflow/example_dags/plugins/workday.py for tasks to queue
[2025-10-06T21:43:13.725+0000] {logging_mixin.py:190} INFO - [2025-10-06T21:43:13.725+0000] {dagbag.py:588} INFO - Filling up the DagBag from /home/airflow/.local/lib/python3.12/site-packages/airflow/example_dags/plugins/workday.py
[2025-10-06T21:43:13.728+0000] {processor.py:927} WARNING - No viable dags retrieved from /home/airflow/.local/lib/python3.12/site-packages/airflow/example_dags/plugins/workday.py
[2025-10-06T21:43:13.743+0000] {processor.py:208} INFO - Processing /home/airflow/.local/lib/python3.12/site-packages/airflow/example_dags/plugins/workday.py took 0.027 seconds
[2025-10-06T21:43:46.833+0000] {processor.py:186} INFO - Started process (PID=5904) to work on /home/airflow/.local/lib/python3.12/site-packages/airflow/example_dags/plugins/workday.py
[2025-10-06T21:43:46.835+0000] {processor.py:914} INFO - Processing file /home/airflow/.local/lib/python3.12/site-packages/airflow/example_dags/plugins/workday.py for tasks to queue
[2025-10-06T21:43:46.838+0000] {logging_mixin.py:190} INFO - [2025-10-06T21:43:46.837+0000] {dagbag.py:588} INFO - Filling up the DagBag from /home/airflow/.local/lib/python3.12/site-packages/airflow/example_dags/plugins/workday.py
[2025-10-06T21:43:46.843+0000] {processor.py:927} WARNING - No viable dags retrieved from /home/airflow/.local/lib/python3.12/site-packages/airflow/example_dags/plugins/workday.py
[2025-10-06T21:43:46.877+0000] {processor.py:208} INFO - Processing /home/airflow/.local/lib/python3.12/site-packages/airflow/example_dags/plugins/workday.py took 0.057 seconds
[2025-10-06T21:44:17.843+0000] {processor.py:186} INFO - Started process (PID=5968) to work on /home/airflow/.local/lib/python3.12/site-packages/airflow/example_dags/plugins/workday.py
[2025-10-06T21:44:17.844+0000] {processor.py:914} INFO - Processing file /home/airflow/.local/lib/python3.12/site-packages/airflow/example_dags/plugins/workday.py for tasks to queue
[2025-10-06T21:44:17.845+0000] {logging_mixin.py:190} INFO - [2025-10-06T21:44:17.845+0000] {dagbag.py:588} INFO - Filling up the DagBag from /home/airflow/.local/lib/python3.12/site-packages/airflow/example_dags/plugins/workday.py
[2025-10-06T21:44:17.849+0000] {processor.py:927} WARNING - No viable dags retrieved from /home/airflow/.local/lib/python3.12/site-packages/airflow/example_dags/plugins/workday.py
[2025-10-06T21:44:17.863+0000] {processor.py:208} INFO - Processing /home/airflow/.local/lib/python3.12/site-packages/airflow/example_dags/plugins/workday.py took 0.027 seconds
[2025-10-06T21:44:48.774+0000] {processor.py:186} INFO - Started process (PID=6031) to work on /home/airflow/.local/lib/python3.12/site-packages/airflow/example_dags/plugins/workday.py
[2025-10-06T21:44:48.775+0000] {processor.py:914} INFO - Processing file /home/airflow/.local/lib/python3.12/site-packages/airflow/example_dags/plugins/workday.py for tasks to queue
[2025-10-06T21:44:48.778+0000] {logging_mixin.py:190} INFO - [2025-10-06T21:44:48.777+0000] {dagbag.py:588} INFO - Filling up the DagBag from /home/airflow/.local/lib/python3.12/site-packages/airflow/example_dags/plugins/workday.py
[2025-10-06T21:44:48.783+0000] {processor.py:927} WARNING - No viable dags retrieved from /home/airflow/.local/lib/python3.12/site-packages/airflow/example_dags/plugins/workday.py
[2025-10-06T21:44:48.804+0000] {processor.py:208} INFO - Processing /home/airflow/.local/lib/python3.12/site-packages/airflow/example_dags/plugins/workday.py took 0.040 seconds
[2025-10-06T21:45:20.095+0000] {processor.py:186} INFO - Started process (PID=6094) to work on /home/airflow/.local/lib/python3.12/site-packages/airflow/example_dags/plugins/workday.py
[2025-10-06T21:45:20.096+0000] {processor.py:914} INFO - Processing file /home/airflow/.local/lib/python3.12/site-packages/airflow/example_dags/plugins/workday.py for tasks to queue
[2025-10-06T21:45:20.098+0000] {logging_mixin.py:190} INFO - [2025-10-06T21:45:20.097+0000] {dagbag.py:588} INFO - Filling up the DagBag from /home/airflow/.local/lib/python3.12/site-packages/airflow/example_dags/plugins/workday.py
[2025-10-06T21:45:20.101+0000] {processor.py:927} WARNING - No viable dags retrieved from /home/airflow/.local/lib/python3.12/site-packages/airflow/example_dags/plugins/workday.py
[2025-10-06T21:45:20.117+0000] {processor.py:208} INFO - Processing /home/airflow/.local/lib/python3.12/site-packages/airflow/example_dags/plugins/workday.py took 0.030 seconds
[2025-10-06T21:45:52.367+0000] {processor.py:186} INFO - Started process (PID=6157) to work on /home/airflow/.local/lib/python3.12/site-packages/airflow/example_dags/plugins/workday.py
[2025-10-06T21:45:52.369+0000] {processor.py:914} INFO - Processing file /home/airflow/.local/lib/python3.12/site-packages/airflow/example_dags/plugins/workday.py for tasks to queue
[2025-10-06T21:45:52.370+0000] {logging_mixin.py:190} INFO - [2025-10-06T21:45:52.370+0000] {dagbag.py:588} INFO - Filling up the DagBag from /home/airflow/.local/lib/python3.12/site-packages/airflow/example_dags/plugins/workday.py
[2025-10-06T21:45:52.380+0000] {processor.py:927} WARNING - No viable dags retrieved from /home/airflow/.local/lib/python3.12/site-packages/airflow/example_dags/plugins/workday.py
[2025-10-06T21:45:52.398+0000] {processor.py:208} INFO - Processing /home/airflow/.local/lib/python3.12/site-packages/airflow/example_dags/plugins/workday.py took 0.038 seconds
[2025-10-06T21:46:23.953+0000] {processor.py:186} INFO - Started process (PID=6220) to work on /home/airflow/.local/lib/python3.12/site-packages/airflow/example_dags/plugins/workday.py
[2025-10-06T21:46:23.955+0000] {processor.py:914} INFO - Processing file /home/airflow/.local/lib/python3.12/site-packages/airflow/example_dags/plugins/workday.py for tasks to queue
[2025-10-06T21:46:23.958+0000] {logging_mixin.py:190} INFO - [2025-10-06T21:46:23.957+0000] {dagbag.py:588} INFO - Filling up the DagBag from /home/airflow/.local/lib/python3.12/site-packages/airflow/example_dags/plugins/workday.py
[2025-10-06T21:46:23.963+0000] {processor.py:927} WARNING - No viable dags retrieved from /home/airflow/.local/lib/python3.12/site-packages/airflow/example_dags/plugins/workday.py
[2025-10-06T21:46:23.978+0000] {processor.py:208} INFO - Processing /home/airflow/.local/lib/python3.12/site-packages/airflow/example_dags/plugins/workday.py took 0.033 seconds
[2025-10-06T21:46:57.771+0000] {processor.py:186} INFO - Started process (PID=6283) to work on /home/airflow/.local/lib/python3.12/site-packages/airflow/example_dags/plugins/workday.py
[2025-10-06T21:46:57.773+0000] {processor.py:914} INFO - Processing file /home/airflow/.local/lib/python3.12/site-packages/airflow/example_dags/plugins/workday.py for tasks to queue
[2025-10-06T21:46:57.778+0000] {logging_mixin.py:190} INFO - [2025-10-06T21:46:57.777+0000] {dagbag.py:588} INFO - Filling up the DagBag from /home/airflow/.local/lib/python3.12/site-packages/airflow/example_dags/plugins/workday.py
[2025-10-06T21:46:57.787+0000] {processor.py:927} WARNING - No viable dags retrieved from /home/airflow/.local/lib/python3.12/site-packages/airflow/example_dags/plugins/workday.py
[2025-10-06T21:46:57.822+0000] {processor.py:208} INFO - Processing /home/airflow/.local/lib/python3.12/site-packages/airflow/example_dags/plugins/workday.py took 0.069 seconds
[2025-10-06T21:47:28.729+0000] {processor.py:186} INFO - Started process (PID=6348) to work on /home/airflow/.local/lib/python3.12/site-packages/airflow/example_dags/plugins/workday.py
[2025-10-06T21:47:28.730+0000] {processor.py:914} INFO - Processing file /home/airflow/.local/lib/python3.12/site-packages/airflow/example_dags/plugins/workday.py for tasks to queue
[2025-10-06T21:47:28.733+0000] {logging_mixin.py:190} INFO - [2025-10-06T21:47:28.732+0000] {dagbag.py:588} INFO - Filling up the DagBag from /home/airflow/.local/lib/python3.12/site-packages/airflow/example_dags/plugins/workday.py
[2025-10-06T21:47:28.737+0000] {processor.py:927} WARNING - No viable dags retrieved from /home/airflow/.local/lib/python3.12/site-packages/airflow/example_dags/plugins/workday.py
[2025-10-06T21:47:28.754+0000] {processor.py:208} INFO - Processing /home/airflow/.local/lib/python3.12/site-packages/airflow/example_dags/plugins/workday.py took 0.036 seconds
[2025-10-06T21:47:59.200+0000] {processor.py:186} INFO - Started process (PID=6411) to work on /home/airflow/.local/lib/python3.12/site-packages/airflow/example_dags/plugins/workday.py
[2025-10-06T21:47:59.202+0000] {processor.py:914} INFO - Processing file /home/airflow/.local/lib/python3.12/site-packages/airflow/example_dags/plugins/workday.py for tasks to queue
[2025-10-06T21:47:59.204+0000] {logging_mixin.py:190} INFO - [2025-10-06T21:47:59.204+0000] {dagbag.py:588} INFO - Filling up the DagBag from /home/airflow/.local/lib/python3.12/site-packages/airflow/example_dags/plugins/workday.py
[2025-10-06T21:47:59.209+0000] {processor.py:927} WARNING - No viable dags retrieved from /home/airflow/.local/lib/python3.12/site-packages/airflow/example_dags/plugins/workday.py
[2025-10-06T21:47:59.227+0000] {processor.py:208} INFO - Processing /home/airflow/.local/lib/python3.12/site-packages/airflow/example_dags/plugins/workday.py took 0.037 seconds
[2025-10-06T21:48:31.081+0000] {processor.py:186} INFO - Started process (PID=6474) to work on /home/airflow/.local/lib/python3.12/site-packages/airflow/example_dags/plugins/workday.py
[2025-10-06T21:48:31.082+0000] {processor.py:914} INFO - Processing file /home/airflow/.local/lib/python3.12/site-packages/airflow/example_dags/plugins/workday.py for tasks to queue
[2025-10-06T21:48:31.085+0000] {logging_mixin.py:190} INFO - [2025-10-06T21:48:31.084+0000] {dagbag.py:588} INFO - Filling up the DagBag from /home/airflow/.local/lib/python3.12/site-packages/airflow/example_dags/plugins/workday.py
[2025-10-06T21:48:31.089+0000] {processor.py:927} WARNING - No viable dags retrieved from /home/airflow/.local/lib/python3.12/site-packages/airflow/example_dags/plugins/workday.py
[2025-10-06T21:48:31.107+0000] {processor.py:208} INFO - Processing /home/airflow/.local/lib/python3.12/site-packages/airflow/example_dags/plugins/workday.py took 0.034 seconds
[2025-10-06T21:49:02.945+0000] {processor.py:186} INFO - Started process (PID=6537) to work on /home/airflow/.local/lib/python3.12/site-packages/airflow/example_dags/plugins/workday.py
[2025-10-06T21:49:02.946+0000] {processor.py:914} INFO - Processing file /home/airflow/.local/lib/python3.12/site-packages/airflow/example_dags/plugins/workday.py for tasks to queue
[2025-10-06T21:49:02.950+0000] {logging_mixin.py:190} INFO - [2025-10-06T21:49:02.949+0000] {dagbag.py:588} INFO - Filling up the DagBag from /home/airflow/.local/lib/python3.12/site-packages/airflow/example_dags/plugins/workday.py
[2025-10-06T21:49:02.953+0000] {processor.py:927} WARNING - No viable dags retrieved from /home/airflow/.local/lib/python3.12/site-packages/airflow/example_dags/plugins/workday.py
[2025-10-06T21:49:02.970+0000] {processor.py:208} INFO - Processing /home/airflow/.local/lib/python3.12/site-packages/airflow/example_dags/plugins/workday.py took 0.031 seconds
[2025-10-06T21:49:35.472+0000] {processor.py:186} INFO - Started process (PID=6600) to work on /home/airflow/.local/lib/python3.12/site-packages/airflow/example_dags/plugins/workday.py
[2025-10-06T21:49:35.473+0000] {processor.py:914} INFO - Processing file /home/airflow/.local/lib/python3.12/site-packages/airflow/example_dags/plugins/workday.py for tasks to queue
[2025-10-06T21:49:35.474+0000] {logging_mixin.py:190} INFO - [2025-10-06T21:49:35.474+0000] {dagbag.py:588} INFO - Filling up the DagBag from /home/airflow/.local/lib/python3.12/site-packages/airflow/example_dags/plugins/workday.py
[2025-10-06T21:49:35.477+0000] {processor.py:927} WARNING - No viable dags retrieved from /home/airflow/.local/lib/python3.12/site-packages/airflow/example_dags/plugins/workday.py
[2025-10-06T21:49:35.492+0000] {processor.py:208} INFO - Processing /home/airflow/.local/lib/python3.12/site-packages/airflow/example_dags/plugins/workday.py took 0.027 seconds
[2025-10-06T21:51:34.420+0000] {processor.py:186} INFO - Started process (PID=118) to work on /home/airflow/.local/lib/python3.12/site-packages/airflow/example_dags/plugins/workday.py
[2025-10-06T21:51:34.422+0000] {processor.py:914} INFO - Processing file /home/airflow/.local/lib/python3.12/site-packages/airflow/example_dags/plugins/workday.py for tasks to queue
[2025-10-06T21:51:34.426+0000] {logging_mixin.py:190} INFO - [2025-10-06T21:51:34.425+0000] {dagbag.py:588} INFO - Filling up the DagBag from /home/airflow/.local/lib/python3.12/site-packages/airflow/example_dags/plugins/workday.py
[2025-10-06T21:51:34.430+0000] {processor.py:927} WARNING - No viable dags retrieved from /home/airflow/.local/lib/python3.12/site-packages/airflow/example_dags/plugins/workday.py
[2025-10-06T21:51:34.449+0000] {processor.py:208} INFO - Processing /home/airflow/.local/lib/python3.12/site-packages/airflow/example_dags/plugins/workday.py took 0.037 seconds
[2025-10-06T21:52:04.822+0000] {processor.py:186} INFO - Started process (PID=181) to work on /home/airflow/.local/lib/python3.12/site-packages/airflow/example_dags/plugins/workday.py
[2025-10-06T21:52:04.824+0000] {processor.py:914} INFO - Processing file /home/airflow/.local/lib/python3.12/site-packages/airflow/example_dags/plugins/workday.py for tasks to queue
[2025-10-06T21:52:04.828+0000] {logging_mixin.py:190} INFO - [2025-10-06T21:52:04.827+0000] {dagbag.py:588} INFO - Filling up the DagBag from /home/airflow/.local/lib/python3.12/site-packages/airflow/example_dags/plugins/workday.py
[2025-10-06T21:52:04.831+0000] {processor.py:927} WARNING - No viable dags retrieved from /home/airflow/.local/lib/python3.12/site-packages/airflow/example_dags/plugins/workday.py
[2025-10-06T21:52:04.852+0000] {processor.py:208} INFO - Processing /home/airflow/.local/lib/python3.12/site-packages/airflow/example_dags/plugins/workday.py took 0.037 seconds
[2025-10-06T21:52:35.717+0000] {processor.py:186} INFO - Started process (PID=244) to work on /home/airflow/.local/lib/python3.12/site-packages/airflow/example_dags/plugins/workday.py
[2025-10-06T21:52:35.719+0000] {processor.py:914} INFO - Processing file /home/airflow/.local/lib/python3.12/site-packages/airflow/example_dags/plugins/workday.py for tasks to queue
[2025-10-06T21:52:35.724+0000] {logging_mixin.py:190} INFO - [2025-10-06T21:52:35.723+0000] {dagbag.py:588} INFO - Filling up the DagBag from /home/airflow/.local/lib/python3.12/site-packages/airflow/example_dags/plugins/workday.py
[2025-10-06T21:52:35.730+0000] {processor.py:927} WARNING - No viable dags retrieved from /home/airflow/.local/lib/python3.12/site-packages/airflow/example_dags/plugins/workday.py
[2025-10-06T21:52:35.755+0000] {processor.py:208} INFO - Processing /home/airflow/.local/lib/python3.12/site-packages/airflow/example_dags/plugins/workday.py took 0.050 seconds
[2025-10-06T21:53:07.369+0000] {processor.py:186} INFO - Started process (PID=309) to work on /home/airflow/.local/lib/python3.12/site-packages/airflow/example_dags/plugins/workday.py
[2025-10-06T21:53:07.371+0000] {processor.py:914} INFO - Processing file /home/airflow/.local/lib/python3.12/site-packages/airflow/example_dags/plugins/workday.py for tasks to queue
[2025-10-06T21:53:07.374+0000] {logging_mixin.py:190} INFO - [2025-10-06T21:53:07.374+0000] {dagbag.py:588} INFO - Filling up the DagBag from /home/airflow/.local/lib/python3.12/site-packages/airflow/example_dags/plugins/workday.py
[2025-10-06T21:53:07.378+0000] {processor.py:927} WARNING - No viable dags retrieved from /home/airflow/.local/lib/python3.12/site-packages/airflow/example_dags/plugins/workday.py
[2025-10-06T21:53:07.399+0000] {processor.py:208} INFO - Processing /home/airflow/.local/lib/python3.12/site-packages/airflow/example_dags/plugins/workday.py took 0.039 seconds
[2025-10-06T21:53:37.828+0000] {processor.py:186} INFO - Started process (PID=372) to work on /home/airflow/.local/lib/python3.12/site-packages/airflow/example_dags/plugins/workday.py
[2025-10-06T21:53:37.830+0000] {processor.py:914} INFO - Processing file /home/airflow/.local/lib/python3.12/site-packages/airflow/example_dags/plugins/workday.py for tasks to queue
[2025-10-06T21:53:37.834+0000] {logging_mixin.py:190} INFO - [2025-10-06T21:53:37.834+0000] {dagbag.py:588} INFO - Filling up the DagBag from /home/airflow/.local/lib/python3.12/site-packages/airflow/example_dags/plugins/workday.py
[2025-10-06T21:53:37.838+0000] {processor.py:927} WARNING - No viable dags retrieved from /home/airflow/.local/lib/python3.12/site-packages/airflow/example_dags/plugins/workday.py
[2025-10-06T21:53:37.853+0000] {processor.py:208} INFO - Processing /home/airflow/.local/lib/python3.12/site-packages/airflow/example_dags/plugins/workday.py took 0.033 seconds
[2025-10-06T21:54:10.050+0000] {processor.py:186} INFO - Started process (PID=435) to work on /home/airflow/.local/lib/python3.12/site-packages/airflow/example_dags/plugins/workday.py
[2025-10-06T21:54:10.052+0000] {processor.py:914} INFO - Processing file /home/airflow/.local/lib/python3.12/site-packages/airflow/example_dags/plugins/workday.py for tasks to queue
[2025-10-06T21:54:10.058+0000] {logging_mixin.py:190} INFO - [2025-10-06T21:54:10.057+0000] {dagbag.py:588} INFO - Filling up the DagBag from /home/airflow/.local/lib/python3.12/site-packages/airflow/example_dags/plugins/workday.py
[2025-10-06T21:54:10.064+0000] {processor.py:927} WARNING - No viable dags retrieved from /home/airflow/.local/lib/python3.12/site-packages/airflow/example_dags/plugins/workday.py
[2025-10-06T21:54:10.093+0000] {processor.py:208} INFO - Processing /home/airflow/.local/lib/python3.12/site-packages/airflow/example_dags/plugins/workday.py took 0.057 seconds
[2025-10-06T21:54:40.792+0000] {processor.py:186} INFO - Started process (PID=492) to work on /home/airflow/.local/lib/python3.12/site-packages/airflow/example_dags/plugins/workday.py
[2025-10-06T21:54:40.795+0000] {processor.py:914} INFO - Processing file /home/airflow/.local/lib/python3.12/site-packages/airflow/example_dags/plugins/workday.py for tasks to queue
[2025-10-06T21:54:40.800+0000] {logging_mixin.py:190} INFO - [2025-10-06T21:54:40.799+0000] {dagbag.py:588} INFO - Filling up the DagBag from /home/airflow/.local/lib/python3.12/site-packages/airflow/example_dags/plugins/workday.py
[2025-10-06T21:54:40.804+0000] {processor.py:927} WARNING - No viable dags retrieved from /home/airflow/.local/lib/python3.12/site-packages/airflow/example_dags/plugins/workday.py
[2025-10-06T21:54:40.833+0000] {processor.py:208} INFO - Processing /home/airflow/.local/lib/python3.12/site-packages/airflow/example_dags/plugins/workday.py took 0.051 seconds
[2025-10-06T21:55:12.464+0000] {processor.py:186} INFO - Started process (PID=555) to work on /home/airflow/.local/lib/python3.12/site-packages/airflow/example_dags/plugins/workday.py
[2025-10-06T21:55:12.466+0000] {processor.py:914} INFO - Processing file /home/airflow/.local/lib/python3.12/site-packages/airflow/example_dags/plugins/workday.py for tasks to queue
[2025-10-06T21:55:12.470+0000] {logging_mixin.py:190} INFO - [2025-10-06T21:55:12.470+0000] {dagbag.py:588} INFO - Filling up the DagBag from /home/airflow/.local/lib/python3.12/site-packages/airflow/example_dags/plugins/workday.py
[2025-10-06T21:55:12.474+0000] {processor.py:927} WARNING - No viable dags retrieved from /home/airflow/.local/lib/python3.12/site-packages/airflow/example_dags/plugins/workday.py
[2025-10-06T21:55:12.498+0000] {processor.py:208} INFO - Processing /home/airflow/.local/lib/python3.12/site-packages/airflow/example_dags/plugins/workday.py took 0.044 seconds
[2025-10-06T21:55:42.848+0000] {processor.py:186} INFO - Started process (PID=618) to work on /home/airflow/.local/lib/python3.12/site-packages/airflow/example_dags/plugins/workday.py
[2025-10-06T21:55:42.849+0000] {processor.py:914} INFO - Processing file /home/airflow/.local/lib/python3.12/site-packages/airflow/example_dags/plugins/workday.py for tasks to queue
[2025-10-06T21:55:42.852+0000] {logging_mixin.py:190} INFO - [2025-10-06T21:55:42.851+0000] {dagbag.py:588} INFO - Filling up the DagBag from /home/airflow/.local/lib/python3.12/site-packages/airflow/example_dags/plugins/workday.py
[2025-10-06T21:55:42.855+0000] {processor.py:927} WARNING - No viable dags retrieved from /home/airflow/.local/lib/python3.12/site-packages/airflow/example_dags/plugins/workday.py
[2025-10-06T21:55:42.869+0000] {processor.py:208} INFO - Processing /home/airflow/.local/lib/python3.12/site-packages/airflow/example_dags/plugins/workday.py took 0.028 seconds
[2025-10-06T21:56:14.509+0000] {processor.py:186} INFO - Started process (PID=681) to work on /home/airflow/.local/lib/python3.12/site-packages/airflow/example_dags/plugins/workday.py
[2025-10-06T21:56:14.510+0000] {processor.py:914} INFO - Processing file /home/airflow/.local/lib/python3.12/site-packages/airflow/example_dags/plugins/workday.py for tasks to queue
[2025-10-06T21:56:14.514+0000] {logging_mixin.py:190} INFO - [2025-10-06T21:56:14.513+0000] {dagbag.py:588} INFO - Filling up the DagBag from /home/airflow/.local/lib/python3.12/site-packages/airflow/example_dags/plugins/workday.py
[2025-10-06T21:56:14.518+0000] {processor.py:927} WARNING - No viable dags retrieved from /home/airflow/.local/lib/python3.12/site-packages/airflow/example_dags/plugins/workday.py
[2025-10-06T21:56:14.535+0000] {processor.py:208} INFO - Processing /home/airflow/.local/lib/python3.12/site-packages/airflow/example_dags/plugins/workday.py took 0.034 seconds
[2025-10-06T21:56:46.820+0000] {processor.py:186} INFO - Started process (PID=744) to work on /home/airflow/.local/lib/python3.12/site-packages/airflow/example_dags/plugins/workday.py
[2025-10-06T21:56:46.822+0000] {processor.py:914} INFO - Processing file /home/airflow/.local/lib/python3.12/site-packages/airflow/example_dags/plugins/workday.py for tasks to queue
[2025-10-06T21:56:46.824+0000] {logging_mixin.py:190} INFO - [2025-10-06T21:56:46.824+0000] {dagbag.py:588} INFO - Filling up the DagBag from /home/airflow/.local/lib/python3.12/site-packages/airflow/example_dags/plugins/workday.py
[2025-10-06T21:56:46.827+0000] {processor.py:927} WARNING - No viable dags retrieved from /home/airflow/.local/lib/python3.12/site-packages/airflow/example_dags/plugins/workday.py
[2025-10-06T21:56:46.842+0000] {processor.py:208} INFO - Processing /home/airflow/.local/lib/python3.12/site-packages/airflow/example_dags/plugins/workday.py took 0.029 seconds
[2025-10-06T21:57:19.135+0000] {processor.py:186} INFO - Started process (PID=808) to work on /home/airflow/.local/lib/python3.12/site-packages/airflow/example_dags/plugins/workday.py
[2025-10-06T21:57:19.136+0000] {processor.py:914} INFO - Processing file /home/airflow/.local/lib/python3.12/site-packages/airflow/example_dags/plugins/workday.py for tasks to queue
[2025-10-06T21:57:19.139+0000] {logging_mixin.py:190} INFO - [2025-10-06T21:57:19.139+0000] {dagbag.py:588} INFO - Filling up the DagBag from /home/airflow/.local/lib/python3.12/site-packages/airflow/example_dags/plugins/workday.py
[2025-10-06T21:57:19.144+0000] {processor.py:927} WARNING - No viable dags retrieved from /home/airflow/.local/lib/python3.12/site-packages/airflow/example_dags/plugins/workday.py
[2025-10-06T21:57:19.160+0000] {processor.py:208} INFO - Processing /home/airflow/.local/lib/python3.12/site-packages/airflow/example_dags/plugins/workday.py took 0.032 seconds
[2025-10-06T21:57:49.934+0000] {processor.py:186} INFO - Started process (PID=871) to work on /home/airflow/.local/lib/python3.12/site-packages/airflow/example_dags/plugins/workday.py
[2025-10-06T21:57:49.935+0000] {processor.py:914} INFO - Processing file /home/airflow/.local/lib/python3.12/site-packages/airflow/example_dags/plugins/workday.py for tasks to queue
[2025-10-06T21:57:49.938+0000] {logging_mixin.py:190} INFO - [2025-10-06T21:57:49.938+0000] {dagbag.py:588} INFO - Filling up the DagBag from /home/airflow/.local/lib/python3.12/site-packages/airflow/example_dags/plugins/workday.py
[2025-10-06T21:57:49.941+0000] {processor.py:927} WARNING - No viable dags retrieved from /home/airflow/.local/lib/python3.12/site-packages/airflow/example_dags/plugins/workday.py
[2025-10-06T21:57:49.956+0000] {processor.py:208} INFO - Processing /home/airflow/.local/lib/python3.12/site-packages/airflow/example_dags/plugins/workday.py took 0.028 seconds
[2025-10-06T21:58:23.009+0000] {processor.py:186} INFO - Started process (PID=935) to work on /home/airflow/.local/lib/python3.12/site-packages/airflow/example_dags/plugins/workday.py
[2025-10-06T21:58:23.010+0000] {processor.py:914} INFO - Processing file /home/airflow/.local/lib/python3.12/site-packages/airflow/example_dags/plugins/workday.py for tasks to queue
[2025-10-06T21:58:23.013+0000] {logging_mixin.py:190} INFO - [2025-10-06T21:58:23.013+0000] {dagbag.py:588} INFO - Filling up the DagBag from /home/airflow/.local/lib/python3.12/site-packages/airflow/example_dags/plugins/workday.py
[2025-10-06T21:58:23.016+0000] {processor.py:927} WARNING - No viable dags retrieved from /home/airflow/.local/lib/python3.12/site-packages/airflow/example_dags/plugins/workday.py
[2025-10-06T21:58:23.030+0000] {processor.py:208} INFO - Processing /home/airflow/.local/lib/python3.12/site-packages/airflow/example_dags/plugins/workday.py took 0.027 seconds
[2025-10-06T21:58:53.581+0000] {processor.py:186} INFO - Started process (PID=998) to work on /home/airflow/.local/lib/python3.12/site-packages/airflow/example_dags/plugins/workday.py
[2025-10-06T21:58:53.582+0000] {processor.py:914} INFO - Processing file /home/airflow/.local/lib/python3.12/site-packages/airflow/example_dags/plugins/workday.py for tasks to queue
[2025-10-06T21:58:53.585+0000] {logging_mixin.py:190} INFO - [2025-10-06T21:58:53.585+0000] {dagbag.py:588} INFO - Filling up the DagBag from /home/airflow/.local/lib/python3.12/site-packages/airflow/example_dags/plugins/workday.py
[2025-10-06T21:58:53.588+0000] {processor.py:927} WARNING - No viable dags retrieved from /home/airflow/.local/lib/python3.12/site-packages/airflow/example_dags/plugins/workday.py
[2025-10-06T21:58:53.605+0000] {processor.py:208} INFO - Processing /home/airflow/.local/lib/python3.12/site-packages/airflow/example_dags/plugins/workday.py took 0.031 seconds
[2025-10-06T21:59:25.428+0000] {processor.py:186} INFO - Started process (PID=1061) to work on /home/airflow/.local/lib/python3.12/site-packages/airflow/example_dags/plugins/workday.py
[2025-10-06T21:59:25.429+0000] {processor.py:914} INFO - Processing file /home/airflow/.local/lib/python3.12/site-packages/airflow/example_dags/plugins/workday.py for tasks to queue
[2025-10-06T21:59:25.433+0000] {logging_mixin.py:190} INFO - [2025-10-06T21:59:25.432+0000] {dagbag.py:588} INFO - Filling up the DagBag from /home/airflow/.local/lib/python3.12/site-packages/airflow/example_dags/plugins/workday.py
[2025-10-06T21:59:25.435+0000] {processor.py:927} WARNING - No viable dags retrieved from /home/airflow/.local/lib/python3.12/site-packages/airflow/example_dags/plugins/workday.py
[2025-10-06T21:59:25.451+0000] {processor.py:208} INFO - Processing /home/airflow/.local/lib/python3.12/site-packages/airflow/example_dags/plugins/workday.py took 0.030 seconds
[2025-10-06T22:00:00.078+0000] {processor.py:186} INFO - Started process (PID=1124) to work on /home/airflow/.local/lib/python3.12/site-packages/airflow/example_dags/plugins/workday.py
[2025-10-06T22:00:00.080+0000] {processor.py:914} INFO - Processing file /home/airflow/.local/lib/python3.12/site-packages/airflow/example_dags/plugins/workday.py for tasks to queue
[2025-10-06T22:00:00.084+0000] {logging_mixin.py:190} INFO - [2025-10-06T22:00:00.083+0000] {dagbag.py:588} INFO - Filling up the DagBag from /home/airflow/.local/lib/python3.12/site-packages/airflow/example_dags/plugins/workday.py
[2025-10-06T22:00:00.088+0000] {processor.py:927} WARNING - No viable dags retrieved from /home/airflow/.local/lib/python3.12/site-packages/airflow/example_dags/plugins/workday.py
[2025-10-06T22:00:00.107+0000] {processor.py:208} INFO - Processing /home/airflow/.local/lib/python3.12/site-packages/airflow/example_dags/plugins/workday.py took 0.037 seconds
[2025-10-06T22:00:30.986+0000] {processor.py:186} INFO - Started process (PID=1188) to work on /home/airflow/.local/lib/python3.12/site-packages/airflow/example_dags/plugins/workday.py
[2025-10-06T22:00:30.993+0000] {processor.py:914} INFO - Processing file /home/airflow/.local/lib/python3.12/site-packages/airflow/example_dags/plugins/workday.py for tasks to queue
[2025-10-06T22:00:30.996+0000] {logging_mixin.py:190} INFO - [2025-10-06T22:00:30.996+0000] {dagbag.py:588} INFO - Filling up the DagBag from /home/airflow/.local/lib/python3.12/site-packages/airflow/example_dags/plugins/workday.py
[2025-10-06T22:00:31.000+0000] {processor.py:927} WARNING - No viable dags retrieved from /home/airflow/.local/lib/python3.12/site-packages/airflow/example_dags/plugins/workday.py
[2025-10-06T22:00:31.025+0000] {processor.py:208} INFO - Processing /home/airflow/.local/lib/python3.12/site-packages/airflow/example_dags/plugins/workday.py took 0.047 seconds
[2025-10-06T22:01:02.437+0000] {processor.py:186} INFO - Started process (PID=1251) to work on /home/airflow/.local/lib/python3.12/site-packages/airflow/example_dags/plugins/workday.py
[2025-10-06T22:01:02.438+0000] {processor.py:914} INFO - Processing file /home/airflow/.local/lib/python3.12/site-packages/airflow/example_dags/plugins/workday.py for tasks to queue
[2025-10-06T22:01:02.441+0000] {logging_mixin.py:190} INFO - [2025-10-06T22:01:02.440+0000] {dagbag.py:588} INFO - Filling up the DagBag from /home/airflow/.local/lib/python3.12/site-packages/airflow/example_dags/plugins/workday.py
[2025-10-06T22:01:02.444+0000] {processor.py:927} WARNING - No viable dags retrieved from /home/airflow/.local/lib/python3.12/site-packages/airflow/example_dags/plugins/workday.py
[2025-10-06T22:01:02.459+0000] {processor.py:208} INFO - Processing /home/airflow/.local/lib/python3.12/site-packages/airflow/example_dags/plugins/workday.py took 0.029 seconds
[2025-10-06T22:01:33.122+0000] {processor.py:186} INFO - Started process (PID=1314) to work on /home/airflow/.local/lib/python3.12/site-packages/airflow/example_dags/plugins/workday.py
[2025-10-06T22:01:33.123+0000] {processor.py:914} INFO - Processing file /home/airflow/.local/lib/python3.12/site-packages/airflow/example_dags/plugins/workday.py for tasks to queue
[2025-10-06T22:01:33.128+0000] {logging_mixin.py:190} INFO - [2025-10-06T22:01:33.127+0000] {dagbag.py:588} INFO - Filling up the DagBag from /home/airflow/.local/lib/python3.12/site-packages/airflow/example_dags/plugins/workday.py
[2025-10-06T22:01:33.132+0000] {processor.py:927} WARNING - No viable dags retrieved from /home/airflow/.local/lib/python3.12/site-packages/airflow/example_dags/plugins/workday.py
[2025-10-06T22:01:33.149+0000] {processor.py:208} INFO - Processing /home/airflow/.local/lib/python3.12/site-packages/airflow/example_dags/plugins/workday.py took 0.034 seconds
[2025-10-06T22:02:03.608+0000] {processor.py:186} INFO - Started process (PID=1377) to work on /home/airflow/.local/lib/python3.12/site-packages/airflow/example_dags/plugins/workday.py
[2025-10-06T22:02:03.609+0000] {processor.py:914} INFO - Processing file /home/airflow/.local/lib/python3.12/site-packages/airflow/example_dags/plugins/workday.py for tasks to queue
[2025-10-06T22:02:03.612+0000] {logging_mixin.py:190} INFO - [2025-10-06T22:02:03.612+0000] {dagbag.py:588} INFO - Filling up the DagBag from /home/airflow/.local/lib/python3.12/site-packages/airflow/example_dags/plugins/workday.py
[2025-10-06T22:02:03.615+0000] {processor.py:927} WARNING - No viable dags retrieved from /home/airflow/.local/lib/python3.12/site-packages/airflow/example_dags/plugins/workday.py
[2025-10-06T22:02:03.631+0000] {processor.py:208} INFO - Processing /home/airflow/.local/lib/python3.12/site-packages/airflow/example_dags/plugins/workday.py took 0.029 seconds
[2025-10-06T22:02:35.943+0000] {processor.py:186} INFO - Started process (PID=1440) to work on /home/airflow/.local/lib/python3.12/site-packages/airflow/example_dags/plugins/workday.py
[2025-10-06T22:02:35.944+0000] {processor.py:914} INFO - Processing file /home/airflow/.local/lib/python3.12/site-packages/airflow/example_dags/plugins/workday.py for tasks to queue
[2025-10-06T22:02:35.947+0000] {logging_mixin.py:190} INFO - [2025-10-06T22:02:35.947+0000] {dagbag.py:588} INFO - Filling up the DagBag from /home/airflow/.local/lib/python3.12/site-packages/airflow/example_dags/plugins/workday.py
[2025-10-06T22:02:35.951+0000] {processor.py:927} WARNING - No viable dags retrieved from /home/airflow/.local/lib/python3.12/site-packages/airflow/example_dags/plugins/workday.py
[2025-10-06T22:02:35.969+0000] {processor.py:208} INFO - Processing /home/airflow/.local/lib/python3.12/site-packages/airflow/example_dags/plugins/workday.py took 0.034 seconds
[2025-10-06T22:03:09.474+0000] {processor.py:186} INFO - Started process (PID=1503) to work on /home/airflow/.local/lib/python3.12/site-packages/airflow/example_dags/plugins/workday.py
[2025-10-06T22:03:09.475+0000] {processor.py:914} INFO - Processing file /home/airflow/.local/lib/python3.12/site-packages/airflow/example_dags/plugins/workday.py for tasks to queue
[2025-10-06T22:03:09.478+0000] {logging_mixin.py:190} INFO - [2025-10-06T22:03:09.478+0000] {dagbag.py:588} INFO - Filling up the DagBag from /home/airflow/.local/lib/python3.12/site-packages/airflow/example_dags/plugins/workday.py
[2025-10-06T22:03:09.481+0000] {processor.py:927} WARNING - No viable dags retrieved from /home/airflow/.local/lib/python3.12/site-packages/airflow/example_dags/plugins/workday.py
[2025-10-06T22:03:09.496+0000] {processor.py:208} INFO - Processing /home/airflow/.local/lib/python3.12/site-packages/airflow/example_dags/plugins/workday.py took 0.029 seconds
[2025-10-06T22:03:46.897+0000] {processor.py:186} INFO - Started process (PID=1572) to work on /home/airflow/.local/lib/python3.12/site-packages/airflow/example_dags/plugins/workday.py
[2025-10-06T22:03:46.900+0000] {processor.py:914} INFO - Processing file /home/airflow/.local/lib/python3.12/site-packages/airflow/example_dags/plugins/workday.py for tasks to queue
[2025-10-06T22:03:46.906+0000] {logging_mixin.py:190} INFO - [2025-10-06T22:03:46.905+0000] {dagbag.py:588} INFO - Filling up the DagBag from /home/airflow/.local/lib/python3.12/site-packages/airflow/example_dags/plugins/workday.py
[2025-10-06T22:03:46.913+0000] {processor.py:927} WARNING - No viable dags retrieved from /home/airflow/.local/lib/python3.12/site-packages/airflow/example_dags/plugins/workday.py
[2025-10-06T22:03:46.949+0000] {processor.py:208} INFO - Processing /home/airflow/.local/lib/python3.12/site-packages/airflow/example_dags/plugins/workday.py took 0.067 seconds
[2025-10-06T22:04:18.732+0000] {processor.py:186} INFO - Started process (PID=1636) to work on /home/airflow/.local/lib/python3.12/site-packages/airflow/example_dags/plugins/workday.py
[2025-10-06T22:04:18.735+0000] {processor.py:914} INFO - Processing file /home/airflow/.local/lib/python3.12/site-packages/airflow/example_dags/plugins/workday.py for tasks to queue
[2025-10-06T22:04:18.741+0000] {logging_mixin.py:190} INFO - [2025-10-06T22:04:18.740+0000] {dagbag.py:588} INFO - Filling up the DagBag from /home/airflow/.local/lib/python3.12/site-packages/airflow/example_dags/plugins/workday.py
[2025-10-06T22:04:18.748+0000] {processor.py:927} WARNING - No viable dags retrieved from /home/airflow/.local/lib/python3.12/site-packages/airflow/example_dags/plugins/workday.py
[2025-10-06T22:04:18.784+0000] {processor.py:208} INFO - Processing /home/airflow/.local/lib/python3.12/site-packages/airflow/example_dags/plugins/workday.py took 0.068 seconds
[2025-10-06T22:04:50.999+0000] {processor.py:186} INFO - Started process (PID=1699) to work on /home/airflow/.local/lib/python3.12/site-packages/airflow/example_dags/plugins/workday.py
[2025-10-06T22:04:51.003+0000] {processor.py:914} INFO - Processing file /home/airflow/.local/lib/python3.12/site-packages/airflow/example_dags/plugins/workday.py for tasks to queue
[2025-10-06T22:04:51.012+0000] {logging_mixin.py:190} INFO - [2025-10-06T22:04:51.011+0000] {dagbag.py:588} INFO - Filling up the DagBag from /home/airflow/.local/lib/python3.12/site-packages/airflow/example_dags/plugins/workday.py
[2025-10-06T22:04:51.022+0000] {processor.py:927} WARNING - No viable dags retrieved from /home/airflow/.local/lib/python3.12/site-packages/airflow/example_dags/plugins/workday.py
[2025-10-06T22:04:51.073+0000] {processor.py:208} INFO - Processing /home/airflow/.local/lib/python3.12/site-packages/airflow/example_dags/plugins/workday.py took 0.094 seconds
[2025-10-06T22:05:22.177+0000] {processor.py:186} INFO - Started process (PID=1762) to work on /home/airflow/.local/lib/python3.12/site-packages/airflow/example_dags/plugins/workday.py
[2025-10-06T22:05:22.180+0000] {processor.py:914} INFO - Processing file /home/airflow/.local/lib/python3.12/site-packages/airflow/example_dags/plugins/workday.py for tasks to queue
[2025-10-06T22:05:22.186+0000] {logging_mixin.py:190} INFO - [2025-10-06T22:05:22.185+0000] {dagbag.py:588} INFO - Filling up the DagBag from /home/airflow/.local/lib/python3.12/site-packages/airflow/example_dags/plugins/workday.py
[2025-10-06T22:05:22.192+0000] {processor.py:927} WARNING - No viable dags retrieved from /home/airflow/.local/lib/python3.12/site-packages/airflow/example_dags/plugins/workday.py
[2025-10-06T22:05:22.223+0000] {processor.py:208} INFO - Processing /home/airflow/.local/lib/python3.12/site-packages/airflow/example_dags/plugins/workday.py took 0.058 seconds
[2025-10-06T22:05:53.454+0000] {processor.py:186} INFO - Started process (PID=1825) to work on /home/airflow/.local/lib/python3.12/site-packages/airflow/example_dags/plugins/workday.py
[2025-10-06T22:05:53.457+0000] {processor.py:914} INFO - Processing file /home/airflow/.local/lib/python3.12/site-packages/airflow/example_dags/plugins/workday.py for tasks to queue
[2025-10-06T22:05:53.464+0000] {logging_mixin.py:190} INFO - [2025-10-06T22:05:53.463+0000] {dagbag.py:588} INFO - Filling up the DagBag from /home/airflow/.local/lib/python3.12/site-packages/airflow/example_dags/plugins/workday.py
[2025-10-06T22:05:53.477+0000] {processor.py:927} WARNING - No viable dags retrieved from /home/airflow/.local/lib/python3.12/site-packages/airflow/example_dags/plugins/workday.py
[2025-10-06T22:05:53.532+0000] {processor.py:208} INFO - Processing /home/airflow/.local/lib/python3.12/site-packages/airflow/example_dags/plugins/workday.py took 0.094 seconds
[2025-10-06T22:06:25.880+0000] {processor.py:186} INFO - Started process (PID=1888) to work on /home/airflow/.local/lib/python3.12/site-packages/airflow/example_dags/plugins/workday.py
[2025-10-06T22:06:25.883+0000] {processor.py:914} INFO - Processing file /home/airflow/.local/lib/python3.12/site-packages/airflow/example_dags/plugins/workday.py for tasks to queue
[2025-10-06T22:06:25.889+0000] {logging_mixin.py:190} INFO - [2025-10-06T22:06:25.888+0000] {dagbag.py:588} INFO - Filling up the DagBag from /home/airflow/.local/lib/python3.12/site-packages/airflow/example_dags/plugins/workday.py
[2025-10-06T22:06:25.897+0000] {processor.py:927} WARNING - No viable dags retrieved from /home/airflow/.local/lib/python3.12/site-packages/airflow/example_dags/plugins/workday.py
[2025-10-06T22:06:25.934+0000] {processor.py:208} INFO - Processing /home/airflow/.local/lib/python3.12/site-packages/airflow/example_dags/plugins/workday.py took 0.067 seconds
[2025-10-06T22:06:57.323+0000] {processor.py:186} INFO - Started process (PID=1951) to work on /home/airflow/.local/lib/python3.12/site-packages/airflow/example_dags/plugins/workday.py
[2025-10-06T22:06:57.325+0000] {processor.py:914} INFO - Processing file /home/airflow/.local/lib/python3.12/site-packages/airflow/example_dags/plugins/workday.py for tasks to queue
[2025-10-06T22:06:57.332+0000] {logging_mixin.py:190} INFO - [2025-10-06T22:06:57.331+0000] {dagbag.py:588} INFO - Filling up the DagBag from /home/airflow/.local/lib/python3.12/site-packages/airflow/example_dags/plugins/workday.py
[2025-10-06T22:06:57.338+0000] {processor.py:927} WARNING - No viable dags retrieved from /home/airflow/.local/lib/python3.12/site-packages/airflow/example_dags/plugins/workday.py
[2025-10-06T22:06:57.377+0000] {processor.py:208} INFO - Processing /home/airflow/.local/lib/python3.12/site-packages/airflow/example_dags/plugins/workday.py took 0.071 seconds
[2025-10-06T22:07:30.101+0000] {processor.py:186} INFO - Started process (PID=2014) to work on /home/airflow/.local/lib/python3.12/site-packages/airflow/example_dags/plugins/workday.py
[2025-10-06T22:07:30.103+0000] {processor.py:914} INFO - Processing file /home/airflow/.local/lib/python3.12/site-packages/airflow/example_dags/plugins/workday.py for tasks to queue
[2025-10-06T22:07:30.110+0000] {logging_mixin.py:190} INFO - [2025-10-06T22:07:30.109+0000] {dagbag.py:588} INFO - Filling up the DagBag from /home/airflow/.local/lib/python3.12/site-packages/airflow/example_dags/plugins/workday.py
[2025-10-06T22:07:30.116+0000] {processor.py:927} WARNING - No viable dags retrieved from /home/airflow/.local/lib/python3.12/site-packages/airflow/example_dags/plugins/workday.py
[2025-10-06T22:07:30.145+0000] {processor.py:208} INFO - Processing /home/airflow/.local/lib/python3.12/site-packages/airflow/example_dags/plugins/workday.py took 0.061 seconds
[2025-10-06T22:08:02.248+0000] {processor.py:186} INFO - Started process (PID=2078) to work on /home/airflow/.local/lib/python3.12/site-packages/airflow/example_dags/plugins/workday.py
[2025-10-06T22:08:02.250+0000] {processor.py:914} INFO - Processing file /home/airflow/.local/lib/python3.12/site-packages/airflow/example_dags/plugins/workday.py for tasks to queue
[2025-10-06T22:08:02.257+0000] {logging_mixin.py:190} INFO - [2025-10-06T22:08:02.256+0000] {dagbag.py:588} INFO - Filling up the DagBag from /home/airflow/.local/lib/python3.12/site-packages/airflow/example_dags/plugins/workday.py
[2025-10-06T22:08:02.264+0000] {processor.py:927} WARNING - No viable dags retrieved from /home/airflow/.local/lib/python3.12/site-packages/airflow/example_dags/plugins/workday.py
[2025-10-06T22:08:02.301+0000] {processor.py:208} INFO - Processing /home/airflow/.local/lib/python3.12/site-packages/airflow/example_dags/plugins/workday.py took 0.070 seconds
[2025-10-06T22:08:35.409+0000] {processor.py:186} INFO - Started process (PID=2141) to work on /home/airflow/.local/lib/python3.12/site-packages/airflow/example_dags/plugins/workday.py
[2025-10-06T22:08:35.412+0000] {processor.py:914} INFO - Processing file /home/airflow/.local/lib/python3.12/site-packages/airflow/example_dags/plugins/workday.py for tasks to queue
[2025-10-06T22:08:35.417+0000] {logging_mixin.py:190} INFO - [2025-10-06T22:08:35.416+0000] {dagbag.py:588} INFO - Filling up the DagBag from /home/airflow/.local/lib/python3.12/site-packages/airflow/example_dags/plugins/workday.py
[2025-10-06T22:08:35.424+0000] {processor.py:927} WARNING - No viable dags retrieved from /home/airflow/.local/lib/python3.12/site-packages/airflow/example_dags/plugins/workday.py
[2025-10-06T22:08:35.466+0000] {processor.py:208} INFO - Processing /home/airflow/.local/lib/python3.12/site-packages/airflow/example_dags/plugins/workday.py took 0.074 seconds
[2025-10-06T22:09:06.802+0000] {processor.py:186} INFO - Started process (PID=2203) to work on /home/airflow/.local/lib/python3.12/site-packages/airflow/example_dags/plugins/workday.py
[2025-10-06T22:09:06.805+0000] {processor.py:914} INFO - Processing file /home/airflow/.local/lib/python3.12/site-packages/airflow/example_dags/plugins/workday.py for tasks to queue
[2025-10-06T22:09:06.810+0000] {logging_mixin.py:190} INFO - [2025-10-06T22:09:06.810+0000] {dagbag.py:588} INFO - Filling up the DagBag from /home/airflow/.local/lib/python3.12/site-packages/airflow/example_dags/plugins/workday.py
[2025-10-06T22:09:06.817+0000] {processor.py:927} WARNING - No viable dags retrieved from /home/airflow/.local/lib/python3.12/site-packages/airflow/example_dags/plugins/workday.py
[2025-10-06T22:09:06.845+0000] {processor.py:208} INFO - Processing /home/airflow/.local/lib/python3.12/site-packages/airflow/example_dags/plugins/workday.py took 0.056 seconds
[2025-10-06T22:09:38.877+0000] {processor.py:186} INFO - Started process (PID=2266) to work on /home/airflow/.local/lib/python3.12/site-packages/airflow/example_dags/plugins/workday.py
[2025-10-06T22:09:38.881+0000] {processor.py:914} INFO - Processing file /home/airflow/.local/lib/python3.12/site-packages/airflow/example_dags/plugins/workday.py for tasks to queue
[2025-10-06T22:09:38.888+0000] {logging_mixin.py:190} INFO - [2025-10-06T22:09:38.887+0000] {dagbag.py:588} INFO - Filling up the DagBag from /home/airflow/.local/lib/python3.12/site-packages/airflow/example_dags/plugins/workday.py
[2025-10-06T22:09:38.895+0000] {processor.py:927} WARNING - No viable dags retrieved from /home/airflow/.local/lib/python3.12/site-packages/airflow/example_dags/plugins/workday.py
[2025-10-06T22:09:38.928+0000] {processor.py:208} INFO - Processing /home/airflow/.local/lib/python3.12/site-packages/airflow/example_dags/plugins/workday.py took 0.065 seconds
[2025-10-06T22:10:10.773+0000] {processor.py:186} INFO - Started process (PID=2329) to work on /home/airflow/.local/lib/python3.12/site-packages/airflow/example_dags/plugins/workday.py
[2025-10-06T22:10:10.776+0000] {processor.py:914} INFO - Processing file /home/airflow/.local/lib/python3.12/site-packages/airflow/example_dags/plugins/workday.py for tasks to queue
[2025-10-06T22:10:10.786+0000] {logging_mixin.py:190} INFO - [2025-10-06T22:10:10.782+0000] {dagbag.py:588} INFO - Filling up the DagBag from /home/airflow/.local/lib/python3.12/site-packages/airflow/example_dags/plugins/workday.py
[2025-10-06T22:10:12.689+0000] {processor.py:927} WARNING - No viable dags retrieved from /home/airflow/.local/lib/python3.12/site-packages/airflow/example_dags/plugins/workday.py
[2025-10-06T22:10:12.741+0000] {processor.py:208} INFO - Processing /home/airflow/.local/lib/python3.12/site-packages/airflow/example_dags/plugins/workday.py took 0.108 seconds
[2025-10-06T22:10:42.860+0000] {processor.py:186} INFO - Started process (PID=2392) to work on /home/airflow/.local/lib/python3.12/site-packages/airflow/example_dags/plugins/workday.py
[2025-10-06T22:10:42.863+0000] {processor.py:914} INFO - Processing file /home/airflow/.local/lib/python3.12/site-packages/airflow/example_dags/plugins/workday.py for tasks to queue
[2025-10-06T22:10:42.869+0000] {logging_mixin.py:190} INFO - [2025-10-06T22:10:42.868+0000] {dagbag.py:588} INFO - Filling up the DagBag from /home/airflow/.local/lib/python3.12/site-packages/airflow/example_dags/plugins/workday.py
[2025-10-06T22:10:42.876+0000] {processor.py:927} WARNING - No viable dags retrieved from /home/airflow/.local/lib/python3.12/site-packages/airflow/example_dags/plugins/workday.py
[2025-10-06T22:10:42.909+0000] {processor.py:208} INFO - Processing /home/airflow/.local/lib/python3.12/site-packages/airflow/example_dags/plugins/workday.py took 0.062 seconds
[2025-10-06T22:11:13.707+0000] {processor.py:186} INFO - Started process (PID=2449) to work on /home/airflow/.local/lib/python3.12/site-packages/airflow/example_dags/plugins/workday.py
[2025-10-06T22:11:13.709+0000] {processor.py:914} INFO - Processing file /home/airflow/.local/lib/python3.12/site-packages/airflow/example_dags/plugins/workday.py for tasks to queue
[2025-10-06T22:11:13.716+0000] {logging_mixin.py:190} INFO - [2025-10-06T22:11:13.715+0000] {dagbag.py:588} INFO - Filling up the DagBag from /home/airflow/.local/lib/python3.12/site-packages/airflow/example_dags/plugins/workday.py
[2025-10-06T22:11:13.724+0000] {processor.py:927} WARNING - No viable dags retrieved from /home/airflow/.local/lib/python3.12/site-packages/airflow/example_dags/plugins/workday.py
[2025-10-06T22:11:13.757+0000] {processor.py:208} INFO - Processing /home/airflow/.local/lib/python3.12/site-packages/airflow/example_dags/plugins/workday.py took 0.062 seconds
[2025-10-06T22:11:45.172+0000] {processor.py:186} INFO - Started process (PID=2512) to work on /home/airflow/.local/lib/python3.12/site-packages/airflow/example_dags/plugins/workday.py
[2025-10-06T22:11:45.174+0000] {processor.py:914} INFO - Processing file /home/airflow/.local/lib/python3.12/site-packages/airflow/example_dags/plugins/workday.py for tasks to queue
[2025-10-06T22:11:45.180+0000] {logging_mixin.py:190} INFO - [2025-10-06T22:11:45.179+0000] {dagbag.py:588} INFO - Filling up the DagBag from /home/airflow/.local/lib/python3.12/site-packages/airflow/example_dags/plugins/workday.py
[2025-10-06T22:11:45.186+0000] {processor.py:927} WARNING - No viable dags retrieved from /home/airflow/.local/lib/python3.12/site-packages/airflow/example_dags/plugins/workday.py
[2025-10-06T22:11:45.213+0000] {processor.py:208} INFO - Processing /home/airflow/.local/lib/python3.12/site-packages/airflow/example_dags/plugins/workday.py took 0.054 seconds
[2025-10-06T22:19:22.019+0000] {processor.py:186} INFO - Started process (PID=2606) to work on /home/airflow/.local/lib/python3.12/site-packages/airflow/example_dags/plugins/workday.py
[2025-10-06T22:19:22.024+0000] {processor.py:914} INFO - Processing file /home/airflow/.local/lib/python3.12/site-packages/airflow/example_dags/plugins/workday.py for tasks to queue
[2025-10-06T22:19:22.028+0000] {logging_mixin.py:190} INFO - [2025-10-06T22:19:22.027+0000] {dagbag.py:588} INFO - Filling up the DagBag from /home/airflow/.local/lib/python3.12/site-packages/airflow/example_dags/plugins/workday.py
[2025-10-06T22:19:22.043+0000] {processor.py:927} WARNING - No viable dags retrieved from /home/airflow/.local/lib/python3.12/site-packages/airflow/example_dags/plugins/workday.py
[2025-10-06T22:19:22.086+0000] {processor.py:208} INFO - Processing /home/airflow/.local/lib/python3.12/site-packages/airflow/example_dags/plugins/workday.py took 0.092 seconds
[2025-10-06T22:19:52.277+0000] {processor.py:186} INFO - Started process (PID=2669) to work on /home/airflow/.local/lib/python3.12/site-packages/airflow/example_dags/plugins/workday.py
[2025-10-06T22:19:52.281+0000] {processor.py:914} INFO - Processing file /home/airflow/.local/lib/python3.12/site-packages/airflow/example_dags/plugins/workday.py for tasks to queue
[2025-10-06T22:19:52.285+0000] {logging_mixin.py:190} INFO - [2025-10-06T22:19:52.284+0000] {dagbag.py:588} INFO - Filling up the DagBag from /home/airflow/.local/lib/python3.12/site-packages/airflow/example_dags/plugins/workday.py
[2025-10-06T22:19:52.293+0000] {processor.py:927} WARNING - No viable dags retrieved from /home/airflow/.local/lib/python3.12/site-packages/airflow/example_dags/plugins/workday.py
[2025-10-06T22:19:52.326+0000] {processor.py:208} INFO - Processing /home/airflow/.local/lib/python3.12/site-packages/airflow/example_dags/plugins/workday.py took 0.063 seconds
[2025-10-06T22:20:30.134+0000] {processor.py:186} INFO - Started process (PID=2732) to work on /home/airflow/.local/lib/python3.12/site-packages/airflow/example_dags/plugins/workday.py
[2025-10-06T22:20:30.140+0000] {processor.py:914} INFO - Processing file /home/airflow/.local/lib/python3.12/site-packages/airflow/example_dags/plugins/workday.py for tasks to queue
[2025-10-06T22:20:30.144+0000] {logging_mixin.py:190} INFO - [2025-10-06T22:20:30.142+0000] {dagbag.py:588} INFO - Filling up the DagBag from /home/airflow/.local/lib/python3.12/site-packages/airflow/example_dags/plugins/workday.py
[2025-10-06T22:20:30.153+0000] {processor.py:927} WARNING - No viable dags retrieved from /home/airflow/.local/lib/python3.12/site-packages/airflow/example_dags/plugins/workday.py
[2025-10-06T22:20:30.195+0000] {processor.py:208} INFO - Processing /home/airflow/.local/lib/python3.12/site-packages/airflow/example_dags/plugins/workday.py took 0.085 seconds
[2025-10-06T22:21:02.461+0000] {processor.py:186} INFO - Started process (PID=2794) to work on /home/airflow/.local/lib/python3.12/site-packages/airflow/example_dags/plugins/workday.py
[2025-10-06T22:21:02.464+0000] {processor.py:914} INFO - Processing file /home/airflow/.local/lib/python3.12/site-packages/airflow/example_dags/plugins/workday.py for tasks to queue
[2025-10-06T22:21:02.468+0000] {logging_mixin.py:190} INFO - [2025-10-06T22:21:02.467+0000] {dagbag.py:588} INFO - Filling up the DagBag from /home/airflow/.local/lib/python3.12/site-packages/airflow/example_dags/plugins/workday.py
[2025-10-06T22:21:02.475+0000] {processor.py:927} WARNING - No viable dags retrieved from /home/airflow/.local/lib/python3.12/site-packages/airflow/example_dags/plugins/workday.py
[2025-10-06T22:21:02.511+0000] {processor.py:208} INFO - Processing /home/airflow/.local/lib/python3.12/site-packages/airflow/example_dags/plugins/workday.py took 0.063 seconds
[2025-10-06T22:21:33.242+0000] {processor.py:186} INFO - Started process (PID=2857) to work on /home/airflow/.local/lib/python3.12/site-packages/airflow/example_dags/plugins/workday.py
[2025-10-06T22:21:33.246+0000] {processor.py:914} INFO - Processing file /home/airflow/.local/lib/python3.12/site-packages/airflow/example_dags/plugins/workday.py for tasks to queue
[2025-10-06T22:21:33.250+0000] {logging_mixin.py:190} INFO - [2025-10-06T22:21:33.249+0000] {dagbag.py:588} INFO - Filling up the DagBag from /home/airflow/.local/lib/python3.12/site-packages/airflow/example_dags/plugins/workday.py
[2025-10-06T22:21:33.263+0000] {processor.py:927} WARNING - No viable dags retrieved from /home/airflow/.local/lib/python3.12/site-packages/airflow/example_dags/plugins/workday.py
[2025-10-06T22:21:33.295+0000] {processor.py:208} INFO - Processing /home/airflow/.local/lib/python3.12/site-packages/airflow/example_dags/plugins/workday.py took 0.071 seconds
[2025-10-06T22:22:03.943+0000] {processor.py:186} INFO - Started process (PID=2920) to work on /home/airflow/.local/lib/python3.12/site-packages/airflow/example_dags/plugins/workday.py
[2025-10-06T22:22:03.948+0000] {processor.py:914} INFO - Processing file /home/airflow/.local/lib/python3.12/site-packages/airflow/example_dags/plugins/workday.py for tasks to queue
[2025-10-06T22:22:03.957+0000] {logging_mixin.py:190} INFO - [2025-10-06T22:22:03.955+0000] {dagbag.py:588} INFO - Filling up the DagBag from /home/airflow/.local/lib/python3.12/site-packages/airflow/example_dags/plugins/workday.py
[2025-10-06T22:22:03.978+0000] {processor.py:927} WARNING - No viable dags retrieved from /home/airflow/.local/lib/python3.12/site-packages/airflow/example_dags/plugins/workday.py
[2025-10-06T22:22:04.059+0000] {processor.py:208} INFO - Processing /home/airflow/.local/lib/python3.12/site-packages/airflow/example_dags/plugins/workday.py took 0.151 seconds
[2025-10-06T22:22:35.338+0000] {processor.py:186} INFO - Started process (PID=2982) to work on /home/airflow/.local/lib/python3.12/site-packages/airflow/example_dags/plugins/workday.py
[2025-10-06T22:22:35.340+0000] {processor.py:914} INFO - Processing file /home/airflow/.local/lib/python3.12/site-packages/airflow/example_dags/plugins/workday.py for tasks to queue
[2025-10-06T22:22:35.343+0000] {logging_mixin.py:190} INFO - [2025-10-06T22:22:35.342+0000] {dagbag.py:588} INFO - Filling up the DagBag from /home/airflow/.local/lib/python3.12/site-packages/airflow/example_dags/plugins/workday.py
[2025-10-06T22:22:35.349+0000] {processor.py:927} WARNING - No viable dags retrieved from /home/airflow/.local/lib/python3.12/site-packages/airflow/example_dags/plugins/workday.py
[2025-10-06T22:22:35.386+0000] {processor.py:208} INFO - Processing /home/airflow/.local/lib/python3.12/site-packages/airflow/example_dags/plugins/workday.py took 0.064 seconds
[2025-10-06T22:23:06.138+0000] {processor.py:186} INFO - Started process (PID=3045) to work on /home/airflow/.local/lib/python3.12/site-packages/airflow/example_dags/plugins/workday.py
[2025-10-06T22:23:06.141+0000] {processor.py:914} INFO - Processing file /home/airflow/.local/lib/python3.12/site-packages/airflow/example_dags/plugins/workday.py for tasks to queue
[2025-10-06T22:23:06.144+0000] {logging_mixin.py:190} INFO - [2025-10-06T22:23:06.143+0000] {dagbag.py:588} INFO - Filling up the DagBag from /home/airflow/.local/lib/python3.12/site-packages/airflow/example_dags/plugins/workday.py
[2025-10-06T22:23:06.156+0000] {processor.py:927} WARNING - No viable dags retrieved from /home/airflow/.local/lib/python3.12/site-packages/airflow/example_dags/plugins/workday.py
[2025-10-06T22:23:06.187+0000] {processor.py:208} INFO - Processing /home/airflow/.local/lib/python3.12/site-packages/airflow/example_dags/plugins/workday.py took 0.062 seconds
[2025-10-06T22:23:37.234+0000] {processor.py:186} INFO - Started process (PID=3108) to work on /home/airflow/.local/lib/python3.12/site-packages/airflow/example_dags/plugins/workday.py
[2025-10-06T22:23:37.237+0000] {processor.py:914} INFO - Processing file /home/airflow/.local/lib/python3.12/site-packages/airflow/example_dags/plugins/workday.py for tasks to queue
[2025-10-06T22:23:37.242+0000] {logging_mixin.py:190} INFO - [2025-10-06T22:23:37.240+0000] {dagbag.py:588} INFO - Filling up the DagBag from /home/airflow/.local/lib/python3.12/site-packages/airflow/example_dags/plugins/workday.py
[2025-10-06T22:23:37.256+0000] {processor.py:927} WARNING - No viable dags retrieved from /home/airflow/.local/lib/python3.12/site-packages/airflow/example_dags/plugins/workday.py
[2025-10-06T22:23:37.295+0000] {processor.py:208} INFO - Processing /home/airflow/.local/lib/python3.12/site-packages/airflow/example_dags/plugins/workday.py took 0.078 seconds
[2025-10-06T22:24:08.231+0000] {processor.py:186} INFO - Started process (PID=3172) to work on /home/airflow/.local/lib/python3.12/site-packages/airflow/example_dags/plugins/workday.py
[2025-10-06T22:24:08.236+0000] {processor.py:914} INFO - Processing file /home/airflow/.local/lib/python3.12/site-packages/airflow/example_dags/plugins/workday.py for tasks to queue
[2025-10-06T22:24:08.245+0000] {logging_mixin.py:190} INFO - [2025-10-06T22:24:08.243+0000] {dagbag.py:588} INFO - Filling up the DagBag from /home/airflow/.local/lib/python3.12/site-packages/airflow/example_dags/plugins/workday.py
[2025-10-06T22:24:08.263+0000] {processor.py:927} WARNING - No viable dags retrieved from /home/airflow/.local/lib/python3.12/site-packages/airflow/example_dags/plugins/workday.py
[2025-10-06T22:24:08.342+0000] {processor.py:208} INFO - Processing /home/airflow/.local/lib/python3.12/site-packages/airflow/example_dags/plugins/workday.py took 0.147 seconds
[2025-10-06T22:24:39.285+0000] {processor.py:186} INFO - Started process (PID=3235) to work on /home/airflow/.local/lib/python3.12/site-packages/airflow/example_dags/plugins/workday.py
[2025-10-06T22:24:39.289+0000] {processor.py:914} INFO - Processing file /home/airflow/.local/lib/python3.12/site-packages/airflow/example_dags/plugins/workday.py for tasks to queue
[2025-10-06T22:24:39.295+0000] {logging_mixin.py:190} INFO - [2025-10-06T22:24:39.293+0000] {dagbag.py:588} INFO - Filling up the DagBag from /home/airflow/.local/lib/python3.12/site-packages/airflow/example_dags/plugins/workday.py
[2025-10-06T22:24:39.308+0000] {processor.py:927} WARNING - No viable dags retrieved from /home/airflow/.local/lib/python3.12/site-packages/airflow/example_dags/plugins/workday.py
[2025-10-06T22:24:39.367+0000] {processor.py:208} INFO - Processing /home/airflow/.local/lib/python3.12/site-packages/airflow/example_dags/plugins/workday.py took 0.109 seconds
[2025-10-06T22:25:10.359+0000] {processor.py:186} INFO - Started process (PID=3298) to work on /home/airflow/.local/lib/python3.12/site-packages/airflow/example_dags/plugins/workday.py
[2025-10-06T22:25:10.362+0000] {processor.py:914} INFO - Processing file /home/airflow/.local/lib/python3.12/site-packages/airflow/example_dags/plugins/workday.py for tasks to queue
[2025-10-06T22:25:10.366+0000] {logging_mixin.py:190} INFO - [2025-10-06T22:25:10.364+0000] {dagbag.py:588} INFO - Filling up the DagBag from /home/airflow/.local/lib/python3.12/site-packages/airflow/example_dags/plugins/workday.py
[2025-10-06T22:25:10.373+0000] {processor.py:927} WARNING - No viable dags retrieved from /home/airflow/.local/lib/python3.12/site-packages/airflow/example_dags/plugins/workday.py
[2025-10-06T22:25:10.409+0000] {processor.py:208} INFO - Processing /home/airflow/.local/lib/python3.12/site-packages/airflow/example_dags/plugins/workday.py took 0.066 seconds
[2025-10-06T22:25:42.073+0000] {processor.py:186} INFO - Started process (PID=3361) to work on /home/airflow/.local/lib/python3.12/site-packages/airflow/example_dags/plugins/workday.py
[2025-10-06T22:25:42.076+0000] {processor.py:914} INFO - Processing file /home/airflow/.local/lib/python3.12/site-packages/airflow/example_dags/plugins/workday.py for tasks to queue
[2025-10-06T22:25:42.079+0000] {logging_mixin.py:190} INFO - [2025-10-06T22:25:42.078+0000] {dagbag.py:588} INFO - Filling up the DagBag from /home/airflow/.local/lib/python3.12/site-packages/airflow/example_dags/plugins/workday.py
[2025-10-06T22:25:42.087+0000] {processor.py:927} WARNING - No viable dags retrieved from /home/airflow/.local/lib/python3.12/site-packages/airflow/example_dags/plugins/workday.py
[2025-10-06T22:25:42.117+0000] {processor.py:208} INFO - Processing /home/airflow/.local/lib/python3.12/site-packages/airflow/example_dags/plugins/workday.py took 0.059 seconds
[2025-10-06T22:26:12.705+0000] {processor.py:186} INFO - Started process (PID=3424) to work on /home/airflow/.local/lib/python3.12/site-packages/airflow/example_dags/plugins/workday.py
[2025-10-06T22:26:12.709+0000] {processor.py:914} INFO - Processing file /home/airflow/.local/lib/python3.12/site-packages/airflow/example_dags/plugins/workday.py for tasks to queue
[2025-10-06T22:26:12.714+0000] {logging_mixin.py:190} INFO - [2025-10-06T22:26:12.713+0000] {dagbag.py:588} INFO - Filling up the DagBag from /home/airflow/.local/lib/python3.12/site-packages/airflow/example_dags/plugins/workday.py
[2025-10-06T22:26:12.721+0000] {processor.py:927} WARNING - No viable dags retrieved from /home/airflow/.local/lib/python3.12/site-packages/airflow/example_dags/plugins/workday.py
[2025-10-06T22:26:12.758+0000] {processor.py:208} INFO - Processing /home/airflow/.local/lib/python3.12/site-packages/airflow/example_dags/plugins/workday.py took 0.083 seconds
[2025-10-06T22:26:43.884+0000] {processor.py:186} INFO - Started process (PID=3487) to work on /home/airflow/.local/lib/python3.12/site-packages/airflow/example_dags/plugins/workday.py
[2025-10-06T22:26:43.886+0000] {processor.py:914} INFO - Processing file /home/airflow/.local/lib/python3.12/site-packages/airflow/example_dags/plugins/workday.py for tasks to queue
[2025-10-06T22:26:43.890+0000] {logging_mixin.py:190} INFO - [2025-10-06T22:26:43.889+0000] {dagbag.py:588} INFO - Filling up the DagBag from /home/airflow/.local/lib/python3.12/site-packages/airflow/example_dags/plugins/workday.py
[2025-10-06T22:26:43.897+0000] {processor.py:927} WARNING - No viable dags retrieved from /home/airflow/.local/lib/python3.12/site-packages/airflow/example_dags/plugins/workday.py
[2025-10-06T22:26:43.930+0000] {processor.py:208} INFO - Processing /home/airflow/.local/lib/python3.12/site-packages/airflow/example_dags/plugins/workday.py took 0.066 seconds
[2025-10-06T22:27:14.911+0000] {processor.py:186} INFO - Started process (PID=3550) to work on /home/airflow/.local/lib/python3.12/site-packages/airflow/example_dags/plugins/workday.py
[2025-10-06T22:27:14.913+0000] {processor.py:914} INFO - Processing file /home/airflow/.local/lib/python3.12/site-packages/airflow/example_dags/plugins/workday.py for tasks to queue
[2025-10-06T22:27:14.917+0000] {logging_mixin.py:190} INFO - [2025-10-06T22:27:14.916+0000] {dagbag.py:588} INFO - Filling up the DagBag from /home/airflow/.local/lib/python3.12/site-packages/airflow/example_dags/plugins/workday.py
[2025-10-06T22:27:14.924+0000] {processor.py:927} WARNING - No viable dags retrieved from /home/airflow/.local/lib/python3.12/site-packages/airflow/example_dags/plugins/workday.py
[2025-10-06T22:27:14.957+0000] {processor.py:208} INFO - Processing /home/airflow/.local/lib/python3.12/site-packages/airflow/example_dags/plugins/workday.py took 0.066 seconds
[2025-10-06T22:27:45.587+0000] {processor.py:186} INFO - Started process (PID=3614) to work on /home/airflow/.local/lib/python3.12/site-packages/airflow/example_dags/plugins/workday.py
[2025-10-06T22:27:45.590+0000] {processor.py:914} INFO - Processing file /home/airflow/.local/lib/python3.12/site-packages/airflow/example_dags/plugins/workday.py for tasks to queue
[2025-10-06T22:27:45.594+0000] {logging_mixin.py:190} INFO - [2025-10-06T22:27:45.593+0000] {dagbag.py:588} INFO - Filling up the DagBag from /home/airflow/.local/lib/python3.12/site-packages/airflow/example_dags/plugins/workday.py
[2025-10-06T22:27:45.602+0000] {processor.py:927} WARNING - No viable dags retrieved from /home/airflow/.local/lib/python3.12/site-packages/airflow/example_dags/plugins/workday.py
[2025-10-06T22:27:45.637+0000] {processor.py:208} INFO - Processing /home/airflow/.local/lib/python3.12/site-packages/airflow/example_dags/plugins/workday.py took 0.070 seconds
[2025-10-06T22:28:16.130+0000] {processor.py:186} INFO - Started process (PID=3677) to work on /home/airflow/.local/lib/python3.12/site-packages/airflow/example_dags/plugins/workday.py
[2025-10-06T22:28:16.133+0000] {processor.py:914} INFO - Processing file /home/airflow/.local/lib/python3.12/site-packages/airflow/example_dags/plugins/workday.py for tasks to queue
[2025-10-06T22:28:16.138+0000] {logging_mixin.py:190} INFO - [2025-10-06T22:28:16.136+0000] {dagbag.py:588} INFO - Filling up the DagBag from /home/airflow/.local/lib/python3.12/site-packages/airflow/example_dags/plugins/workday.py
[2025-10-06T22:28:16.145+0000] {processor.py:927} WARNING - No viable dags retrieved from /home/airflow/.local/lib/python3.12/site-packages/airflow/example_dags/plugins/workday.py
[2025-10-06T22:28:16.183+0000] {processor.py:208} INFO - Processing /home/airflow/.local/lib/python3.12/site-packages/airflow/example_dags/plugins/workday.py took 0.068 seconds
[2025-10-06T22:28:46.787+0000] {processor.py:186} INFO - Started process (PID=3740) to work on /home/airflow/.local/lib/python3.12/site-packages/airflow/example_dags/plugins/workday.py
[2025-10-06T22:28:46.790+0000] {processor.py:914} INFO - Processing file /home/airflow/.local/lib/python3.12/site-packages/airflow/example_dags/plugins/workday.py for tasks to queue
[2025-10-06T22:28:46.795+0000] {logging_mixin.py:190} INFO - [2025-10-06T22:28:46.794+0000] {dagbag.py:588} INFO - Filling up the DagBag from /home/airflow/.local/lib/python3.12/site-packages/airflow/example_dags/plugins/workday.py
[2025-10-06T22:28:46.805+0000] {processor.py:927} WARNING - No viable dags retrieved from /home/airflow/.local/lib/python3.12/site-packages/airflow/example_dags/plugins/workday.py
[2025-10-06T22:28:46.843+0000] {processor.py:208} INFO - Processing /home/airflow/.local/lib/python3.12/site-packages/airflow/example_dags/plugins/workday.py took 0.077 seconds
[2025-10-06T22:29:20.415+0000] {processor.py:186} INFO - Started process (PID=3805) to work on /home/airflow/.local/lib/python3.12/site-packages/airflow/example_dags/plugins/workday.py
[2025-10-06T22:29:20.419+0000] {processor.py:914} INFO - Processing file /home/airflow/.local/lib/python3.12/site-packages/airflow/example_dags/plugins/workday.py for tasks to queue
[2025-10-06T22:29:20.424+0000] {logging_mixin.py:190} INFO - [2025-10-06T22:29:20.422+0000] {dagbag.py:588} INFO - Filling up the DagBag from /home/airflow/.local/lib/python3.12/site-packages/airflow/example_dags/plugins/workday.py
[2025-10-06T22:29:20.434+0000] {processor.py:927} WARNING - No viable dags retrieved from /home/airflow/.local/lib/python3.12/site-packages/airflow/example_dags/plugins/workday.py
[2025-10-06T22:29:20.484+0000] {processor.py:208} INFO - Processing /home/airflow/.local/lib/python3.12/site-packages/airflow/example_dags/plugins/workday.py took 0.095 seconds
[2025-10-06T22:30:08.310+0000] {processor.py:186} INFO - Started process (PID=3868) to work on /home/airflow/.local/lib/python3.12/site-packages/airflow/example_dags/plugins/workday.py
[2025-10-06T22:30:08.312+0000] {processor.py:914} INFO - Processing file /home/airflow/.local/lib/python3.12/site-packages/airflow/example_dags/plugins/workday.py for tasks to queue
[2025-10-06T22:30:08.316+0000] {logging_mixin.py:190} INFO - [2025-10-06T22:30:08.315+0000] {dagbag.py:588} INFO - Filling up the DagBag from /home/airflow/.local/lib/python3.12/site-packages/airflow/example_dags/plugins/workday.py
[2025-10-06T22:30:08.329+0000] {processor.py:927} WARNING - No viable dags retrieved from /home/airflow/.local/lib/python3.12/site-packages/airflow/example_dags/plugins/workday.py
[2025-10-06T22:30:08.366+0000] {processor.py:208} INFO - Processing /home/airflow/.local/lib/python3.12/site-packages/airflow/example_dags/plugins/workday.py took 0.071 seconds
[2025-10-06T22:30:39.040+0000] {processor.py:186} INFO - Started process (PID=3934) to work on /home/airflow/.local/lib/python3.12/site-packages/airflow/example_dags/plugins/workday.py
[2025-10-06T22:30:39.042+0000] {processor.py:914} INFO - Processing file /home/airflow/.local/lib/python3.12/site-packages/airflow/example_dags/plugins/workday.py for tasks to queue
[2025-10-06T22:30:39.045+0000] {logging_mixin.py:190} INFO - [2025-10-06T22:30:39.044+0000] {dagbag.py:588} INFO - Filling up the DagBag from /home/airflow/.local/lib/python3.12/site-packages/airflow/example_dags/plugins/workday.py
[2025-10-06T22:30:39.052+0000] {processor.py:927} WARNING - No viable dags retrieved from /home/airflow/.local/lib/python3.12/site-packages/airflow/example_dags/plugins/workday.py
[2025-10-06T22:30:39.080+0000] {processor.py:208} INFO - Processing /home/airflow/.local/lib/python3.12/site-packages/airflow/example_dags/plugins/workday.py took 0.057 seconds
[2025-10-06T22:31:10.182+0000] {processor.py:186} INFO - Started process (PID=3998) to work on /home/airflow/.local/lib/python3.12/site-packages/airflow/example_dags/plugins/workday.py
[2025-10-06T22:31:10.185+0000] {processor.py:914} INFO - Processing file /home/airflow/.local/lib/python3.12/site-packages/airflow/example_dags/plugins/workday.py for tasks to queue
[2025-10-06T22:31:10.188+0000] {logging_mixin.py:190} INFO - [2025-10-06T22:31:10.187+0000] {dagbag.py:588} INFO - Filling up the DagBag from /home/airflow/.local/lib/python3.12/site-packages/airflow/example_dags/plugins/workday.py
[2025-10-06T22:31:10.195+0000] {processor.py:927} WARNING - No viable dags retrieved from /home/airflow/.local/lib/python3.12/site-packages/airflow/example_dags/plugins/workday.py
[2025-10-06T22:31:10.230+0000] {processor.py:208} INFO - Processing /home/airflow/.local/lib/python3.12/site-packages/airflow/example_dags/plugins/workday.py took 0.063 seconds
[2025-10-06T22:31:43.660+0000] {processor.py:186} INFO - Started process (PID=4062) to work on /home/airflow/.local/lib/python3.12/site-packages/airflow/example_dags/plugins/workday.py
[2025-10-06T22:31:43.663+0000] {processor.py:914} INFO - Processing file /home/airflow/.local/lib/python3.12/site-packages/airflow/example_dags/plugins/workday.py for tasks to queue
[2025-10-06T22:31:43.666+0000] {logging_mixin.py:190} INFO - [2025-10-06T22:31:43.665+0000] {dagbag.py:588} INFO - Filling up the DagBag from /home/airflow/.local/lib/python3.12/site-packages/airflow/example_dags/plugins/workday.py
[2025-10-06T22:31:43.675+0000] {processor.py:927} WARNING - No viable dags retrieved from /home/airflow/.local/lib/python3.12/site-packages/airflow/example_dags/plugins/workday.py
[2025-10-06T22:31:43.715+0000] {processor.py:208} INFO - Processing /home/airflow/.local/lib/python3.12/site-packages/airflow/example_dags/plugins/workday.py took 0.074 seconds
[2025-10-06T22:32:16.172+0000] {processor.py:186} INFO - Started process (PID=4124) to work on /home/airflow/.local/lib/python3.12/site-packages/airflow/example_dags/plugins/workday.py
[2025-10-06T22:32:16.175+0000] {processor.py:914} INFO - Processing file /home/airflow/.local/lib/python3.12/site-packages/airflow/example_dags/plugins/workday.py for tasks to queue
[2025-10-06T22:32:16.180+0000] {logging_mixin.py:190} INFO - [2025-10-06T22:32:16.178+0000] {dagbag.py:588} INFO - Filling up the DagBag from /home/airflow/.local/lib/python3.12/site-packages/airflow/example_dags/plugins/workday.py
[2025-10-06T22:32:16.187+0000] {processor.py:927} WARNING - No viable dags retrieved from /home/airflow/.local/lib/python3.12/site-packages/airflow/example_dags/plugins/workday.py
[2025-10-06T22:32:16.222+0000] {processor.py:208} INFO - Processing /home/airflow/.local/lib/python3.12/site-packages/airflow/example_dags/plugins/workday.py took 0.064 seconds
[2025-10-06T22:32:49.914+0000] {processor.py:186} INFO - Started process (PID=4188) to work on /home/airflow/.local/lib/python3.12/site-packages/airflow/example_dags/plugins/workday.py
[2025-10-06T22:32:49.917+0000] {processor.py:914} INFO - Processing file /home/airflow/.local/lib/python3.12/site-packages/airflow/example_dags/plugins/workday.py for tasks to queue
[2025-10-06T22:32:49.921+0000] {logging_mixin.py:190} INFO - [2025-10-06T22:32:49.920+0000] {dagbag.py:588} INFO - Filling up the DagBag from /home/airflow/.local/lib/python3.12/site-packages/airflow/example_dags/plugins/workday.py
[2025-10-06T22:32:49.931+0000] {processor.py:927} WARNING - No viable dags retrieved from /home/airflow/.local/lib/python3.12/site-packages/airflow/example_dags/plugins/workday.py
[2025-10-06T22:32:49.971+0000] {processor.py:208} INFO - Processing /home/airflow/.local/lib/python3.12/site-packages/airflow/example_dags/plugins/workday.py took 0.076 seconds
[2025-10-06T22:33:20.209+0000] {processor.py:186} INFO - Started process (PID=4250) to work on /home/airflow/.local/lib/python3.12/site-packages/airflow/example_dags/plugins/workday.py
[2025-10-06T22:33:20.212+0000] {processor.py:914} INFO - Processing file /home/airflow/.local/lib/python3.12/site-packages/airflow/example_dags/plugins/workday.py for tasks to queue
[2025-10-06T22:33:20.216+0000] {logging_mixin.py:190} INFO - [2025-10-06T22:33:20.214+0000] {dagbag.py:588} INFO - Filling up the DagBag from /home/airflow/.local/lib/python3.12/site-packages/airflow/example_dags/plugins/workday.py
[2025-10-06T22:33:20.224+0000] {processor.py:927} WARNING - No viable dags retrieved from /home/airflow/.local/lib/python3.12/site-packages/airflow/example_dags/plugins/workday.py
[2025-10-06T22:33:20.260+0000] {processor.py:208} INFO - Processing /home/airflow/.local/lib/python3.12/site-packages/airflow/example_dags/plugins/workday.py took 0.068 seconds
[2025-10-06T22:33:56.310+0000] {processor.py:186} INFO - Started process (PID=4314) to work on /home/airflow/.local/lib/python3.12/site-packages/airflow/example_dags/plugins/workday.py
[2025-10-06T22:33:56.312+0000] {processor.py:914} INFO - Processing file /home/airflow/.local/lib/python3.12/site-packages/airflow/example_dags/plugins/workday.py for tasks to queue
[2025-10-06T22:33:56.316+0000] {logging_mixin.py:190} INFO - [2025-10-06T22:33:56.315+0000] {dagbag.py:588} INFO - Filling up the DagBag from /home/airflow/.local/lib/python3.12/site-packages/airflow/example_dags/plugins/workday.py
[2025-10-06T22:33:56.325+0000] {processor.py:927} WARNING - No viable dags retrieved from /home/airflow/.local/lib/python3.12/site-packages/airflow/example_dags/plugins/workday.py
[2025-10-06T22:33:56.362+0000] {processor.py:208} INFO - Processing /home/airflow/.local/lib/python3.12/site-packages/airflow/example_dags/plugins/workday.py took 0.070 seconds
[2025-10-06T22:34:28.008+0000] {processor.py:186} INFO - Started process (PID=4377) to work on /home/airflow/.local/lib/python3.12/site-packages/airflow/example_dags/plugins/workday.py
[2025-10-06T22:34:28.011+0000] {processor.py:914} INFO - Processing file /home/airflow/.local/lib/python3.12/site-packages/airflow/example_dags/plugins/workday.py for tasks to queue
[2025-10-06T22:34:28.016+0000] {logging_mixin.py:190} INFO - [2025-10-06T22:34:28.015+0000] {dagbag.py:588} INFO - Filling up the DagBag from /home/airflow/.local/lib/python3.12/site-packages/airflow/example_dags/plugins/workday.py
[2025-10-06T22:34:28.080+0000] {processor.py:927} WARNING - No viable dags retrieved from /home/airflow/.local/lib/python3.12/site-packages/airflow/example_dags/plugins/workday.py
[2025-10-06T22:34:28.140+0000] {processor.py:208} INFO - Processing /home/airflow/.local/lib/python3.12/site-packages/airflow/example_dags/plugins/workday.py took 0.159 seconds
[2025-10-06T22:35:02.024+0000] {processor.py:186} INFO - Started process (PID=4443) to work on /home/airflow/.local/lib/python3.12/site-packages/airflow/example_dags/plugins/workday.py
[2025-10-06T22:35:02.031+0000] {processor.py:914} INFO - Processing file /home/airflow/.local/lib/python3.12/site-packages/airflow/example_dags/plugins/workday.py for tasks to queue
[2025-10-06T22:35:02.038+0000] {logging_mixin.py:190} INFO - [2025-10-06T22:35:02.035+0000] {dagbag.py:588} INFO - Filling up the DagBag from /home/airflow/.local/lib/python3.12/site-packages/airflow/example_dags/plugins/workday.py
[2025-10-06T22:35:02.059+0000] {processor.py:927} WARNING - No viable dags retrieved from /home/airflow/.local/lib/python3.12/site-packages/airflow/example_dags/plugins/workday.py
[2025-10-06T22:35:02.319+0000] {processor.py:208} INFO - Processing /home/airflow/.local/lib/python3.12/site-packages/airflow/example_dags/plugins/workday.py took 0.334 seconds
[2025-10-06T22:35:32.606+0000] {processor.py:186} INFO - Started process (PID=4505) to work on /home/airflow/.local/lib/python3.12/site-packages/airflow/example_dags/plugins/workday.py
[2025-10-06T22:35:32.610+0000] {processor.py:914} INFO - Processing file /home/airflow/.local/lib/python3.12/site-packages/airflow/example_dags/plugins/workday.py for tasks to queue
[2025-10-06T22:35:32.615+0000] {logging_mixin.py:190} INFO - [2025-10-06T22:35:32.614+0000] {dagbag.py:588} INFO - Filling up the DagBag from /home/airflow/.local/lib/python3.12/site-packages/airflow/example_dags/plugins/workday.py
[2025-10-06T22:35:32.624+0000] {processor.py:927} WARNING - No viable dags retrieved from /home/airflow/.local/lib/python3.12/site-packages/airflow/example_dags/plugins/workday.py
[2025-10-06T22:35:32.668+0000] {processor.py:208} INFO - Processing /home/airflow/.local/lib/python3.12/site-packages/airflow/example_dags/plugins/workday.py took 0.083 seconds
[2025-10-06T22:41:00.845+0000] {processor.py:186} INFO - Started process (PID=136) to work on /home/airflow/.local/lib/python3.12/site-packages/airflow/example_dags/plugins/workday.py
[2025-10-06T22:41:00.854+0000] {processor.py:914} INFO - Processing file /home/airflow/.local/lib/python3.12/site-packages/airflow/example_dags/plugins/workday.py for tasks to queue
[2025-10-06T22:41:00.861+0000] {logging_mixin.py:190} INFO - [2025-10-06T22:41:00.860+0000] {dagbag.py:588} INFO - Filling up the DagBag from /home/airflow/.local/lib/python3.12/site-packages/airflow/example_dags/plugins/workday.py
[2025-10-06T22:41:00.872+0000] {processor.py:927} WARNING - No viable dags retrieved from /home/airflow/.local/lib/python3.12/site-packages/airflow/example_dags/plugins/workday.py
[2025-10-06T22:41:00.933+0000] {processor.py:208} INFO - Processing /home/airflow/.local/lib/python3.12/site-packages/airflow/example_dags/plugins/workday.py took 0.109 seconds
[2025-10-06T22:41:31.217+0000] {processor.py:186} INFO - Started process (PID=193) to work on /home/airflow/.local/lib/python3.12/site-packages/airflow/example_dags/plugins/workday.py
[2025-10-06T22:41:31.219+0000] {processor.py:914} INFO - Processing file /home/airflow/.local/lib/python3.12/site-packages/airflow/example_dags/plugins/workday.py for tasks to queue
[2025-10-06T22:41:31.225+0000] {logging_mixin.py:190} INFO - [2025-10-06T22:41:31.224+0000] {dagbag.py:588} INFO - Filling up the DagBag from /home/airflow/.local/lib/python3.12/site-packages/airflow/example_dags/plugins/workday.py
[2025-10-06T22:41:31.237+0000] {processor.py:927} WARNING - No viable dags retrieved from /home/airflow/.local/lib/python3.12/site-packages/airflow/example_dags/plugins/workday.py
[2025-10-06T22:41:31.269+0000] {processor.py:208} INFO - Processing /home/airflow/.local/lib/python3.12/site-packages/airflow/example_dags/plugins/workday.py took 0.064 seconds
[2025-10-06T22:42:01.564+0000] {processor.py:186} INFO - Started process (PID=255) to work on /home/airflow/.local/lib/python3.12/site-packages/airflow/example_dags/plugins/workday.py
[2025-10-06T22:42:01.568+0000] {processor.py:914} INFO - Processing file /home/airflow/.local/lib/python3.12/site-packages/airflow/example_dags/plugins/workday.py for tasks to queue
[2025-10-06T22:42:01.578+0000] {logging_mixin.py:190} INFO - [2025-10-06T22:42:01.576+0000] {dagbag.py:588} INFO - Filling up the DagBag from /home/airflow/.local/lib/python3.12/site-packages/airflow/example_dags/plugins/workday.py
[2025-10-06T22:42:01.586+0000] {processor.py:927} WARNING - No viable dags retrieved from /home/airflow/.local/lib/python3.12/site-packages/airflow/example_dags/plugins/workday.py
[2025-10-06T22:42:01.626+0000] {processor.py:208} INFO - Processing /home/airflow/.local/lib/python3.12/site-packages/airflow/example_dags/plugins/workday.py took 0.078 seconds
[2025-10-06T22:42:35.660+0000] {processor.py:186} INFO - Started process (PID=318) to work on /home/airflow/.local/lib/python3.12/site-packages/airflow/example_dags/plugins/workday.py
[2025-10-06T22:42:35.665+0000] {processor.py:914} INFO - Processing file /home/airflow/.local/lib/python3.12/site-packages/airflow/example_dags/plugins/workday.py for tasks to queue
[2025-10-06T22:42:35.673+0000] {logging_mixin.py:190} INFO - [2025-10-06T22:42:35.672+0000] {dagbag.py:588} INFO - Filling up the DagBag from /home/airflow/.local/lib/python3.12/site-packages/airflow/example_dags/plugins/workday.py
[2025-10-06T22:42:35.683+0000] {processor.py:927} WARNING - No viable dags retrieved from /home/airflow/.local/lib/python3.12/site-packages/airflow/example_dags/plugins/workday.py
[2025-10-06T22:42:35.728+0000] {processor.py:208} INFO - Processing /home/airflow/.local/lib/python3.12/site-packages/airflow/example_dags/plugins/workday.py took 0.091 seconds
[2025-10-06T22:43:06.867+0000] {processor.py:186} INFO - Started process (PID=382) to work on /home/airflow/.local/lib/python3.12/site-packages/airflow/example_dags/plugins/workday.py
[2025-10-06T22:43:06.870+0000] {processor.py:914} INFO - Processing file /home/airflow/.local/lib/python3.12/site-packages/airflow/example_dags/plugins/workday.py for tasks to queue
[2025-10-06T22:43:06.880+0000] {logging_mixin.py:190} INFO - [2025-10-06T22:43:06.879+0000] {dagbag.py:588} INFO - Filling up the DagBag from /home/airflow/.local/lib/python3.12/site-packages/airflow/example_dags/plugins/workday.py
[2025-10-06T22:43:06.887+0000] {processor.py:927} WARNING - No viable dags retrieved from /home/airflow/.local/lib/python3.12/site-packages/airflow/example_dags/plugins/workday.py
[2025-10-06T22:43:06.921+0000] {processor.py:208} INFO - Processing /home/airflow/.local/lib/python3.12/site-packages/airflow/example_dags/plugins/workday.py took 0.075 seconds
[2025-10-06T22:43:37.530+0000] {processor.py:186} INFO - Started process (PID=446) to work on /home/airflow/.local/lib/python3.12/site-packages/airflow/example_dags/plugins/workday.py
[2025-10-06T22:43:37.533+0000] {processor.py:914} INFO - Processing file /home/airflow/.local/lib/python3.12/site-packages/airflow/example_dags/plugins/workday.py for tasks to queue
[2025-10-06T22:43:37.540+0000] {logging_mixin.py:190} INFO - [2025-10-06T22:43:37.539+0000] {dagbag.py:588} INFO - Filling up the DagBag from /home/airflow/.local/lib/python3.12/site-packages/airflow/example_dags/plugins/workday.py
[2025-10-06T22:43:37.552+0000] {processor.py:927} WARNING - No viable dags retrieved from /home/airflow/.local/lib/python3.12/site-packages/airflow/example_dags/plugins/workday.py
[2025-10-06T22:43:37.590+0000] {processor.py:208} INFO - Processing /home/airflow/.local/lib/python3.12/site-packages/airflow/example_dags/plugins/workday.py took 0.084 seconds
[2025-10-06T22:44:07.983+0000] {processor.py:186} INFO - Started process (PID=509) to work on /home/airflow/.local/lib/python3.12/site-packages/airflow/example_dags/plugins/workday.py
[2025-10-06T22:44:07.985+0000] {processor.py:914} INFO - Processing file /home/airflow/.local/lib/python3.12/site-packages/airflow/example_dags/plugins/workday.py for tasks to queue
[2025-10-06T22:44:07.992+0000] {logging_mixin.py:190} INFO - [2025-10-06T22:44:07.991+0000] {dagbag.py:588} INFO - Filling up the DagBag from /home/airflow/.local/lib/python3.12/site-packages/airflow/example_dags/plugins/workday.py
[2025-10-06T22:44:07.999+0000] {processor.py:927} WARNING - No viable dags retrieved from /home/airflow/.local/lib/python3.12/site-packages/airflow/example_dags/plugins/workday.py
[2025-10-06T22:44:08.032+0000] {processor.py:208} INFO - Processing /home/airflow/.local/lib/python3.12/site-packages/airflow/example_dags/plugins/workday.py took 0.063 seconds
[2025-10-06T22:44:38.434+0000] {processor.py:186} INFO - Started process (PID=572) to work on /home/airflow/.local/lib/python3.12/site-packages/airflow/example_dags/plugins/workday.py
[2025-10-06T22:44:38.436+0000] {processor.py:914} INFO - Processing file /home/airflow/.local/lib/python3.12/site-packages/airflow/example_dags/plugins/workday.py for tasks to queue
[2025-10-06T22:44:38.443+0000] {logging_mixin.py:190} INFO - [2025-10-06T22:44:38.442+0000] {dagbag.py:588} INFO - Filling up the DagBag from /home/airflow/.local/lib/python3.12/site-packages/airflow/example_dags/plugins/workday.py
[2025-10-06T22:44:38.448+0000] {processor.py:927} WARNING - No viable dags retrieved from /home/airflow/.local/lib/python3.12/site-packages/airflow/example_dags/plugins/workday.py
[2025-10-06T22:44:38.477+0000] {processor.py:208} INFO - Processing /home/airflow/.local/lib/python3.12/site-packages/airflow/example_dags/plugins/workday.py took 0.060 seconds
[2025-10-06T22:45:09.663+0000] {processor.py:186} INFO - Started process (PID=635) to work on /home/airflow/.local/lib/python3.12/site-packages/airflow/example_dags/plugins/workday.py
[2025-10-06T22:45:09.665+0000] {processor.py:914} INFO - Processing file /home/airflow/.local/lib/python3.12/site-packages/airflow/example_dags/plugins/workday.py for tasks to queue
[2025-10-06T22:45:09.673+0000] {logging_mixin.py:190} INFO - [2025-10-06T22:45:09.672+0000] {dagbag.py:588} INFO - Filling up the DagBag from /home/airflow/.local/lib/python3.12/site-packages/airflow/example_dags/plugins/workday.py
[2025-10-06T22:45:09.680+0000] {processor.py:927} WARNING - No viable dags retrieved from /home/airflow/.local/lib/python3.12/site-packages/airflow/example_dags/plugins/workday.py
[2025-10-06T22:45:09.736+0000] {processor.py:208} INFO - Processing /home/airflow/.local/lib/python3.12/site-packages/airflow/example_dags/plugins/workday.py took 0.086 seconds
[2025-10-06T22:45:40.068+0000] {processor.py:186} INFO - Started process (PID=698) to work on /home/airflow/.local/lib/python3.12/site-packages/airflow/example_dags/plugins/workday.py
[2025-10-06T22:45:40.071+0000] {processor.py:914} INFO - Processing file /home/airflow/.local/lib/python3.12/site-packages/airflow/example_dags/plugins/workday.py for tasks to queue
[2025-10-06T22:45:40.077+0000] {logging_mixin.py:190} INFO - [2025-10-06T22:45:40.077+0000] {dagbag.py:588} INFO - Filling up the DagBag from /home/airflow/.local/lib/python3.12/site-packages/airflow/example_dags/plugins/workday.py
[2025-10-06T22:45:40.084+0000] {processor.py:927} WARNING - No viable dags retrieved from /home/airflow/.local/lib/python3.12/site-packages/airflow/example_dags/plugins/workday.py
[2025-10-06T22:45:40.118+0000] {processor.py:208} INFO - Processing /home/airflow/.local/lib/python3.12/site-packages/airflow/example_dags/plugins/workday.py took 0.065 seconds
[2025-10-06T22:46:10.722+0000] {processor.py:186} INFO - Started process (PID=762) to work on /home/airflow/.local/lib/python3.12/site-packages/airflow/example_dags/plugins/workday.py
[2025-10-06T22:46:10.724+0000] {processor.py:914} INFO - Processing file /home/airflow/.local/lib/python3.12/site-packages/airflow/example_dags/plugins/workday.py for tasks to queue
[2025-10-06T22:46:10.731+0000] {logging_mixin.py:190} INFO - [2025-10-06T22:46:10.730+0000] {dagbag.py:588} INFO - Filling up the DagBag from /home/airflow/.local/lib/python3.12/site-packages/airflow/example_dags/plugins/workday.py
[2025-10-06T22:46:10.737+0000] {processor.py:927} WARNING - No viable dags retrieved from /home/airflow/.local/lib/python3.12/site-packages/airflow/example_dags/plugins/workday.py
[2025-10-06T22:46:10.766+0000] {processor.py:208} INFO - Processing /home/airflow/.local/lib/python3.12/site-packages/airflow/example_dags/plugins/workday.py took 0.061 seconds
[2025-10-06T22:46:42.629+0000] {processor.py:186} INFO - Started process (PID=826) to work on /home/airflow/.local/lib/python3.12/site-packages/airflow/example_dags/plugins/workday.py
[2025-10-06T22:46:42.632+0000] {processor.py:914} INFO - Processing file /home/airflow/.local/lib/python3.12/site-packages/airflow/example_dags/plugins/workday.py for tasks to queue
[2025-10-06T22:46:42.637+0000] {logging_mixin.py:190} INFO - [2025-10-06T22:46:42.636+0000] {dagbag.py:588} INFO - Filling up the DagBag from /home/airflow/.local/lib/python3.12/site-packages/airflow/example_dags/plugins/workday.py
[2025-10-06T22:46:42.643+0000] {processor.py:927} WARNING - No viable dags retrieved from /home/airflow/.local/lib/python3.12/site-packages/airflow/example_dags/plugins/workday.py
[2025-10-06T22:46:42.674+0000] {processor.py:208} INFO - Processing /home/airflow/.local/lib/python3.12/site-packages/airflow/example_dags/plugins/workday.py took 0.059 seconds
[2025-10-06T22:47:16.171+0000] {processor.py:186} INFO - Started process (PID=889) to work on /home/airflow/.local/lib/python3.12/site-packages/airflow/example_dags/plugins/workday.py
[2025-10-06T22:47:16.174+0000] {processor.py:914} INFO - Processing file /home/airflow/.local/lib/python3.12/site-packages/airflow/example_dags/plugins/workday.py for tasks to queue
[2025-10-06T22:47:16.185+0000] {logging_mixin.py:190} INFO - [2025-10-06T22:47:16.184+0000] {dagbag.py:588} INFO - Filling up the DagBag from /home/airflow/.local/lib/python3.12/site-packages/airflow/example_dags/plugins/workday.py
[2025-10-06T22:47:16.194+0000] {processor.py:927} WARNING - No viable dags retrieved from /home/airflow/.local/lib/python3.12/site-packages/airflow/example_dags/plugins/workday.py
[2025-10-06T22:47:16.244+0000] {processor.py:208} INFO - Processing /home/airflow/.local/lib/python3.12/site-packages/airflow/example_dags/plugins/workday.py took 0.096 seconds
[2025-10-06T22:47:47.241+0000] {processor.py:186} INFO - Started process (PID=952) to work on /home/airflow/.local/lib/python3.12/site-packages/airflow/example_dags/plugins/workday.py
[2025-10-06T22:47:47.244+0000] {processor.py:914} INFO - Processing file /home/airflow/.local/lib/python3.12/site-packages/airflow/example_dags/plugins/workday.py for tasks to queue
[2025-10-06T22:47:47.249+0000] {logging_mixin.py:190} INFO - [2025-10-06T22:47:47.248+0000] {dagbag.py:588} INFO - Filling up the DagBag from /home/airflow/.local/lib/python3.12/site-packages/airflow/example_dags/plugins/workday.py
[2025-10-06T22:47:47.254+0000] {processor.py:927} WARNING - No viable dags retrieved from /home/airflow/.local/lib/python3.12/site-packages/airflow/example_dags/plugins/workday.py
[2025-10-06T22:47:47.284+0000] {processor.py:208} INFO - Processing /home/airflow/.local/lib/python3.12/site-packages/airflow/example_dags/plugins/workday.py took 0.055 seconds
[2025-10-06T22:48:31.404+0000] {processor.py:186} INFO - Started process (PID=1023) to work on /home/airflow/.local/lib/python3.12/site-packages/airflow/example_dags/plugins/workday.py
[2025-10-06T22:48:31.407+0000] {processor.py:914} INFO - Processing file /home/airflow/.local/lib/python3.12/site-packages/airflow/example_dags/plugins/workday.py for tasks to queue
[2025-10-06T22:48:31.414+0000] {logging_mixin.py:190} INFO - [2025-10-06T22:48:31.413+0000] {dagbag.py:588} INFO - Filling up the DagBag from /home/airflow/.local/lib/python3.12/site-packages/airflow/example_dags/plugins/workday.py
[2025-10-06T22:48:31.422+0000] {processor.py:927} WARNING - No viable dags retrieved from /home/airflow/.local/lib/python3.12/site-packages/airflow/example_dags/plugins/workday.py
[2025-10-06T22:48:31.469+0000] {processor.py:208} INFO - Processing /home/airflow/.local/lib/python3.12/site-packages/airflow/example_dags/plugins/workday.py took 0.081 seconds
[2025-10-06T22:49:02.218+0000] {processor.py:186} INFO - Started process (PID=1080) to work on /home/airflow/.local/lib/python3.12/site-packages/airflow/example_dags/plugins/workday.py
[2025-10-06T22:49:02.222+0000] {processor.py:914} INFO - Processing file /home/airflow/.local/lib/python3.12/site-packages/airflow/example_dags/plugins/workday.py for tasks to queue
[2025-10-06T22:49:02.228+0000] {logging_mixin.py:190} INFO - [2025-10-06T22:49:02.228+0000] {dagbag.py:588} INFO - Filling up the DagBag from /home/airflow/.local/lib/python3.12/site-packages/airflow/example_dags/plugins/workday.py
[2025-10-06T22:49:02.236+0000] {processor.py:927} WARNING - No viable dags retrieved from /home/airflow/.local/lib/python3.12/site-packages/airflow/example_dags/plugins/workday.py
[2025-10-06T22:49:02.276+0000] {processor.py:208} INFO - Processing /home/airflow/.local/lib/python3.12/site-packages/airflow/example_dags/plugins/workday.py took 0.076 seconds
[2025-10-06T22:49:34.843+0000] {processor.py:186} INFO - Started process (PID=1149) to work on /home/airflow/.local/lib/python3.12/site-packages/airflow/example_dags/plugins/workday.py
[2025-10-06T22:49:34.845+0000] {processor.py:914} INFO - Processing file /home/airflow/.local/lib/python3.12/site-packages/airflow/example_dags/plugins/workday.py for tasks to queue
[2025-10-06T22:49:34.851+0000] {logging_mixin.py:190} INFO - [2025-10-06T22:49:34.850+0000] {dagbag.py:588} INFO - Filling up the DagBag from /home/airflow/.local/lib/python3.12/site-packages/airflow/example_dags/plugins/workday.py
[2025-10-06T22:49:34.856+0000] {processor.py:927} WARNING - No viable dags retrieved from /home/airflow/.local/lib/python3.12/site-packages/airflow/example_dags/plugins/workday.py
[2025-10-06T22:49:34.883+0000] {processor.py:208} INFO - Processing /home/airflow/.local/lib/python3.12/site-packages/airflow/example_dags/plugins/workday.py took 0.054 seconds
[2025-10-06T22:50:06.396+0000] {processor.py:186} INFO - Started process (PID=1206) to work on /home/airflow/.local/lib/python3.12/site-packages/airflow/example_dags/plugins/workday.py
[2025-10-06T22:50:06.399+0000] {processor.py:914} INFO - Processing file /home/airflow/.local/lib/python3.12/site-packages/airflow/example_dags/plugins/workday.py for tasks to queue
[2025-10-06T22:50:06.406+0000] {logging_mixin.py:190} INFO - [2025-10-06T22:50:06.405+0000] {dagbag.py:588} INFO - Filling up the DagBag from /home/airflow/.local/lib/python3.12/site-packages/airflow/example_dags/plugins/workday.py
[2025-10-06T22:50:06.413+0000] {processor.py:927} WARNING - No viable dags retrieved from /home/airflow/.local/lib/python3.12/site-packages/airflow/example_dags/plugins/workday.py
[2025-10-06T22:50:06.450+0000] {processor.py:208} INFO - Processing /home/airflow/.local/lib/python3.12/site-packages/airflow/example_dags/plugins/workday.py took 0.071 seconds
[2025-10-06T22:50:36.884+0000] {processor.py:186} INFO - Started process (PID=1269) to work on /home/airflow/.local/lib/python3.12/site-packages/airflow/example_dags/plugins/workday.py
[2025-10-06T22:50:36.887+0000] {processor.py:914} INFO - Processing file /home/airflow/.local/lib/python3.12/site-packages/airflow/example_dags/plugins/workday.py for tasks to queue
[2025-10-06T22:50:36.894+0000] {logging_mixin.py:190} INFO - [2025-10-06T22:50:36.893+0000] {dagbag.py:588} INFO - Filling up the DagBag from /home/airflow/.local/lib/python3.12/site-packages/airflow/example_dags/plugins/workday.py
[2025-10-06T22:50:36.907+0000] {processor.py:927} WARNING - No viable dags retrieved from /home/airflow/.local/lib/python3.12/site-packages/airflow/example_dags/plugins/workday.py
[2025-10-06T22:50:36.941+0000] {processor.py:208} INFO - Processing /home/airflow/.local/lib/python3.12/site-packages/airflow/example_dags/plugins/workday.py took 0.077 seconds
[2025-10-06T22:51:08.574+0000] {processor.py:186} INFO - Started process (PID=1332) to work on /home/airflow/.local/lib/python3.12/site-packages/airflow/example_dags/plugins/workday.py
[2025-10-06T22:51:08.578+0000] {processor.py:914} INFO - Processing file /home/airflow/.local/lib/python3.12/site-packages/airflow/example_dags/plugins/workday.py for tasks to queue
[2025-10-06T22:51:08.588+0000] {logging_mixin.py:190} INFO - [2025-10-06T22:51:08.586+0000] {dagbag.py:588} INFO - Filling up the DagBag from /home/airflow/.local/lib/python3.12/site-packages/airflow/example_dags/plugins/workday.py
[2025-10-06T22:51:08.600+0000] {processor.py:927} WARNING - No viable dags retrieved from /home/airflow/.local/lib/python3.12/site-packages/airflow/example_dags/plugins/workday.py
[2025-10-06T22:51:08.660+0000] {processor.py:208} INFO - Processing /home/airflow/.local/lib/python3.12/site-packages/airflow/example_dags/plugins/workday.py took 0.103 seconds
[2025-10-06T22:51:39.373+0000] {processor.py:186} INFO - Started process (PID=1395) to work on /home/airflow/.local/lib/python3.12/site-packages/airflow/example_dags/plugins/workday.py
[2025-10-06T22:51:39.374+0000] {processor.py:914} INFO - Processing file /home/airflow/.local/lib/python3.12/site-packages/airflow/example_dags/plugins/workday.py for tasks to queue
[2025-10-06T22:51:39.377+0000] {logging_mixin.py:190} INFO - [2025-10-06T22:51:39.377+0000] {dagbag.py:588} INFO - Filling up the DagBag from /home/airflow/.local/lib/python3.12/site-packages/airflow/example_dags/plugins/workday.py
[2025-10-06T22:51:39.381+0000] {processor.py:927} WARNING - No viable dags retrieved from /home/airflow/.local/lib/python3.12/site-packages/airflow/example_dags/plugins/workday.py
[2025-10-06T22:51:39.398+0000] {processor.py:208} INFO - Processing /home/airflow/.local/lib/python3.12/site-packages/airflow/example_dags/plugins/workday.py took 0.033 seconds
[2025-10-06T22:52:12.241+0000] {processor.py:186} INFO - Started process (PID=1458) to work on /home/airflow/.local/lib/python3.12/site-packages/airflow/example_dags/plugins/workday.py
[2025-10-06T22:52:12.247+0000] {processor.py:914} INFO - Processing file /home/airflow/.local/lib/python3.12/site-packages/airflow/example_dags/plugins/workday.py for tasks to queue
[2025-10-06T22:52:12.263+0000] {logging_mixin.py:190} INFO - [2025-10-06T22:52:12.261+0000] {dagbag.py:588} INFO - Filling up the DagBag from /home/airflow/.local/lib/python3.12/site-packages/airflow/example_dags/plugins/workday.py
[2025-10-06T22:52:12.374+0000] {processor.py:927} WARNING - No viable dags retrieved from /home/airflow/.local/lib/python3.12/site-packages/airflow/example_dags/plugins/workday.py
[2025-10-06T22:52:12.468+0000] {processor.py:208} INFO - Processing /home/airflow/.local/lib/python3.12/site-packages/airflow/example_dags/plugins/workday.py took 0.272 seconds
[2025-10-06T22:52:44.749+0000] {processor.py:186} INFO - Started process (PID=1522) to work on /home/airflow/.local/lib/python3.12/site-packages/airflow/example_dags/plugins/workday.py
[2025-10-06T22:52:44.753+0000] {processor.py:914} INFO - Processing file /home/airflow/.local/lib/python3.12/site-packages/airflow/example_dags/plugins/workday.py for tasks to queue
[2025-10-06T22:52:44.762+0000] {logging_mixin.py:190} INFO - [2025-10-06T22:52:44.760+0000] {dagbag.py:588} INFO - Filling up the DagBag from /home/airflow/.local/lib/python3.12/site-packages/airflow/example_dags/plugins/workday.py
[2025-10-06T22:52:44.770+0000] {processor.py:927} WARNING - No viable dags retrieved from /home/airflow/.local/lib/python3.12/site-packages/airflow/example_dags/plugins/workday.py
[2025-10-06T22:52:44.803+0000] {processor.py:208} INFO - Processing /home/airflow/.local/lib/python3.12/site-packages/airflow/example_dags/plugins/workday.py took 0.071 seconds
[2025-10-06T22:53:16.789+0000] {processor.py:186} INFO - Started process (PID=1585) to work on /home/airflow/.local/lib/python3.12/site-packages/airflow/example_dags/plugins/workday.py
[2025-10-06T22:53:16.795+0000] {processor.py:914} INFO - Processing file /home/airflow/.local/lib/python3.12/site-packages/airflow/example_dags/plugins/workday.py for tasks to queue
[2025-10-06T22:53:16.809+0000] {logging_mixin.py:190} INFO - [2025-10-06T22:53:16.802+0000] {dagbag.py:588} INFO - Filling up the DagBag from /home/airflow/.local/lib/python3.12/site-packages/airflow/example_dags/plugins/workday.py
[2025-10-06T22:53:16.817+0000] {processor.py:927} WARNING - No viable dags retrieved from /home/airflow/.local/lib/python3.12/site-packages/airflow/example_dags/plugins/workday.py
[2025-10-06T22:53:16.857+0000] {processor.py:208} INFO - Processing /home/airflow/.local/lib/python3.12/site-packages/airflow/example_dags/plugins/workday.py took 0.099 seconds
[2025-10-06T22:54:00.094+0000] {processor.py:186} INFO - Started process (PID=1648) to work on /home/airflow/.local/lib/python3.12/site-packages/airflow/example_dags/plugins/workday.py
[2025-10-06T22:54:00.097+0000] {processor.py:914} INFO - Processing file /home/airflow/.local/lib/python3.12/site-packages/airflow/example_dags/plugins/workday.py for tasks to queue
[2025-10-06T22:54:00.103+0000] {logging_mixin.py:190} INFO - [2025-10-06T22:54:00.102+0000] {dagbag.py:588} INFO - Filling up the DagBag from /home/airflow/.local/lib/python3.12/site-packages/airflow/example_dags/plugins/workday.py
[2025-10-06T22:54:00.110+0000] {processor.py:927} WARNING - No viable dags retrieved from /home/airflow/.local/lib/python3.12/site-packages/airflow/example_dags/plugins/workday.py
[2025-10-06T22:54:00.142+0000] {processor.py:208} INFO - Processing /home/airflow/.local/lib/python3.12/site-packages/airflow/example_dags/plugins/workday.py took 0.062 seconds
[2025-10-06T22:55:07.265+0000] {processor.py:186} INFO - Started process (PID=1748) to work on /home/airflow/.local/lib/python3.12/site-packages/airflow/example_dags/plugins/workday.py
[2025-10-06T22:55:07.268+0000] {processor.py:914} INFO - Processing file /home/airflow/.local/lib/python3.12/site-packages/airflow/example_dags/plugins/workday.py for tasks to queue
[2025-10-06T22:55:07.275+0000] {logging_mixin.py:190} INFO - [2025-10-06T22:55:07.274+0000] {dagbag.py:588} INFO - Filling up the DagBag from /home/airflow/.local/lib/python3.12/site-packages/airflow/example_dags/plugins/workday.py
[2025-10-06T22:55:07.283+0000] {processor.py:927} WARNING - No viable dags retrieved from /home/airflow/.local/lib/python3.12/site-packages/airflow/example_dags/plugins/workday.py
[2025-10-06T22:55:07.326+0000] {processor.py:208} INFO - Processing /home/airflow/.local/lib/python3.12/site-packages/airflow/example_dags/plugins/workday.py took 0.078 seconds
[2025-10-06T22:55:40.846+0000] {processor.py:186} INFO - Started process (PID=1812) to work on /home/airflow/.local/lib/python3.12/site-packages/airflow/example_dags/plugins/workday.py
[2025-10-06T22:55:40.849+0000] {processor.py:914} INFO - Processing file /home/airflow/.local/lib/python3.12/site-packages/airflow/example_dags/plugins/workday.py for tasks to queue
[2025-10-06T22:55:40.858+0000] {logging_mixin.py:190} INFO - [2025-10-06T22:55:40.857+0000] {dagbag.py:588} INFO - Filling up the DagBag from /home/airflow/.local/lib/python3.12/site-packages/airflow/example_dags/plugins/workday.py
[2025-10-06T22:55:40.868+0000] {processor.py:927} WARNING - No viable dags retrieved from /home/airflow/.local/lib/python3.12/site-packages/airflow/example_dags/plugins/workday.py
[2025-10-06T22:55:40.910+0000] {processor.py:208} INFO - Processing /home/airflow/.local/lib/python3.12/site-packages/airflow/example_dags/plugins/workday.py took 0.090 seconds
[2025-10-06T22:56:11.717+0000] {processor.py:186} INFO - Started process (PID=1874) to work on /home/airflow/.local/lib/python3.12/site-packages/airflow/example_dags/plugins/workday.py
[2025-10-06T22:56:11.722+0000] {processor.py:914} INFO - Processing file /home/airflow/.local/lib/python3.12/site-packages/airflow/example_dags/plugins/workday.py for tasks to queue
[2025-10-06T22:56:11.735+0000] {logging_mixin.py:190} INFO - [2025-10-06T22:56:11.734+0000] {dagbag.py:588} INFO - Filling up the DagBag from /home/airflow/.local/lib/python3.12/site-packages/airflow/example_dags/plugins/workday.py
[2025-10-06T22:56:11.755+0000] {processor.py:927} WARNING - No viable dags retrieved from /home/airflow/.local/lib/python3.12/site-packages/airflow/example_dags/plugins/workday.py
[2025-10-06T22:56:11.821+0000] {processor.py:208} INFO - Processing /home/airflow/.local/lib/python3.12/site-packages/airflow/example_dags/plugins/workday.py took 0.133 seconds
[2025-10-06T22:56:42.446+0000] {processor.py:186} INFO - Started process (PID=1938) to work on /home/airflow/.local/lib/python3.12/site-packages/airflow/example_dags/plugins/workday.py
[2025-10-06T22:56:42.456+0000] {processor.py:914} INFO - Processing file /home/airflow/.local/lib/python3.12/site-packages/airflow/example_dags/plugins/workday.py for tasks to queue
[2025-10-06T22:56:42.473+0000] {logging_mixin.py:190} INFO - [2025-10-06T22:56:42.472+0000] {dagbag.py:588} INFO - Filling up the DagBag from /home/airflow/.local/lib/python3.12/site-packages/airflow/example_dags/plugins/workday.py
[2025-10-06T22:56:42.493+0000] {processor.py:927} WARNING - No viable dags retrieved from /home/airflow/.local/lib/python3.12/site-packages/airflow/example_dags/plugins/workday.py
[2025-10-06T22:56:42.556+0000] {processor.py:208} INFO - Processing /home/airflow/.local/lib/python3.12/site-packages/airflow/example_dags/plugins/workday.py took 0.149 seconds
[2025-10-06T22:57:42.183+0000] {processor.py:186} INFO - Started process (PID=2013) to work on /home/airflow/.local/lib/python3.12/site-packages/airflow/example_dags/plugins/workday.py
[2025-10-06T22:57:42.186+0000] {processor.py:914} INFO - Processing file /home/airflow/.local/lib/python3.12/site-packages/airflow/example_dags/plugins/workday.py for tasks to queue
[2025-10-06T22:57:42.193+0000] {logging_mixin.py:190} INFO - [2025-10-06T22:57:42.192+0000] {dagbag.py:588} INFO - Filling up the DagBag from /home/airflow/.local/lib/python3.12/site-packages/airflow/example_dags/plugins/workday.py
[2025-10-06T22:57:42.202+0000] {processor.py:927} WARNING - No viable dags retrieved from /home/airflow/.local/lib/python3.12/site-packages/airflow/example_dags/plugins/workday.py
[2025-10-06T22:57:42.247+0000] {processor.py:208} INFO - Processing /home/airflow/.local/lib/python3.12/site-packages/airflow/example_dags/plugins/workday.py took 0.085 seconds
[2025-10-06T22:58:12.428+0000] {processor.py:186} INFO - Started process (PID=2076) to work on /home/airflow/.local/lib/python3.12/site-packages/airflow/example_dags/plugins/workday.py
[2025-10-06T22:58:12.431+0000] {processor.py:914} INFO - Processing file /home/airflow/.local/lib/python3.12/site-packages/airflow/example_dags/plugins/workday.py for tasks to queue
[2025-10-06T22:58:12.435+0000] {logging_mixin.py:190} INFO - [2025-10-06T22:58:12.434+0000] {dagbag.py:588} INFO - Filling up the DagBag from /home/airflow/.local/lib/python3.12/site-packages/airflow/example_dags/plugins/workday.py
[2025-10-06T22:58:12.442+0000] {processor.py:927} WARNING - No viable dags retrieved from /home/airflow/.local/lib/python3.12/site-packages/airflow/example_dags/plugins/workday.py
[2025-10-06T22:58:12.484+0000] {processor.py:208} INFO - Processing /home/airflow/.local/lib/python3.12/site-packages/airflow/example_dags/plugins/workday.py took 0.073 seconds
[2025-10-06T22:58:43.240+0000] {processor.py:186} INFO - Started process (PID=2139) to work on /home/airflow/.local/lib/python3.12/site-packages/airflow/example_dags/plugins/workday.py
[2025-10-06T22:58:43.242+0000] {processor.py:914} INFO - Processing file /home/airflow/.local/lib/python3.12/site-packages/airflow/example_dags/plugins/workday.py for tasks to queue
[2025-10-06T22:58:43.247+0000] {logging_mixin.py:190} INFO - [2025-10-06T22:58:43.246+0000] {dagbag.py:588} INFO - Filling up the DagBag from /home/airflow/.local/lib/python3.12/site-packages/airflow/example_dags/plugins/workday.py
[2025-10-06T22:58:43.256+0000] {processor.py:927} WARNING - No viable dags retrieved from /home/airflow/.local/lib/python3.12/site-packages/airflow/example_dags/plugins/workday.py
[2025-10-06T22:58:43.288+0000] {processor.py:208} INFO - Processing /home/airflow/.local/lib/python3.12/site-packages/airflow/example_dags/plugins/workday.py took 0.064 seconds
[2025-10-06T22:59:18.607+0000] {processor.py:186} INFO - Started process (PID=2208) to work on /home/airflow/.local/lib/python3.12/site-packages/airflow/example_dags/plugins/workday.py
[2025-10-06T22:59:18.609+0000] {processor.py:914} INFO - Processing file /home/airflow/.local/lib/python3.12/site-packages/airflow/example_dags/plugins/workday.py for tasks to queue
[2025-10-06T22:59:18.612+0000] {logging_mixin.py:190} INFO - [2025-10-06T22:59:18.611+0000] {dagbag.py:588} INFO - Filling up the DagBag from /home/airflow/.local/lib/python3.12/site-packages/airflow/example_dags/plugins/workday.py
[2025-10-06T22:59:18.619+0000] {processor.py:927} WARNING - No viable dags retrieved from /home/airflow/.local/lib/python3.12/site-packages/airflow/example_dags/plugins/workday.py
[2025-10-06T22:59:18.657+0000] {processor.py:208} INFO - Processing /home/airflow/.local/lib/python3.12/site-packages/airflow/example_dags/plugins/workday.py took 0.062 seconds
[2025-10-06T22:59:50.854+0000] {processor.py:186} INFO - Started process (PID=2272) to work on /home/airflow/.local/lib/python3.12/site-packages/airflow/example_dags/plugins/workday.py
[2025-10-06T22:59:50.857+0000] {processor.py:914} INFO - Processing file /home/airflow/.local/lib/python3.12/site-packages/airflow/example_dags/plugins/workday.py for tasks to queue
[2025-10-06T22:59:50.862+0000] {logging_mixin.py:190} INFO - [2025-10-06T22:59:50.860+0000] {dagbag.py:588} INFO - Filling up the DagBag from /home/airflow/.local/lib/python3.12/site-packages/airflow/example_dags/plugins/workday.py
[2025-10-06T22:59:50.873+0000] {processor.py:927} WARNING - No viable dags retrieved from /home/airflow/.local/lib/python3.12/site-packages/airflow/example_dags/plugins/workday.py
[2025-10-06T22:59:50.939+0000] {processor.py:208} INFO - Processing /home/airflow/.local/lib/python3.12/site-packages/airflow/example_dags/plugins/workday.py took 0.098 seconds
[2025-10-06T23:00:25.328+0000] {processor.py:186} INFO - Started process (PID=2344) to work on /home/airflow/.local/lib/python3.12/site-packages/airflow/example_dags/plugins/workday.py
[2025-10-06T23:00:25.330+0000] {processor.py:914} INFO - Processing file /home/airflow/.local/lib/python3.12/site-packages/airflow/example_dags/plugins/workday.py for tasks to queue
[2025-10-06T23:00:25.333+0000] {logging_mixin.py:190} INFO - [2025-10-06T23:00:25.333+0000] {dagbag.py:588} INFO - Filling up the DagBag from /home/airflow/.local/lib/python3.12/site-packages/airflow/example_dags/plugins/workday.py
[2025-10-06T23:00:25.340+0000] {processor.py:927} WARNING - No viable dags retrieved from /home/airflow/.local/lib/python3.12/site-packages/airflow/example_dags/plugins/workday.py
[2025-10-06T23:00:25.375+0000] {processor.py:208} INFO - Processing /home/airflow/.local/lib/python3.12/site-packages/airflow/example_dags/plugins/workday.py took 0.062 seconds
[2025-10-06T23:00:56.180+0000] {processor.py:186} INFO - Started process (PID=2406) to work on /home/airflow/.local/lib/python3.12/site-packages/airflow/example_dags/plugins/workday.py
[2025-10-06T23:00:56.183+0000] {processor.py:914} INFO - Processing file /home/airflow/.local/lib/python3.12/site-packages/airflow/example_dags/plugins/workday.py for tasks to queue
[2025-10-06T23:00:56.186+0000] {logging_mixin.py:190} INFO - [2025-10-06T23:00:56.185+0000] {dagbag.py:588} INFO - Filling up the DagBag from /home/airflow/.local/lib/python3.12/site-packages/airflow/example_dags/plugins/workday.py
[2025-10-06T23:00:56.193+0000] {processor.py:927} WARNING - No viable dags retrieved from /home/airflow/.local/lib/python3.12/site-packages/airflow/example_dags/plugins/workday.py
[2025-10-06T23:00:56.221+0000] {processor.py:208} INFO - Processing /home/airflow/.local/lib/python3.12/site-packages/airflow/example_dags/plugins/workday.py took 0.058 seconds
[2025-10-06T23:01:28.181+0000] {processor.py:186} INFO - Started process (PID=2469) to work on /home/airflow/.local/lib/python3.12/site-packages/airflow/example_dags/plugins/workday.py
[2025-10-06T23:01:28.183+0000] {processor.py:914} INFO - Processing file /home/airflow/.local/lib/python3.12/site-packages/airflow/example_dags/plugins/workday.py for tasks to queue
[2025-10-06T23:01:28.187+0000] {logging_mixin.py:190} INFO - [2025-10-06T23:01:28.186+0000] {dagbag.py:588} INFO - Filling up the DagBag from /home/airflow/.local/lib/python3.12/site-packages/airflow/example_dags/plugins/workday.py
[2025-10-06T23:01:28.194+0000] {processor.py:927} WARNING - No viable dags retrieved from /home/airflow/.local/lib/python3.12/site-packages/airflow/example_dags/plugins/workday.py
[2025-10-06T23:01:28.231+0000] {processor.py:208} INFO - Processing /home/airflow/.local/lib/python3.12/site-packages/airflow/example_dags/plugins/workday.py took 0.065 seconds
